Date,Close,High,Low,Open,Volume
2009-11-06,17.415019989013672,19.413854121217216,17.36549424531486,19.413854121217216,83973120
2009-11-09,17.85281753540039,18.221284660321928,17.533874872290525,17.533874872290525,31566192
2009-11-10,17.58736228942871,18.0806327163656,17.54774170573909,17.995448715345912,21006720
2009-11-11,18.276756286621094,18.94435594028802,17.462563734213354,17.462563734213354,24398304
2009-11-12,18.423349380493164,18.720499992661015,18.223267181169746,18.252982623256077,13624128
2009-11-13,18.678897857666016,18.95029532572852,18.32429690240962,18.375803158043176,13804896
2009-11-16,19.49110984802246,19.512900663318973,18.77992868160702,18.997839373702337,16953216
2009-11-17,19.35441780090332,19.568367430202404,19.083020356329175,19.55251945057636,11351760
2009-11-18,19.4118709564209,19.58025592294103,19.156320185032115,19.344516715899815,7395024
2009-11-19,19.633737564086914,19.7941991324325,19.342529861791366,19.415826917648698,10645152
2009-11-20,20.822341918945312,21.355231623709066,19.47921971204664,19.631757933209556,11953536
2009-11-23,21.430511474609375,21.50579160211962,20.800553310979726,20.826306437439275,10048752
2009-11-24,20.721311569213867,21.72766139403195,20.56283051210474,21.38692794646451,15084720
2009-11-25,22.543834686279297,22.793441309172383,20.800551907757185,20.90158261578132,17324160
2009-11-26,21.573144912719727,22.9776774141663,21.493903741067758,22.549780673331856,15091104
2009-11-27,21.78907585144043,22.187257167109554,21.038274102384246,21.16703974134706,11809728
2009-11-30,22.801368713378906,23.078710285671647,21.658328479745983,22.08424471545654,11576880
2009-12-01,22.81920051574707,23.13814322530372,22.52403168419139,22.761750151157756,9007488
2009-12-02,23.138145446777344,23.177763502321827,22.58742578253264,22.858823301274413,7970928
2009-12-03,23.35605239868164,24.11477498392646,22.995508600267126,23.153988414190447,8206128
2009-12-04,22.363571166992188,23.425389911294545,21.594940763572758,23.098525080257374,15133776
2009-12-07,22.654775619506836,23.039090764108312,22.486390654626508,22.781559473575303,6252960
2009-12-08,22.203105926513672,22.757786518204295,21.79105589094742,22.696375117167783,5536272
2009-12-09,21.92972755432129,22.28234674491785,21.83265913951855,22.088209915312365,3581760
2009-12-10,22.42299461364746,22.48242548651214,22.04264058209528,22.04264058209528,3668112
2009-12-11,22.066415786743164,22.636943059816172,21.991135660918403,22.46459707288682,3619392
2009-12-14,22.421018600463867,22.603269759111477,21.965386895149326,22.00500748502543,4800432
2009-12-15,22.28631019592285,22.51610657104758,22.163487382531617,22.444790016848465,2732688
2009-12-16,21.428531646728516,22.27838357783473,21.317597051566157,22.191220318902865,7882896
2009-12-17,20.481611251831055,21.41070181410697,20.400390827187767,21.39485510304175,5486544
2009-12-18,20.501419067382812,20.859981014070836,19.85561171300684,20.05371208172714,4683168
2009-12-21,20.501419067382812,20.501419067382812,20.501419067382812,20.501419067382812,0
2009-12-22,21.097705841064453,21.507774111317588,20.71537122126745,20.959035049653522,7655760
2009-12-23,21.626630783081055,21.789074162518975,21.11751363999571,21.11751363999571,6863472
2009-12-24,22.484411239624023,22.51610720470114,21.53352720904962,21.571167278448257,7406448
2009-12-25,22.484411239624023,22.484411239624023,22.484411239624023,22.484411239624023,0
2009-12-28,22.44478988647461,22.668642156144823,22.048589066896785,22.230840225120023,4217472
2009-12-29,22.385356903076172,22.579496251337442,22.149618986398306,22.448748825134935,2501190
2009-12-30,22.302154541015625,22.47450307362908,22.072358190284405,22.30611812307449,3116400
2009-12-31,22.581478118896484,22.781559043516907,22.246688717088702,22.38733875906257,3030048
2010-01-04,22.484411239624023,22.811276038177457,22.36158842277628,22.811276038177457,2577456
2010-01-05,22.636945724487305,22.7577880130055,22.38139749609545,22.38932212171457,2828448
2010-01-06,21.854446411132812,22.680526950749986,21.812845305947196,22.55968467792322,3592176
2010-01-07,21.117517471313477,21.85445056793701,21.01846599292205,21.85445056793701,5563824
2010-01-08,21.238351821899414,21.277971131237585,21.006573720533588,21.060060486400772,2790480
2010-01-11,21.656347274780273,21.68210167139458,21.058083788211025,21.236373886512013,3429888
2010-01-12,22.581478118896484,22.801369337732424,21.497868736611064,21.652387508013945,5780880
2010-01-13,22.51412582397461,22.777598682321358,22.104056276217666,22.183297455452333,5003712
2010-01-14,22.860795974731445,23.16785039978611,22.306115457101548,22.50421582333578,5782224
2010-01-15,22.545820236206055,23.05889972687473,22.424977954015795,23.05889972687473,3696672
2010-01-18,22.42498207092285,22.682513393860592,22.308103349442472,22.549785419062225,2904384
2010-01-19,22.35762596130371,22.573553598827008,22.22687852669662,22.573553598827008,2702112
2010-01-20,21.256183624267578,22.419032814933594,21.054122195239767,22.35762395504546,6286224
2010-01-21,21.49390411376953,21.592955580052035,21.14722906004103,21.25618440338672,2099328
2010-01-22,20.94318199157715,21.274010273504846,20.70348053409073,21.198731426849246,3431904
2010-01-25,21.394855499267578,21.410702210626273,20.753010367506885,20.753010367506885,2816688
2010-01-26,21.305709838867188,21.905955150182255,21.24826201710684,21.390895119408096,4113312
2010-01-27,21.22052764892578,21.64842313265434,21.19675504282499,21.394855438592973,2542176
2010-01-28,21.464191436767578,21.47211352284866,20.80253474466741,21.355234822721012,2545872
2010-01-29,21.400802612304688,21.640504150961192,21.2264722584991,21.264112329355363,1698480
2010-02-01,21.456268310546875,21.692008787922035,21.077895995490536,21.291844386794885,2116128
2010-02-02,21.390893936157227,21.80096090867742,21.327499474873182,21.592955370631646,1970189
2010-02-03,20.780742645263672,21.37504379503088,20.285491687124335,21.357214024190164,4841088
2010-02-04,20.663864135742188,20.86592684556636,20.535099766267592,20.691599054652325,1640016
2010-02-05,20.40435218811035,20.582643559935445,20.20625179236254,20.40435218811035,3292800
2010-02-08,20.198331832885742,20.402375097075033,19.849674925398066,20.204274668018304,13664784
2010-02-09,21.03827476501465,21.151192426551237,20.40435296660924,20.40435296660924,8242080
2010-02-10,21.157133102416992,21.171000560885773,20.756970023868604,21.05808291086927,3075072
2010-02-11,21.167037963867188,21.200715714105602,20.93922214550167,20.93922214550167,3068352
2010-02-12,21.711814880371094,21.727664130686676,21.058084087455978,21.17694457786738,4175472
2010-02-22,21.12742042541504,21.55729897265015,20.959034199198985,21.55333539044778,3430560
2010-02-23,20.998655319213867,21.18486878310952,20.743105825884456,21.075914704558134,2981328
2010-02-24,21.763320922851562,21.78907531958056,20.846117300212864,20.998654272143874,4950624
2010-02-25,21.969345092773438,22.30611752396753,21.65238549308137,21.749453894400187,3772608
2010-02-26,22.242725372314453,22.385358476537363,21.80690651230939,21.9653863285958,3592848
2010-03-01,22.36554527282715,22.77957580206216,22.2070654771556,22.242722479007966,5995920
2010-03-02,21.969345092773438,22.345735569581528,21.74747337298899,22.335830423395524,5487888
2010-03-03,22.652795791625977,23.243135986733297,21.95944307715065,21.965387181361656,10647168
2010-03-04,22.42498207092285,22.781562340140884,22.088212098787,22.65279794823732,8854944
2010-03-05,21.577104568481445,22.008964863612707,20.701502119756142,20.99865268565241,16399152
2010-03-08,21.125438690185547,21.787095389322754,20.998654841977984,21.313633940955555,7279776
2010-03-09,20.988750457763672,21.29580621216763,20.95507270338168,21.125439457774654,5156592
2010-03-10,21.559276580810547,21.614743871976636,20.800551578511975,21.054120509555958,8609664
2010-03-11,21.692005157470703,21.965383117997405,21.305707011736562,21.434473906691245,4616640
2010-03-12,21.00063705444336,21.765306326601205,21.00063705444336,21.751437596434826,4229904
2010-03-15,21.186851501464844,21.287882228527153,20.80055582740312,21.012523698588364,3265920
2010-03-16,20.986770629882812,21.285903056252078,20.800557146033057,21.186852844583598,1213632
2010-03-17,21.194774627685547,21.226470591500895,20.90158632761099,21.09374390171977,2594928
2010-03-18,21.050161361694336,21.232413780560883,21.00856025228387,21.00856025228387,2150400
2010-03-19,21.077892303466797,21.13732317759786,20.959031824769617,21.038271720712757,1683024
2010-03-22,21.214584350585938,21.29976836191292,21.077895351621287,21.077895351621287,3272976
2010-03-23,21.101665496826172,21.343348787704688,21.09176161982993,21.25618425970432,2339232
2010-03-24,21.34334945678711,21.50975389292932,21.075914299943594,21.09770511523553,2861712
2010-03-25,21.56521987915039,21.775208472223614,21.204677379311992,21.293823695731476,4811520
2010-03-26,21.41466522216797,21.577106070134267,20.99865414704803,21.569183984231106,2852304
2010-03-29,21.41466522216797,21.525602355243322,21.3076916711743,21.49390385511028,2641968
2010-03-30,21.41466522216797,21.41466522216797,21.41466522216797,21.41466522216797,0
2010-03-31,22.147634506225586,22.2902675912807,21.612764245963806,21.612764245963806,6059088
2010-04-01,22.387338638305664,22.551762555929404,21.979252165753778,22.143676083377517,4979184
2010-04-02,22.306119918823242,22.623079552545104,21.941615070477955,22.28630962432434,5103168
2010-04-06,22.33781623840332,22.619118869991095,22.16744821082206,22.619118869991095,3993024
2010-04-07,23.48679542541504,23.673010144141703,22.389319944741544,22.389319944741544,12091296
2010-04-08,24.16826629638672,24.663516073165837,23.346149178585538,23.375862083105318,10819872
2010-04-09,24.47928237915039,25.15084170191787,23.99195472930846,24.14845402173739,7938336
2010-04-12,24.92104148864746,25.192438921722545,24.5248407452183,24.564461327387185,6219024
2010-04-13,24.960664749145508,25.2776243622473,23.375859066246193,25.039903382855893,11909184
2010-04-14,25.053768157958984,25.152817069249036,24.623888417918778,25.059709721506337,4767840
2010-04-15,25.05574607849121,25.402421040717996,24.411919334977565,24.960658219435665,5422368
2010-04-16,26.941669464111328,27.115998525963448,24.762565077915507,25.039904112680492,9890160
2010-04-19,27.040725708007812,27.83312744291356,26.674240286483503,26.921863924293564,10620624
2010-04-20,29.266544342041016,29.485739671997948,27.100497268590637,28.033072880991384,13497456
2010-04-21,29.093189239501953,29.692986328168384,28.491397399044924,29.2127491960572,8675520
2010-04-22,29.282487869262695,30.464149466122638,28.953693587831523,29.089196205772424,8241814
2010-04-23,28.818191528320312,29.7308426583569,28.78232431439052,28.828155068983992,6592965
2010-04-26,27.80192756652832,29.162930580283206,27.718234833301228,28.636862701169925,6171684
2010-04-27,28.206438064575195,28.228357342631924,27.130388472040323,27.58272707629119,6820440
2010-04-28,28.911846160888672,28.993546678910484,27.700296541461483,27.99521324194112,5345316
2010-04-29,27.421323776245117,29.077243427380857,27.36353472481423,28.877975151787016,4236966
2010-04-30,26.682031631469727,27.688336341994297,26.199802453571216,27.301758164129147,6353736
2010-05-04,26.678050994873047,27.29379066603202,26.147996242301097,26.50269420891176,3311263
2010-05-05,28.34792709350586,28.68867464345399,26.42299409284544,26.434949833568215,5429494
2010-05-06,28.0828914642334,28.49537846508701,27.63055285548926,28.19846700154378,4480338
2010-05-07,27.897573471069336,28.7345007262834,27.349586360288423,27.501031677664884,4411310
2010-05-10,26.7418155670166,28.184518852197247,25.705620133660776,27.9174980121764,5685378
2010-05-11,26.303428649902344,27.299770063739686,26.130066597567343,27.180210115718975,3122864
2010-05-12,25.92481803894043,26.699971855014255,25.657797172448,25.904890956121633,3990614
2010-05-13,26.964994430541992,27.000864196547315,25.70761150513469,26.203791204815833,3207734
2010-05-14,27.279842376708984,27.658454404282953,26.568454188765884,26.751782332989013,4211954
2010-05-17,26.36320686340332,27.277847639560544,26.30541781655047,26.87931111994484,4851084
2010-05-18,26.680042266845703,26.801596949806093,25.70562026818487,26.30342503431488,4131624
2010-05-19,27.67837905883789,28.212418202311138,26.20976949871211,26.502694020985473,5357254
2010-05-20,27.568782806396484,28.5950148333676,27.371506723560774,27.371506723560774,6039237
2010-05-21,29.471797943115234,29.67305843229898,26.899242485830428,27.000870106290346,7268943
2010-05-24,29.840436935424805,30.486067173169126,29.230676463165693,29.609285873338358,7887220
2010-05-25,28.69464874267578,30.08753443447705,28.656786775298208,29.491721822230808,6374585
2010-05-26,28.345932006835938,29.093190057130716,28.196481418416848,28.830156102037243,3770440
2010-05-27,28.345932006835938,28.345932006835934,28.345932006835934,28.345932006835934,0
2010-05-28,29.093189239501953,29.65113996025911,28.634871390190902,29.252603366275483,5108181
2010-05-31,29.190820693969727,30.069594142523012,28.89391181699503,29.095172248114096,5438291
2010-06-01,30.227022171020508,30.58769930603757,28.943732848006814,28.943732848006814,7258265
2010-06-02,30.28879165649414,30.663416678893608,29.402046801154757,30.09151560516255,5291855
2010-06-03,30.149311065673828,30.54983984520458,29.944063627732447,30.488066394059107,3438805
2010-06-04,29.690990447998047,29.98989157936421,29.099162223498166,29.914170197800715,3598560
2010-06-07,29.651132583618164,29.820510210808315,29.013473681061914,29.172887768176235,3680238
2010-06-08,30.358543395996094,30.567775232624818,29.292457128021216,29.671066631616128,3911480
2010-06-09,32.87928771972656,33.38542850359285,30.65345899188805,30.663422533922397,7509384
2010-06-10,32.97493362426758,33.35354308390559,32.58038147697568,32.68001688956425,2930464
2010-06-11,32.18184280395508,33.19412677997166,32.07224641146366,33.038697079084564,3542861
2010-06-15,32.18184280395508,32.18184280395508,32.18184280395508,32.18184280395508,0
2010-06-17,31.801240921020508,32.63816810834432,31.51429299731001,32.30339723341479,3219145
2010-06-18,29.34227180480957,32.08021773082665,29.093185824284834,31.55414989717872,6138615
2010-06-21,29.965978622436523,30.24893960618252,29.00351232741118,29.089197246063286,3835369
2010-06-22,30.12738800048828,30.667403749645285,29.633200453378873,29.790622357921215,2691823
2010-06-23,30.55382537841797,30.88261973089597,29.8683433514953,29.950043890188606,2215026
2010-06-24,30.78696632385254,30.98623459031279,30.340604283177928,30.340604283177928,2100779
2010-06-25,30.01180648803711,30.996191883504157,29.55149660434671,30.458165884640795,2946777
2010-06-28,29.531578063964844,30.089528748073818,29.471796812564065,29.694976575387766,1818875
2010-06-29,28.49538230895996,29.790624869649523,28.37980675605906,29.493715920153956,3979473
2010-06-30,29.272523880004883,29.372156729084438,28.172562821048032,28.19647429617128,2869241
2010-07-01,29.930110931396484,30.089525027990152,28.895907669702808,29.192816584239708,2441103
2010-07-02,29.292455673217773,29.870333442325606,28.597007598624664,29.870333442325606,2625030
2010-07-05,30.256916046142578,30.39839783889637,28.89591299699082,29.093189095313924,2560135
2010-07-06,30.378467559814453,30.886600511853985,29.93011330242119,30.049673245813043,2931579
2010-07-07,30.448211669921875,30.64747995723893,30.14931051599604,30.567774174771795,2350931
2010-07-08,31.16557502746582,31.27915837082166,30.42429627669545,30.786965585679116,3184315
2010-07-09,31.245281219482422,31.88294017625344,30.687330590094973,31.167567643562787,3932036
2010-07-12,30.12738800048828,31.382778842066145,29.81054943992396,31.287127826813276,6980688
2010-07-13,30.290790557861328,30.488066652855387,29.394084518024087,29.89026177493071,2641978
2010-07-14,30.231006622314453,30.468134291489704,29.900220138931665,30.26886603335886,1907754
2010-07-15,30.683349609375,31.14565182980013,30.30075317110279,30.486073520429912,3209166
2010-07-16,31.5441837310791,31.582045696011416,30.302740880766414,30.587696608206265,2758670
2010-07-19,32.28147888183594,32.554476324195605,31.15561154119561,31.15561154119561,3903469
2010-07-20,32.34724044799805,32.56045667010023,31.88294347944455,32.28148260355336,3489850
2010-07-21,32.257564544677734,33.07855161538995,32.24162441199839,32.38111142786394,3144207
2010-07-22,32.640167236328125,33.05663872113786,32.25757077484129,32.27949005782079,1755270
2010-07-23,32.640167236328125,32.87928970549494,32.02243525518868,32.703932887559326,2342007
2010-07-26,33.8756217956543,34.096809315860554,32.500668618119654,32.500668618119654,4946420
2010-07-27,34.27416229248047,34.81218584614113,33.57273768746474,33.83377939769583,2918042
2010-07-28,34.53719711303711,34.64878826477318,33.89555373727811,34.054967843973,2227925
2010-07-29,34.48339080810547,34.971599164076075,33.95533084589354,34.53719290292527,2395800
2010-07-30,34.124717712402344,34.50930382315431,33.931426004058395,34.1107672200468,1888602
2010-08-02,35.37412643432617,35.37412643432617,33.875628635570315,34.27217300510522,3025995
2010-08-03,34.7723274230957,35.5454888612659,34.7723274230957,35.39005918401329,1565017
2010-08-04,35.111087799072266,35.51560345872297,34.77233252867156,34.77233252867156,1816224
2010-08-05,34.17053985595703,35.70889157315762,33.87562315055311,35.0871753443088,5595713
2010-08-06,34.54317855834961,35.03138445222466,33.90153258578896,34.0549701103751,2657004
2010-08-09,35.47774124145508,35.667045956402866,34.5451656017431,34.55313694494384,2949058
2010-08-10,34.417633056640625,35.868305085273775,34.37379450180318,35.868305085273775,2338062
2010-08-11,35.12703323364258,35.33028590096403,34.174527877587295,34.174527877587295,2195292
2010-08-12,35.14297866821289,35.71886429227178,34.672705065685584,35.027403103851924,2425513
2010-08-13,36.420284271240234,36.446190500856126,34.971604233216645,35.170872509703095,3122968
2010-08-16,37.16355514526367,37.55810730189182,36.12536740284045,36.62553156685201,3387834
2010-08-17,38.79755783081055,39.24790431419996,36.96428907338903,37.24326569777255,3771724
2010-08-18,39.570716857910156,39.85367785858112,38.06225558681991,38.45879993807207,3787140
2010-08-19,38.6580696105957,39.82378867463879,38.514595630556755,39.47506982042407,3201777
2010-08-20,36.266849517822266,37.66173011365357,35.77465665859566,36.900524166729575,9254683
2010-08-23,36.34654998779297,36.661393769401286,36.06757341819994,36.167208819518514,2295306
2010-08-24,36.938377380371094,37.233294075636536,35.669036185872095,36.067572674733334,2445656
2010-08-25,35.57936477661133,37.06391425917363,35.46976584390132,37.06391425917363,1929500
2010-08-26,36.28279495239258,36.38641477839622,35.57937800834068,35.57937800834068,2176137
2010-08-27,38.0004768371582,38.43886749038121,35.8722917597092,36.087500137848416,4307674
2010-08-30,39.27779006958008,39.65241511909752,37.92077419490351,38.00047996762904,3561546
2010-08-31,39.152252197265625,39.97323930499498,38.97689795939074,39.15623914618958,3514980
2010-09-01,38.558433532714844,39.21601701919656,37.71751936024384,39.05660291805249,2457702
2010-09-02,38.61821746826172,38.89719409872021,38.351199131849626,38.55445181914541,1733424
2010-09-03,37.07587814331055,38.596295169152846,37.0639224042982,38.504631097925696,4214935
2010-09-06,37.06391906738281,38.25952861836639,36.84273153031977,37.26717172049236,2951256
2010-09-07,37.133663177490234,37.25920226332158,36.86265792355914,37.10178035668065,1765680
2010-09-08,36.5318717956543,37.12967656571434,35.87627797964656,37.12967656571434,5317764
2010-09-09,37.322967529296875,37.66172537035087,36.356516819502914,36.85867315777426,3501697
2010-09-10,38.63814163208008,38.8473734505825,37.15957096602944,37.46245905348529,3744246
2010-09-13,38.857330322265625,39.216012648387775,38.259525594029085,38.795556886063636,3050295
2010-09-14,39.3973503112793,39.95330870767354,38.458795543701356,38.84537630935922,4470829
2010-09-15,39.03667449951172,40.05493762279566,39.03667449951172,39.30170314731943,3991757
2010-09-16,37.79324722290039,39.04664607601059,37.66173152468066,38.86132571495592,3358592
2010-09-17,38.857330322265625,38.996817325957814,37.7972234751874,37.82113494916917,1813482
2010-09-20,38.78559875488281,39.25388008457134,38.45879919986372,38.853351346077815,1408438
2010-09-21,41.64311218261719,41.6470991320528,38.83741336735712,38.83741336735712,5028660
2010-09-27,41.76666259765625,41.76666259765625,40.21237027922656,41.298381171832006,4694632
2010-09-28,41.66701889038086,42.54379770040589,40.94965162316133,41.56738348350351,2112657
2010-09-29,40.509273529052734,41.64709672868514,40.45148447541755,41.64709672868514,2375140
2010-09-30,40.848026275634766,41.16884923858489,40.43753399564033,40.509270981735334,1805002
2010-10-08,42.66336441040039,42.862635243873875,40.650754533311954,40.650754533311954,2475083
2010-10-11,41.049285888671875,42.71915329625343,40.35184572221999,42.66335900241294,2441691
2010-10-12,39.75005340576172,41.20869935343563,39.25586844957614,41.20869935343563,3414196
2010-10-13,39.056602478027344,40.0529437915767,38.89718837867928,39.81382391960419,2229571
2010-10-14,37.66172409057617,38.85733364942328,36.90051826538854,38.85733364942328,6450531
2010-10-15,41.24656677246094,41.42790272956578,37.90085221269922,37.90085221269922,7920165
2010-10-18,39.01675033569336,40.65075323947299,38.85733622808781,39.85367759324664,3176930
2010-10-19,39.419273376464844,39.85367713394602,38.45879923879918,39.05660405100497,3267206
2010-10-20,39.61455535888672,40.441521633443344,38.63415667648699,38.773643702098084,3575113
2010-10-21,39.562740325927734,40.01308669109445,39.25586535343532,39.85367005952485,1471206
2010-10-22,40.533180236816406,40.68661774183232,39.31565139967844,39.49499257803386,3612016
2010-10-25,41.876251220703125,42.232941384459814,40.45148020892013,40.45148020892013,2635372
2010-10-26,41.647090911865234,42.001788866149276,41.14891899640811,41.84635916722827,1485781
2010-10-27,41.84636306762695,43.00211854563793,41.09512072987016,41.7566911950109,1717212
2010-10-28,40.63282012939453,41.74672928794617,39.853679334390414,41.74672928794617,2525238
2010-10-29,41.447818756103516,41.84635522932577,39.853670309115635,41.74671983397079,1662410
2010-11-01,42.643436431884766,43.24124381155734,41.2166756836806,41.22464447357275,2485398
2010-11-02,43.739410400390625,44.00842346418508,42.60358200499058,42.61155334893322,3100601
2010-11-03,45.03464889526367,46.63079216007539,43.63977373484968,43.72745084314345,4110096
2010-11-04,45.13429260253906,46.02104015914437,43.864951171211715,44.81546437360402,2071359
2010-11-05,45.393341064453125,46.01704698156311,45.03465358881755,45.03465358881755,2106014
2010-11-08,47.226600646972656,47.28638188478698,45.40329588052555,45.40329588052555,2709026
2010-11-09,49.35878372192383,49.577981643354306,46.05491307740471,47.07317633065048,3035061
2010-11-10,50.81144714355469,52.507226101184095,48.92039196385758,49.02002738060526,3619953
2010-11-11,50.55838394165039,52.40759812797923,50.14590194166733,50.791532382414076,2039042
2010-11-12,49.53812026977539,51.84564660670835,48.468044711115596,50.73572199451123,3025313
2010-11-15,50.317256927490234,51.51087422265509,49.538118815648986,50.37504597113011,2245797
2010-11-16,48.51587677001953,51.211978852054735,47.800504213465736,50.43084334747693,3248642
2010-11-17,46.031002044677734,49.2691148766126,45.235921100269664,47.82441916824149,3585086
2010-11-18,46.031002044677734,46.031002044677734,46.031002044677734,46.031002044677734,0
2010-11-19,50.63409423828125,50.63409423828125,47.44580217476719,47.50557830898969,4903405
2010-11-22,55.6974983215332,55.6974983215332,52.20830818321759,52.20830818321759,3175314
2010-11-23,54.177085876464844,56.552367417164554,53.403924312755024,55.94260689932608,4520594
2010-11-24,54.10535430908203,54.74899243179796,52.58294257721169,53.80246367736926,4781364
2010-11-25,51.87553024291992,54.39826985938202,51.74401458534536,54.36040789814754,4229141
2010-11-26,52.905757904052734,53.03926577475391,51.841664008520425,51.909414042539005,2979607
2010-11-29,53.003395080566406,54.15118167695659,52.21030644315859,52.606850761862496,3070942
2010-11-30,51.00473403930664,53.00140094075641,49.817093324023325,52.56699467285443,3744494
2010-12-01,50.41490173339844,51.008719549934995,49.815102216848416,50.61615963163087,2649299
2010-12-02,51.012718200683594,51.8695727031299,50.33520747660028,50.93300985474448,2304234
2010-12-03,50.61416244506836,51.65036033415461,50.21761817131003,50.654016602971495,1527593
2010-12-06,47.93998718261719,50.61018550628751,47.83039078633777,50.5743157372512,2952714
2010-12-07,48.98015594482422,49.21927575251271,47.198697797544284,48.043593574000155,1873888
2010-12-08,48.3245735168457,49.470362732520066,48.242873000067156,48.62347460717833,1872937
2010-12-09,47.93998718261719,48.82075296398701,47.82441419423118,48.34051590952806,1265470
2010-12-10,47.92404556274414,48.22295179770612,47.270446457051236,47.46573288553276,1297403
2010-12-13,48.55174255371094,49.318927585796665,47.66500013199785,48.2070106589708,3140544
2010-12-14,47.7227783203125,48.54973930487171,47.34217674122104,48.54973930487171,2646614
2010-12-15,48.01770782470703,49.00607789785809,47.44580920474924,47.7247832691825,3327777
2010-12-16,48.82075119018555,49.21331111335811,48.224941168988124,48.85662095791861,2550236
2010-12-17,45.69424057006836,48.874564462327,45.41127698928388,48.874564462327,9143416
2010-12-20,43.839046478271484,46.150562577886916,43.041973370320974,45.75202602391166,9842427
2010-12-21,44.257511138916016,44.83539145423441,43.44051092896173,43.91078703628403,4588795
2010-12-22,43.93867874145508,44.787564247864786,43.60988444785011,44.25750694012137,3517379
2010-12-23,43.00211715698242,44.2176538441511,42.84270305380112,43.8390443913083,3554167
2010-12-24,41.84636306762695,42.84270443730871,41.62118856440624,42.30866525883134,3186654
2010-12-27,42.37642288208008,43.26117836544356,41.862310694384846,42.08549304009268,3199392
2010-12-28,43.02204132080078,43.44050490957781,40.650749353796975,42.384382397231064,3108151
2010-12-29,43.538150787353516,43.540142984736754,42.44615844092017,42.988171496419966,2804084
2010-12-30,43.041969299316406,43.54014122171695,42.747052583760514,43.524198535098144,2560477
2010-12-31,44.636112213134766,44.65603929295187,42.75502090856996,43.002112100923945,4335841
2011-01-04,44.636112213134766,44.636112213134766,44.636112213134766,44.636112213134766,0
2011-01-05,46.349822998046875,47.82042726026548,45.43318749631339,45.43318749631339,8897518
2011-01-06,45.66035461425781,46.7463677593978,44.47471117221181,46.1067191858452,3112189
2011-01-07,46.6287956237793,46.82407690209752,45.046602994592746,45.333550875213426,2230744
2011-01-10,41.96592330932617,46.58297121598107,41.96592330932617,46.42953625303953,5291049
2011-01-11,40.85002136230469,41.94599558289999,39.46112004854349,41.84636272380009,6242658
2011-01-12,39.853675842285156,40.85001971776915,38.65806625662338,40.65075145349219,4685758
2011-01-13,41.30833435058594,41.6072380198024,39.85367527581067,39.85567002724543,3821855
2011-01-14,42.04562759399414,42.46409118737233,39.85367422196598,41.3481874203308,2608092
2011-01-17,41.34619903564453,43.12367337276401,41.25254276781898,41.822451718738115,3032205
2011-01-18,42.31065368652344,43.13961208417597,40.487348759342616,41.35017961900424,2756943
2011-01-19,43.27710723876953,43.76930259732629,42.24689087288572,42.24689087288572,2417960
2011-01-20,43.00410461425781,43.83704736198038,41.44782061271145,43.50028430797352,2030374
2011-01-21,43.00410461425781,43.00410461425781,43.00410461425781,43.00410461425781,0
2011-01-24,41.94599533081055,43.44050864112149,40.571044515620066,43.00411013131047,2289302
2011-01-25,42.18511199951172,42.240908844579245,40.94964837677194,41.05924731564828,1548765
2011-01-26,42.643436431884766,42.90846510238141,41.56738672421319,42.06555868924056,1586823
2011-01-27,42.753028869628906,43.00809652910925,41.70686988335578,42.11138554274775,1757142
2011-01-28,42.145267486572266,42.72912441756835,42.13929089372492,42.264829992713175,990853
2011-01-31,41.74673080444336,42.44217889529869,41.04929307007668,41.86031416335667,1585725
2011-02-01,40.232295989990234,41.64510901049202,39.67434269375194,41.64311425862498,3345081
2011-02-09,40.19243240356445,40.62085954127489,39.85566932857744,39.87360165838271,2429374
2011-02-10,41.647090911865234,41.647090911865234,39.45513754877277,40.11272355770051,3288516
2011-02-11,42.24489974975586,42.320621132190475,41.24855837690768,41.519563638978276,3237215
2011-02-14,42.62350845336914,43.04197207788777,42.175154205085,42.244898993871196,2322294
2011-02-15,42.24489974975586,43.022045765167505,42.18511850115517,42.641444101428306,1871016
2011-02-16,42.99016189575195,43.02602655534869,42.244896210447074,42.344529062334914,1862696
2011-02-17,43.839046478271484,44.70785912869278,42.657384752882066,42.84270509333334,4061940
2011-02-18,44.855316162109375,45.25385270419385,43.84901126564112,43.84901126564112,5580751
2011-02-21,44.67797088623047,45.51091385744509,44.64409841694233,44.85532245631265,2187286
2011-02-22,44.43685531616211,45.09443886385092,43.79919374403463,44.430878723493706,2141724
2011-02-23,44.229610443115234,44.556412534747246,43.24124048713794,43.908790051641105,1594716
2011-02-24,45.393341064453125,45.632460940011775,44.11802314234405,44.1379502243238,2624707
2011-02-25,45.52884292602539,45.83172845419219,44.90513187618618,45.62249663927479,2020391
2011-02-28,45.03464889526367,45.63046398698335,43.868932599634505,45.253846774195964,2992177
2011-03-01,45.40928268432617,45.61253791696711,44.08215729589151,44.29338131875412,6334188
2011-03-02,45.453121185302734,45.49297535275471,44.542467251162,45.21400128878974,1464150
2011-03-03,45.21200180053711,45.81180130494942,44.552421054586915,45.25384815879383,1251267
2011-03-04,45.2558479309082,45.612538134408524,44.63412904468906,44.63612124225397,1461348
2011-03-07,44.546443939208984,45.45311332137983,44.23757674899326,45.269790312656404,3298263
2011-03-08,44.43685531616211,44.74572256034575,44.137954167958,44.5683710040601,1228009
2011-03-09,45.2438850402832,45.393340708057146,44.297361424172294,44.522535916316095,2282542
2011-03-10,45.84368133544922,46.700535576733756,44.837376545179865,45.33355625003993,2472529
2011-03-11,45.21399688720703,46.19041367832854,45.21200468984826,45.678291252164975,761026
2011-03-14,45.17414093017578,45.77194825182646,45.05258624692634,45.23192997588099,953074
2011-03-15,44.23558807373047,45.41326277653234,43.440507212897025,45.17414290235166,2070828
2011-03-16,44.17780303955078,44.50659736609744,43.91875605996786,44.23559209302967,879758
2011-03-17,44.12399673461914,45.034650527045585,43.619848235464836,44.15786919594295,2508226
2011-03-18,43.954620361328125,44.7377429034459,43.90878960703849,43.90878960703849,1095020
2011-03-21,43.34086990356445,44.63611484340733,42.84270054107809,43.95461991153931,1365194
2011-03-22,42.818782806396484,43.63578534531716,42.40829061699739,43.04196250513703,1453116
2011-03-23,42.96226501464844,43.24522857299915,42.24689243701066,42.80285090396443,1631575
2011-03-24,43.44049835205078,43.759326488657656,42.50991505681263,42.50991505681263,1154519
2011-03-25,43.58597183227539,44.436849513793916,43.46242495073414,43.635792089270005,1614611
2011-03-28,42.24489974975586,44.39500696092055,41.846363200616594,43.83904594631294,2113594
2011-03-29,42.28475570678711,43.008102204840114,42.14526612080969,42.15921661186709,1746007
2011-03-30,40.94965362548828,42.84270346183076,40.0589242824867,42.244898653633015,2491308
2011-03-31,41.567378997802734,41.645095117600235,40.850014362096,41.24855083839948,2279635
2011-04-01,41.26051330566406,41.54546649850675,40.88389604425333,41.54347430107904,969998
2011-04-06,40.5770263671875,41.54746417365892,40.42757578301559,41.22863592021224,1442394
2011-04-07,40.45147705078125,40.8360656096108,39.4571280148679,40.47738327651432,3254398
2011-04-08,40.24424743652344,40.311997477982004,39.87360674375783,40.15258336210942,1023180
2011-04-11,41.84636306762695,42.23294387663738,40.33192265325109,40.41362318192585,2971923
2011-04-12,42.181129455566406,42.840707652621425,41.228626748403286,41.69292108735323,1669627
2011-04-13,42.34453201293945,42.639451302751596,41.85034700546661,41.906143858346915,1273040
2011-04-14,42.06555938720703,42.743072555737974,41.9220854093771,42.34453344464379,1072824
2011-04-15,41.647090911865234,42.32260925036531,41.641111765941744,42.06555450353752,1205215
2011-04-18,41.64311218261719,41.772638234333044,40.25421326686245,41.44982303502677,1318369
2011-04-19,42.04562759399414,42.17714326385639,40.4853565606982,41.451807220033885,1373820
2011-04-20,42.94232940673828,43.11370433063891,41.45180329806477,41.85631891809007,1376329
2011-04-21,43.44049835205078,43.613860353174935,42.44415723253096,42.44415723253096,1631112
2011-04-22,43.44049835205078,43.44049835205078,43.44049835205078,43.44049835205078,0
2011-04-25,45.39134216308594,45.829732843029944,44.046282055434226,44.23757897079554,4083912
2011-04-26,46.00509262084961,46.25018908227505,44.462753882931956,45.43318895839429,2924439
2011-04-27,45.37142562866211,46.150569068776974,44.83539672322538,46.0868034155005,2508733
2011-04-28,44.44283676147461,45.49298039816366,43.845034399793285,45.064555712838676,1586823
2011-04-29,46.82607650756836,46.86194627537035,44.442826201802184,44.66600848961716,4687740
2011-05-03,45.965232849121094,47.20667301617537,45.37739167977804,47.20667301617537,2096445
2011-05-04,45.23392105102539,45.90545497995971,44.81147307424983,45.53282215033669,1380395
2011-05-05,46.509246826171875,47.071184462478115,44.94498861825894,44.98484278607064,2576925
2011-05-06,46.814117431640625,47.02733872938355,45.07052084261579,46.399643344350835,1982685
2011-05-09,46.951622009277344,47.625148251257606,46.26613747366121,46.8300673081415,1674852
2011-05-10,45.5328254699707,47.02734129188304,45.443156155279446,46.64075794526578,1668381
2011-05-11,45.61253356933594,46.83006243517776,45.37341369529075,45.63246065118957,1651026
2011-05-12,46.23027038574219,46.6188408396546,45.431199981169115,45.728114026939465,1590835
2011-05-13,45.83000183105469,46.830658841938444,44.47311137576373,46.430397063647256,1990322
2011-05-16,47.030792236328125,48.23157770065863,45.03348477256575,45.26963816985187,2706152
2011-05-17,46.250274658203125,47.61916997459227,45.8299995553507,47.02678318777386,2375533
2011-05-18,46.50244140625,47.45106165418688,45.42973944437027,46.246274692424066,2119340
2011-05-19,47.79127883911133,48.30361734827016,46.35033864594633,46.55046694819213,3177316
2011-05-20,47.783287048339844,47.903367136759535,47.31498188594017,47.635190324747114,1609599
2011-05-23,45.990116119384766,47.63919347927877,45.830009329747035,47.6351918356003,2179378
2011-05-24,45.990116119384766,46.43040466057611,45.47777747073148,45.51780416814091,1673822
2011-05-25,44.67324447631836,46.22225995728576,44.58918945223969,45.946074766474524,1670207
2011-05-26,44.669246673583984,45.629871938275016,44.02882470014466,44.02882470014466,1164733
2011-05-27,44.4691162109375,45.10553145376713,42.02751849464162,44.54916960432011,1360020
2011-05-30,44.429080963134766,44.82534107986205,42.49981969246232,43.628557444007235,1939662
2011-05-31,43.664588928222656,44.70526760440533,43.26832875306934,44.46911420880878,1997301
2011-06-01,44.669246673583984,45.30966351671134,43.62856289061207,43.65257788094035,1823949
2011-06-02,44.144901275634766,44.60520310671709,43.91274953851003,44.14890291880193,1761063
2011-06-03,44.4691162109375,45.2055981954954,44.040837738777746,44.14890776771935,1074648
2011-06-07,44.425079345703125,45.36169463398607,44.14889929578044,44.3690409550263,1603620
2011-06-08,45.02947998046875,45.02947998046875,44.30900977831104,44.42508308195416,870759
2011-06-09,44.58118438720703,45.18157446077476,43.90073580543593,45.033477763799,850854
2011-06-10,44.02882385253906,44.657235753560606,43.788668823567555,44.58919242722173,989879
2011-06-13,43.1922721862793,44.020817495579486,42.77199963231511,43.6645840550725,1747347
2011-06-14,42.363739013671875,43.192279329689754,41.98749216572781,43.192279329689754,3658542
2011-06-15,42.387752532958984,43.08020615922311,42.05953824590113,42.26767501116185,1812520
2011-06-16,42.26767349243164,42.651923600500766,42.10756671558017,42.38775100991424,1830606
2011-06-17,41.54719924926758,42.50782961639279,41.05888077926513,42.42377458752713,2038070
2011-06-20,42.28768539428711,42.6759396976019,41.619246806214015,41.627252657814175,2865377
2011-06-21,44.1088752746582,44.22895534895235,42.07154130629685,42.103562146410795,3229492
2011-06-22,45.65789794921875,45.74995627575882,43.828700437355046,43.85271542991713,3350869
2011-06-23,46.826656341552734,47.53512165199113,44.861372318600466,45.50979758726978,4104838
2011-06-24,46.83066177368164,47.55113199364711,46.430399970332836,46.430399970332836,2457460
2011-06-27,47.34300231933594,47.43105900578341,46.38637343940622,46.71058867808801,4117878
2011-06-28,49.83262634277344,50.65316335558153,46.650545032203546,47.34299866908853,7883043
2011-06-29,49.84062576293945,50.909326047542955,49.072120515819755,49.83261734694478,4652857
2011-06-30,50.4970703125,50.4970703125,48.63985597502514,49.4003530483769,4781505
2011-07-01,50.937347412109375,51.62579934513842,50.0327554424278,50.49705892206529,3470984
2011-07-04,51.48170852661133,51.96202374906067,50.35296801037097,51.01740500864981,3687845
2011-07-05,51.12947463989258,51.55775821856258,50.75322781615422,51.48170647301325,2761548
2011-07-06,52.434329986572266,53.022715229899525,50.637155978273626,50.83328268261199,3107171
2011-07-07,52.63446044921875,53.75519247172014,52.11812020942047,52.434326982533555,2455420
2011-07-08,52.63446044921875,53.434984055335725,52.19417195282322,52.63446044921874,1273532
2011-07-11,53.883270263671875,54.467653769559796,52.2341932421668,52.594428314619414,2053161
2011-07-12,54.18748474121094,54.55572318544978,53.35493761983391,53.63511937938385,2479584
2011-07-13,54.19948959350586,54.63577650283367,54.02737786817185,54.18748466214537,1900464
2011-07-14,53.114768981933594,54.50367762359271,52.63445385240022,54.37158750001094,3738826
2011-07-15,53.29889678955078,53.995357208397834,52.634464910524756,52.78256163629974,2330867
2011-07-18,53.65512466430664,54.51568829320238,52.838589371137914,53.31490290806428,2801663
2011-07-19,53.39096450805664,54.03538309018229,53.14280102063858,53.43499285191304,1310994
2011-07-20,53.77519989013672,53.95932163312688,53.318899740647154,53.91529330137226,1670832
2011-07-21,54.31555938720703,55.62841641939312,53.639117525057465,53.827240925864146,4489971
2011-07-22,55.03602600097656,55.324216113300544,53.73117234005326,54.33556919523138,2714076
2011-07-25,55.5163459777832,56.90925642475814,55.03603079219933,55.03603079219933,4668570
2011-07-26,55.23616409301758,56.03268091630458,54.09541360677876,55.62441583144299,2158116
2011-07-27,55.5163459777832,55.86857779791962,54.57973059634787,54.82789404076926,1908513
2011-07-28,56.21681213378906,56.23682548359172,55.03603988636982,55.23617338439648,1961925
2011-07-29,55.044036865234375,56.63708085781248,54.843908520458335,56.35689912300117,2575658
2011-08-01,53.87527084350586,55.23616298287962,53.59909077248666,54.66779113795172,2823379
2011-08-02,54.39561080932617,54.455645715018505,52.83458526415992,53.382943743892525,2441787
2011-08-03,55.91661834716797,56.37692027326595,53.95533567141648,54.115437343333504,3230564
2011-08-04,56.256839752197266,56.43295825939968,55.60041110251167,56.03669803108521,1832970
2011-08-05,56.43694305419922,57.57768828007636,55.05203605569851,55.196131107549206,3378382
2011-08-08,55.97665023803711,57.58570079251213,54.63577135576654,56.03669028012099,3773137
2011-08-09,55.87657928466797,55.99265771666637,53.67513689261127,55.03602901954738,3471901
2011-08-10,57.23347854614258,57.357560283386604,55.876587854214,56.43695649367289,3188448
2011-08-11,59.06666946411133,59.430906207252654,56.813195419932,56.88123874463986,3981890
2011-08-12,60.3595085144043,60.6396953386448,58.758461468561144,59.0786698516675,3408271
2011-08-15,60.33949661254883,61.840482101649265,59.71909317609071,61.180046844745405,2601236
2011-08-16,59.999271392822266,60.46357481504587,58.83851283726327,60.41554484179823,2977988
2011-08-17,60.03530502319336,60.747771959600534,59.77112987193095,59.9192265858822,1926173
2011-08-18,58.94259262084961,60.039309714486244,58.82251253415135,59.663062880414785,1775020
2011-08-19,59.23878860473633,60.03931228977078,58.25014149459691,58.43826491970187,1753607
2011-08-22,57.30952453613281,59.85118903913565,56.92127275379365,59.150732095266726,2628822
2011-08-23,57.76581573486328,58.778477681657215,56.837208813381274,57.18944061714357,2332496
2011-08-24,58.63038635253906,58.77848307117692,57.841872777713725,58.037999477987626,2306315
2011-08-25,59.879207611083984,59.99127927963677,58.31818188671232,58.53032029342587,1843625
2011-08-26,60.007286071777344,60.23943780711978,59.4429158711229,59.89921092522316,1609344
2011-08-29,60.547645568847656,60.8798640858235,59.498958388431475,59.979273636668374,2034058
2011-08-30,60.403541564941406,61.460237007204626,60.09934485980546,60.8398284068051,2215011
2011-08-31,60.403541564941406,60.403541564941406,60.403541564941406,60.403541564941406,0
2011-09-01,58.83852767944336,60.83983692322757,58.27015575160239,60.71976195981925,2883617
2011-09-02,58.27415084838867,59.230779586327266,57.68176399441909,58.64639601891493,2060336
2011-09-05,58.110042572021484,58.71443948760071,57.637735797139655,58.246134356007175,1595292
2011-09-06,56.46896743774414,58.39022816325778,55.696460478274595,58.037996346205375,2684460
2011-09-07,57.7578125,58.02999092174255,56.26883703168034,56.637075407972254,1160407
2011-09-08,57.67776107788086,58.51831136031246,57.63773438535442,58.037996180307005,779425
2011-09-09,57.237464904785156,58.83851186961334,56.99330313922131,57.6377266459922,1145605
2011-09-13,56.75715637207031,57.10538653855501,56.23681450905765,56.44094961114563,1478131
2011-09-14,55.63642120361328,57.385564961384254,53.875267386867804,56.837206497672994,2473679
2011-09-15,57.049354553222656,57.11739788479246,55.472322214543766,55.628422225828864,1885297
2011-09-16,56.821197509765625,57.40958269107977,56.07671233619558,57.281499330687325,1913580
2011-09-19,56.084716796875,56.51700199498611,55.83655335705075,56.51700199498611,893810
2011-09-20,55.300209045410156,56.23681934913149,55.08006222159502,56.036691003248045,656229
2011-09-21,56.22079849243164,56.75715201706968,55.16010663220826,55.188123262189784,1403411
2011-09-22,55.272193908691406,56.70112965702182,55.236173982906465,56.036697723061785,1025087
2011-09-23,54.675804138183594,54.71583083736283,53.47101690988925,54.035382081628576,1956963
2011-09-26,53.2348518371582,55.15611264114745,52.034066399820915,53.47501200281286,2399132
2011-09-27,54.11542892456055,55.1881309938062,51.954013082274635,53.45499872873163,1882033
2011-09-28,53.2348518371582,54.31556232198016,52.71050829851993,54.27553562770438,884086
2011-09-29,54.035369873046875,54.83589854544988,52.03406101781806,52.03406101781806,1180922
2011-09-30,54.43564224243164,54.74784740808814,53.62711525702153,54.35559397688669,1005002
2011-10-10,54.58773422241211,55.01201097451047,54.08340409135677,54.08340409135677,762462
2011-10-11,53.9353141784668,55.58038977570582,53.43898727073554,55.436294701515706,987250
2011-10-12,55.276187896728516,55.30821130444952,53.67914228155444,53.83524741614826,1800719
2011-10-13,55.23616409301758,55.468315833490216,54.48767211874087,55.23215731948088,1857893
2011-10-14,55.56838607788086,55.9086130202113,54.96799585204063,55.240174327717405,1536549
2011-10-17,57.525657653808594,57.58969933014351,55.6364205064614,55.6364205064614,3311736
2011-10-18,58.11806106567383,59.61904181117987,57.077377114681084,57.52567410756079,2893806
2011-10-19,57.91790771484375,59.438906419636375,56.99730418068446,58.110032732959326,1805541
2011-10-20,55.70848083496094,57.61773185345032,55.23617398299985,57.357563433508865,1658680
2011-10-21,56.80118942260742,57.217462947576514,55.256180538394744,55.47632223122718,959305
2011-10-24,57.64173889160156,57.82586066030612,56.43695180371193,57.0373419608062,1833042
2011-10-25,57.529666900634766,58.43826054824112,57.04134328243652,57.70578025125576,2065124
2011-10-26,57.837867736816406,58.0860311998911,57.27750425344179,57.52566771651649,1592057
2011-10-27,58.266143798828125,58.534320575230986,57.78983028225991,57.82185368704454,1088779
2011-10-28,59.26679992675781,59.438916761767246,58.2621463320339,58.39022969973027,3711425
2011-10-31,58.51830291748047,59.59100478361237,57.92190938913173,59.266789646987306,1654012
2011-11-01,58.75447463989258,59.434918266847646,58.03800595753249,58.39824112064474,2503383
2011-11-02,59.21877670288086,59.25880340114172,57.87789770207952,58.04200613888655,1884020
2011-11-03,58.878543853759766,59.75912078969838,58.64639212558042,59.2467822262494,2066048
2011-11-04,58.74646759033203,59.4389212348517,58.442265721426445,58.8785526112755,1073108
2011-11-07,58.3101806640625,58.75447084085039,58.198108991542185,58.23813055791119,732716
2011-11-08,58.37021255493164,59.042652756740154,57.95794071489462,58.61036757115828,813257
2011-11-09,58.83051300048828,58.838516286394984,58.04599602979536,58.41423952711024,957961
2011-11-10,58.4062385559082,58.83852378651432,58.11805353248292,58.53032028514758,698535
2011-11-11,58.05000305175781,58.81850839153682,57.9619463773787,58.39823323626204,879204
2011-11-14,58.438262939453125,58.438262939453125,57.837867630866185,58.394234599996295,2967007
2011-11-15,57.23347854614258,58.438265734151095,56.7371515971665,58.438265734151095,2330144
2011-11-16,56.18478012084961,57.073360322170394,55.63642165271199,57.073360322170394,2276856
2011-11-17,56.03668975830078,56.581046645084406,56.00866799406867,56.18478647527044,1590751
2011-11-18,55.51233673095703,56.17676845691873,55.42828171325077,55.68444840905822,1813544
2011-11-21,56.13675308227539,56.22481489072796,55.5123479179903,55.5123479179903,1448292
2011-11-22,57.44561004638672,57.44561004638672,56.00466448863691,56.00466448863691,2502324
2011-11-23,57.7177848815918,58.08602325196793,57.43759804793029,57.65774484580719,2178222
2011-11-24,57.00132369995117,57.817853926952935,56.83721527372483,57.4776321439835,1930928
2011-11-25,58.770484924316406,59.23879011200524,56.83721899579642,57.10539582229079,3167522
2011-11-28,59.759117126464844,59.94724050934645,58.766468595454654,58.766468595454654,2663944
2011-11-29,59.510955810546875,59.91922086316534,58.03799209829504,59.91922086316534,1592913
2011-11-30,58.562347412109375,60.23944655475417,58.33819893049024,59.43892285937329,2751552
2011-12-01,58.51830291748047,59.438906452143236,58.23811611021986,59.038644714939124,2461475
2011-12-02,58.41024398803711,59.08268424443745,58.278153844592744,58.51030559357324,994420
2011-12-05,56.18079376220703,58.38223151951015,55.74850847270119,58.042009693767874,2704445
2011-12-06,56.53701400756836,56.637080744912964,55.7605104906481,56.17677888343988,2236794
2011-12-07,56.07270812988281,56.43695001234144,55.77651470412623,56.43695001234144,1213138
2011-12-08,56.12075424194336,57.35756494077761,55.43630380966359,55.99667249462399,1124450
2011-12-09,56.03668975830078,56.7451499355444,55.436294473364946,56.036689758300774,1119746
2011-12-12,55.23616409301758,56.03668768984127,55.036030628655745,56.03668768984127,1205734
2011-12-13,54.09540939331055,55.05203804388744,53.907286003588005,55.05203804388744,2196947
2011-12-14,53.83524703979492,54.375602281391004,53.635113568717856,53.667136976214984,1089901
2011-12-15,53.615108489990234,54.0353837137538,53.02272153274497,53.78722535378471,1654798
2011-12-16,55.91260528564453,55.91260528564453,53.35492939812261,53.83124293324141,2553687
2011-12-19,53.555057525634766,54.90794112433229,52.354267134347765,54.89593106568869,3074384
2011-12-20,52.65447235107422,53.86326101362377,52.634459004954856,53.56306595214508,1718742
2011-12-21,51.673824310302734,53.32690809175051,51.66982266747742,52.85059459837812,1512959
2011-12-22,52.75853729248047,52.874610588171905,51.64981030234727,51.71385197970047,1226604
2011-12-23,52.54640197753906,53.23885554007075,52.43432518790656,52.84259539384606,739848
2011-12-26,50.43301773071289,52.494366776343284,50.43301773071289,51.87396329315263,1641625
2011-12-27,48.67186737060547,50.425018191714095,48.63984909189359,50.228886354643876,1966891
2011-12-28,49.06812286376953,49.22822963294869,47.63118410557125,48.091485936649576,1963605
2011-12-29,50.148834228515625,50.148834228515625,48.43971683424273,48.992077046200386,1473082
2011-12-30,51.62180709838867,51.97403385028859,50.152844649782516,50.352973019697224,1920560
2012-01-04,49.340309143066406,52.01005710988168,48.823968834565,51.59378354803753,2246580
2012-01-05,49.4683837890625,49.95270060096369,48.03544669915544,48.827966984197985,1131747
2012-01-06,50.23689651489258,51.1534935230576,49.0361109804502,49.23223769401227,1346812
2012-01-09,51.03341293334961,51.47370142712554,49.15217887894922,50.43301766717812,2310598
2012-01-10,53.15480041503906,53.707160554668,49.960709392321995,50.83327793678569,2369752
2012-01-11,52.87461853027344,53.615102139117475,52.310248278026194,53.0347253128612,1484691
2012-01-12,52.074092864990234,53.30690170444905,52.03406617089056,52.834589792260076,1059666
2012-01-13,51.873958587646484,53.09875886991546,51.633798450535615,52.62644701178425,1389339
2012-01-16,49.59246826171875,51.873964157694225,49.53242822099414,51.873964157694225,1625803
2012-01-17,50.69719314575195,52.3542736253414,48.83197078250557,49.75257446915208,1995268
2012-01-18,47.63118362426758,51.35361979726273,47.43505180794263,51.11345964592076,1670534
2012-01-19,48.936038970947266,49.63249419816363,47.671211882647775,47.99142029798084,1316847
2012-01-20,50.71320724487305,50.83328734277211,48.83597967321843,49.23223989203522,1629695
2012-01-30,49.84062576293945,51.39364282854552,48.87199220093433,51.38163276970918,1351029
2012-01-31,51.1414909362793,51.23755091046305,49.840638598425166,50.34496885382784,1234084
2012-02-01,51.713863372802734,52.754542141642496,50.84128955502792,50.84128955502792,1475950
2012-02-02,52.45834732055664,52.61445246654825,51.23354679657397,51.833942127527436,1814915
2012-02-03,52.63446044921875,52.906638885723474,51.67783171302494,52.458341972473406,1433424
2012-02-06,54.035369873046875,54.46765504832581,52.442331205077856,52.754531179638136,1508633
2012-02-07,53.555057525634766,54.347572617085774,52.91463564159428,54.03136588299861,1280778
2012-02-08,55.04003143310547,56.032680062402086,53.24685921918462,53.53905099451299,1981665
2012-02-09,55.04003143310547,55.04003143310546,55.04003143310546,55.04003143310546,0
2012-02-10,55.63642120361328,56.196784595987644,54.49567081349186,54.49567081349186,2344369
2012-02-13,57.31752014160156,57.56968520066535,55.256171337855804,55.40426803300543,2502623
2012-02-14,56.80918502807617,57.55767694312367,56.15675819438297,57.31752193520509,1901810
2012-02-15,56.84922409057617,57.23748101309121,56.35690390855327,56.637085667156235,2203681
2012-02-16,55.77651596069336,57.02933814864608,55.476320884911765,56.44095292713944,1374982
2012-02-17,55.86457443237305,56.79718822746544,55.63642945084124,56.15276458736669,716420
2012-02-20,56.03668975830078,56.757159995974156,54.1274390111855,56.63707991292459,1142806
2012-02-21,56.12873840332031,56.78516684296078,55.65242492689935,56.436941844570484,1002593
2012-02-22,56.84120559692383,56.93727067348672,55.64042035659911,56.432940564731666,1487033
2012-02-23,58.67841720581055,58.83852398739175,56.276846263965375,56.73714813069919,2305425
2012-02-24,59.03866958618164,59.47094977670718,58.43827416229115,58.71845595727301,1762795
2012-02-27,58.58235168457031,60.21542223267797,58.238123162883255,59.05065679383954,1529500
2012-02-28,59.06267166137695,59.9432486876089,58.47828807283785,58.81850984881108,1429239
2012-02-29,59.759117126464844,59.875190418283445,58.65839345886015,59.042648640469935,1812827
2012-03-01,59.999271392822266,60.11935145625253,59.40288297901209,59.77112132442924,1768902
2012-03-02,60.04731750488281,60.1193624779623,59.470937198998435,59.9592556973695,990444
2012-03-05,59.63905334472656,60.05132526858325,58.45027782072987,60.04732362472301,1556365
2012-03-06,58.822509765625,59.67907177586255,58.63838800074927,59.098689847782616,940969
2012-03-07,58.698429107666016,59.10669933851683,58.23412560889168,58.65039912649957,922835
2012-03-08,58.598358154296875,59.09868149397804,58.294156351374546,58.69841974404638,1143861
2012-03-09,60.999935150146484,61.472241910634,58.57434427517689,58.638385956773696,2325123
2012-03-12,60.75978469848633,60.995943246751395,60.05132444462884,60.799811397164724,1940430
2012-03-13,61.604331970214844,61.67637693805419,60.47158991872149,60.69173159571262,1510686
2012-03-14,61.240108489990234,62.036630670173395,61.2241019125374,61.640370402263414,3304756
2012-03-15,63.089298248291016,63.281423285359956,61.260101057663185,61.260101057663185,3850570
2012-03-16,64.06195068359375,64.23406240772533,62.75709160851326,63.56162208623448,2347724
2012-03-19,63.001258850097656,65.08262168433093,62.78912040954063,63.6416809461841,1713420
2012-03-20,62.012611389160156,63.041285304783266,61.840499650927335,62.47691497010526,1018491
2012-03-21,60.63970947265625,62.38885362402419,60.12737080995792,61.9125400160444,1643145
2012-03-22,61.960567474365234,62.04061573117246,60.759776928201916,60.759776928201916,1348749
2012-03-23,62.949222564697266,63.59364112695579,61.44023346705993,61.44423511086664,1831520
2012-03-26,64.99855041503906,65.23871056500131,62.92118974336153,62.92118974336153,1917378
2012-03-27,61.240108489990234,64.54627732349881,60.83984657771705,64.04594865057902,2741289
2012-03-28,61.240108489990234,62.592997755117956,60.23945627446391,60.83984657771705,3822932
2012-03-29,61.03996658325195,63.601644306706845,61.03996658325196,61.51227338042233,2996364
2012-03-30,58.898563385009766,61.32815093488071,58.05000463436583,61.0399659136298,3253872
2012-04-05,61.04397201538086,61.84049406862994,58.09003557190093,58.42225408611724,2282621
2012-04-06,62.901180267333984,62.921193614395435,60.851841231926414,61.051969572228906,1603916
2012-04-09,62.89718246459961,63.281432595268036,62.512932333931175,62.913194169288865,681670
2012-04-10,63.24139404296875,63.24139404296874,61.24808868875188,62.76107894348518,1314949
2012-04-11,62.84114074707031,63.73372782491081,61.92054216554836,62.16469884534758,855835
2012-04-12,63.54161071777344,63.641677466426955,62.44088674321003,62.44088674321003,1042782
2012-04-13,62.91718673706055,63.82177866230001,62.73707175880299,63.58162364785275,1332518
2012-04-16,63.20937728881836,63.6176423446385,62.67302374673098,62.90918224394146,583475
2012-04-17,63.22137451171875,63.5335744220284,62.8491294482513,63.20136117076962,856438
2012-04-18,63.60165023803711,63.63366851915236,62.68904970640669,63.49358020251511,1638880
2012-04-19,62.44487762451172,63.64166126893803,60.847832217654926,63.64166126893803,2401054
2012-04-20,63.96187210083008,64.04192548244232,62.24474656043125,62.24474656043125,1535116
2012-04-23,62.91718673706055,64.44218723928208,62.52092660245774,63.973877009127,1471505
2012-04-24,62.9652214050293,63.921850151696844,62.564959597588505,62.88917479110583,1228656
2012-04-25,63.05328369140625,63.36148205339454,62.68103851463849,62.68103851463849,982581
2012-04-26,64.44218444824219,64.48221113730175,62.845139049949196,63.24139916738968,1242894
2012-04-27,66.7636947631836,67.00385487283324,64.44217781843518,64.44217781843518,2624942
2012-05-02,66.82374572753906,66.84375907328543,65.56292033645342,66.4434972886699,2464696
2012-05-03,66.8437728881836,67.04390125669694,66.44351102084418,66.8437728881836,1269997
2012-05-04,68.0445556640625,68.08058071841748,66.84377011191728,66.84377011191728,2335688
2012-05-07,68.23666381835938,69.15326574309029,67.39611362723015,68.1245921696459,2779518
2012-05-08,67.16397857666016,68.81306109568253,66.46352162038018,68.236680747165,3840327
2012-05-09,67.76437377929688,67.76437377929688,65.59495444992422,66.41148472479881,2444159
2012-05-10,67.3240737915039,67.76436226467325,66.2673835080221,67.67630559610171,2772285
2012-05-11,65.64298248291016,66.83576470982169,65.04258716067706,66.83576470982169,2479799
2012-05-14,63.96588897705078,65.4028280240076,63.24141698761546,65.24672799693842,2542554
2012-05-15,64.26206970214844,64.92250499635084,63.645667873829716,63.917846303927284,1690547
2012-05-16,62.84114074707031,64.63431818951744,62.66902903910233,64.40216643986741,2304435
2012-05-17,62.84114074707031,62.841140747070305,62.841140747070305,62.841140747070305,0
2012-05-18,62.82913589477539,63.381496070435425,62.10065723723406,62.44087901020854,1749241
2012-05-21,67.27604675292969,67.36810506858278,62.961218501326144,62.961218501326144,2764006
2012-05-22,67.64427947998047,67.99651127046168,66.73168429542287,67.27604111789982,2177664
2012-05-23,68.0445556640625,69.0852395541092,66.65164503921154,67.56424041714192,3118547
2012-05-24,65.99520874023438,68.3847695047223,65.16266172514098,68.04054609749586,1922697
2012-05-25,65.52289581298828,66.56357956560987,65.15865906472663,66.4354962007198,1337446
2012-05-28,67.88044738769531,67.92447572964949,65.04258937165444,65.04258937165444,2501847
2012-05-29,67.51221466064453,68.04456158321976,66.26339388395431,67.80440650402477,1797210
2012-05-30,68.00452423095703,68.42479940146066,67.24402728058135,67.24402728058135,1511868
2012-05-31,68.84508514404297,68.84508514404297,67.59626950147941,67.6483011351928,2978986
2012-06-01,68.29592895507812,71.16924895459519,67.85015220845872,68.84346015835509,2513701
2012-06-04,67.10880279541016,68.26200611969925,66.86652979715764,67.83076722141692,2095331
2012-06-05,67.44798278808594,67.59334555611947,66.89075798138296,67.59334555611947,2089640
2012-06-06,67.34137725830078,67.78715395300675,66.58064879416459,67.43828231015866,1158124
2012-06-07,67.2057113647461,67.64179967911119,66.86653328983324,67.42375810965198,754437
2012-06-08,65.8974380493164,67.63208685135463,65.80052783739895,67.3413665664927,1657006
2012-06-11,65.1221923828125,66.13488242053427,64.07558764182613,65.83931265043793,2917639
2012-06-12,65.4080581665039,65.42259599442393,64.44867020814867,65.0737295279115,1608777
2012-06-13,66.91499328613281,67.15241691160361,65.4129181636474,65.5388988915212,2085995
2012-06-14,67.85984802246094,68.80470354351246,66.86653996457002,67.05066685018583,4243170
2012-06-15,67.02642822265625,68.49942750963238,66.79384884308672,67.83560924572518,2073120
2012-06-18,67.99066162109375,68.65932928976133,67.03611782228538,67.03611782228538,2095753
2012-06-19,67.18148803710938,68.3153145987816,66.64849463542681,68.3153145987816,1323196
2012-06-20,67.34137725830078,67.59333867384494,66.96343513498454,66.96343513498454,966751
2012-06-21,65.99920654296875,67.53520150310949,65.21910110525481,67.53520150310949,2482256
2012-06-25,65.75210571289062,67.10881825420039,65.46622433717015,65.60674291554349,2264060
2012-06-26,63.57166290283203,66.32869582134691,62.94175928379359,65.74240051628446,4293640
2012-06-27,64.58919525146484,66.12034076511692,63.23732720662415,63.377845756153526,3795806
2012-06-28,64.7878646850586,65.40323055059368,64.58920513847309,64.58920513847309,1817352
2012-06-29,65.19486236572266,65.89260049049643,64.637642779603,64.80238758172587,2430345
2012-07-02,66.86170196533203,67.63696850411237,63.95930572098435,65.4080791459118,3069280
2012-07-03,68.51398468017578,68.65934748037448,66.86170229278528,67.30263491245022,5454695
2012-07-04,67.90828704833984,69.28923065253652,67.54488274345248,68.80468985420463,2564563
2012-07-05,68.40738677978516,68.50914125865359,67.1960369979577,67.31232413420179,2098688
2012-07-06,72.19646453857422,72.43873233079407,68.65447743206514,68.65932164931147,4995824
2012-07-09,70.90275573730469,73.61133095262842,70.81553910921258,71.80884189601574,2721332
2012-07-10,70.98513793945312,72.6519528902849,70.0160561096084,70.398842552571,2480280
2012-07-11,73.09288787841797,73.59681086047291,68.85316120333573,70.93668254781969,3055946
2012-07-12,73.31092071533203,75.20062649651598,72.67617284474633,72.6810222385687,4376080
2012-07-13,73.9892807006836,75.0552727457921,72.70525223846602,73.94082816354825,2107716
2012-07-16,74.37205505371094,75.8208332929241,73.43204907359494,73.98926868651348,3134614
2012-07-17,72.01718139648438,74.2702961723002,71.92512056769215,74.25575834522142,2649351
2012-07-18,69.87068939208984,72.01720091845169,69.37646006734181,72.01720091845169,3481275
2012-07-19,69.82706451416016,70.44243020875363,69.20200520937018,69.82706451416016,2844587
2012-07-20,68.80470275878906,70.35523049899079,68.56242972646079,69.81738767950822,2020824
2012-07-23,67.83561706542969,69.09541916431044,67.7871645319392,68.59150143002626,2111190
2012-07-24,70.3116226196289,70.71863531295938,67.73871115469338,67.8307771847489,2411791
2012-07-25,70.9560546875,71.07234697885944,70.20986393200765,70.26801007768736,1921766
2012-07-26,69.57994842529297,71.08202329209625,69.57994842529297,70.74284526331635,1956432
2012-07-27,69.24078369140625,69.97728602614423,68.99851584237972,69.53150925059569,1151186
2012-07-30,68.12633514404297,70.06449320096878,68.12633514404297,68.95974243571305,1309968
2012-07-31,68.61087799072266,69.77376975416256,68.12633716823281,68.12633716823281,1619724
2012-08-01,68.76592254638672,69.43458498698415,68.02942036034737,68.6108713613322,1785113
2012-08-02,67.30262756347656,68.99367386966271,66.86653921049823,68.65933998325738,1765153
2012-08-03,68.36859893798828,68.75622949147845,67.27838606550496,67.39951737881688,1744083
2012-08-06,69.09541320800781,69.28923367615538,67.94220988748502,68.36376034867476,1811483
2012-08-07,69.07118225097656,70.01603756108287,68.61087290287499,68.87736697144231,2094022
2012-08-08,68.80953979492188,69.38129725994574,68.76593148172621,69.0227371428666,1656067
2012-08-09,71.69256591796875,71.76040050863696,68.76594350244704,68.76594350244704,3709965
2012-08-10,69.48303985595703,71.29037278696336,69.33767711163429,71.29037278696336,2909211
2012-08-13,70.4036636352539,70.64108720817272,69.48303982225083,69.77376013530954,1580590
2012-08-14,70.52481079101562,71.02388427384902,69.77377069462702,70.35522175963065,1894874
2012-08-15,69.77376556396484,70.63624848672796,69.53149775499232,70.24377370461215,1464331
2012-08-16,68.1602554321289,70.01120219536811,67.94221386201576,69.77377340185966,2218476
2012-08-17,64.68609619140625,68.31530540357458,62.99020597093366,68.22323939059855,5621814
2012-08-20,64.92838287353516,65.65519164260665,63.571670411029785,64.44384196900505,2248727
2012-08-21,65.4080581665039,66.1397161483062,64.695787405559,65.13671988163692,2059010
2012-08-22,63.95444869995117,65.70363581180143,63.11134773696289,65.70363581180143,1256747
2012-08-23,61.148956298828125,64.00773814701517,60.092658106568386,63.959285620895685,4752284
2012-08-24,61.57536315917969,62.311860333837636,60.664427540100235,61.14896842371021,3153551
2012-08-27,62.01628112792969,62.09380931367145,61.14895913331366,62.01628112792969,2127714
2012-08-28,60.858238220214844,62.418454260554995,60.44637617158476,61.536594370479264,2720859
2012-08-29,59.45307922363281,60.78556021349572,59.22049980141342,60.37854751847359,1699140
2012-08-30,58.430686950683594,59.48698522094276,58.023674315243795,58.62935163824628,2857535
2012-08-31,59.109039306640625,59.22048736347718,58.04789688603019,58.04789688603019,1973386
2012-09-03,61.318546295166016,61.63349289541958,59.50151960675402,59.59842466054092,3532858
2012-09-04,59.93761444091797,61.875778001678256,59.87462407343879,61.73041521707651,3201781
2012-09-05,59.1623420715332,60.228328724945705,58.62934874482695,59.8406981556041,1976251
2012-09-06,58.401615142822266,59.83100614003236,58.139965277857755,59.35131472093075,2214275
2012-09-07,61.21195983886719,62.408771649772525,58.876472015298646,59.0169905818501,4428620
2012-09-10,61.05207061767578,61.633516691223484,60.42216682307966,61.54145581949334,3640637
2012-09-11,60.858238220214844,60.90184653413489,60.10719809645255,60.858238220214844,1521471
2012-09-12,61.10051727294922,61.667430633433085,60.809796851926016,60.95515447471379,2150517
2012-09-13,60.32523727416992,61.24101692706015,60.276779572767744,61.05204586529601,1574525
2012-09-14,61.05207061767578,61.34279624217371,59.45309003383348,60.76134499317785,2335972
2012-09-17,60.42699432373047,61.33308565826965,60.40761745121004,60.95514348608026,1456504
2012-09-18,58.37738037109375,60.397910554350474,58.08665489098129,60.37368429358203,2422831
2012-09-19,56.788108825683594,58.513069913505525,54.51076706277511,58.19327384400113,6079542
2012-09-20,54.75303649902344,55.72211825665487,54.75303649902344,55.72211825665487,3652328
2012-09-21,55.1794319152832,55.47500169976665,54.2684962939084,55.01468708286021,1652422
2012-09-24,55.23757553100586,55.954695800658776,54.26849380577505,54.728808401576714,1562976
2012-09-25,57.35986328125,57.85409260283018,55.23757803655925,55.673661209880855,2470745
2012-09-26,57.46645736694336,58.92007472896162,57.3598586913894,57.660272670182685,1884899
2012-09-27,59.11388397216797,59.918215516329546,56.95283521230219,56.95283521230219,1829186
2012-09-28,60.56751251220703,60.785554081213576,58.26594996604599,58.26594996604599,2947768
2012-10-08,57.999454498291016,60.80009590347069,57.66027640180979,60.56751648944222,2504756
2012-10-09,59.220489501953125,60.073278843293785,58.1496534320839,58.1496534320839,2046305
2012-10-10,60.708038330078125,61.0375228320672,59.22050091382848,59.59843795351796,2491118
2012-10-11,60.33493423461914,61.672264508454596,59.84070494387143,60.092666395159576,1629213
2012-10-12,60.882476806640625,61.63351190693853,59.879480208062716,60.33494548733582,1225560
2012-10-15,61.526893615722656,62.26339582419041,60.56750564541695,61.061734870947866,1462665
2012-10-16,62.40391540527344,63.46505783914674,60.57235087629,61.294315268734465,2558623
2012-10-17,62.021141052246094,62.52990821281034,61.69649560091273,62.40392747731174,1400567
2012-10-18,62.021141052246094,62.021141052246094,62.021141052246094,62.021141052246094,0
2012-10-19,62.65589141845703,65.11735490084332,62.408774156287286,64.00291028714645,3510920
2012-10-22,61.643192291259766,62.941758432175725,60.7128747050971,62.3748451827116,2612198
2012-10-23,59.2737922668457,61.536595957262726,59.079976958264815,61.536595957262726,2873633
2012-10-24,59.05575180053711,59.57905159089767,58.6293570785632,59.065440237197,1690885
2012-10-25,59.869773864746094,60.073282777916305,59.12358314219973,59.12358314219973,1186487
2012-10-26,58.21265411376953,60.24287855272893,57.85409395430296,59.82132802503922,2266801
2012-10-29,58.47429656982422,58.7214137926091,56.93346261725002,57.66027128074527,1947209
2012-10-30,58.04790115356445,58.769865590062324,57.42284695286511,58.52759776373576,1545973
2012-10-31,57.19511032104492,58.0915079836629,57.15150200990984,57.66026909011675,1444907
2012-11-01,58.18357467651367,58.629351404109705,57.19995520472859,57.32593592179571,1579841
2012-11-02,57.66511917114258,58.566366318647816,57.61182241897903,58.18357991512085,1719247
2012-11-05,58.02851486206055,58.61965431857793,57.41799853524723,57.42284275282121,1511174
2012-11-06,56.32777786254883,58.07212049539266,56.23087281374967,57.878305222348445,1653960
2012-11-07,56.18727111816406,56.836556818197685,56.18727111816406,56.32778967893576,1310387
2012-11-08,55.911075592041016,56.63304516866823,55.46045466237589,55.96437751298441,1019937
2012-11-09,54.995296478271484,56.196957478701876,54.97591443185758,55.91107617568155,1344571
2012-11-12,52.69374084472656,55.23757653825892,51.85548405027252,55.22788292608853,4320670
2012-11-13,52.504756927490234,52.81001506598871,50.68288617996543,52.698572193649895,2552218
2012-11-14,53.023216247558594,53.15404117360952,51.87001300076213,52.47568510480076,1902625
2012-11-15,52.67435836791992,53.55137407758994,51.9911579701664,52.57260390591586,1349915
2012-11-16,52.160743713378906,52.747033830340015,51.12382746113002,52.57260057820106,1209677
2012-11-19,49.423091888427734,51.95239495922537,46.947095922078546,51.95239495922537,4286356
2012-11-20,48.75442123413086,50.043298823676984,47.96946648793302,48.44431367465972,2688936
2012-11-21,48.1729736328125,49.26319179838941,47.11668051933743,48.75442470123926,2147024
2012-11-22,46.515846252441406,47.232966458849205,44.31603310386371,46.0313054325592,2864066
2012-11-23,47.47039794921875,48.45401758137136,45.93925222333369,46.0313130794897,2775064
2012-11-26,45.98770523071289,48.10514634751875,45.7890456849707,47.43648372799693,3109804
2012-11-27,46.76780700683594,46.80657109993517,45.64367418418979,45.89563561388848,3324865
2012-11-28,46.54008102416992,47.88226084145984,46.04100745952374,46.467402216853536,1827410
2012-11-29,47.00039291381836,47.76112152628229,46.50131937836983,46.58853601222594,2103609
2012-11-30,48.35710144042969,48.57514300763146,46.729045662614325,47.00038915482466,2320505
2012-12-03,44.4759407043457,48.31834281758089,43.61345759852881,48.31834281758089,4489094
2012-12-04,45.32387924194336,45.59522272455353,42.639527837240685,43.64252677405255,3230626
2012-12-05,45.31904602050781,46.13307149041131,43.60377326029542,44.85873134949986,4674077
2012-12-06,43.68128967285156,45.25604342685489,42.300348620415875,45.25604342685489,8555939
2012-12-07,44.1900634765625,44.49047747947763,43.124071459982,43.68129632391514,5648969
2012-12-10,43.991397857666016,44.32088751565507,41.428180097802546,42.78004825852139,6863047
2012-12-11,43.76850891113281,44.86841553090824,43.36149367401932,43.6037640939795,5032497
2012-12-12,43.85088348388672,44.277278201953344,42.87211073192426,44.23851410477513,4966889
2012-12-13,44.11253356933594,45.24635495179304,43.090152497444336,43.821808014676414,6702319
2012-12-14,44.28696060180664,45.20758967023506,44.044692790636425,44.093145317781236,7619784
2012-12-17,45.537078857421875,46.75812200241682,43.47293991516032,44.37902607447386,11261161
2012-12-18,45.8956298828125,46.51583976861445,44.96531246638673,45.498305741329474,6790302
2012-12-19,46.719364166259766,47.07308011983154,45.551622790587025,45.72121185147868,7369538
2012-12-20,45.52739715576172,46.6127661255058,45.11069082589541,46.51585587131102,5835536
2012-12-21,44.57768630981445,45.69212549167825,44.52438438936596,45.30449492193834,5429243
2012-12-24,42.363338470458984,44.61645088545426,42.34880064191615,44.61645088545426,10299441
2012-12-25,42.833343505859375,43.59406944948663,41.88364648387741,42.300350147210146,7557726
2012-12-26,43.61345291137695,43.637679177267785,42.80911862938072,42.95447881244903,6017573
2012-12-27,44.66975402832031,44.95563536974243,43.08530904313464,43.947789522623104,8931997
2012-12-28,45.43532180786133,45.66790119481117,44.48077799534062,44.674593288557745,7919718
2012-12-31,45.24150848388672,45.7405871553877,44.52438824495649,45.49346992867012,6694668
2013-01-04,45.06707763671875,45.4353262119816,43.85572805510876,45.06707763671875,9561220
2013-01-07,43.99624252319336,44.916871747203565,43.60861188963488,44.916871747203565,7793940
2013-01-08,46.4189453125,46.4189453125,43.8508833971612,43.996240998121706,11517384
2013-01-09,49.87856674194336,50.527852507654096,46.66121875287421,46.85503408618178,13535496
2013-01-10,49.59267807006836,51.01238074108612,49.41824481332344,49.859177348776115,7064927
2013-01-11,48.66720962524414,50.02876614561843,48.35710203384872,49.47639071829766,6061483
2013-01-14,49.268035888671875,49.48607745104356,47.24750533465236,48.14874724275301,7596594
2013-01-15,49.03060531616211,49.859168310956115,48.44431011454904,49.345557070109386,6286340
2013-01-16,47.72719192504883,48.705967098240556,47.5333766475735,48.09060139269183,5519561
2013-01-17,47.5721549987793,48.76897207096778,47.48493835654292,47.70297996213387,4416160
2013-01-18,47.397705078125,48.21173023691383,46.51584017656565,47.96946244634084,4860534
2013-01-21,45.73574447631836,47.41225820895873,45.6921361564304,47.38802676417883,8439044
2013-01-22,44.771507263183594,45.4014109003474,43.32273148543027,45.38202885186183,9781140
2013-01-23,44.49531936645508,44.76666286873826,43.56984596283727,44.12707079757231,4779700
2013-01-24,43.414794921875,44.577691953774774,43.12406937003834,44.42264074133709,6055949
2013-01-25,41.680137634277344,42.93509801939998,41.59776522753786,42.93509801939998,7171815
2013-01-28,38.952178955078125,41.500858713962565,38.81166299061918,41.21982678504468,14227813
2013-01-29,39.63053512573242,39.8340414515886,37.193298258085754,38.66630024616014,18855120
2013-01-30,39.31074142456055,40.21683021445686,39.010324842232926,39.053933158370725,12046161
2013-01-31,38.157527923583984,39.330115774580435,38.036391435603925,39.32526896944528,10505437
2013-02-01,38.23991012573242,38.811667664002975,37.68268783114806,38.02186594409759,6119876
2013-02-04,37.50340270996094,38.642073414834115,37.45495017903553,38.327121612925794,7051231
2013-02-05,40.386417388916016,40.386417388916016,37.1932987326117,37.30474421469488,12405755
2013-02-06,39.90672302246094,40.80312332682681,39.67414362390782,40.434872181163804,7994893
2013-02-07,40.33796691894531,40.822505204860825,39.14599678382911,39.87765231267121,8805738
2013-02-08,40.090843200683594,40.70136470636835,40.04723489138084,40.095690006007835,6295482
2013-02-18,38.312591552734375,40.20229744430877,38.312591552734375,40.168380150529224,8397578
2013-02-19,38.55485916137695,39.09269940281625,38.041247776240716,38.18176375681449,4433676
2013-02-20,38.58393096923828,39.02970775262367,38.06547279477777,38.75836682536326,4550161
2013-02-21,39.09754180908203,40.11992024566837,38.07516078477236,38.22052355533689,9104936
2013-02-22,41.185909271240234,41.5493136071721,39.2429016942969,39.27197476573397,13225287
2013-02-25,39.9697151184082,41.19560252596368,39.732288903732766,41.190755719933364,9106854
2013-02-26,38.87949752807617,40.837040355421166,38.66630017872028,40.04723873146791,10088422
2013-02-27,38.81166076660156,39.393106638849034,38.47248271392895,38.86496010094374,4929456
2013-02-28,38.181758880615234,39.00547778435485,37.5567020819372,38.768054172061134,8537202
2013-03-01,38.133304595947266,38.69052420282756,37.69721631092376,38.2205212178627,7543811
2013-03-04,37.91042709350586,38.666309012802294,37.79898158757699,38.094551413364606,5953637
2013-03-05,38.157527923583984,38.64206870005828,37.93948379785366,38.036391435603925,6147681
2013-03-06,38.646915435791016,38.646915435791016,37.648763337881576,38.230211789994634,9709078
2013-03-07,39.344661712646484,40.21683327727178,38.66146125749219,38.666305476221545,12975139
2013-03-08,38.719600677490234,39.75167016559794,38.7050628474105,39.34465750238675,5674030
2013-03-11,37.7844352722168,38.55000799328379,37.73598015606939,38.52578172907167,7171105
2013-03-12,36.89288330078125,38.08969754601816,36.6312308386493,37.74567267702869,7260958
2013-03-13,37.22236633300781,37.43071684896935,36.7911248856443,36.87349728363334,3869839
2013-03-14,35.739681243896484,37.30959101149759,35.69607292676574,37.17391925391107,7663968
2013-03-15,34.59615707397461,35.50224564520856,33.37511675361419,35.37142072836657,13647358
2013-03-18,32.94871520996094,34.256974557179824,32.92448895174504,34.063159316007585,8523699
2013-03-19,32.042640686035156,33.13770063869219,31.630781178727446,32.94872953193321,9773150
2013-03-20,32.866355895996094,33.113470536684936,31.742222998340313,32.02810173471499,9255328
2013-03-21,32.4593391418457,33.19099459361865,32.29944113617796,32.71130057661543,8977560
2013-03-22,32.60470199584961,33.045634507909426,32.30913224851419,32.454495013238585,5114149
2013-03-25,32.53687286376953,32.803369585210596,32.18315691626476,32.55625491400591,4499047
2013-03-26,32.410892486572266,32.80336995120509,32.19769510704072,32.54656425201698,5077959
2013-03-27,30.458192825317383,32.46418824662796,30.390355656224035,32.41088890763061,12761212
2013-03-28,31.049325942993164,31.170462436143332,29.726531067640764,30.0414828445635,11104941
2013-03-29,30.220766067504883,31.1559278859843,29.944578353366158,30.77314149578233,5877074
2013-04-01,29.367979049682617,30.23530377090191,29.31467970731219,30.23530377090191,6678750
2013-04-02,29.653858184814453,29.988189486543195,29.086944873410108,29.363132613512654,5946311
2013-04-03,29.5811710357666,30.046329789155003,29.363126899719624,29.678078678102,4051763
2013-04-08,29.804067611694336,29.95911884711672,28.839832552248897,29.16931966217622,5606911
2013-04-09,29.537561416625977,29.934882991359146,29.421271733434295,29.702303624975784,5389155
2013-04-10,30.69561767578125,31.30129247729394,29.41158668253859,29.605401997969008,13440404
2013-04-11,29.896121978759766,30.593860149739655,29.886430955185887,30.530869790371057,6603559
2013-04-12,30.264379501342773,30.903971665921265,29.77984115896079,29.944583419053526,7670758
2013-04-15,29.377670288085938,30.211080383668588,29.179010730676733,30.051182341309957,5014888
2013-04-16,28.951271057128906,29.164471001884177,28.39405139790204,28.58786670652674,5175410
2013-04-17,29.42127799987793,29.687774708177763,28.83013843543638,28.8543647031754,4081495
2013-04-18,29.130550384521484,29.552100869654048,29.077251046615263,29.314677251996333,3787082
2013-04-19,29.954269409179688,30.08509435147179,29.135397289873886,29.135397289873886,6662706
2013-04-22,29.59086799621582,30.30798572847756,29.532721846513624,29.799218563339636,6848230
2013-04-23,30.17230796813965,30.71983648953894,29.85250941123356,30.14323490156221,10003343
2013-04-24,30.40004539489746,30.60839852386017,29.74107130648188,30.298290939421886,7088978
2013-04-25,29.944570541381836,30.400038198753553,29.896115434119874,30.400038198753553,4370223
2013-04-26,28.287450790405273,30.18684741348436,28.287450790405273,29.91065971182479,10087060
2013-05-02,26.882280349731445,28.08878547148845,26.833825237568877,28.074250231701154,9034540
2013-05-03,27.061559677124023,27.463728040550624,26.833824537485885,26.88227964838428,6020896
2013-05-06,27.75445556640625,27.802910685376816,27.13424556992286,27.13424556992286,6022583
2013-05-07,28.820446014404297,28.922200474335693,27.618787482186168,27.71569513617047,9461349
2013-05-08,28.578170776367188,28.912504584687643,28.24868377317819,28.820441164419712,6057053
2013-05-09,29.338899612426758,29.532714890335306,28.553944890401826,28.684769814831643,8867474
2013-05-10,29.455190658569336,29.8379770146121,29.077248520222906,29.343745186599314,6583038
2013-05-13,29.571483612060547,30.002725131278684,29.067560705313657,29.440658667142834,6094271
2013-05-14,28.461883544921875,29.523026021068986,28.408584210223236,29.523026021068986,5978434
2013-05-15,28.81075668334961,29.116017493359585,28.15178252735182,28.490960630090996,4523989
2013-05-16,29.241994857788086,29.392201842369186,28.41827596384384,28.7332277623031,5373593
2013-05-17,30.02210235595703,30.094783738072664,29.33890202197187,29.353437263305707,7041987
2013-05-20,30.729528427124023,30.97179881370719,30.080245447223835,30.080245447223835,8261037
2013-05-21,30.632627487182617,30.763452437695868,30.167468657281912,30.763452437695868,5836069
2013-05-22,31.277069091796875,31.601709386898026,30.501805170915613,30.622939107290538,8562211
2013-05-23,30.807064056396484,31.795527969739577,30.77314676052341,31.204388344406194,8093716
2013-05-24,30.603551864624023,31.18984715933312,30.235300723667812,30.807058188826062,6152974
2013-05-27,30.453344345092773,30.622933376917253,30.11416628144381,30.526025728406587,4744695
2013-05-28,32.125003814697266,32.270363972862334,30.768291753670674,30.773135970929587,11920220
2013-05-29,31.979646682739258,32.46418752894354,31.73253204152781,32.40604138529182,6804977
2013-05-30,31.572629928588867,31.936034222194944,31.126853236033334,31.834279777878198,6221289
2013-05-31,31.417579650878906,32.16861717226956,31.403044409096836,31.572633443355265,4771361
2013-06-03,31.625930786132812,31.90211847664123,31.451494957129892,31.495103267449835,4842436
2013-06-04,30.87005043029785,31.78583282658373,30.860361993638122,31.737377704667754,4914462
2013-06-05,30.840978622436523,30.94273049251183,29.993033433192185,30.807058744688067,5644146
2013-06-06,31.000883102416992,31.432122114169314,30.564794696084334,30.569641502940776,5230482
2013-06-07,29.700416564941406,31.180937714567094,29.665404818019194,31.025881113240033,6120863
2013-06-13,28.3099308013916,29.270268326033495,27.764741745763875,29.24526031543664,4804977
2013-06-14,28.43497657775879,28.63504600766436,28.209896465696076,28.314934385570396,3428427
2013-06-17,27.7147216796875,28.60503299081532,27.509649057771927,28.434974787470164,4348492
2013-06-18,28.0998592376709,28.159881671995546,27.61969044797527,27.714724633376598,2694568
2013-06-19,29.38530731201172,29.610384729375518,27.61468582969989,28.034832122928975,6079729
2013-06-20,29.005176544189453,29.985518895188076,29.005176544189453,29.3853106008911,5691975
2013-06-21,29.950502395629883,30.04553656254049,28.344941322606374,28.509998978045942,7570981
2013-06-24,28.474987030029297,30.105561593955194,28.259913341639145,29.955508195561993,6238485
2013-06-25,28.58002281188965,29.23025237562141,25.85906772389458,28.439973161914736,7613774
2013-06-26,28.324941635131836,28.610041543014926,27.539665419261514,28.449984376515847,5967357
2013-06-27,27.009471893310547,28.479989271119457,27.009471893310547,28.324935344597176,6537014
2013-06-28,27.159528732299805,27.874778701061793,26.759389860990424,26.759389860990424,5090852
2013-07-01,26.61933708190918,27.239555465549305,26.20419131506358,27.004471635540334,6303535
2013-07-02,27.094505310058594,27.654703994445445,26.25921315968491,26.604335468058046,7460115
2013-07-03,26.649349212646484,27.35959866035102,26.51430274183291,27.14452494808037,5443849
2013-07-04,26.509300231933594,27.109511176186174,26.34924308972451,26.509300231933594,6624206
2013-07-05,26.61933708190918,27.059490857487642,26.45427941606726,26.509298638014567,5131617
2013-07-08,25.45392608642578,26.294221327297976,25.448925553351067,26.209190895228332,6615443
2013-07-09,25.09380340576172,25.643998360890354,25.04878791628103,25.408914503351912,3890139
2013-07-10,25.74903106689453,25.769038542735743,24.863720295109093,25.008773159345324,5534404
2013-07-11,26.744380950927734,27.044487753572998,25.563966559136684,25.734027436799018,10394546
2013-07-12,25.919092178344727,26.649346354679537,25.884080430913624,26.514299898348806,7899220
2013-07-15,25.909090042114258,26.19418991503276,25.558967203707308,25.939101258007064,6235257
2013-07-16,26.499298095703125,26.78439797755668,25.70902141766874,25.974113821633388,9375207
2013-07-17,25.959108352661133,26.42927609609043,25.914092860465882,26.25421466145312,5603903
2013-07-18,25.814054489135742,26.20919279477409,25.759035265201604,25.859069974970478,3506914
2013-07-19,24.958755493164062,25.954104751664893,24.958755493164062,25.829062029367634,6592301
2013-07-22,24.793701171875,25.103809088408735,24.44857883083377,24.778696897961467,4634459
2013-07-23,25.25885772705078,25.548960774344696,24.873723179609282,24.883726917186657,5480398
2013-07-24,24.89373779296875,25.453933901811393,24.498599394645122,25.243860694898622,6063541
2013-07-25,25.438928604125977,26.009128430492854,24.56862191889718,24.808706337496456,9220990
2013-07-26,25.018779754638672,25.258861478477474,24.808703905538472,25.258861478477474,4489184
2013-07-29,24.618633270263672,25.01377153475115,24.523599103829078,24.893729361285025,3352389
2013-07-30,24.883724212646484,25.253854449106026,24.458574761103748,24.458574761103748,3315846
2013-07-31,24.60363006591797,25.258857508607104,24.55361137846366,25.008772085010467,4088995
2013-08-01,25.02878189086914,25.043786162890264,24.578621675532823,24.818706055222105,4907667
2013-08-02,25.033781051635742,25.393907601420626,25.00877304256355,25.178831243969565,5118913
2013-08-05,25.613988876342773,25.699019327212316,25.03878587065382,25.03878587065382,6420136
2013-08-06,26.099157333374023,26.279221968542487,25.46393458311321,25.60898479531459,8989629
2013-08-07,25.859071731567383,26.35924798561365,25.779044492561088,26.099156119811564,5885384
2013-08-08,25.769041061401367,26.154175659699927,25.648998865846266,25.859072040261356,3903768
2013-08-09,25.408912658691406,25.974111845538953,25.13381653671145,25.94910116446794,5091247
2013-08-12,26.204193115234375,26.204193115234375,25.32388283237703,25.408913273380193,7548566
2013-08-13,26.264211654663086,26.644345683495906,26.179183888834437,26.24920738333452,6349592
2013-08-14,26.009124755859375,26.564320229334022,25.939101256671695,26.249209140538937,5188514
2013-08-15,25.949100494384766,26.449276705736906,25.909088213909648,26.149172581660668,4767667
2013-08-16,25.824060440063477,26.58432857341344,25.78404548423705,25.839067384111065,5511569
2013-08-19,25.68401336669922,25.859074809328792,25.303881932756894,25.563971158289636,4880810
2013-08-20,25.008777618408203,25.6740089457761,24.908740221365495,25.633996658184575,7841618
2013-08-21,25.108808517456055,25.11881225563568,24.888731619954566,25.008773806884935,4450318
2013-08-22,24.903736114501953,25.283870155054554,24.89373237623279,25.078797527374512,3801029
2013-08-23,24.523605346679688,25.093805147990448,24.523605346679688,24.963761875587135,4791094
2013-08-26,25.173837661743164,25.183841402379326,24.5486158924991,24.5486158924991,5604844
2013-08-27,25.378904342651367,25.458931577609917,25.04378578856995,25.17383171489333,5382190
2013-08-28,24.95375633239746,25.213845529631122,24.75868743105321,25.20884499580322,5239900
2013-08-29,24.998769760131836,25.20384238344514,24.933746798379453,24.983762817435064,4210466
2013-08-30,24.64864730834961,24.993766927130388,24.623636627224798,24.883728478101716,4595904
2013-09-02,23.48323631286621,24.6486463938594,23.3381861211145,24.548609015521958,10595558
2013-09-03,23.78334617614746,23.8333622005488,23.418216376135735,23.483239344837802,5198627
2013-09-04,23.67330551147461,23.853370148047752,23.603282007445053,23.75833596010011,3557489
2013-09-05,23.633291244506836,23.778341445681875,23.418214873946273,23.608283233910335,3888504
2013-09-06,23.623289108276367,23.833362288230738,23.548262400172934,23.613285369114216,3304714
2013-09-09,23.793350219726562,23.79835075374052,23.508247657844123,23.70831977168577,6589688
2013-09-10,23.933395385742188,24.003421555128888,23.678306732467984,23.79334838941924,5631563
2013-09-11,24.473588943481445,24.50360016183242,23.818358701225314,23.948404642854054,10732901
2013-09-12,24.373550415039062,24.808703711594223,24.203492194746183,24.44357658793349,6404368
2013-09-13,24.658655166625977,24.988770568869057,24.37355258698811,24.428574491920894,8988785
2013-09-16,24.458581924438477,24.90373897933728,24.26351568381306,24.668657781032046,7049414
2013-09-17,23.508243560791016,24.453576721288083,23.49823982328113,24.453576721288083,5870480
2013-09-18,23.328184127807617,23.598279727066874,23.163126448045084,23.513249284733835,5688480
2013-09-23,23.38319969177246,23.408207698697318,23.2181420378637,23.358191684847604,5373594
2013-09-24,23.123111724853516,23.598279962952407,22.988065259486607,23.593276757998844,5989709
2013-09-25,22.402860641479492,23.0080734955618,22.33783767351599,23.0080734955618,8423745
2013-09-26,22.217792510986328,22.652944415010985,22.132762076349177,22.252804257241326,5325350
2013-09-27,21.672609329223633,22.332840206805898,21.662605588239728,22.2177998567169,6482253
2013-09-30,21.712617874145508,21.85266755252046,21.497544158179924,21.67260558834226,5327758
2013-10-08,22.332836151123047,22.40286098968079,21.512548237989964,21.657599784689054,7257819
2013-10-09,22.152772903442383,22.437874127906763,22.05774005236273,22.16277664263239,3801177
2013-10-10,21.907682418823242,22.337833771906638,21.827655191932696,22.17277611388087,3791967
2013-10-11,21.762636184692383,21.992716841078302,21.682607607666228,21.957703754298805,5036945
2013-10-14,22.35784339904785,22.502894932122764,21.707615105992815,21.76763619974578,6969818
2013-10-15,22.45787811279297,22.627939001571104,22.152772092345085,22.257808678768956,6306302
2013-10-16,21.852664947509766,22.682956508299565,21.71761715486216,22.507895099005935,7308924
2013-10-17,21.812654495239258,22.04273516165383,21.762637133272534,21.91769108893065,5231063
2013-10-18,22.002717971801758,22.182781247055125,21.38750144744962,21.76263360479727,7629942
2013-10-21,22.14777183532715,22.257810299173865,21.73262599320757,21.907687428529666,6323543
2013-10-22,21.792644500732422,22.222795900975242,21.737625275358496,22.09775184268561,5202197
2013-10-23,21.63258934020996,22.132764252701968,21.532554624834088,21.857668117611997,4585585
2013-10-24,21.257455825805664,21.602578109950603,21.237449685348206,21.5975762409331,4574182
2013-10-25,20.527202606201172,21.347490518165998,20.45717776774316,21.287469418860947,5828513
2013-10-28,19.9119873046875,20.287118172968647,19.76193388888488,20.287118172968647,5669000
2013-10-29,20.11705780029297,20.20208824388797,19.706913861638732,19.736925077829667,5928293
2013-10-30,20.082048416137695,20.227098637977072,19.881977624799845,20.01202357238881,3247882
2013-10-31,20.547208786010742,20.892329751301443,20.017022664923736,20.062038152654562,6840208
2013-11-01,20.307125091552734,20.557211884976603,20.03202761536748,20.44717476436023,3496046
2013-11-04,20.50218963623047,20.63223555101854,20.307122099660837,20.322126370126792,2930393
2013-11-05,20.38715171813965,20.457176552437677,19.781940227079318,20.322128753120953,3497195
2013-11-06,20.532203674316406,20.877324647945713,20.11705786496246,20.307124894611437,6570316
2013-11-07,20.35714340209961,20.532204833488194,20.147068883065668,20.40215889345948,3148257
2013-11-08,20.18708038330078,20.622233620226027,20.18708038330078,20.262107079793928,3909050
2013-11-11,20.707263946533203,20.842310405493286,20.057035654800597,20.057035654800597,6784318
2013-11-12,21.99271583557129,22.507896354115587,20.49218843251432,20.682255459503644,15572762
2013-11-13,21.65259552001953,22.432868390174477,21.532553334516837,21.807649453121943,10400153
2013-11-14,21.70761489868164,21.84266269223923,21.30747472268746,21.612580722039695,4933464
2013-11-15,21.70761489868164,22.147768691591466,21.612580722039695,21.70761489868164,6482800
2013-11-18,21.982711791992188,21.982711791992188,21.44752380362735,21.732623672349952,5754280
2013-11-19,21.882675170898438,22.362843891359866,21.742625515559688,21.927690654538573,5264018
2013-11-20,21.6575984954834,22.087748569166227,21.587573661094005,22.0127232011036,5149887
2013-11-21,21.24745750427246,21.652599623215878,21.12741529602161,21.607582793412202,4414582
2013-11-22,21.03738021850586,21.33248383052955,20.957352980555033,21.33248383052955,4011757
2013-11-25,21.24245262145996,21.502543145372744,20.9173377970532,20.947349012665804,4386342
2013-11-26,21.20743751525879,21.40250639131047,21.11240467943521,21.242450596803,2444513
2013-11-27,21.282466888427734,21.407510952731492,21.087397987840358,21.207440182722948,3130436
2013-11-28,21.58257293701172,21.887678965962717,21.272463702896758,21.292471181101817,5259830
2013-11-29,21.36249542236328,21.63259104502141,21.217445207198477,21.582573683391725,4941616
2013-12-02,20.507190704345703,21.217440003647464,20.412157874117266,20.907330834862034,6455010
2013-12-03,20.717266082763672,20.957350438722568,20.487184128626,20.5071916034934,4972181
2013-12-04,20.957353591918945,21.057388310081993,20.612232612205023,20.682256113551553,5248731
2013-12-05,20.94734764099121,21.0423804796496,20.817301719744176,20.952349509932446,2601771
2013-12-06,21.327484130859375,21.452528205442544,20.857319051520793,20.897334010179584,6571045
2013-12-09,21.577566146850586,21.807646751289763,21.012367036961503,21.30247006232818,7556514
2013-12-10,21.36249542236328,21.557564334770515,21.312479396346344,21.48253896013236,4086198
2013-12-11,21.36249542236328,21.65760039364262,21.10740674449063,21.3074775266221,4561116
2013-12-12,21.082395553588867,21.447523997875447,21.00737018550679,21.307475664672975,3790780
2013-12-13,20.932340621948242,21.252453534527888,20.932340621948242,21.007367315392486,3268206
2013-12-16,20.28711700439453,21.00236828400928,20.277113265835563,21.00236828400928,5067171
2013-12-17,20.232097625732422,20.492188148245887,20.212090148764997,20.292118721022085,3576893
2013-12-18,20.032026290893555,20.347137366069635,20.012020150110008,20.22709517891804,4829224
2013-12-19,19.972003936767578,20.15706907491346,19.886974838675886,20.112053591475945,4848547
2013-12-20,19.021671295166016,20.057034077149723,18.92663712528498,19.906982022681603,11304491
2013-12-23,18.911632537841797,19.151718242025613,18.81659969845423,19.096697683249864,4034497
2013-12-24,18.991661071777344,19.026674154571726,18.836607140525572,18.911632503859874,5284322
2013-12-25,18.976659774780273,19.081696368401214,18.881625585055765,19.001667787940484,4274762
2013-12-26,18.571514129638672,19.046682350524314,18.4564738101902,19.01667113556597,6728104
2013-12-27,18.811599731445312,18.931641927867968,18.521499314972026,18.531501718330013,4159801
2013-12-30,18.561511993408203,18.91163485113329,18.491488490353355,18.85661695685278,4386321
2013-12-31,20.417163848876953,20.417163848876953,18.411459588801826,18.50649377375578,16730051
2014-01-02,20.547208786010742,20.90733402346997,20.257107046971633,20.752280083235963,20037004
2014-01-03,20.277111053466797,20.47718179597923,19.861965297853168,20.42716444425424,11479980
2014-01-06,20.1120548248291,20.4071584230803,19.856964843685883,20.067039338631055,9329979
2014-01-07,19.906984329223633,20.0920494861058,19.74692851879012,19.861967505616054,5247358
2014-01-08,19.24675178527832,20.22209356655853,19.24675178527832,19.906983822994395,7054538
2014-01-09,19.376798629760742,19.946998385162455,19.01667204668198,19.14171611044094,7759873
2014-01-10,19.446819305419922,19.606876431725716,19.02167115312865,19.361790209206653,5097937
2014-01-13,19.92699432373047,20.097055241238,19.391807562375114,19.506846571444278,6326275
2014-01-14,20.18708038330078,20.19708412091487,19.711913531531692,19.926988547784543,7417678
2014-01-15,19.806947708129883,20.142064927206743,19.681903650716105,20.092048906976338,7020141
2014-01-16,20.09204864501953,20.232096972431464,19.781939440101024,19.826954926211556,6737287
2014-01-17,19.906984329223633,20.182080462095705,19.81195014833137,19.992013435923806,5708606
2014-01-20,20.08704948425293,20.342138163680957,19.771938367768012,19.84196320872163,6153029
2014-01-21,20.007017135620117,20.14706545553757,19.881973086528195,19.992011529182086,4462287
2014-01-22,20.522201538085938,20.807301437015877,19.756932825963357,19.957003609997876,11081408
2014-01-23,20.50218963623047,20.59722380578135,20.267108485730844,20.472179759686092,5776978
2014-01-24,20.572219848632812,20.84731602070188,20.347141040975142,20.402160275388955,6846905
2014-01-27,20.962358474731445,21.227450916654416,20.457180270601974,20.507197636873503,8734234
2014-01-28,20.78729248046875,21.10740408886907,20.697260172372513,20.842310369287873,4922794
2014-01-29,20.457176208496094,20.927341227947554,20.212089960379885,20.787292897318725,6047391
2014-01-30,19.9169864654541,20.457174949159874,19.9169864654541,20.367143980413086,4771943
2014-02-07,20.562213897705078,20.622236331280302,19.461827992133433,19.706914253448236,4450213
2014-02-10,20.76728630065918,20.88232662579986,20.45717707547501,20.65724784492572,5392639
2014-02-11,21.41751480102539,21.582572485929298,20.707265366942522,20.767286464690546,9794339
2014-02-12,21.562562942504883,21.652595248308394,20.997365105296172,21.357491657285145,6842451
2014-02-13,22.983060836791992,23.108106228076903,21.40750947503568,21.522549792556227,18230444
2014-02-14,24.96875762939453,25.28386868853302,22.77298662433907,22.782990362027988,20666220
2014-02-17,26.429269790649414,27.414615192170572,24.673652657758634,24.968756224919915,22156566
2014-02-18,26.309228897094727,26.804404609936807,25.60898322042338,26.309228897094727,10900615
2014-02-19,27.25956153869629,28.359948700089006,26.03913486130816,26.134166367406625,14602481
2014-02-20,26.864421844482422,27.509648233638238,26.089149536604115,27.239555329730003,9055870
2014-02-21,25.608985900878906,26.459285074758057,25.31388492972702,26.134170213352697,10081835
2014-02-24,25.85407066345215,26.124163591225734,25.00877478829082,25.358897624641987,6065231
2014-02-25,24.373550415039062,25.984117665681133,24.358546142174365,25.854071730102564,7463990
2014-02-26,24.948753356933594,25.50894938330599,24.00842326325568,24.243507122287838,5243942
2014-02-27,24.55861473083496,25.0237792282718,24.313529812236432,24.958756262729285,5267614
2014-02-28,25.49394416809082,25.909089970844246,24.358545213242873,24.45857992805179,5910774
2014-03-03,24.95375633239746,25.498945409680307,24.738679953290927,25.33388772497948,5535614
2014-03-04,24.6086368560791,25.17883668191321,24.408567397841853,24.898737303400548,4132669
2014-03-05,25.909090042114258,26.254212346818374,24.523602960820227,24.523602960820227,7074869
2014-03-06,26.259212493896484,26.684362030163175,25.64899780252017,25.909089660644533,6295679
2014-03-07,25.82906150817871,26.484288992661167,25.568969659276434,26.06414267614606,4240000
2014-03-10,24.86372184753418,25.508948291961495,24.48359046771711,25.50394775830151,5058867
2014-03-11,25.358901977539062,25.759040904210472,24.53861397239182,24.868729388263446,5165770
2014-03-12,24.913740158081055,25.909089422646293,24.808702240580242,25.108809049882442,3938922
2014-03-13,27.02948570251465,27.109515622357314,24.598632983031866,24.708671451589904,8895149
2014-03-14,26.68936538696289,27.209549158236054,26.269219011108035,26.994472764924957,5874374
2014-03-17,26.859424591064453,27.08450203847227,26.274217885353448,26.60933646076939,3509396
2014-03-18,27.509653091430664,28.239910044276698,26.874430327792297,26.874430327792297,8534610
2014-03-19,28.359949111938477,28.760087961001165,27.269565672914776,27.434623348836915,6995063
2014-03-20,27.484638214111328,29.110206736757416,27.484638214111328,28.274914735088803,6782559
2014-03-21,27.074501037597656,27.429627126747047,26.309232296569025,26.884435321540295,5863519
2014-03-24,27.08449935913086,27.689713482790555,26.96445717531345,27.04948761202267,4297627
2014-03-25,25.869075775146484,26.999471558233548,25.859072036249668,26.999471558233548,6100423
2014-03-26,25.15882682800293,26.004125418187822,25.03878463014194,25.86907627607834,6296997
2014-03-27,25.083799362182617,25.67400659455576,25.008775328109607,25.013775861891016,4588644
2014-03-28,24.258512496948242,25.24885865924798,24.23850501809311,25.05879295257518,4686089
2014-03-31,24.60363006591797,24.93374538944149,24.1384656218803,24.208489113091364,2386374
2014-04-01,25.889080047607422,25.909087522923926,24.458577617177315,24.48358829693545,4107496
2014-04-02,26.984468460083008,27.5096527545122,25.66400692292993,25.904091324453297,5775316
2014-04-03,27.119516372680664,27.214547885179105,26.514302191104672,27.009475245027936,2327819
2014-04-04,26.949451446533203,27.13451658121051,26.60433185623899,27.129516048133386,1841525
2014-04-08,27.00447654724121,27.529660853504414,26.61433871816837,26.90944235705604,3424320
2014-04-09,26.454280853271484,27.25956175075398,26.434273376708223,27.06949606585334,4318659
2014-04-10,26.83941650390625,26.94945495819082,26.074147857642977,26.314232243577546,3880017
2014-04-11,26.489295959472656,27.779748977906163,26.46428794621111,26.759391584864126,6204886
2014-04-14,26.46428680419922,26.769394169235678,25.764041093289414,26.384256891254967,3475074
2014-04-15,26.214197158813477,26.64434723121144,26.019128264085545,26.24920890809728,1615187
2014-04-16,26.309228897094727,26.464285510230035,26.059143445048047,26.214197386958084,1323603
2014-04-17,26.949451446533203,27.089501098616694,26.324232552072004,26.324232552072004,3160227
2014-04-18,27.25456428527832,27.47964441511458,26.71437571338696,26.809407230922414,2602287
2014-04-21,26.114160537719727,27.23955566485816,26.114160537719723,27.109509744535714,2693866
2014-04-22,26.05413818359375,26.25921080246132,25.60898119903367,26.01912643676881,2642837
2014-04-23,28.660057067871094,28.660057067871094,25.909092764693366,26.254215105663626,11099481
2014-04-24,28.39995765686035,28.910137560626648,27.94980017529002,28.66004947725983,5592951
2014-04-25,26.909440994262695,28.00482771493698,26.909440994262695,28.00482771493698,5314066
2014-04-28,28.084854125976562,28.084854125976562,26.454282106007778,26.639347266143908,6790473
2014-04-29,27.899789810180664,28.309932426661327,27.27457081078888,28.009828268594408,4285478
2014-04-30,28.299924850463867,28.610035376766906,27.51965200830546,27.779743846099937,4213531
2014-05-05,27.919797897338867,28.139874818967105,27.31458369163577,28.139874818967105,3308802
2014-05-06,27.859773635864258,28.43497658604191,27.514654002737878,27.859773635864258,2923485
2014-05-07,27.049489974975586,27.704720174249957,26.759389563622605,27.704720174249957,3795548
2014-05-08,27.009471893310547,27.63469347505524,26.944451605513304,27.04948684385501,2379340
2014-05-09,27.504650115966797,27.749735032791133,26.78939750017696,27.009474406196833,2590516
2014-05-12,28.05484390258789,28.289927764820558,27.199544242925167,27.534660153800985,3644932
2014-05-13,29.080204010009766,29.445331132615415,27.739732373383234,27.95980928796476,6017032
2014-05-14,28.459983825683594,29.130218267756074,28.37995659011193,29.11021079105686,4391616
2014-05-15,27.65470314025879,28.840118096147012,27.634695663402198,28.26991836186026,3231177
2014-05-16,27.93479347229004,28.44997386408908,27.60467819263915,27.60967872510752,3060883
2014-05-19,26.77439308166504,27.79475036888054,25.58397491096767,27.79475036888054,4826140
2014-05-20,27.349590301513672,27.554662911284595,25.058787862436475,26.784393830403488,11064767
2014-05-21,26.95945930480957,27.399613131873323,26.65935248001131,26.76939360800259,4029170
2014-05-22,26.459280014038086,27.264563540966,26.019126237383094,26.809402822054565,3657781
2014-05-23,26.58432388305664,26.774389547247562,26.039132226625583,26.264209635374716,2168677
2014-05-26,27.01947784423828,27.399611891874205,26.664354478353886,27.00947410578271,2214356
2014-05-27,27.45963478088379,27.7047196990724,26.994470284224974,27.019478295168643,2842919
2014-05-28,27.434621810913086,27.849767579839853,27.244556135385483,27.26956414424371,2123822
2014-05-29,28.034835815429688,28.299928218007114,27.359598131951977,27.50965154410821,2877746
2014-05-30,27.669700622558594,28.03482763630642,27.51964725418023,27.959800952117238,1913942
2014-06-03,27.489643096923828,28.239907460022184,27.259562452969703,27.66970771940654,1419126
2014-06-04,27.269559860229492,27.49964045076491,26.859417360242276,27.344586546242613,1515886
2014-06-05,27.639699935913086,27.759742142065903,27.074500658771587,27.274572783176662,1456702
2014-06-06,26.984468460083008,27.659706173270667,26.834415041324537,27.534660767230125,2074998
2014-06-09,26.809404373168945,27.249558175289962,26.76939209102852,26.76939209102852,1433152
2014-06-10,26.984468460083008,27.09951012679129,26.509302862315128,26.839418246603397,1876970
2014-06-11,26.91944122314453,27.154525053352312,26.759386761648837,26.92944496089114,1443965
2014-06-12,26.789396286010742,27.399610954804896,26.759387742895555,26.93444915304305,1964576
2014-06-13,27.169532775878906,27.214548265844737,26.559318051941396,26.88443289194505,1580359
2014-06-16,27.509653091430664,27.699718798620513,27.0094768035936,27.169533963644596,3010533
2014-06-17,27.349590301513672,27.65970081832517,27.32458229363732,27.509647428617185,2464156
2014-06-18,26.522281646728516,27.41535873075198,26.485936082847243,27.36862832390623,3283455
2014-06-19,26.247085571289062,26.480737563951166,25.343623805026848,26.42881613135438,3592016
2014-06-20,26.174392700195312,26.28862318393138,26.01862562336601,26.039392533418432,1550540
2014-06-23,25.966703414916992,26.53785587756985,25.857663957052083,26.221125119283645,1773182
2014-06-24,26.470355987548828,26.740356343915046,25.836897239213208,25.966703609703092,2196964
2014-06-25,26.14324378967285,26.52747464871799,25.9926649577574,26.52747464871799,1066067
2014-06-26,26.22112464904785,26.574200962627607,26.12247280826064,26.15881836923427,1341981
2014-06-27,26.169206619262695,26.205552184969445,25.899206234602996,26.205552184969445,1426154
2014-06-30,26.350933074951172,26.58458508415437,26.1172782927595,26.169202502020475,1481293
2014-07-01,26.138050079345703,26.439204971311188,26.029010617619353,26.27824406913511,1219545
2014-07-02,26.356122970581055,26.39246852899907,26.070546764456132,26.195162088309587,1374566
2014-07-03,26.574199676513672,26.833815171314146,26.26266274654615,26.340547672285137,2424521
2014-07-04,26.605358123779297,26.678052025914056,26.382090928266038,26.58978224553055,1121838
2014-07-07,25.966703414916992,26.6001649314894,25.96151238025133,26.392470858079502,2288972
2014-07-08,26.22112464904785,26.418433876599384,25.701896407306183,25.961511914671295,1491725
2014-07-09,25.743431091308594,26.273046908846595,25.73824005712148,26.20554682648402,2219422
2014-07-10,25.6447811126709,25.86285725108122,25.6447811126709,25.73824191870553,1640767
2014-07-11,25.411128997802734,25.66555072388141,25.390359311390423,25.442283527421196,1480561
2014-07-14,26.636512756347656,26.636512756347656,25.20862870540344,25.390359301960384,4266763
2014-07-15,28.07996940612793,28.370739435855402,26.36650929970846,26.61573996147815,9140412
2014-07-16,28.349973678588867,28.391510279311312,27.57112705943459,27.778821155002404,4472973
2014-07-17,27.623048782348633,28.29804690627555,27.56073972740782,28.29804690627555,2519073
2014-07-18,29.580547332763672,30.385354642007073,27.571125963656147,27.6074743007034,8548820
2014-07-21,29.590940475463867,30.291902324151227,29.38844013935511,29.575364593066872,4610958
2014-07-22,29.902463912963867,30.19323112055867,29.341693632266654,29.596118058523665,3318469
2014-07-23,29.62727928161621,30.084204079092387,29.419587956483632,29.850549258576535,2220309
2014-07-24,29.69477653503418,30.11535295330245,29.424778947408978,29.627276444880714,2330354
2014-07-25,29.67919921875,30.11535149321977,29.10285296299539,29.59612325527684,2921934
2014-07-28,30.660545349121094,31.345931107519164,29.725931683019496,29.725931683019496,4177959
2014-07-29,29.632471084594727,30.681315255824508,29.51824058620314,30.681315255824508,5655631
2014-07-30,29.80381965637207,29.95439573252242,29.165167011847302,29.492279887245545,4012652
2014-07-31,30.46842384338379,30.66053923699405,29.476695126197534,29.751886472481253,4606481
2014-08-01,30.167280197143555,31.138239503768517,30.115355979120505,30.302280391014534,3089917
2014-08-04,31.10188865661621,31.127849374725187,30.094583954907655,30.11535086560175,3588044
2014-08-05,30.883819580078125,31.3615113219636,30.676128241777253,30.925358956933945,1959050
2014-08-06,30.55670166015625,30.920162861799533,30.328240650322062,30.79035647820789,3983154
2014-08-07,30.4840087890625,30.84227616203921,30.390545203383198,30.62939381601933,2903000
2014-08-08,30.935733795166016,30.935733795166012,30.489196690325926,30.634581702340142,2571927
2014-08-11,30.873430252075195,31.23170039295181,30.790354283417898,30.951315185873966,1694338
2014-08-12,30.411314010620117,30.847469078891724,30.40612297583781,30.722853741241074,2680410
2014-08-13,30.535926818847656,30.946118360263796,30.224389887021317,30.406120457167123,4590815
2014-08-14,30.686508178710938,30.99285410156004,30.374968448090872,30.38535329064412,3195827
2014-08-15,30.665740966796875,31.257663175127128,30.27112523691374,30.572277376279814,2868272
2014-08-18,31.12786102294922,31.205745979409627,30.696902403716763,30.696902403716763,2419586
2014-08-19,31.828813552856445,32.244198941543004,30.63458437324207,31.15381541585309,4132851
2014-08-20,33.36054229736328,34.01996453922976,31.610736558899774,31.688621490512222,6562232
2014-08-21,33.09054183959961,33.42285124986388,32.607659147259945,33.38650291503066,1855086
2014-08-22,33.023040771484375,34.45611847491078,32.78938875727632,32.78938875727632,2989784
2014-08-25,33.95246124267578,34.40938317378399,32.72188664921707,33.204769297414146,2887570
2014-08-26,32.727081298828125,34.24842607450452,32.244198597286584,33.78111925033931,2887598
2014-08-27,32.503814697265625,33.178812839137066,32.285735772163896,32.737466727033585,1537298
2014-08-28,32.48823165893555,33.44880868766435,31.673039636310072,32.32727077728086,2422487
2014-08-29,32.99708938598633,33.36055064243777,32.17670604096491,32.29612759911873,1800915
2014-09-01,33.85380935668945,33.85900316431772,32.45188892638021,32.71150443710161,2347378
2014-09-02,34.52362060546875,35.20380977719481,33.43842811483532,34.00958059780623,3601687
2014-09-03,34.74169158935547,35.36476819311228,34.30034554615322,34.611882461537476,3696835
2014-09-04,34.778045654296875,35.048046044137216,34.42496928796296,34.5807363972648,1598517
2014-09-05,35.25572967529297,35.515345164772114,34.71053797928329,34.73649869633469,2313439
2014-09-09,34.72611618041992,35.46342333255964,34.52880972623717,35.10515598509773,1866362
2014-09-10,34.64304733276367,34.788432379231125,34.16535558936284,34.42497114955705,1513089
2014-09-11,33.625343322753906,34.63265068755334,33.386497532439414,34.580726484011855,3554397
2014-09-12,33.973236083984375,33.973236083984375,33.46438986844767,33.46438986844767,1188030
2014-09-15,33.542274475097656,34.279581683636266,33.47996541764939,34.264005805768576,3227000
2014-09-16,32.509002685546875,33.853807808371506,32.509002685546875,33.853807808371506,3178284
2014-09-17,32.74265670776367,33.30342428664981,32.31169548879959,32.50900193231788,2271280
2014-09-18,32.30131149291992,32.71150303951838,31.937850348036385,32.34804189463483,2063714
2014-09-19,32.867279052734375,32.96593090906799,32.23381744769582,32.2701630143971,1241304
2014-09-22,31.78208351135254,32.87246704953448,31.62112260727613,32.8672760146237,2530708
2014-09-23,32.56612014770508,32.62842920270824,31.818428125599052,31.82881296809958,1893655
2014-09-24,33.152854919433594,33.23073986026546,32.21823840244018,32.45189322493577,1779358
2014-09-25,32.84131622314453,33.583817316340806,32.65958561296194,33.47996887653157,2730453
2014-09-26,32.680355072021484,33.01785556656493,32.34804838592664,32.70112475983785,1184611
2014-09-29,33.04900360107422,33.32419497806776,32.503811881526204,32.503811881526204,2495676
2014-09-30,32.77900314331055,33.17880984830952,32.59207876335733,33.012655152016485,1060115
2014-10-08,32.29611587524414,32.70631017183876,31.87553951039568,32.68554048935444,1749952
2014-10-09,32.2493896484375,32.42592919940588,31.994967937559316,32.13515915298338,2570178
2014-10-10,32.46746826171875,32.70112307815347,31.93266130640076,32.0001614018382,2407809
2014-10-13,31.78208351135254,32.37400568659545,31.465352738110504,32.0936232496838,2070710
2014-10-14,31.724966049194336,31.81323582042957,31.418620140133882,31.595159682604347,2418803
2014-10-15,32.0365104675293,32.067665001055715,31.413436434936113,31.67304922868868,1511633
2014-10-16,32.03131866455078,32.96074142840827,31.699011967196036,31.87035773800344,2342117
2014-10-17,32.945159912109375,33.023044850795976,32.00535515866366,32.0313158805629,3475005
2014-10-20,33.07496643066406,33.74477352238142,32.94515728553921,32.94515728553921,2096578
2014-10-21,33.12169647216797,33.30861808967152,32.71150490221195,33.08015710250557,1531233
2014-10-22,33.17362594604492,33.376123472796486,32.799779878752,33.126892761267875,1705891
2014-10-23,32.24420166015625,33.39689156619239,32.202662285888664,33.267085181089584,2314599
2014-10-24,30.64497184753418,32.363623252198046,30.468432279610376,32.259777589355956,3859716
2014-10-27,31.67304039001465,31.932655884308144,29.803813267882965,30.593041819385842,2781076
2014-10-28,31.205734252929688,31.85996542295877,31.0759278896006,31.662656201273315,2402208
2014-10-29,31.496503829956055,31.673040592491596,31.122657848542143,31.21092761630413,1926948
2014-10-30,31.371896743774414,31.93266447670687,31.05516592189015,31.413436121395023,2165119
2014-10-31,31.366701126098633,31.78727755760853,30.68131536042375,31.21612229071467,2784103
2014-11-03,31.319969177246094,31.589969556969763,31.159008265638175,31.408238958769427,1635025
2014-11-04,30.64497184753418,31.325163850788236,30.494395775062603,31.205739536077026,2204707
2014-11-05,30.182851791381836,30.754004243611416,30.167275914680506,30.390543088012855,2121582
2014-11-06,30.551504135131836,30.73323469735,30.297079684233413,30.484004053565755,2486408
2014-11-07,30.46842384338379,30.676117884549694,30.374963050002627,30.676117884549694,2157738
2014-11-10,32.072853088378906,32.19227461944297,30.22958372522713,30.613814584543018,5856095
2014-11-11,31.932659149169922,33.209967068010386,31.683428471005378,32.244198883369954,4728064
2014-11-12,31.67823600769043,32.19227321835446,31.387465971947314,31.776890622136946,2878710
2014-11-13,30.89938735961914,31.776888441231872,30.89419632536755,31.699003516539328,2839928
2014-11-14,31.932659149169922,31.932659149169922,30.84746943327785,30.84746943327785,3664025
2014-11-17,32.08842086791992,32.9659190535109,31.683420425498856,32.45188195019893,4075972
2014-11-18,31.896310806274414,32.32208099977463,31.83400452865815,32.08842621948961,2576074
2014-11-19,31.9586238861084,32.38958239534337,31.704199390211546,31.896314827647977,1840770
2014-11-20,31.63150978088379,31.93785573388892,31.4653550566646,31.730164408356643,1269821
2014-11-21,31.63669776916504,32.15073777118287,31.153815067861828,31.522467273825225,2484123
2014-11-24,31.24208641052246,31.787278194627216,30.998046757243234,31.42900804027778,4056189
2014-11-25,31.750930786132812,31.756124594327293,31.138238890473087,31.17977826407337,2699184
2014-11-26,32.30131149291992,32.363617770876985,31.314773703523393,31.782080493661017,4288445
2014-11-27,31.88592529296875,32.32208031905071,31.839194892493612,32.228616745112035,4076529
2014-11-28,31.278432846069336,31.953431028195155,31.159008533630235,31.932661341424105,4985780
2014-12-01,33.521507263183594,33.70323786800303,31.16939424420532,31.294009595309767,10751851
2014-12-02,33.6461181640625,34.00957932562795,32.71150454089093,33.02304149095192,7482738
2014-12-03,34.70534896850586,35.79573242409822,33.67207798456109,33.682462826584796,10347857
2014-12-04,36.289005279541016,36.60573607538079,34.78843004875188,34.78843004875188,8093478
2014-12-05,35.30765151977539,36.57976549191706,34.684577665369524,36.288998247791994,7003619
2014-12-08,35.44265365600586,35.6088083568721,34.24842454256002,35.19342299120076,7206143
2014-12-09,34.892269134521484,37.950534272692494,34.78842349157185,35.048038985440144,8946848
2014-12-10,36.735538482666016,37.06784789434555,35.048041796650274,35.28169381878113,5632135
2014-12-11,35.97745895385742,37.374185386607664,35.930725783512294,36.74072673233414,3832572
2014-12-12,36.289005279541016,37.124964387996954,35.998235206084814,35.998235206084814,3198281
2014-12-15,36.969200134277344,37.114582409238245,35.93073788291054,36.24746870319807,3426336
2014-12-16,36.30457305908203,36.792649505147104,35.83726629548582,36.792649505147104,3024893
2014-12-17,35.12592315673828,36.33053989395807,34.84034692896647,35.883999998725265,5355196
2014-12-18,35.1103515625,35.764582835368195,34.77804489083169,34.95458168362873,3505588
2014-12-19,35.46862030029297,35.889196737909444,34.97015892637881,35.125926025985386,3529829
2014-12-22,36.398033142089844,36.512266393424255,34.55476684051167,35.30764979079206,5276833
2014-12-23,38.95783615112305,39.84571918298358,35.89957145038521,36.39802991064971,10032877
2014-12-24,39.61726760864258,41.631879924960195,38.43861432119119,38.94226670702343,11039732
2014-12-25,39.62246322631836,39.62246322631836,38.480158142206584,39.357656642817716,6329766
2014-12-26,40.85823059082031,41.24246147875646,38.9474637675583,39.139579211526375,7509142
2014-12-29,41.460533142089844,41.849955022954276,40.23514948034131,40.81149574965292,6903118
2014-12-30,40.96726608276367,41.53841855100446,40.24034375118862,41.37745765295375,4732184
2014-12-31,41.0451545715332,41.43457649062876,40.2455382737102,40.499962775603876,3787096
2015-01-05,45.15226364135742,45.15226364135742,40.69726853552832,40.853038409616964,7511469
2015-01-06,45.14706802368164,46.725527971658856,43.978799632578195,44.394182223999884,5248576
2015-01-07,44.08264923095703,46.003800820920176,43.51149673007337,44.773226040019345,5507287
2015-01-08,43.937259674072266,44.91341263298544,42.84687622675362,44.00995356768661,4540155
2015-01-09,42.91437911987305,44.91341557071151,42.87803355718281,43.91649286270115,4633239
2015-01-12,43.35572052001953,43.51149036948574,41.849951778819104,42.909183427603246,4162149
2015-01-13,43.27783966064453,44.108607647522895,42.498995886128604,43.32976387300696,2783468
2015-01-14,41.252838134765625,43.610144438689765,41.211298769290686,43.09610449639662,3734785
2015-01-15,41.325531005859375,41.5799554707126,40.24034138014352,41.25283988618044,4162734
2015-01-16,41.50726318359375,42.5716859398519,41.34111125418966,41.43457206110303,4556694
2015-01-19,39.305728912353516,42.15630587854782,38.21534537148788,40.44284563247486,7171544
2015-01-20,39.25381088256836,40.1728487559958,38.48015804848897,38.78650400629812,5912695
2015-01-21,41.143802642822266,41.30995734770928,39.253805699804886,39.3057271386524,7596246
2015-01-22,40.66611099243164,41.45014856685747,39.985919068706174,41.330727039098065,5523592
2015-01-23,39.6484260559082,41.00880729021672,39.238234439598926,40.671309579031345,5562776
2015-01-26,40.90495300292969,41.019183485336846,38.921495436409614,39.64841769645094,4018453
2015-01-27,40.619380950927734,41.27361216106643,39.57053681920214,40.8738054317544,3738971
2015-01-28,39.959957122802734,40.6141883070202,39.81457210708901,39.85611147528966,2310390
2015-01-29,39.46669006347656,40.34418842952003,39.33688092283214,39.47188109806783,2155420
2015-01-30,39.83015441894531,40.494767733334,39.471884267744024,39.81976957594029,3236483
2015-02-02,39.409576416015625,40.229959569877366,39.31092179788422,39.461497855987865,2999029
2015-02-03,40.45842742919922,40.62977320157509,39.726313926592226,39.98073568081997,3540325
2015-02-04,41.9589958190918,42.550917984243966,40.43765103567834,40.47919040621137,6510637
2015-02-05,42.826107025146484,44.1345693950548,42.000532878643064,42.000532878643064,7183954
2015-02-06,41.34111404418945,43.50111145612354,41.03476811075228,43.09611090151512,3621494
2015-02-09,42.99225997924805,44.03071918636524,41.33072413866517,41.35668485627128,5416902
2015-02-10,43.09611511230469,44.321498965781885,42.473038341639246,43.50630674195339,3665494
2015-02-11,43.122066497802734,43.604951930373396,42.50418366939404,43.09610578010177,3122072
2015-02-12,42.410728454589844,43.39726636006819,42.25495858188569,43.13765082989086,2225952
2015-02-13,41.95380401611328,42.784572000641965,41.746109940239634,42.64437801415424,3884686
2015-02-16,42.36919021606445,42.4107295893607,41.0711153034344,41.95899861022509,3204286
2015-02-17,41.984954833984375,42.52495553702712,41.95899411494996,42.358800834631985,2194714
2015-02-25,39.83534622192383,42.00572853801723,39.76265509247608,42.00572853801723,4896157
2015-02-26,40.738807678222656,40.75957459139366,39.49784527356785,39.72111524030256,3016517
2015-02-27,41.7357292175293,41.91745981873947,40.81150033277061,40.96727021180473,3655467
2015-03-02,40.697269439697266,41.59034655852776,39.461500808649255,41.59034655852776,5024726
2015-03-03,39.9028434753418,40.42207450668065,39.7730371040014,40.375344102078564,4281258
2015-03-04,40.105350494384766,40.24035069617534,39.77823483412215,40.229965851961516,2674819
2015-03-05,39.7470703125,40.04822517303829,39.2538028147593,39.46149410086186,3441552
2015-03-06,39.39918899536133,39.91841722605172,39.24341913965996,39.6276499714628,2141669
2015-03-09,39.87688064575195,39.92880208234545,38.73457299184467,38.83841863802015,3832564
2015-03-10,39.25381088256836,39.95477258346822,39.07727131200523,39.85092414608462,2990957
2015-03-11,39.5809211730957,40.120919109491126,39.1499599217184,39.258996606736524,4000945
2015-03-12,39.809383392333984,40.068998912739275,39.560152714584,39.959959451352894,4674117
2015-03-13,39.705535888671875,40.22995793988007,39.53938118691771,39.61726611670908,4632143
2015-03-16,40.34418869018555,40.51553442763287,39.54457524876469,39.85091838933137,7644582
2015-03-17,41.08149337768555,41.512454599162766,40.427262221012924,40.749183992048565,7655212
2015-03-18,41.361881256103516,41.361881256103516,40.759571495177546,41.01918700647637,6709519
2015-03-19,41.23726272583008,41.496875444021065,40.930914061468414,41.36187805067664,5674502
2015-03-20,40.68168640136719,42.005721808546696,40.52072551695595,41.23726294539168,7882147
2015-03-23,41.13341522216797,41.44495492767989,40.74918439763044,40.956878458967864,7284970
2015-03-24,42.8105354309082,43.46995771636137,40.95688391876774,41.3099602652236,14674345
2015-03-25,41.64226531982422,42.72745781159469,41.48649545230941,42.42111188440954,10047004
2015-03-26,42.628807067871094,42.9663075538395,41.33592315053577,41.64226910557118,9638332
2015-03-27,42.53014373779297,43.27264465500282,42.33283729489879,42.77937438828477,5870040
2015-03-30,42.7638053894043,42.92476629935868,42.213419792314824,42.77938126769417,5529546
2015-03-31,42.2497673034668,43.61015123180501,42.05765186770207,42.743034866869976,8535640
2015-04-01,42.410728454589844,42.72226542700937,42.05765210998553,42.24457373883949,5226527
2015-04-02,42.73264694213867,42.85207124137506,42.16149448402181,42.680725503939996,6814222
2015-04-03,43.26225662231445,43.527063129058334,42.535334407498304,42.61841036053814,7050052
2015-04-07,43.95283889770508,44.082645264229505,43.127261976724554,43.724377917909415,7503255
2015-04-08,46.47630310058594,46.72553379569939,44.1345749919496,44.1345749919496,12446522
2015-04-09,44.658992767333984,46.73072029291565,43.677645960751654,46.73072029291565,7711977
2015-04-10,45.74418640136719,45.95188049371842,44.067074422084374,44.61226621515226,6515684
2015-04-13,45.9726448059082,46.57494900705011,45.1730286057596,45.67668096688095,5106882
2015-04-14,46.67361068725586,48.54802909596473,46.14918582079027,46.14918582079027,7574130
2015-04-15,45.640342712402344,47.23957536870845,45.16265099344918,46.61130480237627,4820862
2015-04-16,49.74226379394531,50.20437685453762,45.18342006555461,45.432650765352484,14374711
2015-04-17,49.37879943847656,51.14417836563712,48.599950085046515,49.3216814159681,12430142
2015-04-20,47.499183654785156,50.15764238899594,47.104570722839334,49.435911070404984,7940599
2015-04-21,52.25014114379883,52.25014114379883,47.784764015924274,48.02879812158918,11883111
2015-04-22,51.68418502807617,53.45476073908301,50.88457144316492,52.85764745467228,10371975
2015-04-23,50.936485290527344,51.91782934131072,50.370523849879056,51.86071686675638,7964303
2015-04-24,50.168025970458984,51.35187589392437,49.067260337348436,50.36014418033697,7054453
2015-04-27,51.04032897949219,51.56994203556504,49.856484768284155,49.88763652006133,7826810
2015-04-28,48.28841018676758,50.98840801917316,47.50956092532,49.887636984449784,8552842
2015-04-29,48.05995178222656,49.89802726383901,47.72245134190514,49.08802620706761,5871588
2015-04-30,48.58437728881836,49.29052997336427,48.11706767379152,48.28841619642796,6347943
2015-05-04,49.45148468017578,50.10571584079971,48.973793055049505,49.27494514467812,5984305
2015-05-05,47.706871032714844,49.45148564647682,47.35379750079721,49.067254815934966,5219674
2015-05-06,46.68398666381836,48.75571404628531,46.211486074068425,48.23129202125903,6178715
2015-05-07,46.23745346069336,47.77437410598303,46.23745346069336,46.6684119471559,5339695
2015-05-08,47.109764099121094,47.34341613978222,45.87399548221593,46.73072425295482,8023783
2015-05-11,48.01322555541992,48.02360762557428,46.20110786228387,47.24995483583461,9656840
2015-05-12,47.17206954956055,47.97687404247324,46.891681576241545,47.76918273933375,10664039
2015-05-13,47.78995895385742,47.873032158877265,46.68918768704765,47.17207599475029,10415724
2015-05-14,46.52302551269531,47.717257339087155,46.47110130472629,47.71206075880764,7424727
2015-05-15,44.991294860839844,46.52302429342759,44.51360325199773,46.52302429342759,11129613
2015-05-18,45.437835693359375,45.69226016724159,44.446106835747315,44.69533750204617,6748582
2015-05-19,46.678794860839844,46.694373509556954,45.16264128033567,45.224950329227376,6868958
2015-05-20,47.18763732910156,47.56148606934933,46.25302379744713,46.72033333626268,11731788
2015-05-21,49.75264358520508,49.93956521499555,47.23957256118795,47.23957256118795,13636186
2015-05-22,49.88245391845703,50.18879709164688,49.093222462238764,49.84610558025825,10922133
2015-05-25,50.36534118652344,50.51072900642035,49.316496871312175,49.85130110020703,11287112
2015-05-26,51.40898513793945,51.663406844121454,50.67687177358689,50.67687177358689,12209236
2015-05-27,51.40378952026367,53.74032616381795,51.149367836764974,51.559559369297524,11927063
2015-05-28,48.28841018676758,52.437055998914225,48.28841018676758,51.50763346550238,12087489
2015-05-29,48.605140686035156,49.638406085227324,48.111870413880034,48.28840994866947,9214804
2015-06-01,51.91783142089844,51.91783142089844,48.18975875796225,48.80764720911017,9734271
2015-06-02,51.196109771728516,51.90745354814311,50.36014786961879,51.40380110190908,7805308
2015-06-03,52.95109939575195,52.95109939575195,50.46398372389747,51.12860254295962,9264498
2015-06-04,51.13898468017578,52.75379023389499,48.28841338689536,52.4422560546471,12766112
2015-06-05,50.50033187866211,52.011294547234634,49.37879663770499,51.40379374980998,10953535
2015-06-08,51.99052429199219,52.44225522260836,49.596869463187446,50.49514028980976,9977100
2015-06-09,51.923030853271484,53.854567383610856,51.305142368191596,51.990530949777316,11466658
2015-06-10,54.79955291748047,56.076863476406515,51.196098847680986,51.65821182007922,13831997
2015-06-11,55.03841018676758,55.983405963878724,53.387256161911466,54.50879704693655,10144806
2015-06-12,57.46841049194336,58.371872480608246,55.30321634035297,55.81725639672594,14500546
2015-06-15,58.30955123901367,60.230699776499456,57.48397159086102,57.48397159086102,16494105
2015-06-16,56.128787994384766,59.03128621356075,54.36340364860666,57.297053621281464,11964804
2015-06-17,56.10801696777344,56.907630384233464,54.571093640360516,56.12878665160148,7855741
2015-06-18,52.199615478515625,56.436015191690565,51.86632852055044,54.80663112128171,10539919
2015-06-19,49.111183166503906,51.82930009638518,48.88158962945372,50.80722687868392,7906938
2015-06-23,50.62206268310547,51.08866323000193,47.844700001326906,48.95564507403834,10177617
2015-06-24,53.39943313598633,53.48831078893859,49.71109812214205,50.57763404882791,11893461
2015-06-25,52.45142364501953,54.42890466301242,51.962610715548585,53.39942927234679,11228541
2015-06-26,48.73345947265625,51.99963504966699,47.207760554984056,51.473788393071025,10752246
2015-06-29,48.14836502075195,52.48845791626953,43.860116006898544,50.0665942928853,12704637
2015-06-30,51.37010192871094,51.99222847308045,45.919064180410984,47.54844806852455,9424679
2015-07-01,49.540748596191406,53.399430868360646,49.14821553413403,50.1999089552235,9605168
2015-07-02,45.6228141784668,50.7331631272344,44.59333876559394,49.400026653448286,10248974
2015-07-03,45.14140701293945,48.14095847600374,42.14926060805608,45.62281490253165,10347587
2015-07-06,47.53364181518555,49.54815666633837,41.84560220921968,48.88158842138936,13011915
2015-07-07,49.0593376159668,49.0593376159668,45.33396901271088,46.07459913345549,21879086
2015-07-08,47.592891693115234,48.5779254293092,44.15636566418711,44.15636566418711,27255867
2015-07-09,52.35514450073242,52.35514450073242,45.91906701001999,47.59289264770314,15390563
2015-07-10,56.93964767456055,57.59140586614931,51.48120672336461,52.57733625375663,21991683
2015-07-13,55.88053512573242,59.69478102108837,52.86617104213462,54.73256193623696,19519387
2015-07-14,52.43661117553711,55.39913145323844,52.19220189649259,54.43631010276191,11423126
2015-07-15,48.80011749267578,52.34032851415564,47.7706420918876,51.10347758667046,8022844
2015-07-16,49.999935150146484,51.029410444798664,48.88158221726178,48.88158221726178,6777249
2015-07-17,52.39958190917969,52.99208827579703,49.99994186044246,50.35544115996528,6389722
2015-07-20,49.74812316894531,52.39217243755647,49.45927787787883,51.851515621174315,10315661
2015-07-21,49.474090576171875,49.7407178514762,47.99283044695187,49.62221432887029,5214613
2015-07-22,48.73345947265625,50.32580955717468,48.14095317337578,49.481491753563255,5790926
2015-07-23,49.99253463745117,49.99253463745117,47.99283551217695,48.42980458414682,7031452
2015-07-24,48.99268341064453,50.851666588026205,48.903805762328815,49.68887187882653,7556535
2015-07-27,44.09712219238281,48.866782424347555,44.09712219238281,48.08171058053626,8090775
2015-07-28,45.30434799194336,45.578383200230114,42.95655161334821,43.20836599443766,9694483
2015-07-29,46.40047836303711,46.49675824488169,44.83034046716291,45.29693823600249,4728496
2015-07-30,44.80812454223633,47.03001501540507,44.711841830653995,46.40788556990663,4442940
2015-07-31,46.689327239990234,46.733763242625095,44.63778130170971,44.83775178940636,6585371
2015-08-03,48.62977600097656,48.62977600097656,45.91906707127476,46.57822742073702,6436978
2015-08-04,50.207313537597656,51.17753712912351,48.733461268294306,48.733461268294306,8350210
2015-08-05,48.28907775878906,50.06659103683997,47.918762727968414,49.629622012739894,5004110
2015-08-06,46.807823181152344,47.74842375313594,46.64488365403214,47.69657987183035,3560434
2015-08-07,47.518829345703125,48.11873791116949,47.08185465376949,47.08185465376949,4610821
2015-08-10,48.970462799072266,49.40002394995326,47.09666678025478,47.400324999270175,6625216
2015-08-11,48.38536834716797,48.977869068156714,48.17058492874571,48.80011941691604,5355923
2015-08-12,46.86707305908203,48.72605624123172,46.79301117724199,48.140957768744464,4632743
2015-08-13,46.83004379272461,47.770644417181764,45.54875397917331,47.33367251802891,4181449
2015-08-14,46.97816848754883,47.62251872272021,46.68191531101396,47.32626554618535,3788470
2015-08-17,46.76338577270508,46.88188648002902,45.77094128938719,46.64488506538114,3858179
2015-08-18,44.49706268310547,47.12629926370107,44.385967025712446,47.01520360630805,4709600
2015-08-19,45.4006233215332,45.830190123902646,43.60829988475473,44.43780478295835,4537850
2015-08-20,44.363746643066406,45.31175232088976,43.70458344334509,44.88218548232619,4133097
2015-08-21,42.21592330932617,44.430408950605305,41.741920411932945,44.14156078630619,5744584
2015-08-24,37.99432373046875,41.16422249346875,37.99432373046875,41.16422249346875,6855611
2015-08-25,36.801910400390625,39.09786551464125,35.091056596285405,35.091056596285405,8877836
2015-08-26,37.43144989013672,38.4238944420908,35.17993346999017,36.80932042734044,7391870
2015-08-27,39.186744689941406,39.58668568540788,37.624014479169894,37.624014479169894,5429325
2015-08-28,40.734657287597656,40.95684576229224,38.401671240105166,39.60889914716139,7142063
2015-08-31,41.171630859375,41.179035917879204,39.253398624883644,39.8459021900146,6126660
2015-09-01,42.467735290527344,42.47514034931862,38.66089655853948,40.57912886739592,8387973
2015-09-02,43.23798370361328,43.252796643850154,40.73465330917141,41.10496833925478,9300881
2015-09-07,40.364341735839844,43.32686223021341,39.32745843269721,42.571419165114584,6947180
2015-09-08,41.25309753417969,41.29012847448204,38.68311015822558,39.608897792182574,3055274
2015-09-09,41.62340545654297,42.36403543681854,40.8605546556693,41.03830709405827,3926407
2015-09-10,41.91966247558594,42.28997752510623,41.00128273493218,41.090157555738756,3799870
2015-09-11,41.3049430847168,42.186291930756894,41.097567550420244,41.179034492265494,1931583
2015-09-14,40.734657287597656,41.32716082854313,39.26820996427771,40.63096952109217,4673215
2015-09-15,39.74961471557617,40.6235584289214,39.25339392212871,40.03846281767191,1996112
2015-09-16,41.4678840637207,42.21591928512344,39.10527203590048,39.10527203590048,2810350
2015-09-17,40.016239166259766,41.46046827355477,40.016239166259766,40.80871306341479,2441057
2015-09-18,39.53483963012695,40.71984678293889,39.26821231442429,40.21621803667384,1872994
2015-09-21,40.08290100097656,40.11252688362022,39.11267735927396,39.25339606391183,1448019
2015-09-22,40.61614990234375,41.030903725462274,40.119926325998435,40.1273342082623,1740244
2015-09-23,39.33486557006836,40.142152502485416,39.253395805973476,40.142152502485416,2052565
2015-09-24,40.00883865356445,40.07549547609633,39.23858266548045,39.3644912526094,1239750
2015-09-25,39.97921371459961,40.21621512802078,39.268209474336096,40.075496421701864,1506072
2015-09-28,39.88292694091797,39.88292694091797,39.127486778464686,39.63852049430765,1114066
2015-09-29,39.290428161621094,39.83849570554986,39.12008356932317,39.25339721986585,971740
2015-09-30,40.356937408447266,40.482843175603584,39.45336773721339,39.45336773721339,1983560
2015-10-08,42.2307243347168,44.26745690202877,41.47528137071665,41.47528137071665,6553324
2015-10-09,42.88988494873047,43.030603637410096,41.4752817036355,42.282568549806726,2587441
2015-10-12,44.75627899169922,45.067342290232894,42.87507778302114,42.87507778302114,3851831
2015-10-13,44.99327850341797,45.60800284157419,44.30449228549142,44.71924615793223,1975700
2015-10-14,44.43780517578125,44.99327774047852,44.289678593472736,44.91921586196404,1678115
2015-10-15,44.95624923706055,45.14140676865859,44.51186946605741,44.54149534918023,1045204
2015-10-16,44.64518356323242,45.45987840561418,44.067492962933905,45.28212593037169,2236401
2015-10-19,44.43780517578125,44.80812021891276,44.43780517578125,44.65258857886462,1782140
2015-10-20,44.51186752319336,44.697025046709605,44.045272598133735,44.622963167414945,1922076
2015-10-21,44.148963928222656,45.36359692863438,43.993432273963066,44.50446606307878,2788438
2015-10-22,44.43780517578125,44.63036775508663,43.75642685255346,44.05267719189093,1680968
2015-10-23,45.47469711303711,46.26717123069108,44.452626607684465,44.452626607684465,3550115
2015-10-26,45.17843246459961,45.77093593186635,44.67480381110303,45.77093593186635,2454112
2015-10-27,45.230281829833984,45.52653501205563,44.30449416699101,45.178437946737155,1807271
2015-10-28,45.037723541259766,45.83760268921812,44.882189051832306,44.956253767102524,2458891
2015-10-29,46.54860305786133,46.926326010517066,44.94884207228824,45.16362549044308,4239912
2015-10-30,46.304195404052734,47.08926434771965,45.78575375541533,46.62266658141802,2334650
2015-11-02,46.95595169067383,47.64473794226912,45.91906837152744,46.27457049730569,3014607
2015-11-03,48.118743896484375,48.34833744504898,46.296791498982394,46.36344832846759,3242740
2015-11-04,50.59244155883789,51.80707450046768,48.140957676124984,48.47423896904364,5268792
2015-11-05,50.43690490722656,51.281222706027165,49.82958849667597,50.28878115852986,2589384
2015-11-06,50.90351104736328,51.1034786951416,49.91847162362701,50.43691045161482,2051981
2015-11-09,51.56267166137695,51.86632707624808,50.43691069997508,51.26641847939965,2528964
2015-11-10,50.5776252746582,51.45156893345222,48.21501367788481,50.88128064775445,2478635
2015-11-11,49.970314025878906,50.35543919375067,49.40743356462701,50.27396943025792,1541112
2015-11-12,49.548152923583984,50.214721118181956,49.29633576093185,49.999937719335996,1499408
2015-11-13,48.06689453125,49.51112096335635,47.400326312370446,49.51112096335635,2763534
2015-11-16,48.081703186035156,48.12614483298293,47.2521982918511,47.72620391380723,1161797
2015-11-17,48.43721008300781,48.73346325564503,47.99283314933164,48.052079263411656,1883483
2015-11-18,47.94098663330078,48.42979953831394,47.474386075607576,48.42979953831394,1642865
2015-11-19,48.12614440917969,48.28907827802323,47.689169729822055,47.770639489523326,1695888
2015-11-20,47.90396499633789,48.20762046181626,47.80768509763703,48.140966451306525,986877
2015-11-23,47.9557991027832,48.13354874510025,47.65213804870564,47.77064157728983,1984136
2015-11-24,47.39291763305664,48.4297979967405,47.29663493651363,47.770637711372466,2269886
2015-11-25,47.7706413269043,47.90395497058314,46.88188464413852,47.39292122000064,2162189
2015-11-26,47.03001403808594,47.8372981809593,46.955952153964645,47.770644180418,2033985
2015-11-27,46.28938293457031,47.38551518342737,45.91906787109375,46.65969799804687,2478013
2015-11-30,46.65969467163086,46.88188312882082,45.83018977965791,46.35603645423936,1973140
2015-12-01,48.140960693359375,48.289084466038126,46.40788599538725,47.08926721588494,2733569
2015-12-02,49.99253463745117,50.27397205750501,47.56326867323197,47.77064420912001,5562779
2015-12-03,49.55556869506836,49.948101791440344,49.25190760508404,49.77034647754517,2213939
2015-12-04,49.17042541503906,49.54074041629741,48.44461117688545,49.111173658703684,2107610
2015-12-07,48.69642639160156,49.31115069686163,48.4372070009976,49.214865172809496,1495530
2015-12-08,47.615116119384766,48.696435530667756,47.40774056798254,48.585339870828,1424137
2015-12-09,47.69658660888672,48.044683711346266,47.326271504237845,47.54845717669112,1107041
2015-12-10,47.78545379638672,48.45942993111647,47.53364226290054,47.696581796596064,1222782
2015-12-11,48.06689453125,48.140956411001234,47.422544311239896,47.77064136168584,1299243
2015-12-14,48.74827194213867,49.05193298909173,47.844702334841124,48.02985985599032,2560989
2015-12-15,48.51127243041992,48.963057251664,48.400176783291826,48.748273840698836,1106234
2015-12-16,47.74101638793945,48.800117675153096,47.71139050536349,48.51127238323659,1103855
2015-12-17,48.259456634521484,48.56311201587674,47.88173372792748,47.88173372792748,1257958
2015-12-18,49.62221908569336,49.977724037031074,48.27427246491034,48.28168034842307,3428357
2015-12-21,52.39216995239258,52.947642508950565,49.27411801298084,49.59999705434042,6480706
2015-12-22,51.08866882324219,52.066300368238,50.33322292677847,51.88114283584819,4053966
2015-12-23,50.54800796508789,51.740422964001404,50.007345466907374,51.08867046326841,2294755
2015-12-24,50.28878402709961,51.10347599252072,49.95549709768247,50.37025378869763,1812545
2015-12-25,50.28878402709961,50.28878402709961,50.28878402709961,50.28878402709961,0
2015-12-28,49.25931167602539,50.273971340807,49.23709367614834,49.85922027494354,2176216
2015-12-29,49.58517837524414,49.60740202267036,48.77048647026979,49.16301948308551,1517887
2015-12-30,49.548152923583984,49.9777197212759,49.40743140179135,49.59258891970418,1946916
2015-12-31,50.76279067993164,51.13310575143635,49.414844045676915,49.54074981385422,3749088
2016-01-04,47.45957946777344,51.61451489494765,47.33367087816953,50.710945244038555,2650692
2016-01-05,49.61480712890625,51.022005401144035,46.73375658996673,47.00038386894059,2984506
2016-01-06,49.429649353027344,50.35543694171449,48.54830341097731,49.5407449937816,3495412
2016-01-07,45.43766403198242,49.02231732698995,45.178444578447646,48.5112806539069,437567
2016-01-08,45.19324493408203,47.50400984501219,44.88217885120487,46.69672299636348,4621747
2016-01-11,43.845298767089844,44.94883594035621,43.41573198938176,44.94883594035621,3452305
2016-01-12,44.47483825683594,44.77109143571979,43.46017578087026,44.208210960896416,1397450
2016-01-13,43.60089874267578,45.326568451343675,43.31205341897463,44.48225048197723,1722538
2016-01-14,45.089561462402344,45.17103122577832,42.58623092314607,42.95654597465169,1624982
2016-01-15,44.14155578613281,45.030312530710475,43.69717882648388,45.030312530710475,1251517
2016-01-18,44.31930923461914,44.85996891662121,42.71954818949743,42.95654961653177,1769693
2016-01-19,45.489501953125,45.68206737214926,43.6971783661071,44.134150262779364,1691377
2016-01-20,43.69717788696289,45.46728345440697,43.69717788696289,45.16362521261045,2270741
2016-01-21,43.28983688354492,44.94884699263556,43.24539805328568,43.24539805328568,1499721
2016-01-22,43.03801345825195,44.067488794860274,42.59363372481677,43.84530034078242,1562904
2016-01-25,44.393367767333984,45.24509352377384,43.38611319117231,43.623114600302074,2724161
2016-01-26,44.37114715576172,46.41528489547655,44.18598963920032,44.6229614912964,4145426
2016-01-27,43.32686233520508,45.178437648675384,42.615858092899614,44.44521258141807,3092540
2016-01-28,42.28997802734375,43.91936482963965,42.21591614667197,43.4749878950497,1710606
2016-01-29,43.556461334228516,43.73421099295106,41.89004345098523,41.919666510585735,1901433
2016-02-01,43.46758270263672,44.14155602947833,43.060236683166266,43.07504962527353,1741711
2016-02-02,44.14155578613281,44.48224780216212,43.34908175208167,43.47499034665942,1600095
2016-02-03,44.12674331665039,44.430401548785426,43.86752108294315,43.86752108294315,963037
2016-02-04,44.08971405029297,45.14881544185823,44.01565216183551,44.49706291264879,1659555
2016-02-05,44.363746643066406,45.141407727235865,44.1119322817346,44.1193373400327,1686016
2016-02-15,43.39352035522461,44.111932500736685,42.95654845619352,44.06008861655332,1678803
2016-02-16,44.37855911254883,44.785907972535384,43.47499221244757,43.47499221244757,1797759
2016-02-17,44.28968048095703,44.58593365819943,43.93417836343397,44.37855530401788,1827423
2016-02-18,43.4527702331543,44.60815430256952,43.326864461792816,44.43780970440289,2531907
2016-02-19,43.6157112121582,43.674962983187065,42.84545514046271,43.326865891592384,1708940
2016-02-22,44.37855911254883,44.49706265383941,43.334270669804965,43.71939870315957,2357956
2016-02-23,45.54874801635742,45.77093646601548,44.13414473568986,44.36374106799485,3547147
2016-02-24,45.245094299316406,45.548752536548875,44.68221664930489,45.17843747527612,1868211
2016-02-25,42.741764068603516,45.68947164313344,42.0677907641919,45.245094695823695,2543036
2016-02-26,43.58607864379883,44.64517987367323,42.364040719137265,42.74916869593518,2665077
2016-02-29,42.44551086425781,44.46002275888115,42.438102981307836,43.80827032326043,2042018
2016-03-01,43.845298767089844,44.215613785688106,42.475131503108656,42.475131503108656,2113923
2016-03-02,46.326412200927734,46.51156972597163,43.549049325269245,43.549049325269245,3542429
2016-03-03,47.40032196044922,48.51126700639725,45.91906189918518,46.30418985414735,2812863
2016-03-04,48.926021575927734,49.74071918935894,46.83003990585085,47.37810741152668,6537844
2016-03-07,48.140960693359375,50.362851186899036,47.87433338208984,49.0963742836486,2962442
2016-03-08,48.17799377441406,49.01490381417162,47.126297486665166,48.28908377705825,2246685
2016-03-09,48.140960693359375,48.79271320392951,47.037420505111534,47.400330528846155,1927009
2016-03-10,49.10377502441406,49.733309442561136,47.770638661995285,48.04467381720329,3120223
2016-03-11,48.39277267456055,48.96306107070534,47.76323815914442,48.289084902636,1429440
2016-03-14,47.60029602050781,49.09637204904459,47.40032837143698,48.51868145110722,3513914
2016-03-15,46.807823181152344,47.504014462455636,45.93387943160159,47.40032669984447,2745135
2016-03-16,46.58563995361328,47.09667376621386,45.55616161909566,46.43751335096269,1895766
2016-03-17,47.622520446777344,48.1113334027807,46.42269758112619,46.51898029077765,2295295
2016-03-18,47.40032196044922,48.089108114959345,46.8966933135971,47.62251322986231,3897193
2016-03-21,48.65199661254883,48.785310266258634,47.04482770961611,47.04482770961611,3200829
2016-03-22,48.48905944824219,49.32596952882437,47.75583714222559,48.46684144662955,2897785
2016-03-23,48.67420959472656,48.881585112325766,48.20020679719722,48.28907879013455,1704857
2016-03-24,48.51127243041992,49.32596442509373,47.607702787931764,48.28908113616373,2676096
2016-03-25,49.3778076171875,49.911062195505146,48.33352211011483,48.33352211011483,3050312
2016-03-28,50.399879455566406,51.47379081669834,49.400024322132886,49.43705808654121,4854515
2016-03-29,48.896400451660156,50.74057360996598,48.11874217757909,50.444320417219046,2589777
2016-03-30,49.9184684753418,49.97772023782046,48.718645712664674,49.14080463184678,2575629
2016-03-31,49.474090576171875,50.31840839778256,48.85936626641142,50.0665912375245,1868503
2016-04-01,48.78530502319336,49.79996460851948,48.718645378222696,49.45927545244453,1723710
2016-04-05,49.15562057495117,49.6148076094185,48.355738730282866,48.51127036943074,1965201
2016-04-06,50.570220947265625,50.570220947265625,49.12599455180469,49.251900309243005,2717072
2016-04-07,48.19279479980469,51.096063099445054,48.14095092483106,50.95534723912154,4545855
2016-04-08,47.25220489501953,48.503868881485026,47.03001640618801,47.807680355018206,2892991
2016-04-11,47.48179244995117,48.14095273535985,47.42994857302775,47.42994857302775,2703320
2016-04-12,47.881736755371094,48.140956158419975,47.03001101630259,47.51142170799863,1977351
2016-04-13,47.98543167114258,48.829749652993534,47.74102234730151,47.77064823357558,2178017
2016-04-14,48.659393310546875,48.75567883594878,47.97801500267633,48.32611203946383,1889725
2016-04-15,48.17058181762695,48.829742146858486,48.06689405688665,48.65199250709785,2152514
2016-04-18,47.36329650878906,48.0298619183806,47.170731096368634,48.0298619183806,1580939
2016-04-19,47.089263916015625,47.8965480264944,46.874480505290975,47.555858852759926,1639695
2016-04-20,47.20777130126953,47.40774179900567,46.00794831485268,47.36330296885984,2790202
2016-04-21,48.31870651245117,48.50386403887135,46.80782324407511,46.80782324407511,2423914
2016-04-22,49.50370788574219,49.53333376464585,48.06688948754545,48.274264989312485,2221022
2016-04-25,50.09622573852539,50.51097683789676,48.822340904101964,49.25190777162799,3130841
2016-04-26,50.022151947021484,50.288779204763884,49.55555707125158,49.992526068321375,2257850
2016-04-27,50.2813835144043,50.414697175600665,49.85181664493156,50.14066196909703,1527036
2016-04-28,49.4889030456543,50.422098553616216,48.94083835392521,50.273969143311575,1922151
2016-04-29,50.073997497558594,51.081254804830316,49.518524967102515,49.518524967102515,5191347
2016-05-03,53.04393768310547,53.325375128750025,49.32597086398175,50.19991473794756,8098842
2016-05-04,51.6145133972168,52.910616070208846,51.32566811070902,52.718050662350585,3561385
2016-05-05,51.74782943725586,52.00704885374578,51.17754107041854,51.51823025359951,2045109
2016-05-06,49.69628143310547,51.755232325226736,49.533341897661124,51.69598620825025,2939113
2016-05-09,50.06660079956055,50.525793561519514,49.62222380603641,49.75553746914965,2630884
2016-05-10,49.62221908569336,50.36284922130072,49.25190401788968,49.7407226196591,2643276
2016-05-11,50.43690490722656,51.90335488178272,49.711090627830366,49.77033673697376,5362752
2016-05-12,51.25160217285156,51.844108530567524,49.05193545738167,49.696280047046415,5420187
2016-05-13,50.362850189208984,52.5106787538607,49.63703015611827,51.02201057052298,3664300
2016-05-16,50.60725402832031,50.74796989920984,49.25930752723337,49.73331031988643,2887638
2016-05-17,50.08140182495117,50.58503044283553,49.53333156540516,50.58503044283553,1669723
2016-05-18,50.125850677490234,50.525791651712744,49.02971552770708,49.814787358837116,1761056
2016-05-19,49.6296272277832,50.34803936715489,49.62221934423187,49.91847253013024,1302313
2016-05-20,50.14806365966797,50.31100318662411,49.32596379225052,49.32596379225052,1267606
2016-05-23,50.362850189208984,51.53304718209256,49.89625522901042,50.14806676768785,1931776
2016-05-24,49.58517837524414,50.473937803855115,49.548150263984546,50.39246804830181,1129113
2016-05-25,49.400028228759766,50.01475260297286,49.325966344645316,49.64443753184106,946522
2016-05-26,49.25190353393555,49.60740848178004,48.874180586330674,49.43706106601801,1174168
2016-05-27,49.4889030456543,49.69627856952156,49.16302399354332,49.25190163972611,1131994
2016-05-30,49.38521957397461,49.977725965547656,48.881590836305435,49.48890734491593,1296890
2016-05-31,50.60725402832031,50.703533903198306,49.55556068528128,49.599996681292815,3778149
2016-06-01,51.8663330078125,52.32552577491974,50.74057756822586,50.74057756822586,6377815
2016-06-02,51.770042419433594,52.57732647405172,51.70338277562021,51.829294180476836,1940428
2016-06-03,54.066001892089844,54.473350741911666,51.73301574882608,51.77004951719523,6488151
2016-06-06,54.421504974365234,54.74737839239266,53.02911669990067,54.06600002221952,3317468
2016-06-07,55.095481872558594,55.10288975695024,53.532751648973075,54.11044231919708,2447869
2016-06-08,53.991943359375,55.065854902064984,53.769752036479105,55.065854902064984,1805330
2016-06-13,52.85877227783203,54.76959364164671,52.85877227783203,53.251305326791794,1759086
2016-06-14,54.066001892089844,54.43631697354252,52.347740140171844,52.347740140171844,2330659
2016-06-15,55.132511138916016,55.17694714051451,53.5697810430258,53.954906241518685,2105522
2016-06-16,55.117698669433594,55.547265545788775,54.42151011697388,54.9843850061013,2323320
2016-06-17,57.83486557006836,58.19159074730946,54.78373729244137,54.78373729244137,5477000
2016-06-20,56.30171203613281,57.97148278499678,56.17268550721325,57.083468499208685,2996102
2016-06-21,55.390933990478516,56.91649534877073,55.25431595041768,56.316894272426914,1795555
2016-06-22,55.48200225830078,55.70970089499797,54.65470840682694,54.65470840682694,2085527
2016-06-23,54.73060607910156,55.770421361528626,54.30557480014948,55.542722724594654,1696043
2016-06-24,54.055110931396484,55.25431302049507,53.053247287614475,54.73060959626223,2637930
2016-06-27,55.78559494018555,56.165088783316065,53.888125724532976,53.948846129181824,4126274
2016-06-28,55.51236343383789,55.78559948640843,54.76096718457738,55.42887431829595,3036695
2016-06-29,54.87481689453125,55.785599882488334,54.42701110884349,55.69451926744582,2726291
2016-06-30,54.586395263671875,56.157499607583624,54.57121805719024,54.95071191601546,3800535
2016-07-01,54.28280258178711,54.94312402411066,54.039926727820486,54.487732521750374,2348435
2016-07-04,54.798919677734375,55.18600509712575,53.918496795323456,54.28280771541843,3659968
2016-07-05,55.23154067993164,55.59585737854327,54.42701545004519,54.79891785755266,4179058
2016-07-06,58.426883697509766,58.95817284404205,54.760971214584764,54.760971214584764,7857044
2016-07-07,56.84059143066406,58.44205602659011,56.68120470001103,57.74378869498151,4847137
2016-07-08,57.151790618896484,57.47815564428135,56.461108857256235,56.93926914488697,2354478
2016-07-11,58.80637741088867,60.69625541534069,56.77228987114722,57.265627309651784,6174840
2016-07-12,58.98094177246094,60.33953064152792,57.576815487982834,57.91077197597754,5686847
2016-07-13,57.77415084838867,59.08719644118323,57.51609199675699,58.98093861716346,4470280
2016-07-14,57.121421813964844,58.71529499020817,56.65843880597083,57.903178299084075,3909325
2016-07-15,57.30357360839844,57.66789026662788,56.26375833379617,57.07587497317794,3139976
2016-07-18,56.32447814941406,57.22767539150593,56.24098903675262,56.46868766957778,2800583
2016-07-19,55.026611328125,56.68120483830572,54.571219840774255,56.42314599474957,5197266
2016-07-20,54.87481689453125,55.5199553268856,54.65470975114127,54.988660425063124,3004012
2016-07-21,55.36815643310547,56.14991871342454,54.97348533396316,54.97348533396316,3697856
2016-07-22,53.81224060058594,55.48201158156612,53.728751472475146,55.406113953452085,4122332
2016-07-25,54.10824203491211,54.76856351869043,53.66043621286911,53.82741445869472,3232209
2016-07-26,55.35297775268555,55.39851516543967,53.70597569775104,53.948851550134854,4829456
2016-07-27,53.61489486694336,55.21635950271122,53.13673466308841,55.0417897701576,5612773
2016-07-28,54.0399284362793,54.61676077916787,53.31889235063156,53.501047799211044,3456859
2016-07-29,54.27521514892578,55.23153553631306,53.8881297784403,54.32834405933619,3919377
2016-08-01,53.12914276123047,54.206903981781636,52.84072949943449,54.206903981781636,5242212
2016-08-02,53.33407211303711,53.44792144533362,52.901449282804435,53.083610530725885,2428864
2016-08-03,53.227806091308594,53.50863362901907,52.93939284573163,53.12913977349412,2481163
2016-08-04,53.24298858642578,53.31888619869205,52.87108623288941,53.31888619869205,2778378
2016-08-05,53.258174896240234,53.349255520898474,53.000121812301664,53.04565922932197,2980747
2016-08-08,54.1689567565918,54.21449416771543,52.76482481369975,53.23539929423917,3320579
2016-08-09,54.631935119628906,55.23912178220554,53.895716152082706,54.19931237867921,3949956
2016-08-10,54.50291442871094,54.93553726184843,54.42701680354284,54.42701680354284,2332367
2016-08-11,54.88240432739258,55.444059451878125,54.495324730186965,54.495324730186965,3761753
2016-08-12,55.0721549987793,55.40611149641284,54.34352737808414,54.89759104092001,3129182
2016-08-15,55.86149597167969,56.54458608927076,55.178405854088616,55.178405854088616,4528377
2016-08-16,54.64712142944336,56.18786573213583,54.540863601024384,56.16509702470567,5231349
2016-08-17,54.586395263671875,55.428872093513206,54.44977724287013,55.02660952965715,4467926
2016-08-18,54.54845428466797,54.80650735250737,54.34352433962632,54.47255087354601,2873582
2016-08-19,54.16136932373047,54.65471254686672,54.10064891059613,54.6015836330285,2637111
2016-08-22,54.055110931396484,54.53327115094565,53.92608439779679,54.153777258746146,2204319
2016-08-23,54.39665603637695,54.83687036469294,54.03993083207322,54.11583424707896,3025331
2016-08-24,54.11582565307617,54.64711473003822,54.05510524696147,54.40423889619605,1355629
2016-08-25,53.766685485839844,54.222082734922616,53.356837226651855,54.09305042602033,1700581
2016-08-26,53.531410217285156,53.964033044670195,53.50864150909924,53.964033044670195,1745339
2016-08-29,53.05324935913086,53.54659259637675,52.44605679165632,53.53140959735027,3951321
2016-08-30,53.12914276123047,53.41755602302646,52.87108970445781,52.96975602782082,2254591
2016-08-31,53.349246978759766,53.660428929602276,53.12913984737521,53.3568384772535,2024613
2016-09-01,53.045650482177734,53.54658514926827,52.977344367910845,53.508633447597774,1974476
2016-09-02,52.28666687011719,53.060837636161274,52.03619951694897,52.833138989532515,2538646
2016-09-05,52.11969757080078,52.53714323098719,51.99826251823081,52.30185883558291,1944858
2016-09-06,51.990657806396484,52.1424530311904,50.890127950098986,52.1424530311904,4053044
2016-09-07,51.269630432128906,51.892000223524526,51.08746918297583,51.87681722411963,6521374
2016-09-08,51.1557731628418,51.52008402339413,50.8977143285519,51.22407927771409,4083023
2016-09-09,50.950843811035156,51.345520670133034,50.88253769539329,51.155773739194345,3137982
2016-09-12,49.334205627441406,50.34366076310488,49.32661412827975,50.34366076310488,4563135
2016-09-13,49.59225845336914,49.6757475718927,49.281076476649936,49.48600062808774,3266832
2016-09-14,49.66816329956055,49.71370071439297,49.1824115726235,49.48600205899614,3478469
2016-09-19,49.599849700927734,49.933806173328165,49.40251125899864,49.713699024756714,3490457
2016-09-20,49.31143569946289,49.60744046264813,49.197586377326175,49.60744046264813,2508703
2016-09-21,49.57707977294922,49.888267531041144,49.25830630657481,49.28866651155575,2540075
2016-09-22,50.624481201171875,50.75351352105075,49.71369820676049,49.85031623498391,5512880
2016-09-23,50.60930633544922,50.90531111185928,50.404382178941226,50.73833287068082,3169415
2016-09-26,49.74406051635742,50.60171463555387,49.53154486137899,50.59412892688842,2931783
2016-09-27,50.229820251464844,50.457518941328814,49.53155276212206,49.74406845099871,2397612
2016-09-28,50.03247833251953,50.36643484385762,49.95658070465665,50.36643484385762,1536264
2016-09-29,50.427146911621094,50.533404731156324,49.888266315230474,50.10836766239854,2397414
2016-09-30,50.92049026489258,51.292398467402236,50.24499156568102,50.25258306528383,3297637
2016-10-10,51.96788787841797,51.990656582539415,51.079873673982405,51.17853998871419,4356687
2016-10-11,51.91476821899414,52.25631042288443,51.717429763764116,51.99066584312337,2715513
2016-10-12,51.71742630004883,51.82368412483675,51.57321677042928,51.82368412483675,1452828
2016-10-13,51.72501754760742,51.8768127849614,51.52767910655354,51.70983454950175,1516782
2016-10-14,51.732608795166016,51.88440403178206,51.53527035507149,51.573216268916944,1252773
2016-10-17,51.770545959472656,52.32460948165357,51.53526164529715,51.55803034787979,2406381
2016-10-18,52.24113082885742,52.36256586379568,51.70225019434362,51.77055631575565,1913654
2016-10-19,52.21836471557617,52.347391256175136,51.93753713549234,52.22595042458724,1587941
2016-10-20,52.10450744628906,52.29425437377692,51.9147605188012,52.058964246072634,1135415
2016-10-21,51.77814865112305,52.104513636802096,51.54286428608141,52.028616014912934,1598994
2016-10-24,51.92993927001953,52.1121004950711,51.65670322305904,52.10450899637306,1279787
2016-10-25,52.97734451293945,53.06841933221129,51.89199185522208,51.92993776637979,2916033
2016-10-26,52.94698715209961,54.46496265470073,52.37015483973843,52.76482592254324,6309722
2016-10-27,52.666160583496094,53.12914358368904,52.37774731723537,53.091191879168136,2766499
2016-10-28,52.97734451293945,53.2278060565537,52.38532923458905,52.38532923458905,2671959
2016-10-31,52.863494873046875,53.478273061816786,52.734468352794345,52.92421527926571,1611581
2016-11-01,53.22022247314453,53.22022247314453,52.68134187201384,53.038061246095936,1245684
2016-11-02,52.41569137573242,53.37201754775965,52.37774546317183,52.93939476837396,1724781
2016-11-03,52.506778717041016,52.742063093162756,52.05138717364316,52.29426304949653,1364282
2016-11-04,51.74778747558594,52.52195246935178,51.649121148038674,52.50677526150499,2071855
2016-11-07,51.330345153808594,51.945129237268134,50.8901366107435,51.74779077895904,2131238
2016-11-08,51.876808166503906,52.18040440480061,51.35311059082411,51.35311059082411,2325349
2016-11-09,51.00397491455078,51.87681199254647,50.63207253528232,51.87681199254647,2022331
2016-11-10,51.48972702026367,51.87681240044951,51.34552328303136,51.482141311884185,1542271
2016-11-11,51.611167907714844,51.831275053960034,51.35311484767247,51.6870655259263,1539799
2016-11-14,51.375885009765625,51.83886802177595,51.05710573925782,51.611169370072844,2684170
2016-11-15,51.876808166503906,52.028609180960565,51.07987455541873,51.37587929533846,1826896
2016-11-16,51.64153289794922,51.876817273390046,51.61117268972821,51.75538223112361,1409589
2016-11-17,51.68706130981445,51.778141918609016,51.35311065880097,51.38346507111587,1242354
2016-11-18,51.29239273071289,51.70983251229911,51.23926382067039,51.70983251229911,1350386
2016-11-21,51.39105987548828,51.67947313596641,51.307570759709904,51.3151622585853,1135113
2016-11-22,51.43659591674805,51.664294552005934,51.368289800540786,51.49731632489906,1681838
2016-11-23,52.484004974365234,52.51436517976205,51.51250156413527,51.611167888712124,3961232
2016-11-24,52.484004974365234,52.810369944109716,51.838866533879745,51.838866533879745,2893795
2016-11-25,52.65098190307617,52.67375060890488,52.06655809726005,52.38533156009596,2162053
2016-11-28,53.022884368896484,53.66802279450914,52.78760002076665,53.12155069119872,4668226
2016-11-29,54.29798889160156,54.540864760381574,53.02288913285215,53.09878675610513,8743825
2016-11-30,53.508636474609375,54.22967252220483,53.372018447730376,53.93366776240316,3315643
2016-12-01,53.4706916809082,54.03993256803193,53.20504709170735,53.50864338963022,2705898
2016-12-02,52.81036376953125,53.447910636471384,52.71169166587403,53.447910636471384,2611022
2016-12-05,52.78001022338867,53.25058472543505,52.11210307037649,52.52195137045449,2221713
2016-12-06,54.13860321044922,54.19173212683305,52.47641801261302,52.47641801261302,3674583
2016-12-07,54.10824203491211,54.41942402799098,53.584538589480424,54.313166197123316,2600860
2016-12-08,54.495323181152344,55.8994493712194,54.009571480703386,54.26762453817194,5786340
2016-12-09,54.776153564453125,55.21636792182561,54.267633077807986,54.49533175661939,4326398
2016-12-12,53.28094482421875,55.178414451728216,52.93940260751415,54.8672324439379,5297938
2016-12-13,55.18600082397461,55.641392334140384,53.212633752844766,53.35684328413386,6927508
2016-12-14,55.01902389526367,55.99052735090443,54.87482015115964,55.406109293895256,6138936
2016-12-15,53.23540115356445,55.383337909374475,52.673751831161326,55.041789942167526,6066997
2016-12-16,53.349246978759766,53.72114933631872,52.59025926665441,53.05324223428801,3569170
2016-12-19,54.199317932128906,54.920353977386114,52.96216419534295,53.144319633718574,4898137
2016-12-20,53.6072998046875,54.11582597061121,53.30370935356589,53.96402495443373,1907090
2016-12-21,53.478275299072266,53.979209985409206,53.364425980303245,53.47068380032316,2078447
2016-12-22,53.10637283325195,53.43273779147237,52.81036807935633,53.21263065308029,2075299
2016-12-23,52.005836486816406,53.0911891676472,51.626342623457624,53.0911891676472,2443034
2016-12-26,52.21836471557617,52.24113342384451,51.30757585051966,51.42142518247892,1644655
2016-12-27,52.15763854980469,52.34738548527946,51.990660320088175,52.28666507617947,1154666
2016-12-28,52.59785461425781,52.848316176712665,51.81609234946192,52.07415120158317,2354822
2016-12-29,52.68134689331055,53.08360950780471,52.301852986713406,52.46882544149747,1587133
2016-12-30,53.58453369140625,53.94885035723485,52.8862663550698,52.8862663550698,2680738
2017-01-03,53.77428436279297,53.94126260495303,53.25817242821523,53.81223606896293,2110127
2017-01-04,54.66230010986328,54.768563731761844,53.516232673815196,54.25245178384639,3503785
2017-01-05,54.6395263671875,54.78373589233143,54.41941922535302,54.563628750496946,2147958
2017-01-06,53.8274040222168,54.760961401682984,53.74391491549151,54.5863916901802,2381799
2017-01-09,53.69838333129883,54.34352176090128,53.516227892607816,53.76668944932659,1857387
2017-01-10,53.819820404052734,54.29798056880985,53.698379592968436,53.713556799045676,1531090
2017-01-11,52.84831619262695,53.880540020188526,52.67375224876092,53.827411108061845,1486606
2017-01-12,52.203182220458984,53.09119659520539,52.11969309559042,53.09119659520539,1228906
2017-01-13,51.45937728881836,52.50677841160233,51.24685583189248,52.22595082934207,1928373
2017-01-16,51.4517822265625,51.990662854708035,50.85977268551859,51.664297878155985,1903509
2017-01-17,52.41569137573242,52.46882028581077,51.231672356490925,51.44418799680433,2292780
2017-01-18,53.29612731933594,53.5086429891059,52.165237053421414,52.47641905826522,2658341
2017-01-19,52.38533401489258,53.242993912077445,52.24871598290136,53.01529526188635,2306030
2017-01-20,52.992530822753906,53.11397165680067,52.40811273310246,52.40811273310246,1782665
2017-01-23,53.50104522705078,54.02474863098329,53.05324523110973,53.12914284848416,2137895
2017-01-24,53.349246978759766,53.80463844789964,53.05324223428801,53.52381090979865,2472151
2017-01-25,53.74392318725586,53.74392318725585,53.159505140847045,53.318891880776725,1436745
2017-01-26,53.29612731933594,53.933674328645814,53.189869484450966,53.827416493760836,1163710
2017-02-03,53.0836067199707,53.857771700899725,53.000117601654594,53.58453563925015,1766761
2017-02-06,53.736331939697266,53.88812716475978,52.97734423315135,53.00769864567053,1633308
2017-02-07,53.58453369140625,53.87295274078384,53.1367337009134,53.72874321609505,1519932
2017-02-08,53.65284729003906,54.00198096920715,53.25058469861968,53.3644282315745,1904558
2017-02-09,54.48014831542969,54.85964224996527,53.652854317638706,53.652854317638706,3164757
2017-02-10,56.9240837097168,57.77415211107077,54.44978191642828,54.83686730702718,7917359
2017-02-13,61.1364631652832,62.61648690311001,57.68306672286498,58.054969084310756,13325315
2017-02-14,61.59187316894531,61.72849123127798,60.33954189599899,61.34140575623235,6202669
2017-02-15,60.75697326660156,61.963761040647675,59.960033792355055,61.58426715588593,4232699
2017-02-16,60.840450286865234,61.15922369693146,60.27120957291155,60.749369688010894,2350617
2017-02-17,61.11368179321289,62.464684646986775,60.66588186827197,61.06055289041285,3437291
2017-02-20,62.563358306884766,64.43805891124215,61.136463470707476,61.31102740444284,6453742
2017-02-21,63.20090866088867,63.975079424145065,62.457103893731706,62.99598451215439,3624216
2017-02-22,64.46842193603516,65.85736513055069,62.88213451269921,63.20090798090822,5507565
2017-02-23,63.37546920776367,65.65243217331206,62.90489477692848,63.75496303535507,3386148
2017-02-24,63.003578186035156,64.18759728763192,62.61649279104494,63.48173840999908,1805074
2017-02-27,61.12128448486328,63.458968217427675,61.022618158912046,63.299581479836995,3075325
2017-02-28,61.50836944580078,62.464695655354326,61.23513338592834,61.31862250370143,3232866
2017-03-01,62.866947174072266,64.13445513431621,61.6677453214579,61.85749223013931,3136687
2017-03-02,63.56522750854492,63.7397972483803,62.320487994313545,62.882137338389335,4459420
2017-03-03,62.927669525146484,63.868812600006066,62.90489503128125,63.079464740550314,2642144
2017-03-06,62.927669525146484,63.01874433814227,61.59944112320596,62.927669525146484,2699045
2017-03-07,64.3621597290039,64.42287434456239,62.66961459822635,62.99597954314684,4466155
2017-03-08,63.944725036621094,64.5519176202782,63.390661369737664,64.21036962048946,2466829
2017-03-09,63.22368240356445,64.27867492136397,62.426742943359855,63.990255868031966,1976612
2017-03-10,64.66575622558594,65.94085592141577,63.1933238771592,63.20090958567795,5877973
2017-03-13,65.50823211669922,66.51009573445468,64.28626135231195,64.58985761630815,2730914
2017-03-14,65.59172058105469,66.22927330816114,64.87827602697612,65.78905901928015,1340282
2017-03-15,65.12114715576172,66.2292685059424,64.98452913776045,65.27294237993351,1629155
2017-03-16,64.81755065917969,66.00156961674031,64.28625579545681,65.58412985661869,2257166
2017-03-17,64.70372009277344,65.87256218287192,64.36976355542579,64.77961772654746,2447406
2017-03-20,65.4019775390625,65.63726769541195,64.70371015064535,64.96176322394923,1953799
2017-03-21,68.08119201660156,68.40755694792661,65.38678924925891,65.50063855844047,4389309
2017-03-22,68.30890655517578,68.61250285354457,67.19319348827574,67.78520308525509,3977110
2017-03-23,67.35258483886719,69.05272190952016,66.71503778033593,68.32408842745852,2649413
2017-03-24,67.2463150024414,68.35443644745928,66.94271873749827,67.47401364880302,2178370
2017-03-27,66.03194427490234,67.89146222846567,65.50065508548936,67.54232850533458,2389186
2017-03-28,66.06988525390625,66.76815258676183,65.35643492346598,66.41142742154169,1486195
2017-03-29,67.32221984863281,67.71689677261593,66.07748024028807,66.36589932872597,2167941
2017-03-30,65.87255096435547,67.81555785303178,65.65244381046365,67.81555785303178,2421063
2017-03-31,66.32035827636719,66.78334134227403,65.43234385446112,65.88773542026286,1733928
2017-04-05,66.2292709350586,67.76242360164565,65.7890566619512,66.67707091622117,3679875
2017-04-06,65.38680267333984,66.40384358543237,65.09838359211787,66.02434967066037,2276796
2017-04-07,64.78720092773438,65.50065133317594,64.60504547188755,65.34885029445564,2492098
2017-04-10,62.43433380126953,64.87068377862342,62.24458686418013,64.83273207495874,3568934
2017-04-11,62.98838424682617,63.18572265968845,61.880262958719406,62.502632607946936,2393747
2017-04-12,63.679080963134766,63.9067738408679,62.29013182555374,62.91250162301258,2308996
2017-04-13,64.74923706054688,65.12114519260442,63.01874607844299,63.618347039894154,2817330
2017-04-14,63.29198455810547,64.88585758807237,63.1553665389302,64.51395523222398,1521749
2017-04-17,63.550045013427734,63.90676438147025,62.4798695374497,63.29957767343924,1524672
2017-04-18,65.7510986328125,66.00156594933812,63.52726456646451,63.66388257633155,3242768
2017-04-19,65.49305725097656,66.46456069800672,64.6581718380986,65.65244399238458,2540586
2017-04-20,67.17802429199219,68.12675921842168,65.34886057433928,65.80425218090176,4641027
2017-04-21,66.03194427490234,67.15524886331278,65.12116115287498,66.88959847798841,3088517
2017-04-24,63.770164489746094,65.92569326124422,63.20851503271129,65.92569326124422,2532666
2017-04-25,65.18946075439453,65.7738845948534,64.25590901637759,64.33939234582586,3800539
2017-04-26,65.65243530273438,67.45882392355182,64.87827040541734,65.31089315786849,5508049
2017-04-27,66.47215270996094,66.51769012482377,64.96176282334692,65.53100367160177,2265053
2017-04-28,60.71902084350586,65.2729474067688,59.823415054439465,65.2729474067688,15335031
2017-05-02,59.815818786621094,60.240855836258994,59.2010406025915,59.73232967636812,6189845
2017-05-03,60.71142578125,61.31102677176186,59.952438065252714,59.952438065252714,4591040
2017-05-04,61.690521240234375,62.46469196095797,60.53686244837355,60.79491549487022,3619037
2017-05-05,61.804378509521484,62.092791796943885,61.182008727786545,61.71329788635874,3194626
2017-05-08,61.11368179321289,62.23698604034881,60.57480126749356,61.85749222302961,2980310
2017-05-09,61.32620620727539,61.77400615421154,60.62793314824175,61.36415211650149,2507156
2017-05-10,62.077613830566406,62.59372577428636,61.121287566193494,61.4704212647956,2422185
2017-05-11,62.692386627197266,62.76828424363237,61.63739412408348,61.85750126517716,2770262
2017-05-12,62.92009353637695,62.98081395375199,62.08520806463224,62.6164972401195,1675950
2017-05-15,63.20090866088867,63.747380778336215,62.920086893757144,63.147779748948885,1596806
2017-05-16,63.96749496459961,64.11929600871657,63.162969697941804,63.2995877423382,3127166
2017-05-17,63.17055892944336,64.46083590970808,63.07947830624374,64.04339029164845,2598202
2017-05-18,62.75310134887695,63.458960119919176,62.639252039234705,62.95043976621575,2035345
2017-05-19,62.76830291748047,63.22370033280778,62.50265828561866,62.76830291748047,1493360
2017-05-22,63.37546920776367,63.96747865230765,62.76827676737092,63.223673992973616,1960894
2017-05-23,65.58413696289062,66.31276453807857,63.45896885896286,63.54245797815685,4401534
2017-05-24,65.49305725097656,65.72834161344306,64.14205990803667,65.29571880373065,2439123
2017-05-25,65.5765380859375,65.95603193389938,65.00729731399467,65.46268877342561,1335125
2017-05-26,66.00157165527344,66.22927028827549,64.94657918422305,65.95603424491973,1829637
2017-05-31,66.1837387084961,66.1837387084961,64.74166641499248,65.97122303537421,2165490
2017-06-01,66.0395278930664,66.1685544250076,65.27294861930409,65.78906053768607,1674786
2017-06-02,65.4475326538086,66.45698221375146,64.9314206226705,66.25964951847693,2233034
2017-06-05,64.01301574707031,65.82700156149549,63.90675793911117,65.72073796292013,1570651
2017-06-06,64.69611358642578,64.77201120259592,63.79292210995238,64.05856666185632,1497323
2017-06-07,66.047119140625,66.11543105719281,64.67335300630734,65.03007821680517,4023638
2017-06-08,66.63912200927734,67.45882431989477,65.56135508034379,66.04710674241952,3116390
2017-06-09,67.48918914794922,69.06788505319898,66.25963270244758,66.33553031910792,3829303
2017-06-12,69.4473876953125,70.5099718345665,67.92941200798326,67.92941200798326,4955916
2017-06-13,68.95402526855469,69.57639489570688,67.55749080396579,69.57639489570688,2359134
2017-06-14,68.65043640136719,69.99384789762472,68.1570990198589,68.95403264503,2424890
2017-06-15,66.46455383300781,68.63525915665282,66.0319310679802,68.43792072978962,4283221
2017-06-16,66.3245849609375,67.37439252961909,65.34476179481808,66.76005928681603,4298426
2017-06-19,66.23126220703125,67.14887300069886,65.63248504768102,66.32458067063709,3045826
2017-06-20,65.5625,66.5501012041793,65.25145029536644,66.3556921723369,2835381
2017-06-21,67.48326110839844,67.48326110839844,65.4691864183978,65.74913589442076,4005449
2017-06-22,67.13333129882812,67.63879599077806,66.64341671964742,67.4988212442826,4114878
2017-06-23,67.18775939941406,67.37439039990647,66.3323608865236,66.88448179877919,2434864
2017-06-26,68.57194519042969,69.09295990532655,67.2033041198586,67.21108214134884,4136252
2017-06-27,68.62638854980469,68.85968176222462,67.97317704765744,68.6808228416503,1903581
2017-06-28,67.96538543701172,68.7274653704897,67.38993647642137,68.62637482952799,2189560
2017-06-29,67.10221862792969,68.21423846913756,66.55786980754766,67.98872329206547,2564264
2017-06-30,67.50658416748047,67.64655889496873,66.49566085374725,66.69784195675852,1768178
2017-07-03,66.21571350097656,67.78653577453305,65.3369809321665,67.77098566338168,3022716
2017-07-04,65.44586181640625,65.82690187209998,64.75376017846226,65.81912384932046,3128119
2017-07-05,66.09907531738281,66.30126238544608,65.16591427429469,65.44586377379977,1647363
2017-07-06,66.33235168457031,66.35567981478411,65.24366012242363,66.10683653768416,2258990
2017-07-07,65.81912231445312,66.09907179905703,65.15813278304113,66.09907179905703,2709333
2017-07-10,66.0835189819336,66.25459394184014,65.1192459375913,65.80356950878812,2305534
2017-07-11,66.09907531738281,66.7211866347037,65.3758734324769,65.67137304511304,2776141
2017-07-12,65.39920043945312,66.4101298294218,65.0725946733007,66.4101298294218,3145731
2017-07-13,64.77708435058594,65.99797269315697,64.54379116598577,65.39918962136618,2662124
2017-07-14,64.91706848144531,65.07259333845336,64.07722001465868,64.76931571426258,1510168
2017-07-17,64.52824401855469,65.36808646931458,62.59970394493376,64.91706205547975,2550935
2017-07-18,64.15498352050781,64.65267019076273,63.28402888111516,64.5049174210988,1667205
2017-07-19,65.15812683105469,65.30587958245803,64.15497559167416,64.23273801187347,2579444
2017-07-20,65.86576843261719,66.14571787407355,64.8703952776132,65.23588515578635,2408460
2017-07-21,67.12554931640625,67.56880166534658,65.6402674194946,65.93576700782393,4387733
2017-07-24,68.43197631835938,68.61083523057327,66.69784521709185,66.69784521709185,5099712
2017-07-25,68.27645111083984,68.57972871146694,67.1799813755784,68.43197595576412,2945709
2017-07-26,66.41011047363281,68.33864428273465,66.13793908116578,68.22977572574784,2177582
2017-07-27,66.58897399902344,67.39771621722134,66.35568673964801,66.79893905864287,2284510
2017-07-28,70.06501007080078,70.2205408475338,66.58897582164359,66.8378191315239,6951315
2017-07-31,69.52066040039062,71.88467458001091,69.20182678887025,69.85504412162061,9113654
2017-08-01,69.49734497070312,70.1816626479385,68.35421887914141,69.65286982779067,3084578
2017-08-02,67.57657623291016,69.90948446235774,67.56102018896074,69.13184838587522,3188115
2017-08-03,67.4210433959961,68.23756362448876,67.09443767775593,67.63878647438179,1995173
2017-08-04,67.96538543701172,68.18312256086257,66.28568888234803,67.61544568834428,2619085
2017-08-07,69.40401458740234,69.67618600704905,67.30439971253688,67.79430826790096,5608905
2017-08-08,68.46308135986328,70.14277221160039,68.12091958531448,69.67619174905633,2412045
2017-08-09,71.14591979980469,72.21906133449039,68.44752178561987,68.63415870732567,7077252
2017-08-10,72.51456451416016,73.09001355258006,70.77266135486903,71.10704510683448,6305005
2017-08-11,70.20498657226562,72.69342566665884,69.4429065121966,72.16463287822839,3394090
2017-08-14,69.28736877441406,73.56436692015434,69.13184394227123,70.76487841133911,6355778
2017-08-15,70.58601379394531,71.77580180168748,69.43511589042498,69.98723671254362,3361087
2017-08-16,69.28736877441406,71.77580761894363,69.20960635834265,70.5004850101179,3811934
2017-08-17,68.57194519042969,70.36051042809278,68.18312717640659,69.45067176628075,3798335
2017-08-18,68.66526794433594,68.813014764539,67.94983824478861,68.04315670983193,2179825
2017-08-21,68.12092590332031,69.5828856698811,67.18776489168438,68.0431634744995,3811389
2017-08-22,67.88763427734375,69.33403790594753,67.27330104301052,69.20961328147327,5113539
2017-08-23,69.2096176147461,69.24850179555203,67.38217384183422,67.49104242861922,2484389
2017-08-24,68.53307342529297,69.20184100513917,68.33866438307938,69.20184100513917,1754274
2017-08-25,69.32626342773438,69.59843489156975,67.65434453147003,68.5641773961024,2992005
2017-08-28,69.60619354248047,71.32476823057384,69.34957226247194,69.39622851960394,5683646
2017-08-29,71.0759506225586,71.23147549105543,69.28738497037764,69.65287493752803,2799526
2017-08-30,71.13815307617188,71.2703497893477,70.45382951075796,70.8893097613557,2247780
2017-08-31,69.4817886352539,71.4803132982416,68.12092537629245,71.37144471215612,4928900
2017-09-01,68.35420989990234,69.761729250195,67.65433626916018,69.28737078563043,5190321
2017-09-04,68.2375717163086,68.75858650950747,68.04316268007979,68.43198075253738,2357294
2017-09-05,68.96854400634766,69.14739697758903,68.12091761650214,68.26089234450909,2998651
2017-09-06,68.27645111083984,69.32625864631,68.15980451070037,68.97631884589158,2122360
2017-09-07,67.77876281738281,68.68859559684368,67.64656017627317,68.68859559684368,2321401
2017-09-08,66.7989501953125,68.01983878155569,66.41013209863767,67.74766730046198,2529794
2017-09-11,67.22663116455078,67.42881818978371,66.10683933663508,66.79115689441089,2728238
2017-09-12,68.08204650878906,68.43198039903606,67.1100013326664,67.49881940311546,2257662
2017-09-13,69.25626373291016,69.73840021291807,67.88762857599014,67.92650681820378,3585470
2017-09-14,68.36976623535156,69.1629584000421,68.16758511586733,69.04631179548258,1795788
2017-09-15,68.33089447021484,69.1007526406996,68.1753636717526,68.1753636717526,1778960
2017-09-18,68.55640411376953,69.7695145788433,68.2764546321536,69.07741889731861,7568130
2017-09-19,69.59844207763672,70.76489641413343,68.82080585330559,68.82080585330559,7190692
2017-09-20,73.87543487548828,76.503842948901,72.3979249913999,73.87543487548828,14121736
2017-09-21,75.30626678466797,75.80395927891327,74.0698284024312,74.0698284024312,6665786
2017-09-22,75.29850769042969,75.58622926070885,73.49439211097,74.67639641493622,6521372
2017-09-25,78.09798431396484,78.93005460300598,74.84746557181602,75.29071785788668,10121597
2017-09-26,77.8258285522461,79.04671708982558,77.02486425428475,77.63141951165768,5213568
2017-09-27,77.99690246582031,79.78546191917675,77.20371032889882,77.4136753963338,5002874
2017-09-28,80.41534423828125,81.94728222476382,77.76360254375115,77.78693067525155,5367757
2017-09-29,78.93006134033203,82.27389882445871,78.09021295833382,80.524217661742,4856725
2017-10-09,77.76361846923828,82.64717275984353,77.1337350581633,80.00320854531077,9486872
2017-10-10,80.01875305175781,80.39201504416107,77.28147075396944,79.31887939988621,10939196
2017-10-11,83.98470306396484,83.98470306396484,78.47903777254396,80.01875993918954,7117895
2017-10-12,82.33611297607422,85.50886987462489,82.04061337653103,84.29575938578203,5284140
2017-10-13,82.3516616821289,83.10596962554358,81.62068187174481,82.42164608122062,3684629
2017-10-16,81.24742126464844,84.25686913482214,81.09189048696848,82.36721319948148,4488095
2017-10-17,81.9317398071289,82.02505827478402,80.56309861265024,80.99080083995375,3593875
2017-10-18,86.0298843383789,86.03766236101659,81.41850177445986,81.93174447647414,5204142
2017-10-19,90.65681457519531,91.75327835013017,86.06876057001436,86.70642191087731,6549185
2017-10-20,88.64273834228516,90.05026373296698,87.23521888449599,89.73920810300396,5629355
2017-10-23,90.47018432617188,91.11562373660894,84.76233799176282,88.68940281316218,6951260
2017-10-24,91.72994995117188,92.0565556761291,88.79048656077214,89.7080973591465,5820139
2017-10-25,90.11247253417969,91.76884128676393,89.3270643152108,91.76106326426036,3861415
2017-10-26,90.21356201171875,95.38484305633433,89.27262308032375,92.5386921964534,9037640
2017-10-27,90.99121856689453,92.06435444771671,88.40946647426522,89.60702700190987,7285773
2017-10-30,87.86511993408203,89.42817048817254,84.52905964479338,89.42817048817254,13211639
2017-10-31,85.72660064697266,88.57275157574753,85.13560149200234,87.0952418225367,5725677
2017-11-01,88.02838897705078,88.87601526508486,85.73436525053329,85.73436525053329,7231186
2017-11-02,88.8138198852539,90.1980112191801,87.60070944570381,88.02840574875131,4906550
2017-11-03,87.95065307617188,89.81698114365773,87.67070356940434,88.24615862936727,4109658
2017-11-06,90.98343658447266,92.34429995218912,87.09525553385416,88.40168460417772,6713186
2017-11-07,89.56034088134766,93.8062329278153,89.36593187226273,91.25558767788387,6520691
2017-11-08,87.32077026367188,90.6568302985944,85.69550750839983,90.08915325787143,10329320
2017-11-09,87.85733032226562,88.65051654402889,84.42795222922128,87.31298148550528,6291610
2017-11-10,90.1280288696289,90.60238738469744,85.54775252758073,87.07969665661588,8318413
2017-11-13,89.42037200927734,91.37224024943258,88.6660640554022,90.82789736152912,4959281
2017-11-14,85.53218841552734,89.73920233991487,85.2289108273355,89.54479332528459,8619718
2017-11-15,87.15745544433594,87.75623263039905,84.99562803727444,86.50423803573811,5712593
2017-11-16,89.49813842773438,90.11247167602406,87.09524565868942,87.09524565868942,7682391
2017-11-17,89.8636245727539,90.0658116171633,86.123196882089,88.21503986064008,7946918
2017-11-20,88.65052032470703,89.84030267453892,87.49184413255027,89.29595974745666,6321722
2017-11-21,94.32725524902344,94.32725524902344,87.88065168183371,89.42814576030216,10941361
2017-11-22,89.89472961425781,96.3879896922726,89.41259904196194,94.87937973223097,8979871
2017-11-23,86.88528442382812,88.26169771606403,86.31760745800095,88.26169771606403,6614074
2017-11-24,87.16522979736328,87.75623490946376,82.81824673662831,86.61310886439956,7525703
2017-11-27,84.55237579345703,86.70642518074816,82.66271983247121,86.70642518074816,6952948
2017-11-28,84.35018920898438,85.91323944032467,83.07486647216614,84.29575491898211,4981001
2017-11-29,81.57402038574219,85.19002909640174,80.09651074846396,85.1433669004341,6194967
2017-11-30,80.850830078125,82.04061241795668,79.37332023188654,81.27075430387022,3696027
2017-12-01,81.70622253417969,82.77935818671439,80.4931121501933,81.09966734218649,3438840
2017-12-04,83.87583923339844,84.35019778000141,80.48534499844597,81.7373397286088,4430966
2017-12-05,85.03450012207031,85.77325792271294,83.22260671784558,83.82916781506208,5046560
2017-12-06,84.76233673095703,85.43110426603452,83.0282055800252,85.30667963955837,4038069
2017-12-07,82.81825256347656,85.547757196497,82.19614125087534,84.21800005038273,2489997
2017-12-08,84.08578491210938,84.3735123897405,82.05615432377087,82.80269016125203,2516017
2017-12-11,86.3176040649414,86.3176040649414,83.90693342628278,83.90693342628278,4405621
2017-12-12,87.46851348876953,88.31613401275682,85.97544762765216,86.33315953131684,4093969
2017-12-13,89.51368713378906,89.51368713378906,86.70642048906335,88.10616776697644,4530926
2017-12-14,89.03155517578125,89.84029742943918,87.81844476174066,89.65366642717737,2520718
2017-12-15,87.17301177978516,89.62256685435703,86.82307788322905,88.35502205768137,3292792
2017-12-18,87.36741638183594,89.64589043735774,86.78418929526441,88.0439619381003,4013482
2017-12-19,88.65829467773438,89.81697082193291,87.25854730475497,87.49184051121577,3693007
2017-12-20,91.72218322753906,92.5309255505479,88.15283608035365,89.25707801002427,5894190
2017-12-21,92.616455078125,93.77513116531486,90.2913248818079,91.46555701287252,5289122
2017-12-22,91.17782592773438,93.70514306432403,90.75012373146234,92.61645141890698,3018388
2017-12-25,92.4842529296875,93.65070697020342,91.04562746629628,92.14209117927737,3173530
2017-12-26,90.05802917480469,92.32095293117936,89.4281458719711,91.51221072612925,3624805
2017-12-27,88.02063751220703,90.82790448180613,87.43741040106417,90.283555618337,4025197
2017-12-28,91.93214416503906,93.18413880797873,88.73605919863941,89.95694768445657,7333559
2017-12-29,89.42816162109375,93.3163425611413,88.79050018424168,93.22302408273858,5520640
2018-01-02,90.2057876586914,90.53239339700968,88.84492448280598,90.36131250563555,3600670
2018-01-03,89.62255859375,91.0223059167443,88.73605393348443,90.14357334562858,5404989
2018-01-04,94.09396362304688,94.95714012760868,89.70809670235607,90.10469275569612,7191593
2018-01-05,95.6336898803711,96.0380580405956,92.81086704941407,94.40502342243525,5365407
2018-01-08,98.23098754882812,99.35855747055646,94.24948875794368,95.02712482338181,4625211
2018-01-09,101.98696899414062,104.4987421214302,97.25116802889536,97.73330454307509,6948512
2018-01-10,108.01365661621094,108.1069810230556,100.77386594968911,100.77386594968911,7487273
2018-01-11,105.59520721435547,108.09142446797907,103.69000102674612,108.00588401714995,5558911
2018-01-12,106.5206069946289,106.59060327301943,103.81443624854785,104.98089058841917,5033825
2018-01-15,104.9886474609375,107.18158699760767,103.95439000560569,106.14732954227586,5457862
2018-01-16,104.0477066040039,107.70259369187077,102.42245009571992,103.94661011973305,6586479
2018-01-17,100.29173278808594,104.5765035992279,99.1952629953277,103.68999888430936,6362813
2018-01-18,102.04918670654297,103.51114643786592,99.85625897534429,100.5950109306754,5331632
2018-01-19,101.08491516113281,102.21248506884137,99.61518349036022,101.33375252877103,5223159
2018-01-22,104.1254653930664,105.36968785575829,102.25914356481339,103.42559767391772,6908952
2018-01-23,105.97624969482422,106.53614865159912,102.73350849187784,104.10992774943159,6790219
2018-01-24,103.69779205322266,106.13178529135396,103.43338672713062,105.83629160398378,4612982
2018-01-25,101.6759262084961,104.74758661563382,100.5250280334892,104.28878413674548,5654538
2018-01-26,102.60132598876953,102.99014410340588,101.19380631231184,102.43024506906654,3671816
2018-01-29,99.35857391357422,103.81443191641473,98.76757467771827,103.6433510044431,6027278
2018-01-30,97.19673919677734,99.75516280193818,96.55907780113402,98.74423938259253,4576805
2018-01-31,101.0538101196289,101.5670528000087,98.3709679133315,98.3709679133315,4366606
2018-02-01,100.86719512939453,102.08030568370332,98.75201781665488,99.94180616748842,4065629
2018-02-02,100.27617645263672,101.96364542852508,97.86550563952578,100.00401092698188,3222019
2018-02-05,94.78606414794922,98.2620984786456,91.07674254601973,98.2620984786456,7702110
2018-02-06,94.69274139404297,95.29930251073917,90.20578389195869,90.98341995999282,7441400
2018-02-07,92.4842529296875,99.42854288820793,90.20577913323073,95.54036275315488,7090899
2018-02-08,97.19673919677734,97.43781043384854,91.76106425508047,92.38317553844156,5631789
2018-02-09,95.68812561035156,96.27135269225238,91.13894962521103,94.48278726793279,5002665
2018-02-12,97.67887115478516,99.4207743604134,95.73478090161754,95.73478090161754,5531774
2018-02-13,95.88253784179688,99.52187519179088,95.85143168444222,97.97437501108455,4732531
2018-02-14,97.04898834228516,97.88883082725035,95.64924097918875,95.66479109082641,3335225
2018-02-22,102.1036376953125,102.33693093363858,98.42541577734664,98.59649669439997,4349418
2018-02-23,101.71480560302734,103.38671849390143,100.22174569510697,103.03678461741445,3280339
2018-02-26,100.14398193359375,101.87033512699347,99.38190183292637,101.6059416851395,3463522
2018-02-27,98.92308044433594,101.09268571902201,97.98991956470184,101.09268571902201,3054644
2018-02-28,91.75328826904297,95.78922181209803,90.2057939817726,93.31633860183372,13002018
2018-03-01,94.31169891357422,94.76272924512374,90.67236197310815,91.76105362644098,4258178
2018-03-02,93.0830307006836,94.45944980038553,91.79993599359847,93.3163238835493,2039321
2018-03-05,90.92899322509766,94.47501209133964,90.20579138444117,93.08304270199464,4005117
2018-03-06,89.42816162109375,91.6444235703422,85.9910110939861,91.4422365002496,5913272
2018-03-07,88.1061782836914,91.36446972209679,87.48406698971843,89.20264217152486,4586364
2018-03-08,90.84345245361328,90.96009905967172,87.56182703631653,88.9615744432322,4129879
2018-03-09,91.56665802001953,91.74551694764412,90.17468857893576,90.79679988131606,3288197
2018-03-12,89.79363250732422,92.44536826012623,88.18392617734807,92.44536826012623,7187620
2018-03-13,87.25076293945312,89.41259615453589,87.09523810171412,89.41259615453589,5062184
2018-03-14,87.95065307617188,88.47944592974464,86.93972957541652,87.25855733246694,4515379
2018-03-15,89.03933715820312,89.85585747036562,87.87288295962404,87.87288295962404,3697433
2018-03-16,87.90398406982422,90.05026133319035,87.8728779143676,89.58367493423368,2735967
2018-03-19,87.74069213867188,89.15598975743073,87.01749024962572,88.24615684527717,2822088
2018-03-20,87.40629577636719,88.02840107492206,86.6131036596273,87.36741159956708,2480468
2018-03-21,88.57276153564453,89.42038211876434,87.40630727292637,87.46074156787083,3070217
2018-03-22,86.37203979492188,88.56497331911612,86.08431230739309,88.56497331911612,3432569
2018-03-23,83.4014663696289,84.70789517105626,81.88507844515618,83.20705735711229,3172163
2018-03-26,81.73733520507812,83.67364753377214,80.87415861446537,83.40147607116742,4498387
2018-03-27,83.34703826904297,83.68920005499128,82.09504366088775,82.90378592492478,4313669
2018-03-28,78.15242004394531,82.81823616597191,77.8569204920581,82.16502475667635,4742409
2018-03-29,83.86804962158203,83.93803995353574,77.16483044258919,78.5878999528671,6127097
2018-03-30,83.97693634033203,85.53998685220529,82.34390141427777,83.61922437998824,3295389
2018-04-02,81.65178680419922,83.86804840230616,81.49626196439577,82.64716001788287,3494772
2018-04-03,81.00635528564453,83.75140991077613,80.71863371087561,81.41850149061086,4766267
2018-04-04,86.65977478027344,88.55720295903849,81.38740261271786,81.38740261271786,7552852
2018-04-09,85.43109893798828,88.44832474714816,84.92563430701529,86.55089677486477,4113644
2018-04-10,87.31297302246094,87.53848818445965,84.7312216247025,86.74530203957808,3845346
2018-04-11,85.64105987548828,88.25391759481292,85.44665085430574,87.48405953214,2723744
2018-04-12,85.314453125,86.19317975441031,84.16355505576283,86.12319535540871,2079182
2018-04-13,84.04692840576172,86.5742462507938,83.6347821372195,86.15432195844122,2890748
2018-04-16,85.39999389648438,85.70327149244287,84.03913075922203,84.76233254948286,3209894
2018-04-17,82.59273529052734,86.55090640361962,81.73733670681386,85.40000228402643,2820529
2018-04-18,83.85250854492188,85.51664945245679,82.35944854182583,82.63939210112491,3056102
2018-04-19,85.29112243652344,86.78418223274672,83.6425318701359,84.76232968374948,2619595
2018-04-20,87.09525299072266,88.93825289074292,84.76234442847115,85.53220259280403,3872525
2018-04-23,86.30982971191406,88.42500086871719,85.462209204475,87.48406189275116,2942989
2018-04-24,88.89936828613281,89.35039869658773,86.47314125706907,86.47314125706907,3066745
2018-04-25,87.87289428710938,89.27264187899954,87.58516674519484,88.34725286364473,2336555
2018-04-26,86.12320709228516,88.48722179574969,86.00656047849348,88.47166574970109,1573225
2018-04-27,87.21966552734375,90.98342130445772,87.01747848545729,89.42814914540716,6825295
2018-05-02,90.23689270019531,90.94453845781186,87.38296967047981,88.68939854051058,4579006
2018-05-03,94.87938690185547,95.283755083327,88.73606022227551,90.5168476910547,4611816
2018-05-04,96.43466186523438,97.59333808245344,94.09397536236547,94.48279344237525,5823964
2018-05-07,101.85476684570312,102.11138816695167,96.43464854278646,96.55129513725328,6465726
2018-05-08,102.27470397949219,104.59205625286059,100.03510819724953,101.4348555611512,6569257
2018-05-09,101.55929565429688,102.25916350995128,100.29174481145625,102.25916350995128,2770645
2018-05-10,101.10047149658203,103.56557666591439,100.7816496933734,100.79719387299316,4254454
2018-05-11,101.09268951416016,104.45985513494905,99.28857406168468,102.32135593368797,4524879
2018-05-14,102.64797973632812,103.6433531360235,101.24823218494808,102.29804581492984,3323855
2018-05-15,103.42560577392578,103.58113062749634,100.43170191310311,102.8034944938578,3518144
2018-05-16,102.0258560180664,104.4132045891088,101.16267945491168,103.33229086279661,2950406
2018-05-17,101.63704681396484,102.64797622570866,100.86719458637538,102.12696140663923,2878480
2018-05-18,100.71163940429688,102.25136730893438,96.83123722068284,101.8858774203796,3833505
2018-05-21,100.31505584716797,101.20933260646821,99.45187931059581,101.19378842799671,3152209
2018-05-22,100.56390380859375,101.08491855958141,97.7877373005868,100.92160976143425,2571057
2018-05-23,98.92308044433594,100.75052396113982,98.79866176240107,99.98844396044682,2513772
2018-05-24,97.98213958740234,99.91067361559197,97.42224069764018,99.35078065872187,2542653
2018-05-25,100.31505584716797,102.49243927747281,98.33208143982274,98.33208143982274,5048249
2018-05-28,106.03068542480469,106.61391249124303,100.08176222766257,100.31505542739491,5554458
2018-05-29,105.58743286132812,110.57208330615519,104.72425628174932,104.72425628174932,5913634
2018-05-30,108.05253601074219,109.02458115633323,103.50337184884744,104.73202647098329,5206366
2018-05-31,111.73075103759766,112.7572364024939,106.44283496100557,108.47246569088189,6312580
2018-06-01,108.69796752929688,111.6529869307735,107.15825145275,110.89090691431073,3791613
2018-06-04,109.91886901855469,110.71983326349354,107.08049009438817,109.33564193539812,3939504
2018-06-05,110.68096160888672,112.74947674566647,108.17697209926634,109.95775377372966,3485648
2018-06-06,111.97960662841797,115.4323130646533,109.95774787353487,109.95774787353487,4560504
2018-06-07,113.44154357910156,114.67798197242575,111.20972018836092,113.45708775575127,3963541
2018-06-08,110.26880645751953,112.74946762987541,107.3215588572512,112.32176538191996,4954093
2018-06-11,109.25786590576172,111.39636506050083,108.01364346941787,110.26879515206802,3893755
2018-06-12,116.25659942626953,116.39656823167397,109.79444519615106,110.19103534391577,5443855
2018-06-13,114.39803314208984,116.48987589355157,113.29379143915504,115.81332450063474,3650596
2018-06-14,111.35747528076172,115.7122417230386,110.0354964247868,114.70131252760461,3889543
2018-06-15,111.20195770263672,113.14604787226324,110.65761482829825,112.43062411373485,3876767
2018-06-19,107.46931457519531,112.29065637772396,106.61392192156141,110.15215694496007,4489492
2018-06-20,113.5504379272461,113.67485069761148,108.09142864039721,108.44914650288699,5558720
2018-06-21,111.19419860839844,113.9159251639513,110.50210290176072,113.5348791744909,4593598
2018-06-22,110.44994354248047,111.08335065287805,108.4705538732604,110.05406560863646,2703947
2018-06-25,112.03343963623047,114.40870690766998,110.46576661982593,110.8458060005107,4656023
2018-06-26,109.52359771728516,114.76501803469938,108.4784741052854,111.63758457111751,4688583
2018-06-27,102.98368072509766,110.17281261939766,102.54821262722272,109.89570534346599,4433300
2018-06-28,101.50308227539062,104.74136031496472,98.57358848758855,101.34473354547256,5218651
2018-06-29,104.195068359375,105.60439272021549,99.76123103637552,102.84116062242374,3662761
2018-07-02,105.2797622680664,108.177591191205,102.95991165542249,106.88702546222184,3328955
2018-07-03,99.04866027832031,104.98683547280189,95.05820988204984,103.98921532296173,9773421
2018-07-04,99.61871337890625,102.74615237762966,98.97739312121367,100.15710755839424,6510368
2018-07-05,99.9987564086914,103.5458188841101,99.6820528918033,99.84040162993877,3912050
2018-07-06,101.62977600097656,102.95200675062543,99.0248986677095,101.74062133085027,3813123
2018-07-09,104.53553009033203,105.2085274351215,101.3447547926559,103.64084206093253,3931412
2018-07-10,104.14755249023438,106.0556868654218,102.23943019628167,104.6701142170984,3599625
2018-07-11,101.9939956665039,103.71210443265764,100.473819824698,100.473819824698,2813803
2018-07-12,104.90763854980469,105.13724240522725,101.89105102714362,102.302767406462,2827786
2018-07-13,107.67879486083984,108.20135661774924,103.74376734685296,105.2639371186695,4340635
2018-07-16,108.29635620117188,110.44993292067595,107.36209016614013,107.68670085893572,3858122
2018-07-17,107.67879486083984,108.7001545845851,105.7627471667408,108.7001545845851,2713084
2018-07-18,104.8284683227539,108.26469784810135,104.43259040298334,107.67088096844549,2776327
2018-07-19,104.1396484375,105.5964763363259,103.18163060192127,104.75721704855088,2938630
2018-07-20,104.71763610839844,105.69941782168029,103.02327888274607,104.51969712371364,4798270
2018-07-23,102.84908294677734,104.90765304660121,102.13650749442684,104.3613395618891,2810086
2018-07-24,105.94483947753906,106.1823686288817,101.74061819934198,103.00743228567973,3599319
2018-07-25,106.26946258544922,107.01371495744102,105.32727126691637,106.09527534599434,3257766
2018-07-26,103.44288635253906,106.26946024591014,102.96784014003951,106.26946024591014,2832217
2018-07-27,106.18238067626953,107.26708235694797,102.96785376291979,102.96785376291979,4335062
2018-07-30,104.85221862792969,106.17446149375148,102.27109897482015,105.76274507995527,3702730
2018-07-31,101.62186431884766,104.05254840375079,101.62186431884766,103.72792561808838,3191523
2018-08-01,99.20700073242188,103.20536980067739,98.96947158437251,102.50862085472842,2833953
2018-08-02,94.53564453125,99.36535374415726,92.83336833866485,99.36535374415726,5322989
2018-08-03,93.13423156738281,95.40657286331384,91.84367180202827,95.01069496761545,3413391
2018-08-06,90.12556457519531,93.94182730699286,89.55549943009403,93.94182730699286,3425453
2018-08-07,92.79377746582031,93.01547416423054,87.90864562314225,90.26016131873436,6319807
2018-08-08,89.81678009033203,92.23163166148231,88.28077190182293,92.23163166148231,4737516
2018-08-09,92.55625915527344,93.41135691454197,88.28077639954844,88.67665432062265,4030783
2018-08-10,92.2157974243164,94.29019371904499,91.48738355045167,92.30289104408472,2578186
2018-08-13,89.62674713134766,91.62989422273982,87.56026417178009,91.31319071939527,4680009
2018-08-14,91.36861419677734,92.45331570161834,89.88802877875158,89.88802877875158,4215938
2018-08-15,86.85560607910156,91.76449550721992,86.41222477821215,91.68532113786355,4943570
2018-08-16,82.53262329101562,88.43912086207993,82.247590718418,85.57296871851783,8054412
2018-08-17,83.21353912353516,85.11375438300011,83.01560015985376,84.30616606905184,6943165
2018-08-20,85.905517578125,85.96885950166372,83.5302498109879,84.82080978984314,5412336
2018-08-21,89.9434585571289,90.45810104031766,86.24596038448512,87.09313885719862,4316567
2018-08-22,88.4470443725586,90.20474330805126,87.94824036679083,89.46841013346967,2504588
2018-08-23,88.6766586303711,89.92763437151216,86.96646302871731,89.45258205125876,3188859
2018-08-24,86.18262481689453,88.59748262474761,85.54922374838502,88.59748262474761,4350509
2018-08-27,91.21026611328125,91.28944652609593,86.24595988504056,87.09313835284811,8349874
2018-08-28,89.9276351928711,92.13663484487427,88.91418862290936,91.4478050478137,5375934
2018-08-29,89.46841430664062,91.05192606428028,88.04325130851775,90.95691318419944,3798216
2018-08-30,91.84368133544922,94.13977457695904,90.81439628354616,91.05192546186777,8497230
2018-08-31,91.3132095336914,91.84368453773861,88.68458018337395,91.84368453773861,6326391
2018-09-03,90.14139556884766,90.88564794515088,88.67664856408226,89.86428225020836,3755072
2018-09-04,91.10734558105469,91.59031713366915,89.37339833345139,90.41851581569856,4896419
2018-09-05,90.99649810791016,92.15246089895683,89.91179044232105,90.95690790002199,4040851
2018-09-06,86.4597396850586,90.8698196953045,85.66798380501001,89.70594362575218,5704742
2018-09-07,87.35442352294922,89.31006141975537,85.90550888192065,87.29900085561785,6296130
2018-09-10,86.33305358886719,87.2594064297543,84.1478058785598,87.09313843579642,3575304
2018-09-11,85.82632446289062,87.15647436381428,84.78120711506611,85.80257275690187,2828598
2018-09-12,83.13435363769531,85.58879525125626,82.27134277085729,84.87621386909547,3974409
2018-09-13,82.65930938720703,84.99498665609694,81.15497211069024,84.59910874336187,6454416
2018-09-14,85.23251342773438,86.77643482782035,82.11299362994102,83.15019179919788,5876060
2018-09-17,88.59748840332031,88.67666278697075,84.48035400669714,85.23252575292187,5015225
2018-09-18,89.88011169433594,90.65603500112539,86.72892713555768,87.09313406221654,5456984
2018-09-19,93.50636291503906,94.61482229227714,89.14378657236531,89.46840936424532,5518153
2018-09-20,92.87295532226562,94.45646688076552,91.69323486193882,93.49843707212995,3787276
2018-09-21,98.8111343383789,99.57913245307775,93.34801766340671,93.34801766340671,5727893
2018-09-25,96.51502990722656,99.38118193861266,95.9687164910266,98.65276807742414,3435630
2018-09-26,100.94886016845703,103.15785343992962,97.06925570680075,97.52055625181151,8221374
2018-09-27,101.00428771972656,101.34474295722318,98.92988533769864,100.94886505504653,5402801
2018-09-28,101.34474182128906,102.5323755145073,98.66860940719289,100.94094467422201,4274598
2018-10-08,95.76285552978516,99.34951415078663,94.16351157293165,98.65276522491158,7493006
2018-10-09,95.80245208740234,96.77631438219552,94.34562431052828,95.80245208740234,5015133
2018-10-10,89.86428833007812,95.88163153877039,89.3100616553027,95.4303309491339,9844202
2018-10-11,87.88489532470703,90.73521504603349,85.43045351024861,85.74715704386655,9038741
2018-10-12,91.3448715209961,92.64335058813286,88.47871326564332,88.47871326564332,9064936
2018-10-15,88.89042663574219,91.85951107371362,88.1620127033748,91.81200765570375,5356444
2018-10-16,89.93553924560547,91.40820553033289,88.2886917574025,88.87458936339185,3799506
2018-10-17,89.43673706054688,91.84367548786149,86.30138472566296,91.36862320208226,4616664
2018-10-18,86.70518493652344,89.4209077471452,85.11375398460117,87.83739604510609,5191606
2018-10-19,91.80408477783203,92.62751155429598,85.786741762799,85.786741762799,6078727
2018-10-22,96.26958465576172,97.91643816665749,94.06850450207284,94.21894003680984,5900956
2018-10-23,87.01396942138672,96.59421403110197,86.64184320411232,96.59421403110197,15399732
2018-10-24,82.54054260253906,85.27209771126822,80.67199842104515,84.70995181506026,14944431
2018-10-25,80.12569427490234,80.6403368155284,77.9087813900319,79.57146756383926,9503343
2018-10-26,76.00855255126953,81.44791676784189,75.2326292527705,80.75908708572388,11707767
2018-10-29,68.4076919555664,70.94130771515105,68.4076919555664,70.86213335527961,9600585
2018-10-30,67.1408920288086,68.88275231477441,64.82896057863907,65.71572921984225,21506855
2018-10-31,69.98329162597656,70.37125025968038,67.08546866550489,67.6001050805618,12009593
2018-11-01,74.61506652832031,76.64196552815599,71.33719792806451,72.03394691325889,15207728
2018-11-02,79.71397399902344,81.39249846571646,76.10356949247253,77.40204851818355,13056822
2018-11-05,77.3228759765625,79.17558168857884,75.10595727303529,79.17558168857884,10262555
2018-11-06,75.65225982666016,77.19618103103419,74.1083325816695,77.19618103103419,5658817
2018-11-07,75.5493392944336,77.08534752635924,74.50422184812788,76.01647837182665,4555024
2018-11-08,75.29597473144531,77.10117697359236,75.193048652943,76.56278279254698,5035157
2018-11-09,75.16929626464844,75.60475832262912,73.73621418420072,74.00541429259326,3327542
2018-11-12,73.9262466430664,74.3458762813472,72.04978308480672,74.2983668222426,5858771
2018-11-13,77.14076232910156,78.13045700845439,72.44565052862706,72.76235403414336,8521882
2018-11-14,74.72591400146484,77.06159735373815,74.18751978866256,77.06159735373815,7557072
2018-11-15,75.2801513671875,75.50184204958305,74.36963088681888,74.66258274033761,4729514
2018-11-16,75.65225982666016,76.70529032062511,74.70214935883129,75.19304006924037,5450222
2018-11-19,77.51288604736328,78.01960922394146,75.13761889192182,75.43848389032237,5961040
2018-11-20,75.63642120361328,76.80030305140644,75.63642120361328,76.80030305140644,2769416
2018-11-21,76.83198547363281,77.65541225104926,74.09251106216412,74.34587268286015,4945460
2018-11-22,77.33869934082031,77.59206093080644,76.32525298087582,77.19618306891456,3451198
2018-11-23,75.61267852783203,77.59206801808942,75.42265882814017,77.51289364660259,2627379
2018-11-26,74.85259246826172,76.4044330784526,74.58339236085398,76.4044330784526,2477614
2018-11-27,74.02916717529297,75.58892706516423,73.39576012011304,75.58892706516423,2471104
2018-11-28,76.72906494140625,76.78448761117286,74.33003955991964,74.860520588392,3989893
2018-11-29,77.23578643798828,79.65855743278686,77.18827697884275,77.94836187837528,4882573
2018-11-30,79.31809997558594,80.02276218711816,76.80031617283129,78.02754013616999,7562664
2018-12-03,81.84380340576172,83.54607363031458,81.0045381072255,82.34260741064615,8072095
2018-12-04,82.18424987792969,82.77806669484936,80.90160337876107,81.946720734915,3471398
2018-12-05,82.35052490234375,83.39564234784991,80.75909400556701,80.99662316888923,4612516
2018-12-06,79.11223602294922,81.78837442314877,78.85887441518176,80.71158607998277,4063367
2018-12-07,80.98078155517578,81.92297288200196,79.42102167620439,79.42102167620439,3812824
2018-12-10,77.90878295898438,80.57699651677326,77.42581136935254,79.57146916627543,4349158
2018-12-11,78.66093444824219,79.08056403934661,77.75041410569682,77.90876888387962,3817797
2018-12-12,78.7322006225586,79.4368628186506,78.05129013455233,79.34184994569011,2699667
2018-12-13,80.93327331542969,81.39249309781697,78.34422864349416,78.77177747117022,4684801
2018-12-14,80.0465087890625,81.0757937275284,79.1755786322314,80.35529306247882,2929705
2018-12-17,78.60551452636719,78.93805051121817,76.80031227647056,77.63165827921539,5014694
2018-12-18,78.21755981445312,78.60551848297384,77.20411331020935,77.51289760320182,3369533
2018-12-19,77.35453796386719,78.85887516710032,77.1170148521676,77.91668988830926,3460047
2018-12-20,75.21680450439453,77.10910047130831,74.58339741863678,76.80031617817126,4365746
2018-12-21,74.02916717529297,74.90009734570235,72.59609111270463,74.73382935285652,5495997
2018-12-24,74.02916717529297,74.9792717174455,72.54858165716486,73.63328927595985,2783485
2018-12-25,74.12418365478516,74.14793536340281,72.75444339852969,72.78611435689245,2885639
2018-12-26,73.58580017089844,74.81301827311162,73.3720226809406,73.64122284595815,2603337
2018-12-27,73.23741912841797,75.03470232375155,73.23741912841797,74.58340171236873,4554611
2018-12-28,74.99512481689453,75.48600964164238,72.849466909647,73.63330361155815,5310165
2019-01-02,72.12895202636719,76.53111837310628,71.8201677482395,75.65226895362984,6141844
2019-01-03,70.3791732788086,72.0497785166754,69.39739776841579,72.0497785166754,5679730
2019-01-04,71.54306030273438,71.89143481564105,69.3578124282961,69.67451598179144,4779657
2019-01-07,70.7750473022461,72.84153033074821,70.74337634679345,72.29521692027012,6893032
2019-01-08,71.9310073852539,72.20812068464492,70.76712548719479,70.86213835010751,6120498
2019-01-09,73.95000457763672,75.35932915715206,72.50900903625809,72.99989384359318,6932952
2019-01-10,72.99195861816406,74.26668575574811,72.44564526188047,74.14792119473648,3771460
2019-01-11,74.42504119873047,74.46463140284895,72.2160419106175,73.22948831363341,5161132
2019-01-14,73.56996154785156,74.09252337522638,72.74653463359395,74.09252337522638,3829222
2019-01-15,77.51288604736328,77.51288604736328,73.01571332476944,73.63328181868553,7543121
2019-01-16,76.68154907226562,78.10671194803454,76.37276478928526,77.32287538667036,4415404
2019-01-17,77.20410919189453,78.42341383996421,76.17482424307988,77.43371909711064,3387702
2019-01-18,79.17558288574219,79.72980954969535,77.19619331359864,77.51289685326512,6009629
2019-01-21,80.0623550415039,81.94673182082906,79.23892821910647,79.23892821910647,6226585
2019-01-22,78.1858901977539,79.57146293543562,77.56832160117175,79.57146293543562,2932374
2019-01-23,78.36798858642578,78.93013445691719,77.20410664079009,77.9721107023656,2662714
2019-01-24,78.43132781982422,78.93805104989812,77.43371985846349,78.58176335521463,2521173
2019-01-25,78.11461639404297,78.97762716481935,77.15658672873238,78.37589117123864,3978300
2019-01-28,78.93804931640625,81.12329697349747,78.38382268337675,79.17557846805732,6074471
2019-01-29,78.38382720947266,79.20725399796143,77.1011805896044,79.17558303987137,5359062
2019-01-30,75.8343734741211,78.8588805447032,75.7393666392094,77.98795032784572,6112931
2019-01-31,74.8209228515625,76.2460857030773,74.06875726030697,76.00063729827248,9986193
2019-02-01,78.38382720947266,78.77178587499509,74.82092597267844,75.59684934434092,9636930
2019-02-11,82.25550842285156,82.39010545721196,77.31495399165178,78.39174234776955,12480218
2019-02-12,81.82003784179688,83.1185228535455,81.16288514782677,82.19216401778282,7906099
2019-02-13,82.14466857910156,82.73848546039628,80.20486918311926,82.26343316348404,8708059
2019-02-14,86.5705795288086,86.65767315333396,81.55085046749058,82.06549296497204,13162428
2019-02-15,83.77568817138672,85.93718439305195,83.53024578029074,85.50963549072416,6046002
2019-02-18,86.36473083496094,86.93479602182423,84.32199926224008,84.65453527437106,7706325
2019-02-19,85.36711120605469,88.04324366965497,84.72579093285101,86.37263842704178,6858936
2019-02-20,85.4462890625,87.01396828833187,83.92611929483242,86.30138682204465,6112046
2019-02-21,83.92610931396484,85.85007602382476,83.8073447436047,85.50170156159955,5191484
2019-02-22,84.17947387695312,84.19530633460425,82.43761358570498,83.91819302108075,4494390
2019-02-25,87.23565673828125,88.01949331094619,83.48273583213962,84.23490144704003,9806213
2019-02-26,85.6759033203125,87.87698370716006,85.66007086053445,87.09314707485937,8021272
2019-02-27,87.01396942138672,90.42643521358616,86.05594556447697,86.53891711788191,9694646
2019-02-28,87.92448425292969,90.26016145323577,85.050406824871,86.25387902699322,9008443
2019-03-01,91.36861419677734,91.75657282052107,89.12794398829539,90.71145547856669,7435379
2019-03-04,95.64411163330078,98.49443156078475,91.29736755225436,93.03923409282972,10585059
2019-03-05,94.85234069824219,97.38595666682333,93.4271779405297,96.83173006138901,6359347
2019-03-06,94.6385726928711,95.08195402139148,93.42718724843678,94.21894307257608,5125375
2019-03-07,91.408203125,93.83097993903998,90.00679804092265,93.82306068980303,8616597
2019-03-08,88.09075927734375,89.70594196766262,87.40192949981106,87.88490106096309,9417625
2019-03-11,90.26017761230469,90.95692066837351,87.97200341748784,88.67666572436951,7090430
2019-03-12,88.74790954589844,90.73521840328033,88.13034095483273,90.553117942129,9471969
2019-03-13,87.6552734375,89.68216611073225,87.25147633629254,88.62913561320819,6119310
2019-03-14,87.32274627685547,90.1651466463012,86.30138058904681,87.72654341869082,8842015
2019-03-15,88.93793487548828,90.61645338875559,86.82394823437276,88.20952095310369,9932059
2019-03-18,94.79692840576172,96.26167548656827,89.55550262426532,89.55550262426532,13382867
2019-03-19,93.03129577636719,94.21892933946974,92.15244645642196,93.4271736307347,8165711
2019-03-20,93.37968444824219,95.77870364471768,92.1920507041955,92.39790287058558,8533223
2019-03-21,93.99726104736328,94.13977735043137,91.47155780323041,93.34802145352381,6946477
2019-03-22,94.15560150146484,96.39627194172714,92.60376080534688,94.13976904279585,6758187
2019-03-25,90.18099212646484,93.26884113600657,89.98305316483547,92.42957583107798,7225866
2019-03-26,89.61884307861328,91.74866212393715,89.0804488801106,90.8935704303532,7574602
2019-03-27,93.36383056640625,93.56968873949701,89.64258119774851,90.24431722029719,7933701
2019-03-28,93.98141479492188,96.1508301227563,92.82545200565693,93.56970442036054,10320189
2019-03-29,103.26078033447266,103.37955094211202,95.08986148383266,95.7232684808751,18898593
2019-04-01,102.22360229492188,103.23704885625926,100.39464814252761,102.136508664749,15844149
2019-04-02,99.04866027832031,102.37403862885472,98.35983652246769,102.13650944645296,13729811
2019-04-03,97.96394348144531,99.12781938211603,96.87131665952593,97.78183699758638,10631459
2019-04-04,98.969482421875,100.14128375162184,96.99009277343751,97.84519055131078,14434271
2019-04-08,96.62588500976562,101.66144667668365,95.69161286174815,101.18640041369986,14538125
2019-04-09,98.25688934326172,98.29647954780485,95.62826044201292,96.67337781141022,11255838
2019-04-10,101.34474182128906,101.36058031994435,96.35667789352556,97.0059174041935,17497474
2019-04-11,94.994873046875,101.1864037807629,94.7810955767391,101.1864037807629,15657121
2019-04-12,96.03997802734375,96.06372973412061,92.80169376297972,94.1714339130788,8982943
2019-04-15,94.95526885986328,98.39148597039923,94.93151715348161,97.64723966109943,7748765
2019-04-16,95.96080780029297,96.07165313742568,93.03131353501206,94.4881414176808,6962091
2019-04-17,95.08988189697266,96.07957676692578,93.9022480530289,95.86580533288786,9343560
2019-04-18,96.58629608154297,97.78184912660974,94.32187382904574,94.99487114540737,8675755
2019-04-19,97.5363998413086,98.08270724076509,94.91568401133702,96.47544391832913,5976284
2019-04-22,96.19039916992188,100.15709695410123,95.45406612065045,97.96393630317526,8449160
2019-04-23,96.41210174560547,97.63932565996683,94.43271223251774,96.19833033606365,8044914
2019-04-24,95.62035369873047,97.86102425909552,94.69400078119197,96.79215504342665,6879717
2019-04-25,94.00516510009766,96.28541953992517,93.92598469071334,94.94735035747631,5463642
2019-04-26,92.79377746582031,95.39865477612103,92.24747007072148,93.96557870923343,8521840
2019-05-06,86.2301254272461,90.60853395095444,85.9055026559623,90.26015947262398,11370529
2019-05-07,89.98303985595703,90.77479558537044,87.09313023547473,87.09313023547473,9447382
2019-05-08,90.25225067138672,92.35832420238559,88.18576735046027,89.43674308508585,6494217
2019-05-09,87.47318267822266,89.46840461893254,85.98467792122231,89.46840461893254,6726622
2019-05-10,90.72728729248047,91.40819771171988,87.55235112623616,88.58162996324633,5774969
2019-05-13,89.61093139648438,91.44780480991598,88.05909058519028,89.86429303831571,5256341
2019-05-14,88.59748840332031,89.7296996073144,87.89282611978045,87.94824879239758,5031938
2019-05-15,95.87371063232422,96.56254037960065,90.26808394228443,90.26808394228443,16052271
2019-05-16,95.92912292480469,96.80005298135485,94.21892772376806,95.79451986575927,10108284
2019-05-17,94.5197982788086,97.62348537744633,93.97349092460144,96.31708719538962,7527371
2019-05-20,93.86265563964844,95.7232806236379,90.6085387097674,94.02100438868763,7678883
2019-05-21,93.32425689697266,94.61481665666308,90.37892439940454,93.79930916160232,8619767
2019-05-22,91.98619079589844,93.9814127911234,91.18651573165744,93.26883739036859,5433312
2019-05-23,88.95376586914062,91.82784338436123,88.811249578794,91.05192001678128,6174115
2019-05-24,90.93315124511719,91.72490703487114,89.4921559493897,89.4921559493897,5149943
2019-05-27,91.53489685058594,91.72491656850416,89.62676229945642,90.9331606964573,5421651
2019-05-28,93.03129577636719,93.03129577636719,90.67186110646543,91.04398725606957,6136178
2019-05-29,92.45332336425781,93.58553441526544,91.31319910438717,92.00202279375085,4770769
2019-05-30,91.35279083251953,93.42719340304001,90.71938975585275,92.56418239737295,4172457
2019-05-31,90.54519653320312,92.19205009718624,89.88803774940925,91.75658197765596,3374603
2019-06-03,90.02263641357422,92.21580346877926,89.52383240998385,90.49769474912809,3485236
2019-06-04,88.05908966064453,90.26017003356056,87.64737322160504,89.97513743441567,5968469
2019-06-05,88.56580352783203,89.46840464900625,87.96406743351011,88.83499759807609,3797260
2019-06-06,88.43911743164062,89.31005361447166,87.56818728942676,88.67664657979768,2994356
2019-06-10,89.78510284423828,90.00679348671763,86.54681870054506,88.46287219758149,4193066
2019-06-11,92.85710906982422,93.41134169338785,89.70592471429737,90.17305768555025,6788469
2019-06-12,91.75658416748047,93.09465347522776,90.70354744647956,92.63543363651218,3893165
2019-06-13,90.23641204833984,91.9386882746783,89.82469563793272,91.84367540136492,5204059
2019-06-14,90.14139556884766,91.23402242607874,89.91178566465587,90.33933451653535,3219651
2019-06-17,90.21265411376953,90.85397435267328,89.15169824382438,89.61883728793507,3617403
2019-06-18,90.671875,90.7985588323052,89.13587279731372,90.21266120943761,3828019
2019-06-19,91.4002914428711,93.0313064571218,91.03608449991304,92.49291227174525,4771628
2019-06-20,94.27436065673828,94.98694206817513,91.51113467081802,91.84367064928281,8076314
2019-06-21,95.09779357910156,95.8103750368818,93.42718828832365,93.8230662047996,8548064
2019-06-24,96.28541564941406,97.20384916311403,94.54355544444905,95.0977820440424,7373187
2019-06-25,95.92121887207031,97.12468506148873,94.06850711077887,96.50711648793076,5112444
2019-06-26,95.71536254882812,96.43586325922037,95.01861958763918,95.64410742307116,3427299
2019-06-27,98.17961120605469,99.22061336994499,95.43884284888856,96.21146610214569,10438956
2019-06-28,98.8627700805664,99.99323399000096,97.4476581012855,98.18774928774862,4691873
2019-07-01,105.66182708740234,107.2883946455392,100.92851574141865,100.94478489172319,10938460
2019-07-02,108.63844299316406,109.38666254145535,104.89733284198266,105.72688572780072,10112544
2019-07-03,107.01187896728516,112.6398011150582,106.13353101454942,107.51611092896246,12748897
2019-07-04,103.45781707763672,107.61370341941563,103.01051477270852,107.01186902354101,11567605
2019-07-05,105.22266387939453,106.580846360291,103.46596786193605,104.18978996037133,7442592
2019-07-08,104.89732360839844,106.13351825358433,102.96984529398522,104.77533602257122,8621520
2019-07-09,105.19824981689453,107.60556257958577,103.36835531733385,104.11658102463913,7825091
2019-07-10,104.95426940917969,107.2233255895592,104.01899186470993,105.53983469632118,4370973
2019-07-11,104.10844421386719,106.64589785118218,103.84006530277676,105.80821661490141,5964983
2019-07-12,106.60523223876953,107.25586170118201,104.27924028720916,104.92172897014193,6682078
2019-07-15,104.77535247802734,105.7268930260951,103.12438737201332,105.7268930260951,7830123
2019-07-16,103.39275360107422,105.1982505961918,102.68520075966104,104.55574952962581,4627117
2019-07-17,102.71773529052734,104.05964845121518,102.3517538972706,103.57167946506848,3491277
2019-07-18,100.92850494384766,103.28702889179816,100.70892107713043,102.72586115871991,3729639
2019-07-19,102.45748138427734,103.60420815379871,100.35920798744513,101.60353103293383,4473242
2019-07-22,102.49002075195312,103.77501063265892,101.66047401413744,102.66894417899607,3493678
2019-07-23,99.62725067138672,102.75839159437218,98.81396699243662,102.75839159437218,7671340
2019-07-24,98.45612335205078,100.44053757801444,98.22840490740491,100.31854378127922,9823894
2019-07-25,98.88716888427734,98.97663059379973,96.77263236027915,98.65132205538664,6699943
2019-07-26,97.83804321289062,99.18809108871741,97.76484444466792,98.8139812868651,5375143
2019-07-29,98.07389068603516,98.63505849486367,97.37447232492325,98.37480792646811,5355409
2019-07-30,97.33380889892578,98.63506178429982,97.00035955071512,98.25281739190737,5819989
2019-07-31,94.75569152832031,97.59405008080898,94.75569152832031,97.26060076469884,10032763
2019-08-01,92.41342163085938,94.66622088226933,91.73840089722223,94.65808630816902,11492804
2019-08-02,89.15216064453125,90.47781083013476,88.15995354647004,90.47781083013476,17727711
2019-08-05,85.39479064941406,87.8346418108259,85.39479064941406,87.68011591838052,14610270
2019-08-06,87.28974151611328,87.50119081183809,83.36157973317805,83.74382406717156,13201137
2019-08-07,85.86649322509766,87.66384943009184,85.63877478534992,87.63131733800472,7175488
2019-08-08,86.04542541503906,87.4442682884451,85.88276493799458,86.4927277659702,7276622
2019-08-09,84.84989166259766,86.94003056657144,84.51644236037696,86.9237614175126,5188533
2019-08-12,86.41139221191406,86.59031561680138,84.98814575195313,85.96408369969576,5459438
2019-08-13,84.98815155029297,86.18367965100333,84.70350347985303,85.83396739164495,4425360
2019-08-14,86.199951171875,87.3548189230566,86.02916231261916,86.12675860570673,7303422
2019-08-15,85.00442504882812,85.11015592016327,83.19894011865053,84.72791151888805,6658752
2019-08-16,85.72010803222656,86.33820541628023,84.37005403611757,85.11827979780888,7419691
2019-08-19,87.6475830078125,87.6475830078125,85.24026396224717,85.72010457937955,10734052
2019-08-20,87.34667205810547,88.40393716258355,86.94003020141491,87.75331391479604,9737792
2019-08-21,86.199951171875,87.58253740206437,86.12675860570673,87.03763252173783,7861480
2019-08-22,87.79397583007812,87.97289924276018,86.37072930811387,86.69604403982105,11337131
2019-08-23,87.37107849121094,88.36328571554891,87.06203288234458,87.83465000694194,8243922
2019-08-26,85.32160186767578,86.09421895435979,84.98815254919654,85.39479442742235,7464011
2019-08-27,86.65538024902344,87.68824781230678,85.8095644610072,85.8095644610072,10729763
2019-08-28,89.92477416992188,90.6811282230259,86.92375547456368,87.33853187913348,14445830
2019-08-29,89.72960662841797,90.47782626431298,88.78619440544,90.42903121997385,7334877
2019-08-30,91.07151794433594,92.71434840523654,90.24196503651336,90.25823418639527,11364577
2019-09-02,88.96510314941406,91.90105779299518,88.32260828397692,89.8271818829783,15311324
2019-09-03,88.17622375488281,89.8678554645592,87.70451768499682,89.1765655096505,8491042
2019-09-04,87.3060073852539,88.22502197348406,86.21621016275749,87.83464305200235,10029347
2019-09-05,87.83464050292969,88.5747316558716,87.34667151888587,87.34667151888587,8627949
2019-09-06,88.41206359863281,88.68858326225681,87.04574683772928,88.32260190200698,7553148
2019-09-09,88.62352752685547,89.10336194096998,87.6150574563592,88.42020659785189,8314083
2019-09-10,88.34700775146484,88.89191255636295,87.509326517558,88.62352744117076,6399940
2019-09-11,85.0125503540039,88.34701252565748,84.9474861641027,88.34701252565748,14202101
2019-09-12,85.63065338134766,86.4032705214456,85.02882509732832,85.23214605049758,6485997
2019-09-16,84.85801696777344,85.94782033545359,84.48390721614058,85.94782033545359,7142812
2019-09-17,84.83363342285156,85.38666666958618,83.97968913331782,84.82550505213919,6408190
2019-09-18,85.91529846191406,86.61472301267777,84.8336295398187,84.8336295398187,8558512
2019-09-19,86.33007049560547,86.72857779201476,84.82549681315763,86.20807669327456,7352132
2019-09-20,88.1843490600586,88.63978593214956,86.4520570674023,86.82616681302873,11146151
2019-09-23,86.43579864501953,87.83464773129599,85.29720011864129,87.83464773129599,7593671
2019-09-24,87.02135467529297,87.99729261961309,85.72010201457877,86.1999364124919,7463685
2019-09-25,87.68011474609375,88.46086636272337,85.76076469505591,86.51711879317558,9186811
2019-09-26,85.72010803222656,88.2250234579881,85.63064632381632,87.69638778234467,7572467
2019-09-27,84.98001861572266,86.12675169930938,84.25619656340609,85.48425678227935,5479071
2019-09-30,84.58150482177734,85.22399968952624,84.17486297167265,84.82549241378506,4171578
2019-10-08,84.46764373779297,85.55744089371184,84.39444497985967,84.58150295692295,4365107
2019-10-09,83.19894409179688,84.42699829321857,82.55644907671683,84.42699829321857,5727518
2019-10-10,82.91427612304688,82.95494279263538,81.33650986178765,82.93867984771755,5474772
2019-10-11,83.36157989501953,84.19926111972323,82.75161711529988,83.08506641321384,4244983
2019-10-14,84.39444732666016,84.57337073451468,83.52423401061858,84.01220919744449,4908115
2019-10-15,84.05287170410156,85.11014302812293,83.7112940289054,84.40258395390595,4338409
2019-10-16,83.7926254272461,83.9146192331318,82.95494414095371,83.76822790704149,3122185
2019-10-17,84.3781967163086,84.82550530132826,83.16640555625052,84.05288194582731,3272065
2019-10-18,82.9549331665039,84.2724549270163,82.75161225188012,83.91460813172264,4060960
2019-10-21,83.32090759277344,83.89020987159394,82.85733615973228,83.3453113143961,2652304
2019-10-22,83.75196838378906,84.01221895137593,83.28839686637298,83.92275723706204,2763238
2019-10-23,82.54829406738281,84.48390700486765,82.14165222468635,83.89021338925357,4752811
2019-10-24,81.81633758544922,83.28025070245926,81.74314503202977,82.91426932077569,5021184
2019-10-25,82.75975036621094,83.14199469483361,82.14165302195168,82.4588331659445,4141671
2019-10-28,83.60556030273438,83.73568245802852,82.22297439795602,82.79227666634537,5191728
2019-10-29,85.88275909423828,86.81803660780064,83.93087693655649,84.17486453309007,11238985
2019-10-30,83.19894409179688,83.76824033054444,81.53170964210757,82.75163547216404,14968169
2019-10-31,81.97086334228516,83.1582567776069,81.32836848665711,82.95493585639025,11494654
2019-11-01,81.35276794433594,81.77567894527392,79.6530079807667,81.73501227811603,9423013
2019-11-04,83.3453140258789,83.7682188081692,81.10878391206856,81.40969490172407,10446271
2019-11-05,83.06066131591797,83.93087461906144,82.71094907980262,83.23958472112054,8715138
2019-11-06,81.46662139892578,83.41036881810578,81.32836466815675,83.40224044913947,7513430
2019-11-07,80.92987060546875,81.57236553561961,80.7102805103618,81.32837791991474,5247435
2019-11-08,80.9867935180664,82.06846234403227,80.9379922760473,81.31210824379042,5511540
2019-11-11,78.98612213134766,80.62895261983599,78.90478879029764,80.59642052438853,7368165
2019-11-12,79.31143188476562,79.94579844836423,78.88852704722942,78.99425170539776,4098225
2019-11-13,78.8153305053711,79.2951649353639,78.09963684048348,79.2951649353639,4414625
2019-11-14,79.56355285644531,79.69367503335901,78.41681976027553,78.80719870074218,4289894
2019-11-15,78.80719757080078,79.44969248566876,78.5469470158421,79.20570487576757,3762607
2019-11-18,79.19757080078125,79.37649422185665,78.31922905028986,78.32735742043859,3001173
2019-11-19,79.7018051147461,79.73433720835601,78.88852138908541,79.31956077090759,3825466
2019-11-20,80.7021484375,82.00340118354531,79.29516483389749,79.29516483389749,7771308
2019-11-21,80.97866821289062,81.10879660002043,79.84820422036826,80.75908431568784,3492332
2019-11-22,79.6367416381836,81.32837329182045,79.29516395952494,81.32023871712978,5827375
2019-11-25,80.67774963378906,80.75908297682832,79.00238700887732,79.303304245479,3612870
2019-11-26,81.63742065429688,81.69435026864633,80.51509131218064,80.67774558036122,5357345
2019-11-27,81.2470474243164,81.57236216352052,81.03559191310434,81.57236216352052,3024790
2019-11-28,80.82413482666016,81.53982847993313,80.31176831068173,81.32837297284226,2200562
2019-11-29,79.85633850097656,81.30398267570483,79.33583736410489,81.16572591853708,3192899
2019-12-02,80.43376922607422,80.92173826610325,79.75060760614319,79.86446684198786,3169985
2019-12-03,81.10065460205078,81.28770638535161,79.70180559274704,80.45815971034209,2848152
2019-12-04,81.31209564208984,81.9952508758592,80.97051182034382,81.59674365616041,3596124
2019-12-05,80.64521026611328,81.5723531370909,80.43375477829994,81.5723531370909,2894524
2019-12-06,81.32837677001953,81.409703905817,80.25484244484979,80.66148432869987,3481151
2019-12-09,81.27958679199219,81.88141508021349,81.07626583740334,81.49103611726314,3470460
2019-12-10,81.18197631835938,81.89766371973795,80.88919369850859,81.24704050162889,4238549
2019-12-11,80.9135971069336,81.32837354939701,80.70214780320615,81.32837354939701,4110943
2019-12-12,80.05964660644531,81.30396963103799,79.7099343795127,81.19011041341918,5367311
2019-12-13,80.67774963378906,80.7265508805852,80.09219051600165,80.67774963378906,4452600
2019-12-16,81.53982543945312,81.55608838330181,80.12470733499204,80.8160034433739,7276229
2019-12-17,84.00407409667969,84.78482570390193,81.13318362917204,81.53982547907086,11306542
2019-12-18,87.54185485839844,87.81837453625175,84.71163112544134,84.71975949474432,14578123
2019-12-19,87.61506652832031,88.7861909813367,86.75298148077556,87.76958623105612,7740336
2019-12-20,87.83464050292969,88.24128235710991,86.8668309044248,87.94849972571117,4332125
2019-12-23,88.6479263305664,90.36395549262049,86.20807514715632,86.614717011058,8632428
2019-12-24,88.43647003173828,89.4449463126812,87.28160863777005,88.07862941401689,3358788
2019-12-25,87.35481262207031,88.72112339756367,86.98069662798495,88.18435933645739,2985975
2019-12-26,87.34667205810547,87.91596817552734,86.4520612143587,87.7777114334195,2942149
2019-12-27,88.0786361694336,89.72146668074109,87.34667952385585,87.94850778583628,5377816
2019-12-30,90.11996459960938,91.10403712971276,87.47679258082238,88.1192874468956,8944713
2019-12-31,89.86784362792969,90.9901728349626,88.87563657880722,90.17688918222116,4884563
2020-01-02,89.90851593017578,90.68113296678195,88.30634604103406,89.4530728367762,5590926
2020-01-03,90.85192108154297,91.7221343894666,89.64826468425196,90.3720866784659,6494018
2020-01-06,88.35514831542969,91.453757494942,88.0135706210459,90.6811403950459,8081378
2020-01-07,89.84346008300781,91.08778327243354,88.41207889422228,89.05457382438816,8216533
2020-01-08,93.43003845214844,93.56016683533761,89.84346020736082,90.38835885102411,11372786
2020-01-09,94.8288803100586,95.79668992036349,94.24331504012159,94.3409113200652,7501256
2020-01-10,96.52865600585938,96.73197695543453,94.46291441359219,94.46291441359219,7258732
2020-01-13,97.0654067993164,97.75669669227146,95.64216034711275,97.12233640921006,10347542
2020-01-14,95.3493881225586,97.26873832953625,94.91021413911156,97.02475691975198,5042205
2020-01-15,94.29212188720703,96.16267082751,93.68215906224378,94.82888594664607,4885349
2020-01-16,94.3409194946289,94.95088233618901,93.60896284378421,94.56050338745088,4092379
2020-01-17,93.93427276611328,94.74755651300605,93.38937414486216,94.32465169476134,3809408
2020-01-20,92.38902282714844,94.34090485829239,91.44561700509371,94.32464191518021,5148907
2020-01-21,89.0708236694336,91.89291896102924,88.98949654444581,91.5025462791431,7893735
2020-01-22,90.81939697265625,91.90106587432645,88.82685422104294,89.37988743202101,6128700
2020-01-23,87.28160858154297,90.8112631528446,86.61471617934252,90.8112631528446,7081996
2020-02-03,78.48188018798828,80.64521789482018,78.43308514959318,78.43308514959318,17125510
2020-02-04,80.96240234375,83.19079815155513,79.1975718349843,80.67774805839687,10645661
2020-02-05,83.63809967041016,83.9227539529221,80.24670784914098,81.32837674907066,9889125
2020-02-06,83.62996673583984,84.23992952816704,81.8651425458735,84.0122110784762,7622961
2020-02-07,83.31278991699219,83.70316264499353,82.14979389818119,82.37751235699241,5950204
2020-02-10,81.96273803710938,83.00374027868592,81.33651225908257,82.95494523763165,7199563
2020-02-11,83.29651641845703,84.23992850412196,81.97900077415834,82.13352046036309,6080579
2020-02-12,84.95561981201172,86.1104812482742,82.95494253085117,83.31278936654029,6515123
2020-02-13,83.54863739013672,85.75263547674759,83.03626468704984,84.96374929346834,4829459
2020-02-14,83.5405044555664,84.01221050089008,82.64589360727615,83.11759344773748,3003362
2020-02-17,84.02034759521484,84.02034759521484,82.38565162077109,83.1582687506905,5306427
2020-02-18,82.89801788330078,83.84955843899853,82.67029941235052,83.84955843899853,5211472
2020-02-19,82.91427612304688,83.67063026140953,82.15792198468422,82.79228852400662,5649689
2020-02-20,85.22400665283203,85.67944357660528,82.95494419926851,83.3209194123202,7584343
2020-02-21,84.7522964477539,85.30532963031929,84.07726946516365,85.06947660490115,4738956
2020-02-24,82.71095275878906,84.56524487302565,82.54829849493122,84.56524487302565,7870807
2020-02-25,81.71061706542969,82.46697117992821,81.14944930809975,81.79194419717807,7197532
2020-02-26,81.71875762939453,83.11760053063296,80.67774917018545,81.16572440616525,5500532
2020-02-27,81.71061706542969,82.79228591178415,81.3934369082073,81.73501458446796,5015416
2020-02-28,79.19757080078125,80.9217346163064,79.19757080078125,80.40936807811453,10148042
2020-03-02,80.61268615722656,81.29584151722712,77.26195493069235,77.26195493069235,10578869
2020-03-03,79.15690612792969,81.19824380204281,78.97798271636482,81.16571791345137,11119792
2020-03-04,79.84819793701172,79.84819793701172,78.09963665294534,78.88852287446802,8574471
2020-03-05,81.58048248291016,82.76787588969708,79.40088201165229,79.9620497262804,14550038
2020-03-06,79.7018051147461,81.7268798542797,79.69367054012801,80.87293566525344,9691970
2020-03-09,77.46527862548828,78.88852521440802,77.34328481975119,78.87226226924567,8581486
2020-03-10,78.0345687866211,78.23788971228177,76.4568026228006,76.4568026228006,9232532
2020-03-11,77.65233612060547,78.55507538556517,77.50594479563799,78.12403598562277,5753013
2020-03-12,75.71671295166016,77.18062612691055,75.6435203953288,77.18062612691055,6282183
2020-03-13,74.65945434570312,74.98476289755904,69.92614293979011,72.38225725353442,10585056
2020-03-16,71.6096420288086,74.65132174409054,71.00780754126541,74.22028231710897,7877835
2020-03-17,69.82854461669922,73.10607719956585,68.31583631616651,71.57710595385936,8308428
2020-03-18,68.76315307617188,71.39819105407084,68.72248640108975,70.43038127186013,5534869
2020-03-19,66.86004638671875,68.72246664146736,65.33920376693844,68.23449770510383,7464440
2020-03-20,68.2589111328125,68.55982837939902,66.92512616690233,68.15318647016146,4908197
2020-03-23,65.81906127929688,67.09591665718452,65.5181440253866,65.91665757363992,4896790
2020-03-24,67.39683532714844,67.86853524755905,66.1281082934851,67.17724521147866,4350918
2020-03-25,68.4540786743164,70.34903093906726,67.93357767011568,70.34903093906726,6201346
2020-03-26,66.53473663330078,68.86886305524476,66.42901198744656,68.17757316034103,9915921
2020-03-27,69.79600524902344,70.95900116094458,66.83565314683545,67.39682087223146,15887532
2020-03-30,67.543212890625,68.9664593471595,66.64859586834217,68.9664593471595,9608492
2020-03-31,68.15318298339844,68.96646676026542,67.7546694652324,68.31583725682671,5426724
2020-04-01,67.96613311767578,68.83634661486212,67.5025615575833,68.80381451531099,5007325
2020-04-02,68.58421325683594,68.58421325683594,67.48628154528427,67.52694200579391,3792618
2020-04-03,69.12911987304688,69.8204098308048,68.33209905495922,68.72247799144073,3938865
2020-04-07,70.80447387695312,71.10539106670076,70.10504942878657,70.34903701018865,5475347
2020-04-08,70.58489227294922,71.06472667221345,70.38157135023818,70.91020699025931,3612093
2020-04-09,70.97527313232422,71.06473484499456,69.96680297706,70.73942629513459,3237664
2020-04-10,74.10641479492188,76.59506099239033,70.5686256492816,70.9752675092529,9030684
2020-04-13,74.24466705322266,75.22873955032455,72.70756141177256,74.00067947003356,4074012
2020-04-14,74.15521240234375,75.06609243399565,73.04914600850309,74.83836777243575,4968317
2020-04-15,73.30126190185547,74.70824551466002,73.18740267363575,74.23653945211399,4115554
2020-04-16,73.16300201416016,73.46391922146256,72.30092326467532,73.1792711631291,3296243
2020-04-17,72.98407745361328,74.25280424410212,72.87021823207563,73.84616239436413,4669089
2020-04-20,73.30126190185547,73.56964702760021,72.34158683195882,73.03288298097331,3357200
2020-04-21,72.01626586914062,73.17112710171095,71.28430938199693,73.17112710171095,4048932
2020-04-22,73.6509780883789,73.84617066561677,71.34938967676425,71.77229451772048,5692650
2020-04-23,73.92748260498047,75.19620307187637,73.69976418321573,74.01694429993971,5547767
2020-04-24,74.03321838378906,75.11488725481738,72.36599042789783,74.00068628937514,4857633
2020-04-27,73.48832702636719,74.79771448284106,73.32567274308452,74.31787379888982,3797252
2020-04-28,74.80583953857422,75.88750217399011,72.63436728342978,73.51271519304805,7081844
2020-04-29,80.3768310546875,81.57235910869501,77.489671384059,78.07523665172491,16243220
2020-04-30,80.06777954101562,80.99492248298291,79.36835504727016,80.51508806778158,5941639
2020-05-06,81.29584503173828,81.65369187665392,78.92919248386619,79.78313672078384,8037935
2020-05-07,80.61268615722656,81.710617960006,79.82379994041939,81.32837361125512,6012345
2020-05-08,81.01119232177734,81.71875139608687,79.9864530911924,81.22264782758175,6344880
2020-05-11,79.9864501953125,82.05219152604913,79.38462199812535,81.18197822023421,9279476
2020-05-12,78.7339859008789,80.02711009362359,78.07522814892806,79.76685958132163,9145279
2020-05-13,80.0759048461914,80.49881580524463,78.17282414503674,78.725857257356,6282219
2020-05-14,79.7018051147461,80.22230620277993,79.04304728251692,79.76686930196593,4557057
2020-05-15,77.74992370605469,80.10844777491818,77.26195470677388,79.70180590804041,7139080
2020-05-18,81.78380584716797,82.21484520991254,77.91257995186277,78.06709963359289,12251905
2020-05-19,84.58964538574219,84.95562059480541,81.16572151000379,82.00340278775583,12741342
2020-05-20,83.125732421875,85.17521097319995,82.54830169646355,84.82549870796623,7383004
2020-05-21,82.03594207763672,83.76009982427027,81.56423596757678,83.36159248536049,6284942
2020-05-22,79.54727935791016,82.36937488357668,79.26263129441261,82.1497910074107,5756502
2020-05-25,83.35345458984375,83.36158916517272,78.96985542183981,80.10845397823914,8395854
2020-05-26,84.92308807373047,86.25687293343371,82.14979370009164,83.19893048696721,9943317
2020-05-27,84.91495513916016,85.3947895497247,83.49170864666475,85.3459945126808,5225080
2020-05-28,84.82549285888672,87.14335017567346,84.26432511724173,84.58150526559875,7870076
2020-05-29,85.60623931884766,86.16740082185989,84.41884592635175,84.58963474943042,4793102
2020-06-01,87.15148162841797,88.64792061272095,86.19180664331513,86.19180664331513,7647940
2020-06-02,85.51678466796875,87.74518033041679,85.23213660604586,86.62285102703692,5730238
2020-06-03,85.21585845947266,86.45205306196218,84.58149821563329,85.47610897501859,5306780
2020-06-04,86.199951171875,87.37921644511269,85.80144383361139,85.96409811722746,5163423
2020-06-05,88.9732437133789,89.46121272362616,85.63878157101627,86.28940484972507,10148313
2020-06-08,90.6811294555664,92.65740902732166,88.65605484903216,89.19281884618708,9073691
2020-06-09,91.64894104003906,92.2101025670066,90.27448961795751,91.07963873394547,5142112
2020-06-10,91.58387756347656,92.06371196609983,90.57540751713148,91.57574298914977,4462406
2020-06-11,89.53440856933594,91.90106735295413,89.25789506182934,91.41309832479597,6057088
2020-06-12,89.2985610961914,89.98171648976952,88.04610333643538,88.56660445674142,6337351
2020-06-15,86.04542541503906,88.73739271028205,85.84210447238053,88.41207796105584,11075705
2020-06-16,87.4361343383789,88.10302673954573,86.6228506196456,86.6228506196456,6820626
2020-06-17,85.85023498535156,87.55813591020159,84.4676550227103,87.40361000436815,8124563
2020-06-18,86.57404327392578,86.74483830309795,85.2971881737246,86.20806810824122,5042848
2020-06-19,88.11116027832031,89.25789336734191,86.61472112639557,86.61472112639557,8220499
2020-06-22,86.40325927734375,88.56659691587262,85.80143107164342,88.29007722901858,10911611
2020-06-23,89.25788116455078,89.26601573846467,85.80142562970485,86.20806745733378,10076747
2020-06-24,88.07057189941406,89.46692328319068,87.6106926392539,89.46692328319068,8745482
2020-06-29,87.05047607421875,87.79463965236167,85.47017307081524,87.78627647192253,9028438
2020-06-30,87.91170501708984,88.96524255526964,87.49363527423542,87.7779260165802,5644554
2020-07-01,92.7362289428711,93.60580835227842,87.79464175897469,87.91170077098099,16654949
2020-07-02,102.01738739013672,102.01738739013672,91.60744625606814,91.82484432335504,28665847
2020-07-03,103.78999328613281,104.30003888875754,98.38853291038646,103.48898255739566,23685194
2020-07-06,111.54937744140625,113.01262161473583,101.00565748781796,102.90369140864347,20877420
2020-07-07,112.79520416259766,118.96591724740749,110.1195605345213,110.1195605345213,18597064
2020-07-08,111.34869384765625,113.7066133228388,109.1830956404049,112.04269115222822,17270322
2020-07-09,112.03433990478516,112.36043381023515,109.70987303855665,110.8135705806656,11142344
2020-07-10,112.04269409179688,115.6464533305574,110.25335605469976,110.37877187753138,11425196
2020-07-13,115.24510955810547,117.44416053997804,110.93898345029163,111.18982785360213,12938560
2020-07-14,115.46250915527344,115.90566210284186,112.54439024677312,113.71498053120345,10871292
2020-07-15,119.9107666015625,121.97603215011614,114.02433748262807,115.38724892584128,14966135
2020-07-16,107.91215515136719,117.89566220497427,107.91215515136719,117.77024639112513,18574054
2020-07-17,107.45227813720703,109.95233973254194,103.68129374019165,103.68129374019165,12424498
2020-07-20,107.17634582519531,109.52590833649006,102.92039919600022,107.44391656639371,10284190
2020-07-21,111.59117889404297,113.1296724514886,107.20980349334263,107.86199125700928,9306923
2020-07-22,113.2968978881836,115.80531629161202,109.14128371249245,110.37040975085044,8419304
2020-07-23,113.14639282226562,115.0444201260018,110.92225889548726,112.04268266005377,5857935
2020-07-24,109.02422332763672,113.70660939193395,107.53589611431218,112.14301993101053,7664043
2020-07-27,112.42732238769531,113.69824523711549,109.15801389217742,109.90217753421699,8325824
2020-07-28,113.35543060302734,115.74677716590978,110.59616788477206,110.59616788477206,8048608
2020-07-29,113.0376968383789,114.17484702638605,111.03932401811002,113.35543391926313,7159617
2020-07-30,114.2584457397461,115.8053087579535,111.75839705905972,112.21827628813286,8775458
2020-07-31,112.9708023071289,115.0360677822372,110.53763343036115,113.86546488982297,10138655
2020-08-03,112.27680969238281,113.84038645591282,111.18146900187938,112.20991700216815,6411591
2020-08-04,112.4189453125,113.88218933453304,111.37377101104784,112.37713578874684,5979568
2020-08-05,111.75841522216797,111.96745010949427,108.69814140967644,111.75004566124963,5550406
2020-08-06,109.6931381225586,112.45240090039877,108.70648692243876,111.22327486989246,6293853
2020-08-07,109.77674865722656,110.70486400678232,107.27669973322973,109.76839185533008,5847666
2020-08-10,109.12455749511719,110.10283914273128,107.42719539389668,108.94897535139135,4688332
2020-08-11,108.84027099609375,111.49920108933341,108.68977201871866,110.28678867648162,4261545
2020-08-12,106.49072265625,109.45902030544815,105.01911541327317,108.79010618248472,4609295
2020-08-13,107.13455963134766,109.01587353117151,106.52417498142889,107.0091374288451,2622426
2020-08-14,109.39212799072266,109.53427016908529,106.44055669310399,107.20980347167132,4573840
2020-08-17,110.16972351074219,111.1898146064553,109.25833462049067,109.39211998744726,7139245
2020-08-18,109.50919342041016,111.21491241915245,108.7817561242743,110.37041610112719,5524628
2020-08-19,109.1998291015625,111.62462866581875,108.69814027383099,109.1998291015625,7127829
2020-08-20,106.60778045654297,108.73993861736895,105.57096931907377,108.69812909294578,5732170
2020-08-21,108.3302230834961,109.91052610423125,107.4439173243555,107.94560608840408,4085971
2020-08-24,110.32859802246094,112.1848286246064,109.58443442131076,110.28678849821026,4714467
2020-08-25,113.84038543701172,116.19830490168934,110.41222121390673,110.41222121390673,11201166
2020-08-26,110.61288452148438,115.11967574014075,110.37040968968334,113.71496755906769,8448440
2020-08-27,110.40386199951172,111.92564212430857,107.45229037042661,110.67143278304938,9132749
2020-08-28,118.39735412597656,120.39572695012892,108.70648796645744,110.186458401613,15830908
2020-08-31,118.4642333984375,121.74191133205244,115.38724628815505,117.47759495279554,16244151
2020-09-01,116.64981842041016,119.4843308483238,114.70161183153787,117.90402768512374,7992596
2020-09-02,115.5293960571289,118.31374219239106,113.79859388349256,117.05953291119964,7169873
2020-09-03,123.74028015136719,125.13663148326243,115.53774153893688,115.53774153893688,17724130
2020-09-04,121.07299041748047,122.20177097799497,116.64980574642226,121.13988310201448,13953216
2020-09-07,120.20342254638672,124.22526468073592,118.31375167105294,120.82217043439681,9783075
2020-09-08,114.55110168457031,121.48269193190028,113.71496225621578,120.40407768305201,12242667
2020-09-09,111.12294006347656,113.62300188789719,110.37041957882984,112.20992402011495,6842976
2020-09-10,111.95906829833984,114.90228276222973,111.56608173248767,112.45240027489348,6098255
2020-09-11,113.88218688964844,114.1581144303251,110.78847357546262,111.20654328706814,4775504
2020-09-14,114.14976501464844,115.55447321245974,112.96244848788623,114.96917813003836,5083816
2020-09-15,114.84375762939453,115.37051680285866,113.30525135743194,114.13303399926899,3964806
2020-09-16,113.02933502197266,115.80532437288608,112.19319549581462,114.24174754168311,5943940
2020-09-17,110.34532928466797,112.0426914251318,109.32523808832823,112.0426914251318,6291280
2020-09-18,111.23164367675781,111.41559539903287,109.49247187609711,109.68478040084757,5588132
2020-09-21,110.30352020263672,112.02596551400437,109.7851178005487,111.94235921992869,3802164
2020-09-22,108.82354736328125,110.78848022922772,108.00413425169492,108.69813154565738,4133837
2020-09-23,108.03759002685547,108.58943239846295,105.25323759144187,107.1930809694157,5727747
2020-09-24,104.55924987792969,108.48074628122149,104.51744035009433,107.80346255063253,6064381
2020-09-25,105.26996612548828,106.7499302589242,104.68466463793939,104.68466463793939,3447120
2020-09-28,105.57098388671875,107.02586495222624,105.3535858123477,106.60779516725661,3607408
2020-09-29,104.92713928222656,106.33185383331555,104.18297567151302,105.81345144967653,3115318
2020-09-30,104.166259765625,106.17299582846137,103.86524903723763,105.09437511494635,5272304
2020-10-09,105.54588317871094,107.03420396592902,105.22814611222876,107.03420396592902,4033025
2020-10-12,116.01435852050781,116.0143585205078,105.55425132825584,105.59606085599458,15636429
2020-10-13,126.26543426513672,127.61998906996753,116.05617706673812,116.5996626941452,19654338
2020-10-14,127.7704849243164,131.69198152668974,124.48446255695761,125.00286500469916,15686161
2020-10-15,127.31060028076172,128.59826230207292,125.00285977036053,127.68687327614954,8285094
2020-10-16,128.26377868652344,129.6517731507168,126.38246503901819,127.09318863146561,5488638
2020-10-19,127.25206756591797,130.01968716124165,127.09319902577963,129.1835476939668,6785153
2020-10-20,132.19366455078125,134.45123872589144,127.13501785198463,127.40257586667963,13935029
2020-10-21,132.4110565185547,134.45123901368746,130.26217180177866,131.2739062470943,8794086
2020-10-22,140.32093811035156,145.47154777414968,134.15858127144315,134.20039079846507,18416751
2020-10-23,138.2138671875,142.04338777497205,136.29074371225747,140.88951113813118,7550079
2020-10-26,139.63528442382812,142.1437027068909,132.26052854755548,134.6268046589284,9699696
2020-10-27,140.638671875,142.91297250590773,136.95966290301956,137.9630278264254,9765085
2020-10-28,143.01327514648438,146.56686754142652,139.58511131468373,139.6352776365505,10336914
2020-10-29,140.9313201904297,145.6471466245134,139.73563402933303,140.30421554356494,11515775
2020-10-30,140.471435546875,143.39792378743488,137.5449473063151,140.07009216054297,8467721
2020-11-02,146.4582061767578,148.44820962369866,140.8560737611739,140.8560737611739,11488656
2020-11-03,146.533447265625,148.3896779749176,144.27587316900534,145.48827289140513,10241323
2020-11-04,147.24417114257812,147.8879893718652,144.06683848895833,145.48827308812403,6396551
2020-11-05,146.96826171875,150.7476035414735,144.65215144406372,147.57864005709393,8820243
2020-11-06,145.5384521484375,146.48329394937653,142.14372752076846,146.48329394937653,9075695
2020-11-09,149.66061401367188,150.6723356660588,145.48827330682136,147.99669181211138,8499324
2020-11-10,152.01014709472656,154.6857906515998,148.11373438709012,149.66895419803438,8607373
2020-11-11,149.66897583007812,154.67745620649382,149.50175047581808,151.34125488963207,8996411
2020-11-12,150.3964080810547,150.82284739232662,145.9983188953692,148.42311834679563,7651642
2020-11-13,146.29931640625,148.55689030503817,142.95475870183046,147.9966784205649,7622120
2020-11-16,150.3796844482422,151.24090705683963,146.6504969058055,148.92479721932756,7821546
2020-11-17,146.37457275390625,151.23254100593797,144.78591287322823,150.43821106559895,7732823
2020-11-18,149.27598571777344,149.83619765852438,143.8661620667375,145.49663155974048,7974585
2020-11-19,147.99668884277344,153.84966523768537,146.76756277916385,148.6154366547155,7789616
2020-11-20,148.74920654296875,149.46828699718563,146.36621670962182,148.03012608875187,7248934
2020-11-23,145.5467987060547,148.86626055101422,140.47142617207868,148.82446378571947,17997431
2020-11-24,155.90655517578125,158.7828639400177,143.56512970082258,144.65211345186677,16062561
2020-11-25,146.81773376464844,157.06881234123077,145.76420257319276,156.23267282971713,13921740
2020-11-26,147.3695831298828,148.50673333132335,143.063469917705,145.05347320136897,11639826
2020-11-27,151.76766967773438,155.25436971527648,145.73911128067942,147.36958068550476,10024473
2020-11-30,148.83282470703125,153.68243615367462,147.31941431737766,153.68243615367462,7802676
2020-12-01,148.74920654296875,151.75931373701053,147.1605466540708,149.25925212977927,7790470
2020-12-02,149.66897583007812,150.20410461879632,147.57027020338955,148.71577727647144,5202627
2020-12-03,152.69581604003906,153.64901471346917,149.66899464446738,149.677351447764,6696620
2020-12-04,164.619140625,167.2446180135983,152.59545113250468,153.3646979030871,15119699
2020-12-07,163.48199462890625,167.13592007216084,161.45853861922774,163.0471985271273,12184503
2020-12-08,164.8783416748047,167.14427246000736,161.79298503510475,165.15426922681186,8062003
2020-12-09,163.3231201171875,166.70948743760215,162.21105311891193,164.89506636414478,7933652
2020-12-10,167.6459503173828,172.98052379174013,162.3949958867233,163.0471836004471,10513301
2020-12-11,167.76303100585938,168.9001812513561,163.0472046733388,168.02223221295822,10554634
2020-12-14,168.06402587890625,169.65268569675953,164.74455131226176,167.22788644667287,9558191
2020-12-15,166.04058837890625,169.22627792728943,163.71612152045694,166.8349183758336,8222015
2020-12-16,170.69786071777344,172.72132937989844,165.74791678877926,166.04892749601083,8817013
2020-12-17,178.51577758789062,180.1796997331663,170.1543828530948,170.6978684074662,10394876
2020-12-18,177.4120635986328,179.6027576484818,174.8283957423752,176.86022125427408,8394767
2020-12-21,179.77000427246094,183.34032374364108,174.33509716654933,176.2582206941827,6966025
2020-12-22,186.77684020996094,190.93245442587775,178.7248129743012,178.7248129743012,8265358
2020-12-23,183.11456298828125,192.98101231286122,174.71135788849347,186.77685833075955,14808552
2020-12-24,182.86370849609375,185.47247244606487,176.88531609609296,179.1178070593492,8262985
2020-12-25,183.3654022216797,183.4322949153672,178.0977206096975,181.9523243689131,5905757
2020-12-28,189.8036651611328,191.44250418330208,182.6379435726109,182.6379435726109,7272360
2020-12-29,188.58290100097656,191.3672471228733,184.7868332085221,190.52275080397638,5650539
2020-12-30,193.984375,196.37573461594255,187.5461030366092,188.09795819993678,5696728
2020-12-31,197.32057189941406,197.77208163101858,192.65491179994268,193.9843705880592,5703127
2021-01-04,206.5097198486328,209.87100404353595,195.8238585917157,196.86903291464168,6452712
2021-01-05,220.49000549316406,222.89806591870607,204.1100223129893,204.85418598848594,8243456
2021-01-06,214.5533905029297,224.5870640212246,208.61679523454828,218.23239902291422,15118206
2021-01-07,214.0517120361328,214.15204469343735,202.7136624555751,211.3760681873764,12528124
2021-01-08,202.73873901367188,218.6839248858592,201.50961296783728,214.41960847070135,14155420
2021-01-11,190.8404998779297,198.16507791147936,185.62298437277815,197.57978276470212,18954937
2021-01-12,191.82711791992188,194.31880999729057,185.62296451097748,185.62296451097748,16252292
2021-01-13,180.35528564453125,194.33553895376247,177.67964182521152,189.8956402982157,20277922
2021-01-14,176.42543029785156,180.89878161969457,170.58081073900883,180.35528330255403,14897382
2021-01-15,173.4989471435547,177.7214541919967,169.38514231338493,174.93710811163962,14094494
2021-01-18,167.37840270996094,174.00063892475927,165.55562468347424,173.41533105495563,18030017
2021-01-19,159.3765411376953,171.4085873176016,158.46515219887,171.4085873176016,17649345
2021-01-20,159.53543090820312,162.6207879319259,154.97847284908636,159.53543090820312,17010007
2021-01-21,162.328125,164.58569913975376,157.9300357423027,160.53878694748687,16157952
2021-01-22,161.23277282714844,163.8582502085786,156.35807826778284,162.37827979912535,12292333
2021-01-25,177.35354614257812,177.35354614257812,163.04719908673152,163.04719908673152,10539040
2021-01-26,183.11456298828125,186.70996563518037,177.42881144882182,186.70996563518037,26248884
2021-01-27,172.13601684570312,180.2716625190712,168.90016140059188,180.18804347439382,17326260
2021-01-28,169.28480529785156,175.67291043596995,168.06403603925983,168.90017552204222,9762847
2021-01-29,170.580810546875,176.42543009913464,169.48546987055406,171.84338932580525,12392852
2021-02-01,168.61590576171875,174.36018042316374,164.9034440953173,170.53902929035198,11327991
2021-02-02,174.74478149414062,174.74478149414062,165.55560470077873,168.56571170781925,16001490
2021-02-03,170.57244873046875,179.85360177948743,169.38513223600904,178.09770382151885,15947273
2021-02-04,169.48545837402344,173.08086044214957,166.39174506274284,167.72957324201423,17014793
2021-02-05,176.19129943847656,179.35190542244587,166.49207707214777,170.37176346698428,23763785
2021-02-08,182.1947784423828,185.6229552416778,175.5892819853709,178.5993890656531,16791858
2021-02-09,183.9925079345703,183.9925079345703,177.44553381937718,181.43392298900727,11987290
2021-02-10,191.31707763671875,194.65327884668173,183.574430432126,183.574430432126,14997405
2021-02-18,182.3118438720703,202.2286921111256,181.78508468333166,196.3339063138109,15458450
2021-02-19,180.94058227539062,186.22499002715745,173.92537239706067,180.6061315795597,10808899
2021-02-22,165.45529174804688,179.769996199954,164.21779607647434,178.9338566827449,16976147
2021-02-23,167.2362518310547,169.73631345479484,161.57559677041365,163.04719765362066,9753326
2021-02-24,165.9736785888672,170.47211285197278,161.79298139519295,167.7295765136005,14078489
2021-02-25,166.0155029296875,168.48211194240963,163.19770409389412,167.22790267236687,7449706
2021-02-26,158.03038024902344,164.7194968733207,156.3581010929491,163.88335729528356,11542158
2021-03-01,156.51695251464844,160.53878140323798,153.68244016583657,156.23266815128113,10904816
2021-03-02,151.74258422851562,159.01699491170996,150.23753066270547,157.86313114331844,10935993
2021-03-03,155.9400177001953,156.333004288268,150.5887299709786,153.20583794616167,8410780
2021-03-04,150.2124481201172,153.84965985597196,148.8328231215381,153.84965985597196,6974940
2021-03-05,150.4298553466797,153.6657110179643,146.15718213791067,148.83282589443,7823251
2021-03-08,139.38446044921875,152.52021839494842,137.96302576575187,151.18239001140486,10749711
2021-03-09,134.47633361816406,140.1202759273616,133.78233621801576,139.38446899544962,9130564
2021-03-10,137.29408264160156,139.96972608636557,135.56328077204887,138.79913606630456,8500568
2021-03-11,139.54330444335938,142.74571988756867,135.96462881953002,137.3024569675956,7980750
2021-03-12,138.44796752929688,141.39118187781403,136.2071072357801,140.9563858044197,6792342
2021-03-15,132.0013427734375,139.21723095932717,130.0865888742732,138.44798412708562,10931137
2021-03-16,136.20712280273438,137.7957955469648,132.00971159541365,134.2840121121302,6177799
2021-03-17,135.17031860351562,136.47469422048368,132.59500733683245,135.45460297983396,7501480
2021-03-18,139.76071166992188,140.45470898270298,135.58838374980175,136.28238106258286,8049696
2021-03-19,133.5398406982422,136.96800487864917,132.5281063233065,135.6552725419046,8673171
2021-03-22,134.2840118408203,135.27900715120649,131.27390446934285,133.53147861871267,6706578
2021-03-23,134.33416748046875,135.7639587992823,132.9461729274935,134.51811918066912,5043770
2021-03-24,131.9010009765625,137.40280020283018,130.06149670005837,133.84920746653611,11170877
2021-03-25,133.7823028564453,135.76394913479453,129.19189299663267,129.84408070237987,8963978
2021-03-26,136.44961547851562,137.96302602568346,134.2422075724438,135.12015665339354,7935844
2021-03-29,137.8710174560547,141.3159075089579,134.6518758424424,137.11849714147016,9597962
2021-03-30,138.79917907714844,140.41292244475898,136.2991169814416,137.1268998111587,8363480
2021-03-31,137.71218872070312,138.3811029482816,134.28402403688972,137.96303315085478,5883516
2021-04-01,143.5066375732422,143.79927876580302,137.7121837554199,137.9630281765272,7312338
2021-04-02,145.5718994140625,148.30606653120955,142.64541101608805,145.4882803564439,9981950
2021-04-06,139.14198303222656,144.46818778558227,137.16869321998465,144.46818778558227,9728370
2021-04-07,133.07997131347656,137.56167972672924,132.11004639185634,137.56167972672924,10874763
2021-04-08,133.7823028564453,134.1418366713042,130.35412624235906,132.001321866957,7994898
2021-04-09,130.37088012695312,132.94619153166556,130.10332209915924,131.4578641188446,7453594
2021-04-12,128.3975830078125,131.8508433177526,127.0932073943322,130.3875991536731,6693762
2021-04-13,126.25707244873047,130.21200896034694,125.25370753725716,127.92099475153701,10531695
2021-04-14,127.93770599365234,128.69023923221687,125.69685815802991,126.50791452979037,6731050
2021-04-15,125.79717254638672,128.67349417788827,125.22023430817012,127.94605696890648,7937319
2021-04-16,133.53146362304688,135.02816033856806,125.81390030254033,125.83898346461274,15056991
2021-04-19,134.77731323242188,135.69705892624305,130.43774766304537,133.78230529543114,9885530
2021-04-20,136.29074096679688,140.34602271858603,133.10505145549362,133.78232242139572,13560319
2021-04-21,138.44796752929688,140.4630666056796,134.6017210707185,134.6602569545394,10552939
2021-04-22,141.21559143066406,142.14370673201802,136.7171570996092,139.0583501151258,10397819
2021-04-23,143.43972778320312,148.06357800432184,140.63865547185276,141.03999884270965,13538602
2021-04-26,141.7340087890625,144.67722354133716,140.60522806549335,143.81600083607833,10101490
2021-04-27,143.16380310058594,143.62368236729077,138.13860940780475,140.8978594910818,7069635
2021-04-28,145.48826599121094,145.90633572107075,140.019919538374,141.09853382768304,8472529
2021-04-29,160.03709411621094,160.03709411621094,145.9063417649971,145.9063417649971,19585044
2021-04-30,160.9568634033203,166.0322365967823,160.04547435569444,161.8515388460467,13144374
2021-05-06,153.2643585205078,160.87321960146312,147.99667761309254,160.78961331439388,13840784
2021-05-07,155.60557556152344,156.63402363699245,151.34125874756586,153.8580342032996,9079154
2021-05-10,155.18748474121094,158.39825711995937,150.8228358557192,153.38977729506263,6578227
2021-05-11,156.3580780029297,158.29792766157976,154.43495470574402,154.6105496049311,6504902
2021-05-12,153.4148712158203,155.42997046403048,152.01016298604017,153.90820321510196,7143696
2021-05-13,155.34634399414062,156.16576984753252,150.33787681562217,151.75931133983735,6173505
2021-05-14,155.28782653808594,157.19422354766678,153.9165582898177,156.33300089678053,6740223
2021-05-17,157.56211853027344,161.33310282156225,154.2844534478509,155.0035338784853,9134521
2021-05-18,155.52194213867188,158.74108421643794,153.2643681109347,157.69590987410817,5676003
2021-05-19,151.34124755859375,154.11723678705195,150.5134648711611,153.9750818464164,8879521
2021-05-20,155.9483642578125,156.77614690653016,152.18573673205577,152.3696884317708,9441640
2021-05-21,164.81146240234375,168.4821144094107,155.9901878555155,155.9901878555155,16589273
2021-05-24,172.57919311523438,177.261579565642,165.13755643497308,165.13755643497308,12606932
2021-05-25,177.26156616210938,177.97228980907414,168.90852833340023,173.1310351733909,13254585
2021-05-26,176.9605712890625,179.19306232421616,173.33172875664692,176.9104049581453,8323800
2021-05-27,182.76336669921875,186.52599431042245,176.46723751714927,179.7699858686218,11363196
2021-05-28,182.3787384033203,186.1079260796194,179.23485856694066,183.2817705683229,8511348
2021-05-31,182.11119079589844,182.37874880904866,175.46388413482327,182.37874880904866,8142907
2021-06-01,195.28038024902344,196.54294628462958,179.90377555339433,180.60612966226887,13776526
2021-06-02,186.3504180908203,193.31546209819385,185.64806392834828,193.14823673929249,11474751
2021-06-03,188.3989715576172,193.95929452156653,186.408955324488,186.408955324488,8398454
2021-06-04,192.270263671875,195.37234664020062,185.62295760657778,186.0410273309169,8081562
2021-06-07,194.03451538085938,198.21521255879213,190.22172159594072,193.14820962049367,9293798
2021-06-08,182.94732666015625,195.06297994962898,179.4522568869306,194.0846982575799,16079512
2021-06-09,190.72341918945312,193.50775241138757,180.1880567099804,181.44226592141877,13469247
2021-06-10,196.28375244140625,197.6132112169942,188.3404269964931,190.17157458778198,9677354
2021-06-11,176.65956115722656,184.50255413254018,176.65956115722656,183.90888944485016,30140917
2021-06-15,170.57244873046875,176.4254249123966,161.0488208533566,172.66279736687156,29861407
2021-06-16,170.57244873046875,173.74978120949612,167.46200893882335,168.0640303667854,13048638
2021-06-17,171.20791625976562,175.57256538970188,166.80982716417753,170.48047899093493,10309858
2021-06-18,167.0941162109375,171.4085991341034,163.13917991060694,170.5808164281604,13518644
2021-06-21,163.54888916015625,166.55898366562457,157.90494760911756,165.02049006782013,16791186
2021-06-22,166.64260864257812,166.95197618181058,160.1959673391309,163.8917024810776,10035867
2021-06-23,162.89671325683594,167.21955319936558,161.3832899541988,166.67605483677346,8454963
2021-06-24,169.7948760986328,171.0407159474981,161.80974030097732,162.89672434165172,12302096
2021-06-25,178.1980438232422,179.41881309098207,168.54899973335532,169.4018655845578,16638524
2021-06-28,180.60614013671875,183.21489141153654,176.84351221720377,178.37364910215706,8189235
2021-06-29,172.6627960205078,180.52250172870492,170.72294637698403,178.80005650709612,11813432
2021-06-30,173.2480926513672,175.06251373903086,170.4470331301482,172.0691329569184,4620572
2021-07-01,172.4370574951172,173.58257736548217,168.63261995405512,173.1645075864309,5192887
2021-07-02,168.45701599121094,171.95207276770768,164.89506652770544,171.86846647780337,7553514
2021-07-05,167.51217651367188,170.73967534268027,165.60577956373692,167.58742600310927,6040048
2021-07-06,173.11431884765625,173.24810423153093,165.63087277140812,168.64933691826963,8162611
2021-07-07,169.22625732421875,173.08086057489726,168.1058335593428,172.66279086336368,7013097
2021-07-08,165.70611572265625,170.15438387228014,164.52716875443008,167.4870968945477,6067906
2021-07-09,157.14828491210938,165.7146034803661,155.6625502307048,165.7146034803661,9811453
2021-07-12,163.00631713867188,165.96930121280943,155.26352122005,157.06337849299115,9505807
2021-07-13,164.53453063964844,166.90321086974643,163.06577919198608,164.6448907089979,5452061
2021-07-14,164.7042999267578,165.9777867818616,161.41870798605504,162.85350524887116,4703066
2021-07-15,166.2749481201172,168.2530864114138,160.03485700212838,164.61940475298377,6597062
2021-07-16,175.24029541015625,182.90668572827153,173.26214414841496,178.28817103445584,20175774
2021-07-19,175.3506622314453,179.98616055712978,173.6102403821744,177.4476718365669,9491706
2021-07-20,174.97711181640625,177.863677049701,173.7545622737377,174.04321620615136,5297166
2021-07-21,174.8072967529297,180.4785651547997,174.21300545674328,176.59018359606762,7872849
2021-07-22,170.3755645751953,176.91280782259935,169.6369463039262,176.91280782259935,7131587
2021-07-23,166.97959899902344,171.49623883403856,162.58183037979398,170.46046843441715,8141769
2021-07-26,154.93243408203125,163.85532838921492,151.96944964595582,163.71100141616776,12709674
2021-07-27,150.23751831054688,157.81051976507243,149.4224808965504,153.71837514959338,12244679
2021-07-28,147.18960571289062,149.7365794083112,140.04110109562623,147.72447433439393,15353897
2021-07-29,145.17752075195312,150.27146884851288,142.97013806161192,149.600771382481,11936354
2021-07-30,138.37710571289062,143.44558514218895,135.79616473730186,143.20785564440735,12883718
2021-08-02,146.28121948242188,147.72450225839816,135.08302094538857,135.83862276634312,13614365
2021-08-03,147.63958740234375,148.40368737362954,141.5268524049557,146.02650905392872,8067947
2021-08-04,147.10472106933594,148.802703610365,144.6681073138457,148.14897670478678,5852911
2021-08-05,146.02650451660156,149.133815803205,142.06171667526428,142.63053929528525,5548983
2021-08-06,144.3964385986328,146.49344809865673,142.73240998818534,145.47466115257285,4644254
2021-08-09,145.42372131347656,147.13020220232414,142.7154498135556,143.07202462274978,5722353
2021-08-10,151.3411865234375,152.90334038206848,143.98893161137173,145.43221424999723,12530103
2021-08-11,148.1829376220703,151.4091071926122,147.22358625040073,150.27146194573785,7135309
2021-08-12,146.11990356445312,149.33757512052622,145.17752263617544,147.30848628724473,6047008
2021-08-13,146.56985473632812,147.93673122160908,144.50681213462065,145.60200519085197,4246314
2021-08-16,146.45098876953125,147.5207130673301,144.66810198528827,145.50860797578764,4187637
2021-08-17,140.57598876953125,147.02831523300668,140.09205748361617,146.4510073353324,5643951
2021-08-18,144.8124542236328,146.44251598719572,138.38558377725192,140.575982915515,6761325
2021-08-19,144.3030548095703,146.80757659725626,143.4795321978671,144.00590266756546,4545276
2021-08-20,134.92169189453125,142.9276863557098,132.85864931408025,140.8476473678947,11519186
2021-08-23,141.9513397216797,144.01439527277125,135.92350939383235,135.93199464300167,9226846
2021-08-24,144.03135681152344,145.17750015245298,140.98348140864962,144.09927766438975,5343918
2021-08-25,147.26602172851562,148.53950854993124,144.3285064271027,145.17749764137977,6219475
2021-08-26,144.32852172851562,148.08954698830186,143.47953042423023,146.697201767457,5208097
2021-08-27,143.56443786621094,149.3460667017019,142.29943613160003,142.87674401290144,6794335
2021-08-30,143.81912231445312,146.51892140879295,138.97138920299753,144.61717621626792,7226264
2021-08-31,142.24000549316406,145.585033494637,138.70821131236082,143.81064467706946,5410696
2021-09-01,145.17752075195312,148.361238312303,137.5365986071135,140.93256400482,8579704
2021-09-02,143.61538696289062,146.1793316391304,142.44377469660296,145.17752801488714,5237596
2021-09-03,141.20425415039062,144.11628839880703,137.71489902060742,143.17390743807493,6540174
2021-09-06,145.9076385498047,147.8942749903043,139.91376232332132,140.7627535838335,8752314
2021-09-07,145.74632263183594,148.13198591102133,143.90401322066936,145.16901481469387,5335118
2021-09-08,142.52865600585938,146.70569142505988,141.6966352488322,146.70569142505988,5010344
2021-09-09,141.34007263183594,143.39463009066375,140.3382690831807,142.647526531277,3988676
2021-09-10,145.22842407226562,145.66141784977233,140.46558320172994,141.3570265003049,6956089
2021-09-13,146.6208038330078,147.66505956821197,143.57292798980887,145.19450458049286,6180788
2021-09-14,146.19630432128906,148.14898696968507,144.45586950522784,145.60201298166757,5407935
2021-09-15,142.01077270507812,146.09441862220743,140.5080545368282,146.0264977663713,6647492
2021-09-16,146.86700439453125,150.4412503850508,141.78154202588271,143.0550289303068,9325168
2021-09-17,150.27145385742188,152.81842765161545,144.58321497463857,146.8754887984971,8963094
2021-09-22,142.41830444335938,147.5547048994458,140.52505728728158,147.20661532345065,8282477
2021-09-23,139.66754150390625,142.7239150901092,138.39405466875135,142.20602992562974,10257240
2021-09-24,139.24305725097656,142.44375805171236,137.4601833090681,138.13937893413853,7708534
2021-09-27,146.59532165527344,151.56192578757384,140.93255141501476,140.93255141501476,16964987
2021-09-28,141.68814086914062,146.62077766908092,139.60811501977247,146.62077766908092,10552242
2021-09-29,140.75424194335938,142.6135346991184,138.9034473903245,140.08354461159666,7270265
2021-09-30,141.00047302246094,143.97194249583336,140.16846519719874,140.76275650095744,7785273
2021-10-08,151.3157196044922,153.60799358163885,141.3655402800913,142.63054201278186,19693951
2021-10-11,153.242919921875,156.1294849767992,151.36664356796945,154.57584239645678,10825830
2021-10-12,154.60133361816406,157.80202175492434,151.68080123339948,152.97125878816226,8992742
2021-10-13,159.78868103027344,165.38353138499843,152.81845576455237,154.94093431683783,12730340
2021-10-14,157.954833984375,161.98754266010158,155.32295577206915,159.79714355115743,9146411
2021-10-15,156.4181671142578,158.65950370457227,153.3702783977521,155.43333406354608,6138711
2021-10-18,145.68690490722656,153.09859495478548,144.2351241575009,153.09859495478548,11335982
2021-10-19,150.15260314941406,152.39393968283358,143.47953095486838,143.4880162042941,8672056
2021-10-20,152.52976989746094,153.66741505451157,149.21021102668735,152.80144035896666,5472788
2021-10-21,153.23443603515625,155.17013505711475,151.17987875586974,151.9694344035677,4324444
2021-10-22,154.94091796875,157.05491104742435,152.52978569685595,153.60799536035486,5748888
2021-10-25,153.83721923828125,155.4163435566979,152.84390098300645,153.83721923828125,4055091
2021-10-26,153.19198608398438,154.8560017105002,152.11376354906386,153.32782779562038,3949825
2021-10-27,152.30055236816406,156.90208376775914,151.12045495161274,151.2477984677739,7757243
2021-10-28,158.0397186279297,160.8668610918882,152.33449629689997,152.8184275356272,9967253
2021-10-29,158.065185546875,161.5545401211031,156.46909079750552,157.47939246310753,7981646
2021-11-01,157.99729919433594,160.45936898636876,150.2714725427898,155.17015637669314,8249692
2021-11-02,152.39393615722656,158.50667083835552,148.5734753621986,156.57097173857434,11821854
2021-11-03,148.5225372314453,153.92212231353273,147.5801563884298,153.70987449262455,6332033
2021-11-04,158.4897003173828,160.03487080542672,148.75178137014157,149.42247884220214,13924592
2021-11-05,157.4878692626953,162.81104777017708,156.21438244925034,158.3198770201976,8843291
2021-11-08,153.33631896972656,156.60494065141117,150.47522243869722,154.94091200601665,12450619
2021-11-09,152.13925170898438,157.57280427815758,151.994924729879,152.81844739945356,7498522
2021-11-10,149.3545379638672,153.4891211731923,148.14897195295413,152.81842379101286,7586009
2021-11-11,150.27145385742188,150.52615382775696,147.58863835177243,149.42246259269066,5243900
2021-11-12,148.0386199951172,151.28177322379352,147.13020597201947,151.10347933733837,4998030
2021-11-15,148.6923370361328,150.27146138582808,147.17264829614413,147.38489612296027,3871998
2021-11-16,150.908203125,152.8184335443038,148.9979727056962,149.84696400316457,6662405
2021-11-17,149.25267028808594,151.96943980542355,148.2423685875966,150.61104856946528,5269712
2021-11-18,148.23390197753906,149.66020129551902,147.55470627415693,148.3357767989432,4057554
2021-11-19,148.6414031982422,151.2902519950221,147.72449100983846,147.72449100983846,5260704
2021-11-22,151.93548583984375,156.61342314965566,148.72628686905765,149.3205911313455,11737075
2021-11-23,147.2745361328125,150.695970367321,146.8839943969156,150.5940955469046,16243450
2021-11-24,149.87242126464844,151.74019938557913,147.71598923371297,147.71598923371297,16130554
2021-11-25,148.65838623046875,155.98517255813215,148.4716071025507,151.12045589181824,14702643
2021-11-26,149.4309539794922,150.27146002974774,147.29999048113692,148.90458351920358,8009384
2021-11-29,149.2951202392578,150.16958021232654,147.4782794368672,147.9112603215799,6791047
2021-11-30,147.97918701171875,151.54494790082225,147.8942826994104,151.120452248439,6504388
2021-12-01,147.3594207763672,149.2526676789274,146.3491190935394,148.9640137565705,5934636
2021-12-02,148.13198852539062,148.29329893437375,146.5104250959297,147.359416339354,4827229
2021-12-03,150.19503784179688,151.03553084748896,147.7244703153552,148.14048067127058,11008339
2021-12-06,149.21022033691406,151.79964638175642,143.37765427632192,147.5461916960153,17524590
2021-12-07,146.19630432128906,150.271465293033,145.44920076058472,150.18656097826724,14519787
2021-12-08,157.8869171142578,158.7613771391391,144.8888620532995,146.19630298854804,27114835
2021-12-09,158.25196838378906,160.91780046751606,156.75774840432857,157.8869083539546,17409064
2021-12-10,157.11431884765625,159.17737432410266,155.81536326990712,156.99546059069158,10636887
2021-12-13,160.20465087890625,165.7061107094114,158.27743705884996,158.60005788856813,12699619
2021-12-14,158.2689666748047,162.76013819250264,157.86993970201624,159.61037456881562,10297875
2021-12-15,154.17681884765625,157.06338396573562,152.81842764233735,156.21439270105597,13328425
2021-12-16,153.38726806640625,155.0937360431411,151.12046268074468,154.17683677072662,7236663
2021-12-17,148.41217041015625,153.3872600579643,148.40368516061437,153.15802877453896,10116717
2021-12-20,148.14898681640625,150.1865608228803,147.46979116272172,147.72449115217586,6855640
2021-12-21,147.97918701171875,149.33756532659763,147.18961836190468,148.15746793115534,6050885
2021-12-22,147.72447204589844,148.8875858699903,147.2405408330679,148.15745290376424,5250627
2021-12-23,147.79241943359375,147.9197629574249,145.92464100811563,146.76513417456164,9469197
2021-12-24,148.1829376220703,150.10166627456812,147.38489667211473,147.55469234328444,8434538
2021-12-27,145.6529541015625,148.5310342632048,145.55107928491037,148.38670728808762,7814458
2021-12-28,147.46978759765625,148.57347888888955,145.8651945438394,146.02650496508002,6866462
2021-12-29,142.97012329101562,148.233879477313,141.30610767261774,147.7244795384524,11698167
2021-12-30,142.52015686035156,143.70025417857806,142.2060342436069,142.97012118606952,6322208
2021-12-31,139.8543243408203,142.84277715433257,138.9968478459195,142.60506064179415,9639203
2022-01-04,139.828857421875,141.0683903569756,137.82523753738838,140.0835573898632,7508327
2022-01-05,141.48440551757812,144.11628392574184,139.57417495007934,139.87132710907787,8016869
2022-01-06,139.64208984375,142.42678036006473,138.98837584922887,140.9325602881284,6828227
2022-01-07,139.81187438964844,140.87311346397323,138.39406054089994,139.52322047053096,4731364
2022-01-10,139.3619384765625,140.4910986364468,137.79131209903383,139.87982376862098,4063447
2022-01-11,136.9423065185547,139.55720141530594,136.35650041786116,139.50626400734646,6109674
2022-01-12,137.0526580810547,137.9610849819027,135.83860675141187,137.03568758250768,5138517
2022-01-13,133.12184143066406,137.7318580753475,132.90109539675913,137.29887716623927,8059655
2022-01-14,130.82955932617188,133.70763920091093,130.32015938453117,132.86713318357738,8355416
2022-01-17,131.69552612304688,132.89260696344166,129.32684609943388,130.9229538866269,6122227
2022-01-18,135.82162475585938,135.8386082091677,131.05029778797768,132.00966210392028,7799634
2022-01-19,136.6960906982422,138.30068380923714,133.46143577247295,135.75370979466865,6677584
2022-01-20,138.25823974609375,139.14967025619436,135.8386093354739,135.99142155277826,6719126
2022-01-21,140.56748962402344,141.74758696133404,137.39225763696035,137.4941324430486,8577591
2022-01-24,141.99380493164062,142.81732758704254,139.27703517109924,139.91377869097207,7601734
2022-01-25,139.65908813476562,142.8003537876101,139.65908813476562,140.94955871624185,6482889
2022-01-26,140.924072265625,142.04473405888172,138.7676270828178,139.2430601438709,6559753
2022-01-27,137.06114196777344,141.95132663635687,136.86587761824734,140.92405453467038,6514825
2022-01-28,132.7397918701172,137.92712911145625,132.0945502060937,137.06963962733633,7813946
2022-02-07,138.30068969726562,141.67968469441493,135.24432852240943,135.24432852240943,9267465
2022-02-08,134.44627380371094,138.8949932439206,132.6209475409618,138.38559324034492,7943806
2022-02-09,144.2096710205078,145.4407058853105,134.03026008508894,134.1406331058948,14440464
2022-02-10,144.8888702392578,145.85671988238002,143.03806231722191,143.88705368678805,7119977
2022-02-11,143.96347045898438,151.17139878068673,143.47953916785298,143.9804409588072,8664287
2022-02-14,146.841552734375,147.81788762590966,142.910718554398,143.055045532433,6790927
2022-02-15,147.59715270996094,149.8469746259117,146.2472466058104,146.82456746539668,5658252
2022-02-16,148.4970703125,149.75357380008285,147.11321035809556,147.61411211235492,3514032
2022-02-17,147.72447204589844,150.06768314573705,146.02648960858926,148.07256155464552,3461356
2022-02-18,147.62261962890625,148.56500054268767,145.27939521919035,146.18782217909148,3079240
2022-02-21,146.28968811035156,149.04042457246322,144.88885765407696,146.87549417720138,4160882
2022-02-22,143.94647216796875,145.38975473353187,142.3588496867285,144.44737390729486,3819190
2022-02-23,143.12295532226562,144.75301706842802,140.83916664593136,143.77668225243747,4268263
2022-02-24,136.85739135742188,142.88523461017894,135.48202963318298,142.20603899718708,7573209
2022-02-25,138.64027404785156,140.50805221140777,138.30916797774196,138.38557408132607,4801338
2022-02-28,139.828857421875,140.3552408102715,137.26490019873006,138.41952882630844,3634469
2022-03-01,143.47952270507812,143.9040183343831,140.32975943562073,141.3570445585533,6609447
2022-03-02,142.72393798828125,143.3946354623864,141.0174700190415,141.78155706089092,3030311
2022-03-03,139.9901580810547,144.13323927160582,138.725156532739,143.27574987093493,3919311
2022-03-04,137.86770629882812,140.2788386497961,137.27341493831912,138.38559154611028,3028371
2022-03-07,133.91140747070312,137.85922518198961,132.35775168227715,137.85922518198961,5631044
2022-03-08,130.15036010742188,137.23942921179705,129.77680188787093,136.66212138491164,6218889
2022-03-09,129.19947814941406,132.12850823359335,125.05640978863654,130.15035712866592,6133874
2022-03-10,134.31040954589844,134.73490515947876,131.79740276806663,132.17094802617174,4501235
2022-03-11,133.59727478027344,133.6227434835351,130.3456364665487,130.82956773767896,2970910
2022-03-14,124.01215362548828,129.8956565572363,123.63859541625135,129.8956565572363,8470002
2022-03-15,115.23358917236328,121.0237162399948,114.9364499806973,118.85878576549311,7858026
2022-03-16,117.16079711914062,118.66351531816822,110.4877251128673,117.3051240827814,8468190
2022-03-17,122.25475311279297,124.13951492631492,118.84180429444517,120.0473704442023,5933183
2022-03-18,122.25475311279297,123.10374445385403,119.77569995144425,121.23596609443565,4042305
2022-03-21,120.98973846435547,123.27352700129634,119.88606020219261,122.83204792368416,2713609
2022-03-22,120.5058364868164,122.16136705855688,120.13227821327904,120.67563216899335,2075138
2022-03-23,121.77081298828125,122.7811146835176,120.47185736714276,121.20199038562274,2893675
2022-03-24,120.00492858886719,121.04918428801332,119.30026423680906,121.04918428801332,2630818
2022-03-25,115.73450469970703,120.83693794593121,115.36094644056097,120.81146924231486,5443454
2022-03-28,113.25543975830078,114.61383108634118,110.47074919493976,114.61383108634118,6912124
2022-03-29,112.74604797363281,115.02983665840999,112.40644367864817,113.74785149603423,3925097
2022-03-30,116.11654663085938,116.14201533412968,113.84974135774532,114.26573881421338,3919306
2022-03-31,115.14868927001953,115.96371362881223,113.7223772102644,115.56468669840672,3459848
2022-04-01,117.07588958740234,118.47673293933175,113.98556191878338,114.60533486596057,3862488
2022-04-06,116.34576416015625,117.9164032754477,114.18933191909679,116.70235191264725,2643888
2022-04-07,116.65140533447266,118.66352362629175,115.36943307032212,115.5986643601911,3009167
2022-04-08,116.31179809570312,118.26448050866338,115.6665694268495,117.16078932267907,2929888
2022-04-11,112.57625579833984,115.63261682061038,111.55745583633669,115.63261682061038,5342860
2022-04-12,117.57682037353516,117.57682037353516,112.83094873429091,112.83094873429091,5891748
2022-04-13,116.99100494384766,119.42760585464436,115.99768666709869,116.57499453888606,2975749
2022-04-14,119.37666320800781,120.87938138589784,116.73629983536655,118.94368232317589,5756406
2022-04-15,117.16079711914062,120.3614978851123,117.16079711914062,118.00978840261267,3868036
2022-04-18,116.1504898071289,116.73629583715332,114.44402207344852,116.73629583715332,3520259
2022-04-19,114.9958724975586,118.40882125481997,114.2997063467303,116.47312206821312,3605380
2022-04-20,116.90609741210938,118.93518606609202,114.07046962788876,115.1232234854642,5785275
2022-04-21,117.15231323242188,119.28327671507112,115.95523239970547,116.31180718836117,6611351
2022-04-22,120.62468719482422,122.39907592826582,115.80240980503108,116.31180977419507,6349683
2022-04-25,113.59503173828125,119.70776614184264,112.91583614797923,118.09468795013144,5900810
2022-04-26,116.09954833984375,119.86907139706545,113.59502685322704,113.59502685322704,6592914
2022-04-27,118.45974731445312,119.5294716189267,115.59865096581468,116.10803793979235,6294934
2022-04-28,122.76415252685547,122.76415252685547,117.41550451219369,117.60228364272263,6069709
2022-04-29,135.04055786132812,135.04055786132812,130.82956815076665,132.44264648380167,18707658
2022-05-05,136.9423065185547,142.88524593264938,132.93506633439875,134.14063248956552,17348930
2022-05-06,130.87200927734375,134.98113718952825,129.8956744226654,134.88774762437453,8071907
2022-05-09,128.036376953125,130.32016564199427,126.2025526206598,128.20617262363194,5259885
2022-05-10,133.42745971679688,135.0405378103198,124.96301644081021,126.44875103653095,7551686
2022-05-11,133.74159240722656,135.47354183550306,131.670051656132,132.4341515643405,6635817
2022-05-12,136.00839233398438,139.4892615557163,132.62941086887486,132.69733172176373,7135518
2022-05-13,134.7349090576172,138.66574269856247,134.14061777232635,138.3855740309443,3798298
2022-05-16,133.71612548828125,135.82162021789404,132.4511238279501,135.2188436686697,3416205
2022-05-17,134.82830810546875,136.22915154217978,133.29163590439913,134.14062721589212,2676496
2022-05-18,133.6142578125,135.24431958900084,131.76345000232192,135.15941527534352,3225013
2022-05-19,133.5548095703125,133.597261723126,131.26253581874374,131.60212713209532,2818985
2022-05-20,136.51779174804688,139.64207324190318,133.5717911571082,134.98960495014845,7217957
2022-05-23,134.0557098388672,136.73003998219795,132.91806470143183,135.8385966010877,3473951
2022-05-24,132.42567443847656,134.88775726181285,132.10306651682473,134.67550941262425,3052360
2022-05-25,131.63609313964844,133.18974864907804,129.11458814372244,132.55300522494682,4885007
2022-05-26,131.63609313964844,133.31709215207306,129.19947949419307,130.99934971551718,4325352
2022-05-27,132.0181427001953,134.39532085098594,131.42385140114231,133.04542783858446,3752939
2022-05-30,135.6942901611328,136.51781281389404,133.4105013377793,133.945370038223,5361061
2022-05-31,140.08355712890625,140.84764407686887,133.96232447798616,135.66880519212307,7561627
2022-06-01,138.21578979492188,140.431657663243,136.7725071386215,139.226091540706,5544571
2022-06-02,137.7827911376953,138.80159105219502,136.68759807056088,137.2394372287657,2968819
2022-06-06,138.0799560546875,138.18183087373697,134.32741574959567,137.62999166444533,5089404
2022-06-07,139.7354736328125,141.45892491910297,136.60269369278748,137.68940151011608,5573896
2022-06-08,144.0738067626953,144.32850671840808,139.0647637701817,140.8051983538781,7494650
2022-06-09,139.7015380859375,145.1775300495208,139.21760676757367,143.90404294382327,6672985
2022-06-10,143.81063842773438,144.18419667932181,138.58084881466903,139.27702791164188,4962067
2022-06-13,139.91375732421875,142.52865186771578,138.87798698703557,141.82398759211884,4634512
2022-06-14,141.5692901611328,141.76455452028003,138.3940582398976,138.87798946794135,3891712
2022-06-15,143.10595703125,144.75300205997277,140.85613549484697,141.78153280947478,4102742
2022-06-16,142.392822265625,145.18599795032432,141.78154749157045,143.53896570562208,3377232
2022-06-17,144.09078979492188,144.75300190510097,141.22969355082554,141.35703705102236,3944755
2022-06-20,148.56497192382812,150.92516637853743,144.1162534568581,145.08410288825272,5900163
2022-06-21,147.5461883544922,150.27145605413264,146.6802265791041,147.78391783030446,4581121
2022-06-22,146.5959014892578,150.15518247013935,145.9998054996743,149.97376997547664,3489203
2022-06-23,147.4684295654297,149.62818984958108,145.16180716381172,146.89824968670237,2989129
2022-06-24,149.62820434570312,151.26963022995943,146.84643177564493,148.24596553921202,4955491
2022-06-27,152.55685424804688,154.12051889192261,149.71461495568488,149.71461495568488,4816621
2022-06-28,155.88287353515625,157.74890974187494,152.5568371439808,153.10110099980668,6425063
2022-06-29,154.72523498535156,155.76191730512303,153.62807304904572,155.69280339285416,3388974
2022-06-30,158.2240447998047,160.513398778931,153.77494355955776,154.71659594910415,7530676
2022-07-01,159.26937866210938,162.05978553400828,156.53943822943458,158.20678018828838,4047760
2022-07-04,158.09446716308594,159.21754524930472,155.39909030186635,157.55020330375052,5134954
2022-07-05,157.6625213623047,159.64950372000953,155.589156491215,158.1549530989146,4057895
2022-07-06,155.26950073242188,157.96489084466694,153.3084476572567,156.4876088381968,4429179
2022-07-07,153.73175048828125,155.93470884523592,151.85707994717774,153.81814618154692,3369240
2022-07-08,154.3278350830078,156.7640510858731,153.34298489043337,155.49411094516773,2731674
2022-07-11,151.33872985839844,152.91104181350863,149.45542504936154,152.91104181350863,3337494
2022-07-12,149.83554077148438,152.66051108739967,148.17684635338802,151.33872558487687,2979271
2022-07-13,149.80099487304688,151.6583969594529,148.37555810298926,150.31070840984214,3466007
2022-07-14,149.46405029296875,150.8895000311219,147.51163168504715,149.35175171878532,2469988
2022-07-15,149.0234832763672,152.72099241555222,148.59153115092843,149.46406969874693,4326183
2022-07-18,146.51815795898438,150.05152298210217,143.6586239768479,149.0234748723921,4807806
2022-07-19,147.43389892578125,148.15094101790618,144.71259269439633,146.50951507307107,3147621
2022-07-20,148.6779327392578,150.31934560810217,147.20928490887434,148.5051413365304,2542086
2022-07-21,145.56787109375,148.99757213788854,145.56787109375,148.76431429142946,3640699
2022-07-22,147.2006378173828,148.07317632393165,145.74928507197893,146.18987147351964,3397211
2022-07-25,147.77081298828125,148.81612966665432,144.60028622175173,147.20063306436955,3212779
2022-07-26,149.36041259765625,150.2329511874818,147.33887971699113,147.33887971699113,2495781
2022-07-27,148.0645294189453,151.08819389652163,145.99979906011416,147.90038552387878,3776125
2022-07-28,147.7276153564453,150.65625001078783,147.44252539407708,148.15956744813084,2737223
2022-07-29,142.7169647216797,148.58288135525643,142.285012641298,147.14879728467773,5502003
2022-08-01,146.0430145263672,148.58289510315953,142.54419971511513,142.54419971511513,5284859
2022-08-02,143.33897399902344,145.99980034455507,142.9761358403779,144.85080625111203,4409805
2022-08-03,143.40811157226562,145.61107013947105,142.6910694325483,144.7039680021355,2886596
2022-08-04,146.2244110107422,147.14879477441264,143.71045996422708,144.66939409360083,2883257
2022-08-05,145.86158752441406,147.64122813511142,144.7125933127595,145.48146755278307,2891355
2022-08-08,144.3583984375,147.31294924716477,144.1078588351724,145.13590695188944,2294815
2022-08-09,143.4512939453125,144.87673059151822,142.80336580028592,143.8918803383631,2059806
2022-08-10,143.82276916503906,145.42963152264767,141.4729486596731,143.45129668222643,3682557
2022-08-11,145.42100524902344,145.714729532866,142.41462212387532,143.89189102222818,3433163
2022-08-12,151.19186401367188,152.85055843785997,145.55057083935355,146.08620038848798,6053970
2022-08-15,148.8507080078125,154.23282790627397,148.48786979712068,150.6648990612716,5122733
2022-08-16,148.8507080078125,150.14656440976884,148.12503158642886,149.0321205220919,2823099
2022-08-17,150.92405700683594,151.51151870159828,145.999805836928,149.20489613206593,3796368
2022-08-18,145.82704162597656,150.06016722426557,144.71259774933452,149.88738900880878,6885347
2022-08-19,147.59805297851562,150.50077191546455,144.79036404059696,145.04952478146743,5233102
2022-08-22,150.2934112548828,152.04713568577893,145.99980642554908,145.99980642554908,5461630
2022-08-23,147.37342834472656,151.2523633175815,146.8896440558098,149.54183652973066,4256840
2022-08-24,146.43174743652344,149.4554118378676,145.57647761743334,147.3733997578021,3693724
2022-08-25,149.45541381835938,149.46404811405347,145.65424093629392,146.4317493769475,4115487
2022-08-26,150.6907958984375,154.2414425138285,148.93707151289738,151.13139545542342,6771755
2022-08-29,142.7860870361328,153.628087527946,141.6802906998751,151.4510452237558,13299305
2022-08-30,141.5507049560547,142.6133034048829,137.3607644164121,142.6133034048829,8239811
2022-08-31,142.0776824951172,144.26335894290773,140.07341853707064,140.77317879034564,6648400
2022-09-01,137.86183166503906,143.11437070087254,137.69768776046118,140.2116521069154,7008950
2022-09-02,133.3954620361328,138.57024019788253,131.74540171001996,137.87047984548207,9078069
2022-09-05,130.55319213867188,132.6092882529938,128.125623563833,132.6092882529938,6994730
2022-09-06,130.2594757080078,131.69355986008588,129.36965542642335,130.54456567911723,5353684
2022-09-07,127.84917449951172,129.32644315156983,125.30929429673884,129.30052708273587,7878823
2022-09-08,126.7001953125,129.37829046923216,126.56196747441348,127.94421949101422,5402817
2022-09-09,127.65048217773438,128.514386393512,125.86220730578343,127.50362004290804,5150951
2022-09-13,130.91603088378906,132.97212700722977,128.28976803195948,128.28976803195948,7370589
2022-09-14,128.59213256835938,130.35449115977605,128.03058698530148,129.5510666616373,3965846
2022-09-15,128.09971618652344,130.42362063838473,127.08031553832988,129.24007607989137,4572168
2022-09-16,125.28338623046875,128.63532544103083,125.28338623046875,127.17533846898121,3853308
2022-09-19,126.82977294921875,128.53166527049436,123.84930610842054,125.26610846306231,4940561
2022-09-20,128.8340301513672,130.0175746189856,126.13000594267042,126.9939100929627,4819302
2022-09-21,127.75415802001953,131.0542652275413,127.66776232668948,128.834038275985,3357351
2022-09-22,126.00907135009766,127.92693979275711,125.76717922058496,127.00255594044388,2704912
2022-09-23,127.02847290039062,128.81676099406894,125.57712011317271,126.00043793384418,3517543
2022-09-26,130.510009765625,132.17733849238687,125.9658653782768,126.00906322336076,7181108
2022-09-27,135.41697692871094,136.19448539898977,129.86207951353995,131.31343217329547,8369390
2022-09-28,136.6610107421875,140.17709406471178,134.8381723097519,135.46018440304675,7680377
2022-09-29,137.73223876953125,140.35851489075068,136.8597002826586,139.04537683014098,7167048
2022-09-30,136.62644958496094,140.16846222371365,136.29817493928863,140.02160008552005,4339465
2022-10-10,133.36953735351562,138.31970483018856,132.920303469292,136.661010313977,5698709
2022-10-11,132.86846923828125,133.9051516468628,128.95498424794673,133.36088777995138,4248014
2022-10-12,131.90953063964844,132.7820691111602,127.97012970930352,132.7302369697817,4611747
2022-10-13,130.38906860351562,131.31345252436776,128.28978749913563,131.31345252436776,3733441
2022-10-14,132.4883575439453,133.92244177604306,130.4495429676295,131.31344722569327,4383995
2022-10-17,130.02621459960938,133.0326106651992,128.25522155978817,132.4883468084381,5826724
2022-10-18,127.25310516357422,132.00457878135637,126.60517694296756,130.11262626804358,5874254
2022-10-19,121.92279815673828,127.52089341508749,120.94658223895611,126.99391135090391,9637737
2022-10-20,123.35687255859375,124.10847816206862,119.65072941161385,120.94658568682988,5531631
2022-10-21,122.13878631591797,123.97025909612886,120.86019854281543,123.46055875554302,3860659
2022-10-24,115.50399017333984,120.9033914826969,115.21026590582252,120.12588296700233,8546157
2022-10-25,116.70481872558594,119.21878318693526,114.94245990469992,115.56447200198495,7226731
2022-10-26,115.66812896728516,118.46718322784547,114.42410485148056,116.6875427441206,8187657
2022-10-27,112.23843383789062,117.03310485932009,111.63370352485722,115.70268498851442,10649981
2022-10-28,114.00944519042969,116.62707401940573,112.73950488542553,114.06991163336035,8612175
2022-10-31,112.86907958984375,114.34636158680706,109.02470849769,112.23843320851186,6042591
2022-11-01,117.91429901123047,117.91429901123047,114.25997444394437,115.15844227019333,10584607
2022-11-02,119.21878051757812,121.050253217392,115.24481589413936,116.73937966277741,10780307
2022-11-03,117.04173278808594,117.92291872892527,116.36788859277688,117.49096664566912,4372706
2022-11-04,120.83427429199219,123.79747250503516,116.64434689867004,117.0417354422838,7996757
2022-11-07,120.09132385253906,120.42824597940282,118.36351536972334,118.95961140543598,4455394
2022-11-08,118.70043182373047,120.90339017046463,117.83652762360977,119.4693060345526,3679518
2022-11-09,116.70481872558594,119.82351350870339,116.28151409141442,118.61405286516712,3739861
2022-11-10,117.91429901123047,118.31168759496387,115.44353226224543,115.76317262509183,3868129
2022-11-11,122.64848327636719,123.10635145880127,119.47795636802095,120.94659090689248,8192919
2022-11-14,124.78233337402344,125.69806978011879,122.82990131063319,123.54694342800458,7148893
2022-11-15,127.68504333496094,130.44953413720376,122.873090615854,123.53830054053071,7487027
2022-11-16,126.32869720458984,129.75839765432872,125.87947654824609,126.9939070755058,3888709
2022-11-17,126.3891830444336,128.46254778510945,124.74775720777795,126.51876339742651,2813026
2022-11-18,126.12999725341797,127.57271550315964,125.69804520802955,127.1493977531121,2581144
2022-11-21,123.09772491455078,123.53831134931959,121.2230542192877,123.23593958015682,3800292
2022-11-22,123.4951171875,124.90328541636684,121.80187213958993,123.21002718632327,3442180
2022-11-23,121.92279815673828,123.27048653540278,121.72409070906829,123.10634263608033,3179051
2022-11-24,121.2316665649414,123.71106716744954,120.25545069248095,122.57935488103824,3261578
2022-11-25,120.78243255615234,121.55130669342697,118.25119981935,121.24030068384786,2970797
2022-11-28,119.67665100097656,120.22954917661158,115.18435167617552,117.78469864277997,5307695
2022-11-29,123.15818786621094,123.78019998126314,120.29866690563826,122.20790109975484,6624770
2022-11-30,122.13878631591797,124.43676158805955,121.24031851956848,122.0351088427191,4377025
2022-12-01,125.59439849853516,129.80160779067268,125.17971498583914,126.13001489143569,7998307
2022-12-02,125.83629608154297,127.5209067307801,124.36766149457041,125.26611611345264,5234929
2022-12-05,127.45178985595703,129.41285614687885,126.82114345975364,128.721730127219,4728714
2022-12-06,130.38906860351562,134.85546539820734,126.44103283956471,126.59652928486692,9602608
2022-12-07,130.3026580810547,133.20537640875963,128.54893379787154,130.44952019743454,6116907
2022-12-08,131.79721069335938,132.4365044889648,128.8253784056618,130.30266025386092,5298105
2022-12-09,139.114501953125,139.114501953125,130.27676506305826,131.41711183171228,14544582
2022-12-12,137.03248596191406,141.70621105145403,136.73876168481598,139.0885822658658,6986425
2022-12-13,138.91578674316406,140.28075685044666,135.21827812126165,137.36075667270723,5509190
2022-12-14,144.3929443359375,146.9328247381136,136.591890633329,138.22466900870913,10319780
2022-12-15,144.70394897460938,148.15956566654035,141.36927833961073,145.22229675125163,7214481
2022-12-16,144.84219360351562,145.80112787402047,142.28503115479174,143.4081093463403,3771903
2022-12-19,143.2353057861328,145.99116203910705,142.02583210840086,145.15317398782238,3960234
2022-12-20,136.49685668945312,143.72773025908708,135.89212641649573,143.10571821200767,8639097
2022-12-21,137.792724609375,138.81212527279197,136.75604217037045,137.23982642976375,4924991
2022-12-22,140.12525939941406,143.18348766677715,137.68040891767274,139.09721128643417,4816259
2022-12-23,140.53994750976562,142.18137361606244,138.05191204866506,139.4255167445616,3628073
2022-12-26,137.3607635498047,141.15330234317128,136.82514718065988,140.86821238413663,3655954
2022-12-27,139.94386291503906,141.12740759293618,137.36941859863578,138.24197038201999,4027083
2022-12-28,138.74302673339844,140.10798383740357,137.13616431373072,139.22681100045838,3922475
2022-12-29,138.10372924804688,138.7430231169309,135.676160497027,137.45580108252346,3654360
2022-12-30,138.6566162109375,140.27211275473934,137.38667605462197,139.2354304101492,3333417
2023-01-03,135.74526977539062,138.42336485871024,134.518527405798,138.23330488208433,6215801
2023-01-04,136.23768615722656,137.80135060938235,133.9051475143703,135.20963807684615,4510257
2023-01-05,143.18348693847656,145.38643210407736,136.61780974173027,137.35213358501852,10977250
2023-01-06,143.9609832763672,145.30867160609867,140.9718691951408,143.18347483448545,6553571
2023-01-09,152.79872131347656,153.61944079373882,143.66726139105637,145.13589579541713,12282508
2023-01-10,152.73826599121094,155.41636111586743,150.31933158219744,152.4704577969585,7001538
2023-01-11,151.19186401367188,153.29979229716034,150.2329298578925,152.7382598596335,4478609
2023-01-12,151.18324279785156,153.6799255373422,149.88738643101283,152.91105128696987,5373686
2023-01-13,157.81802368164062,158.78560541541734,150.3625388915046,151.1659635248233,10415285
2023-01-16,160.92808532714844,164.71199022372136,157.4206361226233,158.09448039432354,10590305
2023-01-17,158.95835876464844,161.98202319767165,156.8504305936285,160.93669340783177,5894571
2023-01-18,157.48974609375,161.97341122287753,156.95411649938123,158.95838067003575,3615241
2023-01-19,159.36441040039062,161.20453058282206,154.1982669244336,157.48973984975646,6278826
2023-01-20,158.1894989013672,161.98203781956397,157.14416901716686,159.8222773153031,3916583
2023-01-30,159.38169860839844,163.96902803165264,158.18950653423923,159.82228502695907,7374661
2023-01-31,151.7015838623047,160.6861823327907,151.40784641381364,160.40972665941842,9217232
2023-02-01,154.2069091796875,154.43151953992765,151.41650213314747,153.76632275617047,6964769
2023-02-02,151.90890502929688,154.79434177325507,150.75127661328463,154.7079592661366,8671429
2023-02-03,151.61517333984375,152.5395570773727,148.68653889492344,151.1573052099691,6736626
2023-02-06,147.33021545410156,149.35176128661186,145.30868280372314,149.35176128661186,7386082
2023-02-07,146.46629333496094,149.28262909947298,145.8010966780823,149.15303557694565,5116740
2023-02-08,145.82704162597656,147.58076621802195,145.38644201710898,146.4231376741154,3090638
2023-02-09,148.505126953125,149.44679255110503,145.265486197759,145.265486197759,6722414
2023-02-10,148.56561279296875,150.63897769033238,147.4598164234238,148.15957674673072,4653557
2023-02-13,155.41636657714844,158.09447497804481,146.9069177731288,146.9069177731288,9348052
2023-02-14,153.55897521972656,156.3580296401854,153.0147113424376,155.41636402126136,4220377
2023-02-15,152.6605224609375,154.8980312555273,152.09897680150513,153.774953118795,3525580
2023-02-16,152.13352966308594,154.65612825851284,151.2350619439779,152.8592060024283,5820477
2023-02-17,152.21128845214844,157.12690563190495,151.1918746056424,151.2437199324538,6210216
2023-02-20,154.63885498046875,155.50275919823673,149.88738178274485,154.63885498046875,5029516
2023-02-21,150.92405700683594,154.92393756254395,149.82689501162076,154.37967371303543,6382623
2023-02-22,149.28265380859375,152.4186172044368,148.85070169293354,150.2847858806372,4881494
2023-02-23,147.7103271484375,150.57849523973294,146.94145298600992,149.28263902111584,5229179
2023-02-24,145.61105346679688,147.4425261263574,144.29791541055428,147.04513758202685,4387560
2023-02-27,149.35177612304688,150.81177646517668,143.82278082256792,145.18775116662616,7312958
2023-02-28,146.87234497070312,150.2847770291387,146.5786207130658,149.4986210612285,3577314
2023-03-01,149.65411376953125,151.75340773056686,146.2935271183748,147.45115552769977,5718267
2023-03-02,148.9457244873047,150.23293329319816,148.77294628581726,149.03210699698252,2384336
2023-03-03,148.87661743164062,153.3430007157012,147.3647850302182,150.3193359128564,4380615
2023-03-06,148.09909057617188,150.04287502482782,146.50087571655615,147.94359414770273,6434564
2023-03-07,145.99981689453125,148.02999713603606,145.96526652499043,147.64122968143923,4819209
2023-03-08,145.01495361328125,146.6650137315636,144.4361394047902,145.13589966905354,3513507
2023-03-09,143.6759033203125,145.84431126759736,142.28501705109096,145.12726921008496,3631460
2023-03-10,141.8012237548828,144.53979827254258,141.65436163424084,142.37140364593816,3086619
2023-03-13,145.1359100341797,145.81838857289264,142.3714191461456,142.90703554822747,4332260
2023-03-14,143.33033752441406,146.25032452306988,141.10146328478842,145.1358939943225,5296225
2023-03-15,142.53555297851562,145.54193578276497,142.18998340311654,145.13589977050316,3247286
2023-03-16,141.83578491210938,143.7018211436575,140.4017139617294,141.9826602260578,3160289
2023-03-17,137.792724609375,143.3821860289779,137.36940679133966,142.71697608124595,7833553
2023-03-20,137.3607635498047,139.036739755088,135.46017700503873,137.79271563643928,6063429
2023-03-21,140.38442993164062,141.2396998195608,136.33271719862634,137.79271737905648,4887211
2023-03-22,140.6436004638672,143.27851079914907,140.21164838208756,140.29803088916466,3658719
2023-03-23,142.6219482421875,143.71047602439072,140.03023551447717,140.0993494357387,3444815
2023-03-24,141.37791442871094,143.83141232951687,141.1878544536739,142.22455002010568,2828588
2023-03-27,140.16845703125,142.09495971424187,139.35638497074137,141.9740136530256,2870084
2023-03-28,145.636962890625,147.12287908015267,140.26347803405815,141.68028030987162,7033916
2023-03-29,146.30218505859375,148.23732207653194,144.70395697733446,146.96738181744385,3679296
2023-03-30,147.183349609375,147.909039132492,145.30867913743015,145.99980511166314,3768814
2023-03-31,142.94158935546875,149.36039099260572,142.13815162498102,147.72761264330705,7209731
2023-04-03,143.92645263671875,145.80112326842578,142.1208827444055,142.94160232369907,5690783
2023-04-04,142.91566467285156,145.33459905564055,140.88549772357632,143.98691062037963,5428970
2023-04-06,140.773193359375,142.57875005838932,139.85745697354506,142.15544541709014,3035407
2023-04-07,137.06704711914062,141.35200468117105,136.4363875455179,140.470831865269,7194988
2023-04-10,134.50987243652344,137.18798055283216,131.99590821653527,137.18798055283216,9013338
2023-04-11,133.7323760986328,135.01095065520727,132.87710617394643,134.42350211212494,5837697
2023-04-12,130.68280029296875,134.08658516545876,130.01759032588564,133.90515947184235,6898186
2023-04-13,130.70005798339844,131.65035785709645,129.3351009751874,130.44953157058626,4609593
2023-04-14,129.53379821777344,131.29615699054193,128.82539044437783,131.2097744795806,4558788
2023-04-17,131.87496948242188,132.6524911635958,130.01758074463692,130.92468278160726,5389531
2023-04-18,131.52078247070312,134.27662584426477,130.96788430024742,131.74539282109282,5054532
2023-04-19,132.0736846923828,132.730247170522,129.71521662135268,131.52078650496753,3698471
2023-04-20,129.5510711669922,132.3069143119286,129.1536694608212,132.02183754483227,3321595
2023-04-21,129.5510711669922,131.6244358386613,129.248699443897,130.10396929157935,3236333
2023-04-24,127.16669464111328,130.59639534372616,126.97663466398119,129.54243117313254,5148801
2023-04-25,130.5618438720703,130.57911246465858,127.04574750699129,127.53817922052357,4931092
2023-04-26,129.19688415527344,132.3501294176513,128.1342856111106,129.58563843414933,6646977
2023-04-27,128.1083526611328,129.7584129066507,127.08031769886266,128.54895225566673,7004202
2023-04-28,129.32644653320312,130.3112967210373,127.85781213831088,128.03923780702314,6197406
2023-05-04,125.30066680908203,129.83616412843122,123.82339792134549,128.73036774133195,11901915
2023-05-05,127.73687744140625,128.54030203194665,125.23156049695253,125.43888907147539,6432179
2023-05-08,126.39781951904297,128.5402982122843,125.50799926080488,128.28977179813637,5051244
2023-05-09,127.24444580078125,129.8880037669681,125.46480523018927,126.05226695005261,4852469
2023-05-10,125.73260498046875,126.99391084752753,125.09332434201801,126.8988808631455,3495463
2023-05-11,125.23155975341797,126.35462467776794,124.8341580177217,125.7326125936281,2856967
2023-05-12,123.8406753540039,126.37190839412679,123.4346393155607,125.17971635085675,3168847
2023-05-15,124.82552337646484,124.97238550951835,122.3288407502911,123.45190567153936,3995270
2023-05-16,124.7304916381836,124.74776023091346,123.64196391813759,124.66137772086863,2191730
2023-05-17,122.5016098022461,125.14515436396131,122.0264598883784,124.66137015425278,3932206
2023-05-18,122.0091781616211,123.35686651265208,121.36989753374444,122.6743880412924,2767339
2023-05-19,122.7003173828125,123.71108375541507,120.25546681709548,121.89689277207678,2837541
2023-05-22,126.38053894042969,127.42586881696451,121.99191722822995,123.34823996025109,6611672
2023-05-23,123.79747009277344,126.77793684032758,123.79747009277344,126.13000871337532,3511829
2023-05-24,121.4130859375,123.44326600459942,121.24030774037338,123.36551779321215,3719543
2023-05-25,119.909912109375,121.16257063098719,119.22742037231133,120.94659456925638,5273187
2023-05-26,119.7889633178711,120.77381360968101,119.27061550865226,120.38505934383306,2365507
2023-05-29,118.83866882324219,120.5664773567168,117.5773759758002,119.84080093636938,3523382
2023-05-30,118.17345428466797,119.71985024442225,117.14541931993047,119.44339456231529,3127501
2023-05-31,115.97050476074219,118.16481563252414,115.33121090603262,117.93155780711048,6426318
2023-06-01,116.1432876586914,117.75015006579048,114.99429344234501,115.02884381166507,4585823
2023-06-02,119.12373352050781,119.47793735837669,115.86681143542782,116.35059561294132,4267952
2023-06-05,116.85167694091797,119.37427561430786,116.3765401782724,118.45853927462689,4609482
2023-06-06,116.58386993408203,118.6745165302227,116.0136899945531,117.47369021146866,5201746
2023-06-07,115.18434143066406,117.741490322221,115.18434143066406,117.05901184664762,3414328
2023-06-08,118.3980712890625,118.76954376149796,114.691914950339,115.71996304048436,4940813
2023-06-09,117.715576171875,121.20575636251722,117.62054618692852,119.39155235249582,4738457
2023-06-12,120.28137969970703,121.12801531827799,116.64435035057365,116.9467089153786,5062264
2023-06-13,121.50811767578125,121.63771121209399,119.65936325738521,120.08268105126281,3894233
2023-06-14,123.03724670410156,125.15380956620459,121.98328242169164,121.98328242169164,6460702
2023-06-15,124.83415222167969,125.1624400236589,122.91628391498371,124.38491836351835,4812740
2023-06-16,125.39567565917969,125.84490948510326,124.05663484115934,125.26609531618756,4888197
2023-06-19,123.36552429199219,125.69806303140629,122.65711650968386,125.17971523058887,4923183
2023-06-20,122.85582733154297,124.53179047816296,122.15605382665208,123.36552766760987,3219750
2023-06-21,122.00405883789062,123.61883805059969,121.81774649068497,122.43881021166008,2899421
2023-06-26,119.75048828125,121.53383140534648,118.71242166828269,121.53383140534648,3770522
2023-06-27,120.66433715820312,120.88614660150864,118.71241676474935,120.6199725619072,2663745
2023-06-28,119.61740112304688,121.53382439277534,119.33347854194707,120.66433517996134,3446791
2023-06-29,117.0710220336914,119.78596746673821,116.53868749009494,119.66175471941497,5804456
2023-06-30,116.53868103027344,118.26879189286532,116.2458909553466,117.4968858632679,4603446
2023-07-03,119.34235382080078,119.59966036895742,116.3878502673459,117.20412097209999,4777968
2023-07-04,119.6706314086914,119.6706314086914,118.01148761915529,119.51092157469994,2972713
2023-07-05,117.39930725097656,119.68836876499726,116.99117192336521,119.67950126111344,4193521
2023-07-06,115.97972106933594,117.78968014292514,115.58933428883121,117.02665512780422,4146118
2023-07-07,115.58934020996094,116.36123276847985,115.31429865638178,115.95311095935415,2692400
2023-07-10,116.21927642822266,117.27507796668314,115.67806086533353,116.32574062479969,3195455
2023-07-11,116.44995880126953,116.80484849853707,115.69580127185831,116.65401970028965,3015232
2023-07-12,117.05326843261719,117.47915229491187,116.23701133714597,116.62739810849601,2539762
2023-07-13,119.73273468017578,120.0876379120474,117.55013734140493,117.55013734140493,6651950
2023-07-14,119.84808349609375,120.48689579433493,118.89873255297792,120.4513987010024,3313991
2023-07-17,118.56158447265625,119.33347698038818,118.020368905419,119.21813174105404,2136135
2023-07-18,117.0976333618164,118.88098988710924,116.80484328246723,118.56158375856228,3107668
2023-07-19,116.76935577392578,117.36380341616142,115.87325055888515,116.67175908411556,2908430
2023-07-20,116.37897491455078,118.41075695864527,116.24589466632354,117.11538387714702,3390519
2023-07-21,118.7212905883789,119.91018601862069,116.49432853279096,116.52094458435049,4837080
2023-07-24,118.25991821289062,118.74790170147922,117.65660301839866,118.00262521245709,2657054
2023-07-25,123.00664520263672,123.60997393251922,120.66433800639253,120.66433800639253,9175230
2023-07-26,123.22844696044922,123.58333663482489,121.92420642295008,122.44767343101483,4184771
2023-07-27,123.06875610351562,124.9230797796415,122.52754052637842,123.22845240258536,5373803
2023-07-28,126.66206359863281,127.14117959255661,121.99519763905609,122.40333298431806,7973002
2023-07-31,130.10455322265625,133.08567283570298,129.30604460091192,129.53672156008423,13660882
2023-08-01,128.25021362304688,132.09195452997793,127.53155324441929,129.9803244490342,6411048
2023-08-02,127.16779327392578,129.27054249092475,126.59996163338631,127.31862207270626,3416584
2023-08-03,128.29458618164062,129.235056046047,126.34265226890221,127.16779042986416,3739280
2023-08-04,128.2058563232422,131.01839839793246,127.50494444962095,129.6431771622629,6426520
2023-08-07,126.3160400390625,128.01953497409986,125.54414749270124,128.01953497409986,3818519
2023-08-08,126.1829605102539,127.00808516273386,125.39331941283974,125.85468685774137,2318345
2023-08-09,126.7330322265625,126.8483774619692,125.80142991622898,125.84579450970642,2082158
2023-08-10,126.16520690917969,126.74191957674596,124.78998567196642,126.74191957674596,2774398
2023-08-11,123.14861297607422,126.87500913823352,123.14861297607422,126.52011942304686,3895800
2023-08-14,120.38929748535156,121.55157682022539,118.81888281165693,120.85953242941235,7142568
2023-08-15,121.42736053466797,121.81774731568869,119.78596526124184,120.48689067394011,3175476
2023-08-16,121.46285247802734,122.82920630597701,120.57561465557814,121.11683026879915,2450580
2023-08-17,122.03067779541016,122.19925513901487,120.38929603216089,120.66433757670582,3943022
2023-08-18,118.93421936035156,122.19924767949949,118.91647081522028,121.57818398163693,4365600
2023-08-21,118.81001281738281,120.47801061604147,117.78968126080318,118.93422556343371,3772492
2023-08-22,119.15603637695312,120.39816385175828,117.91389536397386,118.9076108819921,3275189
2023-08-23,117.4347915649414,119.92792752799491,117.1952335767888,119.2979962938191,2876577
2023-08-24,119.95454406738281,120.65546948864386,117.47027559813522,117.87841093005387,3121827
2023-08-25,120.07875061035156,120.64658221357185,119.28024207207011,119.59964819501735,2544301
2023-08-28,120.29170227050781,126.33378950843267,119.77710272311646,125.99663481299623,6905213
2023-08-29,120.97488403320312,121.71127952153718,119.08506311531646,120.16749435542127,5513700
2023-08-30,118.51722717285156,121.35638543058923,118.51722717285156,120.98374717846502,5760453
2023-08-31,119.06730651855469,119.89244468791604,117.64773420359099,118.51722343109648,4765753
2023-09-01,121.90646362304688,123.4946268054329,120.22071728305588,120.22071728305588,6112338
2023-09-04,125.41106414794922,125.89903409068894,122.57189245469638,123.32604997412429,8875546
2023-09-05,123.79627990722656,125.198117151134,123.33491249498748,124.65690159201894,4056804
2023-09-06,124.0890884399414,124.53270737279718,122.97117360288804,123.47689214649239,3068973
2023-09-07,122.08392333984375,124.00034664615909,122.00406165102615,123.52124420412376,2915200
2023-09-08,121.29427337646484,122.26135923188555,120.8683895278798,121.56043385911416,2064514
2023-09-11,122.8203125,124.5326883592301,120.81516010338042,121.41848879979968,5252404
2023-09-12,122.43881225585938,123.64545616454554,122.13715466323133,122.7670858985326,3054314
2023-09-13,122.27912139892578,124.00035137722314,121.64917659740811,121.65804410175993,3371139
2023-09-14,121.41848754882812,123.12198234877371,121.10794893117122,122.61625034941929,3842526
2023-09-15,120.10537719726562,122.40333339867654,119.96342943763588,121.7556400542601,4127578
2023-09-18,120.95712280273438,121.64916715736082,118.9608378863488,119.77709498313452,4329228
2023-09-19,119.99890899658203,120.80629862050824,118.72128443524255,120.70870192378997,5261049
2023-09-20,119.43106842041016,120.0255160602143,119.1826429452136,119.64401034408137,2449629
2023-09-21,117.00891876220703,119.42220652443575,116.84920892741133,119.42220652443575,4976793
2023-09-22,118.71241760253906,118.81888180386137,116.85809389258014,116.85809389258014,4835057
2023-09-25,117.50576782226562,118.71241168372896,117.31944194106737,118.70353064194548,4108558
2023-09-26,116.54755401611328,118.31316205226781,115.8377610924335,117.64773372472564,3663488
2023-09-27,115.76677703857422,117.82517510283783,115.67806138708438,116.58303413841799,5147639
2023-09-28,114.8085708618164,116.34350206957568,114.5601453501441,116.03296341089778,4667623
2023-10-09,113.91246032714844,114.80856562925551,112.37754272752021,114.80856562925551,4890631
2023-10-10,112.04926300048828,115.20783418348174,111.9427920272119,115.20783418348174,5676095
2023-10-11,111.8629379272461,113.38898795097722,111.43706082586817,113.38898795097722,4372372
2023-10-12,112.07587432861328,113.01634419445084,111.81857456418686,112.90100572174393,4127813
2023-10-13,108.12767028808594,111.47255372799468,107.05411339052186,111.47255372799468,10014811
2023-10-16,105.60791015625,108.44707506762045,105.43046531076489,108.26074918004804,6694932
2023-10-17,105.68775939941406,106.27333277333791,104.8448795059069,106.02490729536497,3997121
2023-10-18,105.58129119873047,106.92102208323512,105.13767232814756,105.58129119873047,3316956
2023-10-19,102.9461898803711,105.2263905126155,102.57355166866263,105.2263905126155,6417180
2023-10-20,102.05008697509766,104.081862313501,101.58872630564501,102.53807046411332,5210973
2023-10-23,102.14767456054688,103.7979372337093,101.34916604115372,102.01459432003901,3771670
2023-10-24,103.31883239746094,104.1439637686773,101.94361795815819,102.5646816702192,4055936
2023-10-25,105.31511688232422,106.64597349045343,104.59645648004219,105.53692631701242,5525009
2023-10-26,106.32657623291016,106.46853753211488,104.42788785511442,104.60533947912033,3282560
2023-10-27,108.18977355957031,108.67775026133293,105.81197611532414,105.90957280949404,4621801
2023-10-30,108.86406707763672,109.37866658710308,106.71695338941919,108.17202272929278,4101345
2023-10-31,108.33172607421875,109.10362534042979,107.53321075901539,108.89069017940446,3853655
2023-11-01,108.15428924560547,113.28252264995541,108.06556681936402,112.67920067479146,7127694
2023-11-02,106.38868713378906,108.67775549793377,106.16687768527636,107.79939197716793,4991394
2023-11-03,107.453369140625,108.02120078391698,106.03379003239506,106.2910898034316,3268693
2023-11-06,107.9768295288086,108.43819694121409,106.5572505081123,108.24300355666459,4064067
2023-11-07,107.5154800415039,108.13654381216172,107.06298685483185,107.6219510175113,2434587
2023-11-08,107.05411529541016,107.92360454139732,106.4774093764505,107.21381159974126,2922027
2023-11-09,107.6219482421875,108.03007681939327,106.96538739403768,107.08960014496608,2618168
2023-11-10,105.8031005859375,107.61306638938358,105.53692655607402,107.08959260240854,3391653
2023-11-13,105.59017181396484,106.36206436292878,104.80053071842289,105.82972304007053,2841449
2023-11-14,105.27963256835938,106.73470190786637,104.7029266885225,105.44820313452459,3491300
2023-11-15,105.37722778320312,106.42416863070055,105.03120559174175,106.03378861184675,4216942
2023-11-16,104.07299041748047,105.38609849218463,103.62937154403697,105.29737607131328,4245737
2023-11-17,103.24786376953125,104.15284333439418,102.9195833512808,103.62937628892449,3405338
2023-11-20,103.98426818847656,104.3657807159408,102.64454397473537,103.38982048284936,3607369
2023-11-21,106.12252044677734,106.60162970107802,104.00202251348162,104.42789289346824,6200455
2023-11-22,105.51031494140625,106.16687577090768,104.9513575781046,105.73212438591935,2771295
2023-11-23,105.33287048339844,105.50144782796035,104.55209690360603,105.50144782796035,2591527
2023-11-24,104.9602279663086,105.73212047242816,104.69405393511003,105.00458579211715,2590994
2023-11-27,103.36320495605469,104.91587112492246,102.72439264923797,104.69406167222706,3373513
2023-11-28,103.35432434082031,104.11734935280053,102.67115424683597,103.56726627608471,2975306
2023-11-29,102.59130096435547,103.57613543112122,102.1743048982604,103.21237146514744,3083017
2023-11-30,103.4785385131836,104.05524441658116,102.45822049458056,102.81311018674494,3324366
2023-12-01,102.83086395263672,103.71810176625898,101.8549037114697,103.47854376589207,4173656
2023-12-04,101.86376953125,103.18575872542709,101.83715348033547,103.17688445209319,3437741
2023-12-05,98.97137451171875,101.88151327194048,98.67858442729614,101.75730052747394,4684156
2023-12-06,99.99169158935547,101.05638094944456,98.48339012392114,98.98911537001024,4189735
2023-12-07,100.16026306152344,100.47966917393438,98.66082918765464,100.08928242119069,3152702
2023-12-08,99.10445404052734,100.81682317005495,98.95362524749684,100.16914340276544,4629646
2023-12-11,99.3706283569336,99.45935077843491,96.37176718803312,98.01315567761152,6275031
2023-12-12,100.57727813720703,100.70149088840583,98.82054430454393,99.0867183537341,3323200
2023-12-13,96.97509002685547,100.25786703633979,96.70891599080564,100.25786703633979,6351901
2023-12-14,94.9876708984375,97.93329994370514,94.54405202554125,97.42757469936689,5164749
2023-12-15,95.24496459960938,96.98394965847612,94.84571034702928,95.11187759238722,4504118
2023-12-18,95.48452758789062,95.78618516897752,93.81651631194796,94.93443775468386,2800672
2023-12-19,95.20948791503906,96.00800330364389,94.64165625405059,95.47566196760312,2551098
2023-12-20,94.84571838378906,95.82167857097232,94.6948895883971,95.64423372569789,2510616
2023-12-21,95.67085266113281,96.14108760747118,94.3666120248587,94.4908247741146,4257859
2023-12-22,94.77474212646484,96.02575068156281,94.53519089734357,95.69747025660888,4746004
2023-12-25,95.28046417236328,95.60874458617975,94.49082309367083,94.57954551740617,2180259
2023-12-26,94.07381439208984,95.27158396057229,93.86975350712727,95.12075517271532,2247811
2023-12-27,93.39065551757812,94.23352874516188,92.80507530289579,94.0472096138777,3920694
2023-12-28,97.93331146240234,98.43016926146448,93.2664452443699,93.5947189167084,7250040
2023-12-29,97.50743103027344,98.61647822859527,96.71778996659523,98.10187870399308,3703079
2024-01-02,94.2601318359375,97.5695314523032,94.15366764360698,97.50742508374822,4917599
2024-01-03,93.9496078491211,94.97880692161985,93.17770854474702,94.26013971786224,3523684
2024-01-04,90.84427642822266,93.91411835756062,90.50712850618685,93.91411835756062,6515002
2024-01-05,90.2320785522461,91.08383276872294,89.61101482053067,90.5426171871908,4550248
2024-01-08,88.74152374267578,90.3208127476805,88.37775975654603,90.23208355044592,4695491
2024-01-09,89.03430938720703,89.90380538529844,88.51084234900254,88.92784518639908,4351724
2024-01-10,88.94558715820312,89.95703768261482,87.72120146262239,88.74151949106282,3995414
2024-01-11,89.01656341552734,89.69973349183894,87.99623866831233,88.4575993112766,4742051
2024-01-12,87.09126281738281,88.5463322197422,86.64764393205162,88.42211947337641,6358229
2024-01-15,85.87574768066406,87.07351735972506,85.76927670753679,86.84283363582627,5859947
2024-01-16,86.2927474975586,86.40808597091026,84.81992954862636,85.43212577668699,5298870
2024-01-17,83.6931381225586,86.06206127747103,83.6931381225586,86.04431950096665,5069767
2024-01-18,86.23950958251953,86.49680935123122,83.3648610681921,83.43584171523403,7686572
2024-01-19,85.72492218017578,86.62102752109577,85.0683613075708,85.60070942462079,5438689
2024-01-22,84.10126495361328,85.70716307335633,83.40922060961543,85.64505670323054,5965915
2024-01-23,83.72863006591797,84.6247353321069,82.69943101247846,83.81735248833142,6880008
2024-01-24,84.1456298828125,84.68684548349705,82.08723845317341,84.53601668175538,6402919
2024-01-25,85.3522720336914,85.95559399701312,83.4890740428437,83.84397050993067,8323718
2024-01-26,84.13675689697266,85.99108053296652,83.5156864146551,85.17482343298128,8429054
2024-01-29,84.93527221679688,86.63876706080192,84.28758568523844,84.28758568523844,8620531
2024-01-30,82.15821075439453,84.36743076131215,82.15821075439453,84.36743076131215,6714644
2024-01-31,81.01367950439453,82.45988141763006,80.02884502732647,82.06062035528278,6381613
2024-02-01,80.91608428955078,81.89205128044448,80.21517238749031,80.81848759046142,4907059
2024-02-02,80.5168228149414,82.37114639424516,78.34309311600187,81.19999287860948,7406676
2024-02-05,81.77670288085938,82.4421312022121,78.7867159557968,79.67395371760041,8625867
2024-02-06,85.63618469238281,85.92897477460309,81.18225416366,81.4484281964215,9314747
2024-02-07,87.03802490234375,87.03802490234375,84.96189174539528,85.76927460562399,9620953
2024-02-08,87.3929214477539,88.54633327094285,86.2483838977213,87.14449595207311,6934167
2024-02-19,86.94929504394531,89.0609183438557,86.24837644507619,88.64392230875923,6988357
2024-02-20,86.31936645507812,87.37518160417419,85.35227373224765,86.94930448137723,4457722
2024-02-21,90.2143325805664,91.38548611240856,85.63618264849191,86.06205973692846,8861022
2024-02-22,90.76443481445312,90.94187967691938,89.12303937574596,89.78846776362586,4715529
2024-02-23,90.31193542480469,91.78474663576426,89.74410378093025,90.80878642092303,4650769
2024-02-26,88.98995208740234,90.70232127444649,88.6705459449111,90.2853184345781,4080353
2024-02-27,89.06092834472656,89.14965754041238,88.43986458944934,88.90122526921424,4634512
2024-02-28,88.18256378173828,89.90380726776905,88.18256378173828,88.92784704843433,5056458
2024-02-29,89.61101531982422,89.61101531982422,87.65909492148266,87.907520415553,4481996
2024-03-01,89.71748352050781,90.21433449331258,88.90121964778837,89.25611610082898,3962151
2024-03-04,88.20917510986328,89.57552205141384,87.85427865753678,89.57552205141384,4622551
2024-03-05,89.29161071777344,89.50454589220479,87.63247361223263,87.83654128249941,4805575
2024-03-06,88.20030212402344,89.23836859806043,88.03172479660181,89.07866554289426,3387700
2024-03-07,88.10272216796875,89.27387587190454,88.10272216796875,88.31565735893317,3805288
2024-03-08,87.81879425048828,88.88347682802744,87.11787562545841,88.19143247571832,3048999
2024-03-11,89.96591186523438,90.34742437978394,87.86315589865832,87.86315589865832,5594867
2024-03-12,94.2690200805664,94.41984888811432,89.69974387107911,90.16111133651533,9778426
2024-03-13,93.23094177246094,94.62390473002039,92.74295831605073,93.80764764755845,4880394
2024-03-14,93.15997314453125,94.47308812534791,92.62763179466572,92.62763179466572,4074219
2024-03-15,91.59841918945312,94.48194174394355,91.39435830705456,92.56551181226875,8722583
2024-03-18,91.34112548828125,91.54519315327555,90.40065562051176,90.89750660437686,5592793
2024-03-19,92.4945297241211,93.55921225072102,90.7821607016305,91.20803777372232,6478724
2024-03-20,91.70489501953125,92.70747124713506,91.4830855804881,91.95332050820569,3627200
2024-03-21,91.21691131591797,92.70747101329174,90.50712517422234,91.71376906110046,4276489
2024-03-22,89.70861053466797,91.06608322561767,88.87460487342068,90.9862350763086,4808490
2024-03-25,88.04946899414062,89.25611282879228,87.99623689731635,89.11415831423204,4287438
2024-03-26,89.0964126586914,89.1585190300294,87.8720270084195,88.15594281583415,4129400
2024-03-27,87.73007202148438,89.16739970737012,87.73007202148438,88.8302517771888,3186600
2024-03-28,87.48164367675781,88.7060361442899,86.99366695964193,87.71232739469802,4439050
2024-03-29,86.6387710571289,87.9962437850946,85.93785239470414,87.43728641742847,2961876
2024-04-01,89.53116607666016,90.02801705873783,87.10900400085757,87.37517803787745,7031112
2024-04-02,88.81249237060547,90.14334891992249,88.33338320056096,89.52228523787579,4928009
2024-04-03,88.7060317993164,89.75297259827235,88.12932591725745,89.07867002375325,3165359
2024-04-08,85.76040649414062,88.71490313740378,85.70716762471515,88.70603563340538,5912607
2024-04-09,86.77185821533203,86.82509031640679,85.15708571488888,85.15708571488888,3595238
2024-04-10,84.75782012939453,86.6476408458089,84.19886279065766,86.59440197848627,4470015
2024-04-11,84.18111419677734,84.784436129755,83.66652145292413,84.33194975683682,3781744
2024-04-12,82.91236114501953,84.81992357195836,82.77928090402446,84.19885988369293,4074928
2024-04-15,85.3522720336914,85.66281067307193,83.06320369760901,83.32050346701989,4998708
2024-04-16,84.5093994140625,85.67167875170708,84.23435786554194,85.35227260609545,3587579
2024-04-17,85.1748275756836,85.1748275756836,84.23435768730997,84.50939923524857,4164593
2024-04-18,85.77814483642578,87.17110781522881,84.28758516485229,84.90864887422177,4971835
2024-04-19,84.68683624267578,86.04431561748764,84.37630439971352,85.76926732593265,3465629
2024-04-22,86.40808868408203,87.29532648288694,84.89091286041612,84.91752891132631,4721326
2024-04-23,87.66796112060547,87.90751910709834,86.54117214096175,86.9493006993007,5414886
2024-04-24,87.31307220458984,87.9252616629789,86.55004718077787,87.73006827050322,4292500
2024-04-25,87.30419921875,87.73894383716392,86.50568386007039,87.05577372251348,2927982
2024-04-26,88.80362701416016,88.84799161122618,87.39292217941068,87.39292217941068,6193305
2024-04-29,85.05061340332031,85.67167713636208,82.82364469926428,84.28758837753358,24223535
2024-04-30,84.34969329833984,85.26354710511634,84.34969329833984,84.64248338276929,10949775
2024-05-06,87.33968353271484,88.97219769227489,85.10384068225541,85.13933100343105,21859540
2024-05-07,87.3663101196289,87.65022595419398,86.21289823409663,87.41954222327003,7673418
2024-05-08,85.12159729003906,87.20660478072065,84.83768146282821,87.07351775597773,11052307
2024-05-09,85.97334289550781,86.34598114138625,84.91752776309848,84.97075986419908,8245085
2024-05-10,85.67167663574219,86.65651109887284,84.97963226037187,85.98221526953544,5502025
2024-05-13,84.5093994140625,85.22805985714507,83.96818382116987,85.18370202914114,9333510
2024-05-14,84.7933120727539,84.98850546213379,84.00367101141667,84.50939626158869,6418083
2024-05-15,84.99738311767578,85.2901664443106,84.50939962480582,84.73120907263996,5392905
2024-05-16,85.1748275756836,85.96446866480619,84.31420583900035,84.85542143074781,7876259
2024-05-17,86.68312072753906,86.68312072753906,84.9707516929078,85.1748193426476,9360525
2024-05-20,86.57666015625,88.41324200436904,86.40808281981003,86.70087289812575,9983119
2024-05-21,85.9289779663086,86.4790678288741,85.79589094498452,86.47019355569593,5742677
2024-05-22,85.5740737915039,86.04431546037267,85.20143558062962,85.92897022670695,5600922
2024-05-23,85.04173278808594,85.9200962219069,84.86428795447505,85.51196768933265,6999375
2024-05-24,84.74894714355469,85.16594997029911,84.42954778020272,84.9973794002969,5959517
2024-05-27,84.37631225585938,84.94414389845642,83.94156763523382,84.74008299797563,6056404
2024-05-28,83.54231262207031,84.33195370482,83.49794802543119,84.28758910818085,5242421
2024-05-29,83.42696380615234,83.91494727193938,83.23177041983753,83.60441541602344,4322019
2024-05-30,82.88574981689453,83.48907176374668,82.79702739481652,83.25838805107432,5043675
2024-05-31,82.80590057373047,83.4890706607008,82.80590057373047,82.9389875896326,4366579
2024-06-03,82.47762298583984,82.93011614771872,81.96302345029817,82.80590340039308,4797796
2024-06-04,83.04545593261719,83.08982052982815,82.2291987889981,82.47762428757025,4342847
2024-06-05,82.6373291015625,83.23177680982319,82.60183877686357,83.03658340852272,3828472
2024-06-06,81.77670288085938,82.83251798351351,81.48391279488332,82.65507313878756,5082323
2024-06-07,80.933837890625,82.02513665719654,80.73864448025607,81.89205639475192,4916542
2024-06-11,80.09095764160156,80.77413457594189,79.44327780259526,80.77413457594189,7227263
2024-06-12,80.17080688476562,80.72976425307621,79.65620734430293,79.79816863922524,4502649
2024-06-13,80.23291015625,80.41922927181486,79.67395280955546,80.16192951153381,4197399
2024-06-14,80.80074310302734,80.80961737603435,79.49650250356328,79.93124711368898,6509755
2024-06-17,79.77154541015625,80.41922514496582,79.2746876917269,80.25952208709326,6595277
2024-06-18,79.114990234375,80.35712446474885,79.03514208432955,79.85139920720006,7154728
2024-06-19,78.34309387207031,79.22145732500228,78.26323895684742,79.12386063366688,6798935
2024-06-20,76.42666625976562,78.25437402644917,76.42666625976562,78.25437402644917,7739526
2024-06-21,75.63702392578125,76.57749384602319,74.84738280990125,76.36455866521295,7511093
2024-06-24,76.6839599609375,77.43811070403841,73.96901457813946,74.57233652643757,8434800
2024-06-25,77.08321380615234,77.29615574133972,76.09837935544311,76.746065895736,6400082
2024-06-26,77.2519760131836,77.62698702908423,76.3144520498021,77.29884791970855,5450459
2024-06-27,77.13946533203125,77.49572899171294,76.53007336660599,76.93320892963442,3782400
2024-06-28,75.6956787109375,77.39260185683928,75.62068223400148,76.87696084374264,5401000
2024-07-01,75.52692413330078,76.60507806366881,74.74878472168682,75.68630863457383,4360301
2024-07-02,74.96440887451172,76.3144455557757,74.62689970419572,75.29254080322461,6527983
2024-07-03,74.54253387451172,74.98317129086213,73.68938361685618,74.93629223062642,5279675
2024-07-04,73.8956298828125,74.81440640689607,73.76437711547761,74.30814266743036,4268059
2024-07-05,73.5112533569336,74.51440365644154,73.1081177887534,73.68937803631103,4045336
2024-07-08,72.01121520996094,73.67063667380752,71.81433603086293,73.60501028077486,5877197
2024-07-09,72.7518539428711,73.05186130778591,71.27994169114218,71.84245460626498,4938869
2024-07-10,72.82686614990234,74.05502032705995,72.28310050171783,72.47060959733695,4356851
2024-07-11,74.87065887451172,75.24566986329803,73.47375027284086,73.66125219086419,6953761
2024-07-12,75.14254760742188,75.43317774917296,74.7394120143122,74.86128755539549,4608041
2024-07-15,75.08628845214844,75.72380501347486,74.81441280565832,75.00191473139081,3247320
2024-07-16,75.43317413330078,75.8081851337798,74.29877104258816,75.08628770612819,3618386
2024-07-17,77.66447448730469,77.69260621189777,75.01128735318692,75.1894120258392,7499313
2024-07-18,77.43009948730469,78.28324971390924,76.91446560718047,76.98009199747774,5013701
2024-07-19,78.3395004272461,78.37700224427101,76.74571254375854,77.07384450180125,4802749
2024-07-22,77.58010864257812,78.58325900598584,77.24259944061475,78.34887801310796,3933400
2024-07-23,74.8519058227539,77.8801112106546,74.8519058227539,77.58948108633768,4692727
2024-07-24,75.07691955566406,75.54568153018333,74.29877296130445,74.82378408388921,4039667
2024-07-25,75.82693481445312,76.59570417052132,74.53315433309156,74.62690529793107,4466792
2024-07-26,75.80818176269531,76.71758107377676,75.20816704970666,75.82692909315264,3605027
2024-07-29,74.54253387451172,75.87381621341783,74.52377938932129,75.56443158243898,3435445
2024-07-30,74.58003234863281,74.73940970190458,72.93936545230108,74.07376856229307,4183671
2024-07-31,76.68946075439453,77.23321920068517,74.53315284250897,74.58003190036126,5941783
2024-08-01,75.34880065917969,76.53945290038926,75.0300388042737,76.43632469610262,4003934
2024-08-02,75.23628997802734,75.7894256236786,74.73002623386516,74.89878081525255,2291707
2024-08-05,75.19879150390625,77.0082129252747,74.85190508433664,74.90816138245641,4910769
2024-08-06,75.64881134033203,76.40820346627332,75.1894194455925,75.58318494861784,3352893
2024-08-07,75.30192565917969,75.88319310077576,75.05816742202775,75.63943486362382,3141087
2024-08-08,75.6581802368164,76.58633410137335,74.6269053178266,75.06754272070391,4469504
2024-08-09,75.39567565917969,76.3988260170908,75.3863055694889,76.03319224242395,3562500
2024-08-12,74.89878845214844,75.42379957989,74.74878833825377,75.11442210975096,2771470
2024-08-13,74.22377014160156,75.1612941009076,73.85813636969142,74.90816577910064,3138390
2024-08-14,73.62374877929688,74.2143933984605,73.40812229352248,74.15813710208236,1963000
2024-08-15,74.01750946044922,74.29876949312793,73.33312101513195,73.42687197511161,2576695
2024-08-16,73.40812683105469,74.00814157608676,73.26749681052593,73.85813431345875,2822569
2024-08-19,73.28623962402344,74.50502352315027,73.22061323885443,73.31436419584738,2797301
2024-08-20,72.55497741699219,73.48312411831232,72.42372463711823,73.47375402884992,3204502
2024-08-21,72.39559936523438,72.9768596268604,72.29247116022202,72.42372393883048,2310690
2024-08-22,71.6174545288086,72.46122752096056,71.09244340157632,72.36747655577481,4170095
2024-08-23,72.25497436523438,72.46123078959106,71.34557494115657,71.43932591057128,2528917
2024-08-26,72.41434478759766,72.64872576503929,71.93621274358938,72.18934105202084,2413480
2024-08-27,72.6299819946289,72.6299819946289,71.49557886652775,72.09559362597398,2550758
2024-08-28,71.33618927001953,72.51747137274985,70.67992540891359,72.24558858665178,4870496
2024-08-29,72.41434478759766,72.79873302391702,70.8018025183609,70.83930433308034,4923993
2024-08-30,76.76445770263672,78.17074361392683,72.79873543833301,73.35187113012523,19770958
2024-09-02,73.12686920166016,76.21132390195645,73.12686920166016,75.93944109403171,8179943
2024-09-03,72.90186309814453,73.87688884766665,72.3580974998599,73.10811950802767,6102168
2024-09-04,72.42372131347656,73.40812427009543,72.38621949912788,72.44246864428105,3013200
2024-09-05,71.84245300292969,72.60185221650048,71.43931744475297,72.32059218884616,4717523
2024-09-06,70.86742401123047,71.84244966837288,70.8486766815355,71.72057414350732,4256500
2024-09-09,69.34864807128906,70.64242855374555,68.91738791047024,70.64242855374555,5903347
2024-09-10,69.56427764892578,69.808035890677,69.01114192454695,69.37677571080357,3164939
2024-09-11,69.39551544189453,69.7049000433724,68.87988159217106,69.4236471669977,2521424
2024-09-12,68.43924713134766,69.65803110574161,68.43924713134766,69.3017674333317,3746427
2024-09-13,68.35487365722656,68.81425838343641,67.52047077305357,68.43924737821327,5329589
2024-09-18,67.6517333984375,68.25174816958965,67.10796777684952,68.06423908314193,3319156
2024-09-19,68.71113586425781,70.22055009945353,67.38922357082008,67.78298909289678,6195148
2024-09-20,69.13301086425781,69.17988992067988,67.99860779569345,68.55175061996684,3951279
2024-09-23,69.41426849365234,70.37991693949473,68.93612931511522,69.06738208526431,4146043
2024-09-24,72.18933868408203,72.18933868408203,69.18926513233288,69.99553624050414,10087974
2024-09-25,73.10812377929688,74.96441727121726,72.9393691752368,73.12687111186338,11039421
2024-09-26,79.94265747070312,80.10204196512976,72.85497928260793,73.12686206399512,20822476
2024-09-27,85.43655395507812,87.01159445813613,81.56458266339969,82.04272187488337,25812639
2024-09-30,92.99300384521484,93.65864499822789,87.18972824618845,88.94290062569505,30971143
2024-10-08,91.93359375,102.19010777317527,90.07730038497574,102.19010777317527,40260401
2024-10-09,82.86773681640625,90.47105620547973,82.78336309885609,90.47105620547973,24459165
2024-10-10,83.06462097167969,85.93344913747093,81.63021046515414,82.86774179948404,16861984
2024-10-11,81.1989517211914,83.4583807724514,80.40205777618668,82.6896114021454,10483265
2024-10-14,81.1052017211914,81.76146564778337,79.21139927118546,81.19895268888449,10563167
2024-10-15,79.23014831542969,81.4520754234058,79.23014831542969,81.28332083205092,8784063
2024-10-16,78.489501953125,79.8770333178351,77.90823456087418,78.51762652565105,9257444
2024-10-17,77.2519760131836,79.1270239399466,77.16759513705436,78.89264294910122,7797218
2024-10-18,79.66140747070312,81.06769333029354,76.74570754959983,77.25197131738115,12475737
2024-10-21,79.86766815185547,80.11141923059925,78.3770013414324,79.71766088548378,10377225
2024-10-22,81.0864486694336,81.5645879116832,79.53016255054376,79.6801626709563,10870145
2024-10-23,81.30207061767578,82.03333808704195,80.23329398510376,81.09581422319005,8706251
2024-10-24,80.21454620361328,81.03957185048088,79.99891970244747,80.64580635868496,4981632
2024-10-25,80.94581604003906,81.69583807624153,79.98016749652805,79.98016749652805,6358239
2024-10-28,81.76145935058594,82.23959854755726,80.16767156433458,81.47082922729935,9101836
2024-10-29,80.04579162597656,82.19272231237055,80.01766705214337,81.76146215720155,7540032
2024-10-30,79.34264373779297,80.43955211829136,78.84575722364956,79.68015290829408,5970608
2024-10-31,75.3675537109375,76.01444755915489,74.1675241365995,75.00191992352953,20165012
2024-11-01,75.48942565917969,76.2675722579697,74.81441442033041,75.00191635010962,10587569
2024-11-04,77.5051040649414,77.59885503040354,74.95503774902663,75.23629779815319,11487633
2024-11-05,80.76768493652344,80.87081313713098,76.6800801845474,77.28947214648112,14247616
2024-11-06,82.41773223876953,83.23337348129517,79.78328512779765,80.77706535889756,13746018
2024-11-07,88.08036804199219,88.20225072743484,81.34894611581689,81.65833072122398,25863014
2024-11-08,86.111572265625,89.06477410055999,85.50218027544159,88.35225390498832,18171686
2024-11-11,84.33026885986328,85.20216634108672,82.68960209486409,85.20216634108672,14183877
2024-11-12,83.65526580810547,85.87719300785186,83.32712670105046,84.26465065780155,10787614
2024-11-13,83.73963928222656,84.35840852516007,83.06462089093186,83.32712645360422,5702848
2024-11-14,84.33965301513672,86.41158006988438,83.1958726607647,83.60838548437167,12315962
2024-11-15,83.86151885986328,85.51156310107542,83.15837586052601,84.1896579817464,9086036
2024-11-18,82.06147003173828,84.18965339943337,81.86459086096852,83.93651792791505,7655062
2024-11-19,81.75208282470703,82.923987722726,80.23329865462796,82.31460289794802,6773049
2024-11-20,81.90209197998047,82.2864730759996,81.20832626706837,81.7520847162481,4600928
2024-11-21,81.71459197998047,82.08959584267434,81.1895736972767,81.4708337470373,3652290
2024-11-22,79.22077178955078,81.9677171803158,79.17389273212963,81.73333619868991,5392685
2024-11-25,78.98638916015625,80.0645430836915,78.51762720668351,79.22077013689263,4932312
2024-11-26,79.1457748413086,80.11142342270173,78.57388462563567,78.75201647558838,3825820
2024-11-27,80.09266662597656,80.32704759969735,78.63950172781182,78.76138441190002,4491552
2024-11-28,79.77391052246094,80.24267250363249,79.53952953187516,80.10204963147318,3174295
2024-11-29,80.3926773071289,81.56458222414246,79.87703628254697,79.87703628254697,5431940
2024-12-02,81.50833129882812,81.65833140550869,79.41764982528039,79.88641178185937,6393267
2024-12-03,81.00206756591797,81.65833144434471,80.53330560911606,81.65833144434471,4546569
2024-12-04,80.12079620361328,80.97394643456916,79.88641521525047,80.64580732866912,4601850
2024-12-05,79.80204010009766,79.96141745274538,79.33327813155259,79.78328561582146,3363650
2024-12-06,80.3270492553711,80.72080758268051,79.59578174672795,79.79266091038266,4934473
2024-12-09,79.71765899658203,80.46768100518851,79.45515343939175,80.09267000088526,4779583
2024-12-10,80.28955078125,82.99899443382675,80.03642246108717,82.50210788306038,11485650
2024-12-11,80.47705078125,81.1895709713782,79.78328507527094,79.80203955942007,7857174
2024-12-12,81.5177001953125,81.78021289545738,80.08328977360588,80.47704809471365,10399758
2024-12-13,78.68638610839844,81.3770824437801,78.68638610839844,81.3770824437801,14928847
2024-12-16,78.442626953125,78.87388711054975,77.88949125753894,78.5645096440264,7014918
2024-12-17,78.56450653076172,79.0801403896944,78.01136370435489,78.43325375556141,6473799
2024-12-18,78.93951416015625,79.24889878200406,78.28325025266707,78.56451030029966,4950091
2024-12-19,78.47074890136719,78.84575989828295,77.95511503925536,78.76138617916533,5417271
2024-12-20,79.68953704833984,79.83016707367908,78.28325110042796,78.28325110042796,5559096
2024-12-23,78.18949890136719,79.20202648455341,78.07699345232201,79.05201921915985,4831491
2024-12-24,78.03949737548828,78.33950477559972,77.65511624694267,78.1988818948761,5911099
2024-12-25,78.161376953125,78.26450516336264,77.65511314452394,78.03949425771306,3524954
2024-12-26,78.348876953125,78.62075975951387,77.89886230568202,78.09574863144718,3025685
2024-12-27,78.77075958251953,79.08014420444745,77.92699374488359,78.33012933179994,3695912
2024-12-30,77.92699432373047,78.9676464941343,77.74886248201119,78.45200545375756,5025672
2024-12-31,78.3113784790039,79.38015526546687,78.18950293414075,78.18950293414075,8084483
2025-01-02,76.20194244384766,78.28324667349757,75.99568603871265,77.889488347007,7740860
2025-01-03,76.67070770263672,77.43947705769368,76.12694209344664,76.26757211689099,7470973
2025-01-06,75.63943481445312,76.60508336714152,74.5331562345477,75.90194038379673,5551980
2025-01-07,75.7988052368164,75.92068792052844,74.91753764220908,75.8175597201904,3533906
2025-01-08,75.09566497802734,76.17381892255612,74.35502021879002,75.65817790259977,4241039
2025-01-09,75.08628845214844,75.82693321844971,74.23314539150365,74.93628834211044,2904142
2025-01-10,73.4268798828125,75.13317328806446,73.38937806423394,75.00192049940972,4916535
2025-01-13,73.70813751220703,74.02689223048995,72.94873822835955,73.12687007254135,3200394
2025-01-14,75.34880065917969,75.42379713732822,73.67063196993506,73.70813378537929,4150547
2025-01-15,74.97378540039062,75.55504562492182,74.86127996044611,75.25503827114262,2737100
2025-01-16,74.78628540039062,75.30192645505802,74.39252704195755,75.1800509115641,3184168
2025-01-17,75.00191497802734,75.37692598346548,74.53315300941468,74.59877939891085,2537526
2025-01-20,75.33004760742188,76.0800696250876,75.07691928928523,75.18941758501704,4460201
2025-01-21,75.17066955566406,75.56442789255115,74.83316036612085,75.46129968726072,2550358
2025-01-22,74.701904296875,75.12378718885198,74.54252695126056,75.001911657395,2324058
2025-01-23,75.01129913330078,75.61131393620391,74.92691825174906,75.03004646656747,3727094
2025-01-24,75.4144287109375,75.4144287109375,74.45815027787319,74.81441395607915,4492094
2025-01-27,75.69441986083984,75.713726420363,74.88340440488395,75.69441986083984,4456768
2025-02-05,74.4585952758789,75.75234840659414,74.24618628639324,75.69442136077242,3882023
2025-02-06,74.72892761230469,74.94133659127668,74.24618261140621,74.4103141438467,2974631
2025-02-07,75.1923599243164,75.85855039366184,74.29445391323945,74.51651985838934,5029922
2025-02-10,74.90271759033203,75.40476916012115,74.75789261397415,75.20201713966183,4517784
2025-02-11,74.4972152709961,75.0668508607689,74.36203988812845,74.95098940378425,3037369
2025-02-12,74.72892761230469,74.79651161778631,74.17859860592459,74.39100758489658,3510220
2025-02-13,76.07096099853516,76.65991051116286,74.57444849278848,74.76755092010337,9924949
2025-02-14,75.87786102294922,76.24475196365012,75.51097744835297,75.79097045242827,4362587
2025-02-17,75.88751220703125,76.71783419282106,75.67510322934956,76.0806146258801,4450133
2025-02-18,75.25029754638672,76.37026218431501,75.00892503166631,75.59787455687247,4845727
2025-02-19,75.27925872802734,75.46270419066227,74.54548424359197,75.2309812801431,3911287
2025-02-20,75.16339874267578,75.63648680355496,74.92202623074292,75.1151286599519,3025799
2025-02-21,76.13854217529297,77.55781365733688,75.54959268456585,75.59787013112545,7244165
2025-02-24,76.60197448730469,77.15231086898825,75.69441887939584,76.10957988175244,6108393
2025-02-25,75.2213363647461,76.22543957506747,75.18271587725607,76.22543957506747,4096496
2025-02-26,75.68476104736328,75.83924298418863,75.1923590813627,75.22132996909558,3742863
2025-02-27,76.23509216308594,76.59232612728722,75.40477014496734,75.59787257133469,5696286
2025-02-28,74.6903076171875,77.00748510988815,74.64203017033999,76.17716311361954,9027908
2025-03-03,74.44893646240234,76.32198946919704,74.24618444096131,74.72892945375547,7273942
2025-03-04,73.55103302001953,74.33307761098308,73.1937990462425,74.33307761098308,6685241
2025-03-05,73.80206298828125,73.94688060527025,73.13587248571335,73.49310646186368,3801773
2025-03-06,74.4585952758789,74.65169033935433,73.66689372986248,73.9565363250756,5409618
2025-03-07,75.14408874511719,75.32752683684319,74.03377376779973,74.2461827471601,6308616
2025-03-10,74.7096176147461,75.16339911802268,74.48755902767746,74.85444259584993,4318162
2025-03-11,75.57855987548828,75.57855987548828,74.16894528753868,74.2751497822428,6339352
2025-03-12,74.18824768066406,75.79096460810686,74.16894112184971,75.58821259308773,10216493
2025-03-13,74.02411651611328,74.72892745704655,73.89860546793793,74.24618245715104,5010100
2025-03-14,76.29302215576172,77.09438068241428,74.05308548608438,74.05308548608438,18996185
2025-03-17,76.18682098388672,76.99782906463686,75.79096654011276,76.65990903099097,9506724
2025-03-18,75.65579986572266,76.5247423719807,75.48201136447105,76.447501401179,6267415
2025-03-19,75.54959869384766,76.20613224231697,75.32753273455602,75.7137302394388,4657909
2025-03-20,74.95098876953125,75.54959524306301,74.88340476172156,75.53028868344784,5879781
2025-03-21,74.62272644042969,75.60752304495928,74.42962401182278,74.95098951990472,6880355
2025-03-24,74.24618530273438,74.80617129194036,73.8599878147956,74.63238279067313,5951600
2025-03-25,74.37169647216797,74.43928048020524,73.92757193847955,74.24618541898573,4634136
2025-03-26,74.3620376586914,74.43927862769876,74.05308114876627,74.22686964598067,3607197
2025-03-27,74.65168762207031,74.82547611931417,73.93722707389185,74.13997909299232,4120042
2025-03-28,74.2944564819336,74.80617239651842,74.08205485823017,74.5841064436907,3334819
2025-03-31,73.61861419677734,74.46824276456228,73.47378922021856,74.16894321481728,4265124
2025-04-01,73.76344299316406,74.02412207158565,73.54137703546037,73.85033356393637,3138393
2025-04-02,73.7730941772461,73.93722570880603,73.5799917582602,73.76343721477078,2220464
2025-04-03,74.10136413574219,74.45859811952981,73.35794001025472,73.49310803307063,3920138
2025-04-07,70.86697387695312,72.97174256178991,69.70838135259707,72.55658152963066,13772355
2025-04-08,71.89038848876953,72.08349091910296,70.70283984816325,71.05040949055434,9826576
2025-04-09,72.99104309082031,73.28069303950025,71.18558149117518,71.23385157188571,8450335
2025-04-10,72.78829193115234,73.27103694057297,72.29588995903413,73.07794188324642,7311641
2025-04-11,71.53315734863281,72.44072039186142,71.2048942532296,72.41175686769111,8473243
2025-04-14,71.07937622070312,71.85176379852946,70.86696724281705,71.63935482064338,9324573
2025-04-15,70.91523742675781,70.94420831423348,70.4904268364682,70.85731038401471,6473270
2025-04-16,70.49043273925781,70.77042574613597,69.83389919081019,70.76076878283541,7989639
2025-04-17,70.84765625,71.03110171414907,69.9014801389356,69.99802766939663,5507946
2025-04-18,70.7221450805664,70.95386062651228,70.11388901016936,70.65456107274451,3863493
2025-04-21,70.51939392089844,70.72214594684765,70.42284638941373,70.62559841536294,3304010
2025-04-22,70.36491394042969,70.65456390906789,70.22009632221527,70.44215491421383,3516050
2025-04-23,70.22974395751953,70.57732096373407,70.09457594022548,70.48077343225324,4807737
2025-04-24,69.87252044677734,70.37457205235958,69.7759655449188,70.26836755319904,5319529
2025-04-25,69.94010162353516,70.23940118207163,69.84354672559027,69.87251761463645,3670759
2025-04-28,69.22563171386719,69.99802667883398,69.14839811025395,69.94974923123443,5166438
2025-04-29,66.45468139648438,67.03397394879264,64.70713941052041,64.70713941052041,13270790
2025-04-30,66.23261260986328,66.79259857843073,66.1553716419014,66.35813102432738,6038771
2025-05-06,66.41606140136719,66.6767404736946,65.6629803411941,66.3291634665217,6988496
2025-05-07,66.71536254882812,67.41051657973303,66.42571994668754,66.91811458015793,5501303
2025-05-08,66.78294372558594,67.14983465194291,66.30985567255676,66.42571712815966,5113948
2025-05-09,66.42572021484375,66.89880828985648,66.41606325156867,66.71536281815361,4427812
2025-05-12,66.6091537475586,66.74432175971118,66.38709517020972,66.61881071017069,4108065
2025-05-13,66.83122253417969,66.95673358905974,66.62847050732522,66.86018605714396,4166495
2025-05-14,67.32362365722656,68.03808422354199,66.42571762635679,66.82156471195292,6893208
2025-05-15,66.5029525756836,67.42017255089377,66.5029525756836,67.14983651309863,4616663
2025-05-16,65.95262145996094,66.69605290658936,65.9043513782203,66.50295048131377,4750273
2025-05-19,65.38298797607422,65.6050465646325,65.03541096553512,65.4602289486617,5263579
2025-05-20,65.74987030029297,66.02986329603635,65.36367281078125,65.3926436995308,4057546
2025-05-21,65.7788314819336,66.03951790867082,65.65332043290348,65.6822839545178,3209421
2025-05-22,65.41194915771484,65.81745320012642,65.36367171004972,65.75952615581171,3631348
2025-05-23,65.0064468383789,65.5567758722687,64.97748331545384,65.50849842332393,4497913
2025-05-26,64.39818572998047,64.91955125986908,64.11820008747257,64.86162421191638,6816511
2025-05-27,64.08922576904297,64.78437977170833,63.944408156908004,64.30163475498009,4342988
2025-05-28,63.394081115722656,64.15681178384293,63.27821965628566,64.09888473717673,7600369
2025-05-29,63.751304626464844,63.75130462646485,62.756851087804016,63.32648666194789,6388776
2025-05-30,63.43269348144531,63.79958441557865,63.297525463429196,63.52924837954642,4070961
2025-06-03,63.751304626464844,63.97337057139987,63.04650103926635,63.23959609617174,5202524
2025-06-04,64.1954345703125,64.38853700962596,63.780273533419646,63.780273533419646,4317507
2025-06-05,64.34991455078125,64.5912870679514,64.05060762053911,64.28233054061779,4130556
2025-06-06,64.80369567871094,64.97748418469071,64.17612566455597,64.34991417053573,5134728
2025-06-09,64.62024688720703,64.87127635318352,64.5236993590943,64.68783089349637,3933024
2025-06-10,64.08922576904297,64.79403673455212,64.002335201762,64.62024823388577,3799037
2025-06-11,64.46576690673828,64.68783285763404,64.12784686503123,64.137503827967,3462838
2025-06-12,63.52924728393555,64.50438691621984,63.45200631322856,64.46576643086635,5996292
2025-06-13,61.62723159790039,63.45200720129206,61.607921354953376,63.33614574361,12426546
2025-06-16,63.60647964477539,63.9830201619786,60.99000258359994,61.13482755931754,10474642
2025-06-17,63.50027847290039,64.16646897636147,63.239599395866065,63.56786248295408,6060821
2025-06-18,64.20508575439453,64.61058979129412,63.799581717494945,63.983019810699496,7015279
2025-06-19,63.43269348144531,64.2243950295845,63.23959841745216,63.89613194757523,4504853
2025-06-20,63.65475845336914,64.58162800523786,63.529247400318646,63.635451893709224,8288121
2025-06-23,63.07546615600586,63.81889024660318,62.756852674562246,63.287875143634935,7340676
2025-06-24,63.413387298583984,63.84785487820447,63.15270822403261,63.23959879351487,6143922
2025-06-25,64.06026458740234,64.069921550599,62.863058964679205,63.480972019381774,7667384
2025-06-26,64.822998046875,65.5567725097935,63.81888756238233,64.06026006251699,11090623
2025-06-27,63.90999984741211,64.91000366210938,63.630001068115234,64.9000015258789,8560200
2025-06-30,64.55000305175781,64.91999816894531,63.88999938964844,63.97999954223633,5643019
2025-07-01,64.63999938964844,64.87999725341797,64.0999984741211,64.3499984741211,3643741
2025-07-02,65.06999969482422,65.62999725341797,64.51000213623047,64.72000122070312,6630845
2025-07-03,65.20999908447266,65.44999694824219,64.68000030517578,65.08000183105469,4946891
2025-07-04,65.19999694824219,65.38999938964844,64.91000366210938,65.08000183105469,4294987
2025-07-07,64.80000305175781,65.43000030517578,64.76000213623047,65.20999908447266,4421015
2025-07-08,65.5199966430664,65.5999984741211,64.69000244140625,64.8499984741211,6934858
2025-07-09,65.37000274658203,66.19000244140625,65.30999755859375,65.44999694824219,6065586
2025-07-10,66.33999633789062,66.36000061035156,65.27999877929688,65.43000030517578,5815961
2025-07-11,66.30999755859375,66.98999786376953,66.0999984741211,66.16000366210938,7728823
2025-07-14,66.69999694824219,66.88999938964844,65.9000015258789,66.25,4466008
2025-07-15,66.26000213623047,66.68000030517578,65.66000366210938,66.43000030517578,5033981
2025-07-16,66.80999755859375,66.94999694824219,66.1500015258789,66.1500015258789,4583601
2025-07-17,67.58999633789062,67.63999938964844,66.81999969482422,66.87999725341797,5670468
2025-07-18,69.20999908447266,69.58999633789062,67.51000213623047,67.58000183105469,10404156
2025-07-21,68.37999725341797,69.2699966430664,68.18000030517578,69.25,5727676
2025-07-22,69.52999877929688,69.56999969482422,68.19999694824219,68.5,7111613
2025-07-23,68.77999877929688,69.83000183105469,68.72000122070312,69.55999755859375,6235726
2025-07-24,68.88999938964844,68.91999816894531,68.4000015258789,68.52999877929688,4568797
2025-07-25,68.30000305175781,69.02999877929688,68.1500015258789,68.91999816894531,5244668
2025-07-28,68.2300033569336,68.29000091552734,67.61000061035156,68.29000091552734,4705701
2025-07-29,67.94000244140625,68.52999877929688,67.58000183105469,68.0999984741211,4557336
2025-07-30,68.5,69.0,67.66000366210938,67.91999816894531,6020687
2025-07-31,67.45999908447266,68.56999969482422,67.36000061035156,68.25,6735201
2025-08-01,68.19999694824219,68.36000061035156,67.3499984741211,67.5,5035702
2025-08-04,68.01000213623047,68.12999725341797,67.62000274658203,67.91000366210938,3086914
2025-08-05,68.76000213623047,68.80000305175781,67.91999816894531,68.0,4512847
2025-08-06,68.80000305175781,68.98999786376953,68.20999908447266,68.69999694824219,3308260
2025-08-07,69.01000213623047,69.13999938964844,68.5999984741211,68.80000305175781,3590701
2025-08-08,68.79000091552734,69.29000091552734,68.66000366210938,69.0,3468814
2025-08-11,69.68000030517578,69.97000122070312,68.6500015258789,68.79000091552734,5197761
2025-08-12,69.25,69.95999908447266,69.19999694824219,69.69000244140625,4560291
2025-08-13,68.87999725341797,69.44999694824219,68.80000305175781,69.19000244140625,4645541
2025-08-14,69.69000244140625,71.19999694824219,68.87999725341797,69.0,9158996
2025-08-15,69.88999938964844,69.94000244140625,68.94000244140625,69.5,5998327
2025-08-18,69.83999633789062,70.3499984741211,69.6500015258789,69.87999725341797,6269679
2025-08-19,73.58000183105469,74.08000183105469,69.5,69.5999984741211,28079564
2025-08-20,73.37999725341797,74.80000305175781,72.45999908447266,72.98999786376953,15706919
2025-08-21,72.18000030517578,73.58999633789062,71.91999816894531,73.4000015258789,9545347
2025-08-22,72.16000366210938,72.4000015258789,71.54000091552734,72.0,7752757
2025-08-25,74.2699966430664,74.87999725341797,72.16999816894531,72.18000030517578,13678400
2025-08-26,74.41999816894531,75.22000122070312,73.41999816894531,74.2300033569336,9723909
2025-08-27,72.5199966430664,74.27999877929688,72.5,74.2300033569336,9266931
2025-08-28,72.86000061035156,73.7300033569336,71.0,72.5,8804206
2025-08-29,73.91000366210938,74.5,72.86000061035156,72.86000061035156,8799639
2025-09-01,73.8499984741211,74.33000183105469,73.16999816894531,73.9000015258789,7158638
2025-09-02,73.7300033569336,75.5,73.51000213623047,73.70999908447266,9249827
2025-09-03,72.4000015258789,74.9000015258789,72.30000305175781,73.94999694824219,6188441
2025-09-04,72.76000213623047,72.86000061035156,71.43000030517578,72.30000305175781,6028939
2025-09-05,73.0,73.12999725341797,71.80000305175781,72.68000030517578,4446736
2025-09-08,73.66000366210938,73.86000061035156,72.69999694824219,72.8499984741211,6241344
2025-09-09,73.7699966430664,73.80000305175781,72.91999816894531,73.30999755859375,4558462
2025-09-10,73.30999755859375,74.33000183105469,73.02999877929688,73.7300033569336,4890250
2025-09-11,73.54000091552734,74.19999694824219,72.94000244140625,73.16000366210938,5922844
2025-09-12,72.63999938964844,74.48999786376953,72.54000091552734,73.55000305175781,6661345
2025-09-15,72.12999725341797,72.7300033569336,71.9000015258789,72.3499984741211,4860419
2025-09-16,71.80000305175781,72.4000015258789,71.37999725341797,72.13999938964844,4650028
2025-09-17,71.58999633789062,72.19999694824219,71.4000015258789,71.80999755859375,4075197
2025-09-18,70.12999725341797,71.62000274658203,69.80000305175781,71.58999633789062,6312216
2025-09-19,70.44999694824219,70.69999694824219,69.80999755859375,70.0,4898008
2025-09-22,69.77999877929688,70.66000366210938,69.56999969482422,70.37000274658203,4098062
2025-09-23,69.31999969482422,69.94999694824219,68.9000015258789,69.69999694824219,4151884
2025-09-24,69.11000061035156,69.51000213623047,69.0199966430664,69.19999694824219,3131432
2025-09-25,68.3499984741211,69.19000244140625,68.22000122070312,69.11000061035156,4625358
2025-09-26,67.94999694824219,68.63999938964844,67.80000305175781,68.33000183105469,4319187
2025-09-29,68.81999969482422,69.12999725341797,67.5,67.95999908447266,4918897
2025-09-30,67.94000244140625,68.69000244140625,67.94000244140625,68.61000061035156,4019684
2025-10-09,67.61000061035156,67.94999694824219,67.05000305175781,67.94000244140625,4961974
2025-10-10,67.6500015258789,68.0,67.37999725341797,67.62000274658203,4463030
2025-10-13,66.9800033569336,67.19999694824219,66.62999725341797,66.9800033569336,4200873
2025-10-14,68.7699966430664,68.8499984741211,67.05000305175781,67.29000091552734,8769102
2025-10-15,69.30000305175781,69.66000366210938,68.26000213623047,68.5,5120770
2025-10-16,70.47000122070312,70.58000183105469,69.0999984741211,69.16999816894531,6223678
2025-10-17,70.0,70.6500015258789,69.77999877929688,70.45999908447266,4866110
2025-10-20,70.18000030517578,70.22000122070312,69.55999755859375,70.08000183105469,3119699
2025-10-21,69.94999694824219,70.30000305175781,69.76000213623047,69.9000015258789,2370902
2025-10-22,69.72000122070312,70.13999938964844,69.54000091552734,69.87999725341797,2418828
2025-10-23,70.1500015258789,70.27999877929688,69.58000183105469,69.69999694824219,2700880
2025-10-24,69.22000122070312,70.37000274658203,69.18000030517578,70.18000030517578,3765360
2025-10-27,69.7699966430664,69.9800033569336,68.83000183105469,69.1500015258789,3394624
2025-10-28,69.62999725341797,70.08000183105469,69.5,69.76000213623047,2493974
2025-10-29,69.38999938964844,69.62000274658203,68.94999694824219,69.54000091552734,2944748
2025-10-30,70.81999969482422,71.5,69.27999877929688,69.38999938964844,8111245
2025-10-31,70.80000305175781,71.4800033569336,69.30000305175781,69.33000183105469,9619258
2025-11-03,70.9000015258789,71.54000091552734,69.30999755859375,70.66000366210938,6439133
2025-11-04,70.55999755859375,71.48999786376953,70.30000305175781,70.9000015258789,4871900
2025-11-05,69.80999755859375,70.70999908447266,69.55999755859375,70.30000305175781,3467272
2025-11-06,70.08999633789062,70.66000366210938,69.80999755859375,69.80999755859375,2630691
2025-11-07,69.45999908447266,70.29000091552734,69.41000366210938,69.8499984741211,2784446
2025-11-10,71.55000305175781,71.98999786376953,69.4000015258789,69.41000366210938,8159120
2025-11-11,70.80000305175781,71.55000305175781,70.41999816894531,71.48999786376953,4953035
2025-11-12,70.30000305175781,71.30000305175781,70.0999984741211,70.6500015258789,3655820
2025-11-13,70.38999938964844,70.5999984741211,69.81999969482422,70.19999694824219,4758716
2025-11-14,69.87999725341797,71.0,69.81999969482422,70.19999694824219,3559265
2025-11-17,68.45999908447266,69.8499984741211,68.23999786376953,69.8499984741211,6531928
2025-11-18,68.98999786376953,69.26000213623047,68.30999755859375,68.45999908447266,4383801
2025-11-19,68.4800033569336,68.94999694824219,68.19999694824219,68.61000061035156,2671944
2025-11-20,68.26000213623047,68.9000015258789,68.0999984741211,68.5,2489683
2025-11-21,66.94999694824219,68.56999969482422,66.9000015258789,68.19999694824219,5554994
2025-11-24,66.5,67.25,66.5,66.98999786376953,4374095
2025-11-25,65.70999908447266,66.8499984741211,65.55999755859375,66.6500015258789,7112085
2025-11-26,66.13999938964844,66.26000213623047,65.69999694824219,65.77999877929688,3965115
2025-11-27,66.05999755859375,66.27999877929688,65.69999694824219,66.16999816894531,2504100
2025-11-28,66.19999694824219,66.31999969482422,65.81999969482422,65.91000366210938,2304387
2025-12-01,65.5,66.19999694824219,65.31999969482422,66.16999816894531,5830932
2025-12-02,63.90999984741211,65.5999984741211,63.79999923706055,65.51000213623047,8456960
2025-12-03,63.400001525878906,64.06999969482422,63.11000061035156,63.83000183105469,5644510
2025-12-04,62.33000183105469,63.380001068115234,62.15999984741211,63.369998931884766,6472834
2025-12-05,62.86000061035156,63.0,62.16999816894531,62.34000015258789,5729092
2025-12-08,62.75,63.029998779296875,62.619998931884766,62.84000015258789,3492980
2025-12-09,62.09000015258789,62.849998474121094,61.970001220703125,62.7599983215332,3821976
2025-12-10,62.97999954223633,63.0,61.70000076293945,61.84000015258789,4698858
2025-12-11,62.43000030517578,63.04999923706055,62.349998474121094,62.900001525878906,3103892
2025-12-12,62.45000076293945,62.97999954223633,62.02000045776367,62.66999816894531,5034480
2025-12-15,62.31999969482422,63.04999923706055,62.310001373291016,62.97999954223633,4596084
2025-12-16,62.380001068115234,62.59000015258789,61.79999923706055,62.0099983215332,3836210
2025-12-17,62.380001068115234,62.58000183105469,62.0,62.38999938964844,3539018
2025-12-18,62.040000915527344,62.47999954223633,62.0099983215332,62.310001373291016,3650633
2025-12-19,62.75,62.7599983215332,61.91999816894531,62.099998474121094,3690946
2025-12-22,62.54999923706055,62.869998931884766,62.5,62.7400016784668,2584643
2025-12-23,62.13999938964844,62.650001525878906,62.08000183105469,62.54999923706055,2699361
2025-12-24,62.099998474121094,62.16999816894531,61.84000015258789,62.13999938964844,2774666
2025-12-25,62.689998626708984,62.9900016784668,62.029998779296875,62.11000061035156,3790061
2025-12-26,62.130001068115234,62.5099983215332,61.88999938964844,62.5099983215332,4625330
2025-12-29,61.470001220703125,62.18000030517578,61.349998474121094,62.130001068115234,4647769
2025-12-30,61.189998626708984,61.40999984741211,61.040000915527344,61.400001525878906,3207291
