Date,Close,High,Low,Open,Volume
2000-01-03,0.8055738806724548,0.8176578653662037,0.7975186514496769,0.8075882929794428,0
2000-01-04,0.8245048522949219,0.8257136101516895,0.8031574362686097,0.8257136101516895,6271603
2000-01-05,0.8369914889335632,0.8539087078561205,0.8096020779713046,0.8325607360591757,12936196
2000-01-06,0.8772704005241394,0.8825061845751815,0.8140326333911464,0.8208797257661741,24551251
2000-01-07,0.9143263697624207,0.9163407819498,0.8800899363090825,0.8853257209070472,34876497
2000-01-10,0.9147294163703918,0.9465495073864354,0.9062710844587007,0.9252015380567762,29998324
2000-01-11,0.8462554216384888,0.9223821413166822,0.8458528710919272,0.9147294632090069,19946736
2000-01-12,0.8438391089439392,0.8780755431387581,0.837394566265172,0.8478666888319099,10594540
2000-01-13,0.8257138133049011,0.8438392393182161,0.823699400762665,0.8377971771227299,5510592
2000-01-14,0.8212827444076538,0.8377968553012852,0.8176576467688906,0.8365887198983191,4596408
2000-01-17,0.8317550420761108,0.8377970340971175,0.8055738372247626,0.8257136723421155,4220683
2000-01-18,0.8410196304321289,0.8619644969983089,0.8341719843288605,0.8341719843288605,5016470
2000-01-19,0.8982152342796326,0.8982152342796326,0.8377969130854385,0.8458527629971884,16457198
2000-01-20,0.9501745104789734,0.9787726732799855,0.8780753814624223,0.8933813576495256,87283756
2000-01-21,0.9256044626235962,0.9968980000062748,0.9195624721816635,0.9521882802235282,53170459
2000-01-24,0.8929790258407593,0.9384938619183696,0.8780755964897039,0.9211740919167247,17747755
2000-01-25,0.9296321868896484,0.9384936214843983,0.8861311520229691,0.8962007912049854,26966404
2000-01-26,0.9425219297409058,0.9618554870479556,0.9082848760680935,0.9344661483388913,25618435
2000-01-27,0.9179514646530151,0.9465495628482125,0.9062711375604185,0.9304379991326932,12400099
2000-01-28,0.9183546900749207,0.9384939053882805,0.9143264874685979,0.9223822703941555,34032240
2000-01-31,0.9183546900749207,0.9384939053882805,0.9143264874685979,0.9223822703941555,0
2000-02-01,0.9183546900749207,0.9384939053882805,0.9143264874685979,0.9223822703941555,0
2000-02-02,0.9183546900749207,0.9384939053882805,0.9143264874685979,0.9223822703941555,0
2000-02-03,0.9183546900749207,0.9384939053882805,0.9143264874685979,0.9223822703941555,0
2000-02-04,0.9183546900749207,0.9384939053882805,0.9143264874685979,0.9223822703941555,0
2000-02-07,0.9183546900749207,0.9384939053882805,0.9143264874685979,0.9223822703941555,0
2000-02-08,0.9183546900749207,0.9384939053882805,0.9143264874685979,0.9223822703941555,0
2000-02-09,0.9183546900749207,0.9384939053882805,0.9143264874685979,0.9223822703941555,0
2000-02-10,0.9183546900749207,0.9384939053882805,0.9143264874685979,0.9223822703941555,0
2000-02-11,0.9183546900749207,0.9384939053882805,0.9143264874685979,0.9223822703941555,0
2000-02-14,1.0101898908615112,1.0101898908615112,0.9183546348095709,0.9344662688341193,69374851
2000-02-15,0.9767582416534424,1.0532881210402414,0.9666886717043379,1.015023492490289,61239787
2000-02-16,0.9405074119567871,1.0029395206614338,0.9264101936601004,0.9868278905254471,39395995
2000-02-17,0.8982152342796326,0.9727307051039632,0.8780754020712841,0.9465494348912454,53463340
2000-02-18,0.9179514646530151,0.9397019857830653,0.8941871536302765,0.9078818237595664,21500179
2000-02-21,0.9537999629974365,0.9614526427935388,0.8857290100988405,0.9231879992387512,34500873
2000-02-22,0.9102987051010132,0.9626611827576016,0.9062711253698126,0.958632980739404,15164611
2000-02-23,0.8865343332290649,0.905465408662499,0.8788811025518435,0.894187079905322,10121025
2000-02-24,0.8941870927810669,0.894187092781067,0.8764647749293987,0.8764647749293987,6939100
2000-02-25,0.8861312866210938,0.9062711211881594,0.878075504908866,0.9022429191885485,9233208
2000-02-28,0.8925760388374329,0.9022431312791515,0.8784788150994415,0.884117704594638,12013920
2000-02-29,0.9058679938316345,0.9264103092611954,0.8772704500443235,0.8933814599038046,23317545
2000-03-01,0.8901594281196594,0.9183544893386376,0.8853256413630614,0.905465405418298,12184329
2000-03-02,0.8817007541656494,0.9018405230375589,0.8780756552316953,0.8901596410122612,11354356
2000-03-03,0.8861312866210938,0.9102987009007762,0.8817006032222184,0.8861312866210938,15146467
2000-03-06,0.9046598672866821,0.9264103893354644,0.8845206537921141,0.9066737264074358,19301227
2000-03-07,0.9223820567131042,0.925604604223018,0.8881456267836113,0.8982152666790412,14240404
2000-03-08,0.909090518951416,0.9344661367089012,0.8982152937084914,0.9304379349145423,13055126
2000-03-09,0.8949928283691406,0.9256047171580541,0.8929789692873331,0.9123125972739039,12215088
2000-03-10,0.8821036219596863,0.9062710339119864,0.8780754203480011,0.894992705514801,11071641
2000-03-13,0.873242199420929,0.8966039575580053,0.8680057930795634,0.8901594156878389,9778276
2000-03-14,0.8547141551971436,0.8700201309787732,0.8236991000149756,0.8700201309787732,13204944
2000-03-15,0.8398107886314392,0.8551167654836519,0.8357831401670419,0.8547142149804894,9614880
2000-03-16,0.8051713109016418,0.8398109184240075,0.7975186324362828,0.837797059309071,10214640
2000-03-17,0.8369914889335632,0.8458529255393337,0.805171325096917,0.805171325096917,11109484
2000-03-20,0.8498805165290833,0.8599501581263447,0.825713722410683,0.8337695048314976,7751664
2000-03-21,0.8434359431266785,0.852297378800654,0.836991400922509,0.852297378800654,5604724
2000-03-22,0.8418245911598206,0.8559223635740955,0.8337693632508907,0.8458527928297319,5573016
2000-03-23,0.9260072708129883,0.9260072708129883,0.8458528995403578,0.8458528995403578,45147369
2000-03-24,0.9002290964126587,0.9465495111348761,0.8982153066299906,0.9344661501518959,44403724
2000-03-27,0.9606475234031677,0.9767585359467685,0.8962010532234476,0.8982154656497179,81187617
2000-03-28,0.9304380416870117,0.9989120868951822,0.9256047382945025,0.9646750297195951,70702718
2000-03-29,0.9002290964126587,0.9465495111348761,0.8861312542170422,0.9465495111348761,31122316
2000-03-30,0.9219796657562256,0.934063096529661,0.8873400596333741,0.9014372802973812,76249310
2000-03-31,0.898617684841156,0.922381991837105,0.890159353867099,0.922381991837105,16284110
2000-04-03,0.8925760388374329,0.9062713342256735,0.8901596978708508,0.8986180321136457,11716732
2000-04-04,0.901840329170227,0.9304379415959922,0.8901594496559513,0.8925757899487534,12563107
2000-04-05,0.9014373421669006,0.91835463041182,0.8905621154383941,0.9018404458876843,6727953
2000-04-06,0.9135215878486633,0.9143266200281559,0.9026462896939056,0.9042569763400689,7670289
2000-04-07,0.9143263697624207,0.9264103537386645,0.9046598325256339,0.9183545718501712,8663673
2000-04-10,0.9171463847160339,0.9243965816410075,0.9094931532312208,0.9243965816410075,10021118
2000-04-11,0.9046598672866821,0.9223821870929324,0.8978122899322966,0.9211740513922894,8029137
2000-04-12,0.8966040015220642,0.9102986709534203,0.8941871080590093,0.9102986709534203,7148995
2000-04-13,0.9022427797317505,0.9123124188868539,0.8966038924336746,0.8982152006416638,8833104
2000-04-14,0.9119101166725159,0.9243966523960488,0.9030486796889413,0.9062712278392636,18673243
2000-04-17,0.923187792301178,0.9384937707496023,0.9123125664263237,0.9143263562970378,17978529
2000-04-18,0.9163405299186707,0.9384935264467917,0.904256480123034,0.9264100989379918,16011936
2000-04-19,0.9131184220314026,0.9243967540826192,0.9022431246152098,0.9183547608510324,18094564
2000-04-20,0.9227854013442993,0.933660698242948,0.910298864841429,0.9143265144224063,15876000
2000-04-21,0.909090518951416,0.9344661367089012,0.9022428732158878,0.9264102862641499,6990134
2000-04-24,0.9006317257881165,0.9183545985731164,0.898215385266361,0.9102987473072073,8628912
2000-04-25,0.8821036219596863,0.9082848235743618,0.8684088842536358,0.9022428323003013,11218104
2000-04-26,0.8853257894515991,0.8982154286719474,0.881298140196023,0.8821037945045495,6595329
2000-04-27,0.8607559204101562,0.8945904320798364,0.8559226162945279,0.8945904320798364,20534040
2000-04-28,0.8921734094619751,0.9022430516518909,0.8619646211782465,0.8619646211782465,57696278
2000-05-01,0.8921734094619751,0.9022430516518909,0.8619646211782465,0.8619646211782465,0
2000-05-02,0.8921734094619751,0.9022430516518909,0.8619646211782465,0.8619646211782465,0
2000-05-03,0.8921734094619751,0.9022430516518909,0.8619646211782465,0.8619646211782465,0
2000-05-04,0.8921734094619751,0.9022430516518909,0.8619646211782465,0.8619646211782465,0
2000-05-05,0.8921734094619751,0.9022430516518909,0.8619646211782465,0.8619646211782465,0
2000-05-08,0.87646484375,0.8901595140226858,0.8704228517216638,0.8901595140226858,6949872
2000-05-09,0.8539087176322937,0.8893539113171416,0.849880515284262,0.8764648945489354,10733817
2000-05-10,0.8377969861030579,0.8539086181877646,0.8377969861030579,0.8539086181877646,6626880
2000-05-11,0.8361859917640686,0.8458530844752711,0.8337696507301275,0.8377972315017835,4448260
2000-05-12,0.8357832431793213,0.8458528841538667,0.8337694532704145,0.8450472299043016,4426560
2000-05-15,0.8539087176322937,0.8659921492452979,0.8317550912927343,0.8337695036102741,21379852
2000-05-16,0.8522975444793701,0.8659922166110965,0.8478667912095864,0.8559225742452635,5618880
2000-05-17,0.8559224605560303,0.8740478835500027,0.8349775933885301,0.8559224605560303,21676478
2000-05-18,0.8619644641876221,0.8647839081728822,0.8458528321891591,0.8559224034020823,8739907
2000-05-19,0.8575335741043091,0.8659919047018982,0.84988027529055,0.8639781152400711,5240980
2000-05-22,0.8627700805664062,0.8696171735136182,0.8494779612136477,0.8631726311090676,15388646
2000-05-23,0.8539087176322937,0.8720341416238213,0.849880515284262,0.8720341416238213,8788176
2000-05-24,0.8619644641876221,0.8647839081728822,0.8458528321891591,0.8539086136168921,11465352
2000-05-25,0.9014373421669006,0.91835463041182,0.865992148512064,0.865992148512064,72596332
2000-05-26,0.8897563219070435,0.9030485094480932,0.8667976671684569,0.9014372011051889,40650120
2000-05-29,0.8982152342796326,0.9014371593863849,0.8800898139786647,0.892173173988342,14949590
2000-05-30,0.8772704005241394,0.9115068304011887,0.8772704005241394,0.90425663437319,12839040
2000-05-31,0.873242199420929,0.88572873265198,0.8700202050578205,0.8740477844404481,9346896
2000-06-01,0.8736453056335449,0.8849230810818907,0.8692145534417122,0.8720339973037986,11028369
2000-06-02,0.8667978644371033,0.8760618523722147,0.865186555727492,0.8760618523722147,16223040
2000-06-05,0.879284143447876,0.8982152175299891,0.8579361761513248,0.8680057463527684,15096355
2000-06-06,0.8873401284217834,0.8929790171245243,0.880090000252677,0.880090000252677,13099680
2000-06-07,0.8800899982452393,0.9002292123832625,0.857936371778073,0.8941872199699366,15291331
2000-06-08,0.8772704005241394,0.8897563114601864,0.8760616427091756,0.8800898443761459,7254720
2000-06-09,0.8672003149986267,0.8841175333516792,0.8639783202381989,0.8772705092708858,7869657
2000-06-12,0.8627700805664062,0.8732422718305526,0.8575337429338351,0.870020277200275,7720819
2000-06-13,0.8740479946136475,0.8829095011021867,0.8659922116243589,0.8659922116243589,6616036
2000-06-14,0.8897563219070435,0.8978121721916208,0.8740477941385875,0.8744503446523357,11608200
2000-06-15,0.88290935754776,0.8966040273739765,0.8800899134743912,0.892173274850114,6023822
2000-06-16,0.88290935754776,0.88290935754776,0.88290935754776,0.88290935754776,0
2000-06-19,0.8941870927810669,0.9062710758888971,0.8849231067611067,0.8849231067611067,17022355
2000-06-20,0.873242199420929,0.9014371911031458,0.8651863492257367,0.8966039575580053,10393200
2000-06-21,0.8736453056335449,0.8800898475225909,0.8667976600900867,0.8667976600900867,4204612
2000-06-22,0.8700202107429504,0.8760616489993633,0.86518635487928,0.8760616489993633,6159268
2000-06-23,0.8760616779327393,0.8772704357963031,0.8659920376478669,0.870020239476798,5842396
2000-06-26,0.8881458044052124,0.8982154463144849,0.8800900217347867,0.8800900217347867,8320032
2000-06-27,0.8925760388374329,0.8962011380029387,0.8829095686828548,0.8921734882005415,6751814
2000-06-28,0.9239871501922607,0.9321460193277109,0.8933917235663806,0.9015505927018307,17426721
2000-06-29,0.9137886166572571,0.9292904604240092,0.9097094973693175,0.9248030790682811,12463041
2000-06-30,0.9578464031219482,1.0047595700050265,0.910117202232391,0.9219475594782994,79024680
2000-07-03,0.9513192772865295,0.986402082709125,0.9280668276886359,0.9570303241731254,32302353
2000-07-04,0.9725322723388672,0.9810988435938063,0.9464242964784543,0.9525429758271092,21123676
2000-07-05,0.9684532284736633,0.9798753952268074,0.9664131081613608,0.9749802409278722,12001536
2000-07-06,0.9403049945831299,0.9733483167705594,0.9403049945831299,0.968453162803561,14048150
2000-07-07,0.9460161328315735,0.957438789249306,0.9341857044704359,0.9382654547110051,9036288
2000-07-10,0.9488716721534729,0.9607020306772216,0.9403050298413393,0.9488716721534729,10860624
2000-07-11,0.9435689449310303,0.9586624603848327,0.9403050884603209,0.9586624603848327,10102910
2000-07-12,0.9578464031219482,0.974980106062414,0.9472402019274654,0.9472402019274654,11642630
2000-07-13,0.9749800562858582,0.9904819005053495,0.9513193430020136,0.9623337357069195,20478571
2000-07-14,0.966005265712738,0.9790592887223313,0.9623337779739124,0.9770196589014108,9572572
2000-07-17,0.9774274826049805,0.9990486398298198,0.9688609102393141,0.9688609102393141,16233177
2000-07-18,0.9749800562858582,0.9872181147850848,0.968860746925041,0.9864021508480684,7357507
2000-07-19,0.9664128422737122,0.9831389110757031,0.9627413550109664,0.9770195322118101,8122665
2000-07-20,0.9562144875526428,0.9741641547043264,0.950503439905978,0.9668212491069759,8781148
2000-07-21,0.9447922706604004,0.9586621861085424,0.9407125212670594,0.9545830669653694,10003449
2000-07-24,0.9309225678443909,0.9423446642765693,0.9288829377791359,0.9423446642765693,10360814
2000-07-25,0.9386730194091797,0.9484638163161294,0.9301064485150276,0.9321460082120151,6065683
2000-07-26,0.9382655024528503,0.9464244431266529,0.9321461919057767,0.9423446926784934,6897988
2000-07-27,0.9309225678443909,0.9423446642765693,0.9223553652699452,0.9382654741738715,9463132
2000-07-28,0.9354100823402405,0.9484641087595658,0.9243956862745903,0.9321462956241199,7012080
2000-07-31,0.9268425703048706,0.9354097005664154,0.9219474174372424,0.9354097005664154,9861148
2000-08-01,0.945608377456665,0.9562145089986233,0.9252114481300312,0.9264350440023151,7572412
2000-08-02,0.941120982170105,0.9443842081463348,0.936633600025492,0.9443842081463348,4491403
2000-08-03,0.9529513120651245,0.9619262161417369,0.9415286559473931,0.9423446199796389,10075262
2000-08-04,0.9382655024528503,0.9541750516137851,0.9374495383576557,0.9529513855822512,8510529
2000-08-07,0.9517270922660828,0.9647816755749993,0.9464243068005511,0.9464243068005511,9667641
2000-08-08,0.9655975103378296,0.9709002954783231,0.9505033681489906,0.9578463432197984,12297067
2000-08-09,0.9696769118309021,0.9709005078510162,0.9566228866891678,0.9688609477247743,11716214
2000-08-10,0.9607018828392029,0.9749800613383652,0.9578463591838525,0.9729405016242598,6909033
2000-08-11,0.9602943658828735,0.9745719869087575,0.9586624376861588,0.9607020678207929,8882251
2000-08-14,0.952135443687439,0.9688608860756057,0.950503515579024,0.9611102779778,6091804
2000-08-15,0.9431605339050293,0.9558067852602321,0.9394890460940224,0.9545831894159146,7855243
2000-08-16,0.9415283799171448,0.9505032113347739,0.9382651549951317,0.9443839030537984,6102000
2000-08-17,0.9382655024528503,0.956622873871555,0.9370412761988,0.9415287285832986,7853040
2000-08-18,0.9443840980529785,0.9541748952852678,0.9386730506004376,0.9386730506004376,4838774
2000-08-21,0.9496874213218689,0.9566226946649345,0.9382653266851635,0.9443840758634795,8060976
2000-08-22,0.9382655024528503,0.9496875992292866,0.9382655024528505,0.9496875992292866,5722560
2000-08-23,0.9354100823402405,0.9382656068520789,0.8925760241896843,0.9374496426660932,16943212
2000-08-24,0.9615180492401123,0.9823232433720144,0.9374495588785136,0.9382655229915698,36226123
2000-08-25,0.9607018828392029,0.9741640973971204,0.9525429437047676,0.9676371561729762,9372355
2000-08-28,0.9639657139778137,0.9668212377676552,0.9549908805072328,0.9607019280869158,9441100
2000-08-29,0.954174816608429,0.9684529942848936,0.9505033292233821,0.9684529942848936,6942312
2000-08-30,0.9374494552612305,0.9607019789396468,0.9362258593659718,0.9533590030119276,7774675
2000-08-31,0.9190919995307922,0.9341855818473093,0.9178684037499449,0.9341855818473093,9113184
2000-09-01,0.9109331965446472,0.9219475901786545,0.9076694105490712,0.9150123863236139,6297696
2000-09-04,0.912972629070282,0.9178683423946498,0.9015505351378399,0.9048137604557757,4406400
2000-09-05,0.8933919072151184,0.917868589680782,0.8897204188508322,0.912972875037443,4526553
2000-09-06,0.8717705607414246,0.893391714285533,0.8709545968057744,0.893391714285533,6911280
2000-09-07,0.8729948401451111,0.8872724591971333,0.8607561506676956,0.8717706140555633,4839739
2000-09-08,0.8766663074493408,0.8872725093325163,0.8729948894737365,0.8819690932657877,3237148
2000-09-11,0.8860487937927246,0.8893120194863883,0.8611644132213953,0.8750344004269103,4752864
2000-09-12,0.8901281356811523,0.8933919221553535,0.8844170870807918,0.8893121715556477,2887056
2000-09-13,0.8933919072151184,0.9015507780277343,0.8831934062341187,0.8864566324312115,4568112
2000-09-14,0.8799296021461487,0.8954314493760712,0.8799296021461486,0.8937995912129354,3459168
2000-09-15,0.8852328658103943,0.8852328658103943,0.877073995924643,0.8778899599438069,2245161
2000-09-18,0.8697311878204346,0.8811538450390006,0.8668755935436089,0.8811538450390006,3196944
2000-09-19,0.8403592705726624,0.8656519147001897,0.8362801506866541,0.8648359506673696,4244544
2000-09-20,0.8444391489028931,0.8538216862875446,0.8383198378946278,0.8444391489028931,3075696
2000-09-21,0.8485180735588074,0.8525972631503533,0.8362800846173475,0.8448466558680283,3449448
2000-09-22,0.8387272953987122,0.8505576517774358,0.8387272953987123,0.8505576517774358,3361579
2000-09-25,0.838319718837738,0.8444390289769481,0.8322004086985281,0.8370960528877638,1501286
2000-09-26,0.8403592705726624,0.8444390207089534,0.8362801506866541,0.8395433065398422,1522713
2000-09-27,0.856677234172821,0.8579008303022896,0.840359421176048,0.840359421176048,2164795
2000-09-28,0.848110556602478,0.8587166890717839,0.8444390683865391,0.8579007249928939,2490336
2000-09-29,0.8538216352462769,0.8566771594848944,0.8477023246038228,0.8485182186839202,1693440
2000-10-02,0.8538216352462769,0.8566771594848944,0.8477023246038228,0.8485182186839202,0
2000-10-03,0.8538216352462769,0.8566771594848944,0.8477023246038228,0.8485182186839202,0
2000-10-04,0.8538216352462769,0.8566771594848944,0.8477023246038228,0.8485182186839202,0
2000-10-05,0.8538216352462769,0.8566771594848944,0.8477023246038228,0.8485182186839202,0
2000-10-06,0.8538216352462769,0.8566771594848944,0.8477023246038228,0.8485182186839202,0
2000-10-09,0.8497417569160461,0.8640199361839296,0.8423987813275182,0.8570847325045741,1872835
2000-10-10,0.8587169647216797,0.860348893403312,0.8525976523325725,0.8525976523325725,2239329
2000-10-11,0.8546375036239624,0.864835933385472,0.8525973134714443,0.8599402893419991,2644675
2000-10-12,0.8415830731391907,0.8546376594499748,0.8415830731391907,0.8546376594499748,2588918
2000-10-13,0.8444391489028931,0.8517821260349157,0.8370961717708704,0.8444391489028931,3114129
2000-10-16,0.8199623227119446,0.8423988121235072,0.8199623227119446,0.8395432882100279,4049280
2000-10-17,0.8179228901863098,0.8322005119771204,0.8146591036458369,0.8199624504023991,4130150
2000-10-18,0.8260815739631653,0.8326085853413739,0.8179227046987004,0.8203699663195645,3301200
2000-10-19,0.8281211256980896,0.8322003151935141,0.8224100783322101,0.8281211256980896,2344968
2000-10-20,0.848925769329071,0.8517819233089989,0.8244496515664961,0.8281211392586855,3973809
2000-10-23,0.8534133434295654,0.8558611656404403,0.8485181892025079,0.8489258911310364,3061944
2000-10-24,0.8546375036239624,0.8550451354931807,0.8423988136821268,0.8489258255361669,2566944
2000-10-25,0.8660595417022705,0.8811536845312344,0.8607561260866639,0.8607561260866639,6264288
2000-10-26,0.856677234172821,0.877482429987447,0.8562689719720084,0.866059771814587,4126953
2000-10-27,0.8525974154472351,0.8648360368250757,0.8493341892411447,0.860756286282347,2584526
2000-10-30,0.8444391489028931,0.8505578996885995,0.836280277641999,0.8485182694081508,3984912
2000-10-31,0.8615720868110657,0.8648358726199954,0.843622980543123,0.843622980543123,2978064
2000-11-01,0.8729948401451111,0.8778899237803685,0.8566770310179898,0.8640199365820964,10849219
2000-11-02,0.8627965450286865,0.8778901316399959,0.8627965450286865,0.8713631184882229,3230640
2000-11-03,0.8627965450286865,0.8701395223592083,0.8607563544705277,0.8632042470067741,1939392
2000-11-06,0.8803379535675049,0.8815616197235336,0.8579008294179058,0.8689152954064202,4684348
2000-11-07,0.8787057995796204,0.8831931808829722,0.8721787886283063,0.880337657359146,3295756
2000-11-08,0.8962472677230835,0.896654969593262,0.8770739353205783,0.8787058632461433,8094024
2000-11-09,0.9133812785148621,0.9203159941491187,0.8933920454327877,0.8978794285753652,16499664
2000-11-10,0.9223552346229553,0.9292905080738504,0.9097095440151348,0.9137886635122333,21679272
2000-11-13,0.9350016117095947,0.9570304689581435,0.8974709089671877,0.9227635522043086,17070739
2000-11-14,0.9419369101524353,0.9464243621529991,0.9301065522293188,0.9382654221772547,14837198
2000-11-15,0.9737556576728821,0.9872179398026746,0.9341854053259901,0.9460158298987943,43761124
2000-11-16,0.9794677495956421,0.9912981091580527,0.9741643328348184,0.9794677495956421,41354582
2000-11-17,0.9623340368270874,0.9872184236917286,0.959070250085564,0.9831393030082747,16677158
2000-11-20,0.9790595173835754,0.9790595173835753,0.9509119049973432,0.9623340027288801,14685955
2000-11-21,0.9684532284736633,0.9872183017447459,0.9660054062268458,0.9790594311352635,19957104
2000-11-22,0.9668211936950684,0.9692690154947066,0.9566226948310915,0.9619261103182035,6830064
2000-11-23,0.9570302963256836,0.9790591496005909,0.9549907368223832,0.9782431857436826,7983288
2000-11-24,0.9186839461326599,0.9627416675318397,0.9097097412378539,0.9582548451957074,16345828
2000-11-27,0.936225950717926,0.953767358198146,0.9097097084163445,0.912156970473461,16256635
2000-11-28,0.9505035281181335,0.9537673143502087,0.936633609597665,0.9456084440064227,8541662
2000-11-29,1.032091736793518,1.0443297954969786,0.9403048959615206,0.9484638351898348,62962344
2000-11-30,1.016998291015625,1.0492255778689685,1.0116948751282868,1.031275910391458,49714372
2000-12-01,1.0116947889328003,1.0300521567370813,1.007615039287912,1.0231168834603144,19046937
2000-12-04,1.0435137748718262,1.0475934540740395,1.011694686050664,1.0169981009468363,38321784
2000-12-05,1.0271966457366943,1.0443297877386528,1.0198537405413661,1.0443297877386528,21577219
2000-12-06,1.0300524234771729,1.0426987472925608,1.0125110150649452,1.019853992099299,27385329
2000-12-07,1.005167841911316,1.0300522225026816,1.0014964241382918,1.0300522225026816,17921692
2000-12-08,1.0137345790863037,1.0320919510638364,1.0076152683529485,1.011695018925302,26195486
2000-12-11,0.9872183799743652,1.0178138145522644,0.9827309972821681,1.0178138145522644,22114195
2000-12-12,0.9953771829605103,1.0076152439077872,0.98232322794081,0.9851787521525696,15983510
2000-12-13,1.0088393688201904,1.0153663806882367,0.9904819991322186,0.9978249750185305,7053897
2000-12-14,0.9933373332023621,1.020261269519082,0.9921131072977157,1.008839176002605,7686633
2000-12-15,0.9855865240097046,1.0055757551325935,0.9827309995953719,0.993337693317139,6090105
2000-12-18,0.986402153968811,0.9904819036389996,0.966821190280298,0.978243284878645,8249688
2000-12-19,0.9794677495956421,1.002720206539966,0.9749802969732668,0.9994564200139905,6536649
2000-12-20,1.0186296701431274,1.0214851942463976,0.9770197743085599,0.978243440301167,9811180
2000-12-21,1.0149580240249634,1.0402506653453474,1.0137343582227805,1.019037773708457,16334366
2000-12-22,1.0361708402633667,1.0475934942901899,1.0059836779864673,1.0198536634395723,15984532
2000-12-25,1.0402507781982422,1.0520811361996063,1.030052278230629,1.0386188501366824,9791798
2000-12-26,1.0830849409103394,1.0940993360271145,1.0361711358992363,1.0361711358992363,41228798
2000-12-27,1.0639115571975708,1.0924674288255545,1.0639115571975708,1.0843084883127365,14589316
2000-12-28,1.0565685033798218,1.070846122076649,1.0524887535813645,1.0606476229280484,9206092
2000-12-29,1.0688066482543945,1.08716401942872,1.0565686575734943,1.0598318136326879,8556379
2001-01-01,1.0688066482543945,1.08716401942872,1.0565686575734943,1.0598318136326879,0
2001-01-02,1.1014423370361328,1.1075610876490827,1.0749260937216603,1.0810447743067924,13900003
2001-01-03,1.0973626375198364,1.115720010659009,1.094099411083556,1.103481948640417,16765948
2001-01-04,1.1096004247665405,1.1369326267197137,1.084308342820802,1.097362365778476,17915500
2001-01-05,1.1381570100784302,1.1463153203737286,1.1096005781131342,1.1096005781131342,22205678
2001-01-08,1.1316293478012085,1.1544740994074003,1.1259182999552761,1.1422360396978202,19901908
2001-01-09,1.1014423370361328,1.1442758322169537,1.0989945146629907,1.1259184599330183,21410798
2001-01-10,1.1116408109664917,1.1177594914012325,1.0830849381310328,1.1055214302535894,18816249
2001-01-11,1.0810445547103882,1.1116406124780418,1.0806369228654544,1.1116406124780418,13885560
2001-01-12,1.0810445547103882,1.101033851201134,1.0692141976206428,1.0769654351489062,14160974
2001-01-15,1.0492256879806519,1.0802288219981337,1.048817425824551,1.064727535100649,18421603
2001-01-16,1.0382113456726074,1.0524889672682205,1.0076152817924589,1.0447382884139524,17339371
2001-01-17,1.027604579925537,1.0496334405475578,1.0239330914838976,1.0320919624684097,6448680
2001-01-18,1.0398426055908203,1.0512652626713979,1.027604544631738,1.0280128067935108,7129728
2001-01-19,1.0724780559539795,1.0769655079417415,1.0402507683502904,1.0484096382749508,13572187
2001-01-22,1.0724780559539795,1.0769655079417415,1.0402507683502904,1.0484096382749508,0
2001-01-23,1.0724780559539795,1.0769655079417415,1.0402507683502904,1.0484096382749508,0
2001-01-24,1.0724780559539795,1.0769655079417415,1.0402507683502904,1.0484096382749508,0
2001-01-25,1.0724780559539795,1.0769655079417415,1.0402507683502904,1.0484096382749508,0
2001-01-26,1.0724780559539795,1.0769655079417415,1.0402507683502904,1.0484096382749508,0
2001-01-29,1.0724780559539795,1.0769655079417415,1.0402507683502904,1.0484096382749508,0
2001-01-30,1.0724780559539795,1.0769655079417415,1.0402507683502904,1.0484096382749508,0
2001-01-31,1.0724780559539795,1.0769655079417415,1.0402507683502904,1.0484096382749508,0
2001-02-01,1.0724780559539795,1.0769655079417415,1.0402507683502904,1.0484096382749508,0
2001-02-02,1.0724780559539795,1.0769655079417415,1.0402507683502904,1.0484096382749508,0
2001-02-05,1.007615089416504,1.0810445642867257,1.0035359698188873,1.0802286703393982,13720219
2001-02-06,1.0055755376815796,1.023932906546346,0.9872181688168132,0.9994562279858447,10636027
2001-02-07,0.9953771829605103,1.0112867322197854,0.9872183122640907,1.005575683796266,4383000
2001-02-08,0.9443840980529785,0.9990485014167377,0.9386730506004376,0.9872181444196884,9070171
2001-02-09,0.9623340368270874,0.9749803613631379,0.9464245557999196,0.9505036764833734,8771860
2001-02-12,0.9725322723388672,0.9782433198421598,0.9509116781398197,0.9627414750195711,4110235
2001-02-13,0.9794677495956421,0.9921134430461368,0.973756070654321,0.9782435232766963,4991155
2001-02-14,0.9778358936309814,0.9806914181876296,0.9709006181082064,0.9713088803188952,2281435
2001-02-15,0.9545832276344299,0.9790593471690534,0.9505034775544127,0.9778356812479387,4228848
2001-02-16,0.9545832276344299,0.9635575013432895,0.9341856677070837,0.9537672636128648,6955401
2001-02-19,0.9790595173835754,0.9831392681728782,0.9464245222654301,0.9537674294302274,4384123
2001-02-20,0.9619262218475342,0.991705687921926,0.9558068417084384,0.9790593657920491,5081400
2001-02-21,0.9582546949386597,0.97824336206289,0.9509117191809232,0.9607019567003336,4420872
2001-02-22,0.9607018828392029,0.9709003116599423,0.9464242645624511,0.9464242645624511,4573267
2001-02-23,0.9778358936309814,0.9790595598178728,0.954583434967108,0.9586625556828239,3006561
2001-02-26,1.0035361051559448,1.0084311893888451,0.9729406732413917,0.9823232098036744,9911030
2001-02-27,1.003943681716919,1.0076150994748359,0.9953770402817794,1.0035359798365002,5241816
2001-02-28,1.0063915252685547,1.0076151211307434,0.9953770616746636,1.0039437032939194,4212072
2001-03-01,1.0096553564071655,1.0116949163614002,0.9994562961354199,1.0067992721931411,4306176
2001-03-02,1.0104707479476929,1.0267885590425974,1.0067993297368019,1.0096554141140657,5604912
2001-03-05,0.9994562268257141,1.0190378217514828,0.9994562268257141,1.0108788822222499,5208076
2001-03-06,0.9986411333084106,1.0051680764183741,0.9961932407774104,0.9994564672350167,3444177
2001-03-07,1.02066969871521,1.0239329244487214,0.9994562454602715,0.9994562454602715,5872118
2001-03-08,1.0194456577301025,1.0247490041356169,1.0129186453037522,1.0206698139456363,5291596
2001-03-09,1.0121026039123535,1.0194455798659163,1.0072075200360069,1.0194455798659163,3640233
2001-03-12,1.0251563787460327,1.025564640770965,1.0084308709764165,1.0129183218888844,4813243
2001-03-13,1.0141421556472778,1.0271967396199637,1.0121025957384457,1.0251566194886674,4741315
2001-03-14,1.0218933820724487,1.023932941958149,1.0035360125728092,1.0076151323442097,4870224
2001-03-15,1.0598317384719849,1.068806572457218,1.0198538428992763,1.0206697368979338,21192796
2001-03-16,1.0418827533721924,1.0630956496953825,1.0402508951549696,1.0573846011159131,7009603
2001-03-19,1.049633264541626,1.0598316939995713,1.040250729048102,1.0451458127234066,6274008
2001-03-20,1.050041675567627,1.0561604259878203,1.0320919357768923,1.0496334134023901,5785977
2001-03-21,1.0565685033798218,1.0606476229280484,1.0398424325648108,1.044329814206877,8310988
2001-03-22,1.0418827533721924,1.0643193157678947,1.0337238824529804,1.0459619437344392,10491998
2001-03-23,0.9994562268257141,1.0422902742012616,0.9994562268257141,1.0402507143884652,17615016
2001-03-26,1.0218933820724487,1.023932941958149,0.995377072751936,0.9994562625511437,14107406
2001-03-27,1.0218933820724487,1.0280126919798147,1.0116948823658753,1.0231169779482545,11070590
2001-03-28,1.030460000038147,1.031684226219199,1.0116949278020324,1.0206697620080611,8811892
2001-03-29,0.9994562268257141,1.0475936199091656,0.9843626438773636,1.019445523630628,32919926
2001-03-30,0.9994562268257141,1.0067992023742192,0.9880341316516161,0.9994562268257141,19421438
2001-04-02,0.990889847278595,1.0047597670522492,0.9896661811818235,1.003536170983296,12513715
2001-04-03,1.0035361051559448,1.0227094404343515,0.9917057463659571,0.9917057463659571,12650788
2001-04-04,0.9966006875038147,1.019853769841522,0.9937451637547832,1.0190378058735077,13420656
2001-04-05,1.0055755376815796,1.0076150974967435,0.9790592993059144,0.9953770383277121,10627185
2001-04-06,1.0035361051559448,1.0182219881049692,1.001904176985599,1.01087901161655,4343025
2001-04-09,0.9957846999168396,1.0035359372623018,0.9872181288729348,1.0035359372623018,4033152
2001-04-10,0.9933373332023621,1.009655139864917,0.9912977736855548,0.9966005584014591,3599452
2001-04-11,0.9843624830245972,0.9953768745197097,0.9786514363707793,0.9933373150401936,11646720
2001-04-12,0.983139157295227,0.9912980277032982,0.9782434428946343,0.983139157295227,11063232
2001-04-13,0.9880342483520508,0.9990486429479551,0.9810989738635396,0.9810989738635396,5266252
2001-04-16,1.0055755376815796,1.0055755376815796,0.9839549431403558,0.9908896565953275,6436843
2001-04-17,0.9974169135093689,1.0116950962280653,0.9949696512126236,1.0067994511894223,8184398
2001-04-18,0.9782434105873108,1.0076151750195892,0.9749801846597907,0.9994563048809718,27322156
2001-04-19,0.9741645455360413,0.9770200705050012,0.9533593462140455,0.9741645455360413,14349974
2001-04-20,0.9607018828392029,0.9729405016242598,0.9570303952426076,0.9729405016242598,13129848
2001-04-23,0.952135443687439,0.9623338739200561,0.950503515579024,0.9586623858151775,11079849
2001-04-24,0.9762038588523865,0.9782434188416775,0.9525430722257181,0.9541750003283942,8710243
2001-04-25,0.9819148778915405,0.9994562837534053,0.9741642000224222,0.9749801640496265,19023379
2001-04-26,0.9937454462051392,1.0027202820983558,0.9790595611906187,0.9790595611906187,13025419
2001-04-27,0.9884420037269592,1.0027201853755272,0.9872183376563876,0.9953772085626619,3354912
2001-04-30,0.9974169135093689,0.9990487718463092,0.9864024474645533,0.9892579719637773,7059859
2001-05-01,0.9974169135093689,0.9990487718463092,0.9864024474645533,0.9892579719637773,0
2001-05-02,0.9974169135093689,0.9990487718463092,0.9864024474645533,0.9892579719637773,0
2001-05-03,0.9974169135093689,0.9990487718463092,0.9864024474645533,0.9892579719637773,0
2001-05-04,0.9974169135093689,0.9990487718463092,0.9864024474645533,0.9892579719637773,0
2001-05-07,0.9974169135093689,0.9990487718463092,0.9864024474645533,0.9892579719637773,0
2001-05-08,1.015774130821228,1.015774130821228,0.9872182599660486,1.0035360705222642,3000283
2001-05-09,1.0080235004425049,1.0190379653170178,1.0019041898917638,1.015774178962097,5185684
2001-05-10,1.0243412256240845,1.0259725234279273,0.9994562835773816,1.0096553437209774,12430670
2001-05-11,1.0402507781982422,1.0439222661977066,1.0129185741960496,1.0259725281045384,24524740
2001-05-14,1.032091736793518,1.0463699854847712,1.032091736793518,1.0361709262964665,26800459
2001-05-15,1.0182219743728638,1.0422903935595755,1.0165901162523396,1.0324995949754938,17897731
2001-05-16,1.027604579925537,1.031684330542972,1.0092472077451562,1.01985397111682,10454270
2001-05-17,1.0092471837997437,1.028012817710686,1.006799361498487,1.0198539469197512,4977273
2001-05-18,1.0092471837997437,1.0149582322894217,0.9994563847894271,1.0055756954452137,4732171
2001-05-21,1.0092471837997437,1.0092471837997437,1.0092471837997437,1.0092471837997437,0
2001-05-22,0.9994562268257141,1.019853785732211,0.9953770371723165,1.019853785732211,5448816
2001-05-23,0.9912980794906616,0.998232794070477,0.979059458114029,0.9974168299564485,10243238
2001-05-24,0.990481972694397,0.9953770563952528,0.9831390670318888,0.9912979366908831,5566622
2001-05-25,0.9937454462051392,0.9970092329770522,0.9855865745118565,0.996600970765791,3368016
2001-05-28,0.9925214648246765,0.9974166182193314,0.9790592502739154,0.9912978690524663,4745232
2001-05-29,1.015774130821228,1.0190379170214672,0.9986409864583013,1.0006805464617765,5576817
2001-05-30,1.015774130821228,1.0198538810784799,1.0055756305257395,1.017813690824703,4863211
2001-05-31,1.0271966457366943,1.028012609681266,1.0121025032347442,1.015773990846309,7790342
2001-06-01,1.0361708402633667,1.0378027680291353,1.0116947248886936,1.0271965680797708,10012075
2001-06-04,1.0569764375686646,1.0598319621248449,1.0312761563404527,1.036171241254157,34990516
2001-06-05,1.0422903299331665,1.0663587476506264,1.0402507700113135,1.059831735733846,20868321
2001-06-06,1.032091736793518,1.0488172470864525,1.023932867593006,1.0471853191851854,10578787
2001-06-07,1.0259723663330078,1.0418824719518156,1.0231168428145718,1.0320916754321328,8746862
2001-06-08,1.0218933820724487,1.028420393873533,1.0182218941669594,1.028420393873533,8438385
2001-06-11,1.0289266109466553,1.0343051764085185,1.0264441032456606,1.0343051764085185,2675937
2001-06-12,1.0363739728927612,1.0442344094229803,1.0264444360104301,1.0264444360104301,3665433
2001-06-13,1.0417523384094238,1.0446483257257961,1.0351328373718345,1.0376147774053155,5150246
2001-06-14,1.0218933820724487,1.0496129630282827,1.0218933820724487,1.0425799820777097,5817153
2001-06-15,1.0227208137512207,1.0272718539672192,1.0136188043393424,1.017756365425216,4407710
2001-06-18,0.9995526075363159,1.026031116263011,0.9929331046398822,1.026031116263011,5110286
2001-06-19,0.9970705509185791,1.0032759346744768,0.9726604355012591,0.9726604355012591,4152326
2001-06-20,1.0012075901031494,1.004517625632948,0.9929331049498188,0.995001566442843,2138515
2001-06-21,1.0012075901031494,1.0028626433781174,0.9929331049498188,1.0003800634656657,4602902
2001-06-22,1.0012075901031494,1.0115506077696415,1.0003800634656657,1.0094820752564801,3776644
2001-06-25,1.0041035413742065,1.0136190320539122,0.9970706305158198,1.0136190320539122,4348152
2001-06-26,1.005345106124878,1.0127921353190417,1.003276005545592,1.0127921353190417,3948235
2001-06-27,1.0012075901031494,1.0136190692626659,0.9991391286101253,1.0136190692626659,2796206
2001-06-28,0.994174599647522,1.0049310246736651,0.9908644933617461,1.0032759715307773,5006707
2001-06-29,1.0012075901031494,1.0012075901031494,0.9892095901818267,0.997070667117101,4653676
2001-07-02,0.9854859113693237,1.0007939442722615,0.9846583848695903,1.0007939442722615,5171760
2001-07-03,0.9879688024520874,0.9978983430728529,0.9825903042416791,0.9970708872728018,6656976
2001-07-04,0.9879688024520874,0.9958293129618849,0.9838313103913738,0.9887963292722912,2845324
2001-07-05,0.9805213809013367,0.9879683375572775,0.9784529199249185,0.984658302854173,3614702
2001-07-06,0.9784529805183411,0.9805214416228545,0.9722468870035633,0.980107394301333,4128753
2001-07-09,0.9846584796905518,0.9867275802196371,0.9722470014018519,0.9867275802196371,1826913
2001-07-10,0.9925197958946228,0.9925197958946228,0.9805217939160555,0.9859002918611055,6794856
2001-07-11,0.9879688024520874,0.9970708872728018,0.985072813682138,0.996243360452598,2389003
2001-07-12,0.9887958765029907,0.9887958765029906,0.9730743655412007,0.9871408946405513,3587875
2001-07-13,0.9892094731330872,0.9925195082712239,0.9846584322661157,0.9846584322661157,1638720
2001-07-16,0.9921054244041443,0.9999665001199072,0.9805214736791638,0.9892094367228992,2964153
2001-07-17,0.9970705509185791,1.000379946881467,0.9805215115204042,0.9908644569613931,2297275
2001-07-18,1.015688180923462,1.0173425950350912,0.9958291038520523,1.0012076009330533,2872368
2001-07-19,1.0185842514038086,1.0185842514038086,1.0053452443936728,1.0156882630079311,3072398
2001-07-20,1.0247894525527954,1.0268585530453518,1.0074135252956447,1.0074135252956447,8276601
2001-07-23,1.0144463777542114,1.0314094628325687,1.0144463777542114,1.0156879515239983,3850560
2001-07-24,1.0127922296524048,1.0136191171477182,0.9846585952932602,1.0003801107252854,26672529
2001-07-25,0.9887958765029907,1.0012073527197818,0.97555694486504,0.993346916829428,7415841
2001-07-26,0.9714193940162659,0.9846583257951005,0.9685234065415699,0.9846583257951005,5867251
2001-07-27,0.9763839244842529,0.9763839244842528,0.9681100086710863,0.971833522908462,3993264
2001-07-30,0.9267373085021973,0.966040764170372,0.9101882720026168,0.966040764170372,5713660
2001-07-31,0.868816614151001,0.9358395963015943,0.8605420579272501,0.912257643714936,12667190
2001-08-01,0.9002596735954285,0.9139120881464976,0.8915710696815438,0.8928126437670638,11686320
2001-08-02,0.8762635588645935,0.8977770496056822,0.8605420443281876,0.8977770496056822,8293392
2001-08-03,0.8899165391921997,0.8957085149234848,0.8812280074342272,0.8812280074342272,3096662
2001-08-06,0.8952946662902832,0.9143262189932074,0.869230201552936,0.8936402519806315,7551230
2001-08-07,0.9081201553344727,0.910188617008191,0.888675124178511,0.8928126867072373,7563571
2001-08-08,0.8820555806159973,0.9081200409454304,0.8799870481826931,0.9077065617231995,8498649
2001-08-09,0.8870198130607605,0.8957083431525242,0.8750223846985733,0.8812278384402087,3860956
2001-08-10,0.901500403881073,0.9246689437573068,0.8812279226118529,0.8874339451072006,11988446
2001-08-13,0.9097751379013062,0.915153634975103,0.8936401438208801,0.8998455993789015,4542537
2001-08-14,0.9019140005111694,0.916394508492619,0.8948810187786579,0.9097750769946715,3593030
2001-08-15,0.9043964743614197,0.9043964743614197,0.8775044889714596,0.8936400495101131,2608358
2001-08-16,0.9081201553344727,0.910188617008191,0.8990181427485356,0.901914131132028,3266438
2001-08-17,0.9056373834609985,0.9056373834609985,0.8936399541336852,0.9039829697027569,1691884
2001-08-20,0.9019140005111694,0.9077065446003878,0.8895025220649349,0.897777006742735,1457611
2001-08-21,0.9019140005111694,0.9060515624406682,0.8990180125470925,0.9052240358507418,2113128
2001-08-22,0.8853654861450195,0.9002594714370804,0.8729533701041633,0.8940534489267142,2972520
2001-08-23,0.8659205436706543,0.8729534541612552,0.8572319408712147,0.8729534541612552,8819352
2001-08-24,0.8274440169334412,0.8737810330125613,0.8274440169334413,0.8646790214871913,13119408
2001-08-27,0.8046894669532776,0.845647983427118,0.7972425091526623,0.845647983427118,7124155
2001-08-28,0.8274440169334412,0.8336500404127597,0.769523048670115,0.769523048670115,9605188
2001-08-29,0.8274440169334412,0.8394420165048627,0.819170100182502,0.826617129501306,4628851
2001-08-30,0.8266170024871826,0.8315814512031211,0.8191699743126543,0.8266170024871826,2758694
2001-08-31,0.81627357006073,0.8315816055546117,0.7873130494935184,0.821238587859228,1540339
2001-09-03,0.816687285900116,0.8233067151095943,0.7984831986380473,0.8162732386677651,2036620
2001-09-04,0.8278578519821167,0.8295129047843106,0.8154463763679987,0.8154463763679987,1584979
2001-09-05,0.8274440169334412,0.8439930577776152,0.8274440169334413,0.8324091055934091,2368800
2001-09-06,0.8361323475837708,0.8369598739975478,0.8220658899720367,0.8307538520149272,1244188
2001-09-07,0.7943464517593384,0.8357183727896307,0.7943464517593384,0.8237203750710003,2743200
2001-09-10,0.8439931869506836,0.8439931869506836,0.7881406715718369,0.7881406715718369,7151083
2001-09-11,0.8481305241584778,0.8638520366159771,0.8295130239815828,0.8431654360585521,5916643
2001-09-12,0.8315814733505249,0.8398559572114991,0.8129639734384907,0.8129639734384907,5639644
2001-09-13,0.8477165699005127,0.8477165699005128,0.8274440144575955,0.8336500379183445,4985323
2001-09-14,0.8216519355773926,0.8477164638338778,0.8204109298968953,0.8477164638338778,2898403
2001-09-17,0.8220658898353577,0.8253753563088545,0.819169902488209,0.8224793689617058,1995321
2001-09-18,0.8253753781318665,0.831581400277543,0.8195834032844287,0.8199968114015895,1462752
2001-09-19,0.8315814733505249,0.8315814733505249,0.8212384572994649,0.8233069184694248,1119816
2001-09-20,0.8621970415115356,0.8626105207188158,0.8286855531453361,0.8340640497660406,8017171
2001-09-21,0.8481305241584778,0.860541930535942,0.847302997638469,0.860541930535942,5676537
2001-09-24,0.851439893245697,0.860541903457991,0.8464754444831266,0.8522674197396667,1974945
2001-09-25,0.8473028540611267,0.8543357629875541,0.8460612804109929,0.8543357629875541,1474761
2001-09-26,0.8365461230278015,0.8473031889959259,0.8274441104734768,0.8473031889959259,1884254
2001-09-27,0.8473028540611267,0.8564048630174705,0.8212383298221143,0.827443783388874,1487923
2001-09-28,0.8398559093475342,0.847302937295987,0.8315814259581287,0.8460613635238872,707803
2001-10-01,0.8398559093475342,0.847302937295987,0.8315814259581287,0.8460613635238872,0
2001-10-02,0.8398559093475342,0.847302937295987,0.8315814259581287,0.8460613635238872,0
2001-10-03,0.8398559093475342,0.847302937295987,0.8315814259581287,0.8460613635238872,0
2001-10-04,0.8398559093475342,0.847302937295987,0.8315814259581287,0.8460613635238872,0
2001-10-05,0.8398559093475342,0.847302937295987,0.8315814259581287,0.8460613635238872,0
2001-10-08,0.824134349822998,0.8398558602416286,0.823720302536182,0.823720302536182,956160
2001-10-09,0.8158599734306335,0.8324090124224859,0.8150324469099075,0.8216519488744451,2006496
2001-10-10,0.7860719561576843,0.815860000050537,0.7777974719018416,0.815860000050537,3868041
2001-10-11,0.7819352746009827,0.790209193245687,0.7695232248014301,0.7860721984132591,4063233
2001-10-12,0.7984833717346191,0.8067579263656457,0.7612483730358665,0.7819349726738045,7054963
2001-10-15,0.8100679516792297,0.8336498994472835,0.7860718855738505,0.8022068763024736,14756443
2001-10-16,0.8022069334983826,0.8108955359680409,0.7943464967422987,0.8108955359680409,2729952
2001-10-17,0.784003496170044,0.8001384883738419,0.782348514092016,0.786899483991172,1542096
2001-10-18,0.7819352746009827,0.8026212430452395,0.7777977116073447,0.8026212430452395,1192276
2001-10-19,0.744700014591217,0.7736605312585824,0.744700014591217,0.7736605312585824,10588838
2001-10-22,0.7198764085769653,0.744699928928225,0.7037414186331487,0.7322878846721168,8320636
2001-10-23,0.7918640971183777,0.7918640971183777,0.7612485230316088,0.7918640971183777,16812993
2001-10-24,0.8191699385643005,0.831581414913134,0.7984833397548735,0.818342412114217,14719881
2001-10-25,0.8373733162879944,0.8398558244000023,0.7943463479116495,0.7943463479116495,21010708
2001-10-26,0.8398559093475342,0.8398559093475343,0.8195834285944966,0.8357183480622826,5109811
2001-10-29,0.8357183337211609,0.843165361541821,0.8274438504737474,0.8357183337211609,2072419
2001-10-30,0.8274440169334412,0.8357185018454607,0.821238561615203,0.821238561615203,1526385
2001-10-31,0.823720395565033,0.8307539447465395,0.8150324325523621,0.8274439097420717,1475611
2001-11-01,0.8262031078338623,0.8290990959700663,0.8191701256833364,0.8253755811947509,1755072
2001-11-02,0.8295131325721741,0.8328225288841682,0.8233070379603108,0.8266171444736681,2661422
2001-11-05,0.8253753781318665,0.827443839120066,0.8191699241471481,0.8253753781318665,1190188
2001-11-06,0.8233070373535156,0.8253755698422941,0.8191701144162312,0.8208245284904636,1219680
2001-11-07,0.7860719561576843,0.8245479634997255,0.7798659331705111,0.8228935495854368,10110240
2001-11-08,0.7860719561576843,0.8026209956894992,0.7686954610982722,0.7777974719018416,2150712
2001-11-09,0.8191699385643005,0.8224794051835458,0.7798658411511393,0.7893819692063744,1851552
2001-11-12,0.8034485578536987,0.8191700715347138,0.7984834693673686,0.8191700715347138,833472
2001-11-13,0.7873131036758423,0.7993111044563734,0.7860720977112933,0.7993111044563734,840211
2001-11-14,0.7906229496002197,0.7926914107446981,0.7873129146281785,0.7873129146281785,307094
2001-11-15,0.792277991771698,0.7947599320507867,0.7873129038714097,0.7873129038714097,437544
2001-11-16,0.800552487373352,0.8398559479331748,0.7997249608742582,0.8398559479331748,2489990
2001-11-19,0.8266170024871826,0.8274438897922621,0.8005524748964575,0.8100679641858568,2489990
2001-11-20,0.8506123423576355,0.8543357850420873,0.8204108246210978,0.8233068119245214,2311646
2001-11-21,0.8526814579963684,0.8638520002442559,0.8439929270429883,0.8638520002442559,12010161
2001-11-22,0.8522674441337585,0.8555774791842543,0.8481305217467485,0.8526814914730937,6781536
2001-11-23,0.857231855392456,0.8729533671148282,0.8460613842166935,0.8522674067058078,8197545
2001-11-26,0.8559911847114563,0.8638522625871208,0.8439931833548593,0.8638522625871208,1627934
2001-11-27,0.8663339018821716,0.8675754046149254,0.8526814199687698,0.8526814199687698,2452406
2001-11-28,0.8886750340461731,0.893640122781098,0.8646790345410676,0.8646790345410676,7174195
2001-11-29,0.8915708661079407,0.8994319415569215,0.8729533668081283,0.88743394390406,8933227
2001-11-30,0.9081201553344727,0.9093611613185604,0.8812281650121219,0.8812281650121219,9858456
2001-12-03,0.9101884365081787,0.9350119602340433,0.8936400361987221,0.9350119602340433,13931496
2001-12-04,0.8994321823120117,0.9122577098789637,0.8928126788931883,0.9019141232383214,5697302
2001-12-05,0.8973633050918579,0.9246687618045174,0.8895022311790916,0.8990177185494855,11025691
2001-12-06,0.8998454213142395,0.9101883660119194,0.8936399669841759,0.8936399669841759,6924585
2001-12-07,0.9023277163505554,0.9093606954989876,0.8986042031646571,0.9043961769647059,1730347
2001-12-10,0.8994321823120117,0.90812014738645,0.890743649076432,0.90812014738645,2282184
2001-12-11,0.8936399817466736,0.8998454361792483,0.8928124552514305,0.8994319570121263,1474761
2001-12-12,0.8899165391921997,0.8961219941238617,0.8895024918307779,0.8895024918307779,1691769
2001-12-13,0.8820555806159973,0.8936401008518982,0.8820555806159973,0.8874340774311794,2418048
2001-12-14,0.8849515318870544,0.8895025019077206,0.8770910237427453,0.8770910237427453,2750688
2001-12-17,0.8804004788398743,0.8907434955365208,0.8692300066034699,0.8692300066034699,1721649
2001-12-18,0.8928126096725464,0.8932260889111838,0.8770910949663527,0.8820556156153522,1876204
2001-12-19,0.892398476600647,0.9052240019419454,0.8899165361050362,0.8903300153039788,3477326
2001-12-20,0.8270304799079895,0.889502485078039,0.8195835221297718,0.889502485078039,28268582
2001-12-21,0.8171007037162781,0.8295128172009253,0.811722776958607,0.8233067249485471,3808915
2001-12-24,0.785658597946167,0.8191700873140798,0.785244550565456,0.8191700873140798,10017216
2001-12-25,0.8009658455848694,0.8108953808531142,0.7798657695676501,0.7873127967336332,7248398
2001-12-26,0.8084129691123962,0.8142049447293556,0.7993109583337084,0.8009660114246373,3334507
2001-12-27,0.8150326013565063,0.8171010629496542,0.80758564248019,0.80758564248019,1105804
2001-12-28,0.8282713890075684,0.8315814238232475,0.8088263637454037,0.8150323860668,2369289
2001-12-31,0.8233070373535156,0.8336500548980893,0.8233070373535156,0.8336500548980893,1603152
2002-01-01,0.8233070373535156,0.8336500548980893,0.8233070373535156,0.8336500548980893,0
2002-01-02,0.8233070373535156,0.8336500548980893,0.8233070373535156,0.8336500548980893,0
2002-01-03,0.8233070373535156,0.8336500548980893,0.8233070373535156,0.8336500548980893,0
2002-01-04,0.8121363520622253,0.819169900439866,0.8117228729369111,0.819169900439866,767836
2002-01-07,0.8051029443740845,0.807585524042619,0.7931055137926235,0.797655986589912,1971100
2002-01-08,0.8051029443740845,0.8150324818267914,0.8005525425969261,0.8005525425969261,2606400
2002-01-09,0.7968289852142334,0.8026209605937634,0.7840034606073555,0.8026209605937634,2829297
2002-01-10,0.8042759895324707,0.8146189342949993,0.7777974146000849,0.7976559196786293,5510059
2002-01-11,0.7976560592651367,0.8108956331286968,0.7926915386569162,0.8108956331286968,3802377
2002-01-14,0.7802799344062805,0.7943464644836398,0.7790384315976817,0.7852444542180467,1435219
2002-01-15,0.7538014650344849,0.7819350236336023,0.7447000225081928,0.7819350236336023,1805760
2002-01-16,0.7695229649543762,0.7777974489662217,0.7463544239252342,0.7538014524338824,1702598
2002-01-17,0.7496644854545593,0.76952299211135,0.7451135155364311,0.76952299211135,3307003
2002-01-18,0.7740739583969116,0.7856585488565192,0.7368389567546133,0.7451135120397698,8960198
2002-01-21,0.7591798901557922,0.774487922314356,0.7451134317669564,0.7451134317669564,4290796
2002-01-22,0.7670409083366394,0.7860718138654252,0.7571113727827569,0.7591798336770001,3635136
2002-01-23,0.8038621544837952,0.808826604514079,0.7653861398160228,0.769523134161164,3681187
2002-01-24,0.8046894669532776,0.8233069679850114,0.7736605589741989,0.8067579992677699,3504888
2002-01-25,0.7902089357376099,0.8051029219105206,0.7897954565515779,0.8051029219105206,1977120
2002-01-28,0.7566972970962524,0.7935188114562485,0.7550428835435488,0.7885543634562013,1948896
2002-01-29,0.772005558013916,0.7815210487718783,0.7488370144485663,0.7488370144485663,1403884
2002-01-30,0.7732465267181396,0.7827619459989773,0.7657994977519347,0.7757290354205152,704332
2002-01-31,0.823720395565033,0.8340639797510073,0.7811074678266946,0.7811074678266946,4300660
2002-02-01,0.8262031078338623,0.8315816048672633,0.8191701256833364,0.8274440426918434,5390712
2002-02-04,0.8274440169334412,0.8295131175473576,0.8183425735691515,0.8253755555007402,3247819
2002-02-05,0.8369600176811218,0.8444070464823913,0.8253754981409067,0.8266170720551888,2685312
2002-02-06,0.810895562171936,0.8398560088971622,0.8067580003962519,0.8398560088971622,4736764
2002-02-07,0.823720395565033,0.824961969404759,0.8108955102228784,0.8142049060462138,2632694
2002-02-08,0.8253753781318665,0.8353049141367813,0.8233068461235472,0.8353049141367813,3043411
2002-02-11,0.8253753781318665,0.8353049141367813,0.8233068461235472,0.8353049141367813,0
2002-02-12,0.8253753781318665,0.8353049141367813,0.8233068461235472,0.8353049141367813,0
2002-02-13,0.8253753781318665,0.8353049141367813,0.8233068461235472,0.8353049141367813,0
2002-02-14,0.8253753781318665,0.8353049141367813,0.8233068461235472,0.8353049141367813,0
2002-02-15,0.8253753781318665,0.8353049141367813,0.8233068461235472,0.8353049141367813,0
2002-02-18,0.8253753781318665,0.8353049141367813,0.8233068461235472,0.8353049141367813,0
2002-02-19,0.8253753781318665,0.8353049141367813,0.8233068461235472,0.8353049141367813,0
2002-02-20,0.8253753781318665,0.8353049141367813,0.8233068461235472,0.8353049141367813,0
2002-02-21,0.8253753781318665,0.8353049141367813,0.8233068461235472,0.8353049141367813,0
2002-02-22,0.8253753781318665,0.8353049141367813,0.8233068461235472,0.8353049141367813,0
2002-02-25,0.8315814733505249,0.8477164647579771,0.826617024502369,0.8398559572114991,3590366
2002-02-26,0.8357183337211609,0.8419243559519927,0.8233068574204632,0.8237203365634173,2549534
2002-02-27,0.8274440169334412,0.8357185018454607,0.8253755555007402,0.8357185018454607,2870006
2002-02-28,0.8233070373535156,0.8274440313109364,0.8212385758848734,0.8274440313109364,1170288
2002-03-01,0.8150326013565063,0.8233070869103628,0.8113090864082779,0.8220661519947552,1962979
2002-03-04,0.8224794864654541,0.8233069419771903,0.8108955354219151,0.8108955354219151,1561752
2002-03-05,0.8497849702835083,0.8543359401955939,0.8233069614429439,0.8233069614429439,5036774
2002-03-06,0.8489580750465393,0.8584735657938871,0.8460615188406732,0.8522675423172801,6380985
2002-03-07,0.8530949354171753,0.854335870041772,0.8398559320840143,0.8423378723533317,3870792
2002-03-08,0.8584734201431274,0.8688164357486422,0.8415109739782556,0.856818438218073,23587113
2002-03-11,0.8646789789199829,0.8762634986949759,0.8535085065118221,0.8675755349845203,3882902
2002-03-12,0.8489580750465393,0.860955506451639,0.8448205840218647,0.8605420272256845,5436547
2002-03-13,0.8489580750465393,0.8522675423172801,0.8410970693640895,0.8448205840218647,3106123
2002-03-14,0.8506123423576355,0.8522673241398088,0.8398558485249693,0.8501988632375302,2079777
2002-03-15,0.8452345728874207,0.8597145121088049,0.84399299897336,0.8564050450672016,2695824
2002-03-18,0.8233070373535156,0.8522675574984582,0.810895629360436,0.8435795932093434,4302230
2002-03-19,0.8204109072685242,0.8361324190515974,0.8108954890186508,0.8224794393993015,5816779
2002-03-20,0.8501989841461182,0.8605419293094544,0.827443922421738,0.827443922421738,20785910
2002-03-21,0.8444069623947144,0.8609553612597132,0.841924382974411,0.8501989375075255,2580681
2002-03-22,0.8344773054122925,0.8452343667919578,0.8286853311360094,0.844406840438042,2519798
2002-03-25,0.8315814733505249,0.834063981855107,0.8237203976430388,0.834063981855107,2855952
2002-03-26,0.8257895708084106,0.8336500080278594,0.8233069910648002,0.8336500080278594,2215382
2002-03-27,0.8315814733505249,0.8328224080122489,0.8208244099648428,0.8233069184694248,2116252
2002-03-28,0.823720395565033,0.831581471252688,0.8228935082400171,0.831581471252688,1798876
2002-03-29,0.8009658455848694,0.8191698633731082,0.7984832664624935,0.8113087889396043,1869840
2002-04-01,0.8009658455848694,0.8063443408959973,0.7860717912529032,0.8009658455848695,1743451
2002-04-02,0.7943464517593384,0.8059304021546927,0.7860718971049822,0.7955873863870576,2354414
2002-04-03,0.7910363674163818,0.8026208852489736,0.7902088409825228,0.7902088409825228,920908
2002-04-04,0.8067578673362732,0.8100679020068647,0.7848309028394717,0.791036356727892,2598465
2002-04-05,0.8017935156822205,0.8129640594229877,0.795587492334816,0.8113090062314662,1697760
2002-04-08,0.8055168986320496,0.8129639265756339,0.8026209111207911,0.8100679390643755,1040673
2002-04-09,0.8299264907836914,0.8419244898495669,0.8220660535900937,0.826203047301315,11170454
2002-04-10,0.8274440169334412,0.8398560638920781,0.8257896028879556,0.8357185018454607,4688582
2002-04-11,0.8183425068855286,0.8311674638641634,0.8175149803396101,0.8278579968616526,4292092
2002-04-12,0.8191699385643005,0.8386143244370291,0.810895455284796,0.818342412114217,4893177
2002-04-15,0.8150326013565063,0.8315816434843599,0.8150326013565063,0.819170163724067,1965600
2002-04-16,0.8071721196174622,0.819170119471399,0.805103018954825,0.8154466047243198,2697465
2002-04-17,0.8071721196174622,0.812136569213112,0.8034486048703829,0.812136569213112,1632297
2002-04-18,0.8067578673362732,0.8175148585896573,0.8059303409135957,0.8075853937589508,1658865
2002-04-19,0.8071721196174622,0.8108956343645413,0.7993110427263389,0.8046895397189536,3215836
2002-04-22,0.8088264465332031,0.8179284572919567,0.7976559745159645,0.8071720326270604,2528395
2002-04-23,0.8034485578536987,0.8129640482724307,0.8017935046848778,0.8046894926296516,1206172
2002-04-24,0.7935191988945007,0.8108957696604254,0.7864856474626836,0.8108957696604254,1329120
2002-04-25,0.8055168986320496,0.8059303777818289,0.7947599068865743,0.7976558943978327,988516
2002-04-26,0.8133775591850281,0.8150325413982183,0.8063445772252884,0.8150325413982183,1999483
2002-04-29,0.8179283142089844,0.8220658751833182,0.806757844145834,0.8133773451357885,2347689
2002-04-30,0.817514955997467,0.8224794759439923,0.8142049209324812,0.8191700090400235,2350296
2002-05-01,0.817514955997467,0.8224794759439923,0.8142049209324812,0.8191700090400235,0
2002-05-02,0.817514955997467,0.8224794759439923,0.8142049209324812,0.8191700090400235,0
2002-05-03,0.817514955997467,0.8224794759439923,0.8142049209324812,0.8191700090400235,0
2002-05-06,0.817514955997467,0.8224794759439923,0.8142049209324812,0.8191700090400235,0
2002-05-07,0.817514955997467,0.8224794759439923,0.8142049209324812,0.8191700090400235,0
2002-05-08,0.8104814887046814,0.8216519605714725,0.8067579744090417,0.8183424936225985,734400
2002-05-09,0.7993109226226807,0.8162734405436332,0.797655940625821,0.806757950997856,2061820
2002-05-10,0.8075854182243347,0.810895452995202,0.7984833375003255,0.7997249112524294,2524838
2002-05-13,0.8026209473609924,0.8067579406693587,0.7935189371054858,0.8067579406693587,1187481
2002-05-14,0.792277991771698,0.8005524754176861,0.7873129038714097,0.7984833751203511,771840
2002-05-15,0.785658597946167,0.7935190353474907,0.781935083345258,0.7902089999662215,1594080
2002-05-16,0.7649717926979065,0.7856583897827306,0.7604208237225787,0.7856583897827306,3137904
2002-05-17,0.7670409083366394,0.7773838519889044,0.7604208391934295,0.7645583291428483,2535436
2002-05-20,0.7612482905387878,0.7653858514864058,0.7583523032619547,0.7645583250928589,1394726
2002-05-21,0.7649717926979065,0.781934876168382,0.7637308582268406,0.781934876168382,11674656
2002-05-22,0.7471821308135986,0.7720056598615053,0.7447001898256457,0.7720056598615053,4905216
2002-05-23,0.7467683553695679,0.7608348836804261,0.7446998944829164,0.7471818344865494,5663059
2002-05-24,0.7235999703407288,0.7529738937378194,0.7219449173647959,0.7529738937378194,9361728
2002-05-27,0.7318744659423828,0.7355979800983737,0.7244274376304009,0.7260824906333423,1613289
2002-05-28,0.7322878837585449,0.7393214323109937,0.7318744046229543,0.7347703920348369,2229120
2002-05-29,0.7157390117645264,0.740149058584213,0.7120154970609444,0.7322880528050568,5584982
2002-05-30,0.7190489768981934,0.7273234610989633,0.7144980070367634,0.7178080421855096,6307257
2002-05-31,0.7202898859977722,0.7302193509307257,0.7161528930228525,0.7161528930228525,2132640
2002-06-03,0.6996039152145386,0.7194624206456249,0.6950529455773049,0.7194624206456249,4942512
2002-06-04,0.701672375202179,0.7136703719169168,0.6838823327542701,0.7136703719169168,5437497
2002-06-05,0.6942254900932312,0.7024999747328292,0.6867784610196062,0.7024999747328292,7052616
2002-06-06,0.7318744659423828,0.7364255065998444,0.6938119399212536,0.6975354540772445,6064488
2002-06-07,0.730219304561615,0.7355978709222702,0.7169803739256162,0.730219304561615,3980880
2002-06-10,0.7281509637832642,0.735183944879883,0.7219449410407375,0.731874478000603,2356444
2002-06-11,0.7327021360397339,0.7343565501857806,0.7281510944903535,0.732702136039734,1334448
2002-06-12,0.7289784550666809,0.7347704301912215,0.7281509285915706,0.7335294955791718,1990080
2002-06-13,0.7281509637832642,0.7306329041474394,0.7235999940709471,0.7306329041474394,1570492
2002-06-14,0.7157390117645264,0.7252550707900208,0.7157390117645263,0.7240134967747236,2098080
2002-06-17,0.7132569551467896,0.7157388954316714,0.7033274185041544,0.7157388954316714,1050912
2002-06-18,0.7223590016365051,0.7231859600057746,0.7136704702093267,0.7190489665354621,1629936
2002-06-19,0.7149120569229126,0.7240134285170075,0.7149120569229126,0.7240134285170075,678240
2002-06-20,0.7149120569229126,0.7240134285170075,0.7149120569229126,0.7149120569229126,912960
2002-06-21,0.7438724040985107,0.7550429456685845,0.7153253698370515,0.7153253698370515,9708393
2002-06-24,0.7438724040985107,0.7438724040985107,0.7438724040985107,0.7438724040985107,0
2002-06-25,0.8183425068855286,0.8183425068855287,0.7972424975080968,0.8183425068855287,58452854
2002-06-26,0.8266170024871826,0.8543358728490597,0.8026209360113284,0.8543358728490597,33966676
2002-06-27,0.8026209473609924,0.826617014176169,0.7988974332210751,0.826617014176169,16663694
2002-06-28,0.8501989841461182,0.8638520353847717,0.8026209676619345,0.8026209676619345,30904459
2002-07-01,0.8419243693351746,0.8481304626847788,0.8295129638573066,0.8357183470056921,15117753
2002-07-02,0.8353050351142883,0.8419244663358202,0.8299264676050317,0.8419244663358202,6861254
2002-07-03,0.8303405046463013,0.8377875333508046,0.8233069551338256,0.833649971645492,3055737
2002-07-04,0.8324089646339417,0.8357183603255829,0.8274438768147578,0.8357183603255829,3007180
2002-07-05,0.8307538628578186,0.8332363711114333,0.824547840794198,0.8295129283215461,2661120
2002-07-08,0.8435794115066528,0.8439928906509113,0.8199968252396123,0.8290989059827315,5751273
2002-07-09,0.8382010459899902,0.8419244894706911,0.8191700652974309,0.8419244894706911,2873505
2002-07-10,0.8228934407234192,0.8344773904565428,0.8216518669855617,0.8344773904565428,2505196
2002-07-11,0.8253753781318665,0.827443839120066,0.8150323629896711,0.8150323629896711,2027059
2002-07-12,0.8187559843063354,0.8274439477177418,0.8171009312180797,0.8266170603547758,558201
2002-07-15,0.8187559843063354,0.8187559843063354,0.810895547439057,0.8171009312180797,1664337
2002-07-16,0.8270304799079895,0.8386144312826191,0.8034485298004518,0.8187559955742553,8040988
2002-07-17,0.8216519355773926,0.8224794620847264,0.8162734394004776,0.8171008948876856,312508
2002-07-18,0.8286855816841125,0.8348910369330846,0.8233070138580457,0.8257895936703863,6454483
2002-07-19,0.8295131325721741,0.8307540674140015,0.8237205171939351,0.8274440319207805,370684
2002-07-22,0.8228934407234192,0.8348908695951887,0.8199968141090583,0.8348908695951887,843508
2002-07-23,0.8348909616470337,0.8348909616470336,0.8191700171704012,0.8191700171704012,8182886
2002-07-24,0.8220658898353577,0.827857864529655,0.8212383634217182,0.8274438172423637,781761
2002-07-25,0.8216519355773926,0.8315814724440145,0.8171008948876856,0.8253754497597656,508536
2002-07-26,0.8249621987342834,0.8253756780217966,0.8216521628096657,0.8216521628096657,502617
2002-07-29,0.8152714967727661,0.8333885575688921,0.8005246785351966,0.8241191971554166,681753
2002-07-30,0.8038955926895142,0.8152714443783871,0.7920980086710137,0.8097940592322093,1712836
2002-07-31,0.7878850102424622,0.8156925105702226,0.7870422688579273,0.8156925105702226,3847680
2002-08-01,0.7883061766624451,0.7920981520202858,0.7815649674995218,0.7878851675156372,9072259
2002-08-02,0.7849360108375549,0.7929409714866036,0.7807223749856507,0.7899917373917323,2136916
2002-08-05,0.7786157131195068,0.7883061558314426,0.7786157131195068,0.7883061558314426,959126
2002-08-06,0.7731382250785828,0.7786156103483136,0.757970398375979,0.7786156103483136,17044372
2002-08-07,0.7697681784629822,0.7710320017284704,0.7626053078597488,0.76892550907611,2765390
2002-08-08,0.768503725528717,0.7744021933120085,0.7668182423737299,0.7710318779352815,2578104
2002-08-09,0.7575494647026062,0.7689253911924495,0.7567067231190064,0.768503731096982,5112000
2002-08-12,0.752493143081665,0.7575494478187375,0.7503865784732833,0.7575494478187375,1573070
2002-08-13,0.7537575364112854,0.7575495121453785,0.7520721254644511,0.7524932069789544,1471680
2002-08-14,0.765554666519165,0.7659763267079006,0.7575496322671478,0.7575496322671478,1106006
2002-08-15,0.7697681784629822,0.7992611730479399,0.7647118728380373,0.7651335329981492,3062995
2002-08-16,0.7529146671295166,0.769767904210645,0.7499654338151066,0.769767904210645,8329680
2002-08-19,0.7238430380821228,0.7541787027134773,0.7225792147891578,0.7503867265530756,55089115
2002-08-20,0.7356404066085815,0.7385896404453282,0.7213146679688559,0.7335333357263208,27398966
2002-08-21,0.7356404066085815,0.7356404066085814,0.7356404066085814,0.7356404066085814,0
2002-08-22,0.7356404066085815,0.7356404066085814,0.7356404066085814,0.7356404066085814,0
2002-08-23,0.7356404066085815,0.7356404066085814,0.7356404066085814,0.7356404066085814,0
2002-08-26,0.7356404066085815,0.7356404066085814,0.7356404066085814,0.7356404066085814,0
2002-08-27,0.7571277618408203,0.7668182046160998,0.7352187240081812,0.7352187240081812,39131668
2002-08-28,0.7567067742347717,0.7613414916280624,0.7508083060102991,0.756285114110821,6297696
2002-08-29,0.7482799887657166,0.7562849477005149,0.7457518367263425,0.7562849477005149,3814560
2002-08-30,0.7579704523086548,0.7596558629411828,0.7465945995537395,0.7482800101862676,4968619
2002-09-02,0.7520719766616821,0.7604985957730583,0.7503864937224113,0.7583921037285053,3363552
2002-09-03,0.7533359527587891,0.7575495890424732,0.7512294600836265,0.752072201805549,2698401
2002-09-04,0.7499656677246094,0.7524932418174702,0.7482801843738202,0.752072160283472,1332230
2002-09-05,0.7415388226509094,0.7465946207364912,0.7398534119705621,0.7461735392885669,2851171
2002-09-06,0.752493143081665,0.7550212954502012,0.7377469015193314,0.7411172168453626,5379638
2002-09-09,0.7600769400596619,0.7621840830493691,0.7457518538383948,0.7520719809411813,8205782
2002-09-10,0.7621842622756958,0.7626052714823733,0.7453309476681081,0.7470164310133084,143731670
2002-09-11,0.7609198093414307,0.7621842110690813,0.7562850920831315,0.7604987278371186,9938980
2002-09-12,0.77103191614151,0.7803012783681755,0.7571278366385519,0.7571278366385519,36947822
2002-09-13,0.7752447128295898,0.796311657027812,0.7706100690040278,0.7710317290149988,30827246
2002-09-16,0.761341392993927,0.773559987983866,0.7520720317341419,0.773559987983866,20428473
2002-09-17,0.7659760117530823,0.7668181022434428,0.756284919338379,0.7583920622007139,6552230
2002-09-18,0.7634479999542236,0.7659762249283086,0.7571278714745509,0.7659762249283086,3197635
2002-09-19,0.7697681784629822,0.7706103415683585,0.7575495808422278,0.757970662394916,11543457
2002-09-20,0.7689251899719238,0.775244665306421,0.7583920078221156,0.7706100217649666,4983868
2002-09-23,0.7680826187133789,0.7701891109580619,0.7600770079467015,0.760498668025208,5043772
2002-09-24,0.7600769400596619,0.770610123601435,0.759234198585231,0.7668181485960336,7041456
2002-09-25,0.7680826187133789,0.7697680294868673,0.7600770079467015,0.7600770079467015,12981139
2002-09-26,0.7630262970924377,0.7685037559332707,0.7583922307957132,0.762605215590697,10120147
2002-09-27,0.7583922147750854,0.7642906826671378,0.7524931682756915,0.7604987071280789,16242148
2002-09-30,0.7583922147750854,0.7583922147750854,0.7583922147750854,0.7583922147750854,0
2002-10-01,0.7583922147750854,0.7583922147750854,0.7583922147750854,0.7583922147750854,0
2002-10-02,0.7583922147750854,0.7583922147750854,0.7583922147750854,0.7583922147750854,0
2002-10-03,0.7583922147750854,0.7583922147750854,0.7583922147750854,0.7583922147750854,0
2002-10-04,0.7583922147750854,0.7583922147750854,0.7583922147750854,0.7583922147750854,0
2002-10-07,0.7583922147750854,0.7583922147750854,0.7583922147750854,0.7583922147750854,0
2002-10-08,0.7546001672744751,0.7609197160567168,0.7516503550024127,0.7550212487271648,12768148
2002-10-09,0.7630262970924377,0.7689254160423652,0.7415389174233123,0.7520721026699643,23767027
2002-10-10,0.7449091076850891,0.7550212097297614,0.7440663662159516,0.7550212097297614,3721636
2002-10-11,0.7305840849876404,0.7562850259692879,0.7297413434453309,0.7440664308204129,10610294
2002-10-14,0.7335333824157715,0.7432244047119722,0.7120460026290651,0.7162589874471028,25407244
2002-10-15,0.7381677627563477,0.7394321640299842,0.7288984038940579,0.7331120381350371,3136118
2002-10-16,0.7436453104019165,0.7449091333455303,0.7394323261701718,0.7394323261701718,2810808
2002-10-17,0.7402744293212891,0.7415388308936767,0.7288985761171612,0.7377468557169972,3608452
2002-10-18,0.7322694659233093,0.7373251917121293,0.7246855156105273,0.7293202322749056,4080758
2002-10-21,0.7255282998085022,0.7288986151055669,0.716258938260248,0.7255282998085022,1030780
2002-10-22,0.7377469539642334,0.7394324372136852,0.7246856159957085,0.7246856159957085,9018417
2002-10-23,0.7377469539642334,0.7381680354729147,0.7288986731860542,0.7381680354729147,8947296
2002-10-24,0.7339550852775574,0.7398535536700543,0.7293203677522416,0.7394324721414829,3834907
2002-10-25,0.7402744293212891,0.7444880645578599,0.7293202361770525,0.7343759619929227,17743694
2002-10-28,0.7356404066085815,0.7453308496806278,0.7221574095306621,0.7402744726357054,13064025
2002-10-29,0.7314267754554749,0.7326905985020059,0.7175227691439164,0.7238428969393879,2915755
2002-10-30,0.7415388226509094,0.7419599040988337,0.7301629695732328,0.7314267201983758,9736776
2002-10-31,0.7406960129737854,0.7457518105940294,0.7381678610230018,0.7406960129737854,7001136
2002-11-01,0.7474372386932373,0.74954380300306,0.7234217112325702,0.7234217112325702,13480833
2002-11-04,0.7499656677246094,0.7533359111669401,0.7381680798542574,0.7381680798542574,10508313
2002-11-05,0.766818106174469,0.7786156182529544,0.7508081164972978,0.7508081164972978,46800979
2002-11-06,0.7588133811950684,0.7706103182994979,0.757970639507715,0.7588133811950684,11877408
2002-11-07,0.7575494647026062,0.7634479325286355,0.7537574892059918,0.7592342969365538,5758113
2002-11-08,0.7571277618408203,0.76471171240567,0.7444880853191133,0.7592342540512501,14474188
2002-11-11,0.7478583455085754,0.7575493661781714,0.741538797016314,0.7575493661781714,1647849
2002-11-12,0.7571277618408203,0.7626051478693274,0.7465946498554559,0.7478584005298882,17424734
2002-11-13,0.7478583455085754,0.7600769396669905,0.7419598784496818,0.7554422955154602,5403355
2002-11-14,0.7474372386932373,0.7512292135679092,0.741959853253716,0.7449090866830109,3770856
2002-11-15,0.7482799887657166,0.7537573742683877,0.7419598618079519,0.7474372473106232,10715342
2002-11-18,0.7453308701515198,0.7499655872391738,0.7301630404666309,0.7499655872391738,4268923
2002-11-19,0.7478583455085754,0.7478583455085756,0.737325161972244,0.741538797016314,3513945
2002-11-20,0.7457519173622131,0.7499655527673813,0.7377468852359492,0.7385896267821657,5907700
2002-11-21,0.7293201684951782,0.7457518183162082,0.7293201684951782,0.7457518183162082,4316731
2002-11-22,0.7213148474693298,0.7373254222836926,0.716259120099516,0.7373254222836926,12786292
2002-11-25,0.7213148474693298,0.7225792494303479,0.7112033927297021,0.7213148474693298,4669488
2002-11-26,0.7217363119125366,0.7352187300816155,0.7133096920679921,0.7133096920679921,24669316
2002-11-27,0.7339550852775574,0.7347977546161671,0.7196299234989625,0.7213147558947152,15936940
2002-11-28,0.7432243824005127,0.7440664730574035,0.7276348925233743,0.7322695373136827,15499728
2002-11-29,0.7440662384033203,0.7541783387109777,0.7390105137160174,0.7390105137160174,17870313
2002-12-02,0.7314267754554749,0.7440664524390941,0.7310057663016545,0.7373252431638869,1740312
2002-12-03,0.7415388226509094,0.7415388226509094,0.7196297856727748,0.7196297856727748,2175897
2002-12-04,0.7440662384033203,0.74575172105207,0.7310055560228759,0.7310055560228759,3017707
2002-12-05,0.7432243824005127,0.7583922121789073,0.737746923694139,0.737746923694139,5965027
2002-12-06,0.741959810256958,0.7537573218977086,0.7373250942054919,0.7537573218977086,943329
2002-12-09,0.7377469539642334,0.7478584792684564,0.7364826245493833,0.7436454220781106,1450166
2002-12-10,0.7385895252227783,0.7411170985806516,0.7314266570203479,0.736482454669228,1712275
2002-12-11,0.7335333824157715,0.7385896874566129,0.7204726231984172,0.7347977118167005,8387352
2002-12-12,0.7288987636566162,0.7369043761296427,0.7288987636566162,0.7339551417066464,1475409
2002-12-13,0.7251067757606506,0.7373253734231269,0.7183655652945106,0.7267922591920062,15612163
2002-12-16,0.7242645025253296,0.7470162810133435,0.7225790195185723,0.7352186955510522,24018566
2002-12-17,0.7288987636566162,0.7331123999773199,0.7200510603876278,0.7284776820956705,29544379
2002-12-18,0.7284774780273438,0.7331121946106705,0.7263709859237657,0.7331121946106705,5104166
2002-12-19,0.7415388226509094,0.742381564154038,0.7284774865669755,0.7288985680148999,12167049
2002-12-20,0.7541785836219788,0.7562850759875024,0.7406961645716099,0.7415389061696557,15749769
2002-12-23,0.7537575364112854,0.7571278520235039,0.7470163989053985,0.7516504653425766,3656059
2002-12-24,0.7706100940704346,0.7811438558157974,0.7457518252600026,0.7731382460709368,26104348
2002-12-25,0.774823784828186,0.7756664540051823,0.7617624487476986,0.7617624487476986,38015107
2002-12-26,0.7583922147750854,0.7731383845052164,0.7512293451898131,0.771031892152223,14215694
2002-12-27,0.7546001672744751,0.7604986346040272,0.745330806220171,0.7520720150623887,10228809
2002-12-30,0.7491228580474854,0.7579705599471058,0.7331122865127698,0.7503866088162362,13079088
2002-12-31,0.7436453104019165,0.7520720021245014,0.736482513948855,0.7453307933982526,7539840
2003-01-01,0.7436453104019165,0.7520720021245014,0.736482513948855,0.7453307933982526,0
2003-01-02,0.7272138595581055,0.7419600302217512,0.7267921994312249,0.7343760786635268,5506848
2003-01-03,0.7251067757606506,0.7288987518515595,0.7162590726349573,0.7288987518515595,3065544
2003-01-06,0.7242645025253296,0.7251065930955183,0.715837810750643,0.7208936088377249,3146227
2003-01-07,0.7242645025253296,0.7310057112932589,0.7175227151501202,0.7204725273896756,5270400
2003-01-08,0.7326905131340027,0.7331121731719332,0.7204724976610011,0.7204724976610011,5173632
2003-01-09,0.7352187037467957,0.7390106789247202,0.7305840593820091,0.7331122115944172,3091392
2003-01-10,0.7364824414253235,0.743645237173044,0.7288984919477197,0.743645237173044,4666795
2003-01-13,0.7440662384033203,0.7487009540579089,0.7335331290629487,0.7335331290629487,12456604
2003-01-14,0.7617625594139099,0.7781941406340457,0.7440665041261667,0.7449092457515035,26523504
2003-01-15,0.7583922147750854,0.775666536958397,0.7554424022217177,0.7659761658532034,12546288
2003-01-16,0.793362021446228,0.7988394079040206,0.7562850795780158,0.7668182647148224,51152140
2003-01-17,0.7849360108375549,0.800524850621555,0.7836716090805219,0.7942047223103446,28322683
2003-01-20,0.7798795700073242,0.7891489316605371,0.7769303361519934,0.7849359470841086,6780427
2003-01-21,0.7781938314437866,0.787463262380377,0.7765089997958109,0.787463262380377,7807680
2003-01-22,0.7819859981536865,0.7832503997043118,0.7765091909794762,0.7781940230422731,3954153
2003-01-23,0.7604986429214478,0.7853569140841676,0.7583921507462992,0.7819860203225487,11323987
2003-01-24,0.7735600471496582,0.7739811286438888,0.7609197911236051,0.7609197911236051,5206435
2003-01-27,0.7845142483711243,0.7857779990300008,0.7689253382948772,0.7731383226638784,9319276
2003-01-28,0.7916770577430725,0.7925197992822003,0.7630262321678581,0.7630262321678581,6872299
2003-01-29,0.7979966402053833,0.8043167680585378,0.7807223184022224,0.7920981724431367,14687467
2003-01-30,0.7979966402053833,0.8043167680585378,0.7807223184022224,0.7920981724431367,0
2003-01-31,0.7979966402053833,0.8043167680585378,0.7807223184022224,0.7920981724431367,0
2003-02-03,0.7979966402053833,0.8043167680585378,0.7807223184022224,0.7920981724431367,0
2003-02-04,0.7979966402053833,0.8043167680585378,0.7807223184022224,0.7920981724431367,0
2003-02-05,0.7979966402053833,0.8043167680585378,0.7807223184022224,0.7920981724431367,0
2003-02-06,0.7979966402053833,0.8043167680585378,0.7807223184022224,0.7920981724431367,0
2003-02-07,0.7979966402053833,0.8043167680585378,0.7807223184022224,0.7920981724431367,0
2003-02-10,0.7916770577430725,0.799261008336092,0.7899916469907299,0.799261008336092,4651948
2003-02-11,0.797153890132904,0.7984182917848197,0.7866207777787639,0.793783647130046,3795854
2003-02-12,0.8169562816619873,0.8194844335535786,0.7958899886191636,0.7996819633158948,27504792
2003-02-13,0.8089513182640076,0.8173779366860334,0.8081085768633137,0.8169562766820817,5781600
2003-02-14,0.8089513182640076,0.8131643020084651,0.808529658260056,0.8131643020084651,3415392
2003-02-17,0.8194846510887146,0.8291750949396093,0.8093726194452875,0.8093726194452875,35786880
2003-02-18,0.8169562816619873,0.8215909977645495,0.8102150736743559,0.81527144978344,13898318
2003-02-19,0.8224337697029114,0.8295965656370793,0.8148498200278979,0.8295965656370793,12758270
2003-02-20,0.8266473412513733,0.8300176561034578,0.8215910372253379,0.8228554386984197,12705667
2003-02-21,0.8156926035881042,0.8258047057707637,0.8152715221514177,0.8258047057707637,16003742
2003-02-24,0.8190634846687317,0.8224337996066071,0.8089513826405941,0.8131643667203221,9900763
2003-02-25,0.8266473412513733,0.8312814789692987,0.819063463819561,0.819063463819561,20255241
2003-02-26,0.8274897336959839,0.8384445076267687,0.8215912651942197,0.8215912651942197,12500856
2003-02-27,0.8367589712142944,0.8418153482116038,0.822433883642695,0.8262257866796268,14152305
2003-02-28,0.8422363996505737,0.8485565276664729,0.8321242960814204,0.8367590132308622,31352875
2003-03-03,0.8586679697036743,0.8616172033759232,0.8426573997665849,0.8426573997665849,23634460
2003-03-04,0.8611960411071777,0.8628815239786134,0.853191082356421,0.8552975743161947,14161694
2003-03-05,0.8531911969184875,0.8692011888956435,0.850241384519677,0.8599324060503629,15789441
2003-03-06,0.8380232453346252,0.8552975640867293,0.8304392957629115,0.8515055893008724,27280411
2003-03-07,0.8384444713592529,0.8456073413751005,0.8371807205233255,0.8380234621670173,8686857
2003-03-10,0.8140072226524353,0.8426574712228241,0.8093725778834836,0.8426574712228241,15170400
2003-03-11,0.817378044128418,0.8245403344131652,0.8119006582593256,0.8152715519792958,10390665
2003-03-12,0.8110578656196594,0.8215910489603767,0.8051593986703076,0.8156925820110249,11259907
2003-03-13,0.7992610931396484,0.8106369479102709,0.7933620463916766,0.8085298768611467,19813507
2003-03-14,0.8005246520042419,0.8089513430099425,0.7963116681309087,0.7992609014940488,3860784
2003-03-17,0.8203271627426147,0.8241191373828737,0.8005246204739405,0.8017884432602588,11194704
2003-03-18,0.8114795088768005,0.8291749093590403,0.8110578488527205,0.8215910319756861,9937209
2003-03-19,0.8114795088768005,0.8258046668543955,0.800524665729755,0.8097940983208596,21012537
2003-03-20,0.8232765793800354,0.824962062542049,0.8081087497661635,0.8081087497661635,17998934
2003-03-21,0.8371805548667908,0.8388653868874909,0.8089513914480594,0.8123217064226291,7959096
2003-03-24,0.8426575064659119,0.8439219082018591,0.8325459812002621,0.8325459812002621,11108851
2003-03-25,0.8295968770980835,0.8430792986356699,0.8215913367212256,0.8384445806210031,20279620
2003-03-26,0.8363379240036011,0.8384444163450034,0.8236976680886755,0.8300177960461383,13158230
2003-03-27,0.8578252196311951,0.8637243378500418,0.8308604567889124,0.836337842625011,11860804
2003-03-28,0.8616170883178711,0.8637242311271355,0.851505565682833,0.857404032239665,20118038
2003-03-31,0.8919528722763062,0.9016439658720391,0.8552976661380364,0.8552976661380364,27723873
2003-04-01,0.9176546335220337,0.9311369805293861,0.8784706200347753,0.8890037330166742,47292120
2003-04-02,0.9138623476028442,0.9184964123531039,0.906699480256629,0.9176543219565614,7994620
2003-04-03,0.9180755019187927,0.9184965833584083,0.9066996490655853,0.9134408576984964,8229427
2003-04-04,0.947990357875824,0.95304608465166,0.9079636000758092,0.9142837286641134,41397998
2003-04-07,0.9412484169006348,0.9543097534971307,0.9366143510143138,0.9479902045384095,14313484
2003-04-08,0.9235531687736511,0.9496751953992696,0.9227104270966014,0.9395637417931717,22789483
2003-04-09,0.9100704193115234,0.928187478341594,0.9024864702202346,0.9235528347495954,46807444
2003-04-10,0.926080584526062,0.9332433812747828,0.9134409080500039,0.9134409080500039,35904110
2003-04-11,0.947990357875824,0.9597872947725228,0.9269234072333257,0.9353501006992156,37148227
2003-04-14,0.9437764286994934,0.9669498646959168,0.9395634449047361,0.9479900634273694,69226876
2003-04-15,0.978746771812439,0.9846452382713181,0.9336643024422748,0.943776403516597,62478518
2003-04-16,0.9618939161300659,0.9922296550398638,0.9568381886772246,0.9838029604455669,34761441
2003-04-17,0.9585233926773071,0.9648428693353339,0.939563588510878,0.9606298848966495,16410081
2003-04-18,0.9522032141685486,0.9606299064945061,0.935349974168463,0.9585234142278035,11113300
2003-04-21,0.9176546335220337,0.9454621414783873,0.9016440616674941,0.9437766582469291,40992480
2003-04-22,0.921024739742279,0.9260805377514307,0.9147046125198178,0.916390095500595,20000937
2003-04-23,0.926080584526062,0.9311368890719606,0.9079634497153659,0.9218675277945052,25885022
2003-04-24,0.9029078483581543,0.9387209691322287,0.9016440975139164,0.9256596307838665,23544864
2003-04-25,0.9159690737724304,0.9311369027441522,0.9020649954891329,0.9020649954891329,14724763
2003-04-28,0.9484111666679382,0.9543096334200292,0.9100704818462135,0.9163900300097703,22252795
2003-04-29,0.9517820477485657,0.9635789811001194,0.9463045901529038,0.9492538234907922,21444105
2003-04-30,0.9757975935935974,0.9808533189492245,0.9479900915749897,0.9479900915749897,27241027
2003-05-01,0.9757975935935974,0.9808533189492245,0.9479900915749897,0.9479900915749897,0
2003-05-02,0.9757975935935974,0.9808533189492245,0.9479900915749897,0.9479900915749897,0
2003-05-05,0.9757975935935974,0.9808533189492245,0.9479900915749897,0.9479900915749897,0
2003-05-06,0.9757975935935974,0.9808533189492245,0.9479900915749897,0.9479900915749897,0
2003-05-07,0.9757975935935974,0.9808533189492245,0.9479900915749897,0.9479900915749897,0
2003-05-08,0.9757975935935974,0.9808533189492245,0.9479900915749897,0.9479900915749897,0
2003-05-09,0.9757975935935974,0.9808533189492245,0.9479900915749897,0.9479900915749897,0
2003-05-12,0.9871734380722046,0.9934936371617866,0.964842742997449,0.9934936371617866,23273928
2003-05-13,0.9597872495651245,0.9880164182054844,0.9471475715912597,0.9838027823673098,14463028
2003-05-14,0.9791678786277771,0.9816960305323281,0.9522030465390247,0.9555740121796287,14540227
2003-05-15,1.0162456035614014,1.0183521683744141,0.972426943533802,0.9800108950947065,70847136
2003-05-16,1.0107682943344116,1.0191949158623548,1.0073973998150798,1.0132958685350058,21919147
2003-05-19,1.0107682943344116,1.0107682943344116,1.0107682943344116,1.0107682943344116,0
2003-05-20,1.006975769996643,1.0301486230334427,0.9943355191202704,1.017508950764178,29434939
2003-05-21,1.006975769996643,1.0322551145351728,1.004869278494913,1.004869278494913,17394278
2003-05-22,1.0132956504821777,1.017509285806085,1.0027624662463126,1.00697610157022,21493814
2003-05-23,1.0111891031265259,1.0196157223814586,1.0073971280781016,1.0196157223814586,18293270
2003-05-26,1.0158237218856812,1.0213011797648748,1.0086615043397908,1.0103463363323941,15833635
2003-05-27,1.0078188180923462,1.0322554288184433,1.006976076583294,1.0322554288184433,9210657
2003-05-28,0.984645426273346,1.0141384151320492,0.9816961924807981,1.009082616770216,14851166
2003-05-29,0.9901227951049805,0.996864004121585,0.9821178354162395,0.9846454090864247,8032924
2003-05-30,1.0141385793685913,1.0246716932244782,0.9901229727347994,0.9947576903762779,21992716
2003-06-02,1.0234078168869019,1.0234078168869019,1.00950373799261,1.0111892211573323,17115062
2003-06-03,1.0246716737747192,1.0343627690202557,1.0204586886856655,1.0234079228998516,10081180
2003-06-04,1.0132956504821777,1.0246715039220944,1.0057116999716251,1.023829413325341,15670929
2003-06-05,1.0154025554656982,1.019615538868313,1.0111889211300256,1.013295412831333,13052044
2003-06-06,1.0078188180923462,1.0149811083565439,1.001919772180801,1.011189133195361,8970566
2003-06-09,1.006975769996643,1.0162451281890283,0.9846450796052045,1.003183795989975,20186452
2003-06-10,0.9918081164360046,1.0120317401878756,0.9867517403796813,1.0069759427387592,22656628
2003-06-11,1.0107682943344116,1.0132958685350058,0.9918084863039497,0.9918084863039497,14202374
2003-06-12,1.011610984802246,1.0196159457653262,1.0069762672544262,1.0111893246642365,5500108
2003-06-13,1.0111891031265259,1.0175092303010191,1.0086615296077235,1.0145599967365873,9873216
2003-06-16,1.0014985799789429,1.0107679399684484,0.9947573719111076,1.009503538541052,10570550
2003-06-17,1.0111891031265259,1.0111891031265259,0.9964429353043666,1.0019197423876007,9289584
2003-06-18,1.0036051273345947,1.0132955692637804,1.0027623858721788,1.0095035943124413,7598332
2003-06-19,0.9960213303565979,1.005290691608285,0.9934937566979753,1.0036052085470628,3932366
2003-06-20,0.9909655451774597,1.004026881859621,0.9871735698692531,0.9943358604111495,4235659
2003-06-23,0.9888591170310974,0.994335924844438,0.982117907519579,0.982117907519579,2673604
2003-06-24,0.9804325699806213,0.988859190989134,0.9804325699806213,0.988016449329767,9951163
2003-06-25,0.947990357875824,0.9812752546216553,0.9467259560633557,0.9812752546216553,32513486
2003-06-26,0.959365963935852,0.9614725282660187,0.9441981366165871,0.9471473700743639,50873270
2003-06-27,0.9509394764900208,0.9606299196569477,0.9437766071000251,0.9593660966055241,45723096
2003-06-30,0.9555742144584656,0.9635791746608843,0.9463047802436425,0.950096755762509,14745182
2003-07-01,0.978746771812439,0.982959827820681,0.9450402262953994,0.9500965299732109,24252091
2003-07-02,0.9859097003936768,0.9859097003936768,0.9648427555589478,0.9728483652852796,5739796
2003-07-03,0.9753760695457458,0.9892801479599359,0.9694776019320565,0.9867519233001506,9536760
2003-07-04,1.0246716737747192,1.0259360755829054,0.9774833477403457,0.9816963328293996,27565041
2003-07-07,1.0411036014556885,1.055428759120104,1.0284633480290455,1.034362465660633,22268260
2003-07-08,1.0486879348754883,1.0533226527662722,1.0419467242868832,1.0486879348754883,15128280
2003-07-09,1.0347834825515747,1.0533222751424873,1.0322553305909028,1.0499513817529567,16549963
2003-07-10,1.095953106880188,1.1205909313163303,1.0347835948570594,1.04073048997262,73924099
2003-07-11,1.0764130353927612,1.1027495961152292,1.070466140635803,1.0874571643417996,28405245
2003-07-14,1.1095460653305054,1.1095460653305054,1.0764130225997028,1.0764130225997028,40761734
2003-07-15,1.114644169807434,1.115493830525392,1.1035993825910348,1.1095462784194192,19456459
2003-07-16,1.119741439819336,1.1443793408963643,1.104449077733817,1.104449077733817,36623700
2003-07-17,1.1520253419876099,1.1579722372606331,1.1197413003488599,1.1214406216260815,39012775
2003-07-18,1.1486268043518066,1.188557063653195,1.1384323347989804,1.1537246954057654,68099155
2003-07-21,1.1137943267822266,1.1409805485177207,1.0959530588594981,1.1401308879388363,51536851
2003-07-22,1.118891716003418,1.1426798805250336,1.0959531392032495,1.1214406250072102,49606941
2003-07-23,1.104448914527893,1.129086739044422,1.0968027710748818,1.1188916866544774,39572251
2003-07-24,1.1231400966644287,1.1239897574745248,1.0968030179028734,1.1027499143761452,30348115
2003-07-25,1.09340500831604,1.1205911639672514,1.088307116480687,1.1197415031747362,17094664
2003-07-28,1.1019001007080078,1.1052986705571946,1.0747138753458703,1.0908558971838966,9102758
2003-07-29,1.0806607007980347,1.1078474329978423,1.0798110402183292,1.096802720498314,23908046
2003-07-30,1.065368413925171,1.092555222749182,1.0543242832785276,1.0806608480492168,23647968
2003-07-31,1.0585719347000122,1.0789615309612246,1.0492263962097577,1.0789615309612246,22314744
2003-08-01,1.0628197193145752,1.0696162733226926,1.0500756883413478,1.0577219027501108,9574660
2003-08-04,1.0815105438232422,1.0840595261642216,1.0458285828758735,1.0602712848269389,13105591
2003-08-05,1.0789613723754883,1.088306836572416,1.070466152110304,1.08066069352346,7984900
2003-08-06,1.0806607007980347,1.0849088578571215,1.0755633935972837,1.0772627147566947,10125950
2003-08-07,1.0832096338272095,1.0900061894195543,1.0789614037534543,1.080660724950845,5234536
2003-08-08,1.0441288948059082,1.080660576630018,1.0432792343238289,1.080660576630018,11956608
2003-08-11,1.0364829301834106,1.0534746126179586,1.0262878769708441,1.0534746126179586,9598687
2003-08-12,1.0543240308761597,1.0560226955828937,1.0390316733327936,1.0407303380395276,4807051
2003-08-13,1.0356335639953613,1.0534748380148649,1.0347839031261283,1.0534748380148649,5141318
2003-08-14,1.0305358171463013,1.042429678786283,1.0237393351976996,1.0262876604448192,7000984
2003-08-15,1.0203410387039185,1.0296865046740293,1.0152437305703312,1.0296865046740293,6349363
2003-08-18,1.0483767986297607,1.0517753684737343,1.0194913248472017,1.0194913248472017,21203784
2003-08-19,1.037332534790039,1.0466779997296523,1.0237394958401382,1.0449787513663606,10927324
2003-08-20,1.0237393379211426,1.038182035284664,1.0143938015034186,1.0373323747742216,6061276
2003-08-21,1.0237393379211426,1.027986911276212,1.0092965676379066,1.0237393379211426,5500684
2003-08-22,1.0245890617370605,1.0271373873297747,1.0118450274226007,1.0152435969965161,4640904
2003-08-25,1.0322352647781372,1.0364828386429203,1.0024995496949032,1.0194912306287733,37767175
2003-08-26,1.0271375179290771,1.039031966052216,1.019491373463154,1.032235409398003,3923805
2003-08-27,1.01949143409729,1.0313858100081124,1.0135445378208292,1.0203410948792666,5749567
2003-08-28,1.0220402479171753,1.0279871436373365,1.0177920173244286,1.0194913387294195,3276864
2003-08-29,1.028836727142334,1.0330843011387927,1.019491262233147,1.0279870665035917,5064998
2003-09-01,1.0534745454788208,1.0543242061121143,1.0194912556952482,1.0305359688913658,10307469
2003-09-02,1.0526248216629028,1.0602710377063407,1.0415801091297319,1.0534744822451965,7796584
2003-09-03,1.0526248216629028,1.061120698288634,1.0364828019134544,1.044129017956892,6952881
2003-09-04,1.050075888633728,1.0560227833755154,1.04327933332923,1.0560227833755154,4186044
2003-09-05,1.0228897333145142,1.057722097240913,0.9795609096587643,1.057722097240913,5303894
2003-09-08,1.018641710281372,1.0262879276486354,1.0024996877371792,1.018641710281372,4183920
2003-09-09,1.006747841835022,1.01694296769474,0.9974023766400307,1.01694296769474,11630642
2003-09-10,1.0109955072402954,1.0220402947619318,0.9846590139647736,1.0016506974791444,16936200
2003-09-11,1.015243649482727,1.0279871010982082,1.0092967540086544,1.019491296541856,13072320
2003-09-12,1.0016508102416992,1.0186418393912575,0.9923052702311173,1.0109956210548583,12182328
2003-09-15,1.010145902633667,1.0279871736732864,0.9982520379260964,1.0016506808353807,3814286
2003-09-16,1.0075973272323608,1.0101456525057229,0.9863580019005109,1.0101456525057229,3655375
2003-09-17,0.9880568981170654,1.0101458145904485,0.9770126950994168,0.9906058071571356,6102331
2003-09-18,0.9880568981170654,0.9897561465038701,0.9727644647528155,0.981260342088206,1709640
2003-09-19,0.9676672220230103,0.9897561383136068,0.8895060991406475,0.9855085642796928,18949348
2003-09-22,0.9574719071388245,0.9676670307615669,0.9498257649509744,0.9676670307615669,8951601
2003-09-23,0.9523747563362122,0.9532244168884421,0.9362327371579192,0.9515250957839824,13395931
2003-09-24,0.9523747563362122,0.957471990452413,0.9447285405633218,0.9557733256254138,3835411
2003-09-25,0.9489760994911194,0.9532243289405942,0.9430292053713701,0.9532243289405942,2126448
2003-09-26,0.9489760994911194,0.9557732374423946,0.9472774348208449,0.9472774348208449,1337760
2003-09-29,0.9506754875183105,0.9574720431127773,0.9430293442446047,0.948976239240111,13336408
2003-09-30,0.9557737708091736,0.9753137850203439,0.9481275514747995,0.9566227754793954,4023014
2003-10-01,0.9557737708091736,0.9753137850203439,0.9481275514747995,0.9566227754793954,0
2003-10-02,0.9557737708091736,0.9753137850203439,0.9481275514747995,0.9566227754793954,0
2003-10-03,0.9557737708091736,0.9753137850203439,0.9481275514747995,0.9566227754793954,0
2003-10-06,0.9557737708091736,0.9753137850203439,0.9481275514747995,0.9566227754793954,0
2003-10-07,0.9557737708091736,0.9753137850203439,0.9481275514747995,0.9566227754793954,0
2003-10-08,0.9591714143753052,0.9625699840288167,0.9532245190693966,0.9600210020988887,5655549
2003-10-09,0.9600208401679993,0.9685167159707992,0.9515250372849126,0.9515250372849126,2469765
2003-10-10,0.9931547045707703,1.0008009211633844,0.9600210021098087,0.9600210021098087,4185928
2003-10-13,0.9846588969230652,1.0016505784177159,0.983809236282621,0.994004361850972,9955440
2003-10-14,0.9787119626998901,0.9914554134050565,0.9710657464373452,0.9855085183557938,2119464
2003-10-15,0.9702162742614746,0.9906059451891703,0.968517025637895,0.9770128312373733,3033482
2003-10-16,0.9702162742614746,0.9744639218421355,0.9617204686619965,0.968517025637895,2024985
2003-10-17,0.9702162742614746,0.9829597274416136,0.9634197902053128,0.968517025637895,5925168
2003-10-20,0.9702162742614746,0.9838093882132718,0.9625701294336546,0.9625701294336546,3549067
2003-10-21,0.9965527057647705,1.0008009361251498,0.966817572512825,0.966817572512825,9125056
2003-10-22,1.0279868841171265,1.0364826868802375,0.9846587202515639,0.9982517567455194,18643687
2003-10-23,1.01949143409729,1.0509258204014484,1.0152437864650448,1.0279872397999432,24944335
2003-10-24,1.018641710281372,1.0322354069149644,1.014394062911973,1.0194913710107714,8509197
2003-10-27,1.0228897333145142,1.0271373069017256,1.0016504799038106,1.0237393938713928,15682370
2003-10-28,1.0526248216629028,1.0577221288791805,1.0126946390402884,1.0126946390402884,27989920
2003-10-29,1.0577220916748047,1.0636689863444788,1.036482765456152,1.05262478463782,21836253
2003-10-30,1.0594216585159302,1.0704664469024165,1.047527865599131,1.0585720706276989,13416523
2003-10-31,1.0415802001953125,1.059421469749494,1.0203409442923541,1.0415802001953125,10438524
2003-11-03,1.0033494234085083,1.0364830587813698,0.9948535446772735,1.0364830587813698,41938934
2003-11-04,0.9685168862342834,1.0075974842791804,0.9302859488387484,1.0016505889309073,79348456
2003-11-05,0.9940043091773987,0.995702974090744,0.9498258958805431,0.9685168247459003,15801688
2003-11-06,0.9940043091773987,0.9940043091773987,0.9625699297751785,0.9940043091773987,12280802
2003-11-07,0.9855086207389832,0.9889065343213271,0.9719149246571644,0.985508620738983,11090152
2003-11-10,0.93878173828125,0.9889064655759477,0.9251886994219435,0.9838092309581234,26208201
2003-11-11,0.9090465903282166,0.9430292935541646,0.8920549105765119,0.9387816470651807,21351384
2003-11-12,0.889505922794342,0.913294082741632,0.8886562623165543,0.9073471885942325,10912572
2003-11-13,0.89035564661026,0.9005507717871237,0.881010182041214,0.8895060589221648,5680044
2003-11-14,0.9039489030838013,0.9098963824540394,0.8878068802575896,0.8895062017460772,4522752
2003-11-17,0.892055094242096,0.9124446912078,0.8835592161571649,0.905648207499054,5755636
2003-11-18,0.8852583765983582,0.8920549319906454,0.8733640036033974,0.8920549319906454,5531724
2003-11-19,0.9124444127082825,0.9132940731771721,0.8784617128579405,0.8784617128579405,6130519
2003-11-20,0.9175423979759216,0.9302858479396718,0.8980018093939464,0.9132941681096014,13465814
2003-11-21,0.8869578838348389,0.9251888258463451,0.8733641868404675,0.9217901828385473,18097848
2003-11-24,0.9005508422851562,0.903948828704929,0.8623199037660938,0.8835591601128131,25011936
2003-11-25,0.9251886606216431,0.9345334688295459,0.8878067297603189,0.902250084927275,28813586
2003-11-26,0.93878173828125,0.9396313989170958,0.923489378150252,0.9285866127680763,22860129
2003-11-27,0.9336839914321899,0.9455783662034246,0.9285866835063358,0.9447287055028531,12536337
2003-11-28,0.9345336556434631,0.9472777650772715,0.930286080990525,0.9345336556434631,12680071
2003-12-01,0.9421798586845398,0.9515253248923746,0.9311357272407008,0.934533641070592,13805805
2003-12-02,0.9353832006454468,0.948127235582248,0.9319852142633859,0.9438790780971925,18742449
2003-12-03,0.9413301348686218,0.943879116968301,0.9336839906866198,0.9387818090465172,14296564
2003-12-04,0.9744639992713928,0.9770129088691626,0.9387819629330862,0.9387819629330862,24107616
2003-12-05,0.9982518553733826,0.9991015159453241,0.960020921461426,0.9753133533619843,29103948
2003-12-08,0.9889066219329834,1.006747966792432,0.9838093865092301,1.0024997358612362,14204872
2003-12-09,0.9846588969230652,0.996552687494776,0.9753134319951584,0.9855085575635094,10442836
2003-12-10,0.9940043091773987,0.9948533134953245,0.9736140591212025,0.9906057397154419,8785317
2003-12-11,0.9889066219329834,0.9923051920939928,0.9761631687749173,0.9923051920939928,9273592
2003-12-12,0.9880568981170654,0.9940043768504714,0.9770126950994168,0.9889064858506046,5906930
2003-12-15,1.0024998188018799,1.004199140482844,0.9855087895845138,0.9923052741912028,15283461
2003-12-16,1.006747841835022,1.0092967509094746,0.9829596037342266,1.0016506070439366,20496607
2003-12-17,0.9931547045707703,1.0092967254795917,0.9889064742739012,1.0067478164693604,12285216
2003-12-18,0.9838091135025024,0.9880567598970853,0.969366415731644,0.9863580221860039,8139866
2003-12-19,0.9600208401679993,0.9880567198792458,0.9540739458651792,0.9838090736566992,14812797
2003-12-22,0.9481270909309387,0.9540739854806884,0.9132941445325353,0.9540739854806884,39499041
2003-12-23,0.9659679532051086,0.9676672015418866,0.9447286250905611,0.9472776069753145,36872373
2003-12-24,0.9651182889938354,0.983809218512034,0.9515251773867692,0.9600209815207718,58632386
2003-12-25,0.9957029819488525,1.0024995375686323,0.9642686022985516,0.9685168323894551,47845202
2003-12-26,0.9880568981170654,0.9974023631859951,0.981260342088206,0.9940043768504714,29596521
2003-12-29,1.0041990280151367,1.0177920686258717,0.9863582670356653,0.9863582670356653,70818667
2003-12-30,1.018641710281372,1.023739601738035,1.000801022555978,1.0135444751023068,64297771
2003-12-31,1.005048394203186,1.0228897346060846,0.9999511600526598,1.0228897346060846,15929532
2004-01-01,1.005048394203186,1.0228897346060846,0.9999511600526598,1.0228897346060846,0
2004-01-02,0.9812602400779724,1.0024994936900913,0.9693664505632439,1.0024994936900913,25870428
2004-01-05,1.040730595588684,1.0432795047759709,0.9795610773579128,0.9838093079498779,38299377
2004-01-06,1.0764130353927612,1.0917053942464718,1.0373324412337472,1.0441289965555838,39090499
2004-01-07,1.09340500831604,1.1197415031747362,1.0781126453652732,1.0781126453652732,44519356
2004-01-08,1.095953106880188,1.1290867353605076,1.0296863603576123,1.0934047813093577,39239762
2004-01-09,1.0704662799835205,1.1129447927344895,1.0636691404191165,1.104448988096676,36424994
2004-01-12,1.104448914527893,1.120590934972525,1.051775279296805,1.0721648736386293,36598507
2004-01-13,1.0781126022338867,1.1129449015070978,1.0645189051343389,1.1044490960389548,39493980
2004-01-14,1.0721650123596191,1.078112564541613,1.0611208812796435,1.0747139216263406,27141753
2004-01-15,1.0415802001953125,1.07896147725902,1.040730539538733,1.0696165955114538,21637152
2004-01-16,1.0543240308761597,1.0815101769143085,1.044978567580185,1.0815101769143085,20376064
2004-01-19,1.0543240308761597,1.0815101769143085,1.044978567580185,1.0815101769143085,0
2004-01-20,1.0543240308761597,1.0815101769143085,1.044978567580185,1.0815101769143085,0
2004-01-21,1.0543240308761597,1.0815101769143085,1.044978567580185,1.0815101769143085,0
2004-01-22,1.0543240308761597,1.0815101769143085,1.044978567580185,1.0815101769143085,0
2004-01-23,1.0543240308761597,1.0815101769143085,1.044978567580185,1.0815101769143085,0
2004-01-26,1.0543240308761597,1.0815101769143085,1.044978567580185,1.0815101769143085,0
2004-01-27,1.0543240308761597,1.0815101769143085,1.044978567580185,1.0815101769143085,0
2004-01-28,1.0543240308761597,1.0815101769143085,1.044978567580185,1.0815101769143085,0
2004-01-29,1.0534745454788208,1.0747138007996888,1.0415801716494097,1.0577221923677649,20236392
2004-01-30,1.0211902856826782,1.0619701955351746,1.0194910376991635,1.057721966196824,28280743
2004-02-02,1.0449789762496948,1.0696168067243776,1.0279872910770866,1.0500762119984348,32263372
2004-02-03,1.0551737546920776,1.0747136866713314,1.0449786302921917,1.050075864353408,26123954
2004-02-04,1.0976526737213135,1.1044492314252854,1.0577224779219476,1.0594217267275574,59385081
2004-02-05,1.0832096338272095,1.1027496400055488,1.0789614037534543,1.0942537632158131,29860732
2004-02-06,1.0832096338272095,1.0917054376972233,1.071315187562414,1.0789614037534543,40427748
2004-02-09,1.0815105438232422,1.0908560102897225,1.073864398917415,1.0857587748051374,26079501
2004-02-10,1.0874570608139038,1.108696968679965,1.0789612580908459,1.0849087356393448,32983912
2004-02-11,1.0764130353927612,1.0942537196636362,1.0602710159741724,1.0866075766966403,20448180
2004-02-12,1.042429804801941,1.0781124149114276,1.0390318186358687,1.0781124149114276,33968138
2004-02-13,1.033084511756897,1.0509258574936238,1.0262880273783166,1.0322355072225928,20392898
2004-02-16,1.0517750978469849,1.0551736668164906,1.0330840987702243,1.0330840987702243,12881822
2004-02-17,1.050075888633728,1.0568724439382262,1.0415800851235275,1.0551737790902733,18241833
2004-02-18,1.0415802001953125,1.0509256653006929,1.0237395139989456,1.0492263439875338,38753791
2004-02-19,1.0339339971542358,1.0526249276121318,1.02458911528311,1.0466780321347118,23510692
2004-02-20,1.0492266416549683,1.05262521232574,1.0262881308508818,1.033934276812328,18717638
2004-02-23,1.0458285808563232,1.0772629670387317,1.0432795985202659,1.054324386526071,27702151
2004-02-24,1.050925612449646,1.050925612449646,1.0262877880791323,1.0483767035278189,11366769
2004-02-25,1.0322352647781372,1.0594214146663792,1.0296863558606522,1.0509256106593057,20863569
2004-02-26,1.0296863317489624,1.0390317961496003,1.0245890244714146,1.0279870105639493,14575593
2004-02-27,1.0458285808563232,1.0551740473047568,1.032235466792096,1.0364830414881523,14398948
2004-03-01,1.0662181377410889,1.0704663685502578,1.0373326620936594,1.0517754363772414,19641016
2004-03-02,1.0611207485198975,1.073864199463141,1.0577221789495626,1.0662179830577472,26511004
2004-03-03,1.0356335639953613,1.0602713957712788,1.0305362550576684,1.0577224860833248,21372984
2004-03-04,1.0364829301834106,1.0398815729331838,1.0262878769708441,1.0305360345686019,12823740
2004-03-05,1.0313857793807983,1.0449788930940218,1.026287960679795,1.0390319969941557,21978662
2004-03-08,1.0322352647781372,1.0347835903378382,1.0033492103073058,1.0288366952482495,18655790
2004-03-09,1.0262879133224487,1.0330843969457062,1.0126948002364702,1.0211906052948048,16071760
2004-03-10,1.0313857793807983,1.03818233623741,1.015243756317073,1.026287960679795,7117833
2004-03-11,1.0602710247039795,1.0696164888776782,1.0313855549687656,1.0322352155406396,29199830
2004-03-12,1.0611207485198975,1.073864199463141,1.049226301921654,1.060271087897383,19958371
2004-03-15,1.1163432598114014,1.1214404938651075,1.0619703082747336,1.0619703082747336,80495647
2004-03-16,1.1469279527664185,1.1698665264056898,1.106148112354981,1.1112453463023713,110663596
2004-03-17,1.1486268043518066,1.1605212515067407,1.1350337650695836,1.1469281393047903,51468278
2004-03-18,1.1214406490325928,1.1511757094821957,1.117192418655443,1.146928135382589,41088722
2004-03-19,1.1571227312088013,1.1622205495608078,1.1299365056435244,1.1367330620348435,45237722
2004-03-22,1.1486268043518066,1.180910846889939,1.1452288179802284,1.1639191649585918,27094183
2004-03-23,1.1392822265625,1.1545746641698464,1.1290870980115266,1.1494767717554994,31555980
2004-03-24,1.1562732458114624,1.1681676223580808,1.1341843248112038,1.1367332343736445,29009116
2004-03-25,1.1749639511108398,1.1783619374814338,1.148626804019032,1.1554233601180381,29209723
2004-03-26,1.1809108257293701,1.1979025073562457,1.1758135910442935,1.1766632516913496,45431604
2004-03-29,1.1503260135650635,1.180910731797833,1.1469280275246543,1.1792114835586076,36468720
2004-03-30,1.1562732458114624,1.1622207257637376,1.1384325560284323,1.1477773667349371,39659839
2004-03-31,1.1596711874008179,1.1766628634208482,1.1477767443838995,1.1477767443838995,15888960
2004-04-01,1.170715570449829,1.177512709034187,1.1520252258759334,1.1520252258759334,10556467
2004-04-02,1.2097963094711304,1.2131948791717957,1.16986670678485,1.170715711162408,45137520
2004-04-05,1.2301863431930542,1.2361332375287601,1.2055484490681154,1.213194664413205,52701307
2004-04-06,1.1877074241638184,1.2276376112573029,1.1792116195065563,1.213194911055333,70580858
2004-04-07,1.1987520456314087,1.2225402078893863,1.186007939343507,1.1877072604641477,27743155
2004-04-08,1.1809108257293701,1.2046990633354344,1.1775128394186796,1.1979025073562457,23874343
2004-04-09,1.1426799297332764,1.1860081032759757,1.1299364779614154,1.1809108684066885,46357408
2004-04-12,1.1350339651107788,1.1426801103018833,1.1163436148383816,1.1239897600294861,25761765
2004-04-13,1.1537249088287354,1.1554235741899812,1.1307863272153773,1.1350339750349923,19623880
2004-04-14,1.1290866136550903,1.156272833651355,1.1052984523992122,1.1511755267816286,15316084
2004-04-15,1.1205910444259644,1.138432387851016,1.108697252994314,1.1265379401417897,11439561
2004-04-16,1.149476170539856,1.1511754185093752,1.1171921362722879,1.1248383510767272,9395848
2004-04-19,1.1333341598510742,1.1605209608026497,1.1299361743306724,1.1605209608026497,12335752
2004-04-20,1.1290866136550903,1.1341839205248168,1.1129445950030905,1.1341839205248168,5146012
2004-04-21,1.103599190711975,1.1341839815317691,1.0985019564877874,1.129086674387862,9222969
2004-04-22,1.1137943267822266,1.1154936479399953,1.0968027194383825,1.1035992019525358,8603661
2004-04-23,1.110395908355713,1.1265379302350602,1.1002014384174643,1.1265379302350602,11813824
2004-04-26,1.1460785865783691,1.14692824732067,1.1044490749515448,1.1095463102080074,11690409
2004-04-27,1.1681673526763916,1.169017013307634,1.1350337236060979,1.1426798671703084,33273921
2004-04-28,1.1511753797531128,1.1681670567594573,1.1426795777097936,1.1681670567594573,22862844
2004-04-29,1.1231400966644287,1.153724896118544,1.1171926168332371,1.1469283388351763,29741760
2004-04-30,1.1656185388565063,1.1766633258473165,1.1214407034484155,1.1214407034484155,32616813
2004-05-03,1.1656185388565063,1.1766633258473165,1.1214407034484155,1.1214407034484155,0
2004-05-04,1.1656185388565063,1.1766633258473165,1.1214407034484155,1.1214407034484155,0
2004-05-05,1.1656185388565063,1.1766633258473165,1.1214407034484155,1.1214407034484155,0
2004-05-06,1.1656185388565063,1.1766633258473165,1.1214407034484155,1.1214407034484155,0
2004-05-07,1.1656185388565063,1.1766633258473165,1.1214407034484155,1.1214407034484155,0
2004-05-10,1.1401309967041016,1.1800611829757257,1.1367330103418871,1.165618483071022,18829008
2004-05-11,1.1443790197372437,1.1477769325640728,1.1299362495296579,1.1384321253924388,14370055
2004-05-12,1.1673178672790527,1.1724151755541765,1.1384324641090648,1.1443793602232435,13811040
2004-05-13,1.1715654134750366,1.1766633046671646,1.1562730524537794,1.168167427011362,9539503
2004-05-14,1.1290866136550903,1.1766630820062773,1.0959529887462784,1.1766630820062773,29236161
2004-05-17,1.118041753768921,1.1299361245001074,1.1069975538876504,1.125687895359936,8149615
2004-05-18,1.1086970567703247,1.125688080208749,1.0594213387256677,1.1163432725366278,29354248
2004-05-19,1.1069977283477783,1.1129446229717643,1.0840592270399754,1.1035991590839762,11145996
2004-05-20,1.1129447221755981,1.1214405991945153,1.1002013441655651,1.1002013441655651,4323621
2004-05-21,1.1010509729385376,1.1171924106793454,1.091705507869127,1.1129447636903376,6866928
2004-05-24,1.1129447221755981,1.1171923690061616,1.1002013441655651,1.1044489180764048,9205876
2004-05-25,1.095953106880188,1.1171923617716,1.095953106880188,1.112944714968543,7774704
2004-05-26,1.09340500831604,1.096802995208455,1.0747140021952122,1.0874574556881718,4466174
2004-05-27,1.115493655204773,1.1256881238233751,1.0951034054125977,1.1035992091398494,11246781
2004-05-28,1.1171921491622925,1.1231396265037938,1.1137941636220086,1.121440378514669,5190681
2004-05-31,1.125688076019287,1.1299363058412482,1.1137942867369373,1.1299363058412482,3360096
2004-06-01,1.1435295343399048,1.1443791949760052,1.1214406183127685,1.1256881922960205,7413213
2004-06-02,1.1460785865783691,1.1562731300110287,1.1384324420147385,1.14692824732067,11021004
2004-06-03,1.1384323835372925,1.146928188406823,1.1324848315664275,1.146928188406823,5777654
2004-06-04,1.1460785865783691,1.1486269125276638,1.129936563789073,1.1384324420147385,7439990
2004-06-07,1.1248385906219482,1.1452287684816698,1.1222902650227933,1.1222902650227933,7364908
2004-06-08,1.1010509729385376,1.129936445442267,1.1010509729385376,1.1256882150954468,14333328
2004-06-09,1.1010509729385376,1.1129447636903376,1.087457277522307,1.0951034942048254,17116538
2004-06-10,1.1002013683319092,1.1061482636166056,1.0798111171991807,1.0959531380502414,22763095
2004-06-11,1.065368413925171,1.1078475839534976,1.0602711789495896,1.1010510275869552,23197003
2004-06-14,1.0534745454788208,1.0704662268304694,1.036482864127172,1.0534745454788208,8527694
2004-06-15,1.0721650123596191,1.0832097997171917,1.03393407138892,1.0534746639176107,7161235
2004-06-16,1.063669204711914,1.0789615664806413,1.0492264307502936,1.073014670590091,11207872
2004-06-17,0.9574719071388245,1.0347834270138925,0.9574719071388245,1.0279868723846284,69071637
2004-06-18,0.9328349828720093,0.9345336481208283,0.8665676415183078,0.9243391773568923,100183615
2004-06-21,0.9056480526924133,0.9302858761680567,0.8835590651262978,0.9098962097679204,36188056
2004-06-22,0.889505922794342,0.9090465095498079,0.8827093681691547,0.9005506339690451,31752288
2004-06-23,0.8665676712989807,0.8971523971971177,0.8419297688306668,0.887806930597611,24720544
2004-06-24,0.877612292766571,0.8878068357110238,0.86486825727917,0.86486825727917,12710160
2004-06-25,0.8631694316864014,0.8827094365989651,0.8521246467357679,0.879311450701797,6279933
2004-06-28,0.8181420564651489,0.863169550451866,0.7884063396964656,0.854673745963242,29638972
2004-06-29,0.8181420564651489,0.8181420564651489,0.8181420564651489,0.8181420564651489,0
2004-06-30,0.8606205582618713,0.8784618261763792,0.8393812313911528,0.8393812313911528,36539820
2004-07-01,0.8988514542579651,0.9056480093997819,0.8580715400493282,0.8580715400493282,12149784
2004-07-02,0.9251886606216431,0.9311355556259139,0.8861080648373907,0.8997011031266362,27385416
2004-07-05,0.9379320740699768,0.9430293815880951,0.9098962629026665,0.9302859304934877,24523308
2004-07-06,0.9251886606216431,0.9464279151155852,0.9234893394212171,0.9345334688295459,8845027
2004-07-07,0.9175423979759216,0.9421796373462143,0.8988514699511541,0.9234892926791929,5506567
2004-07-08,0.9217900037765503,0.9217900037765503,0.9090466262872035,0.9175424300392638,1911823
2004-07-09,0.9141442179679871,0.9217903641221744,0.9090469816511938,0.9175427887244288,7312680
2004-07-12,0.9209405183792114,0.9268874139506946,0.9132943014452218,0.9132943014452218,12787322
2004-07-13,0.916692852973938,0.9302859652083979,0.8920550271401375,0.8920550271401375,2336040
2004-07-14,0.8997012376785278,0.9260378034349294,0.8801606451851841,0.9141440116476504,27638575
2004-07-15,0.8856701254844666,0.9233773989152673,0.8839168256687595,0.9119773750223262,17207280
2004-07-16,0.9128544926643372,0.9181157476264582,0.8865472394076775,0.9111005904801346,32937112
2004-07-19,0.9119772911071777,0.9286384924203648,0.8997009571288009,0.9119772911071777,18265802
2004-07-20,0.903208315372467,0.9198695181899694,0.8944392572966726,0.9119773734482615,17973396
2004-07-21,0.8593637347221375,0.9075933762396294,0.854978866058321,0.9005776164835577,33103440
2004-07-22,0.7883346080780029,0.8339333564990803,0.7734273799417499,0.8339333564990803,156775903
2004-07-23,0.7944726943969727,0.7997339489498781,0.765535154602853,0.7778114904913744,25609946
2004-07-26,0.7892115116119385,0.7997339454060466,0.7804424530023197,0.7892115116119385,9119750
2004-07-27,0.7760576009750366,0.7979799845224584,0.7681654555904761,0.7821957690184138,20446531
2004-07-28,0.797980010509491,0.7988569992086426,0.7734273375363993,0.7734273375363993,19779400
2004-07-29,0.8076262474060059,0.8128881055680055,0.7918420276917438,0.797980197372391,16086132
2004-07-30,0.7971036434173584,0.8242872053206101,0.7962266547795755,0.8155181468585908,7193260
2004-08-02,0.7997339367866516,0.7997339367866516,0.7865806124417499,0.7918417916495625,5367859
2004-08-03,0.7997339367866516,0.7997339367866516,0.7997339367866516,0.7997339367866516,0
2004-08-04,0.8172722458839417,0.823410415177377,0.789211688578519,0.789211688578519,18698616
2004-08-05,0.8172722458839417,0.8242874040265703,0.8111340765905064,0.8172722458839418,3829824
2004-08-06,0.8216564059257507,0.8242872968662134,0.8111339711401298,0.8181491283707624,5235285
2004-08-09,0.8339332342147827,0.8383174999223216,0.8120108519660808,0.819902996883097,8138052
2004-08-10,0.8444563746452332,0.8470866634423072,0.8330563491023014,0.8365643040127094,5322621
2004-08-11,0.8277952075004578,0.8470867024434724,0.8225334254227479,0.8391946314475858,3821846
2004-08-12,0.8111339211463928,0.8242872460617794,0.8067490530058257,0.8242872460617794,6869059
2004-08-13,0.8330562710762024,0.8383175255633005,0.8049957202894922,0.8067490201947459,3697984
2004-08-16,0.8418253660202026,0.8523484013641605,0.83305623262113,0.83305623262113,8300880
2004-08-17,0.8418253660202026,0.8427023546251806,0.8339332212261081,0.8400713888102465,1504447
2004-08-18,0.8400716185569763,0.8514716456236452,0.8374407272876044,0.8418255962466185,2271628
2004-08-19,0.8400716185569763,0.8470867766646312,0.8330564604493215,0.8400716185569763,2256350
2004-08-20,0.8356873393058777,0.8418255079247124,0.818149144816432,0.8400715304190925,2080872
2004-08-23,0.8470866084098816,0.8541017651241329,0.8225333341147727,0.8330562949813789,4192790
2004-08-24,0.8505946397781372,0.8637479668857325,0.828672252313602,0.8505946397781372,5988096
2004-08-25,0.8646247982978821,0.8681326777033128,0.8400714488216953,0.8576096416076301,3297960
2004-08-26,0.8769011497497559,0.8812860178998527,0.8549787658912861,0.8637478248057825,4597149
2004-08-27,0.8637480139732361,0.8812862109083063,0.8567328556233583,0.8777783306729915,3680640
2004-08-30,0.8541016578674316,0.8637477041171526,0.846209513473636,0.8637477041171526,2006409
2004-08-31,0.8751477599143982,0.8997010320359106,0.8549786781071426,0.8672556152281778,3986560
2004-09-01,0.8611170649528503,0.8742709940174718,0.8523486068257478,0.8742709940174718,1399766
2004-09-02,0.8655015826225281,0.8751476277731746,0.8584864275885384,0.8611167155847279,4604083
2004-09-03,0.8716400265693665,0.8742709175232257,0.8611169896095059,0.8742709175232257,7062624
2004-09-06,0.8769011497497559,0.887424186030322,0.8619939227047902,0.8716399703023215,22015634
2004-09-07,0.8795321583747864,0.8839170271123744,0.8716400870859337,0.8830400383118393,3836880
2004-09-08,0.8742709159851074,0.8839169641883504,0.8733939272470032,0.8804090845010154,4967280
2004-09-09,0.8576095700263977,0.880408940264359,0.8567325814319696,0.873393784159634,9928634
2004-09-10,0.8418253660202026,0.8558556783984355,0.83305623262113,0.8558556783984355,4716403
2004-09-13,0.8321794867515564,0.8427025242132024,0.8225334380713765,0.8400715578688046,3489336
2004-09-14,0.8584867119789124,0.8716400379436143,0.8374406377845557,0.8418255062749287,19731859
2004-09-15,0.8988243341445923,0.9207467210067152,0.8523485940107649,0.8576097741790496,40815453
2004-09-16,0.9084696173667908,0.9198696427841624,0.8944393784463956,0.9014545355391335,24579964
2004-09-17,0.9558222889900208,0.9602071570728423,0.907593255983564,0.9207465807257308,79024428
2004-09-20,0.9812525510787964,1.0040519232508285,0.9566992768341946,0.9751143830477985,50290689
2004-09-21,0.979498565196991,0.9891446118128557,0.9558222063819659,0.9812524671194908,26354685
2004-09-22,1.0031750202178955,1.0128210677588296,0.9602071661710226,0.9602071661710226,45252122
2004-09-23,1.0286052227020264,1.0347433904343017,0.9821294919509442,0.9952828160416384,42104808
2004-09-24,1.0417592525482178,1.085604097047658,1.0382513729597518,1.0400053503865248,96190725
2004-09-27,1.0417592525482178,1.0829731309074984,1.0198362658103968,1.050527709645561,31787280
2004-09-28,1.0663117170333862,1.0803426305180064,1.0417590484715429,1.0417590484715429,45043344
2004-09-29,1.06718909740448,1.0785891247150399,1.0566667363433402,1.0592970255482532,21548246
2004-09-30,1.0435125827789307,1.0785889711958159,1.0259750659562286,1.064558656677325,23838213
2004-10-01,1.0435125827789307,1.0785889711958159,1.0259750659562286,1.064558656677325,0
2004-10-04,1.0435125827789307,1.0785889711958159,1.0259750659562286,1.064558656677325,0
2004-10-05,1.0435125827789307,1.0785889711958159,1.0259750659562286,1.064558656677325,0
2004-10-06,1.0435125827789307,1.0785889711958159,1.0259750659562286,1.064558656677325,0
2004-10-07,1.0435125827789307,1.0785889711958159,1.0259750659562286,1.064558656677325,0
2004-10-08,1.0768349170684814,1.0926192079409531,1.0259749929266542,1.040005306446458,26867743
2004-10-11,1.0794661045074463,1.1162957226836157,1.0750812354914705,1.0750812354914705,47020399
2004-10-12,1.0522817373275757,1.0873580511397793,1.0514047485723055,1.0873580511397793,16648624
2004-10-13,1.0277281999588013,1.0610506055129987,1.0084367087762436,1.0522815474584695,28952272
2004-10-14,0.9698532819747925,1.0391283927517851,0.9645914248021797,1.0180829209534756,17197927
2004-10-15,0.9865143895149231,1.0040519046135614,0.9768683422527601,0.9821295215172767,23528671
2004-10-18,1.0084370374679565,1.0145752069971514,0.9768685988183478,0.9865146486139573,23888102
2004-10-19,1.0084370374679565,1.0084370374679565,1.0084370374679565,1.0084370374679565,0
2004-10-20,1.0242210626602173,1.0277283401410997,0.9847604841950819,0.9865144616283847,37453197
2004-10-21,1.0961270332336426,1.1048960916479527,1.0189591837105816,1.0242209649785043,48478644
2004-10-22,1.1198033094406128,1.127695454427769,1.088234880022133,1.0961270250092894,64762941
2004-10-25,1.1487410068511963,1.1750483360591315,1.1198034640515402,1.1198034640515402,88014492
2004-10-26,1.1645253896713257,1.1671562808536269,1.139972036046773,1.139972036046773,30947652
2004-10-27,1.0478975772857666,1.1645254274850132,1.0478975772857666,1.1645254274850132,156240439
2004-10-28,1.038251519203186,1.0698199561983246,1.0215903118687013,1.06105089574517,57947760
2004-10-29,1.0373742580413818,1.0645584963666181,0.9996676617372393,1.0084367198883966,24710385
2004-11-01,1.0373742580413818,1.0540354610020735,1.0286051998902246,1.0382512466480756,9188956
2004-11-02,0.979498565196991,1.0470202893874856,0.9558222063819659,1.0356203408491211,55103925
2004-11-03,0.9891447424888611,0.99966777908871,0.9216236114987021,0.9768684058554423,51461820
2004-11-04,0.9917755722999573,0.99528284953691,0.9637144190664036,0.9777453343760186,18710380
2004-11-05,0.9821295142173767,0.9908985727618174,0.9698531784745016,0.9865143821824315,4867092
2004-11-08,0.990898609161377,0.991775597839618,0.970730202779223,0.9733604914282523,12466015
2004-11-09,0.9821295142173767,0.9935295386998949,0.9759913463459392,0.9794986235443736,6879600
2004-11-10,0.9952828288078308,1.0163289002736193,0.9479301088232266,0.9847603951955253,29384964
2004-11-11,1.0066828727722168,1.0470203618284772,1.001421618231122,1.001421618231122,22671892
2004-11-12,1.0250980854034424,1.0286053630007435,1.0014217224854443,1.0040520113369835,13853757
2004-11-15,1.0470205545425415,1.0487745321743012,1.0250981673633022,1.040882385482272,16359429
2004-11-16,1.0400052070617676,1.0522815420557559,1.0259748948827245,1.0505275648707013,11467836
2004-11-17,1.0154519081115723,1.0435124585426996,0.9996676932598494,1.0259749438079409,16421428
2004-11-18,1.0250980854034424,1.0356205203160087,1.0014217224854443,1.0084368798007095,18028749
2004-11-19,1.0198363065719604,1.0250980885324263,1.0101908603757144,1.0250980885324263,9250934
2004-11-22,0.9873908758163452,1.019836375844018,0.9838836732351961,0.9996678912124846,20737440
2004-11-23,0.9610844254493713,0.9908988877588528,0.949684397342896,0.9908988877588528,56320300
2004-11-24,0.9680991768836975,0.977745299097126,0.9514379735939547,0.9558222393283722,19627696
2004-11-25,0.9637144804000854,0.9768684078911984,0.9523150571874749,0.968099273427283,6410815
2004-11-26,0.9654682278633118,0.9698530954530126,0.946176737254366,0.964591239292358,8322703
2004-11-29,0.9303926825523376,0.9698532612057341,0.9260078142132411,0.9663453815874731,16312975
2004-11-30,0.9242539405822754,0.9391617708508574,0.9102236259171962,0.9277618203088774,15360854
2004-12-01,0.9268847107887268,0.931269578691906,0.9119774093181341,0.9163616751007271,5110797
2004-12-02,0.9067162275314331,0.9277616967256742,0.8769010978213978,0.9260077194634715,76970772
2004-12-03,0.937407910823822,0.9514381508554838,0.9014546069389414,0.9032085092486646,33998184
2004-12-06,0.9365307092666626,0.9540689004634544,0.9075931717251465,0.9312695303883817,20547936
2004-12-07,0.9479300379753113,0.9531918941413206,0.9163616105217026,0.9382846689863624,15157152
2004-12-08,0.9409151077270508,0.9689762627646256,0.9347769393935851,0.9514380690905463,12696487
2004-12-09,0.9593303203582764,0.9628382003271558,0.9102236887832876,0.9189927489522363,53151235
2004-12-10,0.9680991768836975,0.9821294895664712,0.9488070829869854,0.9716064539941013,26359646
2004-12-13,0.9654682278633118,0.9724833837802628,0.9452997486834123,0.9628379395360614,5327424
2004-12-14,0.9716064929962158,0.9952828535777593,0.9496841097331081,0.9575762550153144,13095352
2004-12-15,0.9575762748718262,0.9865144174785937,0.9382847819212641,0.9698532131745483,24896160
2004-12-16,0.9575762748718262,0.962838056406092,0.9365308045664574,0.9435459613349138,24435338
2004-12-17,0.9523150324821472,0.9602071780298501,0.9400380940209987,0.9549459985483081,12524385
2004-12-20,0.8567325472831726,0.8567325472831726,0.8567325472831726,0.8567325472831726,14670000
2004-12-21,0.8567325472831726,0.8567325472831726,0.8567325472831726,0.8567325472831726,0
2004-12-22,0.8611170649528503,0.8663788473209479,0.7707964744717276,0.7707964744717276,221422435
2004-12-23,0.8234102725982666,0.8470866342089168,0.8181490930650337,0.8409484659783473,61672888
2004-12-24,0.7909648418426514,0.8242872507831664,0.7865806510626684,0.8207799734242578,26178127
2004-12-27,0.8155181407928467,0.8216563085609356,0.7927187695973529,0.7971036374885795,23592808
2004-12-28,0.8146412372589111,0.8365642994988829,0.8111339597531592,0.8234102965717218,25158621
2004-12-29,0.797980010509491,0.8277951425330449,0.7883345648553212,0.8111339378158196,26060846
2004-12-30,0.8023650050163269,0.8093801630627967,0.7900879892119151,0.7900879892119151,22313592
2004-12-31,0.8032419681549072,0.8102570507118485,0.7935958439055352,0.8023649793457931,25008998
2005-01-03,0.8032419681549072,0.8102570507118485,0.7935958439055352,0.8023649793457931,0
2005-01-04,0.7865805625915527,0.8023647766003192,0.7813193084521025,0.7944726319634013,15675480
2005-01-05,0.7883346080780029,0.7953497654050535,0.7786885597743303,0.7874576193307679,10356818
2005-01-06,0.7953497767448425,0.8137642827468358,0.7883346193177726,0.7900879194514936,24094144
2005-01-07,0.8102569580078125,0.8216563811853742,0.7944727418165348,0.7971037079428601,18104040
2005-01-10,0.8435794115066528,0.8567327375180478,0.8023649291084735,0.8085030977370687,45915048
2005-01-11,0.8488404750823975,0.8619937981253907,0.8365641405956927,0.8418253192827567,19750989
2005-01-12,0.8479635715484619,0.8505944622160507,0.8356872358308518,0.8435793057130246,13594881
2005-01-13,0.8488404750823975,0.8488404750823975,0.8391944288789582,0.8488404750823975,9335404
2005-01-14,0.8418253660202026,0.8549786897934574,0.8383174868653612,0.848840522209319,17824276
2005-01-17,0.8400716185569763,0.8409486074017974,0.8216565086477441,0.8330564604493215,15186160
2005-01-18,0.8593637347221375,0.8637479260001769,0.8356873707237384,0.8356873707237384,9097992
2005-01-19,0.8549788594245911,0.861994017005542,0.8435794353345314,0.8558558482035671,6476234
2005-01-20,0.8505946397781372,0.8549789065287926,0.8400716017666116,0.8549789065287926,9704642
2005-01-21,0.8523485660552979,0.8646249035956135,0.8330563935846259,0.8505945885064374,9635796
2005-01-24,0.8593637347221375,0.876024941085155,0.8541018772725404,0.8672558058782128,17172144
2005-01-25,0.867255687713623,0.8707629649930977,0.8479635928869201,0.8593636176328512,11706969
2005-01-26,0.9023314714431763,0.9058393511371478,0.8593636896298733,0.8672557603718384,59877496
2005-01-27,0.8874242901802063,0.9163618342483479,0.8777782414505955,0.8944394478170232,40920588
2005-01-28,0.8944394588470459,0.9093466878253861,0.8804091434003932,0.8865473123269447,30409185
2005-01-31,0.8944394588470459,0.9032085188988347,0.882163120993943,0.8865473123269447,9093722
2005-02-01,0.8751477599143982,0.8997010320359106,0.863747736121284,0.8944392510081047,23976885
2005-02-02,0.9023314714431763,0.9058393511371478,0.8646248694176304,0.869009060465624,38879244
2005-02-03,0.9181156754493713,0.9268847340905235,0.9032083736040104,0.9154853868679541,28064556
2005-02-04,0.9680991768836975,0.9698531541317253,0.911977399297096,0.9172386536555274,57865838
2005-02-07,0.9680991768836975,0.9698531541317253,0.911977399297096,0.9172386536555274,0
2005-02-08,0.9680991768836975,0.9698531541317253,0.911977399297096,0.9172386536555274,0
2005-02-09,0.9680991768836975,0.9698531541317253,0.911977399297096,0.9172386536555274,0
2005-02-10,0.9680991768836975,0.9698531541317253,0.911977399297096,0.9172386536555274,0
2005-02-11,0.9680991768836975,0.9698531541317253,0.911977399297096,0.9172386536555274,0
2005-02-14,0.9680991768836975,0.9698531541317253,0.911977399297096,0.9172386536555274,0
2005-02-15,0.9680991768836975,0.9698531541317253,0.911977399297096,0.9172386536555274,0
2005-02-16,0.9645912647247314,0.9803755541167091,0.9575761838878889,0.9680991438359671,24158210
2005-02-17,0.9558222889900208,0.9777453498978308,0.9479301436145678,0.9479301436145678,16567092
2005-02-18,0.9382849335670471,0.9628382120201805,0.9312697756647998,0.9575764296355045,9943531
2005-02-21,0.9672224521636963,0.9724836322831516,0.938284907795472,0.942669099119873,16831303
2005-02-22,0.9917755722999573,1.0084367761908677,0.9698531891258544,0.9698531891258544,26285198
2005-02-23,1.0084370374679565,1.011944315613614,0.9821297794646653,0.9979139987894696,21112718
2005-02-24,1.0005449056625366,1.0084369772208954,0.9865145896766057,1.0084369772208954,13718721
2005-02-25,1.0145750045776367,1.03299018687703,0.996159897543323,0.9996677771098749,29472840
2005-02-28,1.0128211975097656,1.033867272643592,1.0119442087195267,1.0172060661958735,15018861
2005-03-01,0.9996680617332458,1.0268516335497744,0.9891450221581297,1.0172062603181702,22871592
2005-03-02,0.9891447424888611,1.0145750065859804,0.9716065488626588,1.0084368382692712,18287193
2005-03-03,0.9891447424888611,0.9891447424888611,0.9891447424888611,0.9891447424888611,0
2005-03-04,0.985637366771698,1.001421581404986,0.9663452729146363,0.9944065003430896,18712072
2005-03-07,1.0014216899871826,1.0031750653011422,0.9014545348800144,0.9014545348800144,34145676
2005-03-08,1.0663117170333862,1.0680656941165618,0.9821293972584104,0.9996675875237935,61024233
2005-03-09,1.0759581327438354,1.0829732150802855,1.0487744911192414,1.0654356974018755,31894466
2005-03-10,1.055789589881897,1.0803428659141827,1.0408822867280558,1.0663119493723625,23785840
2005-03-11,1.039128303527832,1.0654355549748202,1.0329901355283937,1.0531586168553364,25492536
2005-03-14,1.1092803478240967,1.1434797454028427,1.0268513142744629,1.0382513392626112,104694984
2005-03-15,1.1285725831985474,1.1487409908936985,1.1075265093823237,1.1075265093823237,46051862
2005-03-16,1.1119112968444824,1.1373409577145708,1.1031421627803686,1.1224336556008068,33107731
2005-03-17,1.1145415306091309,1.1443566602245228,1.1057723969766842,1.1127882307381511,27300463
2005-03-18,1.1048961877822876,1.122433704016219,1.0838501145904533,1.116295535701803,39118852
2005-03-21,1.1522489786148071,1.154002278749617,1.1048962519947143,1.1048962519947143,29665699
2005-03-22,1.1610174179077148,1.166279199856432,1.131202886395778,1.1478640920121659,28357624
2005-03-23,1.1759251356124878,1.1978475942239717,1.150494872880954,1.1575100295305987,50626108
2005-03-24,1.1496177911758423,1.175925040440789,1.1189263516037296,1.1706632594214932,89201001
2005-03-25,1.151371955871582,1.1618943153827321,1.1399719302402957,1.144356798647209,15741288
2005-03-28,1.1583869457244873,1.175048148704027,1.1461099331326665,1.1513717895137108,12474640
2005-03-29,1.1478641033172607,1.19521675439335,1.1443568256825425,1.1706634777327294,33070377
2005-03-30,1.1312029361724854,1.1645253488715588,1.1215568874526538,1.1487410560420068,35143876
2005-03-31,1.1241875886917114,1.157509995763348,1.110157275801719,1.1312027451367077,24025982
2005-04-01,1.1697864532470703,1.2232779487100298,1.1101573914572613,1.1312028629847548,34362295
2005-04-04,1.1294487714767456,1.158386988106881,1.1276954715828644,1.158386988106881,29065240
2005-04-05,1.117172360420227,1.1355875400460091,1.116295371839645,1.130325683827585,34327375
2005-04-06,1.134710669517517,1.139971848897681,1.0347434443295034,1.1119112972675294,85192689
2005-04-07,1.2101240158081055,1.21889307513814,1.1347107377964902,1.1347107377964902,73770019
2005-04-08,1.2153854370117188,1.2241538916194399,1.2013545247622843,1.2145085238123938,22087569
2005-04-11,1.2259081602096558,1.235554207697166,1.1575100433652787,1.2031087879281968,44862235
2005-04-12,1.227662205696106,1.2381852430858633,1.197847748463552,1.2145089546307783,19299571
2005-04-13,1.2074936628341675,1.243446360112218,1.2013548173534185,1.2013548173534185,20063937
2005-04-14,1.1917093992233276,1.2171390592578182,1.1882014446526445,1.2101239027671926,6977815
2005-04-15,1.1925855875015259,1.2320461585687066,1.180309253071545,1.1882013221259415,17375536
2005-04-18,1.172417163848877,1.2083698576617472,1.1399717470241766,1.1838171876479529,23701255
2005-04-19,1.173294186592102,1.1820632448660608,1.1531251041872597,1.1671560189099968,17535355
2005-04-20,1.172417163848877,1.197847499841749,1.1496177936363534,1.1803093085392247,14217213
2005-04-21,1.1680331230163574,1.1882015300296704,1.1452330725002717,1.1671561343106716,21860791
2005-04-22,1.1680331230163574,1.1820633617406635,1.1636482547530074,1.1750482800110502,21404152
2005-04-25,1.2092469930648804,1.2153857634341703,1.1504949219066405,1.159263980989983,37867672
2005-04-26,1.2329232692718506,1.2399384257340982,1.1996014642388586,1.210123897871935,38295288
2005-04-27,1.2416924238204956,1.2452003033833288,1.2215239415123837,1.2346772668154655,26751736
2005-04-28,1.2829070091247559,1.284660986579537,1.2320464046362218,1.2408154639942337,38666894
2005-04-29,1.275891900062561,1.2881682374072698,1.260984596436483,1.2802760912140023,9400190
2005-05-02,1.275891900062561,1.2881682374072698,1.260984596436483,1.2802760912140023,0
2005-05-03,1.275891900062561,1.2881682374072698,1.260984596436483,1.2802760912140023,0
2005-05-04,1.275891900062561,1.2881682374072698,1.260984596436483,1.2802760912140023,0
2005-05-05,1.275891900062561,1.2881682374072698,1.260984596436483,1.2802760912140023,0
2005-05-06,1.275891900062561,1.2881682374072698,1.260984596436483,1.2802760912140023,0
2005-05-09,1.2232778072357178,1.3004449788358245,1.2171390373775262,1.2627383816626765,20112624
2005-05-10,1.2311700582504272,1.2399385152382025,1.1925857917420017,1.2276621034407154,11657275
2005-05-11,1.219770073890686,1.2425694477000189,1.2101240257567571,1.23117009948822,34458897
2005-05-12,1.180309534072876,1.218893125773581,1.157510159503846,1.1978477287266003,35858001
2005-05-13,1.1575101613998413,1.1890785957149002,1.1399719667173895,1.1794325472437555,19707033
2005-05-16,1.1680331230163574,1.1838173391520352,1.1312028337759656,1.1575100864640004,18780033
2005-05-17,1.189955472946167,1.1925857616012618,1.1408488485512827,1.164525209701,7948843
2005-05-18,1.1408486366271973,1.1943395171012352,1.1312025908519991,1.1882012748653268,22963694
2005-05-19,1.1478641033172607,1.161017429342354,1.1145416917562987,1.1399719571720373,9244332
2005-05-20,1.1750482320785522,1.1803094114472596,1.1408488350851986,1.1487409051985649,9566424
2005-05-23,1.1750482320785522,1.201354806307776,1.1645251959554503,1.1750482320785522,13596213
2005-05-24,1.146109938621521,1.1794323447401853,1.1434796501715059,1.1645251189046248,10738886
2005-05-25,1.1399718523025513,1.1469870090473113,1.1241876367292263,1.1355876615811142,15942369
2005-05-26,1.0838502645492554,1.1732944697906116,1.0794660730468861,1.1645254094000617,19461600
2005-05-27,1.050527572631836,1.096126990731444,1.0435124164904876,1.0794657879167981,34807759
2005-05-30,1.1084035634994507,1.1119114433826272,1.0347435803040546,1.0347435803040546,20390565
2005-05-31,1.142602562904358,1.1575098627178548,1.104895969632663,1.1084032463917366,14590396
2005-06-01,1.1145415306091309,1.1557560070911939,1.05315857362795,1.1443566602245228,17485322
2005-06-02,1.0926194190979004,1.1136648181797113,1.068066064632815,1.1110345290280788,16853457
2005-06-03,1.0829732418060303,1.0864811217537098,1.0522817948280032,1.0864811217537098,8413128
2005-06-06,1.1443568468093872,1.1487410380150793,1.0540356588493884,1.082973202434083,17116092
2005-06-07,1.173294186592102,1.215385651254089,1.1382178782311958,1.1461099478861794,45110376
2005-06-08,1.2907990217208862,1.2907990217208862,1.1838172461988425,1.192585702530694,75369672
2005-06-09,1.245200514793396,1.3144756347538005,1.2294162959546155,1.2907993441281758,60367989
2005-06-10,1.2101240158081055,1.2416924487600347,1.20135488121299,1.2364312690632897,15286831
2005-06-13,1.1952167749404907,1.2320464647693152,1.1689095203173827,1.218893138518101,19868457
2005-06-14,1.1908326148986816,1.2259083281048788,1.1882016485192592,1.2004780615865782,15121627
2005-06-15,1.1829404830932617,1.196093809851886,1.1618944076285838,1.1829404830932617,6968145
2005-06-16,1.2171391248703003,1.2171391248703003,1.1618942564892805,1.1776785476067593,9377841
2005-06-17,1.188201665878296,1.2355543949643075,1.1820634968875043,1.2101241280744834,18385797
2005-06-20,1.188201665878296,1.188201665878296,1.188201665878296,1.188201665878296,0
2005-06-21,1.182063341140747,1.2311700413684454,1.1794324503346174,1.2171391255029422,19480024
2005-06-22,1.2101240158081055,1.2101240158081055,1.1662791707484197,1.1724173391697572,9282081
2005-06-23,1.2215240001678467,1.2504616182844792,1.1987246259090936,1.2083700721124997,16030987
2005-06-24,1.2329232692718506,1.2355541599241462,1.210123897871935,1.221523846999651,6718003
2005-06-27,1.173294186592102,1.2522153347323695,1.155755994779113,1.2522153347323695,75479918
2005-06-28,1.1846938133239746,1.1952168513228634,1.1487411099677254,1.1689095950185453,30885688
2005-06-29,1.1741712093353271,1.1925857129168134,1.1680330414748317,1.181186365840285,9597463
2005-06-30,1.1531251668930054,1.1811863957438438,1.1408488308612201,1.1575100349612533,29268496
2005-07-01,1.1478641033172607,1.1662792113428935,1.1373410661717676,1.1434798369274248,11554833
2005-07-04,1.1592639684677124,1.172417293522869,1.1355876823081184,1.1355876823081184,11084198
2005-07-05,1.1627713441848755,1.1680332015075052,1.148741029252661,1.1531252956899956,5284684
2005-07-06,1.1575101613998413,1.1715404762975328,1.1531252928526199,1.1715404762975328,6406156
2005-07-07,1.1601910591125488,1.1744928392232137,1.1458898927463368,1.1601910591125488,2123280
2005-07-08,1.189687728881836,1.1914748758318061,1.1458897783343738,1.1458897783343738,17895542
2005-07-11,1.1887941360473633,1.2334854038073901,1.1843246180092037,1.189688054998609,6467356
2005-07-12,1.2156084775924683,1.2290163394986438,1.187900062434217,1.200413468479113,7751390
2005-07-13,1.206670880317688,1.2156086120114575,1.2013074434335145,1.2138214646066596,2353910
2005-07-14,1.2013074159622192,1.2245469294470424,1.199519654853756,1.199519654853756,4163896
2005-07-15,1.2013074159622192,1.2138214368491962,1.199519654853756,1.2066708527237429,2156932
2005-07-18,1.1986262798309326,1.2084579296606073,1.1950506811043196,1.197732437687826,4498934
2005-07-19,1.1771739721298218,1.206670762362507,1.1753861344371734,1.197732417797936,8335555
2005-07-20,1.2030951976776123,1.2057768775742699,1.170917263741552,1.176280086508425,5099688
2005-07-21,1.196838617324829,1.210245866984515,1.192369099369212,1.192369099369212,2266257
2005-07-22,1.220971941947937,1.2334852715623954,1.1861123287456707,1.2102457595817362,21060475
2005-07-25,1.2030951976776123,1.2200780451581845,1.1843245124538928,1.2156085275183797,10543399
2005-07-26,1.2316977977752686,1.2459995830707122,1.2039894505113446,1.2039894505113446,27831758
2005-07-27,1.2290164232254028,1.2513620173593294,1.2245469054646785,1.2316974894500896,17519889
2005-07-28,1.230804204940796,1.2647692088108071,1.2299102860857656,1.2406358547029588,14569588
2005-07-29,1.2281224727630615,1.2352730565646806,1.2200780468067243,1.2308042293814057,6781464
2005-08-01,1.2370612621307373,1.2522562764066894,1.2227600902752733,1.228122837925857,8431077
2005-08-02,1.243317723274231,1.2495743890285318,1.2308043917656293,1.2495743890285318,8616672
2005-08-03,1.2477864027023315,1.257618743250578,1.2406358955254826,1.2424236565763072,8601897
2005-08-04,1.2415295839309692,1.2531496840909149,1.2299101742335161,1.2433174214784382,8806464
2005-08-05,1.2102458477020264,1.241529787760509,1.2048830246416649,1.2334853613747983,54578318
2005-08-08,1.2030951976776123,1.2138213802378006,1.1932629339889973,1.2102457814695695,27876664
2005-08-09,1.1887941360473633,1.2129275694708335,1.1843246180092037,1.2022013859546523,12390192
2005-08-10,1.1887941360473633,1.1977325583791225,1.163766860390717,1.1887941360473633,24203937
2005-08-11,1.213821291923523,1.2156084390740742,1.1718110973553932,1.1941567659770298,49180154
2005-08-12,1.1798553466796875,1.2227593741451996,1.1744926021698872,1.198625949798523,29958170
2005-08-15,1.1789617538452148,1.192369002414724,1.1646605864136552,1.179855672707265,25066612
2005-08-16,1.1914749145507812,1.1932627520212904,1.161084822992233,1.1664482586857094,29685247
2005-08-17,1.1843246221542358,1.1887941402080382,1.1664485446088522,1.1887941402080382,6373072
2005-08-18,1.1780680418014526,1.191475292724701,1.1172879161108134,1.144102341239234,16351833
2005-08-19,1.1762800216674805,1.1879000457406401,1.1664483722653278,1.175386102845183,10545652
2005-08-22,1.1816436052322388,1.1977326127232644,1.167341821980236,1.1762802447175542,10180317
2005-08-23,1.185218334197998,1.19326283620229,1.176279990113445,1.1798555885886597,10907143
2005-08-24,1.1807492971420288,1.1887937209958688,1.1771736993034876,1.1798553785028827,8410363
2005-08-25,1.1735990047454834,1.184324496700437,1.1718111670261173,1.1780678318632771,8144704
2005-08-26,1.1610850095748901,1.179855694952546,1.1575101012399096,1.179855694952546,13971549
2005-08-29,1.1476777791976929,1.1610850282354623,1.1306949313049033,1.1610850282354623,18589881
2005-08-30,1.1333768367767334,1.153040753468271,1.1289073184416745,1.1441023305427538,9736351
2005-08-31,1.149465560913086,1.1584039055110698,1.1289071151681211,1.131588794999057,8344562
2005-09-01,1.1441022157669067,1.1601912219826456,1.1405273072637836,1.1441022157669067,26550223
2005-09-02,1.1798553466796875,1.1843241725744524,1.1441018242360048,1.1441018242360048,18532886
2005-09-05,1.2084578275680542,1.2173962482439873,1.1744928263342334,1.1789616530819211,24004980
2005-09-06,1.200413465499878,1.2200779920206675,1.1905818159839616,1.211139570874854,12193826
2005-09-07,1.2093517780303955,1.215608442513263,1.2022011947384645,1.2048828744475975,13193841
2005-09-08,1.2129273414611816,1.220971843329466,1.1986261752910221,1.2093517430464196,10698019
2005-09-09,1.2120335102081299,1.2191840938096077,1.1977324197232353,1.2191840938096077,4935132
2005-09-12,1.185218334197998,1.2022011802868429,1.1262259843896834,1.1807495073869774,25443338
2005-09-13,1.183430790901184,1.1932630555917834,1.1780679675877974,1.1798558055131392,15848949
2005-09-14,1.1619789600372314,1.1923690573053962,1.1584039748870165,1.190581909961585,33051254
2005-09-15,1.163766860961914,1.1789618720610828,1.1530406774404682,1.16108510410686,20113164
2005-09-16,1.1601910591125488,1.1637666575763284,1.1458898927463368,1.1619788199854102,18241646
2005-09-19,1.1610850095748901,1.1619789284537947,1.1494655985104065,1.1619789284537947,7718846
2005-09-20,1.1682355403900146,1.1735989767018893,1.1539344500561213,1.1610849568640378,8718854
2005-09-21,1.1646605730056763,1.1762800604353796,1.149465563605059,1.1682355579501604,5796727
2005-09-22,1.1503593921661377,1.171811064664733,1.1333765463949703,1.161084883184186,7382836
2005-09-23,1.1405271291732788,1.1584038170033806,1.1315887085401726,1.1315887085401726,8778420
2005-09-26,1.1503593921661377,1.1575099752383546,1.1396332106855906,1.140527129467187,8754386
2005-09-27,1.1709171533584595,1.178067736476327,1.1503593995102166,1.1503593995102166,11464185
2005-09-28,1.1798553466796875,1.1798553466796875,1.1575097595630812,1.1619785854578462,9761486
2005-09-29,1.1807492971420288,1.1834303625970786,1.1709169592918534,1.1798553785028827,5860497
2005-09-30,1.1816436052322388,1.1852185907367987,1.166448593451092,1.1807497629585069,6989832
2005-10-03,1.1816436052322388,1.1852185907367987,1.166448593451092,1.1807497629585069,0
2005-10-04,1.1816436052322388,1.1852185907367987,1.166448593451092,1.1807497629585069,0
2005-10-05,1.1816436052322388,1.1852185907367987,1.166448593451092,1.1807497629585069,0
2005-10-06,1.1816436052322388,1.1852185907367987,1.166448593451092,1.1807497629585069,0
2005-10-07,1.1816436052322388,1.1852185907367987,1.166448593451092,1.1807497629585069,0
2005-10-10,1.192368984222412,1.1932629030708237,1.1727050710991915,1.1816434156846347,8254598
2005-10-11,1.1959445476531982,1.1977323852973334,1.1861122845091028,1.1914750302609194,7479381
2005-10-12,1.2343791723251343,1.246893115500666,1.188793991169317,1.197732412411753,34039569
2005-10-13,1.2316977977752686,1.2585129163824236,1.2299106499989712,1.2343795551338541,30399076
2005-10-14,1.223652958869934,1.2433174851011557,1.2138213094987924,1.2218657349754476,10285819
2005-10-17,1.2325913906097412,1.2334853094926364,1.2084579590315614,1.2236530456794956,12091939
2005-10-18,1.288008689880371,1.3103549715916354,1.2254406661371595,1.2379546851633005,41868417
2005-10-19,1.2942659854888916,1.3085671518074908,1.2808581242183246,1.2808581242183246,34713691
2005-10-20,1.2871155738830566,1.3067794883968986,1.2799643760261574,1.2987349853729029,24497013
2005-10-21,1.3040977716445923,1.3094612852788075,1.2817521764288318,1.2817521764288318,12516408
2005-10-24,1.3416389226913452,1.3541522514037168,1.2942659832897396,1.3040975556292191,38032538
2005-10-25,1.3228683471679688,1.3496834565533435,1.3210805095437534,1.342532873237062,17968075
2005-10-26,1.300522804260254,1.3192934133336949,1.2826460373673607,1.3192934133336949,18689839
2005-10-27,1.2790707349777222,1.309460901270052,1.273707376352488,1.2960528882971987,16020892
2005-10-28,1.296053171157837,1.309461187056959,1.2540437406945244,1.276389334234156,18391924
2005-10-31,1.3335944414138794,1.3389571870621833,1.2915842469266547,1.2960530737701454,20595700
2005-11-01,1.3282312154769897,1.3496835811506944,1.318399488561224,1.333594575408644,23438685
2005-11-02,1.3309125900268555,1.3452137555221984,1.3139298217445452,1.3228682419742641,8089142
2005-11-03,1.2647693157196045,1.331806791196271,1.258512650386143,1.331806791196271,25672017
2005-11-04,1.2844337224960327,1.2871154021550615,1.255830776118262,1.2603002933620142,35271100
2005-11-07,1.2781771421432495,1.2960531409057063,1.2701326396638015,1.2960531409057063,9522820
2005-11-08,1.2728137969970703,1.2871155790234536,1.2611943854608192,1.2763893959397998,8590622
2005-11-09,1.2781771421432495,1.2951599892352021,1.267450959828509,1.271919786903485,14384023
2005-11-10,1.2486801147460938,1.2942659042441864,1.2388484662890127,1.278176978068625,10907834
2005-11-11,1.2638752460479736,1.2674508444087742,1.2272284891104843,1.2424234971164756,8010122
2005-11-14,1.2549375295639038,1.2763892020093113,1.2433174293305718,1.2763892020093113,4555440
2005-11-15,1.255831003189087,1.263875506594331,1.2075641361937628,1.2424237532405809,8788492
2005-11-16,1.2316977977752686,1.2513623306070394,1.2218661451040584,1.2486806499665382,9974995
2005-11-17,1.223652958869934,1.2468930836610084,1.21560845667522,1.2468930836610084,12753936
2005-11-18,1.2495741844177246,1.2522558642326986,1.2227596878098073,1.2334852562987917,18483840
2005-11-21,1.2576185464859009,1.2620879867727142,1.2468929791938903,1.2495740449651709,18649008
2005-11-22,1.2611944675445557,1.273707798810425,1.2540438829382419,1.2656632952307323,19938974
2005-11-23,1.2790707349777222,1.2808579585871265,1.255830613893706,1.262087891195828,9039981
2005-11-24,1.2772833108901978,1.2781772298026222,1.260300462633535,1.2746016308709915,6037783
2005-11-25,1.28264582157135,1.2871153385943872,1.2746013967359666,1.279964142044749,8622244
2005-11-28,1.273707628250122,1.2906903986726053,1.2710265621516492,1.2826459728882016,6473268
2005-11-29,1.2638752460479736,1.2781770257467409,1.261194180201322,1.2674508444087742,3962880
2005-11-30,1.2397416830062866,1.263875108910256,1.2316971821322815,1.263875108910256,13088541
2005-12-01,1.2370612621307373,1.2486806765704792,1.2299106762030052,1.2334856622945272,6440716
2005-12-02,1.2111395597457886,1.2442114108091642,1.2093517988149938,1.2442114108091642,14280235
2005-12-05,1.200413465499878,1.211139570874854,1.1887939783186794,1.211139570874854,17891308
2005-12-06,1.1950504779815674,1.2111394036686645,1.1896877329066826,1.2004132997745014,6892070
2005-12-07,1.1977325677871704,1.2057769945128018,1.1852185462702014,1.1914752117973684,20162534
2005-12-08,1.2218657732009888,1.2290163567999275,1.1932629017788057,1.1941568206262492,7923196
2005-12-09,1.250468134880066,1.2513619770289508,1.2022012725847826,1.220078038844418,13161477
2005-12-12,1.2415295839309692,1.2433174214784382,1.169129374755624,1.169129374755624,10476640
2005-12-13,1.226334571838379,1.242423498633732,1.220077907623286,1.2334851548242771,6203685
2005-12-14,1.238848328590393,1.2406355521200683,1.2245465510147557,1.226334388288775,6143371
2005-12-15,1.2531496286392212,1.2558306943792952,1.2290162010759886,1.2388484632533892,14060289
2005-12-16,1.2620880603790283,1.2629819791757462,1.2406357737731037,1.2576186198315524,6563887
2005-12-19,1.254043698310852,1.2683447886999204,1.2477863431365137,1.2620881239881272,6683299
2005-12-20,1.28264582157135,1.284433659067786,1.2540435670685306,1.2540435670685306,5303865
2005-12-21,1.2692389488220215,1.2844340376594843,1.2603006026038095,1.2826461996360765,5677790
2005-12-22,1.288008689880371,1.2960530382867606,1.2558307592284261,1.2647691031332102,14023101
2005-12-23,1.305885672569275,1.315718014192674,1.2781773295622625,1.2844339952568888,11013408
2005-12-26,1.3076732158660889,1.3255499036840708,1.2960530388967626,1.3005226328005626,8492155
2005-12-27,1.300522804260254,1.3121422155809188,1.2942661391506147,1.3121422155809188,6625360
2005-12-28,1.2915846109390259,1.2996291152689827,1.2826462642703982,1.296053439041984,4248453
2005-12-29,1.3112488985061646,1.3121422036521333,1.2915843707128818,1.2915843707128818,19767261
2005-12-30,1.3175057172775269,1.3300190488430255,1.2942662783915075,1.3210807795120723,20463336
2006-01-04,1.3121423721313477,1.3139302101418797,1.2638755790856842,1.3139302101418797,19652205
2006-01-05,1.3148239850997925,1.3300189187269713,1.2862216487878335,1.3049916442998084,13090572
2006-01-06,1.3148239850997925,1.3210806502704509,1.2835399687839053,1.3103551577437973,50989262
2006-01-09,1.388118028640747,1.4140392201944874,1.2996288087535786,1.3139299759270857,41086749
2006-01-10,1.3630906343460083,1.3845422297566767,1.3568339701632661,1.3791794843401177,25627845
2006-01-11,1.3899059295654297,1.4122514467520828,1.3407451473230512,1.3407451473230512,17736451
2006-01-12,1.3961626291275024,1.4167203090495097,1.3773918664061018,1.3800736231322057,19539165
2006-01-13,1.4202960729599,1.4390666834118166,1.3863303744769684,1.3961627159031282,20165018
2006-01-16,1.3657726049423218,1.4256588875205316,1.3630910013578592,1.4256588875205316,26707888
2006-01-17,1.3943746089935303,1.4167201238112308,1.3425328427680194,1.3425328427680194,37403330
2006-01-18,1.4256587028503418,1.4837579070697795,1.4024192666603743,1.403313185551453,41030172
2006-01-19,1.4077826738357544,1.4488983411218994,1.4033132326664342,1.430128345321009,21176856
2006-01-20,1.4497920274734497,1.474819298271073,1.4024190887751697,1.4024190887751697,40425184
2006-01-23,1.436384916305542,1.4569425951631005,1.422083748868143,1.4569425951631005,23107946
2006-01-24,1.4256587028503418,1.446217149547722,1.4131453727365388,1.434597124580479,15697893
2006-01-25,1.4980589151382446,1.502528509574568,1.4301282912041904,1.4301282912041904,30989700
2006-02-06,1.6348148584365845,1.648222719947166,1.5105728792547597,1.5195111467229165,38466864
2006-02-07,1.6097877025604248,1.6348149760202364,1.573140864679614,1.6348149760202364,22652791
2006-02-08,1.58744215965271,1.6482229707418627,1.5856543217637014,1.609787831723234,35342510
2006-02-09,1.576716661453247,1.6330278776332074,1.5597337359253527,1.587442154390355,27552348
2006-02-10,1.6804007291793823,1.6964897348481611,1.5382812813959228,1.5767165715312685,66382833
2006-02-13,1.6473289728164673,1.671462481618923,1.633921109908574,1.671462481618923,14034693
2006-02-14,1.64911687374115,1.671462545595615,1.6178321659642123,1.6446474324979823,16299849
2006-02-15,1.608000636100769,1.6625241689816448,1.6071067171404088,1.6446474775719981,12247200
2006-02-16,1.562414526939392,1.617831811690381,1.5463255239784475,1.6071063211700967,31237538
2006-02-17,1.58744215965271,1.5981684198060668,1.5463258775451236,1.5463258775451236,24943600
2006-02-20,1.58744215965271,1.58744215965271,1.58744215965271,1.58744215965271,0
2006-02-21,1.58744215965271,1.58744215965271,1.58744215965271,1.58744215965271,0
2006-02-22,1.58744215965271,1.58744215965271,1.58744215965271,1.58744215965271,0
2006-02-23,1.58744215965271,1.58744215965271,1.58744215965271,1.58744215965271,0
2006-02-24,1.58744215965271,1.58744215965271,1.58744215965271,1.58744215965271,0
2006-02-27,1.58744215965271,1.58744215965271,1.58744215965271,1.58744215965271,0
2006-02-28,1.58744215965271,1.58744215965271,1.58744215965271,1.58744215965271,0
2006-03-01,1.58744215965271,1.58744215965271,1.58744215965271,1.58744215965271,0
2006-03-02,1.58744215965271,1.58744215965271,1.58744215965271,1.58744215965271,0
2006-03-03,1.58744215965271,1.58744215965271,1.58744215965271,1.58744215965271,0
2006-03-06,1.58744215965271,1.58744215965271,1.58744215965271,1.58744215965271,0
2006-03-07,1.58744215965271,1.58744215965271,1.58744215965271,1.58744215965271,0
2006-03-08,1.58744215965271,1.58744215965271,1.58744215965271,1.58744215965271,0
2006-03-09,1.540963053703308,1.5588397438984662,1.4998467736597358,1.5195113016541542,75186849
2006-03-10,1.5954861640930176,1.616044605590837,1.5427504865577524,1.5427504865577524,58307378
2006-03-13,1.5954861640930176,1.5954861640930176,1.5954861640930176,1.5954861640930176,0
2006-03-14,1.5954861640930176,1.5954861640930176,1.5954861640930176,1.5954861640930176,0
2006-03-15,1.5954861640930176,1.5954861640930176,1.5954861640930176,1.5954861640930176,0
2006-03-16,1.5954861640930176,1.5954861640930176,1.5954861640930176,1.5954861640930176,0
2006-03-17,1.5954861640930176,1.5954861640930176,1.5954861640930176,1.5954861640930176,0
2006-03-20,1.5954861640930176,1.5954861640930176,1.5954861640930176,1.5954861640930176,0
2006-03-21,1.5954861640930176,1.5954861640930176,1.5954861640930176,1.5954861640930176,0
2006-03-22,1.5954861640930176,1.5954861640930176,1.5954861640930176,1.5954861640930176,0
2006-03-23,1.5954861640930176,1.5954861640930176,1.5954861640930176,1.5954861640930176,0
2006-03-24,1.5954861640930176,1.5954861640930176,1.5954861640930176,1.5954861640930176,0
2006-03-27,1.5954861640930176,1.5954861640930176,1.5954861640930176,1.5954861640930176,0
2006-03-28,1.5954861640930176,1.5954861640930176,1.5954861640930176,1.5954861640930176,0
2006-03-29,1.5954861640930176,1.5954861640930176,1.5954861640930176,1.5954861640930176,0
2006-03-30,1.5954861640930176,1.5954861640930176,1.5954861640930176,1.5954861640930176,0
2006-03-31,1.5954861640930176,1.5954861640930176,1.5954861640930176,1.5954861640930176,0
2006-04-03,1.5954861640930176,1.5954861640930176,1.5954861640930176,1.5954861640930176,0
2006-04-04,1.5954861640930176,1.5954861640930176,1.5954861640930176,1.5954861640930176,0
2006-04-05,1.5954861640930176,1.5954861640930176,1.5954861640930176,1.5954861640930176,0
2006-04-06,1.5954861640930176,1.5954861640930176,1.5954861640930176,1.5954861640930176,0
2006-04-07,1.5954861640930176,1.5954861640930176,1.5954861640930176,1.5954861640930176,0
2006-04-10,1.5954861640930176,1.5954861640930176,1.5954861640930176,1.5954861640930176,0
2006-04-11,1.619069218635559,1.619069218635559,1.619069218635559,1.619069218635559,0
2006-04-12,1.619069218635559,1.619069218635559,1.619069218635559,1.619069218635559,0
2006-04-13,1.619069218635559,1.619069218635559,1.619069218635559,1.619069218635559,0
2006-04-14,1.619069218635559,1.619069218635559,1.619069218635559,1.619069218635559,0
2006-04-17,1.619069218635559,1.619069218635559,1.619069218635559,1.619069218635559,0
2006-04-18,1.619069218635559,1.619069218635559,1.619069218635559,1.619069218635559,0
2006-04-19,1.619069218635559,1.619069218635559,1.619069218635559,1.619069218635559,0
2006-04-20,1.619069218635559,1.619069218635559,1.619069218635559,1.619069218635559,0
2006-04-21,1.628380298614502,1.628380298614502,1.628380298614502,1.628380298614502,0
2006-04-24,1.6156095266342163,1.6420651388576832,1.5207343248256329,1.5325939208011246,202414363
2006-04-25,1.5590492486953735,1.5964516313843171,1.522558588332224,1.5964516313843171,88673284
2006-04-26,1.5106998682022095,1.577294132364478,1.4961032258288283,1.534418589911411,62457746
2006-04-27,1.4824192523956299,1.5198216334779953,1.4787700142566071,1.5052256205189014,41230288
2006-04-28,1.6311174631118774,1.6311174631118774,1.4431922764607985,1.4760335392873039,96026241
2006-05-08,1.7460625171661377,1.7880264968588826,1.6238199738514574,1.642065230074251,93020464
2006-05-09,1.7533602714538574,1.7953242450617202,1.697712631712267,1.7360272100857466,72195127
2006-05-10,1.706835389137268,1.7606583329120387,1.6685200265913211,1.751535627543956,67312850
2006-05-11,1.7013609409332275,1.7606579653482815,1.6375031128846085,1.700448592287123,84511310
2006-05-12,1.7925870418548584,1.824515958773244,1.6584855594777386,1.6885897789385218,64458842
2006-05-15,1.9577058553695679,1.9723018688858298,1.8062713146911926,1.8099199265714943,88546795
2006-05-16,1.8564445972442627,1.9522322732293074,1.7624824014405527,1.9522322732293074,68972623
2006-05-17,1.7524477243423462,1.8518838674575069,1.7241680464663574,1.8518838674575069,42412989
2006-05-18,1.7916748523712158,1.82907786498681,1.660309621507141,1.736027212550615,43811208
2006-05-19,1.7834640741348267,1.8518836415095754,1.7697804112190514,1.7862011199169499,36855309
2006-05-22,1.6876778602600098,1.8071835160230556,1.6694326036293528,1.7880265368293031,71467776
2006-05-23,1.5900660753250122,1.6876775292670207,1.5763824095849133,1.6876775292670207,64728388
2006-05-24,1.6831167936325073,1.6876777551571496,1.5763826205785536,1.6083115436445707,35365125
2006-05-25,1.6584856510162354,1.7196065986396214,1.6475382486639278,1.6785549751649573,31719744
2006-05-26,1.7050104141235352,1.7196064271391975,1.6420647752195525,1.6593970513022136,26482420
2006-05-29,1.824515700340271,1.8445856469365132,1.7059225971557808,1.7059225971557808,67802292
2006-05-30,1.8400243520736694,1.8874622585814178,1.7862014137526327,1.8655676113170196,48678660
2006-05-31,1.7907625436782837,1.8427615724218163,1.7752541795579242,1.8236038129801377,29008850
2006-06-01,1.969565749168396,1.9695657491683962,1.777078931980192,1.7907625988615614,95622984
2006-06-02,2.019739866256714,2.16661329643657,1.9887225139721612,1.9887225139721612,121286476
2006-06-05,1.9996697902679443,2.0617029249381646,1.9057067999619295,2.0233883509712345,32117227
2006-06-06,1.8974963426589966,1.9978449855006404,1.8701291716092072,1.9868983676399157,36947584
2006-06-07,1.8318138122558594,1.915741745105156,1.7898504722291875,1.876514824637779,51105456
2006-06-08,1.8336387872695923,1.8600943966047407,1.7989728218166223,1.8062714555419137,18903996
2006-06-09,1.8172179460525513,1.856444869676713,1.7679559694416278,1.829990045216848,30746764
2006-06-12,1.9348995685577393,1.9613551769535766,1.7834643950493547,1.8153933129968791,36871394
2006-06-13,1.9376366138458252,1.9476708841858823,1.9047953471568135,1.9476708841858823,23977951
2006-06-14,2.0279502868652344,2.052581198608732,1.8245160815872008,1.9221276929700128,38252584
2006-06-15,2.000582456588745,2.116439328584424,1.996020712346178,2.0252133699061634,36362923
2006-06-16,2.0781233310699463,2.125561228522241,2.000581845795759,2.000581845795759,41134528
2006-06-19,2.1666131019592285,2.2031031341392717,2.035248046514081,2.052580948824163,49648154
2006-06-20,2.172086715698242,2.235032362811638,2.143806408268746,2.171174523490607,39932265
2006-06-21,2.155665874481201,2.2076647384228334,2.1073162486857275,2.1620515322886034,15736514
2006-06-22,2.13559627532959,2.1875951477775426,2.0981938880555604,2.1401578629083775,19271786
2006-06-23,2.1775600910186768,2.193980646265601,2.1164391440773223,2.151105108708637,14443531
2006-06-26,2.2249982357025146,2.2733478710208708,2.17299920491972,2.17299920491972,27106279
2006-06-27,2.2040157318115234,2.2596633699466744,2.189419717290559,2.224998031208778,25012152
2006-06-28,2.1073169708251953,2.1939811995613487,2.105492272827075,2.1939811995613487,20029600
2006-06-29,2.1091411113739014,2.1638763992669516,2.0890711612941892,2.107316413858052,32577199
2006-06-30,2.079035997390747,2.130122670532853,2.0571419773575657,2.116439005886804,35076823
2006-07-03,2.098193645477295,2.1419823129389024,2.0525810635528585,2.0854223292498024,31206297
2006-07-04,2.098193645477295,2.1027546061306746,2.0571420242062377,2.098193645477295,29608689
2006-07-05,2.0717382431030273,2.1146145660814186,2.0580545767899627,2.1146145660814186,23585968
2006-07-06,2.105491876602173,2.1255618282095137,2.0617032044761143,2.0690019950950616,35347003
2006-07-07,2.052581548690796,2.131035414855141,2.034336292369353,2.097281792450176,32630277
2006-07-10,2.0662646293640137,2.0972811961123092,1.9951086354013656,2.04345826119637,14922849
2006-07-11,2.065352201461792,2.0744749049784517,2.0097045713073856,2.0525808863369503,17222191
2006-07-12,2.037984609603882,2.065352568416883,1.9978453333969348,2.065352568416883,27419392
2006-07-13,1.9777759313583374,2.051668822193402,1.935811959160981,2.029774174117763,30611232
2006-07-14,1.958618402481079,2.002406917263801,1.9029707625397294,1.9330749847415172,21930076
2006-07-17,1.975039005279541,1.9978453771236677,1.915742125285761,1.96135533877259,25406244
2006-07-18,2.0014946460723877,2.005143415063289,1.9522328195056131,1.9704780738558678,8890581
2006-07-19,1.9431098699569702,1.9923718469354825,1.924864617898499,1.9923718469354825,24889082
2006-07-20,1.9814245700836182,1.99784528231173,1.9266892802552915,1.9431099924834037,9931802
2006-07-21,1.9832489490509033,1.9951085418209042,1.9567933439780356,1.9832489490509033,15140354
2006-07-24,2.0991063117980957,2.1210003356424068,1.9339874530015282,1.957706174582279,31158885
2006-07-25,2.104579448699951,2.1191754633941926,2.082685583258107,2.0963690925597414,20044584
2006-07-26,2.093632459640503,2.10640377449436,2.0690015521668816,2.0981934198033225,18939247
2006-07-27,2.0571422576904297,2.093632922449772,2.005143385352382,2.079948629540909,17617111
2006-07-28,2.0416343212127686,2.0544056405856526,1.9887229364155548,2.0416343212127686,13781217
2006-07-31,1.9622678756713867,2.02977449224065,1.9586186365872453,2.025213530633749,8577388
2006-08-01,1.964091420173645,2.020651243913424,1.9339870458507058,1.9622673492193405,14844729
2006-08-02,1.8920230865478516,1.9832490283873125,1.8683045264570004,1.978688067984262,14247460
2006-08-03,1.8436734676361084,1.9102685009411848,1.8163055127275978,1.8883744815332753,24890284
2006-08-04,1.7862013578414917,1.8591818949101362,1.760658099397689,1.8427613406244807,18638496
2006-08-07,1.7934998273849487,1.8427618161530857,1.75609743538255,1.7789038101643895,20465798
2006-08-08,1.857357144355774,1.8582694930452466,1.7944116619611803,1.7971485514300978,12112027
2006-08-09,1.842761754989624,1.8692173680978281,1.829990436094962,1.8573576151261841,7400743
2006-08-10,1.8500592708587646,1.866479982454935,1.842761420415263,1.8610066729220642,10595152
2006-08-11,1.8318138122558594,1.8509714113623241,1.8117444908949472,1.8509714113623241,13173192
2006-08-14,1.750623345375061,1.847323242961658,1.7469747328874579,1.8409369574619818,11835201
2006-08-15,1.7223433256149292,1.750623003106038,1.6831164034055512,1.7369393387069534,28854532
2006-08-16,1.7196067571640015,1.7442376708796292,1.6730816631234757,1.721431298290998,46133136
2006-08-17,1.7451497316360474,1.7506230409143875,1.687677400321652,1.7150453561088927,29596687
2006-08-18,1.8527963161468506,1.9130055397678838,1.8163056545529805,1.9130055397678838,65766981
2006-08-21,1.9157421588897705,1.9212160953871444,1.8062715721177394,1.8099201845180346,42306530
2006-08-22,1.8026221990585327,1.9321627395297092,1.746974712732958,1.915742182630321,73656316
2006-08-23,1.7323784828186035,1.7953241258517494,1.7314661340705881,1.7533601550303048,60176656
2006-08-24,1.7232555150985718,1.736939178233441,1.694975213822239,1.733289783798845,42539256
2006-08-25,1.7223433256149292,1.7387640360928327,1.7077473125229052,1.7241680230008085,24748322
2006-08-28,1.7734302282333374,1.7889385920330978,1.7232558981877022,1.7232558981877022,38119089
2006-08-29,1.7898509502410889,1.8309025789768893,1.7743419586048936,1.7834646645680439,29510395
2006-08-30,1.7542724609375,1.7907623383797373,1.7415003617747398,1.7898506160520287,31049438
2006-08-31,1.7697807550430298,1.7925871253325005,1.7570094382401493,1.7570094382401493,18498038
2006-09-01,1.8172179460525513,1.8427613613836114,1.7697806668933178,1.7743416275250097,28867161
2006-09-04,1.8080953359603882,1.833638593809972,1.788026013677361,1.8172178833068107,13010558
2006-09-05,1.7688684463500977,1.8245160850769584,1.7615704390120142,1.8062714582305452,19226426
2006-09-06,1.765219807624817,1.795324185316235,1.733290105978868,1.751535515548397,19962993
2006-09-07,1.7478867769241333,1.7770786471249462,1.7287290199629741,1.774341600988346,21034828
2006-09-08,1.750623345375061,1.767044059063422,1.7387643760432774,1.745150035144827,16971710
2006-09-11,1.7378519773483276,1.751535644030436,1.7223436129759018,1.7506232951852774,22755240
2006-09-12,1.7643074989318848,1.7834644747173187,1.7342024941584147,1.7342024941584147,16101216
2006-09-13,1.7387641668319702,1.7670438464494516,1.7278167646910552,1.7643074265628829,39811233
2006-09-14,1.7433249950408936,1.7506230015805462,1.715045317574428,1.7378516858855304,13682412
2006-09-15,1.7661315202713013,1.770693107537817,1.7332900964261797,1.740588886611828,16232054
2006-09-18,1.7661315202713013,1.7834644243675535,1.7451498474802842,1.7451498474802842,17286588
2006-09-19,1.838200330734253,1.8883746584343033,1.7661315117767409,1.7661315117767409,58648708
2006-09-20,1.8491472005844116,1.8646554078481772,1.798972870333245,1.8153934264122171,21794054
2006-09-21,1.939460277557373,1.9613549223172206,1.8810757587938842,1.9248644219156117,65312150
2006-09-22,1.9786882400512695,2.0087924605232566,1.934899571185141,1.9403728807442604,52271632
2006-09-25,2.0370724201202393,2.061703334419216,1.9139175354262887,1.9978454896586646,92700828
2006-09-26,1.9203037023544312,2.016090620175577,1.8929357430920624,2.016090620175577,66373689
2006-09-27,1.8838131427764893,1.915742062308652,1.8628314692890633,1.915742062308652,39631176
2006-09-28,1.905706763267517,1.9339870669446038,1.8710415847827324,1.8792517833606288,23088657
2006-09-29,1.9066193103790283,1.9522326778440746,1.8756027404131905,1.8974966055661158,37358100
2006-10-09,1.9148296117782593,1.9704778746500322,1.9002335976930753,1.9504079246342472,41894712
2006-10-10,1.944934606552124,1.947670869807594,1.8901986926759786,1.9221276103715377,27650966
2006-10-11,1.8956726789474487,1.944022309450618,1.879251966988138,1.944022309450618,34798608
2006-10-12,1.944934606552124,1.947670869807594,1.8901986926759786,1.9221276103715377,27648
2006-10-13,1.842761754989624,1.9047956874155199,1.8318143509386988,1.8956729812060322,36502812
2006-10-16,1.7825520038604736,1.8628313324947905,1.7789033919120516,1.856444891339353,52637587
2006-10-17,1.8062716722488403,1.8409370154627036,1.780728408639747,1.784377021242304,30212733
2006-10-18,1.8436734676361084,1.8454981650028084,1.7880259921332344,1.8044465458390415,43018862
2006-10-19,1.8409367799758911,1.8710417842343467,1.8245160678706633,1.84367366972644,26320773
2006-10-20,1.829990029335022,1.8482346547009836,1.8199549764353509,1.8482346547009836,29879769
2006-10-23,1.763395071029663,1.832726373062866,1.7460621672216063,1.832726373062866,40064313
2006-10-24,1.788025975227356,1.8017096393532328,1.7606580205776112,1.7606580205776112,31219833
2006-10-25,1.8518842458724976,1.8610069517926853,1.7688686398957671,1.7898509418119666,68793480
2006-10-26,1.820867657661438,1.8427616818971695,1.7880263864085395,1.8427616818971695,21127593
2006-10-27,1.7871136665344238,1.8208672796648904,1.7661313691408338,1.8208672796648904,25556997
2006-10-30,1.7697807550430298,1.7971487125894237,1.738764185409058,1.788938513244923,27659246
2006-10-31,1.7661315202713013,1.7697807587646108,1.740588886611828,1.758833513083227,27259423
2006-11-01,1.864655613899231,1.8792522569583812,1.751535780078609,1.7697810358041592,62888860
2006-11-02,1.9276013374328613,1.9467583101358157,1.8436734046078096,1.8610064630039138,86385520
2006-11-03,2.082685708999634,2.120087940186957,1.994196796900049,2.120087940186957,205307193
2006-11-06,2.0690019130706787,2.1319474024836516,2.043458495909878,2.09636908821677,143084743
2006-11-07,2.1839466094970703,2.198542625367414,2.0753877431393786,2.093632997876605,221003272
2006-11-08,2.1228244304656982,2.1875946045333294,2.0854220524797817,2.18668225592423,226920240
2006-11-09,1.9102683067321777,1.910268306732178,1.910268306732178,1.910268306732178,2451600
2006-11-10,1.7196067571640015,1.7497109810615583,1.7196067571640015,1.7196067571640015,251967052
2006-11-13,1.6876778602600098,1.7342028026995215,1.6694326036293528,1.7141334745444852,79877361
2006-11-14,1.6630468368530273,1.701361419172532,1.6019252545644616,1.6931510620471886,98985456
2006-11-15,1.6630468368530273,1.6803797434067362,1.6192581611181704,1.6603097901453512,87749647
2006-11-16,1.690414547920227,1.7150454590479127,1.6338545619236795,1.6603095441881177,135075628
2006-11-17,1.7460625171661377,1.7615707265662652,1.6712572641918164,1.6785552727212076,134697477
2006-11-20,1.7031856775283813,1.742412598629269,1.6876773161816594,1.742412598629269,69487956
2006-11-21,1.7998847961425781,1.8026216853454562,1.6375030315488257,1.6949751992174993,186009552
2006-11-22,1.7834640741348267,1.822691775089427,1.7643071026522255,1.7789031141620417,91963245
2006-11-23,1.7606581449508667,1.804446656244391,1.7478868285975453,1.7743416534438514,51711084
2006-11-24,1.779815912246704,1.8017099350407406,1.7351148914360823,1.7597459607034804,54056275
2006-11-27,1.8309022188186646,1.8473229297226679,1.77069299770382,1.7798157018724357,72385192
2006-11-28,1.8117445707321167,1.842761294291441,1.786201312930555,1.830902170682789,68308509
2006-11-29,1.838200330734253,1.8591820034243545,1.7606582021614035,1.792587120480236,63579852
2006-11-30,1.8728656768798828,1.8920232785114022,1.8245160465130479,1.840936758426056,86087498
2006-12-01,1.9130057096481323,1.9431100892327344,1.8701295425616762,1.8746905037420958,81827172
2006-12-04,1.9139177799224854,1.9631797714130168,1.8984094128938773,1.9120938649174144,65351491
2006-12-05,1.9139177799224854,1.921216415334295,1.8792524328573574,1.9148301289239058,72323776
2006-12-06,1.8491472005844116,1.9093564282057156,1.7953242580700297,1.8929357155272215,60625497
2006-12-07,1.7980611324310303,1.8774274920948477,1.7971487836236812,1.850059376867185,51200503
2006-12-08,1.779815912246704,1.8126571813370445,1.7515356042810144,1.7871139198447161,56154657
2006-12-11,1.8153935670852661,1.8181306137429762,1.7652200159438112,1.7652200159438112,51661936
2006-12-12,1.9285141229629517,1.99328447135989,1.8254285676843771,1.8281656142608975,104604292
2006-12-13,1.900233507156372,1.9385480814543583,1.8947601978845936,1.9276014629108016,43730308
2006-12-14,1.9777759313583374,1.9814245434724778,1.8792519725119072,1.9111810477491313,61139412
2006-12-15,1.9969327449798584,2.0343357532560495,1.9494954669542264,1.9823367317102039,62791819
2006-12-18,2.0662646293640137,2.1073162486652723,1.9969327063761775,1.9969327063761775,74898475
2006-12-19,2.170262336730957,2.1866828938911103,2.064440359367345,2.064440359367345,112654972
2006-12-20,2.1529293060302734,2.174823956766858,2.1228250812897356,2.1711747178111485,60508512
2006-12-21,2.1647887229919434,2.2888557812735835,2.1392453070581072,2.1392453070581072,59856681
2006-12-22,2.0927205085754395,2.2076650262882076,2.0918081597700606,2.147455799315447,44934069
2006-12-25,2.276996374130249,2.3016272867397665,2.098193857306627,2.098193857306627,101353082
2006-12-26,2.288856029510498,2.367310043718391,2.235944807608633,2.280645829490754,59291625
2006-12-27,2.46309757232666,2.485903944329948,2.271523107901885,2.2897683621040414,72895154
2006-12-28,2.46309757232666,2.46309757232666,2.46309757232666,2.46309757232666,0
2006-12-29,2.4174840450286865,2.5087098344109755,2.373695377982097,2.463097252918843,80097364
2007-01-04,2.349064588546753,2.4904648763054054,2.3153117534561836,2.4603604969342525,95510973
2007-01-05,2.2760839462280273,2.326258275125628,2.2696982876914604,2.3244335775444407,58484275
2007-01-08,2.3061890602111816,2.4174843427820503,2.253277839029368,2.261488038937382,51376629
2007-01-09,2.3645734786987305,2.395590205582756,2.3034519039225487,2.3189602673645617,68504169
2007-01-10,2.3618369102478027,2.3718718087105666,2.2395943704627794,2.3709594597960213,116176492
2007-01-11,2.4019758701324463,2.481342071923047,2.2906805925874503,2.3527138899113096,93109096
2007-01-12,2.5178325176239014,2.523305826909929,2.361836390893667,2.361836390893667,116824125
2007-01-15,2.623654842376709,2.7185294183572433,2.536078274564015,2.540639392644321,109567893
2007-01-16,2.691161870956421,2.691161870956421,2.572568112247717,2.646461163384627,100147752
2007-01-17,2.6546711921691895,2.809755135443494,2.5962865088004743,2.691161697574393,76433133
2007-01-18,2.7769134044647217,2.786948300170158,2.590812912378188,2.599935616019265,60118192
2007-01-19,2.9064552783966064,2.9411204629350802,2.7778263059546875,2.7778263059546875,59452488
2007-01-22,2.9283485412597656,2.9766980089126522,2.8772620276349894,2.9101031341087813,60121173
2007-01-23,2.7842113971710205,2.94750646963714,2.661968884696878,2.9246993178643708,65855275
2007-01-24,2.720353603363037,2.764142270514077,2.6710917834667596,2.7632299217903644,66166912
2007-01-25,2.711231231689453,2.8325620314544686,2.634601763899444,2.6920740996412253,63735645
2007-01-26,2.739511489868164,2.7714402515159717,2.6364257883924904,2.645548649662181,58086021
2007-01-29,2.7240030765533447,2.8051939721230896,2.6911616535458633,2.739511439307149,44342755
2007-01-30,2.6437244415283203,2.780562968696294,2.618181026375004,2.7112310431937994,59130266
2007-01-31,2.4311676025390625,2.6455485721119953,2.408361389630447,2.6455485721119953,52972394
2007-02-01,2.509622097015381,2.525130458754273,2.3718712255468075,2.390115850358885,67270888
2007-02-02,2.3454155921936035,2.505972830081985,2.335380696313299,2.505972830081985,42489345
2007-02-05,2.36822247505188,2.4001513971952253,2.289768458111368,2.3353812040304334,56279167
2007-02-06,2.3937652111053467,2.4129228107334337,2.2715227031126837,2.362748644667796,64515830
2007-02-07,2.4594478607177734,2.5050605988592096,2.409273692162688,2.409273692162688,76174790
2007-02-08,2.458536148071289,2.4877286506939957,2.4320803789508996,2.4786061012865814,37228154
2007-02-09,2.4995875358581543,2.5360780431664876,2.4539747932215414,2.4539747932215414,29137140
2007-02-12,2.541551351547241,2.5634453740402128,2.4640092193120866,2.49958753438655,32917082
2007-02-13,2.5971992015838623,2.6054095585575805,2.518745340588585,2.5597969688576434,28417356
2007-02-14,2.6017606258392334,2.6163566402190623,2.56344526594473,2.5908132235555748,41731200
2007-02-15,2.8124914169311523,2.827087428830104,2.6044964464769746,2.61726838753715,73809259
2007-02-16,2.753195285797119,2.8462457816442517,2.7504588657652222,2.818877822936779,33378602
2007-02-26,2.723090648651123,2.7778259344739014,2.691161575321663,2.754107373257167,25290892
2007-02-27,2.4512381553649902,2.7367748618998835,2.4512381553649902,2.729476697048175,57261657
2007-02-28,2.4521501064300537,2.4776933660677756,2.3280828900752666,2.355450847229411,73103976
2007-03-01,2.329907178878784,2.4767807493033516,2.269697961533877,2.463097085405979,54439660
2007-03-02,2.329907178878784,2.393765164463664,2.2934166776881453,2.3344682957782448,73917720
2007-03-05,2.279733180999756,2.3946776887628394,2.232295901811386,2.3399424027607605,55604304
2007-03-06,2.356363534927368,2.3618368452663567,2.259663635419346,2.271523231384906,53306985
2007-03-07,2.3819057941436768,2.4083614021499393,2.33994244986941,2.349064371322042,45268639
2007-03-08,2.437554121017456,2.444852128171584,2.3581871382949,2.390116056618784,44376919
2007-03-09,2.3855550289154053,2.4621849631834896,2.371871363759602,2.4339046577304515,56552983
2007-03-12,2.3198728561401367,2.3718717313888336,2.276084181257465,2.3718717313888336,44921203
2007-03-13,2.334468364715576,2.3490642211039607,2.277908383738899,2.3262580095352035,57251354
2007-03-14,2.2970662117004395,2.3289952869066446,2.278820958754244,2.3289952869066446,48121286
2007-03-15,2.3271703720092773,2.3545383271723304,2.308012615475739,2.3089249641675744,41491857
2007-03-16,2.372783899307251,2.4220458807439824,2.3198726792091593,2.3527139479671395,78399597
2007-03-19,2.3618369102478027,2.404713237643416,2.3025398683857645,2.3162235361085535,65716279
2007-03-20,2.344503402709961,2.4174840984688846,2.3125744853400025,2.371871359368944,81160977
2007-03-21,2.379169464111328,2.406536795497329,2.342678801532737,2.345415847870369,69053068
2007-03-22,2.4521501064300537,2.4722192735185073,2.377344711834287,2.3992387330386755,96530270
2007-03-23,2.406536817550659,2.4521501853417744,2.367309891272543,2.4521501853417744,76734223
2007-03-26,2.443939685821533,2.456711002102837,2.3974147549708835,2.4129229608547615,101275516
2007-03-27,2.4922895431518555,2.526955509640617,2.442115212754675,2.4430275615725363,89202247
2007-03-28,2.4211337566375732,2.517833030855389,2.327170902721302,2.517833030855389,93187245
2007-03-29,2.375520706176758,2.434817594639493,2.36274938667925,2.4229579977075795,72301312
2007-03-30,2.326258420944214,2.370959286298341,2.2806458331404134,2.370959286298341,105636398
2007-04-02,2.3663978576660156,2.3700472533023644,2.3262585772541686,2.3262585772541686,81546213
2007-04-03,2.443939685821533,2.4448520345555607,2.345415731716069,2.3673097523401068,94519742
2007-04-04,2.4776930809020996,2.4877279764904023,2.3992384569025953,2.4457641666292615,129103668
2007-04-05,2.5524990558624268,2.5899012899820577,2.444852532106631,2.4630977879056766,116632152
2007-04-06,2.5452005863189697,2.6136195393202444,2.5041489639589862,2.526042985071531,85940971
2007-04-09,2.5132710933685303,2.5543227191237,2.4786059094222415,2.5452007968205437,136695376
2007-04-10,2.5689196586608887,2.5725682711832536,2.4722196035534756,2.525130984008387,140798152
2007-04-11,2.583515167236328,2.5871639358626264,2.499587381450506,2.571655573004276,91697889
2007-04-12,2.6054093837738037,2.6291281042180796,2.536990425514013,2.583515360978537,142668007
2007-04-13,2.640075445175171,2.7358623660121837,2.5880765714987155,2.6090588726198938,148531795
2007-04-16,2.6774771213531494,2.764142101636652,2.6555832589137713,2.6555832589137713,102228278
2007-04-17,2.6309523582458496,2.6911614197290596,2.5707429835636457,2.6829512212900286,107950888
2007-04-18,2.583515167236328,2.645548618669731,2.5497615518508794,2.635514035148875,105957691
2007-04-19,2.442115068435669,2.581690648562141,2.3718714171894866,2.581690648562141,109002549
2007-04-20,2.5689196586608887,2.577129858983758,2.4640094032306066,2.4640094032306066,90389412
2007-04-23,2.6546711921691895,2.6692672064118548,2.568919334444382,2.586252238382121,110478607
2007-04-24,2.6847763061523438,2.7823879188342917,2.650110183653182,2.6911618081717226,167821941
2007-04-25,2.6720046997070312,2.718529483313735,2.6181815945590294,2.6838642960371586,85908124
2007-04-26,2.700284719467163,2.746809498058518,2.672004411666222,2.688424811216449,95143500
2007-04-27,2.614531993865967,2.718529107306983,2.5981112816177405,2.703020743850057,101089699
2007-04-30,2.613619327545166,2.6482851322136227,2.5315160894778206,2.554322300897307,114689152
2007-05-03,2.613619327545166,2.6482851322136227,2.5315160894778206,2.554322300897307,0
2007-05-04,2.613619327545166,2.6482851322136227,2.5315160894778206,2.554322300897307,0
2007-05-08,2.8571925163269043,2.87543729686765,2.6510220801107747,2.6510220801107747,214687015
2007-05-09,2.865403413772583,2.919226353596054,2.6911617115278705,2.828000246209558,147436891
2007-05-10,2.8407723903656006,2.8854727852526887,2.791510564506864,2.8517193235790748,116067628
2007-05-11,2.736774444580078,2.8161412705421602,2.7002845654829564,2.809755142371404,98272360
2007-05-14,2.745896816253662,2.7723524232081425,2.6893368339087105,2.7130557079366944,95209020
2007-05-15,2.837123155593872,2.9703129238526804,2.7367744984077214,2.73951154476289,244871726
2007-05-16,3.120835065841675,3.120835065841675,2.85536819647934,2.85536819647934,232990466
2007-05-17,3.1381683349609375,3.2020268021327927,3.07431018098813,3.174658842887848,148482028
2007-05-18,3.285041570663452,3.357110546385837,3.101677946452987,3.110800807764042,109326960
2007-05-21,3.285041570663452,3.285041570663452,3.285041570663452,3.285041570663452,0
2007-05-22,3.1938164234161377,3.4209684053143192,3.1710092699908667,3.39542514515569,146418746
2007-05-23,3.236691951751709,3.2640599107070174,3.110800969192324,3.195640326517791,98008941
2007-05-24,3.1372556686401367,3.265884312396336,3.0752222186009885,3.2585864621087413,106441401
2007-05-25,3.1664488315582275,3.1938167924326097,3.0743103640268123,3.1016783249011946,116330090
2007-05-28,3.2385168075561523,3.247639669786176,3.124484788069585,3.19564048259166,122274676
2007-05-29,3.399074077606201,3.418230893719628,3.19381598869759,3.2330429091740425,118792886
2007-05-30,3.1609747409820557,3.3917754727178844,3.0588013955027717,3.062450790311645,169370294
2007-05-31,3.2102365493774414,3.320619466826115,2.9192261286156533,3.15185218340463,132925802
2007-06-01,3.1500279903411865,3.374443569164704,3.09985350183269,3.2339559409380767,152960306
2007-06-04,2.8352982997894287,3.186517484143251,2.8352982997894287,3.147290560162471,89375752
2007-06-05,2.8170530796051025,2.9101035739423255,2.5543226221106905,2.6929864846198917,79231521
2007-06-06,2.8581044673919678,2.955716697631105,2.7276517548299135,2.828000091631189,80316259
2007-06-07,2.9985930919647217,3.056065437189393,2.8763505496449264,2.8763505496449264,53077968
2007-06-08,2.9757862091064453,3.0095399836620373,2.8918585735283457,2.991294573145887,53921484
2007-06-11,3.035083055496216,3.1199233477965067,2.9192263502545814,2.9630147063585217,58680028
2007-06-12,3.141817808151245,3.1472912754019244,2.95298036921102,3.0369083286505116,78392700
2007-06-13,3.2138850688934326,3.302374116298843,3.1700964063060613,3.1700964063060613,91402912
2007-06-14,3.171009063720703,3.265884247566265,3.1016777647702347,3.172833761155643,52022044
2007-06-15,3.1637115478515625,3.2385166338116465,3.0724854360380394,3.148203184011034,35443569
2007-06-18,3.234867811203003,3.2841296303790863,3.184693330117538,3.1929038421128904,44912361
2007-06-19,3.2704455852508545,3.3124095574965664,3.174658672627837,3.224832844287282,59498503
2007-06-20,3.185606002807617,3.3379529061825806,3.1016780560918247,3.2704456719284902,48800592
2007-06-21,3.2020263671875,3.247639104401549,3.060626098826432,3.160974747095352,42498561
2007-06-22,3.044205904006958,3.1819564735233885,2.9557168434019223,3.1819564735233885,35642577
2007-06-25,2.8809115886688232,3.0889061328263185,2.8462457791094002,3.0743101178746297,42616490
2007-06-26,2.9712255001068115,3.0104524292799044,2.8280005106455297,2.8508070396247085,28513504
2007-06-27,3.04785418510437,3.0971163175955856,2.9511549307459974,2.9520672794585225,41419267
2007-06-28,2.888209819793701,3.046942229926,2.884560424472256,3.0305215169747437,30194287
2007-06-29,2.8425967693328857,2.937471975580725,2.7477221894832153,2.828913101334853,50907672
2007-07-02,2.8362109661102295,2.8936829920151683,2.7531953651822443,2.855368412478226,26740692
2007-07-03,2.925900459289551,2.9286463377098637,2.8545148471841357,2.864582125429566,23504954
2007-07-04,2.916748523712158,2.957932620431599,2.8554304964080894,2.942374526032619,23846522
2007-07-05,2.719064950942993,2.8828866674724916,2.7089983002196742,2.8828866674724916,23054032
2007-07-06,2.838041067123413,2.8462780737310913,2.6449331429591223,2.719064631379858,31369284
2007-07-09,2.8627517223358154,2.882886594320093,2.800518405910948,2.867327558242044,40477759
2007-07-10,2.745605707168579,2.928646359961545,2.7364537216603835,2.8645821471944912,32998802
2007-07-11,2.7840447425842285,2.8096698010531234,2.6495098864206033,2.7437753122873447,53752240
2007-07-12,2.788620710372925,2.8828867691151467,2.707167809890258,2.7812989954273855,30040725
2007-07-13,2.7364532947540283,2.791365827655823,2.690693374351927,2.791365827655823,64050112
2007-07-16,2.5982584953308105,2.736454059124506,2.5616508629931993,2.736454059124506,51509260
2007-07-17,2.580869436264038,2.608325708026641,2.53144849272202,2.5945978863550367,68791024
2007-07-18,2.562565326690674,2.6266300175801915,2.535109838563015,2.5808696138618843,49104144
2007-07-19,2.606494665145874,2.609240543208259,2.542430775426038,2.580868983574083,52567020
2007-07-20,2.6577460765838623,2.672389188801122,2.5717168889547244,2.6064947125089817,99114372
2007-07-23,2.781298875808716,2.7867900046768455,2.657746591017543,2.6586618838988008,124490347
2007-07-24,2.7355384826660156,2.800518303734902,2.6998458327447366,2.791366318046649,105696460
2007-07-25,2.787705183029175,2.807839740331396,2.6714743034341204,2.736453811139664,128214640
2007-07-26,2.817906618118286,2.827058603644306,2.76574058340869,2.8169919537221504,112610512
2007-07-27,2.847193956375122,2.896614749421177,2.7803838537303247,2.8179070950000686,75171931
2007-07-30,2.872819423675537,2.8874625390207793,2.817906877054162,2.8554304296314537,100396713
2007-07-31,2.951525926589966,2.983558030368434,2.8362103529874787,2.8728189204623855,106701321
2007-08-01,2.805094003677368,3.0384707271637863,2.794111118647648,2.983558187273245,96909026
2007-08-02,2.903020143508911,2.946950110555995,2.793195697205693,2.812415273807935,77831560
2007-08-03,3.011929512023926,3.0503677213327633,2.912172346576944,2.934136858062193,128112552
2007-08-06,3.1336514949798584,3.2169349707364847,3.0457921836201587,3.0457921836201587,108271605
2007-08-07,3.0878918170928955,3.1391425625058402,3.051283558265621,3.1208392186164717,82382155
2007-08-08,3.1263294219970703,3.205036424694093,3.0668413665197836,3.086975920648559,89803728
2007-08-09,3.1071107387542725,3.2013767922535377,3.098873731346242,3.113517474632576,96144890
2007-08-10,3.0091843605041504,3.09795866322547,2.882886817918735,3.09795866322547,63834256
2007-08-13,2.996371269226074,3.081484384261216,2.933221724236973,2.933221724236973,65232633
2007-08-14,3.004607915878296,3.056773946899476,2.983558067868069,3.038470605560952,44071898
2007-08-15,2.9304771423339844,2.992710459442093,2.8462783672701915,2.9844737661946317,76881384
2007-08-16,2.8636672496795654,2.9194944632488165,2.8279742813237885,2.9103424764772865,51604574
2007-08-17,2.8545150756835938,2.928646572143432,2.818822109668879,2.8590909116643703,74193753
2007-08-20,2.9561028480529785,2.963424248472054,2.8865471874989512,2.91949427490906,61104880
2007-08-21,3.0000321865081787,3.0274884620756968,2.9716615605950354,2.9744064968903574,59323356
2007-08-22,3.0576894283294678,3.064096477980366,2.9350524463327696,2.969830430912244,75081736
2007-08-23,3.1061954498291016,3.175751109612013,3.070502798381326,3.1135174785864193,98223271
2007-08-24,3.138228178024292,3.1839881128787284,3.1007046229709974,3.128160898093395,121917837
2007-08-27,3.2709312438964844,3.3770951432599414,3.227917199787818,3.26269423794811,158146761
2007-08-28,3.1867334842681885,3.267271082470196,3.166598613403158,3.267271082470196,83131869
2007-08-29,3.1025350093841553,3.2736775003652303,3.065926749644945,3.1940551874176073,97163395
2007-08-30,3.1290764808654785,3.155616837066538,3.076909804669084,3.1254153086863465,78394075
2007-08-31,3.0997886657714844,3.1665984391313637,3.065926289814441,3.16019233241324,65794824
2007-09-03,3.129990816116333,3.157446456960602,3.101619254088028,3.112601824635404,84128767
2007-09-04,3.082400321960449,3.150125402314165,3.0613510976459297,3.1482951306115172,70215494
2007-09-05,3.236154317855835,3.2443913248893486,3.064096547706123,3.0805702475634598,128738347
2007-09-06,3.19588565826416,3.253543453187912,3.1665988001584657,3.2489669888467674,88273720
2007-09-07,3.0677568912506104,3.183987773222227,3.060435490980763,3.1830724803598573,91188986
2007-09-10,3.082400321960449,3.0961287736741117,2.9615939059228706,3.0110150124111716,58046004
2007-09-11,2.9350531101226807,3.1510408952279017,2.919494699928805,3.05677482684062,104292712
2007-09-12,2.9744060039520264,3.047622831401341,2.9451197757078025,2.9451197757078025,78149808
2007-09-13,3.049452781677246,3.064096524185356,2.9176634980398886,2.974405997172054,96017292
2007-09-14,3.142803430557251,3.1510401230379745,2.9615933680942303,3.003692751707177,112165466
2007-09-17,3.234323501586914,3.2745922984260787,3.1739201492233335,3.212358988956159,246480256
2007-09-18,3.183072090148926,3.2480512770076366,3.1327360162445217,3.235238749553658,108072453
2007-09-19,3.2453062534332275,3.3221826729122803,3.170259476775925,3.1922239885072803,150940728
2007-09-20,3.2681868076324463,3.477767837771774,3.1849033199701324,3.339572429764624,240114456
2007-09-21,3.1510398387908936,3.3359110557370557,3.0668413933699994,3.312115330602375,115876728
2007-09-24,3.129990816116333,3.1903938543930623,3.0659262925711404,3.15104003602705,71549344
2007-09-25,3.049452781677246,3.1730050583443195,3.027487953439301,3.129991008899191,76967726
2007-09-26,3.084230422973633,3.15378607830427,3.020166524516734,3.0384708097141044,56527358
2007-09-27,3.064096689224243,3.114432141320071,3.0521988245385088,3.075078632620195,48900117
2007-09-28,3.1016197204589844,3.1464649879466196,3.0842307263633826,3.1116869997554155,90711669
2007-10-08,3.0933828353881836,3.175751022043634,3.0659265636965696,3.1665987220066314,79095981
2007-10-09,3.221510410308838,3.2306627097018956,3.0979581390186532,3.0979581390186532,94083379
2007-10-10,3.15744686126709,3.2288331076514387,3.1373126173332424,3.2288331076514387,82229875
2007-10-11,3.138228178024292,3.203207693990248,3.1116871958619035,3.1665991176872277,73829052
2007-10-12,3.1144320964813232,3.129991132424545,2.9744061145572323,3.129991132424545,145716084
2007-10-15,3.270017147064209,3.3176073487592936,3.140973107086914,3.1418883999532663,243220586
2007-10-16,3.321268081665039,3.3551307775588093,3.194055248567756,3.299303565294604,125177256
2007-10-17,3.228832483291626,3.3130306142732135,3.2059517367171124,3.274592091182764,74662365
2007-10-18,3.0869767665863037,3.2013770738128198,3.065926913989752,3.2013770738128198,78702213
2007-10-19,3.08331561088562,3.1391428253650693,3.06592692999913,3.120839479943052,43253755
2007-10-22,2.9414589405059814,3.075078496874354,2.9286464119348783,3.0201665828506847,52827948
2007-10-23,2.971661329269409,2.999116660070475,2.8554304420622265,2.9304772333338027,54757742
2007-10-24,2.9240705966949463,3.054944275490515,2.9094268539419077,3.0018623183354274,69845176
2007-10-25,2.6916093826293945,2.8993604505386847,2.6540858294509193,2.897529864710129,95518634
2007-10-26,2.613816976547241,2.736454135039562,2.605580125503638,2.670559326690737,94924569
2007-10-29,2.699845790863037,2.7035063337138006,2.5900214929931282,2.6202228567700456,49219128
2007-10-30,2.708998203277588,2.732793303845545,2.643103401868508,2.708998203277588,42841476
2007-10-31,2.7831292152404785,2.809669564350822,2.713573560825034,2.7465209595371034,79429572
2007-11-01,2.7025909423828125,2.79594169428761,2.686117243316122,2.7950264015034394,49949956
2007-11-02,2.5991740226745605,2.6852032389762273,2.5790393046268973,2.6540861045528965,54945079
2007-11-05,2.709913492202759,2.7181501852620973,2.552498517543457,2.580869453928857,47210176
2007-11-06,2.6504251956939697,2.7364539288258185,2.642188502375934,2.690693997820549,28997726
2007-11-07,2.6522552967071533,2.7089977893086847,2.5854453697567212,2.665067823679115,38466475
2007-11-08,2.614731788635254,2.708082697593373,2.60924081745745,2.6540854507119227,38800519
2007-11-09,2.4344372749328613,2.5625652383511985,2.4069810022274067,2.534194458290577,101467418
2007-11-12,2.382270574569702,2.4362678263398,2.3063092789950335,2.3786100315229834,78604920
2007-11-13,2.614731788635254,2.614731788635254,2.614731788635254,2.614731788635254,0
2007-11-14,2.476536273956299,2.4985009430425213,2.4069806244400325,2.4069806244400325,92988187
2007-11-15,2.3859312534332275,2.5149744897660464,2.379524989792583,2.4756209867650343,63368539
2007-11-16,2.451826572418213,2.46646968925521,2.341086803413762,2.3685430795215336,49483648
2007-11-19,2.5012471675872803,2.5259575611975533,2.4536568089869126,2.4628087949829505,67094006
2007-11-20,2.5204665660858154,2.55249851677379,2.4664693150553125,2.4893491227275875,65074255
2007-11-21,2.4875192642211914,2.556158842733535,2.4710455642840263,2.5351096212627717,53747388
2007-11-22,2.319121837615967,2.4527415581287366,2.288005178959461,2.449995679494169,64165219
2007-11-23,2.3529841899871826,2.3612210397192874,2.291665384847106,2.291665384847106,50040007
2007-11-26,2.3145461082458496,2.4069809464251013,2.3063092580461433,2.390507403130539,68551567
2007-11-27,2.3227827548980713,2.341086253885716,2.2898353569864556,2.304478470386244,38742955
2007-11-28,2.3072240352630615,2.3593907033761807,2.2907503340584077,2.3337650157711,30211315
2007-11-29,2.4069809913635254,2.4207094418639974,2.3182065374354694,2.3429170884959354,64557561
2007-11-30,2.348407745361328,2.4234543671464683,2.3410861888647814,2.4078959614007864,38433772
2007-12-03,2.377695083618164,2.40332077222805,2.342917251144131,2.3484082232528913,24373317
2007-12-04,2.3612210750579834,2.4161329884809306,2.3474932538070905,2.3795252033038095,37445752
2007-12-05,2.407896041870117,2.4124725057860004,2.348407823842626,2.3703731224856517,55129197
2007-12-06,2.423454523086548,2.424369815898032,2.3795251812805818,2.407896116339742,43229894
2007-12-07,2.4454195499420166,2.4618930905599945,2.4161326969151236,2.423454253067022,64963677
2007-12-10,2.515890121459961,2.5387700864157328,2.386846867741647,2.4069809541139944,153182851
2007-12-11,2.5607354640960693,2.582700136852593,2.4985013605425475,2.5415160415862936,131928904
2007-12-12,2.562565326690674,2.5891064645364996,2.5177208443027945,2.5442618250437605,106268356
2007-12-13,2.5186357498168945,2.64493311240414,2.5058225936630074,2.578123967001448,121913654
2007-12-14,2.614731788635254,2.625714359410212,2.460062861574738,2.490264224234104,91605960
2007-12-17,2.6568310260772705,2.7071674162463855,2.619308106514251,2.619308106514251,156341937
2007-12-18,2.5717177391052246,2.654086097356713,2.569887938616267,2.643103838115699,76360600
2007-12-19,2.607410192489624,2.643103154206789,2.569887273652131,2.5854455225861277,70861068
2007-12-20,2.655001163482666,2.670559258008016,2.580869663101654,2.6083259372774417,64220997
2007-12-21,2.6833724975585938,2.7172348766637144,2.640357818383194,2.6522556827906776,67357425
2007-12-24,2.7044219970703125,2.784959606596105,2.6998461607750692,2.7181504485852312,117731923
2007-12-25,2.759334087371826,2.777637743718352,2.6961848547964737,2.7044215472838617,72611589
2007-12-26,2.7639100551605225,2.781298733758069,2.70899814086435,2.7593342194073545,87667164
2007-12-27,2.7245566844940186,2.780383580211755,2.7163196769901607,2.770316301156878,138386944
2007-12-28,2.6842870712280273,2.7446901059531115,2.641272712751764,2.72547115849218,127414670
2008-01-02,2.9149184226989746,2.9524413418412077,2.6861172230591195,2.6861172230591195,194527173
2008-01-03,2.9634244441986084,3.0284036446392197,2.892038193167653,2.928646768729473,172927404
2008-01-04,2.971661329269409,3.020166825804652,2.8975298309014312,2.9286466475266066,103833223
2008-01-07,3.0329787731170654,3.0714176113815923,2.9753209870347597,2.978982157946259,105029935
2008-01-08,2.9222400188446045,3.054944283668169,2.9039357331164246,3.038470897827348,122296824
2008-01-09,2.9689149856567383,2.991794790986218,2.8838009284027266,2.8966140844175423,57582633
2008-01-10,2.953356981277466,3.0384710501023933,2.937798573286063,2.990879904824063,84089800
2008-01-11,3.006438732147217,3.038470838787,2.852684306066568,2.9561026543446105,128829636
2008-01-14,3.0073533058166504,3.0567740893071775,2.9707456788051503,3.0247422978434857,78166929
2008-01-15,3.072333335876465,3.0750785860265784,2.966169419232348,3.0119299773314707,133232522
2008-01-16,2.938713788986206,3.0476229562752635,2.9332220318222277,3.038470970297737,100086782
2008-01-17,2.74652099609375,2.9359677556855153,2.7044216114479074,2.892037785414814,221413291
2008-01-18,2.748351573944092,2.789535665661004,2.700761060977667,2.7556729737937604,116885304
2008-01-21,2.673304796218872,2.8096695999578136,2.668729274788696,2.7639099867204644,108836452
2008-01-22,2.4600629806518555,2.635781922088976,2.406065574051872,2.5973429225160176,159812568
2008-01-23,2.5964279174804688,2.597343053249655,2.469215090586972,2.4911797629911168,86321390
2008-01-24,2.6312053203582764,2.6998455192599047,2.597342631612949,2.6183927932501656,99710683
2008-01-25,2.6257143020629883,2.6705587772331922,2.6083254677063437,2.626629594826663,54703497
2008-01-28,2.4069809913635254,2.6037493214476792,2.388677490430202,2.6037493214476792,75727562
2008-01-29,2.4637231826782227,2.4975857155856365,2.4051508873555663,2.452741240610152,39479551
2008-01-30,2.46280837059021,2.5177202771039826,2.416132684476137,2.5058224145706487,34505985
2008-01-31,2.2166190147399902,2.309969779681881,2.2166190147399902,2.23309255900249,344255256
2008-02-01,2.153470277786255,2.2102127834161163,2.104964622965052,2.112286180847825,174750480
2008-02-04,2.304478883743286,2.3337651157959685,2.197400292638233,2.2413294836123923,169012641
2008-02-05,2.252311944961548,2.288005066250732,2.2376688306803874,2.288005066250732,81779500
2008-02-13,2.343832492828369,2.3529846371058385,2.2038066491939774,2.2312629249215146,92280304
2008-02-14,2.3337650299072266,2.3859316983363303,2.3246128863465056,2.344747602180092,49211992
2008-02-15,2.279768466949463,2.329189415120797,2.23309261205504,2.329189415120797,42094843
2008-02-18,2.3328497409820557,2.3603060146062416,2.289835687354804,2.311800360623462,56663820
2008-02-19,2.3557300567626953,2.360305735247157,2.301732808815349,2.3392563573799077,81916243
2008-02-20,2.2934961318969727,2.365796884752909,2.2907502532849215,2.3612212059237536,66846391
2008-02-21,2.312715530395508,2.347493359924205,2.2788529937281408,2.288005136817193,50788159
2008-02-22,2.204721689224243,2.312715565364296,2.185502109894203,2.312715565364296,78834362
2008-02-25,2.100388526916504,2.2413289987729086,2.0958122203003717,2.20746709485855,58526604
2008-02-26,2.1296746730804443,2.1781803164609808,2.0610343182329367,2.1516391844432947,44274808
2008-02-27,2.1800107955932617,2.205636635498296,2.1269288445301737,2.1424872499146335,44863329
2008-02-28,2.1800107955932617,2.205636635498296,2.150723941867704,2.201975464572944,40144082
2008-02-29,2.1955692768096924,2.224855503127442,2.1671977148355577,2.186417134704353,56482776
2008-03-03,2.2678701877593994,2.2834285948241875,2.160791609756575,2.182756909527853,69640797
2008-03-04,2.2285165786743164,2.3063090817482617,2.2211950218924987,2.2834284901952047,56237853
2008-03-05,2.1763501167297363,2.2276014902181283,2.1369966079509397,2.2239411042535577,46544580
2008-03-06,2.2761070728302,2.2880050942820547,2.147063821484174,2.17360480029174,81638596
2008-03-07,2.251396656036377,2.303563320258628,2.217534120354618,2.2422445132137083,38095941
2008-03-10,2.164452314376831,2.2568877582140723,2.1507237104083665,2.242244018717585,42223586
2008-03-11,2.1964848041534424,2.2468210412417133,2.1122860304210405,2.1644528532307166,61065547
2008-03-12,2.1690287590026855,2.2532275415466394,2.165368372701063,2.233092667552539,54889884
2008-03-13,1.9887335300445557,2.159876151776008,1.9521259043620336,2.159876151776008,84729902
2008-03-14,1.952126145362854,2.0225963126713853,1.9228392870980098,1.9695143533809139,52877959
2008-03-17,1.9127718210220337,2.0079531662610792,1.877079484253006,1.9539559149441597,56175120
2008-03-18,1.8294883966445923,1.9539559751018851,1.80752388103357,1.8999593505419379,73819029
2008-03-19,1.8725032806396484,1.9329068048533515,1.830403887997798,1.8615213358531026,98910367
2008-03-20,1.9859880208969116,1.9978860434668768,1.797456529832637,1.8487080636803241,114148137
2008-03-21,2.007038116455078,2.063780463254189,1.9685997423585928,1.984158150576796,67325868
2008-03-24,1.9072808027267456,2.04822207431428,1.9036196313809266,2.030833081470105,69999825
2008-03-25,1.9539560079574585,1.9768366023645214,1.8587752866069691,1.892637824794493,51515128
2008-03-26,1.9292452335357666,1.995139711135939,1.9109417356629201,1.9658536432249032,52100308
2008-03-27,1.877994179725647,1.9493797791569976,1.8487074858909545,1.9027047245486346,29714652
2008-03-28,1.9667694568634033,1.9850737465705777,1.849623416681418,1.857860268497206,86689123
2008-03-31,1.9667694568634033,1.9667694568634033,1.9667694568634033,1.9667694568634033,0
2008-04-01,1.8084388971328735,1.9374823030657724,1.799286911497391,1.9036196105838286,63355276
2008-04-02,1.7800675630569458,1.8752490743232635,1.7397987582188263,1.8578600794235594,54512222
2008-04-03,1.8386402130126953,1.8487076474553823,1.74803518828644,1.7828130126068207,59205578
2008-04-07,1.9567019939422607,1.9768367107459635,1.795626616085637,1.8194218762802798,68621882
2008-04-08,1.9869033098220825,2.0454764014700184,1.9383976548631596,1.9640235002877784,57111206
2008-04-09,1.8981285095214844,1.9905641237046443,1.8944681239898649,1.981411981589339,43999272
2008-04-10,1.9329063892364502,1.9347369748153793,1.8532840860046378,1.8834856059601972,31859496
2008-04-11,1.9402278661727905,1.9951397755064324,1.9127715972963053,1.9402278661727905,33861268
2008-04-14,1.8111846446990967,1.9210084643867764,1.784643668327807,1.901789672993033,58162701
2008-04-15,1.8615210056304932,1.8633508057540806,1.7690853853922242,1.7690853853922242,25030418
2008-04-16,1.8194215297698975,1.8743334406927765,1.813014637426751,1.8734181479144931,19858449
2008-04-17,1.7645090818405151,1.8615210092838572,1.7480353820263392,1.8349800310160356,29105762
2008-04-18,1.6967848539352417,1.7526120675818846,1.6656674076074993,1.7526120675818846,43126437
2008-04-21,1.6135011911392212,1.8304036000861983,1.6043490482404363,1.828573799925832,54827150
2008-04-22,1.6189920902252197,1.6199073830265662,1.5448607572436597,1.5732323204079524,44585697
2008-04-23,1.6958694458007812,1.721495132739838,1.5750622544048682,1.6016033913279477,39878481
2008-04-24,1.864266037940979,1.8651813307351133,1.7553568785680822,1.8285737036955674,132758020
2008-04-25,1.8377251625061035,1.9008745559244833,1.8121001049460037,1.8221667551913685,78539688
2008-04-28,1.9063653945922852,1.9081959801544799,1.7937958511704166,1.804777793495214,57216801
2008-04-29,1.7535271644592285,1.8624355436464506,1.716003457261997,1.8395557363489916,277230240
2008-04-30,1.9292452335357666,1.9292452335357668,1.7306463509081602,1.755356740732018,227541456
2008-05-05,2.0436458587646484,2.0683562546776812,1.9493804256418397,1.9502957185896503,179262280
2008-05-06,2.05188250541687,2.169028522414461,1.9951400040789564,2.0134442901635254,182898345
2008-05-07,2.00154709815979,2.103134089434571,1.9978860834700327,2.040900767330343,119294971
2008-05-08,2.079338788986206,2.0939819037254797,1.9603628140339913,1.9713449144311699,80336217
2008-05-09,2.052797555923462,2.121437913665197,2.0042919104976797,2.0967273660255925,77787914
2008-05-12,2.074763059616089,2.1141165669851367,1.9740905877803776,2.0500525095244475,63013132
2008-05-13,2.0354084968566895,2.0637800574395007,1.9869028530488304,1.99697028742342,105283598
2008-05-14,2.0811688899993896,2.1232682671080743,2.035408342296457,2.035408342296457,89724578
2008-05-15,2.033578872680664,2.11411646937929,2.0308329942891765,2.104049034134702,87970644
2008-05-16,1.9850733280181885,2.0592046645199367,1.9676843350152797,2.028087221473967,63777607
2008-05-19,1.980497121810913,2.0271721927267032,1.958532604351532,1.9704298418355388,35794440
2008-05-20,1.8761640787124634,2.0088683384680692,1.8679272290017703,1.9823273608330754,62768642
2008-05-21,1.8423017263412476,1.875248971337071,1.7489508060909393,1.8313189971329265,82841500
2008-05-22,1.8241804838180542,1.8856818459871614,1.815394866702893,1.834064735110933,25632204
2008-05-23,1.7747596502304077,1.8505383910995328,1.7593845836802064,1.8011176029236786,33502380
2008-05-26,1.7264372110366821,1.7791529602022444,1.7022757409040017,1.7791529602022444,37126092
2008-05-27,1.7615807056427002,1.7681701543647663,1.719847687507797,1.7319282649458267,25962738
2008-05-28,1.8121001720428467,1.8450474164772006,1.7473033747882958,1.7681701985873342,28845132
2008-05-29,1.7385175228118896,1.8186893757863,1.734124243269777,1.8120999277876293,22162776
2008-05-30,1.7703663110733032,1.8033135515367267,1.7560895663012404,1.7593843689000002,33560016
2008-06-02,1.7956266403198242,1.8033139386494144,1.7527952970752985,1.7692688422909257,22715652
2008-06-03,1.7989214658737183,1.8121003650511551,1.7549914877391872,1.770366713007993,35989188
2008-06-04,1.76926851272583,1.817590976339489,1.757187464784107,1.8000189571551957,29382228
2008-06-05,1.8077068328857422,1.834064625281913,1.7901346570786245,1.7978225821847604,34224168
2008-06-06,1.7901350259780884,1.8230822732628578,1.779153081531101,1.8011177559494131,13974768
2008-06-10,1.6166127920150757,1.746205764111446,1.6111218200121222,1.7132583610451135,43266498
2008-06-11,1.651755928993225,1.6934895675363153,1.5814689607647279,1.6166123663265666,43194372
2008-06-12,1.6473640203475952,1.6693286959000375,1.5979430683161924,1.6275956709560093,38055612
2008-06-13,1.6484613418579102,1.6934896271625721,1.6253981963934347,1.647363493338447,42138672
2008-06-16,1.6748194694519043,1.695686293654858,1.5924512782192064,1.6517563193490004,32071470
2008-06-17,1.7187495231628418,1.7440088432278027,1.6550511988708996,1.6737216980364675,80150754
2008-06-18,1.7835452556610107,1.7989211062757207,1.6550509358141277,1.7165529243294142,61028064
2008-06-19,1.6363810300827026,1.7791527201971347,1.625398302341896,1.7725632720784534,49483044
2008-06-20,1.7440087795257568,1.7747596989953716,1.6177112411849386,1.648461689339978,59406894
2008-06-23,1.7462056875228882,1.757187631047127,1.68909681615141,1.7132582859016283,32342838
2008-06-24,1.7989214658737183,1.8099034105403038,1.7407141113063245,1.7516968414972631,54049776
2008-06-25,1.8450473546981812,1.8790924467115893,1.7901348111650386,1.8011175398184551,72341016
2008-06-26,1.8351634740829468,1.887879069555176,1.8219845752148895,1.8450475696815563,64639668
2008-06-27,1.7264372110366821,1.801117633122682,1.6989809378477791,1.7736612028289223,46449390
2008-06-30,1.7934296131134033,1.7978227359934442,1.7022756518305908,1.7110614262761266,37692480
2008-07-01,1.7879384756088257,1.819787398769111,1.7714649325857104,1.7912332784763576,36339660
2008-07-02,1.8549318313598633,1.8757980285730782,1.7747598034291128,1.7934298316967596,49545912
2008-07-03,1.9362010955810547,1.9658536897554038,1.8120999050490814,1.834064574330868,78156696
2008-07-04,1.8999590873718262,1.9878182373802176,1.8944681163344999,1.9274153565019594,50138604
2008-07-07,2.0108819007873535,2.016373501655194,1.867012326971616,1.8681108042500578,74390280
2008-07-08,2.0031940937042236,2.0317482115004872,1.944986909797594,2.0317482115004872,59840274
2008-07-09,1.9988014698028564,2.0185698188960908,1.9438895460931898,2.005390919500601,104415342
2008-07-10,1.944987177848816,2.009783818739588,1.9438893291172494,1.9658540018865065,56125950
2008-07-11,1.877994179725647,1.9625586735539988,1.84724326902783,1.9318076057513685,58757460
2008-07-14,1.9076471328735352,1.9263170011568878,1.8670119651102193,1.8768960592322421,29102124
2008-07-15,1.8933700323104858,1.9603630035460746,1.8681107119300693,1.9109422115899335,44484882
2008-07-16,1.8175909519195557,1.8933696846715082,1.7769557857495062,1.8933696846715082,40052046
2008-07-17,1.8571276664733887,1.8922712335360699,1.834064676040873,1.8538330208851035,44156178
2008-07-18,1.886780023574829,1.899958918470242,1.7989208813768949,1.8856815466763153,32565786
2008-07-21,1.9746397733688354,1.9834261773171433,1.8670122557108266,1.887879081373176,54314358
2008-07-22,1.9548711776733398,1.983425926435621,1.9340049830698056,1.9636575805102645,28684032
2008-07-23,1.9329063892364502,1.9988010287795182,1.9307102206981863,1.9768363584049469,43462284
2008-07-24,1.9526751041412354,1.9724436097251057,1.9219241827356968,1.9548714302007004,40575078
2008-07-25,1.9702471494674683,2.0042922434335764,1.9043526590256898,1.9274156521278833,61183482
2008-07-28,1.9680495262145996,1.9988005921784482,1.9647548813647617,1.9966042670150925,36471396
2008-07-29,1.8999590873718262,1.9526746716397612,1.8834855458405133,1.9449869037149372,36282282
2008-07-30,1.8768959045410156,1.9438890176862123,1.8582260377964082,1.924120673966603,24221628
2008-07-31,1.8230818510055542,1.8944680867886372,1.820885682571642,1.8834855164659332,47630088
2008-08-01,1.8483420610427856,1.875797702955924,1.801117445744113,1.801117445744113,42073170
2008-08-04,1.8560293912887573,1.9010578426424098,1.8285739036638928,1.8428504932926635,25303392
2008-08-05,1.7736611366271973,1.8779946252201059,1.760482239103922,1.8549316331067993,45016872
2008-08-06,1.7725633382797241,1.806608428735663,1.7582859644987667,1.7989211317388538,23281770
2008-08-07,1.8011174201965332,1.8022157401203842,1.768170021948741,1.783545244043948,16580520
2008-08-08,1.6814082860946655,1.812099525595183,1.677015793051623,1.801116957596795,57260802
2008-08-11,1.614416241645813,1.7099633109070609,1.5979425440056705,1.6847032117723235,70075374
2008-08-12,1.6616405248641968,1.6879983201833424,1.6034338054201764,1.6034338054201764,40836102
2008-08-13,1.6781141757965088,1.6825074561739366,1.6286933849622833,1.648461732716946,28527102
2008-08-14,1.6858018636703491,1.7132581339901376,1.662738873106246,1.678113938307581,14217930
2008-08-15,1.692391276359558,1.7143559465223193,1.689096630821837,1.6956860790021164,16564926
2008-08-18,1.6484613418579102,1.7099633249378867,1.646265016399682,1.7099633249378867,25771308
2008-08-19,1.65614914894104,1.6803106125246006,1.6155139887513814,1.6253980810311888,19159038
2008-08-20,1.7736611366271973,1.7769559395604417,1.6199074892938352,1.6473637614579353,38114028
2008-08-21,1.7341244220733643,1.770366468355346,1.7088651044645826,1.735222899176988,27277104
2008-08-22,1.7330265045166016,1.7571873418713158,1.7022754338188726,1.7055700791758948,22599342
2008-08-25,1.728633165359497,1.7769556239232307,1.7099632995084257,1.73741893837623,13168062
2008-08-26,1.6847034692764282,1.7242403182349464,1.6517562260650367,1.7110614209503896,16425564
2008-08-27,1.6484613418579102,1.6890965049316398,1.6243003478739715,1.6726228071563252,15421890
2008-08-28,1.6319876909255981,1.6737213321359747,1.6253982430473002,1.6561493140223504,15539580
2008-08-29,1.6836060285568237,1.7000795740646197,1.634185077823693,1.634185077823693,19361592
2008-09-01,1.63418447971344,1.6858015805530397,1.630889677554853,1.6825069354992666,17399022
2008-09-02,1.6253986358642578,1.647363938748188,1.6122197369226619,1.6199076636292278,12497016
2008-09-03,1.5704865455627441,1.6583457053095818,1.5012972549896137,1.6308900615555566,55456512
2008-09-04,1.582566738128662,1.6144162857689626,1.5408337257373097,1.5606022262876975,15836928
2008-09-05,1.5627987384796143,1.5704866649458236,1.5067883411765164,1.5177710708275494,18541620
2008-09-08,1.558406114578247,1.5891564039531272,1.5386377684207566,1.5573076374677783,19211154
2008-09-09,1.5968444347381592,1.5979429119208273,1.5276551400869296,1.5584062170072275,13990734
2008-09-10,1.5968444347381592,1.6122196589885878,1.5386378695504277,1.5814693675925908,13957002
2008-09-11,1.5836652517318726,1.5990404732182368,1.5375391159582839,1.5704863557965616,18115764
2008-09-12,1.56829035282135,1.5847638959262038,1.530949829521823,1.5814692501471725,18219432
2008-09-16,1.4749393463134766,1.5034934649857836,1.411241032293243,1.5034934649857836,139839888
2008-09-17,1.3277751207351685,1.3277751207351685,1.3277751207351685,1.3277751207351685,33189000
2008-09-18,1.1948875188827515,1.1948875188827515,1.1948875188827515,1.1948875188827515,5208600
2008-09-19,1.1948875188827515,1.1948875188827515,1.1948875188827515,1.1948875188827515,0
2008-09-22,1.2113611698150635,1.2805504544533577,1.0872599739594837,1.097144146257466,1417849956
2008-09-23,1.0905547142028809,1.1059299364558455,1.0905547142028809,1.0905547142028809,199856916
2008-09-24,0.9917130470275879,1.0422317647884993,0.9818288732295971,0.9818288732295971,1016893986
2008-09-25,0.9917130470275879,0.991713047027588,0.991713047027588,0.991713047027588,0
2008-09-26,1.019168734550476,1.064197110576309,0.9433899870937779,0.9873198858839864,719981208
2008-10-06,1.0773760080337524,1.1191090308477232,1.0224634578785732,1.0345445865381027,586514856
2008-10-07,1.0136775970458984,1.0488210861651184,0.9829265236567913,1.0268564938370797,301881882
2008-10-08,0.9543726444244385,1.009284566574606,0.9466847176714303,0.9807304424668559,227527932
2008-10-09,0.8785938024520874,0.975239365805386,0.8752990780494648,0.9686499170001409,322107810
2008-10-10,0.7907347083091736,0.829172927231695,0.7907347083091736,0.8280744500149739,257533854
2008-10-13,0.7907347083091736,0.7907347083091736,0.7907347083091736,0.7907347083091736,0
2008-10-14,0.86980801820755,0.8698080182075499,0.8083059523919708,0.8236818026936421,365308446
2008-10-15,0.8116006851196289,0.843450156104492,0.790734570443223,0.843450156104492,298559142
2008-10-16,0.7742609977722168,0.8181902668994389,0.7490010494236645,0.7610820992054026,196068804
2008-10-17,0.8039134740829468,0.8192886177150631,0.7720640028118668,0.7907345775491967,181075200
2008-10-20,0.8467448949813843,0.8511374677676992,0.7852429059890391,0.7962255555173398,191982096
2008-10-21,0.8159938454627991,0.8533342857637322,0.8126991215236501,0.8467448378854343,197761548
2008-10-22,0.7885376811027527,0.8105029815786708,0.7863414338438919,0.8017165785995725,122659422
2008-10-23,0.8126993179321289,0.8214850149025579,0.7599836436133107,0.7665731716365426,151630200
2008-10-24,0.8072081208229065,0.8324674344335236,0.8017164431458575,0.8126990915282472,134546178
2008-10-27,0.72813481092453,0.8006188274269983,0.727036333783157,0.7918324242397031,168186816
2008-10-28,0.7511979937553406,0.7577874436394054,0.7083665695089192,0.7094643398416303,139627692
2008-10-29,0.7490008473396301,0.7643766176146148,0.73692035068429,0.7632781407064597,112570500
2008-10-30,0.7435100078582764,0.7566889065857862,0.7160537331853329,0.7479032097580776,157499880
2008-10-31,0.7566887736320496,0.7995202655231969,0.7500993254260914,0.7500993254260914,168508674
2008-11-03,0.7907347083091736,0.7995204051272632,0.7446084842609583,0.7522957824147593,179622492
2008-11-04,0.7753587961196899,0.7896361709622809,0.7577873252691318,0.7852429694018285,94977366
2008-11-05,0.7940292954444885,0.810502915982254,0.7797519219878348,0.7797519219878348,157639596
2008-11-06,0.7566887736320496,0.7863413691112804,0.752295651056573,0.7687692715714687,138142020
2008-11-07,0.761082112789154,0.7676715621901693,0.7358220854373306,0.7435100120624809,85253220
2008-11-10,0.8028150200843811,0.8105029456069297,0.7687693007380045,0.7687693007380045,198957378
2008-11-11,0.8017165064811707,0.8181901268703111,0.7863413631085611,0.7951270583255146,185575308
2008-11-12,0.7984218001365662,0.8072082025204328,0.7742608824579624,0.7951270759855611,117524070
2008-11-13,0.8247796297073364,0.8401554810711007,0.7808503651859573,0.7896361395378096,244711410
2008-11-14,0.8939689993858337,0.8950674765746041,0.8478428550637274,0.8544323042525998,339958800
2008-11-17,0.9324078559875488,0.9357025803405907,0.875299064877547,0.8895764393980032,301051704
2008-11-18,0.8390570878982544,0.9389973824232183,0.8390570878982543,0.9225237592943327,273036510
2008-11-19,0.8840847611427307,0.8917726869598365,0.8258781213231429,0.8335660471402486,203459478
2008-11-20,0.9422920346260071,0.9532740564390478,0.8873794904356206,0.8983621406680633,390323880
2008-11-21,0.903853178024292,0.9422921031471098,0.8796923355165607,0.9115411044432313,216312246
2008-11-24,0.8511374592781067,0.9203267445279565,0.8478427351496576,0.8939688729479446,155272002
2008-11-25,0.843450129032135,0.8752989705753897,0.8258780320518032,0.8687095225792337,100166130
2008-11-26,0.8489412665367126,0.864316411129947,0.8291728419479212,0.8412533407541855,79084698
2008-11-27,0.854432225227356,0.9115410152396289,0.8511375009376442,0.9060500437473792,167598474
2008-11-28,0.847842812538147,0.8588254629593648,0.8346639148214214,0.8456464866902126,91728870
2008-12-01,0.8829869627952576,0.8928711355421077,0.832467543435001,0.8456464404308012,129110670
2008-12-02,0.9565687775611877,0.9708461521176662,0.8621201696405373,0.8676111412521869,544337646
2008-12-03,0.9686498045921326,0.9785339766529809,0.9335056103946154,0.9444882594528085,289366980
2008-12-04,0.9697476625442505,1.0125791572438527,0.9620604437810956,0.9785340653761643,303148470
2008-12-05,0.9895162582397461,1.0037936362167512,0.954372758956342,0.9598637318835005,175588206
2008-12-08,1.016972303390503,1.0246601501552388,0.9774355351586156,1.002694929793436,230043588
2008-12-09,0.9763373136520386,1.0136778445541186,0.9675516159699903,1.0136778445541186,188960202
2008-12-10,1.0630983114242554,1.0663930351615494,0.9829263862737976,0.9829263862737976,294086508
2008-12-11,1.0114810466766357,1.0565087769398627,1.010382569864107,1.041133636422623,199782228
2008-12-12,0.9565687775611877,1.0059897215339326,0.9389973070627545,0.9961055484498688,169487664
2008-12-15,0.9609619975090027,0.9829265913497155,0.9400951738286305,0.9774356196324969,82825716
2008-12-16,0.9785339832305908,0.9840249543107212,0.9313093696318481,0.9532739609241264,100018200
2008-12-17,0.9785339832305908,1.0037932985652986,0.9664528570938447,0.9807302302682916,123723786
2008-12-18,0.9785339832305908,0.9807302302682916,0.9499792368816968,0.9807302302682916,106492410
2008-12-19,0.9785339832305908,0.9950076034427386,0.9642566100561438,0.9719445351457316,110913780
2008-12-22,0.99940025806427,1.009284431002485,0.9664529363844626,0.9785340635123796,102777996
2008-12-23,0.9840247631072998,1.0312494460823483,0.9752390696918662,0.9983021335075463,213164904
2008-12-24,0.9521763324737549,0.9752394042000948,0.9335057554759529,0.967551477967361,140030640
2008-12-25,0.8939689993858337,0.960962047015758,0.8840848256025252,0.9499793960436792,158428878
2008-12-26,0.8862816691398621,0.8961658416870356,0.869808048227906,0.8939688875842505,107490708
2008-12-29,0.8983621597290039,0.9016568841714596,0.8522360175346241,0.8807900603786261,86442612
2008-12-30,0.874200701713562,0.8994607296938529,0.869808206651532,0.8906743256259625,67423260
2008-12-31,0.8785938024520874,0.8862817283821512,0.8676111521194009,0.8763975551742835,58828962
2009-01-05,0.9016566872596741,0.9060498878808031,0.8873793154697711,0.8928709929891042,64002402
2009-01-06,0.9346041083335876,0.9357025068031274,0.8895763694856227,0.8994605417679451,138300186
2009-01-07,0.9357025027275085,0.9499792476443628,0.9181304053115511,0.9335056272455793,95896704
2009-01-08,0.9181305170059204,0.9258184431178754,0.9060500962344341,0.9170321184075402,65100492
2009-01-09,0.9170319437980652,0.9280145137470057,0.9038529698327146,0.9181303421873024,64348314
2009-01-12,0.9532738924026489,0.9620602938653975,0.9038529567661726,0.9203266543466059,122633682
2009-01-13,0.9247199296951294,0.9554710045173231,0.9225236824515113,0.9368004285451885,98235264
2009-01-14,0.9554710984230042,0.9609620705576253,0.9203268972401312,0.9203268972401312,77698950
2009-01-15,0.9675513505935669,0.993909143382356,0.9400950807813222,0.9455866803744135,112813152
2009-01-16,0.9774355888366699,0.9983024118595961,0.9686498929715612,0.9752393416133468,76311036
2009-01-19,0.9730421304702759,1.0081863185939364,0.9708458838269082,0.9840247776303734,108612864
2009-01-20,1.010382890701294,1.0191686656288665,0.9697477193940199,0.9741409210675206,166894182
2009-01-21,1.000498652458191,1.0136776282069224,0.9873197552618829,0.99830240524941,95364546
2009-01-22,1.002695083618164,1.0158739821997782,0.9917130608956444,1.001597234831855,45728154
2009-01-23,1.009284496307373,1.0356422925147386,0.9972039968171884,0.9994003227296111,175934076
2009-02-02,1.055410385131836,1.058705108863152,1.0147758518743188,1.0235616247196755,158686512
2009-02-03,1.1026352643966675,1.135582507434118,1.0411339011649408,1.0488211198924706,301363986
2009-02-04,1.119109034538269,1.1476630799722316,1.086161708572837,1.1048316583353344,190767492
2009-02-05,1.0839653015136719,1.131189289758939,1.0751788988489268,1.1136178983730536,145287570
2009-02-06,1.119109034538269,1.127894731524433,1.0938496352931721,1.0938496352931721,142891086
2009-02-09,1.1959861516952515,1.2201469929748077,1.1081262833041967,1.1224036582216383,234106608
2009-02-10,1.183905005455017,1.1948876557549954,1.1531546372175825,1.1850034825765643,138667620
2009-02-11,1.1520562171936035,1.2190492640440558,1.1202074488085765,1.167431441350552,312380556
2009-02-12,1.1564491987228394,1.1729228183665577,1.1158140346110899,1.155350721756014,177372000
2009-02-13,1.179512619972229,1.1893967947228274,1.144368416211027,1.1586457931747618,143320200
2009-02-16,1.223441481590271,1.2465046268096396,1.1806100720659227,1.2245399585173615,212189280
2009-02-17,1.220146894454956,1.2585858145200748,1.1762176315020936,1.2135574460977112,184621350
2009-02-18,1.144368290901184,1.2278349605318362,1.1399757961409758,1.1904945132388665,175347630
2009-02-19,1.136681079864502,1.1641367252697536,1.1289931535203384,1.1410735746567051,123562452
2009-02-20,1.242112398147583,1.2465049716802379,1.1355826512884017,1.1454668254517524,210925140
2009-02-23,1.3662134408950806,1.3662134408950806,1.228933340472308,1.2432100863236113,353165466
2009-02-24,1.3508381843566895,1.4826273099998686,1.328872884952438,1.3739013324033198,323807928
2009-02-25,1.383785367012024,1.4101433166915904,1.3178908855751985,1.3651148711761663,192170772
2009-02-26,1.2596837282180786,1.4057501552248826,1.246504830822851,1.3673119401460763,143296926
2009-02-27,1.2497996091842651,1.2838453312505647,1.1926913655465967,1.2410138343126011,153993342
2009-03-02,1.317891001701355,1.3321677478419076,1.208066542086442,1.241013785708006,114811872
2009-03-03,1.2849438190460205,1.3717045052705141,1.253094344052809,1.2794521402006482,354112494
2009-03-04,1.331069827079773,1.3453465724473173,1.2497994925657128,1.2640768663526232,224107908
2009-03-05,1.300318717956543,1.3398554832352287,1.273960926805695,1.3376591577441523,168416472
2009-03-06,1.2992205619812012,1.3343648420651568,1.2651754660957233,1.2849438928951757,116307174
2009-03-09,1.2750595808029175,1.3387572746431176,1.2717648562486112,1.3266768536012838,103231278
2009-03-10,1.2651753425598145,1.2739611171513066,1.209165027995626,1.2629784668736008,144269514
2009-03-11,1.246504783630371,1.2860414743192008,1.2399152566298113,1.2761573016469934,73012356
2009-03-12,1.2267364263534546,1.2454070026183126,1.2080665570604303,1.235522829409329,73575240
2009-03-13,1.264076828956604,1.2948278227526122,1.2322279865605896,1.2322279865605896,114964308
2009-03-16,1.2618805170059204,1.2728625379837686,1.2344242469988012,1.2717646893718704,34114200
2009-03-17,1.2948278188705444,1.3014172670233783,1.2497994518450037,1.2629783481506716,85230456
2009-03-18,1.3156938552856445,1.3530343734785133,1.2959255120004132,1.3025149597621568,87447438
2009-03-19,1.3881779909133911,1.4057500093889126,1.3014172396052828,1.3014172396052828,146904630
2009-03-20,1.371704339981079,1.40245541265779,1.3343646045856252,1.3903748360981603,96619734
2009-03-23,1.3969645500183105,1.4145361011315847,1.3497399263054162,1.3629188252976745,110588574
2009-03-24,1.380490779876709,1.4167328247521398,1.3771959771131048,1.4101433763297746,56859798
2009-03-25,1.3321677446365356,1.365114988178824,1.3134977970674218,1.365114988178824,153061524
2009-03-26,1.339855670928955,1.3431503167319279,1.3069083488225548,1.3431503167319279,73187286
2009-03-27,1.3233819007873535,1.3640170680175763,1.3156939753730448,1.3618201139153245,99190728
2009-03-30,1.329971432685852,1.3431503302399823,1.284943768366517,1.3233819839087868,79961364
2009-03-31,1.3519361019134521,1.3563292248601773,1.2970241859948761,1.305809882021348,149084496
2009-04-01,1.353034496307373,1.3673118700778293,1.320087254507694,1.3541329733579577,111307302
2009-04-02,1.3519361019134521,1.4002591974886207,1.3442488044522998,1.3563292248601773,91007244
2009-04-03,1.300318717956543,1.3618199949846133,1.2992202410013494,1.358525349643171,101471592
2009-04-07,1.291533350944519,1.3167926715494866,1.2783544520250745,1.3047122498639638,81270834
2009-04-08,1.2497996091842651,1.2904347802329548,1.2497996091842651,1.2904347802329548,99032682
2009-04-09,1.2607823610305786,1.2629786085437438,1.2289335121636538,1.2497997095209328,47426064
2009-04-10,1.2893363237380981,1.2904348009100486,1.2629785273861975,1.2717648522656444,82694214
2009-04-13,1.329971432685852,1.336560881462917,1.2794520897377422,1.290434740023461,123982560
2009-04-14,1.337659478187561,1.339855804204779,1.3025152769196346,1.3255784282539405,83854272
2009-04-15,1.34315025806427,1.3464450608281784,1.3156939873112823,1.333266163982231,90929832
2009-04-16,1.3969645500183105,1.4123397750710767,1.3431504768092872,1.350838403545407,187446498
2009-04-17,1.4650553464889526,1.5045921999080434,1.3804909816963813,1.394767729269909,257855700
2009-04-20,1.5254589319229126,1.5693881204910447,1.4277148888169071,1.4606621337289327,176862714
2009-04-21,1.5397354364395142,1.586960049042799,1.4936091437129715,1.5034933941843251,167838918
2009-04-22,1.446385383605957,1.5737813969642738,1.4167329418077423,1.561700819077551,124147428
2009-04-23,1.5704865455627441,1.5913533689722967,1.4617605624063539,1.4826273858159063,210171480
2009-04-24,1.6286931037902832,1.6989807074441794,1.59794266013474,1.59794266013474,404265888
2009-04-27,1.6221040487289429,1.6243008461755788,1.5155748473971458,1.6034340197678247,287088216
2009-04-28,1.6078269481658936,1.6528546089989473,1.537539185776215,1.5847638006794114,119813352
2009-04-29,1.6396760940551758,1.6803112701482283,1.6045325188913044,1.6067288450532256,119804328
2009-04-30,1.6396760940551758,1.6396760940551758,1.6396760940551758,1.6396760940551758,0
2009-05-04,1.6473640203475952,1.6682302186098583,1.557307892242841,1.6682302186098583,156828042
2009-05-05,1.6814082860946655,1.6967841326600854,1.6253979119849558,1.6363806370881417,113213142
2009-05-06,1.7659739255905151,1.7659739255905151,1.6803109380129693,1.6803109380129693,44574672
2009-05-07,1.7945280075073242,1.8538332050359465,1.790134884445153,1.852734727889335,246629112
2009-05-08,1.7319281101226807,1.8538329791358268,1.7286333075037568,1.8450472053966462,97463802
2009-05-11,1.6451666355133057,1.7571874098741518,1.6451666355133057,1.7275348149892609,129914208
2009-05-12,1.6638374328613281,1.6660336015338237,1.5924511893231204,1.6275953867527364,97439580
2009-05-13,1.6462652683258057,1.6616404915152085,1.6133180248381223,1.6473637454326693,63624978
2009-05-14,1.6495602130889893,1.6627391116174466,1.6243007361285446,1.6275955393130903,34939626
2009-05-15,1.6528546810150146,1.674819352423442,1.6330863353530687,1.6517562039320821,45993762
2009-05-18,1.6440690755844116,1.6539533279830645,1.5913534817378954,1.64736387875225,42498474
2009-05-19,1.667132019996643,1.7099635132453623,1.6374794235775538,1.6473636747521978,61163172
2009-05-20,1.611121654510498,1.669328371177412,1.6001390832133253,1.6671320454437917,61016418
2009-05-21,1.5551111698150635,1.6111215573713291,1.5375391510619618,1.605629957844157,56604696
2009-05-22,1.541932225227356,1.5617005689617647,1.5353427773158865,1.557307446582621,56361504
2009-05-25,1.541932225227356,1.541932225227356,1.541932225227356,1.541932225227356,0
2009-05-26,1.5935497283935547,1.6188090468638079,1.5737813816850492,1.5825669993457876,91583682
2009-05-27,1.5803707838058472,1.6363811763743568,1.5638970834839856,1.5946481583299668,52237680
2009-06-01,1.6023353338241577,1.6506585871621957,1.5913533903844839,1.6001391650830172,70680336
2009-06-02,1.6286931037902832,1.6594440187603328,1.614416358972094,1.6286931037902832,94561038
2009-06-03,1.6001390218734741,1.6363810658712727,1.5759773973668767,1.6363810658712727,126974526
2009-06-04,1.6012376546859741,1.6089247952068182,1.5704865789249296,1.592451251499601,80317278
2009-06-05,1.640773892402649,1.6693280059505948,1.5660930209194694,1.6034333781086538,113296476
2009-06-08,1.7099637985229492,1.7231426975512485,1.6363813766243085,1.6363813766243085,128954670
2009-06-09,1.737419605255127,1.7429112064510144,1.6473641011525566,1.70996395584894,82852884
2009-06-10,1.7264372110366821,1.742910912108081,1.7132583130215056,1.7385177889981653,44138790
2009-06-11,1.7055702209472656,1.7505980395666416,1.6890966785831751,1.7286333687828017,71191980
2009-06-12,1.7022755146026611,1.7681699959184987,1.6912927868403498,1.7033739916151789,83166030
2009-06-15,1.7418121099472046,1.746205389342241,1.7132579933470524,1.7132579933470524,47169012
2009-06-16,1.737419605255127,1.7604826021241373,1.7165534059693548,1.727535351522063,32275896
2009-06-17,1.7198474407196045,1.7374189872473322,1.6890965273243574,1.7352226617599869,38741508
2009-06-18,1.6836060285568237,1.7242405751432164,1.6638376796845458,1.7143563221546418,75467760
2009-06-19,1.667132019996643,1.6923913365961702,1.6539531231670128,1.685801888181355,55881138
2009-06-22,1.673721432685852,1.6989807487462187,1.6583455820649533,1.669328310064904,41271240
2009-06-23,1.6934897899627686,1.7143559835556434,1.6451666976156714,1.657247902740757,53239572
2009-06-24,1.7011771202087402,1.707766568660344,1.6858018975931746,1.6912928689789124,26111682
2009-06-25,1.6715245246887207,1.7044719240725685,1.6528546563878836,1.7022755983588118,76315938
2009-06-26,1.650658369064331,1.679212329442859,1.6440687639776081,1.6726228814609683,56619456
2009-06-29,1.630889892578125,1.6572478420075205,1.621005799008832,1.6506583939263804,68191212
2009-06-30,1.6264967918395996,1.649559938984468,1.6012374761813146,1.6451666593286134,91476570
2009-07-01,1.6352826356887817,1.6528546553311938,1.6089246847775858,1.6232020587466254,70131876
2009-07-02,1.6253986358642578,1.652854910983218,1.614416691394198,1.6418723380936868,97266336
2009-07-03,1.6319876909255981,1.6440687381312191,1.6089245447991405,1.6144163012312933,58826994
2009-07-06,1.7099637985229492,1.7132584447275896,1.6264971238006496,1.6319880960718045,139160472
2009-07-07,1.7407135963439941,1.769268340762254,1.708864835077775,1.7352226256351173,137786280
2009-07-08,1.690195083618164,1.7308296207187437,1.6671319367653143,1.713258073366179,72741882
2009-07-09,1.7242400646209717,1.7352226345142194,1.6803107276769307,1.6901949777389236,92224230
2009-07-10,1.742910623550415,1.7659737698110496,1.7143558779305088,1.735222698657096,86648328
2009-07-13,1.802215814590454,1.817591037320987,1.757187523739023,1.758286000813103,124153248
2009-07-14,1.8626190423965454,1.87579794071107,1.8044123200598257,1.8044123200598257,122878968
2009-07-15,1.8351634740829468,1.865913766793813,1.8011177496831652,1.8571279913199752,111125802
2009-07-16,1.8131979703903198,1.8439488881129615,1.7802507268712569,1.8428504110050519,126080478
2009-07-17,1.8439487218856812,1.853832972602785,1.7967241081082619,1.8131978069351562,55640970
2009-07-20,1.8252789974212646,1.840654220442621,1.8088052973050506,1.840654220442621,61956270
2009-07-21,1.7670717239379883,1.8340648471443415,1.7626792293217823,1.8285738753881622,95080482
2009-07-22,1.7626793384552002,1.773661282647488,1.7418125133348337,1.768170310551344,81620862
2009-07-23,1.8197873830795288,1.825278982986148,1.7418123201800078,1.7637769916531738,98029680
2009-07-24,1.7912334203720093,1.8219844972920445,1.7615808206346326,1.8208860201093857,58363254
2009-07-27,1.8011174201965332,1.8230819334154929,1.7791527498727355,1.791233169301228,65838006
2009-07-28,1.8088053464889526,1.8121001494437246,1.7868402029302748,1.7989212518343403,50189658
2009-07-29,1.7527951002120972,1.8307700082992882,1.7198476992715557,1.8011175673995923,80960058
2009-07-30,1.7407135963439941,1.7626788931229185,1.6704266261722205,1.7516963232858682,94205346
2009-07-31,1.7604824304580688,1.7648757109863864,1.7165532385868572,1.7165532385868572,117661986
2009-08-03,1.737419605255127,1.7571879556163716,1.7121601250126448,1.7571879556163716,83552664
2009-08-04,1.7802504301071167,1.7945276451378194,1.735222616689534,1.7451068666499931,123909972
2009-08-05,1.8110014200210571,1.8329660892051922,1.7725632096726134,1.7813488259785393,93504636
2009-08-06,1.8033133745193481,1.8340644434762847,1.7659736436406601,1.8011172062470375,95911734
2009-08-07,1.7846437692642212,1.8615209815500755,1.7714648724511637,1.8011174688329645,106817514
2009-08-10,1.8263763189315796,1.8450468107436113,1.8011170088152189,1.8022153284882099,76749204
2009-08-11,1.9175316095352173,1.9175316095352173,1.8088054616766582,1.839555910513757,120960978
2009-08-12,1.8582266569137573,2.0053910425247774,1.8582266569137573,1.917531864936514,126675168
2009-08-13,1.8505382537841797,1.9493801370112394,1.8208858144999358,1.913138092214005,71833092
2009-08-14,1.7923316955566406,1.858226179652353,1.7582859764499255,1.8538330569411294,78292818
2009-08-17,1.7527951002120972,1.7978227644635978,1.7352229226233602,1.7681701664590508,85190046
2009-08-18,1.7571876049041748,1.7747596254896802,1.703374165756803,1.7352229326582096,66390540
2009-08-19,1.7022755146026611,1.7692684729310166,1.6989807119844513,1.7571874252610233,60548172
2009-08-20,1.7505979537963867,1.7571874018401423,1.6814086707845368,1.6858017932518743,31281270
2009-08-21,1.8263763189315796,1.8274747957093729,1.7462051098905336,1.7473028011443152,38384256
2009-08-24,1.8329662084579468,1.861520955805863,1.8131978635117498,1.836260854063226,42632010
2009-08-25,1.8878791332244873,1.8966649089946281,1.8011178104264238,1.831868732593842,68663562
2009-08-26,1.908745288848877,1.9438894908867064,1.8725032379881188,1.8725032379881188,52934046
2009-08-27,1.9120396375656128,1.9526748055493894,1.8999592176663491,1.9076471432232258,43860282
2009-08-28,1.841752290725708,1.9329060742537538,1.8186891470782345,1.9010573152558807,48361884
2009-08-31,1.8296715021133423,1.8856818942966203,1.7780543899147303,1.8681105025112903,72489474
2009-09-01,1.8142967224121094,1.8516370944966163,1.7879387664980828,1.8022161431770174,47742096
2009-09-02,1.8318686485290527,1.8845842433600033,1.7901349979732883,1.791233475189564,61462074
2009-09-03,1.8571276664733887,1.8779944883551132,1.8121000055410121,1.8571276664733887,74396232
2009-09-04,1.9504785537719727,1.9504785537719727,1.8494397195512253,1.8604224474349655,98972982
2009-09-07,2.033944606781006,2.048221980378073,1.9416921737574084,1.9438891278318973,128279220
2009-09-08,2.0262575149536133,2.0646957314860335,2.010881662763166,2.013078617060001,57662478
2009-09-09,2.0504183769226074,2.1141166982543007,2.0152748059601655,2.019668086178292,80519466
2009-09-10,2.0163731575012207,2.075678352024981,2.0152746804102666,2.035043026216571,57745728
2009-09-11,2.085562229156494,2.0932495256295005,1.9966046037409746,2.0064888541670682,44817954
2009-09-14,2.1152145862579346,2.125098678471394,2.0537126079558834,2.076775594523831,53840358
2009-09-15,2.099839448928833,2.1152153021944375,2.0679906791161926,2.1130183477439806,43988052
2009-09-16,2.0789730548858643,2.114116624624334,2.04492733384912,2.093249801153835,45399714
2009-09-17,2.086660146713257,2.1141164162608383,2.067990279325088,2.0800706985795783,26918640
2009-09-18,2.021864414215088,2.0976431623809733,1.9900156438029701,2.086660589390097,43807266
2009-09-21,2.054811954498291,2.0646960508951455,1.9735420715818714,2.0031946749821943,31943586
2009-09-22,2.1163127422332764,2.1525546284223593,2.042730807051725,2.0526150578063707,63966036
2009-09-23,2.1207058429718018,2.1964845742960306,2.092151725119142,2.118509517387598,73845408
2009-09-24,2.0646958351135254,2.120706232524979,2.0427311612932817,2.114116783247447,44790960
2009-09-25,2.11082124710083,2.152554254262422,2.0646951181748086,2.0668914433998107,37614948
2009-09-28,2.1822073459625244,2.2162530655590023,2.1174111808887073,2.1174111808887073,65510940
2009-09-29,2.1646361351013184,2.2107622784781835,2.1327865814740994,2.183306005096572,34895688
2009-09-30,2.160242795944214,2.197583320440706,2.1481623753322405,2.1833059455561252,30148098
2009-10-09,2.2678701877593994,2.2678701877593994,2.1855020024941973,2.1909937594753424,31276578
2009-10-12,2.259084701538086,2.361221238334873,2.2404148319248933,2.306309321114803,47935278
2009-10-13,2.278853416442871,2.289835990186941,2.240415193863027,2.247004643846541,46013346
2009-10-14,2.28434419631958,2.3634177465532717,2.2766568980831114,2.2931306002040497,47622462
2009-10-15,2.2700672149658203,2.3469438028284575,2.267870260734916,2.293130364139947,32730936
2009-10-16,2.2426109313964844,2.297522846919898,2.229432033965701,2.2656740804527797,25598244
2009-10-19,2.2492003440856934,2.2601830726451317,2.192091632362178,2.248101866993448,49961880
2009-10-20,2.326077699661255,2.331568671511508,2.2184495611989323,2.2513968062441627,40731972
2009-10-21,2.29971981048584,2.3282739312637335,2.2821476329636807,2.3282739312637335,25606752
2009-10-22,2.3623194694519043,2.383185662760103,2.273361839757704,2.2843437821643966,41435550
2009-10-23,2.3820881843566895,2.3930701284701152,2.3513371069485256,2.3513371069485256,22799430
2009-10-26,2.4348034858703613,2.4765365023777433,2.373301495548339,2.382087898149655,42268182
2009-10-27,2.3952670097351074,2.447982602179997,2.394168532568552,2.4271157778466077,27030480
2009-10-28,2.4337050914764404,2.438098371478762,2.372203727484561,2.3996593709263347,25746996
2009-10-29,2.422722339630127,2.4699469540444094,2.4051509490815604,2.423820816653826,18420090
2009-10-30,2.5435292720794678,2.5435292720794678,2.5435292720794678,2.5435292720794678,36236430
2009-11-02,2.6709256172180176,2.6709256172180176,2.61381690019416,2.656648241580976,130609470
2009-11-03,2.7225427627563477,2.767570896708969,2.655550428786351,2.7016764113986964,67408344
2009-11-04,2.746703863143921,2.7840442235884697,2.701676049433724,2.701676049433724,27923724
2009-11-05,2.7620792388916016,2.7785529374889775,2.7126581430994734,2.7456055402942257,18183564
2009-11-06,2.7434096336364746,2.79063441107185,2.6884977155398984,2.763178137813848,46219572
2009-11-09,2.714855194091797,2.7346236959569343,2.67971115586381,2.7104622285895084,28426746
2009-11-10,2.8510375022888184,2.8510375022888184,2.7148558528815663,2.7148558528815663,54452964
2009-11-11,2.9575672149658203,2.9938091072139144,2.8334659995649383,2.851037235776047,76870248
2009-11-12,2.937798261642456,2.9762364739962046,2.9103419916916224,2.9103419916916224,28007412
2009-11-13,3.064096689224243,3.084962727307227,2.9334052471973484,2.9334052471973484,68378028
2009-11-16,3.082765579223633,3.1870985696978242,3.0542117799068387,3.0915515086486254,90614010
2009-11-17,3.043229341506958,3.0915519604056216,2.983924466327068,3.0586045631426084,84073668
2009-11-18,3.0783731937408447,3.097043532939199,2.985023068797475,3.020166478900442,45986772
2009-11-19,3.087160110473633,3.157447260176421,3.072882733709087,3.0750790598514794,39486900
2009-11-20,3.0586049556732178,3.0915523571645847,3.0201667395462324,3.0618997586642958,27519906
2009-11-23,3.1354823112487793,3.1618401065956854,3.0190682438187206,3.0399352245638194,38985270
2009-11-24,2.978433609008789,3.1607415306894038,2.978433609008789,3.1354822132619424,55994166
2009-11-25,3.0366406440734863,3.054212823135227,2.9520761230256096,2.9707461508784405,53739804
2009-11-26,2.889476776123047,3.0750792278976617,2.885083495178682,3.042131820283284,81575526
2009-11-27,2.8960654735565186,2.972941904288047,2.789535816492531,2.8400550806562346,68348382
2009-11-30,3.0410335063934326,3.0410335063934326,2.8719041558660408,2.8719041558660408,40673988
2009-12-01,3.103633403778076,3.1387768168865384,3.04542605554037,3.04542605554037,38561406
2009-12-02,3.1157138347625732,3.1299912096904072,3.064096720749393,3.105829739973848,39985032
2009-12-03,3.097043991088867,3.115714018839422,3.0421314424125514,3.1146155416348926,34257204
2009-12-04,3.0014960765838623,3.086060574027871,2.9443872175454713,3.086060574027871,40099578
2009-12-07,2.9817283153533936,3.016871726036983,2.938896822087293,2.9740402327708826,39824142
2009-12-08,2.996004819869995,3.004791064596349,2.9377981087493112,2.9652543772712256,52740852
2009-12-09,2.923521041870117,3.0014965761258914,2.915833901730663,2.965254687505206,29606388
2009-12-10,2.9334053993225098,2.9553708583020573,2.90594975388453,2.934503876507806,33736398
2009-12-11,2.9751386642456055,2.9850230723776527,2.911440506747693,2.926815729048077,31150860
2009-12-14,2.952075958251953,2.998202258018755,2.922423359416846,2.9630579018568977,20938374
2009-12-15,2.978433609008789,3.0047914035319883,2.9290128228302144,2.9597629546878887,19459500
2009-12-16,2.9136366844177246,2.9927100601995127,2.87739448486049,2.9784333156676595,34998048
2009-12-17,2.767570734024048,2.918029721419048,2.767570734024048,2.890573451829783,61247190
2009-12-18,2.726936101913452,2.827974326560309,2.669827225946799,2.745606130089242,50132154
2009-12-21,2.7840447425842285,2.8202869470626872,2.735721803279617,2.735721803279617,41133234
2009-12-22,2.7642765045166016,2.8115003374358025,2.7269358235571626,2.7895358224426303,26546070
2009-12-23,2.799420118331909,2.800518595528318,2.735721951958322,2.7686690410269383,19213074
2009-12-24,2.9081459045410156,2.9301104195674417,2.791732152484684,2.8005183983888378,33845664
2009-12-25,2.938897132873535,2.9630579749781254,2.8609215922586175,2.904851253020741,22870452
2009-12-28,2.9696474075317383,2.9839247821017736,2.9399948096989648,2.9399948096989648,22683654
2009-12-29,2.965254545211792,2.9872190585378524,2.923520901579372,2.9762364876651444,31043610
2009-12-30,2.9092442989349365,2.974040307681746,2.8609213617798277,2.9542721190361956,34278996
2009-12-31,2.9081459045410156,2.93450369962437,2.8664128860972227,2.932307373805608,28324134
2010-01-04,2.9224233627319336,2.9652548595190407,2.893868612594247,2.9213248855814533,32626122
2010-01-05,3.057507038116455,3.068488981350142,2.9224232606207163,2.9224232606207163,55710942
2010-01-06,3.011380910873413,3.08386468633902,3.00918395675372,3.0520154500068615,33279012
2010-01-07,2.91144061088562,3.03114916190821,2.8751987224008353,3.0157733106384934,57836730
2010-01-08,2.931209087371826,2.937798693676193,2.8455464048831227,2.860921629243773,50721942
2010-01-11,3.077275514602661,3.077275514602661,2.913636989392375,2.963057775876522,128972880
2010-01-12,3.188197135925293,3.231028621625466,3.0487201096307897,3.0706852480187607,129289842
2010-01-13,3.2848434448242188,3.3309694292825034,3.1234015565911135,3.1255978824178396,88616316
2010-01-14,3.390275478363037,3.4484822121393175,3.258486469316866,3.2705668928220946,81071040
2010-01-15,3.3331656455993652,3.458365325690771,3.316691945601342,3.404551259977875,33772560
2010-01-18,3.500098943710327,3.500098943710327,3.339755824554942,3.349639920566494,47102280
2010-01-19,3.499000310897827,3.569287444506279,3.448481050673709,3.5198666613115766,33470784
2010-01-20,3.3979618549346924,3.4924114089906726,3.3397554484854344,3.4924114089906726,47338686
2010-01-21,3.396864414215088,3.4792326071336817,3.3606222082366854,3.393569611088011,31568094
2010-01-22,3.3419508934020996,3.404550883632734,3.2266356345824785,3.344147847333197,42229116
2010-01-25,3.298022508621216,3.3814885500178375,3.294727705505378,3.3068081265805853,20379768
2010-01-26,3.1662328243255615,3.3386566434866705,3.160741381734749,3.311201001581012,32289456
2010-01-27,3.1728219985961914,3.2892350984536054,3.1234009072527913,3.1739198470716143,25269672
2010-01-28,3.260681390762329,3.2628777164068525,3.0531138495000545,3.1794116861407797,23936964
2010-01-29,3.318887710571289,3.3759965694761793,3.184902435891099,3.2178498303201017,32142654
2010-02-01,3.3485405445098877,3.350737498471266,3.261779715615199,3.341950939464403,16618290
2010-02-02,3.2793521881103516,3.426517038300357,3.2650754396383626,3.327675448399382,22105536
2010-02-03,3.1552505493164062,3.2980224142952905,3.115713855686287,3.2980224142952905,39462828
2010-02-04,3.2189486026763916,3.2398146383633843,3.1201067245267073,3.1662327039094698,28443252
2010-02-05,3.168428659439087,3.228832319118203,3.108025313969603,3.1827060309130744,17642592
2010-02-08,3.1870994567871094,3.2123594036767797,3.0992401380826413,3.1794120020577497,12907332
2010-02-09,3.190394163131714,3.2529938472596407,3.1706256599172797,3.187099360227692,12581136
2010-02-10,3.234323501586914,3.238716781164667,3.171723823644125,3.234323501586914,9341634
2010-02-11,3.20906400680542,3.2595826343969785,3.206867052929812,3.2376181229953094,16200840
2010-02-12,3.2650749683380127,3.281548669013514,3.1870994308599943,3.2090645745671327,22683474
2010-02-22,3.1794111728668213,3.2617793412230562,3.176116684931888,3.2617793412230562,17580840
2010-02-23,3.1980812549591064,3.2156534286581477,3.134383107205183,3.171723465724993,16706550
2010-02-24,3.358424663543701,3.3584246635437007,3.1640357121510716,3.1640357121510716,33521772
2010-02-25,3.4484810829162598,3.4781336787941974,3.358424818242761,3.4155336843386226,37455222
2010-02-26,3.4495797157287598,3.49241121012996,3.4045512671489795,3.4462849128802766,28080072
2010-03-01,3.4100422859191895,3.437497923013564,3.3880768336148126,3.426515668175814,24411804
2010-03-02,3.3913724422454834,3.4924112845641564,3.360621995703231,3.4100430968547157,28653594
2010-03-03,3.4023544788360596,3.446284444354224,3.3617193157184464,3.3913719089041057,18938202
2010-03-04,3.3430492877960205,3.4462844395413312,3.327674381173989,3.402354474084517,15956250
2010-03-05,3.302414894104004,3.382587076174807,3.2958256019866363,3.3221833988755525,19280196
2010-03-08,3.248601198196411,3.3276748969060113,3.2288330091762854,3.3013171020727112,27037182
2010-03-09,3.282646417617798,3.3265763894826694,3.2453066799254437,3.2507974943702203,14820570
2010-03-10,3.2947280406951904,3.305709985709223,3.2321283461742727,3.2749595341987288,20863320
2010-03-11,3.2464044094085693,3.313397691224009,3.2332255113203523,3.2947276641514636,14918070
2010-03-12,3.190394163131714,3.283744922084249,3.182706708635261,3.2409134269610576,21390408
2010-03-15,3.1486616134643555,3.2343243022429453,3.115714207942766,3.196983930265794,19792020
2010-03-16,3.1706252098083496,3.183804105343834,3.11351697669757,3.1519551863521595,7172676
2010-03-17,3.2464044094085693,3.2486013637378455,3.1519557968812038,3.1519557968812038,21432420
2010-03-18,3.1947872638702393,3.261780230839538,3.171724270987384,3.246404378568114,15654090
2010-03-19,3.21016263961792,3.2123595940302785,3.1530543932856836,3.1969837410313127,21368772
2010-03-22,3.224439859390259,3.2354224314525495,3.186001642696521,3.213457287327968,15075468
2010-03-23,3.269467353820801,3.2947272984482625,3.218948721404599,3.2387169092378674,17365290
2010-03-24,3.274958610534668,3.3188879492497927,3.265074517179007,3.269467168261823,21558888
2010-03-25,3.3035123348236084,3.32218235654312,3.220045689986586,3.2639756518948415,19273818
2010-03-26,3.3320674896240234,3.3606222408627597,3.2947277487301023,3.2947277487301023,20529204
2010-03-29,3.4364004135131836,3.4814279141567166,3.341950875967531,3.341950875967531,46289094
2010-03-30,3.5495193004608154,3.5583058607430376,3.426516568591246,3.437498826314899,38816310
2010-03-31,3.548421621322632,3.6022350590268433,3.525358315465504,3.5495191557889054,30716100
2010-04-01,3.6824069023132324,3.726336873839467,3.541831998900302,3.5440283246612823,42195726
2010-04-02,3.6439688205718994,3.734024150037071,3.6296914457666145,3.68789785106943,18430410
2010-04-06,3.5934486389160156,3.646164220776448,3.5802697434509074,3.640673407094719,19407018
2010-04-07,3.6428699493408203,3.680210312485437,3.5143754752525562,3.5143754752525562,27424434
2010-04-08,3.7252390384674072,3.734024657234452,3.6318879507219237,3.6318879507219237,34399644
2010-04-09,3.806509017944336,3.830670492363796,3.701077500907328,3.714256401260733,33244188
2010-04-12,3.9185287952423096,3.971244701198369,3.7790526752804263,3.8076067970381757,53177430
2010-04-13,3.921823263168335,3.953672813660613,3.723041962372348,3.9350021599788163,29385534
2010-04-14,3.9207253456115723,4.012977935873023,3.844946768835752,3.8724024106128705,27767484
2010-04-15,3.8218843936920166,3.984423830123074,3.795526596290808,3.9207259768416844,27043128
2010-04-16,3.8207855224609375,3.8767959147149123,3.788936599104637,3.8130974395829167,30985050
2010-04-19,3.731827974319458,3.799918791275011,3.6966845599818665,3.7384175805269377,48861174
2010-04-20,3.9185287952423096,3.9185287952423096,3.706568579524342,3.7351227012820916,49409736
2010-04-21,4.053613185882568,4.114016551025701,3.937199736103544,3.937199736103544,56242218
2010-04-22,4.03933572769165,4.068988323536595,3.959163871206452,4.068988323536595,21096252
2010-04-23,3.922922134399414,4.083265237933277,3.8636172498981702,4.0349429256491325,48779574
2010-04-26,3.765873908996582,3.922922212573943,3.755989499541305,3.922922212573943,43286622
2010-04-27,3.5890560150146484,3.7669716076005155,3.578074071435923,3.636280791817934,106163196
2010-04-28,3.6505579948425293,3.7483014042352596,3.4990005193508127,3.5692876571466217,91722786
2010-04-29,3.65604829788208,3.772462021082907,3.6044308834191767,3.6571467747288833,47725902
2010-04-30,3.6417713165283203,3.7515957614506363,3.6000383039623394,3.6736205500922345,46380108
2010-05-04,3.646164655685425,3.752694623268674,3.5132772082377324,3.601137150237559,28638666
2010-05-05,3.719747543334961,3.7340242902569547,3.579172001102452,3.657147855580005,36077646
2010-05-06,3.645066499710083,3.745006870473914,3.640674162063511,3.7296316463477446,27089220
2010-05-07,3.558305501937866,3.6626381966309127,3.4924110196113585,3.6022348426125284,35048244
2010-05-10,3.4682493209838867,3.5583055869631797,3.3946670687419607,3.5583055869631797,29552100
2010-05-11,3.3781933784484863,3.558305596689721,3.32547779118355,3.5253581975442936,24794466
2010-05-12,3.328773021697998,3.393569985792541,3.210162923914266,3.366113708981583,43793682
2010-05-13,3.4704461097717285,3.4913130918869872,3.321085573875046,3.321085573875046,21231618
2010-05-14,3.5033934116363525,3.5692879024196262,3.4133377646707372,3.45397230789161,15811038
2010-05-17,3.3309693336486816,3.5143757317221715,3.328772379465624,3.435302348455604,31490874
2010-05-18,3.4034531116485596,3.4111402511127187,3.3079060371242313,3.3079060371242313,26319954
2010-05-19,3.5462241172790527,3.573680384631356,3.3825862469288586,3.3913718628616336,27386322
2010-05-20,3.5539114475250244,3.635181134240289,3.4924102583032295,3.5308484622906504,54746952
2010-05-21,3.627495050430298,3.6450662852410347,3.4374987293874795,3.4704458158391347,26086848
2010-05-24,3.627495050430298,3.627495050430298,3.627495050430298,3.627495050430298,0
2010-05-25,3.4462854862213135,3.7230426873427174,3.4462854862213135,3.721944210070679,86801694
2010-05-26,3.273860216140747,3.3661128038196275,3.273860216140747,3.3661128038196275,124563120
2010-05-27,3.283745527267456,3.3057100461163933,3.1849036213984543,3.1849036213984543,47313900
2010-05-28,3.144268035888672,3.3166921886449416,3.1201071939791847,3.3002188016494594,145319688
2010-05-31,3.1552505493164062,3.201376848989734,3.0783734879307643,3.1179101815608834,49318728
2010-06-01,3.1750190258026123,3.2013768213282807,3.111320548634352,3.1354823325141092,40178508
2010-06-02,3.213456869125366,3.239814661592979,3.1530538303776727,3.158544958589341,35664072
2010-06-03,3.176117181777954,3.245306466588988,3.1739202277250715,3.2233410107859495,31132950
2010-06-04,3.0322470664978027,3.183804543099003,3.0168718433638917,3.183804543099003,96671532
2010-06-07,3.0849626064300537,3.1058295863245275,2.938896889265663,2.963057729367539,43216332
2010-06-08,3.0849626064300537,3.0849626064300537,3.0849626064300537,3.0849626064300537,0
2010-06-09,3.3046114444732666,3.3770955341607958,3.1277940287606736,3.1827065702136004,103406202
2010-06-10,3.298022508621216,3.432007817094956,3.1816084360662145,3.2518962076286417,90982986
2010-06-11,3.2925305366516113,3.336460508844888,3.2694675447626578,3.3166920056474285,29711274
2010-06-15,3.2925305366516113,3.2925305366516113,3.2925305366516113,3.2925305366516113,0
2010-06-17,3.282646417617798,3.316691980852983,3.2398149228515782,3.294727466235092,22831206
2010-06-18,3.1607415676116943,3.300218624688382,3.075078577305774,3.281548598568779,35529102
2010-06-21,3.252993583679199,3.2848431330309396,3.124499108721152,3.124499108721152,23369520
2010-06-22,3.2584855556488037,3.291432641567207,3.2178503869295247,3.2727623015300944,10330974
2010-06-23,3.3068079948425293,3.3496394910129257,3.2288330856055567,3.2595832185528906,22667238
2010-06-24,3.36611270904541,3.3814879304192145,3.279351252011034,3.307905997642992,23012088
2010-06-25,3.435302495956421,3.4594639656523576,3.324380184886152,3.3661132040749857,57915522
2010-06-28,3.359523057937622,3.459463409439918,3.3474426392416516,3.4155334430367557,20919972
2010-06-29,3.228832483291626,3.388077075044292,3.1640355412415118,3.3606214359934685,29705322
2010-06-30,3.226635694503784,3.2573867659170586,3.1310886203544377,3.2178500780838455,58399890
2010-07-01,3.203573226928711,3.2321279774402107,3.146464982744572,3.2321279774402107,22043754
2010-07-02,3.0794715881347656,3.204671259743254,2.970745615408124,3.170625384967013,52938780
2010-07-05,3.094846725463867,3.167330817397251,3.031149193444241,3.0959452025579344,18745746
2010-07-06,3.129990816116333,3.1497593174177427,3.0443278341596707,3.1190082455689563,43315962
2010-07-07,3.183804512023926,3.233225298042295,3.1168121772567474,3.1244993174341276,31148502
2010-07-08,3.207965612411499,3.2486007764952576,3.184902623478595,3.204671124142269,17062878
2010-07-09,3.2332255840301514,3.273860756373258,3.151955867763384,3.1849032708297162,29229306
2010-07-12,3.1783130168914795,3.2551903797842865,3.1563485049359037,3.2310289138977,30895974
2010-07-13,3.1870994567871094,3.2068676463907604,3.080570425620077,3.16733095297375,29646492
2010-07-14,3.1354823112487793,3.189296379072658,3.1277942281771334,3.1530541748133833,21203298
2010-07-15,3.0794715881347656,3.1618397683343233,3.075078308503913,3.108025706267605,10041762
2010-07-16,3.104731559753418,3.1157141327320863,3.0673918170971075,3.079472238900983,16045998
2010-07-19,3.1860013008117676,3.196983243276179,3.054212335464615,3.097043513545181,20637324
2010-07-20,3.2804503440856934,3.3057096635224283,3.173920680423167,3.1860017299694166,33317634
2010-07-21,3.301316738128662,3.357326810317484,3.2639760615834517,3.2727619922259725,43936332
2010-07-22,3.4034531116485596,3.4100427167514553,3.2947271411281056,3.295824989699034,37597560
2010-07-23,3.5044913291931152,3.5681894838835184,3.4056494516968803,3.4078457772674113,45369678
2010-07-26,3.4715445041656494,3.5099827216629733,3.4254182032752545,3.4946074975059873,34897512
2010-07-27,3.5462241172790527,3.6593430464151453,3.42871222307175,3.4726421879935057,42644496
2010-07-28,3.6000380516052246,3.6373784105348554,3.504490986030499,3.5495184837042584,31199268
2010-07-29,3.6022348403930664,3.6263963076694044,3.5033929598593665,3.5802700129644305,30218544
2010-07-30,3.5374386310577393,3.5857612529051734,3.501196743224585,3.569287553268399,26360334
2010-08-02,3.609922409057617,3.6406734799680494,3.5198664644719524,3.5308490346842007,43365300
2010-08-03,3.5132765769958496,3.6241994903282384,3.5044909614260353,3.6099221187794104,31444230
2010-08-04,3.4957058429718018,3.5143758695338834,3.438596971941247,3.488018074078107,27449406
2010-08-05,3.646164655685425,3.6747187754942248,3.457266817277775,3.491312694052311,72931530
2010-08-06,3.7417118549346924,3.7559892294959027,3.597842460098463,3.6483610956747614,53679720
2010-08-09,3.6209053993225098,3.7450066032806153,3.618708445131674,3.732926183118278,58541448
2010-08-10,3.5132765769958496,3.6241994903282384,3.440792499210587,3.6187077343492247,61144482
2010-08-11,3.5462241172790527,3.626395965485887,3.4814278039262807,3.500097826926515,23813286
2010-08-12,3.514375686645508,3.5912527431623538,3.459463772741781,3.514375686645508,49304898
2010-08-13,3.5451266765594482,3.549519013716604,3.479232192911624,3.511080800579302,26604282
2010-08-16,3.6725220680236816,3.6933890455921574,3.5572068094880738,3.5637961002168463,39815580
2010-08-17,3.737319231033325,3.7614807023399055,3.6582455248907078,3.6582455248907078,79325262
2010-08-18,3.6878974437713623,3.770265623696163,3.6659329309483977,3.7318274120463037,47991150
2010-08-19,3.6703269481658936,3.753792679244122,3.634084740621436,3.6878981849038355,26624556
2010-08-20,3.6000380516052246,3.7230413835907155,3.5890551679893545,3.6703258045439204,21101016
2010-08-23,3.5572071075439453,3.6340841624822633,3.5473230135177767,3.5824664240319675,11066052
2010-08-24,3.5440282821655273,3.592350590424605,3.523161302428265,3.5550108534678198,34327152
2010-08-25,3.6143157482147217,3.6274946441613256,3.5253579649179003,3.5308490930099024,29260380
2010-08-26,3.509982109069824,3.613217265124992,3.4484809089658963,3.6088239856072146,36622458
2010-08-27,3.580270528793335,3.632986122217081,3.4660537239182725,3.5033934646121767,34297104
2010-08-30,3.864715576171875,3.9382975248760244,3.684603646510245,3.684603646510245,126662412
2010-08-31,4.097543239593506,4.145865873474042,3.8251793031759376,3.8251793031759376,120882390
2010-09-01,4.070086479187012,4.1623390834989324,3.9426907737318047,4.063497186998861,78436500
2010-09-02,4.100837707519531,4.150258814691254,4.015174706456336,4.052515391804061,51517128
2010-09-03,4.1579461097717285,4.184303904904219,4.036041228731532,4.096444273586213,55370544
2010-09-06,4.210661888122559,4.299619686325644,4.1195074497887925,4.157946295502827,35673600
2010-09-07,4.121703147888184,4.206267640055761,4.052513875110337,4.206267640055761,32312454
2010-09-08,4.099738121032715,4.129390714470885,3.9767354105310795,4.118408772864715,19905390
2010-09-09,4.109623908996582,4.155749901655075,4.039336756900249,4.1129183983223605,31469784
2010-09-10,4.267769813537598,4.349040150732049,4.1271949103939685,4.1271949103939685,40032390
2010-09-13,4.278752326965332,4.33256639200299,4.2227419362006655,4.237019310264975,23323530
2010-09-14,4.47973108291626,4.489615177513317,4.252394707716033,4.280948828598577,35968650
2010-09-15,4.341352462768555,4.522562537873883,4.294127687604817,4.458864062389716,21023106
2010-09-16,4.217251777648926,4.406149016351334,4.173321799971246,4.338058195080894,21508056
2010-09-17,4.457765579223633,4.575277476328939,4.21175890074967,4.21175890074967,35843334
2010-09-20,4.459961891174316,4.6345823350838335,4.379790041233627,4.458863414225522,36124194
2010-09-21,4.366611480712891,4.568688208070507,4.316092848740423,4.39406775076525,36333840
2010-09-27,4.48082971572876,4.514874652337394,4.283145931660542,4.381987823694651,33179298
2010-09-28,4.632386684417725,4.643368626873661,4.420425548781031,4.469846332195653,31964808
2010-09-29,4.53244686126709,4.688397312317755,4.524758777958321,4.6126187269106005,19004742
2010-09-30,4.604930877685547,4.645566048382222,4.394068197866013,4.492910088850473,28951110
2010-10-08,4.790534019470215,4.870705256884673,4.612618737863855,4.612618737863855,28545714
2010-10-11,4.491811275482178,4.854231096350874,4.312798162068205,4.700477613812259,65147760
2010-10-12,4.302914142608643,4.4489798592910015,4.221643491679218,4.4489798592910015,87777390
2010-10-13,4.354532241821289,4.447883019730813,4.2249392530271175,4.302915118821511,58386372
2010-10-14,4.207367420196533,4.233725216637678,4.1821071583019025,4.21395671220196,60459204
2010-10-15,4.065693378448486,4.265573145722536,4.019567084948525,4.184303443464527,66268476
2010-10-18,4.119507789611816,4.12829403664961,3.893269862184643,4.008585466210113,103222908
2010-10-19,4.2501983642578125,4.267769913352035,4.064595322452842,4.1206057152865245,40541016
2010-10-20,4.322682857513428,4.412738193965228,4.195286208351264,4.196384685566688,71761170
2010-10-21,4.237020015716553,4.4259175707067815,4.217251824043377,4.33805824280435,60288108
2010-10-22,4.286440849304199,4.380889463656726,4.140374176136809,4.2282334984227505,33012120
2010-10-25,4.2622785568237305,4.371004847967988,4.156847382634976,4.288636664580603,75889866
2010-10-26,4.0920515060424805,4.261180529580919,4.052514814463531,4.260082680910288,106349406
2010-10-27,4.150258541107178,4.228233453143646,3.9997995318561603,4.0634970685167655,34043544
2010-10-28,4.17332124710083,4.261180562397345,4.140373846759789,4.15684754693031,43202112
2010-10-29,4.42811393737793,4.506089164625365,4.140374184963469,4.156847886479634,105748338
2010-11-01,4.458863735198975,4.535741102456297,4.335861015900158,4.412737440528452,84079002
2010-11-02,4.3490400314331055,4.446783437541527,4.293029641445819,4.436899343487796,57001080
2010-11-03,4.248002052307129,4.391872411832317,4.2370201073963125,4.346843955440956,24569268
2010-11-04,4.2688679695129395,4.305109855451047,4.172222416661872,4.250197945145996,59349390
2010-11-05,4.283144950866699,4.392968761429914,4.185400929951986,4.185400929951986,63509580
2010-11-08,4.389675140380859,4.423721020984126,4.283146103446642,4.283146103446642,58543308
2010-11-09,4.604930877685547,4.665334238053289,4.36002231898979,4.403952292701547,86153262
2010-11-10,4.732326030731201,4.903651997257196,4.557705575779456,4.6104211611075545,71038158
2010-11-11,4.705968379974365,4.8926702024988415,4.668628643888836,4.6894946805101565,61472622
2010-11-12,4.552214622497559,4.69498647622997,4.453373053313097,4.69498647622997,49767270
2010-11-15,4.766371250152588,4.843248291954464,4.539034926929242,4.539034926929242,44801076
2010-11-16,4.6115193367004395,4.84324864148731,4.450077788633115,4.775157210241372,41672142
2010-11-17,4.392969608306885,4.667530444483341,4.324878794925984,4.502794068461348,40745340
2010-11-18,4.364414691925049,4.474239132060825,4.283144995844533,4.437997249057613,15404610
2010-11-19,4.468748092651367,4.483025466968982,4.338057597494727,4.371004997661905,22730910
2010-11-22,4.587358474731445,4.729031541126104,4.403952076751404,4.4368994768672,32393808
2010-11-23,4.5005974769592285,4.664235366204306,4.448979738650262,4.585161985792092,25012938
2010-11-24,4.736720085144043,4.753193786806004,4.4215246844292615,4.490713980041721,27867486
2010-11-25,4.7466044425964355,4.797124027570278,4.656548474185983,4.69718364909093,28924110
2010-11-26,4.722442150115967,4.788336634749316,4.675218005119332,4.749898421037128,28171524
2010-11-29,4.962957859039307,4.972842268908125,4.711460930197336,4.732326970332389,52113696
2010-11-30,5.049719333648682,5.062898232589806,4.799319939557582,4.953073760537367,62166054
2010-12-01,4.932206630706787,5.040932601501895,4.859722545440159,4.958564422765622,24204786
2010-12-02,4.6082258224487305,4.995905341570264,4.557706551917927,4.984923396922716,104067822
2010-12-03,4.469846725463867,4.6455659896707004,4.451177013173586,4.612618588355707,54240900
2010-12-06,4.384183883666992,4.521463984189624,4.228233128923188,4.46984655830498,85790808
2010-12-07,4.342451095581055,4.399559024671749,4.262278916901783,4.32707524339838,51478680
2010-12-08,4.4401936531066895,4.4632566414072095,4.316092467164752,4.343548106370466,43254564
2010-12-09,4.284244060516357,4.420426329532665,4.280949257250862,4.420426329532665,22096506
2010-12-10,4.4226226806640625,4.447882629703033,4.229332163067666,4.229332163067666,26836788
2010-12-13,4.504990100860596,4.582965632164874,4.412737510065804,4.4237203952595054,47780760
2010-12-14,4.443488597869873,4.524758303740419,4.380888917103415,4.524758303740419,51591960
2010-12-15,4.425917148590088,4.508285339195283,4.3874786177463685,4.495106127057129,30536580
2010-12-16,4.313896179199219,4.425916964024447,4.283145732858225,4.425916964024447,41560392
2010-12-17,4.33256721496582,4.336959867254213,4.272163847063944,4.316093826255103,34760574
2010-12-20,4.1821064949035645,4.36880830893654,4.146963086099811,4.357825738390011,49690548
2010-12-21,4.123899936676025,4.249099287956625,4.116211854802569,4.246903276667856,62087910
2010-12-22,4.167830467224121,4.206268999435426,4.129391620803094,4.129391620803094,43555632
2010-12-23,4.184303283691406,4.215053725904316,4.148061399317224,4.17222223662047,31195956
2010-12-24,4.130489349365234,4.204071911509373,4.10742635990238,4.162338269500574,27920286
2010-12-27,4.009682655334473,4.206267917760255,3.9284123314690076,4.133783838109945,49934466
2010-12-28,4.072282791137695,4.118409086016564,3.830669374302143,3.9547705711893775,72833370
2010-12-29,4.172223091125488,4.187598943800355,4.020665603469239,4.062399252761739,63792768
2010-12-30,4.177714824676514,4.200777818032326,4.138178129976669,4.171125218455013,40737492
2010-12-31,4.20187520980835,4.233724760275275,4.151356576722913,4.195285604303512,59678508
2011-01-04,4.299618721008301,4.316092418555848,4.195285093734069,4.213955745128771,54465864
2011-01-05,4.2732625007629395,4.374300420181677,4.217252097046874,4.269967697200874,41731818
2011-01-06,4.050318241119385,4.302914579926464,4.040434145847707,4.29412801921892,56374302
2011-01-07,4.032746315002441,4.140373818398586,4.003093717740561,4.063496760935887,32550522
2011-01-10,3.930610418319702,4.077774631228685,3.8877789186438356,4.039336412031621,48346530
2011-01-11,3.917431354522705,3.9745392851959465,3.885581800546317,3.919627366250152,31864206
2011-01-12,3.8438479900360107,3.933903933359651,3.8054097803559537,3.931707293664121,54406836
2011-01-13,3.904252290725708,3.9317079348247344,3.8383574880492204,3.8383574880492204,33481206
2011-01-14,3.8460445404052734,3.9229215926798013,3.758185231639912,3.904251882329253,29396454
2011-01-17,3.8130974769592285,3.84165222612701,3.7757577387734003,3.80541033663495,31816686
2011-01-18,3.8735005855560303,3.927314644713179,3.777953514258883,3.7889360843228754,36070158
2011-01-19,3.917431354522705,3.988816660626406,3.849339908905315,3.8713050535352957,30760974
2011-01-20,3.832864761352539,3.9371980592447446,3.7669702949545147,3.9317066180543754,30770664
2011-01-21,3.7680697441101074,3.8965642331176915,3.712059664204436,3.8273749412227938,41197242
2011-01-24,3.817490816116333,3.8218840962176492,3.6252981655962393,3.734024149966027,44004486
2011-01-25,3.838357448577881,3.9009574476348625,3.764775191994224,3.7889366612884348,21450456
2011-01-26,3.864715576171875,3.895466025575884,3.7977226054989317,3.832866335343205,23852076
2011-01-27,3.830669641494751,3.876795939590971,3.8021155208430386,3.8438485389208568,30167814
2011-01-28,3.8603227138519287,3.8735016128982753,3.821884493957388,3.8306701124452145,29712648
2011-01-31,3.9141359329223633,3.952574144426789,3.8218836597343353,3.8218836597343353,20819550
2011-02-01,3.876796007156372,3.970146767875494,3.8526342234728674,3.930610074908125,17710242
2011-02-09,3.94378924369812,3.9877182771514486,3.8493399993570496,3.8702066672990525,26096934
2011-02-10,4.101935386657715,4.1173106088102385,3.944886477195417,3.9459849542282006,57747084
2011-02-11,4.093149185180664,4.156847342746643,4.0547109722837895,4.094247662225186,32483262
2011-02-14,4.0920515060424805,4.149159746335714,4.052514814463531,4.081068934610148,44361000
2011-02-15,4.133784770965576,4.188696688786982,4.094248077018667,4.107426975000971,36301884
2011-02-16,4.122802257537842,4.167830395275356,4.096444461198197,4.118409605690951,23406540
2011-02-17,3.9910123348236084,4.15135635623133,3.9536726005213927,4.144766751076487,51937590
2011-02-18,3.9350028038024902,4.02615756196102,3.922922382073613,3.9888168769073173,51720072
2011-02-21,4.009682655334473,4.129390558897546,3.920724878371414,3.931707133773486,57398958
2011-02-22,3.9525749683380127,4.038237968402403,3.9492801650563663,4.008585367287058,41664792
2011-02-23,4.065693378448486,4.077773797561387,3.965753023496959,3.975637117029212,46687500
2011-02-24,4.127194881439209,4.283145634834624,4.085461864466073,4.085461864466073,93982560
2011-02-25,4.160141944885254,4.197482307356654,4.127194547751097,4.162338270449043,25818102
2011-02-28,4.212856769561768,4.260081531186917,4.074478229276605,4.145863824587086,31193034
2011-03-01,4.1491594314575195,4.23372456522851,4.119506836471208,4.220545669035668,26722404
2011-03-02,4.159043788909912,4.186500060044146,4.081068883812595,4.140373763337998,29763864
2011-03-03,4.093149185180664,4.206268440830648,4.0810687655780535,4.196384032688039,39502236
2011-03-04,4.133784770965576,4.1700266618644815,4.096444402910862,4.11840954709108,27860868
2011-03-07,4.067890167236328,4.19528586329107,4.0250586714398215,4.13268617817907,54888492
2011-03-08,4.033843517303467,4.070085400255315,3.9976016343516187,4.068987865969309,38655606
2011-03-09,4.004191875457764,4.073381169672319,3.981128882122818,4.042631035575256,30276258
2011-03-10,4.062398433685303,4.132685562951041,3.9855213852792604,3.9965039554271193,42544740
2011-03-11,4.044826984405518,4.140374073577148,4.0305496092304205,4.052515067677251,32698518
2011-03-14,4.184303283691406,4.188695934684974,4.0415317574818035,4.0415317574818035,51596328
2011-03-15,4.172223091125488,4.216153066364597,4.063497101525322,4.18430414067072,36075324
2011-03-16,4.181008338928223,4.228232477598276,4.124998270150767,4.211758780094486,37235112
2011-03-17,4.220545768737793,4.313895892880214,4.1304895046448005,4.200777266876703,89482692
2011-03-18,4.10632848739624,4.206268856269872,4.085462134634642,4.185401875088849,43723662
2011-03-21,4.029451370239258,4.1568473720599055,3.9778336319118917,4.1173106818397045,36162372
2011-03-22,4.021764278411865,4.068989059102762,3.9778343010126167,4.0085853794550115,32490396
2011-03-23,4.008584499359131,4.052514467113434,3.9855215098006145,4.0118793019273955,34862796
2011-03-24,3.987717390060425,4.031647356370455,3.9591635875096665,4.031647356370455,29261652
2011-03-25,3.9591634273529053,4.003093077676229,3.937198602191243,3.9965037872325526,48616692
2011-03-28,3.78234601020813,3.981127581555937,3.7746582435380382,3.9646538856084876,98540076
2011-03-29,3.730729341506958,3.808705192940179,3.680210705142308,3.7889366893521585,64399914
2011-03-30,3.685701370239258,3.7614802643416465,3.667031658746778,3.7384172729325114,48760224
2011-03-31,3.7944273948669434,3.83286560641672,3.6736206893971595,3.691192236767846,43259784
2011-04-01,3.734023332595825,3.8328652006256294,3.7219429146955547,3.7812480983553645,27903966
2011-04-06,3.7801504135131836,3.885581593923958,3.724140020367534,3.8438485754495444,68350962
2011-04-07,3.8152942657470703,3.8284731626463295,3.6450661404931703,3.7713642952065176,85214298
2011-04-08,3.908644914627075,3.9284134197205858,3.772463276026129,3.814196298008407,67540584
2011-04-11,3.9075469970703125,3.9317081537486116,3.877894711266453,3.9317081537486116,33268938
2011-04-12,3.933903932571411,3.989914317175522,3.887777955280723,3.8932687689943113,48875088
2011-04-13,4.006388187408447,4.029451177045378,3.9196267286007203,3.9371989042879867,43993974
2011-04-14,3.941591262817383,4.030548726390957,3.9317071700224626,4.030548726390957,31315386
2011-04-15,3.9602627754211426,3.9778340109963906,3.9371994682708475,3.9415921200598034,25863210
2011-04-18,3.8218843936920166,3.969048605410567,3.8087054949914125,3.95367338069806,45921222
2011-04-19,3.832864761352539,3.8515350958225127,3.7889354312967902,3.820784344836768,24703380
2011-04-20,3.882286310195923,3.9207251493891593,3.8109007025190467,3.848241378938095,19576428
2011-04-21,3.869107246398926,3.9371986770084617,3.8438479326402533,3.8658124440096553,18062292
2011-04-22,3.7779533863067627,3.8767952566964863,3.7669708166147293,3.865812372794809,17279358
2011-04-25,3.8504371643066406,3.902054582180202,3.7175497359289986,3.7746585957705547,38822280
2011-04-26,3.864715576171875,3.9009577832310787,3.810901504190534,3.843848908024405,24500250
2011-04-27,3.824080228805542,3.885581753233399,3.788936814770768,3.884483904487903,11975442
2011-04-28,3.71755051612854,3.8405538775138472,3.7175505161285405,3.8405538775138472,30416664
2011-04-29,3.7362208366394043,3.806507971661525,3.684603098347695,3.720844985805423,23049366
2011-05-03,3.916332721710205,3.9371993883326466,3.7417119340463683,3.810901225673055,66733356
2011-05-04,4.041532039642334,4.1941876696644655,3.8658127908261863,3.9174308425395195,148167366
2011-05-05,4.082167148590088,4.124998640259066,4.019567155300938,4.025058283558335,63456438
2011-05-06,4.104132175445557,4.185401889300729,4.036041359583903,4.049220257577422,78533622
2011-05-09,4.17332124710083,4.260082713718259,4.101935631974835,4.104131957752401,44691384
2011-05-10,4.142570495605469,4.200777846395816,4.1074270809558175,4.1788127016489875,33314526
2011-05-11,4.145864009857178,4.199678063600474,4.118408372983453,4.149158811965874,18079578
2011-05-12,4.145864009857178,4.145864009857178,4.145864009857178,4.145864009857178,0
2011-05-13,4.145864009857178,4.145864009857178,4.145864009857178,4.145864009857178,0
2011-05-16,4.145864009857178,4.145864009857178,4.145864009857178,4.145864009857178,0
2011-05-17,4.145864009857178,4.145864009857178,4.145864009857178,4.145864009857178,0
2011-05-18,4.145864009857178,4.145864009857178,4.145864009857178,4.145864009857178,0
2011-05-19,3.870206356048584,4.162338741113519,3.7889366452246893,4.162338741113519,172952046
2011-05-20,3.8471434116363525,3.887778581761446,3.810901207399671,3.8438486086676167,48537978
2011-05-23,3.7252390384674072,3.885582158189003,3.7043720548853387,3.8284739080495975,66864042
2011-05-24,3.7329256534576416,3.7713638626815356,3.6362801064040022,3.7252378859290025,48296430
2011-05-25,3.7329256534576416,3.7329256534576416,3.7329256534576416,3.7329256534576416,0
2011-05-26,3.8273746967315674,3.8680098646132706,3.739515698023552,3.739515698023552,53489940
2011-05-27,3.71864914894104,3.8756977675149327,3.678013976355117,3.8295714657883826,46714914
2011-05-30,3.8076064586639404,3.8658128599490427,3.705469773074787,3.7120593785623317,41491716
2011-05-31,3.8284733295440674,3.871304824886271,3.810901152035996,3.838357424096976,23228964
2011-06-01,3.8394556045532227,3.8592241095769104,3.8109014813308972,3.8438488849671337,30923580
2011-06-02,3.8405532836914062,3.8745991574612235,3.799918119089438,3.8328655158791785,41510190
2011-06-03,3.9514760971069336,3.9734415548643347,3.8383574616735445,3.840553787502492,43203312
2011-06-07,3.94818115234375,3.9701466093121995,3.931707766589221,3.9514759551785326,26687040
2011-06-08,3.9800305366516113,3.995405758886147,3.915233902387859,3.964654685997717,30059646
2011-06-09,3.9185287952423096,4.003093940202405,3.894367953673134,4.003093940202405,29445360
2011-06-10,3.9723422527313232,4.007485658163536,3.9196263590589067,3.9196263590589067,33180090
2011-06-13,3.5758769512176514,4.371005009435796,3.5758769512176514,3.9075466511294144,139144344
2011-06-14,3.5758769512176514,3.5758769512176514,3.5758769512176514,3.5758769512176514,0
2011-06-15,3.558305501937866,3.586859620507848,3.3738006372139675,3.3935691390167584,364670145
2011-06-16,3.37599778175354,3.4748396863237647,3.362818882091494,3.4484818869996716,143030475
2011-06-17,3.3891756534576416,3.5011964237133197,3.375996757792836,3.3825863627300676,90145119
2011-06-20,3.382586717605591,3.4550704942616464,3.3298708152061547,3.3935692889166336,50865726
2011-06-21,3.424319267272949,3.4506773743998087,3.384782577897175,3.384782577897175,45209352
2011-06-22,3.5319478511810303,3.593449056285075,3.4045512184689164,3.4550704807243284,88407216
2011-06-23,3.5253586769104004,3.5407339015151673,3.437499038645638,3.531948283319392,44561745
2011-06-24,3.646164655685425,3.6681294840805365,3.4946071826543097,3.4946071826543097,62935023
2011-06-27,3.6220028400421143,3.679111702603084,3.602234653486876,3.650557585532259,52555446
2011-06-28,3.694486618041992,3.701075908278338,3.553911741430505,3.6241994939458824,41903148
2011-06-29,3.639575719833374,3.6922913131315944,3.637379393884142,3.6900949871823623,30520416
2011-06-30,3.6571478843688965,3.703273871222054,3.6154142351875387,3.635182425493258,39247797
2011-07-01,3.797722339630127,3.819687169245096,3.668129687796954,3.6944874833349175,64954701
2011-07-04,3.909743070602417,3.927315248247157,3.8043118899921966,3.8043118899921966,61693074
2011-07-05,3.916332721710205,3.925118339319452,3.8658131424366617,3.91413639586032,31874826
2011-07-06,3.8680105209350586,3.914136825148381,3.819687576421225,3.914136825148381,35430285
2011-07-07,3.8614208698272705,3.940494257526466,3.846045017571192,3.863617195714059,36851994
2011-07-08,3.909743070602417,3.947083437506722,3.857027480297307,3.857027480297307,35050482
2011-07-11,3.982227325439453,4.019567693854003,3.872402860318879,3.872402860318879,33177111
2011-07-12,3.99320912361145,4.034942135763397,3.9251176919306516,3.9690476579895426,37511421
2011-07-13,4.153552055358887,4.228232460978258,3.997601639460671,3.997601639460671,86292942
2011-07-14,4.0766754150390625,4.335861006351975,4.05690691330675,4.239215451741311,95507136
2011-07-15,4.1645355224609375,4.18430371078838,4.059104032612389,4.06349668405432,43275732
2011-07-18,4.206268310546875,4.241411719641024,4.120605327888978,4.173320912844708,63593568
2011-07-19,4.232626438140869,4.289735307240815,4.157946020207466,4.173321243265377,47021712
2011-07-20,4.2589850425720215,4.2919321349381345,4.217252017013644,4.254591761766133,35354328
2011-07-21,4.377594470977783,4.3819877511115815,4.234822607130273,4.2721632887996055,77736624
2011-07-22,4.368808746337891,4.42591698774266,4.3270750997666125,4.37100507214129,40239003
2011-07-25,4.252394199371338,4.425916486579256,4.201874941097253,4.3468427966264125,53078085
2011-07-26,4.215054035186768,4.252394399258873,4.072282812710886,4.239215502682191,59292021
2011-07-27,4.206268310546875,4.276555757154515,4.0854616045851575,4.171124587243055,37790580
2011-07-28,4.153552055358887,4.201874670759656,4.107426079581155,4.133783869799757,31045545
2011-07-29,4.131587982177734,4.206268395710392,4.085461687302724,4.1293910281122574,22862865
2011-08-01,4.190893650054932,4.195285987636898,4.0986410498159715,4.107426981818756,17150847
2011-08-02,4.131587982177734,4.15794577518926,4.019567204773908,4.14256992461802,34492386
2011-08-03,4.245805263519287,4.272163057637641,4.04372821352586,4.085461858861123,35020596
2011-08-04,4.351236820220947,4.357826426431207,4.232626736323739,4.272163430956141,44001222
2011-08-05,4.267769813537598,4.349040150732049,4.173321207592818,4.239215693441395,36181401
2011-08-08,4.219448089599609,4.403952675547628,4.173321786007736,4.311700382573618,78122646
2011-08-09,4.3490400314331055,4.362218928241309,4.043728136518842,4.129391122877008,65112264
2011-08-10,4.388577938079834,4.44348986622711,4.349041236698278,4.403953164845554,64552188
2011-08-11,4.568688869476318,4.60163627262505,4.329272371995728,4.346843608133012,77161365
2011-08-12,4.643368244171143,4.645565198058679,4.546723325166221,4.612617802357976,56282550
2011-08-15,4.606027603149414,4.715851403420481,4.559901632172335,4.654350213520913,50010438
2011-08-16,4.5247578620910645,4.665333374908822,4.500597025149557,4.584063048551488,34862790
2011-08-17,4.515972137451172,4.603831438087861,4.4764354521646625,4.546723206883657,33066771
2011-08-18,4.522562026977539,4.595045797463699,4.504989851533695,4.504989851533695,33240924
2011-08-19,4.498400688171387,4.575278059934135,4.392969510413846,4.458863996512309,37642866
2011-08-22,4.3490400314331055,4.5159727243370185,4.2633770450749395,4.498400547716395,50893341
2011-08-23,4.3402533531188965,4.351235923135168,4.221642979465638,4.342450307015666,41392080
2011-08-24,4.388577938079834,4.410542772180699,4.327076088387641,4.344647955668332,24272781
2011-08-25,4.412737846374512,4.4368996300646755,4.287538475714862,4.395166611248027,34171365
2011-08-26,4.366611480712891,4.40834512430796,4.3270747911839464,4.390772948085418,20040021
2011-08-29,4.373200416564941,4.4193267077060465,4.278751823024051,4.3270744396334875,24652275
2011-08-30,4.432506084442139,4.53354492219778,4.397362673665296,4.414934536158561,33302154
2011-08-31,4.379791259765625,4.458864654757076,4.318289730327829,4.432506856426593,19609059
2011-09-01,4.25678825378418,4.419327685967789,4.2392160750995025,4.3885772373463405,25760784
2011-09-02,4.252394199371338,4.2699663748572645,4.206268220625983,4.254590524926038,15090198
2011-09-05,4.153552055358887,4.261179855856332,4.151356044155136,4.195285066100183,20423961
2011-09-06,4.153552055358887,4.197482019932867,4.072282359289686,4.151356044155136,22038045
2011-09-07,4.230429172515869,4.230429172515869,4.140372923112427,4.175516641391062,15112074
2011-09-08,4.155749320983887,4.256788168100539,4.153552995073587,4.239215989769567,9682551
2011-09-09,3.9844229221343994,4.217250707873332,3.964654421483565,4.217250707873332,33174675
2011-09-13,4.063497066497803,4.116212659278658,3.9031539622275613,3.9536732290807395,20551899
2011-09-14,4.184303283691406,4.19089288860107,4.028352861872132,4.067889548701146,40371696
2011-09-15,4.206268310546875,4.228232823402092,4.09864050082409,4.182106529460992,22549563
2011-09-16,4.20187520980835,4.283145544722818,4.1733210905132125,4.234822294703484,16360491
2011-09-19,4.155749320983887,4.201875621407042,4.142570422892945,4.175517825225158,11744622
2011-09-20,4.171124458312988,4.21505379687523,4.13378409635204,4.140373387162994,10124979
2011-09-21,4.2348222732543945,4.287538174397039,4.0854617578206875,4.199678862842103,20334645
2011-09-22,4.1645355224609375,4.237019298607811,4.1315881229689495,4.173321139554488,12514317
2011-09-23,4.059103965759277,4.16233849976722,4.045925069021475,4.063496617128862,24673950
2011-09-26,3.999799966812134,4.1052311638912835,3.9602632679074525,4.052515565351708,21603375
2011-09-27,3.997602939605713,4.048122211059963,3.973442095361935,4.041532918467091,13135815
2011-09-28,3.9668521881103516,4.0503182304169965,3.9536732897130307,3.9997995912085162,14015034
2011-09-29,3.9536726474761963,4.008584558106918,3.9097426790780787,3.914135958706595,13391652
2011-09-30,4.019567966461182,4.037139517588907,3.9492801909015984,3.953673471445701,12544482
2011-10-10,3.988816261291504,4.04153216323227,3.975637364358734,3.975637364358734,18412827
2011-10-11,3.9800305366516113,4.089854360580328,3.887778260615359,4.0656935215044,19849401
2011-10-12,4.107426166534424,4.151356132038392,3.909742421500348,3.9448861425358013,32170284
2011-10-13,4.17332124710083,4.230430116253261,4.065693742967447,4.11181972639327,22057422
2011-10-14,4.17332124710083,4.250198305090129,4.151356732486398,4.17332124710083,25615584
2011-10-17,4.272162437438965,4.296323902311398,4.153552066915596,4.215053577596787,24053013
2011-10-18,4.223840236663818,4.307306266574594,4.208464386169221,4.265573251619206,13903440
2011-10-19,4.2436089515686035,4.278752362964234,4.2128578774542556,4.221643494645894,13697517
2011-10-20,4.210661888122559,4.243609290614749,4.151357003530219,4.175517845499687,17332053
2011-10-21,4.190893650054932,4.265573757868895,4.17991076373688,4.221643783645254,7765740
2011-10-24,4.294127464294434,4.349040005313345,4.19089324456471,4.2216433751798,25905426
2011-10-25,4.311699867248535,4.327075090468388,4.234822494310473,4.272163174985014,25630761
2011-10-26,4.4193267822265625,4.480828923731314,4.2787518951741355,4.2919307908353,34474278
2011-10-27,4.441292762756348,4.498401007215662,4.403952394214046,4.436899796704884,20196669
2011-10-28,4.4874186515808105,4.520366051047989,4.392969418827585,4.489614977300122,24608547
2011-10-31,4.606027603149414,4.935500260801061,4.557704678568304,4.634581715809585,108292650
2011-11-01,4.82128381729126,4.915733045664908,4.601635545060705,4.6060285105053165,73147686
2011-11-02,4.977234840393066,4.992610064175325,4.735621397957282,4.790533943868684,70972383
2011-11-03,4.8718037605285645,5.023361246736166,4.858624862345717,4.975038934275444,75258174
2011-11-04,4.880588531494141,4.981627361781762,4.8278729479106826,4.917929207846918,44457066
2011-11-07,4.8300700187683105,4.9970027041559115,4.805908551936323,4.8322663443659435,35606295
2011-11-08,4.814694404602051,4.887178494442255,4.7773546681438175,4.816891358726742,23672295
2011-11-09,4.957466125488281,4.961859405200349,4.805908658550962,4.816891229411778,40717956
2011-11-10,4.895965099334717,4.9574666225344615,4.884982527372765,4.931108826877428,26113641
2011-11-11,5.047522068023682,5.117809201749649,4.915733103144347,4.915733103144347,51489654
2011-11-14,5.104629993438721,5.163935181116525,5.054111364635488,5.0914510977558365,33695880
2011-11-15,5.065093517303467,5.185900537408192,4.994806384944283,5.106827160018231,34727616
2011-11-16,4.8564276695251465,5.027753629529396,4.746603223395877,5.025556675576512,84033273
2011-11-17,4.834462642669678,4.8871782272313045,4.768568161967645,4.843248887639618,28055955
2011-11-18,4.819087982177734,4.893768088127656,4.772961683209582,4.781747614993067,29855532
2011-11-21,4.8586249351501465,4.931109033346809,4.8015160612923395,4.805909341628837,47431203
2011-11-22,4.968449592590332,5.005789334781722,4.816892098314087,4.841052941621009,33450186
2011-11-23,5.027753829956055,5.051914668627025,4.87619636476047,4.9926094779214605,40598115
2011-11-24,5.054111957550049,5.1617394611482394,4.944287499765826,5.122202769461409,39770496
2011-11-25,5.0431294441223145,5.073880204677051,4.955270128251637,5.054112015710998,28147449
2011-11-28,4.9355010986328125,5.049718197081775,4.92012556289062,5.0431289061991675,33643863
2011-11-29,5.045324325561523,5.049717604580669,4.887177592418872,4.981626807137952,37306440
2011-11-30,4.8718037605285645,5.04093342518968,4.799319663418046,5.007986022627703,36262218
2011-12-01,4.902554035186768,5.0409326005750374,4.884981859607776,4.96405523576974,27477123
2011-12-02,4.87399959564209,4.970645153460473,4.83226657937045,4.83226657937045,17282145
2011-12-05,4.6785125732421875,4.966251651270773,4.6631367229510845,4.920125671445824,34105143
2011-12-06,4.625796794891357,4.6785123777512565,4.535740850400867,4.6785123777512565,39714225
2011-12-07,4.676315784454346,4.700477566442974,4.522562303465189,4.612618254900779,28540521
2011-12-08,4.726835250854492,4.772961231245147,4.623600090859591,4.654351163399594,19409262
2011-12-09,4.614813804626465,4.71804863543496,4.564294237669793,4.71804863543496,31020675
2011-12-12,4.660940170288086,4.674119065911731,4.568687900922568,4.603831622585623,12399912
2011-12-13,4.610421657562256,4.656547956796104,4.502794149699456,4.632387115566906,24850164
2011-12-14,4.48082971572876,4.579671293553156,4.4654538634251955,4.564295441249592,23724813
2011-12-15,4.504990100860596,4.524758288738279,4.366611528878089,4.450078188569537,25158636
2011-12-16,4.483025550842285,4.59065337063103,4.474239933404321,4.520366231659412,33470244
2011-12-19,4.5247578620910645,4.533544420785271,4.381986966438361,4.496203745802454,42101208
2011-12-20,4.564295291900635,4.658744843266817,4.485221906544605,4.502794084166759,27620973
2011-12-21,4.564295291900635,4.564295291900635,4.564295291900635,4.564295291900635,0
2011-12-22,4.559902667999268,4.590653112829513,4.392969347648861,4.43689931762987,27700887
2011-12-23,4.5928497314453125,4.634582747129892,4.50938307165679,4.557705692781383,13546227
2011-12-26,4.3468427658081055,4.634582463481369,4.219447086668083,4.5884564850630385,106473108
2011-12-27,4.212856769561768,4.338056416210706,4.13378340774442,4.2721619480295825,65154960
2011-12-28,4.27435827255249,4.3051090243657075,4.16233751955668,4.16233751955668,47740053
2011-12-29,4.375397682189941,4.436899198620161,4.250198009495015,4.2831454075446125,43889154
2011-12-30,4.4874186515808105,4.498400594387056,4.392969418827585,4.430309783943075,22945974
2012-01-04,4.333663463592529,4.524757592803687,4.278751559747247,4.522561581680133,30600027
2012-01-05,4.245805263519287,4.357826045627136,4.171124846850618,4.311699748815172,19674831
2012-01-06,4.318289279937744,4.329272166077894,4.173321404239981,4.250198465123952,21156573
2012-01-09,4.4215240478515625,4.4368992701019865,4.190893200417764,4.320485212240469,35660442
2012-01-10,4.5203657150268555,4.573081298887981,4.35123607882458,4.384183475842615,49055721
2012-01-11,4.526955604553223,4.645565998135562,4.480829619679829,4.502794134983573,62809302
2012-01-12,4.50279426574707,4.601636158532871,4.480829749805465,4.50279426574707,29071728
2012-01-13,4.441292762756348,4.546724262201199,4.381987878166443,4.496204681294788,33605772
2012-01-16,4.175516605377197,4.456666663390984,4.1689270011519755,4.4149336553998655,22346310
2012-01-17,4.364414691925049,4.384183191696575,4.114015370603823,4.186499450819893,39246774
2012-01-18,4.20407247543335,4.425917097566438,4.146963604192092,4.3688088547445965,24046203
2012-01-19,4.388577938079834,4.39516754541498,4.212858951063144,4.241413078289382,40076697
2012-01-20,4.511579513549805,4.54233058744911,4.395166394610796,4.414934583020704,22994037
2012-01-30,4.465452671051025,4.608224184930554,4.373200095540812,4.515971923629969,18630918
2012-01-31,4.489615440368652,4.533545415592485,4.458864363449053,4.496204732415909,15206655
2012-02-01,4.5247578620910645,4.625796688671756,4.461060338912492,4.502793350613457,30762963
2012-02-02,4.595046043395996,4.643368664376275,4.5357411656614035,4.562098958923373,25860300
2012-02-03,4.590653419494629,4.619208168968032,4.4566678033367255,4.590653419494629,29631195
2012-02-06,4.735620975494385,4.737817929596835,4.546723769942429,4.553313061201366,43354422
2012-02-07,4.722442150115967,4.759782515179708,4.632386825764921,4.696084356262627,36612903
2012-02-08,4.788336277008057,4.8322662443579265,4.680708783919385,4.722441797297748,29338449
2012-02-09,4.682906627655029,4.832267810963814,4.65435250096157,4.786141503107764,33714078
2012-02-10,4.779551029205322,4.836659896901689,4.654351350995069,4.658744630857578,31210170
2012-02-13,4.8564276695251465,4.920125508933689,4.702673256418373,4.702673256418373,45030246
2012-02-14,4.852035045623779,4.909143598239971,4.799319144383765,4.843249114452058,20505789
2012-02-15,4.876196384429932,4.95966241414315,4.8190875191151195,4.8190875191151195,18236592
2012-02-16,4.783944606781006,4.893768126516672,4.722442455394744,4.854231433180843,25971633
2012-02-17,4.702673435211182,4.830070061500793,4.691691492916187,4.814694211132975,32033232
2012-02-20,4.720246315002441,4.79053408679312,4.713657022959087,4.761979335836275,20809194
2012-02-21,4.847641944885254,4.849838899073859,4.713656646672333,4.764175909880601,17012109
2012-02-22,4.906946659088135,4.933304766893319,4.814694381503885,4.843249129213537,30334653
2012-02-23,4.898160934448242,4.997002815363876,4.8718031414320295,4.891571643299027,30187416
2012-02-24,4.939894199371338,4.953073096545746,4.865214096259388,4.909143753507414,30144168
2012-02-27,5.051915168762207,5.16173963014205,4.922322832206297,4.953073279204231,60806472
2012-02-28,5.095844745635986,5.174918125450499,5.018967377279579,5.062897346941766,44961846
2012-02-29,5.049719333648682,5.166133412276551,5.0365404347075575,5.091452356524042,43784487
2012-03-01,4.975038528442383,5.1617394136979495,4.917929660098918,5.0475223054304035,44778462
2012-03-02,5.067290306091309,5.087058492689372,4.972841081529662,4.972841081529662,30205686
2012-03-05,5.027753829956055,5.1375776520440235,5.018967270632896,5.089255032073061,24514149
2012-03-06,5.027753829956055,5.091451357694177,4.990413152300345,5.027753829956055,28482456
2012-03-07,5.196883201599121,5.232027558185334,5.007985976912375,5.023361200880485,53789388
2012-03-08,5.262777328491211,5.335261415607075,5.188096915752577,5.227633604849501,45486705
2012-03-09,5.311100482940674,5.333064995618417,5.196882440497124,5.275956131501477,35270085
2012-03-12,5.225437641143799,5.289135173341618,5.124399114466216,5.286938847566729,52669341
2012-03-13,5.348440647125244,5.3704057912778085,5.179311927879854,5.225437913654987,39507852
2012-03-14,5.199079990386963,5.392370803359665,5.133185502172304,5.359423402147484,64101744
2012-03-15,5.071682929992676,5.229830002776484,5.040932799800396,5.196882604302034,51294783
2012-03-16,5.289135456085205,5.3198865322550875,5.073880436573728,5.073880436573728,59948679
2012-03-19,5.253991603851318,5.304511179884176,5.183703839598742,5.304511179884176,33505242
2012-03-20,5.056308269500732,5.227633933008863,5.049718663799419,5.196882858682325,37182732
2012-03-21,5.056308269500732,5.056308269500732,5.056308269500732,5.056308269500732,0
2012-03-22,4.959663391113281,5.007986335007647,4.76197959183006,5.007986335007647,137049117
2012-03-23,4.961859703063965,4.997003114983095,4.847641964725886,4.898161228140923,66108345
2012-03-26,5.036539554595947,5.05411173098986,4.944287278128728,4.96185945452264,38332845
2012-03-27,4.975038528442383,5.045325351264566,4.96405564287135,5.045325351264566,21864888
2012-03-28,4.8718037605285645,5.0167719547496015,4.83666034625069,4.964056047808495,31440342
2012-03-29,4.832265853881836,4.939893338273561,4.781746599748026,4.852034353302347,30425157
2012-03-30,4.841052532196045,4.871803607868809,4.821284342646076,4.8630179902319295,19556325
2012-04-05,5.010181903839111,5.056308200489669,4.801515563151114,4.854231151203358,38251263
2012-04-06,5.032145977020264,5.062897048232395,4.964055172191055,5.005788185303861,19539798
2012-04-09,5.060701370239258,5.087059165328288,4.942091292338624,5.032146620911589,19030689
2012-04-10,5.056308269500732,5.078272783945927,4.898161188975842,5.029950475114867,25752204
2012-04-11,5.054111957550049,5.139774946643029,4.988217471405332,5.0079856601439,29027058
2012-04-12,5.125171184539795,5.131832853811049,5.05189091658987,5.05189091658987,14884491
2012-04-13,5.169583320617676,5.185127108587644,5.107405627449817,5.140714924412028,23639889
2012-04-16,5.145156383514404,5.213995113376311,5.122950608048832,5.169583562445167,24975351
2012-04-17,5.062994003295898,5.142935938638752,4.996375723843521,5.1140675410512015,20129490
2012-04-18,5.094081878662109,5.118508738340683,4.960845010920693,5.089640977987087,28638786
2012-04-19,4.905330181121826,5.074096157577114,4.8586972304960465,5.074096157577114,78719571
2012-04-20,4.951962947845459,4.983051794209721,4.874241467256798,4.927536087890967,43184631
2012-04-23,4.969728946685791,5.051891341351913,4.925316437945476,4.951963752593037,24267183
2012-04-24,4.9275360107421875,5.018581145063927,4.774313819987403,5.000816271797343,58029636
2012-04-25,4.925315856933594,4.929757393178625,4.83205026666915,4.909771750720025,23881971
2012-04-26,4.865359306335449,4.949742778118164,4.820947119955607,4.931977903566227,35769651
2012-04-27,4.892005920410156,4.963065726143565,4.860917394378463,4.865358612382991,38567373
2012-05-02,4.943080902099609,4.974169113603292,4.880903208448242,4.951963021342804,42357219
2012-05-03,5.047449111938477,5.129612130651739,4.9208742259014855,4.94308095371586,68602935
2012-05-04,5.200671195983887,5.218436387252843,5.01858124150231,5.040787333512259,58628568
2012-05-07,5.218436241149902,5.229539445674514,5.147376431046564,5.156259185262846,65401323
2012-05-08,5.180685520172119,5.2317596871569245,5.111846798446787,5.213994497094447,38620416
2012-05-09,5.107406139373779,5.140715439674638,5.031905418707667,5.140715439674638,30453639
2012-05-10,5.085200786590576,5.136274966599498,5.04300936270852,5.107406565094038,29382630
2012-05-11,5.043009281158447,5.122951226057979,5.040788195086328,5.0896419235193155,23854173
2012-05-14,4.967507839202881,5.060773440066853,4.951963731222741,5.054111770264235,27305454
2012-05-15,5.016361236572266,5.0407874619139115,4.911992124975466,4.923095330093766,26648658
2012-05-16,4.967507839202881,5.049670868836522,4.943081610706266,4.987493483932826,25263852
2012-05-17,5.043009281158447,5.071877046874975,4.954184262614642,4.963067018597863,23124063
2012-05-18,4.98527193069458,5.074095975164748,4.9741687265977,5.034125012205734,20861607
2012-05-21,5.0963029861450195,5.10740555554111,4.954183363461997,4.963066117833056,24716673
2012-05-22,5.142935276031494,5.167361816519784,5.085199441278022,5.107405213906847,28568040
2012-05-23,5.15403938293457,5.189569453473512,5.067435451464182,5.1296128366615426,32739702
2012-05-24,5.094081878662109,5.2117743233969795,5.06965565430552,5.154038485028796,28065603
2012-05-25,5.018581390380859,5.151818264054081,4.99859606580953,5.102964860182936,20479824
2012-05-28,5.0496697425842285,5.06743429731611,4.954183076981159,4.985271921329634,19113273
2012-05-29,5.1273908615112305,5.1340528478511525,4.996375396984019,5.025243157361032,36780237
2012-05-30,5.031905174255371,5.107405891253623,4.9919342064327665,5.107405891253623,25379943
2012-05-31,4.989713191986084,5.0674343506930075,4.974168769648112,4.991933642228092,28274223
2012-06-01,4.971948623657227,5.016361125485914,4.8786827192440825,4.991933947702187,64314918
2012-06-04,4.923095226287842,4.991933952990181,4.885344710874818,4.907550485321186,33225690
2012-06-05,5.038567066192627,5.08520001993819,4.907550642082616,4.9408599401381625,38049093
2012-06-06,5.00969934463501,5.062993967823519,4.951963185186448,5.040787557167295,14709822
2012-06-07,5.011919975280762,5.0740967202415765,4.974169457001278,5.009699524731922,16105833
2012-06-08,5.0052571296691895,5.078537385447196,4.976389371520346,5.056331613124066,12830490
2012-06-11,5.078537940979004,5.10518525187482,5.027463769598186,5.040787425046094,19458645
2012-06-12,5.06077241897583,5.087419728131877,4.991933695819867,5.05411075051731,14701443
2012-06-13,5.3361287117004395,5.376099356363771,5.043008003661249,5.06965531187745,74411898
2012-06-14,5.39164400100708,5.442718169361428,5.305040086897008,5.329466945934561,59938503
2012-06-15,4.8520355224609375,4.8520355224609375,4.8520355224609375,4.8520355224609375,26459400
2012-06-18,4.623312473297119,4.72990170732694,4.376824710772672,4.376824710772672,391903896
2012-06-19,4.696593284606934,4.749887907909313,4.554473653811895,4.5633564086899705,172581915
2012-06-20,4.6521806716918945,4.701033757578338,4.598886049640133,4.687710102065398,69577617
2012-06-21,4.641077995300293,4.6566224206666735,4.59222458618759,4.652181201656427,37042362
2012-06-25,4.59222412109375,4.752108306930797,4.570018345952532,4.623312968677877,68302983
2012-06-26,4.59666633605957,4.632195772128407,4.55225382623615,4.6122104444858705,42014907
2012-06-27,4.636636257171631,4.641077157719381,4.445663556535103,4.598885743566903,55691418
2012-06-28,4.585562705993652,4.674386764459886,4.570018599001894,4.632195344629951,52945404
2012-06-29,4.570018291473389,4.612209708464153,4.436781418587331,4.570018291473389,80109174
2012-07-02,4.534488201141357,4.5900039125644465,4.4412226064563525,4.5900039125644465,110514873
2012-07-03,4.476752758026123,4.5633566849662,4.467870002610265,4.505620521898795,88360428
2012-07-04,4.578901290893555,4.601107070038016,4.463429587504814,4.487856135160361,70975113
2012-07-05,4.543371200561523,4.618871601186156,4.505620364927166,4.561135440130225,40655067
2012-07-06,4.723240852355957,4.814285362275844,4.5300476735792365,4.556694986675265,92375211
2012-07-09,4.805402755737305,4.903109878191863,4.665504217316025,4.696593063774973,77502150
2012-07-10,4.818726062774658,4.9475210693994995,4.780975232613217,4.809843626617016,54362193
2012-07-11,4.769874095916748,4.892007470920663,4.741005693246092,4.807624302089589,59742729
2012-07-12,4.8542561531066895,4.92309551922718,4.718799142022138,4.7698733157386535,55423338
2012-07-13,4.83427095413208,4.885345129182753,4.7410050416342395,4.840932623504196,34687833
2012-07-16,4.350177764892578,4.83427057646494,4.350177764892578,4.783196723065329,172028364
2012-07-17,4.307985305786133,4.38792723041436,4.15254267456458,4.305764855599167,111752898
2012-07-18,4.385706901550293,4.392368569956443,4.279117665764051,4.307985424959002,42719793
2012-07-19,4.347956657409668,4.383486722531159,4.263573824851999,4.383486722531159,65695668
2012-07-20,4.307985305786133,4.354617936322113,4.2702351113199555,4.330191713621612,38954529
2012-07-23,4.25247049331665,4.3035446626008005,4.196955423393173,4.285779471738539,44194617
2012-07-24,4.3346333503723145,4.3834870747165775,4.230264867652274,4.2413674381341995,36683727
2012-07-25,4.307985305786133,4.341294282217409,4.285779215611625,4.327970628112705,21933009
2012-07-26,4.248028755187988,4.339073884842081,4.21916099644026,4.307985358219387,30531792
2012-07-27,4.281338214874268,4.3257507184336506,4.241367247565732,4.252470770531841,19139778
2012-07-30,4.301323890686035,4.3146475465587795,4.261352923067801,4.285779784331673,17974050
2012-07-31,4.174749374389648,4.299103824649955,4.174749374389648,4.285780167585749,33399279
2012-08-01,4.230264663696289,4.25691197514784,4.170308371760806,4.174748955014044,28684500
2012-08-02,4.163646221160889,4.241367066676831,4.123675255557064,4.219161292335703,28903299
2012-08-03,4.123675346374512,4.17030829943649,4.003762446922145,4.17030829943649,48970776
2012-08-06,4.188072681427002,4.194734668232837,4.02374790902994,4.108130745723073,55840878
2012-08-07,4.190293788909912,4.256912069007642,4.152543271357357,4.152543271357357,37766829
2012-08-08,4.181410312652588,4.2058371699722175,4.143660119272567,4.1902930661277855,27223536
2012-08-09,4.3346333503723145,4.363501748994856,4.196955885562397,4.196955885562397,61322160
2012-08-10,4.316869258880615,4.3390750375636244,4.265795078458729,4.334633818294811,19233570
2012-08-13,4.316869258880615,4.39014953564657,4.3013245149481785,4.32131016048837,34596456
2012-08-14,4.316869258880615,4.354619146173943,4.159205498346143,4.327971830561061,36868743
2012-08-15,4.22360372543335,4.316869331650626,4.194735323207834,4.307986575302202,23175291
2012-08-16,4.216940879821777,4.2413671047518955,4.181410814638425,4.236926521633601,12129801
2012-08-17,4.174749374389648,4.216941431584533,4.136999489199291,4.201396688518063,18076056
2012-08-20,4.270235538482666,4.274676439300832,4.132557447967452,4.154763540363293,19002993
2012-08-21,4.470090389251709,4.5633559710871765,4.30354454857217,4.30354454857217,107724633
2012-08-22,4.430120468139648,4.54337171727869,4.412355273567453,4.470091441189712,40228296
2012-08-23,4.50562047958374,4.574459212706626,4.44122264763553,4.44122264763553,44877669
2012-08-24,4.59666633605957,4.607768907608579,4.485635537992602,4.485635537992602,40370781
2012-08-27,4.59222412109375,4.616650982006705,4.541149948818123,4.594444571543469,33718044
2012-08-28,4.498958110809326,4.587782156054894,4.47675202008269,4.587782156054894,30245142
2012-08-29,4.530047416687012,4.5544736424816525,4.461207734273494,4.485634913051169,19471875
2012-08-30,4.470090389251709,4.590003280183024,4.4190162213208435,4.530046993547858,21654822
2012-08-31,4.467868804931641,4.547810723295463,4.432339381097554,4.4456630341581915,14680833
2012-09-03,4.507840633392334,4.565576792116379,4.447884024227137,4.470090752265705,22616742
2012-09-04,4.498958110809326,4.663283499847417,4.441221957259092,4.507840229439002,20792424
2012-09-05,4.607769012451172,4.647739986306777,4.478973652249775,4.483415189228127,19114542
2012-09-06,4.5833420753479,4.649960354826006,4.576680088569582,4.607768301331685,13937313
2012-09-07,4.749887943267822,4.774314169305059,4.576680098584703,4.63441562326439,32860275
2012-09-10,4.707695960998535,4.796520652837013,4.676607747697444,4.747666929378392,24918828
2012-09-11,4.618871688842773,4.707696064982185,4.570018599627122,4.674386765099393,23994546
2012-09-12,4.661063194274902,4.703255250207484,4.578900803667618,4.645519086995565,19124055
2012-09-13,4.605546951293945,4.703254059772095,4.598885283477794,4.65662111441523,11213322
2012-09-14,4.618871688842773,4.685489970947333,4.58112117015301,4.621092139415746,19121160
2012-09-17,4.5589141845703125,4.663283282615089,4.5566940520925385,4.6366359749844515,20475510
2012-09-18,4.545591354370117,4.607768416774126,4.510061922085991,4.530047565260648,15569424
2012-09-19,4.507840633392334,4.583341983950628,4.485634858336788,4.550032686045295,15278940
2012-09-20,4.443443298339844,4.527826130292452,4.42123657101427,4.467869523052286,21307788
2012-09-21,4.434560775756836,4.476752832283665,4.401251792454243,4.434560775756836,19131804
2012-09-24,4.470090389251709,4.523385007443404,4.365721285468167,4.390148461964166,21611772
2012-09-25,4.4811930656433105,4.490075819882518,4.452325305594593,4.452325305594593,13742688
2012-09-26,4.454545497894287,4.490075559810195,4.425677739517637,4.48119280608549,9970365
2012-09-27,4.60332727432251,4.676607538572532,4.423457765825913,4.454545977736825,23277168
2012-09-28,4.7299017906188965,4.7432254451072495,4.541149542209098,4.552252746446548,38827932
2012-10-08,4.696593284606934,4.74766682211353,4.643298343643541,4.723240596258123,12125193
2012-10-09,4.760990619659424,4.789859017965723,4.707695994770623,4.738784843616778,22985898
2012-10-10,4.716578006744385,4.772093073425796,4.70769525300151,4.73434256124722,11591619
2012-10-11,4.694372177124023,4.718799038188606,4.621091911591286,4.696593262909547,8650623
2012-10-12,4.607769012451172,4.749888665926562,4.572239575573918,4.718799813044472,15911550
2012-10-15,4.59222412109375,4.638857074808932,4.530047378908522,4.598886107764923,13678302
2012-10-16,4.638857841491699,4.707696581725357,4.538930248535735,4.576680771369207,18443487
2012-10-17,4.594444751739502,4.661063032758981,4.574459108603148,4.65662213168537,13128831
2012-10-18,4.712136268615723,4.7632107503840375,4.587781851150192,4.6277528118016615,24094986
2012-10-19,4.7299017906188965,4.760990000097406,4.707695382143996,4.727680705046034,14307543
2012-10-22,4.709917068481445,4.760990607376582,4.641077701686145,4.729902393932675,9818355
2012-10-23,4.676607608795166,4.729902231718711,4.652180747791371,4.7032549202569385,6078336
2012-10-24,4.789858818054199,4.809844142722873,4.685489705511426,4.725460672509781,23149449
2012-10-25,4.707695960998535,4.8142852100114855,4.681048648745298,4.789858983604213,11931267
2012-10-26,4.66994571685791,4.716578350859673,4.6210916795211725,4.705475146116733,13328658
2012-10-29,4.6277546882629395,4.6632850807930195,4.59444569971107,4.641078664876991,11011785
2012-10-30,4.647739887237549,4.729902919347647,4.601106926569486,4.625534108785493,9100416
2012-10-31,4.816506862640381,4.818727313425599,4.638857775719571,4.647739896521502,45299328
2012-11-01,4.867579460144043,4.896447856022927,4.796520283928379,4.798740734281527,25287225
2012-11-02,4.916433811187744,4.931977917634521,4.847594445611105,4.867579770708534,19076421
2012-11-05,4.872021675109863,4.918654633295425,4.8409328245454635,4.90755110933838,11017695
2012-11-06,4.8409318923950195,4.88534439136611,4.6655039350505625,4.883123941131093,27314733
2012-11-07,4.805402755737305,4.845373721334671,4.7521081349408165,4.794299233246541,13509636
2012-11-08,4.809844017028809,4.874241525568332,4.703254774485323,4.758769846146222,19189782
2012-11-09,4.812065124511719,4.860918534015147,4.7476672895175875,4.7831973595447606,14614419
2012-11-12,4.661063194274902,4.809844503532198,4.632195430329975,4.796520846866609,41528874
2012-11-13,4.638857841491699,4.667725608075183,4.590004429252598,4.667725608075183,16623348
2012-11-14,4.705475330352783,4.729902191147054,4.63441551606991,4.638857052269784,15283170
2012-11-15,4.7276811599731445,4.776535199786773,4.645518774885947,4.67660762267798,13355127
2012-11-16,4.709917068481445,4.7698733624961545,4.66550456352767,4.707695982625276,18151098
2012-11-19,4.636636257171631,4.709916516446227,4.590003307149437,4.6921513259503085,11575851
2012-11-20,4.4567670822143555,4.649960247053726,4.430119771040719,4.649960247053726,38556651
2012-11-21,4.512282371520996,4.523385577206644,4.410134340453735,4.456767296075821,14832282
2012-11-22,4.432340145111084,4.494516885784004,4.396810397491701,4.494516885784004,17649138
2012-11-23,4.474531650543213,4.5189438359504654,4.430119782796969,4.434560366015679,12064164
2012-11-26,4.496738433837891,4.505620553994959,4.423458163008036,4.476752789916645,9482943
2012-11-27,4.463428974151611,4.4989587241580455,4.421236919527437,4.496738273613155,15488610
2012-11-28,4.441222190856934,4.463428600412555,4.374603915173059,4.436781290139004,14102769
2012-11-29,4.441222190856934,4.472311037170404,4.38570711995087,4.44344327653789,10269849
2012-11-30,4.41457462310791,4.458987121967843,4.352397569429373,4.439001481597825,17979672
2012-12-03,4.314647197723389,4.430119507940034,4.305765078854017,4.399030662422789,15803637
2012-12-04,4.290221214294434,4.363501478608966,4.219161400406491,4.325750644746897,16496178
2012-12-05,4.376824855804443,4.4190162701754945,4.216940681800768,4.274676201152421,35280282
2012-12-06,4.319088459014893,4.396809932544013,4.223602431215623,4.37682461045199,30954186
2012-12-07,4.443443298339844,4.452325417480279,4.292441555054502,4.30576521025665,32677638
2012-12-10,4.476752758026123,4.507840972506986,4.401251719449064,4.450105444761642,28023363
2012-12-11,4.512282371520996,4.547811803796413,4.441222553987097,4.472311402842502,10223196
2012-12-12,4.507840633392334,4.554473586927599,4.470090752265705,4.507840633392334,11900004
2012-12-13,4.507840633392334,4.554473586927599,4.436781454360371,4.4967380635255685,32693736
2012-12-14,4.61665153503418,4.641078081212175,4.490076632068605,4.4989590702535205,52661748
2012-12-17,4.576680660247803,4.645519398810062,4.481193971243649,4.6144305468425895,33984450
2012-12-18,4.476752758026123,4.607768556079303,4.385707612208632,4.607768556079303,80500422
2012-12-19,4.49229621887207,4.5122818597752214,4.407912754682083,4.452325254726754,33307875
2012-12-20,4.4811930656433105,4.496737806146677,4.439001650727265,4.487855051907469,18371772
2012-12-21,4.405693054199219,4.505620315533665,4.381265875000705,4.481193453996168,47805414
2012-12-24,4.412353992462158,4.4656486077217465,4.37682456661673,4.407912456862895,44772156
2012-12-25,4.561135292053223,4.649960298945273,4.407913092264414,4.407913092264414,80188398
2012-12-26,4.649960517883301,4.796520737874472,4.556694923343465,4.556694923343465,70394490
2012-12-27,4.629975318908691,4.741005481594985,4.618872112043429,4.707696496321308,45712539
2012-12-28,4.678828716278076,4.707696482251584,4.621092549008954,4.672166728646618,45501336
2012-12-31,4.880903720855713,4.885345257435093,4.685490088448488,4.698813745203526,57787008
2013-01-04,4.963067054748535,5.025244123456621,4.863139781726781,4.9031107544676935,48002745
2013-01-07,5.202891826629639,5.218435930846612,4.923094774114439,4.9341973426568835,49353231
2013-01-08,5.207332611083984,5.327245494781213,5.12517023849229,5.185126521510423,41581560
2013-01-09,5.174023151397705,5.3072600022125895,5.120728538136132,5.189567890090426,28602420
2013-01-10,5.209555149078369,5.296158763731885,5.151818982427957,5.151818982427957,28104822
2013-01-11,5.21621561050415,5.273951128456512,5.174023561833706,5.213994524950633,31923582
2013-01-14,5.531542778015137,5.562631624585216,5.216215952847743,5.218436403225036,66141918
2013-01-15,5.462703704833984,5.538204099838342,5.411629534494569,5.529322298376176,37535013
2013-01-16,5.7491631507873535,5.809119761906942,5.418291882033868,5.418291882033868,82107906
2013-01-17,5.744720935821533,5.951238056913168,5.524880477900544,5.706970104940785,47458293
2013-01-18,5.9112677574157715,5.942356607383528,5.689206812367755,5.7447218897992425,44871588
2013-01-21,5.682545185089111,5.90904768104463,5.640353444027263,5.90904768104463,59673084
2013-01-22,5.684764385223389,5.813560030834982,5.5515278390675835,5.664779062130509,66999480
2013-01-23,5.711413383483887,5.78247353110348,5.607044565966485,5.662560286440475,31380636
2013-01-24,5.6670002937316895,5.762486657138878,5.551528604476174,5.662559392575196,30371349
2013-01-25,5.695868492126465,5.793574667352028,5.627028808724483,5.664779643836669,37888503
2013-01-28,5.87351655960083,5.9956508660301235,5.715853774789623,5.715853774789623,43192464
2013-01-29,5.837988376617432,5.895724545650222,5.746942903731959,5.862415241797541,35304291
2013-01-30,5.7491631507873535,5.86907637302653,5.633690829575238,5.837987524548953,29902791
2013-01-31,5.689207077026367,5.791354798839275,5.664780213104246,5.7358397188252574,15731880
2013-02-01,5.982326030731201,6.017855774639114,5.640351927956577,5.655896349746772,45101880
2013-02-04,5.955679893493652,6.040062734200905,5.940135468647927,5.940135468647927,44307207
2013-02-05,6.246579170227051,6.262123593287237,5.906825489858053,5.95123830869344,47842719
2013-02-06,6.231037139892578,6.273228249638412,6.1311092223122365,6.251022469279779,28753482
2013-02-07,6.390920162200928,6.484185443330343,6.186623453337853,6.186623453337853,36585099
2013-02-08,6.39536190032959,6.439773456306856,6.304316431674317,6.390920363538604,26898891
2013-02-18,6.22881555557251,6.4397729718839445,6.08447546821578,6.406463672084541,43134480
2013-02-19,6.073371887207031,6.284330572164346,6.042283673591563,6.21104998623537,35115444
2013-02-20,6.333182334899902,6.386476948787722,6.000090680440066,6.135548300563045,43192275
2013-02-21,6.29099178314209,6.3176390950689845,6.048945525303307,6.14665233570192,40441788
2013-02-22,6.173299312591553,6.304315414618786,6.135549114907739,6.2265939335529366,25980477
2013-02-25,6.082254409790039,6.328742187156441,5.9845469707240895,6.279888467623466,25447632
2013-02-26,5.969003677368164,6.113343126932571,5.889061740410979,6.057828051765036,24968697
2013-02-27,5.962342739105225,6.040063603880379,5.778031970984921,5.971225178107141,20258502
2013-02-28,6.122225284576416,6.206608118735989,5.8468691012083065,5.991209179498172,28603368
2013-03-01,6.10001802444458,6.21326923967658,5.9512377013497115,6.1222244315960355,24154761
2013-03-04,6.248801231384277,6.397582228210619,6.064490482200725,6.064490482200725,59931975
2013-03-05,6.548583507537842,6.655172761871882,6.162197142915907,6.328743011643364,68753661
2013-03-06,6.641849040985107,6.652951293520855,6.550803581649616,6.550803581649616,43422231
2013-03-07,6.528597354888916,6.823938217562493,6.435331451489793,6.464199212054431,38566431
2013-03-08,6.333182334899902,6.528596554477156,6.213269135991349,6.528596554477156,60426138
2013-03-11,6.368714332580566,6.433111213254138,6.166638076042429,6.228815776713901,16503522
2013-03-12,6.4375529289245605,6.573009951944299,6.271007054704372,6.3709343251076485,27480099
2013-03-13,6.255462646484375,6.428669855718419,6.211049824778999,6.339845482951723,23375388
2013-03-14,6.450876235961914,6.481964448621731,6.144431833709866,6.1688586949353095,22873221
2013-03-15,6.566347122192383,6.6907018757203405,6.395361003811716,6.424228765279023,36397320
2013-03-18,6.877233028411865,6.9083218755130735,6.56190683317937,6.564127283594598,44201919
2013-03-19,6.83948278427124,6.994925748092496,6.766202203161332,6.8994387570129785,29603847
2013-03-20,7.050441741943359,7.105956821143483,6.7528797484380565,6.846145030668498,49104465
2013-03-21,7.228090763092041,7.354665340389325,6.917204810964873,7.045999838837394,43295196
2013-03-22,7.1370463371276855,7.305812676466401,7.081531252754696,7.152590128733063,30611121
2013-03-25,7.179236888885498,7.32801852328902,6.957175933287135,7.210325740330316,26406987
2013-03-26,7.3679890632629395,7.416842150862717,6.990484524173766,7.10595620933564,39742701
2013-03-27,7.330237865447998,7.459032882556073,7.288046131434525,7.3280174150583415,18863877
2013-03-28,7.179236888885498,7.439048683427154,7.079309617696759,7.219208178554251,35528031
2013-03-29,7.034897327423096,7.194781198761294,6.901660132652566,7.105956190473599,28980678
2013-04-01,7.008249282836914,7.117058969513542,6.890556524470393,6.890556524470393,22485081
2013-04-02,6.737335681915283,7.014912363348993,6.655173284082945,6.950514842632951,50280150
2013-04-03,6.701805114746094,6.761761085565529,6.524155746651009,6.706245380082447,33812898
2013-04-08,6.852805137634277,6.972718336537007,6.530817004241477,6.561905846668819,30908670
2013-04-09,6.728452682495117,6.9838222691506795,6.681819411863713,6.961616494364113,29497389
2013-04-10,6.657392501831055,6.930527595735425,6.470861326658657,6.6973637856004276,42475356
2013-04-11,6.612980365753174,6.7173491590763295,6.548582856492464,6.661834086793718,35494941
2013-04-12,6.801732540130615,6.870570949329774,6.553023672635919,6.573008996747868,24520464
2013-04-15,6.652950763702393,6.861688977802064,6.4753026661591,6.817276159263763,28773762
2013-04-16,6.646290302276611,6.7173498049336,6.528598159831492,6.657393190736249,15011856
2013-04-17,6.963837146759033,6.966057597237691,6.6174220945294255,6.6840400561433375,31051470
2013-04-18,6.870571136474609,7.065984752790239,6.843923825158842,6.963837043740805,15925164
2013-04-19,6.972719192504883,7.045999136762412,6.861689050941594,6.926085923139191,32070393
2013-04-22,6.85946798324585,6.994925620346033,6.795070475557462,6.970498760422164,35435409
2013-04-23,6.588554859161377,6.866130886171358,6.550804021395511,6.832821585039978,32197224
2013-04-24,6.67515754699707,6.741775501552823,6.546361267728452,6.573008576615145,31608723
2013-04-25,6.76176118850708,6.883894852978456,6.553023606659857,6.668495920042315,42709713
2013-04-26,6.493067741394043,6.839483450473048,6.3020956465993265,6.788409274357854,36946692
2013-05-02,6.322080612182617,6.3731541500625175,6.16663764208684,6.3731541500625175,71235819
2013-05-03,6.515273571014404,6.675158072237156,6.317638871395589,6.350948168955413,45913068
2013-05-06,6.626304626464844,6.661835014647882,6.464200287867312,6.561907743557002,37630422
2013-05-07,6.495288372039795,6.624083393286035,6.375375152637552,6.590774730404985,48081507
2013-05-08,6.584112167358398,6.6218623631789955,6.4308896631654475,6.513052040928502,39751005
2013-05-09,6.43311071395874,6.557465470328019,6.413125389049508,6.550803483584267,32402031
2013-05-10,6.4308905601501465,6.528598009373813,6.390919908487786,6.4331110107264875,20696760
2013-05-13,6.444214820861816,6.499729899671734,6.326522040572526,6.481965023626794,28692597
2013-05-14,6.441993713378906,6.453095965622437,6.328742481308674,6.413125316257659,21860043
2013-05-15,6.508612155914307,6.528597480125353,6.406463178496731,6.435331574937133,21399564
2013-05-16,6.644069194793701,6.6862602938335804,6.437552059122267,6.510832005162064,53902782
2013-05-17,6.659613132476807,6.697363966870195,6.535259647651479,6.6351869067965215,45267738
2013-05-20,6.843923091888428,6.863909049725433,6.595214879588314,6.672936354762586,50148039
2013-05-21,6.453094959259033,6.8172754595774165,6.328741494338256,6.8172754595774165,106386855
2013-05-22,6.315418243408203,6.402022160499918,6.242138299094593,6.368713499198634,65070195
2013-05-23,6.268786430358887,6.373154599287309,6.239918030666061,6.279889318913472,43682385
2013-05-24,6.113342761993408,6.348727657754716,6.088916536983935,6.326521247820101,73598304
2013-05-27,6.173299312591553,6.188843735869122,5.991209039979161,6.115563790877719,87831213
2013-05-28,6.384257793426514,6.406463569388789,6.133328458991737,6.186623083687647,65964588
2013-05-29,6.355390548706055,6.417567615920623,6.233256229667681,6.390920301400094,41850015
2013-05-30,6.350948810577393,6.4086849745355075,6.255463079731468,6.328743033508783,31418175
2013-05-31,6.265730857849121,6.458592373140127,6.247790341301607,6.382344215407968,28744137
2013-06-03,6.433923244476318,6.469804276922165,6.357676371330628,6.3913149996494765,54434469
2013-06-04,6.400284290313721,6.458591280026452,6.324036787089898,6.456348234635036,37280415
2013-06-05,6.411498069763184,6.433923394763927,6.333008149053608,6.400285407262811,19656465
2013-06-06,6.40925407409668,6.559506680709506,6.37337368773384,6.422709780385711,38715369
2013-06-07,6.227607250213623,6.41149786059657,6.189483813993994,6.391314940433643,42959850
2013-06-13,6.227607250213623,6.227607250213624,6.227607250213624,6.227607250213624,0
2013-06-14,6.227607250213623,6.227607250213624,6.227607250213624,6.227607250213624,0
2013-06-17,6.227607250213623,6.227607250213624,6.227607250213624,6.227607250213624,0
2013-06-18,6.781521320343018,6.851040978770852,6.637996553780659,6.851040978770852,193649586
2013-06-19,7.032687187194824,7.160513817618048,6.626783259719302,6.646966175511217,85668768
2013-06-20,7.005777835845947,7.232277329020674,6.911589807095411,7.008020239920055,73355691
2013-06-21,7.068569183349609,7.301796515245158,6.806188675568397,6.812916528958447,58824687
2013-06-24,6.846555709838867,7.198638819377594,6.812917081762575,7.073055206722669,66730296
2013-06-25,7.239005088806152,7.247974704986062,6.4361654131871795,6.69406112646297,79066920
2013-06-26,7.207608222961426,7.429622243700312,7.030445487139314,7.243489250894846,57491886
2013-06-27,7.075296878814697,7.30852356390107,6.951955683031632,7.232276699193763,48826752
2013-06-28,7.014747619628906,7.2120939216915065,6.967653287634951,6.976624186531962,45217245
2013-07-01,7.579873561859131,7.60902737577018,6.913830914865701,6.954197388648435,54587547
2013-07-02,7.707701206207275,7.934200705508792,7.512597931206353,7.579875188077073,52266498
2013-07-03,7.967839241027832,8.091179807846705,7.5731472457556555,7.848982840822724,56444112
2013-07-04,7.9117751121521,8.115847996758717,7.761522491365186,7.961111209458094,56783856
2013-07-05,7.9117751121521,7.9117751121521,7.9117751121521,7.9117751121521,0
2013-07-08,7.831042289733887,8.0956645581871,7.4677465497856,7.62472573108427,42490497
2013-07-09,7.712185382843018,7.893832919839447,7.535022653375701,7.817586059017584,41693652
2013-07-10,7.685274600982666,7.739096140869061,7.535022641732306,7.712185370925864,28154004
2013-07-11,7.725642204284668,7.972325280993321,7.591088323755549,7.680790910774961,42857580
2013-07-12,7.95438289642334,8.118089932109912,7.613512476665286,7.651636551477246,39986166
2013-07-15,8.272829055786133,8.297497428896802,7.898320575154905,7.95438453454898,31297857
2013-07-16,8.18985366821289,8.297496769667054,8.093423229425994,8.272828398516268,17975712
2013-07-17,7.855709075927734,8.263856053348306,7.846738819738308,8.19433704908275,27018726
2013-07-18,7.855709075927734,8.028386988776694,7.692002060871533,7.826555903712931,20608755
2013-07-19,7.754795551300049,8.028389409993508,7.723399965970383,7.83328611863303,20576553
2013-07-22,7.931957244873047,8.035114878970289,7.5955722885313515,7.647150784778279,17561304
2013-07-23,8.243675231933594,8.293011332709435,7.831043342375579,7.9386864439994085,28584300
2013-07-24,8.378229141235352,8.564362165577728,8.263858184918615,8.275071489250244,26582343
2013-07-25,8.174155235290527,8.521752897186515,8.147244460981227,8.353560397352524,21680601
2013-07-26,8.192093849182129,8.270583749758707,8.028386837216397,8.09790584016957,13620054
2013-07-29,7.89832067489624,8.14051831707253,7.871409897054825,8.0866967613897,27613707
2013-07-30,7.940927505493164,8.09566427751228,7.799645798100179,7.945412954770799,24897876
2013-07-31,7.75031042098999,8.09566502471063,7.743582567254277,7.949897854586269,20233821
2013-08-01,7.929713249206543,7.961109465563058,7.67181823246223,7.78170370650341,35084829
2013-08-02,8.07099723815918,8.136032092960987,7.91850348649561,7.961111732823493,36009354
2013-08-05,8.317679405212402,8.589030195347593,8.254888239790153,8.52175293844687,51286056
2013-08-06,8.232460975646973,8.360287625246075,8.162941961756687,8.344589514340383,26547228
2013-08-07,8.293011665344238,8.3311357465678,8.192096413925036,8.252645821417966,26690121
2013-08-08,8.225733757019043,8.29749581641078,8.122575475841709,8.230218564929316,21133254
2013-08-09,8.30422592163086,8.360289885331952,8.192097352625082,8.268344882205586,22948128
2013-08-12,8.277312278747559,8.47690097271098,8.16294134474216,8.378227506821325,27493227
2013-08-13,8.014931678771973,8.293009634351527,7.961110138982381,8.252643800311015,33310389
2013-08-14,7.8714070320129395,8.068752664353276,7.826555751935591,8.068752664353276,36067209
2013-08-15,7.824315547943115,7.938686504693718,7.78170601788688,7.916260537548884,24304842
2013-08-16,7.7323689460754395,8.342347091639152,7.700972724334597,7.873650660702392,40419594
2013-08-19,7.976808547973633,8.019418074004921,7.754794509747941,7.851225581918582,36409947
2013-08-20,7.880378723144531,8.147244048605122,7.84898250057108,7.9812939612956715,23184909
2013-08-21,7.748067855834961,7.990264830909329,7.700973518367887,7.985780022543028,27827448
2013-08-22,7.840013027191162,7.938686512805051,7.748068037491449,7.750311083330675,15357174
2013-08-23,7.754795551300049,7.936443775120249,7.692004380640717,7.911776044362484,29253216
2013-08-26,7.840013027191162,7.878137107215983,7.6920040819773305,7.770494004659197,22995507
2013-08-27,7.920743465423584,7.925228914428988,7.808614939528667,7.844496606761853,21407862
2013-08-28,7.82655668258667,7.909531400195408,7.685274973142468,7.909531400195408,24002805
2013-08-29,7.8220720291137695,7.853468252897341,7.7144289331760305,7.824315074815068,20665965
2013-08-30,7.837770938873291,7.848983602107365,7.667335378018447,7.797405094589217,23991237
2013-09-02,8.324407577514648,8.622668511890247,8.248160701155495,8.432050679388865,113495304
2013-09-03,8.418596267700195,8.488115295202205,8.30422530265614,8.33113608021924,54539646
2013-09-04,8.438777923583984,8.441020327643377,8.277313282445583,8.427564620080119,43797906
2013-09-05,8.950082778930664,8.970265697582471,8.367014767535858,8.42980721063644,79378092
2013-09-06,8.889533042907715,9.00614638410532,8.795345023446414,8.858136822552817,42559563
2013-09-09,8.963537216186523,9.046511930522362,8.770676375726609,8.858136539228276,26446560
2013-09-10,9.13621711730957,9.418780586224589,8.970267011107962,9.048756934873635,42966168
2013-09-11,8.929900169372559,9.17882563952747,8.777405778073117,9.136216752145874,40347732
2013-09-12,8.768436431884766,8.925416289471407,8.658550916536248,8.925416289471407,47702178
2013-09-13,9.077908515930176,9.167611086830236,8.768434325523273,8.79085964744659,37027569
2013-09-16,8.923171043395996,9.299921811699962,8.88056216515126,9.082393254687199,37255746
2013-09-17,8.846925735473633,9.019603053333144,8.633881933063188,8.92541565872014,27911034
2013-09-18,8.970266342163086,9.16536961409262,8.757222554230916,8.763949766529308,30692715
2013-09-23,9.255071640014648,9.528664813476853,9.219190610157534,9.23713112508609,37670643
2013-09-24,9.81122875213623,9.833654076155728,9.174339797609916,9.279740488670548,48091917
2013-09-25,9.81122875213623,9.874020557635665,9.564546338301,9.773104674737551,27168747
2013-09-26,10.057910919189453,10.327019292044767,9.710313272588259,9.714798080640737,45882870
2013-09-27,9.891960144042969,10.34944389701424,9.882989886957324,9.903173446602572,44495697
2013-09-30,10.019786834716797,10.046697606097277,9.732737965054932,9.896445638822074,39467616
2013-10-08,10.069123268127441,10.448117125736323,10.035484642365079,10.09154923250349,30751767
2013-10-09,10.385324478149414,10.39205233149043,9.95699517549482,10.042212298601868,37913559
2013-10-10,10.486241340637207,10.79123139917682,10.288895662480773,10.383083693311715,34130112
2013-10-11,10.396538734436035,10.602855311793457,10.286653233402731,10.540062863656177,26224245
2013-10-14,10.187980651855469,10.58491442135339,10.127431247910716,10.540063129839403,37486167
2013-10-15,10.481756210327148,10.571458788551142,10.15882692872077,10.181252252475044,33245694
2013-10-16,10.472786903381348,10.701528833436495,10.116218940320792,10.450361576217103,36392595
2013-10-17,10.461572647094727,10.699284143964007,10.315805485244868,10.407751103471107,28674933
2013-10-18,10.92129898071289,10.954936964790377,10.430176585619876,10.562488042788932,29750952
2013-10-21,11.502123832702637,11.715168257860636,10.921299478651196,10.988575449873503,63792267
2013-10-22,11.434846878051758,11.641163454854983,11.212832830859844,11.499881088529076,37689678
2013-10-23,10.96614933013916,11.549216687524662,10.762075819214575,11.437088793752883,59104782
2013-10-24,10.667888641357422,11.098461660955333,10.506423999609499,10.854022294265592,40343703
2013-10-25,10.190220832824707,10.871961641232774,10.010816336217223,10.764318558306254,60677046
2013-10-28,10.017545700073242,10.383083884706503,9.817956972510615,9.988391879514674,58663644
2013-10-29,9.874021530151367,10.203678701892986,9.533151695295636,10.04894125618347,61018458
2013-10-30,10.248528480529785,10.306835474987796,9.743951015763097,9.932327064563793,39584547
2013-10-31,9.223676681518555,9.223676681518555,9.223676681518555,9.223676681518555,20683800
2013-11-01,8.858137130737305,8.99269099064659,8.501569241576844,8.770676961395417,111679044
2013-11-04,8.878318786621094,9.172095474312146,8.790858629718057,8.864863723345492,74861196
2013-11-05,8.941113471984863,9.015117942643531,8.674248126854145,8.74601019333612,47797011
2013-11-06,8.828984260559082,9.055483747118947,8.75049434582649,8.9254146905675,41851257
2013-11-07,8.44326400756836,8.781891426905672,8.402897523449683,8.781891426905672,77449914
2013-11-08,8.411866188049316,8.604727030376754,8.33561932592222,8.342346537331052,40724664
2013-11-11,8.741522789001465,8.784131666849769,8.41186570940179,8.41186570940179,39107307
2013-11-12,8.943354606628418,9.050997691071158,8.779647576105933,8.779647576105933,52557258
2013-11-13,8.725826263427734,9.035300460143393,8.692187638253627,9.035300460143393,38481312
2013-11-14,9.174339294433594,9.192279809306608,8.68321689778052,8.72806882656648,50051898
2013-11-15,9.324591636657715,9.598184820122105,9.133973177370486,9.133973177370486,55690857
2013-11-18,9.48381233215332,9.815712458149164,9.353743294495127,9.750677618518397,67944882
2013-11-19,9.008390426635742,9.526422987001721,8.970266348898917,9.508482470985614,78034140
2013-11-20,9.015118598937988,9.116034493477489,8.882807118828788,9.037544567147943,43626432
2013-11-21,8.849167823791504,9.010633114627083,8.793103869875674,9.010633114627083,41878500
2013-11-22,8.815528869628906,8.961295390465637,8.712370589797526,8.793102905559879,32516724
2013-11-25,8.674248695373535,8.833470951216885,8.528481507075673,8.833470951216885,41639652
2013-11-26,8.75273609161377,8.855893718328625,8.62490945805383,8.62490945805383,32127903
2013-11-27,8.826740264892578,8.880561801014832,8.678730719754725,8.732552255876977,36229665
2013-11-28,9.084636688232422,9.120517717852712,8.88056317186617,8.88056317186617,51489792
2013-11-29,9.131731033325195,9.183310177499893,8.974751838293527,9.086879743087081,33498537
2013-12-02,8.728067398071289,9.033056100996015,8.67200345866978,8.970264309217395,54885723
2013-12-03,8.945599555969238,9.001664159605635,8.705644951552042,8.768436768677804,33914124
2013-12-04,9.131731033325195,9.167612065515687,8.927658143944372,8.947841064150658,34545090
2013-12-05,8.992691993713379,9.367201080905481,8.963538814548736,9.349259922646295,34955460
2013-12-06,8.828984260559082,9.057726151127566,8.788617780386758,8.99493434766218,29182359
2013-12-09,8.820013999938965,8.934384945184537,8.6159404783446,8.858137434486343,43744869
2013-12-10,8.79085922241211,8.880562430578452,8.701157297452498,8.815528230221135,24801909
2013-12-11,8.674248695373535,8.76395064275168,8.620426500381006,8.746010766558873,26448576
2013-12-12,8.705643653869629,8.82449941531131,8.649579058590342,8.658549958446091,18548613
2013-12-13,8.689946174621582,8.775163955028294,8.602485989889304,8.645095521696188,19317957
2013-12-16,8.725826263427734,8.793102872172541,8.631638241260914,8.67873193154262,32415366
2013-12-17,8.759466171264648,8.793104159761013,8.65630723511582,8.723584495315555,27737100
2013-12-18,8.898503303527832,8.920929266876614,8.705642456821197,8.707884860675057,33475179
2013-12-19,8.763951301574707,8.990450836982996,8.739283568953015,8.927659661579074,35183904
2013-12-20,9.295437812805176,9.640793700031486,8.725826764096706,8.806559084184764,141985410
2013-12-23,8.98147964477539,9.12724553527476,8.891776423169654,9.102577806976731,45902289
2013-12-24,8.6989164352417,9.012874832245949,8.633881581756059,8.992691911593464,53767728
2013-12-25,8.779646873474121,8.822255109786907,8.575572740212493,8.701156970281959,35327868
2013-12-26,8.902989387512207,9.160884474174765,8.696673446502858,8.802074141984592,40221807
2013-12-27,8.9254150390625,8.99941950706394,8.81777130160114,8.902989073290374,30451980
2013-12-30,8.853652000427246,9.00614636943729,8.826741229425473,8.961295084434335,26160015
2013-12-31,8.763951301574707,8.835714019758276,8.611457530445794,8.748253828525515,52817967
2014-01-02,8.281797409057617,8.678731094707373,8.223490421604444,8.678731094707373,99814065
2014-01-03,8.299738883972168,8.418595285545472,8.241432526856201,8.241432526856201,47869902
2014-01-06,8.279557228088379,8.315438266133214,8.039602625762656,8.304225602145095,42109602
2014-01-07,8.407381057739258,8.43653487469686,8.17415437169884,8.18536703274224,35138655
2014-01-08,8.746010780334473,8.788619028965234,8.40962575032161,8.432051076800585,57318915
2014-01-09,8.411866188049316,8.768434056852417,8.185366722264218,8.678731488700906,47617869
2014-01-10,8.748251914978027,8.970265951236074,8.259371912806543,8.275070665629022,93293724
2014-01-13,8.622666358947754,8.932140520367101,8.499325816715674,8.768433504209307,55959273
2014-01-14,8.687702178955078,8.905230757174389,8.597999606328207,8.62266733259804,41808999
2014-01-15,8.743766784667969,8.851409879923478,8.642851543266794,8.658549655059087,37988892
2014-01-16,8.725826263427734,8.802073129445409,8.696672446088355,8.721340813989595,33797682
2014-01-17,8.42756462097168,8.822256607621865,8.378228523642564,8.723583771360182,39161847
2014-01-20,8.241432189941406,8.555391212048042,8.118090343538064,8.375986056558537,37508787
2014-01-21,8.185368537902832,8.38495727751428,8.11360710906723,8.241433136636035,27557412
2014-01-22,8.409624099731445,8.434291825695983,8.129303082539264,8.210035396904278,55516389
2014-01-23,8.696673393249512,8.988207107170588,8.633881585500733,8.76619305508653,89679864
2014-01-24,8.64284896850586,8.698913545118694,8.557631864283707,8.69667050009983,37620408
2014-01-27,8.369258880615234,8.604728647467427,8.252645520103068,8.604728647467427,48479325
2014-01-28,8.337862968444824,8.458961132638697,8.227976824931389,8.443263662082611,37417023
2014-01-29,8.129303932189941,8.58454533222183,8.028388689087164,8.562119366197065,79163256
2014-01-30,7.949897289276123,8.13154547760285,7.848982056830209,8.129303073718216,59566974
2014-02-07,8.21900749206543,8.241433460761401,7.884865498842757,7.927473748639076,41820798
2014-02-10,8.465689659118652,8.503813740477874,8.214522411028254,8.223492669888625,53965959
2014-02-11,8.532963752746582,8.714611266815323,8.463444111993214,8.465686515474733,59744280
2014-02-12,8.400652885437012,8.544177636076128,8.308708555090211,8.532964975458555,39166119
2014-02-13,8.313194274902344,8.476902615175687,8.297496803745096,8.407382309863317,44066784
2014-02-14,8.29525375366211,8.40289684717737,8.205550534129276,8.299738561756854,35980857
2014-02-17,8.29749584197998,8.407381335361343,8.138273611813053,8.387198416496076,55645650
2014-02-18,8.192093849182129,8.295252114214772,8.084450776941102,8.295252114214772,63045246
2014-02-19,8.165185928344727,8.198823918947218,8.07548333686433,8.174156187492766,42025371
2014-02-20,8.299738883972168,8.407381981666386,8.162942607719964,8.162942607719964,56346354
2014-02-21,8.207793235778809,8.452232589990691,8.174154610064274,8.328892031709765,47175045
2014-02-24,7.992508888244629,8.140518490324224,7.938687331416333,8.140518490324224,47835612
2014-02-25,7.783949851989746,8.162943794770491,7.75031186027129,8.050815230898275,61303800
2014-02-26,7.617998123168945,7.783948208680397,7.400469537936771,7.739096920921009,63285438
2014-02-27,7.492414951324463,7.734611919250658,7.4677472228308766,7.71218659487404,40034571
2014-02-28,7.875892162322998,7.918501682148661,7.472229983463526,7.472229983463526,54125037
2014-03-03,8.017175674438477,8.176397921665739,7.842255314588021,7.875893944036722,56158215
2014-03-04,7.783949851989746,8.044087375913156,7.772737188083594,8.017176597576253,35762703
2014-03-05,7.7323689460754395,7.871408256750452,7.613512554174729,7.846739888468849,38947911
2014-03-06,7.62248420715332,7.736855160859522,7.579875319834778,7.669577902819351,35840766
2014-03-07,7.815343379974365,7.875892775679066,7.602300255478176,7.602300255478176,48148029
2014-03-10,8.097906112670898,8.319920117039803,7.705457238185093,7.799645250367156,106456254
2014-03-11,8.156214714050293,8.438778164925274,8.118090635933047,8.118090635933047,76474818
2014-03-12,8.145001411437988,8.364773697266205,8.077724796497984,8.118090637141293,37464747
2014-03-13,8.492599487304688,8.5733318080324,8.171911966854182,8.171911966854182,80333850
2014-03-14,8.418596267700195,8.57557548268316,8.364774712573999,8.429808931283933,47038047
2014-03-17,8.355801582336426,8.566602280014559,8.230217355255775,8.559875069137911,41093103
2014-03-18,8.432049751281738,8.627153012354812,8.234704086233979,8.34234717626003,52181724
2014-03-19,8.055298805236816,8.409624291614065,8.039600694462363,8.409624291614065,58253205
2014-03-20,7.922988414764404,8.118091714713772,7.873652309473462,8.05081509084366,52259670
2014-03-21,8.171911239624023,8.241431533846045,7.817586406541556,7.884863655295943,54337422
2014-03-24,8.017175674438477,8.254888484781704,7.972325023978196,8.212278955316757,43163460
2014-03-25,8.066511154174805,8.158456128116113,7.990263648796688,8.030629484535451,23002920
2014-03-26,8.113606452941895,8.214521695935288,8.039601342583502,8.095665295179447,20953323
2014-03-27,7.907291412353516,8.138275763194844,7.889350892707657,8.133790954085176,31125399
2014-03-28,7.855709075927734,7.956624297657949,7.797402731498128,7.9543818940114255,23026788
2014-03-31,8.035115242004395,8.13603111842841,7.844497433653613,7.8489822415284145,33149316
2014-04-01,8.257128715515137,8.27282682522601,7.954382389849408,8.032872296800406,38626977
2014-04-02,8.127059936523438,8.2817973394623,8.059782693227698,8.25264352517903,22563345
2014-04-03,8.07323932647705,8.268342584536109,8.044085508842802,8.185367222720288,27288135
2014-04-04,8.272829055786133,8.275072101780589,8.008206089552143,8.073240949716958,31931547
2014-04-08,8.737038612365723,8.799831057246232,8.230218736541897,8.24367444376013,105584793
2014-04-09,8.687702178955078,8.793102862192503,8.611455313023942,8.723583208005826,47405142
2014-04-10,8.795345306396484,8.853652299672744,8.548662909740896,8.721340844041173,58522497
2014-04-11,8.86486530303955,9.190037624054014,8.853652641377932,8.853652641377932,89737113
2014-04-14,8.916444778442383,9.095850579756052,8.741524426923197,8.835712456572788,42954552
2014-04-15,8.622666358947754,8.880562028133324,8.622666358947754,8.837953150545998,33254319
2014-04-16,8.62939739227295,8.678734140633638,8.54866505626747,8.566605575379798,21154653
2014-04-17,8.479144096374512,8.737038518724452,8.380470622107515,8.654063797112762,32492394
2014-04-18,8.476902961730957,8.510540951246114,8.349076291800682,8.4096256994936,20934828
2014-04-21,8.252644538879395,8.521752261911079,8.24815973096391,8.369257885526457,37052946
2014-04-22,8.14948558807373,8.342346427870629,8.073238726947075,8.25040145712259,44015103
2014-04-23,8.178640365600586,8.230219512125373,8.0732403099413,8.129304264892504,30056208
2014-04-24,8.203309059143066,8.306467356246719,8.174155878415151,8.176398282716486,32852862
2014-04-25,7.909532070159912,8.304224056808248,7.871408634732576,8.252644913816292,45822972
2014-04-28,7.712185382843018,7.983535486455384,7.669576503299606,7.911774074766001,48873303
2014-04-29,7.961109638214111,7.972322939500795,7.6695759952234726,7.6695759952234726,39796743
2014-04-30,8.319921493530273,8.75722236357843,8.275070846103583,8.544178580284411,138368202
2014-05-05,8.445505142211914,8.5239950528188,8.301981027549449,8.389441195322739,49686021
2014-05-06,8.447747230529785,8.519509285180284,8.337861744747054,8.456717487361097,40930788
2014-05-07,8.183125495910645,8.416352848266449,8.174155237804786,8.411867398411784,36603933
2014-05-08,8.111363410949707,8.250402732047474,8.030630446593703,8.160700151211323,36960156
2014-05-09,8.062026977539062,8.129304236528569,7.954383876438649,8.129304236528569,39985338
2014-05-12,8.156214714050293,8.1876109381935,7.972324743851977,8.118090635933047,35679150
2014-05-13,8.266098976135254,8.353559139875804,8.14051602319956,8.151728042136332,41371143
2014-05-14,8.122575759887695,8.297496106573721,8.095664986674725,8.297496106573721,23027310
2014-05-15,8.0037202835083,8.153972919886504,7.958869631268889,8.129304547872016,28894122
2014-05-16,7.95438289642334,8.005962036413383,7.8489822125141435,8.003718990880857,31550760
2014-05-19,7.848982334136963,7.958868469210521,7.748067098125685,7.9162595858800975,43060041
2014-05-20,7.810857772827148,7.958867320334561,7.783947004335195,7.873649565975041,27347589
2014-05-21,7.857953071594238,7.8736505406218384,7.714428313600814,7.783947967878079,26800104
2014-05-22,7.774978160858154,8.017175121292102,7.761522453365656,7.848982627256555,47860884
2014-05-23,7.8669233322143555,7.889349298040534,7.743582765782489,7.750310619690689,20130873
2014-05-26,7.927473068237305,7.9566262475967084,7.837770484359534,7.911775597261312,28927185
2014-05-27,7.804131031036377,7.936441836206252,7.792917728954833,7.916258919024863,38077446
2014-05-28,7.779464244842529,7.817588327921606,7.60230210556069,7.792919954541863,59188482
2014-05-29,7.709943771362305,7.826557119946362,7.665092483445361,7.777221024039439,43558542
2014-05-30,7.61351203918457,7.74806653285422,7.579874057370534,7.734610826845905,52431498
2014-06-03,7.02371883392334,7.579875503507781,7.001292866832036,7.579875503507781,216169092
2014-06-04,7.187427043914795,7.216580225762519,7.073056079307821,7.075298483695289,90973053
2014-06-05,7.335434913635254,7.34440517146124,7.131362029296664,7.198638642189833,77831403
2014-06-06,7.1650004386901855,7.395984751770935,7.005778192461437,7.351133459988434,104334693
2014-06-09,7.1739702224731445,7.256944946380942,7.066327129315965,7.1291189336576535,46084752
2014-06-10,7.1739702224731445,7.223306319368462,7.021475198897029,7.189667692355983,54689610
2014-06-11,7.270400524139404,7.279370781742493,7.138089064092989,7.176212498505257,53847234
2014-06-12,7.434109687805176,7.472232488209777,7.286100087062371,7.286100087062371,71831193
2014-06-13,7.4610185623168945,7.517082508801217,7.34440457839234,7.456533112964382,42040707
2014-06-16,7.434109687805176,7.478960343153441,7.348891902794927,7.478960343153441,55318623
2014-06-17,7.339921474456787,7.400470884348937,7.304039796117678,7.400470884348937,34336803
2014-06-18,7.274886608123779,7.389257573024205,7.250218234987698,7.333193613572376,27685581
2014-06-19,7.140331268310547,7.353375682427334,7.08650972419791,7.299554138314697,35646588
2014-06-20,7.147059917449951,7.1739706925024045,6.999050333859711,7.1493023216367835,41753676
2014-06-23,7.077540397644043,7.171727782888032,7.039416321137247,7.151544863421955,30485388
2014-06-24,7.131361484527588,7.19639504679372,7.034930418260357,7.0820241078484045,33360777
2014-06-25,7.270400524139404,7.297311296948671,7.138089064092989,7.176212498505257,34656030
2014-06-26,7.449805736541748,7.481201959208572,7.279370840702605,7.28834109837835,47359971
2014-06-27,7.469987869262695,7.5439923205371695,7.378042264463618,7.434106845420123,43997271
2014-06-30,7.427380561828613,7.6090287646010815,7.413925495847385,7.469989447042164,39823020
2014-07-01,7.434109687805176,7.543995204936259,7.348891902794927,7.411683718527483,37748439
2014-07-02,7.216578006744385,7.422893903833152,7.164998872071357,7.422893903833152,62190327
2014-07-03,7.221064567565918,7.313010199145181,7.153787949067691,7.178456320545226,42127005
2014-07-04,7.467747211456299,7.557449150429607,7.245733164127916,7.306281924814639,75839988
2014-07-07,7.508111000061035,7.613511022231915,7.438591358711835,7.4924128923492885,56572011
2014-07-08,7.593330383300781,7.64042407894709,7.409440409061157,7.469989812951258,51961359
2014-07-09,7.445321083068848,7.653880077534773,7.378044464108248,7.586602816970666,51708630
2014-07-10,7.2322773933410645,7.528295906669967,7.1268767016791505,7.490172470657261,78313773
2014-07-11,7.243490219116211,7.333192800940108,7.158273087185245,7.232277556789092,39932133
2014-07-14,7.344404697418213,7.3511325507543175,7.198638177555275,7.252459721037289,37148769
2014-07-15,7.604541301727295,7.624724216157856,7.344403251186212,7.35561655173944,69148185
2014-07-16,7.544826984405518,7.713638105861279,7.462144026372434,7.665406544618416,36941004
2014-07-17,7.4931511878967285,7.510376559969104,7.351901034164612,7.475925815824353,29702440
2014-07-18,7.692967414855957,7.837662753512729,7.407021942880161,7.424247312463172,70657296
2014-07-21,8.044371604919434,8.082267554750636,7.713639074164092,7.744645269456963,101582420
2014-07-22,8.013365745544434,8.127054914015499,7.92723756769951,7.941017734459656,56361854
2014-07-23,8.003028869628906,8.144279006522654,7.951352102466321,8.027144650497728,41105234
2014-07-24,8.16839599609375,8.226963182772575,8.030591044233526,8.061597240540307,71587246
2014-07-25,8.158061027526855,8.237298792631828,8.078823262421883,8.195957635666556,42705268
2014-07-28,8.319979667663574,8.454340036716678,8.216626144181811,8.268302905922694,78104708
2014-07-29,8.450896263122559,8.45778601731088,8.175285725310307,8.33031669389881,97430480
2014-07-30,8.709280967712402,8.791963933775728,8.392329269250087,8.440560835177243,116388740
2014-07-31,9.143366813659668,9.370745129171244,8.836750082598586,9.294951919263527,147764480
2014-08-01,9.129585266113281,9.22604904510575,9.009005706649129,9.14681063584856,67858366
2014-08-04,9.26050090789795,9.277726936828522,8.978000604494698,9.177817940348643,61602678
2014-08-05,9.301841735839844,9.463762448016766,9.222603982462143,9.274280749573437,64869360
2014-08-06,9.21226978302002,9.29495275453566,9.12958681150438,9.215714988971403,37485050
2014-08-07,8.922877311706543,9.195042614764812,8.871200546738917,9.188152204207604,74899660
2014-08-08,9.095133781433105,9.17092698458789,8.922877457326017,8.922877457326017,44400302
2014-08-11,9.177817344665527,9.277726334660848,9.13303098656451,9.177817344665527,39435570
2014-08-12,9.184706687927246,9.22604849276491,9.046901766977857,9.22604849276491,26325086
2014-08-13,9.088245391845703,9.308733982567853,9.026233653345532,9.18815439745675,52917786
2014-08-14,9.091690063476562,9.177818239620466,8.991781720844669,9.040013289211387,43488040
2014-08-15,9.146810531616211,9.174371517142026,9.019341219973962,9.09168856056458,29495180
2014-08-18,9.071019172668457,9.198489158096287,9.009006782844422,9.146811728505716,38106182
2014-08-19,9.119250297546387,9.153701696568996,9.012451551971504,9.053793362219789,38535694
2014-08-20,9.015898704528809,9.1123625112019,8.991782917137018,9.1123625112019,38130224
2014-08-21,8.940104484558105,9.050348439188,8.836750284263228,9.015897039089708,44407336
2014-08-22,8.84364128112793,9.002116812122582,8.79885491800948,8.940105076367617,40522028
2014-08-25,8.743731498718262,8.860865862077395,8.681719768503825,8.84708569662056,39496260
2014-08-26,8.960774421691895,8.984890202906328,8.709280336018859,8.740286528181919,46476586
2014-08-27,8.960774421691895,9.026232011492326,8.926323024054522,8.96766483264052,25683606
2014-08-28,9.029677391052246,9.167482994286887,8.898762856506314,8.957330040749293,45502182
2014-08-29,9.150257110595703,9.153702316441846,8.97111100633708,9.046903563634736,27545988
2014-09-01,9.146810531616211,9.243274309509427,8.991780234448147,9.160591352931982,51515320
2014-09-02,9.150257110595703,9.232940079585644,9.01589736812528,9.167483139826416,52344412
2014-09-03,9.312176704406738,9.35351785237804,9.060681982974238,9.150255346386324,70913810
2014-09-04,9.329404830932617,9.363856235829486,9.208825242346522,9.33629524333317,47446544
2014-09-05,9.711812973022461,9.849617918423332,9.332848880340705,9.367300280967376,73338208
2014-09-09,9.722147941589355,9.959861883301228,9.66358075760544,9.76693495957425,61352030
2014-09-10,9.543002128601074,9.663581048873649,9.491324697506162,9.663581048873649,45727404
2014-09-11,9.160591125488281,9.370744045595922,9.081353376207131,9.336292650267596,203064346
2014-09-12,9.084798812866211,9.226048945915245,9.015896020454411,9.157146153503446,122966580
2014-09-15,9.146810531616211,9.198487954444627,9.060682369709822,9.09168856056458,68808524
2014-09-16,8.747175216674805,9.174370786873572,8.688608044956105,9.164035828815122,152379264
2014-09-17,8.740286827087402,8.85397598320471,8.578365449785995,8.767847814718696,75274530
2014-09-18,8.912544250488281,8.94354979038547,8.688610459442748,8.743732441424642,57602602
2014-09-19,8.898761749267578,8.936658351152357,8.819523997240978,8.912542570718674,39854584
2014-09-22,8.743731498718262,8.905652878300128,8.657603329019238,8.898762467018818,41253040
2014-09-23,8.864312171936035,8.943549940224312,8.75751341219506,8.75751341219506,43383172
2014-09-24,9.012451171875,9.057238185847252,8.788518073331003,8.8195242654331,63014428
2014-09-25,8.90565299987793,9.122695701355935,8.871201600106842,9.119250495668247,49881436
2014-09-26,8.857420921325684,8.905653144631499,8.791963983513046,8.853976372687804,30832764
2014-09-29,8.84364128112793,8.971111272798021,8.816080290645997,8.89187285019485,50134650
2014-09-30,8.922877311706543,8.957328707386868,8.836749151058592,8.847084766894405,41669576
2014-10-08,9.084798812866211,9.112359798409786,8.85397531252413,8.9573288440361,66812294
2014-10-09,9.122695922851562,9.267391279718646,9.077909562035808,9.08479997357848,60265068
2014-10-10,8.940104484558105,9.098580005062129,8.888427055857766,9.09513479934172,61423626
2014-10-13,8.378548622131348,8.85397650835198,8.047816750939445,8.85397650835198,266465278
2014-10-14,8.326872825622559,8.450897620412862,8.268305634427792,8.302757039325753,103445366
2014-10-15,8.330317497253418,8.40611005748049,8.230408495171238,8.33720790921202,78838844
2014-10-16,8.195959091186523,8.302757865603349,8.15117206323027,8.268306457276836,82759906
2014-10-17,8.302755355834961,8.330316342743807,8.130499023378244,8.192511408199584,64230892
2014-10-20,8.254522323608398,8.416443680731126,8.192510601995236,8.364766917500644,57490630
2014-10-21,8.175285339355469,8.23729772386327,8.168394928386657,8.233852518378862,54803252
2014-10-22,8.034034729003906,8.220071871620313,8.009918949132679,8.19940063992579,71257540
2014-10-23,7.841108798980713,8.03059051311864,7.754980627626055,8.03059051311864,82328720
2014-10-24,8.030590057373047,8.044370879418498,7.841108353988433,7.841108353988433,65175932
2014-10-27,8.164950370788574,8.182175741085398,7.879004886963294,8.013364615174643,57548770
2014-10-28,8.123608589172363,8.330316318951189,8.006474230867887,8.288974510153121,156128256
2014-10-29,8.220072746276855,8.285529682290637,8.044371200812193,8.147724741859271,136919376
2014-10-30,8.288975715637207,8.3888847181175,8.158061173431356,8.220073567094179,111774560
2014-10-31,8.264859199523926,8.330316793388144,8.14772483454829,8.268304405212126,99158400
2014-11-03,8.251079559326172,8.347542696315617,8.202847333725613,8.261414519943134,75423242
2014-11-04,8.009920120239258,8.240743651063719,7.999584502880856,8.240743651063719,121961956
2014-11-05,7.837663650512695,7.999584377283879,7.744645067064954,7.996139171551836,134999952
2014-11-06,7.896230697631836,7.906566314649801,7.751535344909298,7.854888886665771,78424412
2014-11-07,7.7790961265563965,7.91690106427325,7.761870755756456,7.91690106427325,113960696
2014-11-10,8.316536903381348,8.323427315530546,7.779097240755326,7.8721158334519075,244124700
2014-11-11,8.254522323608398,8.406108065242751,8.164949617798598,8.371656670720531,182107280
2014-11-12,8.406108856201172,8.419889678149023,8.192511372855567,8.254523100303617,116704594
2014-11-13,8.57836627960205,8.602482063974017,8.34065232759611,8.49223810278455,181690644
2014-11-14,8.778183937072754,8.909099138490646,8.506019230303332,8.543915182624625,217785082
2014-11-17,8.757513046264648,9.033122949275354,8.736842467815306,9.026233194529468,174040310
2014-11-18,8.302755355834961,8.757511968383776,8.288974533827659,8.747176351878299,239953686
2014-11-19,8.24763298034668,8.347541306610914,8.185620598545425,8.213181584112013,104851198
2014-11-20,8.251079559326172,8.295865921913295,8.096048579013368,8.247634353418572,94499200
2014-11-21,8.543915748596191,8.595593185640425,8.29931201690536,8.319982597459507,168545140
2014-11-24,8.602479934692383,8.698943705409423,8.45089485413005,8.688608090191487,177113564
2014-11-25,8.633487701416016,8.657603484227149,8.419890204712443,8.571475312984076,165555116
2014-11-26,8.602479934692383,8.698943705409423,8.554248377886703,8.681718337151874,125404468
2014-11-27,8.537023544311523,8.736840851299975,8.475011163331363,8.605925678762809,144057950
2014-11-28,8.450896263122559,8.60937178025233,8.371657847451885,8.543914187169873,150636486
2014-12-01,8.850530624389648,8.92287796925463,8.41299937834997,8.440560365504119,267970352
2014-12-02,8.888429641723633,8.946996841797649,8.698947871716754,8.819527478587492,201853970
2014-12-03,8.998672485351562,9.232940581676397,8.798855135149942,8.91598885475943,251182598
2014-12-04,9.167482376098633,9.195043363465885,8.96077464229135,9.077909002878618,221819684
2014-12-05,8.791963577270508,9.370744973350591,8.561140059955374,9.33629357461139,270068164
2014-12-08,9.002115249633789,9.143366040581002,8.585255258810328,8.681719037306886,245309232
2014-12-09,9.22949504852295,9.880623805982653,8.888426915742752,8.957329714853168,423706372
2014-12-10,9.539555549621582,9.63946387733914,9.22604908782655,9.425866400367402,228080528
2014-12-11,9.35007381439209,9.525775357967689,9.181262682040424,9.422421818031822,188743670
2014-12-12,9.480988502502441,9.632573598852536,9.267390365491677,9.422421324378986,129762448
2014-12-15,9.543002128601074,9.646355676579233,9.387971149528003,9.45687395291733,126015804
2014-12-16,9.35007381439209,9.401751241465805,9.253610685680156,9.353519020004056,159608178
2014-12-17,9.119250297546387,9.356964227986028,9.02623237442286,9.353519022373188,155141996
2014-12-18,9.215714454650879,9.277726843968637,9.026232738051783,9.122695870674242,116735680
2014-12-19,9.115804672241211,9.26050001578976,8.909097601833931,9.215713659096382,120709098
2014-12-22,9.370746612548828,9.384526780191567,8.919434458619518,9.11236206246501,181910538
2014-12-23,9.270835876464844,9.532665583933861,9.250165300300539,9.377634619937151,168212456
2014-12-24,9.294951438903809,9.470652974919979,9.281171274154605,9.281171274154605,147231450
2014-12-25,9.30528736114502,9.353518925011155,9.177817383219955,9.30528736114502,108719146
2014-12-26,9.491323471069336,9.525774868312306,9.25361021001491,9.33629316913459,169391324
2014-12-29,10.07010555267334,10.263033128006825,9.53266595191473,9.594678339907222,356236418
2014-12-30,9.859953880310059,10.02531982057,9.742819508349475,10.02531982057,170152576
2014-12-31,9.863398551940918,10.008093915746924,9.742819629690782,9.818612188977417,137069152
2015-01-05,10.252697944641113,10.328490501445701,10.02876482294526,10.221691749333369,239679228
2015-01-06,10.294039726257324,10.590320874055635,10.09422237607159,10.159679976491049,193795694
2015-01-07,9.980533599853516,10.273369553192191,9.877180043195578,10.190686576444662,152346274
2015-01-08,9.866841316223145,10.145897014076056,9.839280332656822,9.956414677090114,123740444
2015-01-09,9.698031425476074,10.042544091795692,9.649799862465173,9.870287758635882,155440906
2015-01-12,9.704920768737793,9.846170893819531,9.570561053929723,9.64979880075983,131819708
2015-01-13,9.770379066467285,9.828946243864099,9.594677534276844,9.715257094459195,94180018
2015-01-14,9.4844331741333,9.749707406368739,9.449981778863357,9.749707406368739,126700288
2015-01-15,9.574007987976074,9.58089774238823,9.26050083496682,9.436202386040037,116696972
2015-01-16,9.660135269165039,9.777268968631903,9.5085495152877,9.587787269114543,112235294
2015-01-19,9.095133781433105,9.49476840079309,8.971109674907897,9.412085444074377,153279910
2015-01-20,9.33284854888916,9.408641101891451,9.174372374477004,9.174372374477004,108308288
2015-01-21,9.580897331237793,9.611903524632234,9.332848441188045,9.33629364679918,110909548
2015-01-22,9.567116737365723,9.680805889017678,9.439646763886497,9.594677723914508,92013450
2015-01-23,9.529219627380371,9.704921153694153,9.474097657215935,9.567116228283064,101373652
2015-01-26,9.835836410522461,9.880623425350636,9.474098371892508,9.511994975653923,127065728
2015-01-27,9.711812973022461,9.904739896583681,9.508550432141496,9.85306312419658,108851402
2015-01-28,9.560227394104004,9.73248374354732,9.536111610318871,9.639465157142531,70630288
2015-01-29,9.40864086151123,9.494769029265724,9.284616746776686,9.456873082285673,86127040
2015-01-30,9.405194282531738,9.563670429753138,9.325956537473877,9.474097069515944,72704256
2015-02-02,9.219160079956055,9.391416432741993,9.205379256322377,9.305288256349025,68138478
2015-02-03,9.370746612548828,9.391417192565884,9.250167024421868,9.343185620157456,71901800
2015-02-04,9.40864086151123,9.642909582940376,9.391415490802641,9.40519565594836,90219078
2015-02-05,9.30528736114502,9.584342441822445,9.301842155568043,9.505104684869288,97700062
2015-02-06,9.219160079956055,9.425867834720348,9.150257275999346,9.26739164846225,67128884
2015-02-09,9.470654487609863,9.508551096658232,9.219160362539071,9.229495980581133,105743378
2015-02-10,9.51888656616211,9.594679788308271,9.474100199798745,9.477545405996834,74691220
2015-02-11,9.470654487609863,9.584343657649114,9.422422917625289,9.543002499692582,71702392
2015-02-12,9.704920768737793,9.732481752726773,9.460316460868109,9.484432896825945,96545824
2015-02-13,9.777270317077637,9.983978072308618,9.708368170071202,9.739374366211141,135270832
2015-02-16,9.766934394836426,9.866842728146375,9.663580198843698,9.822056369856904,71949496
2015-02-17,9.742818832397461,9.835836756648993,9.718702392815134,9.815166179827074,57510606
2015-02-25,9.646356582641602,9.773826583753102,9.580898978984028,9.74282038502614,68702368
2015-02-26,9.828947067260742,9.887514249563882,9.611903709329072,9.6325742862873,85739256
2015-02-27,9.729037284851074,9.8806230368304,9.704921504171447,9.818610653879505,68612758
2015-03-02,9.646356582641602,9.746265591229792,9.584344185187678,9.718703941600586,111457794
2015-03-03,9.494770050048828,9.64291061965008,9.477544677488337,9.64291061965008,110172826
2015-03-04,9.570562362670898,9.639464503512633,9.487879399397347,9.53611096369714,84724412
2015-03-05,9.38107967376709,9.56367162206517,9.301841918830581,9.53611063525657,106938192
2015-03-06,9.384525299072266,9.4706534688403,9.353519105387312,9.436202069511928,55560228
2015-03-09,9.453428268432617,9.477544051266207,9.215714331590746,9.301842502914024,74904526
2015-03-10,9.384525299072266,9.446537686442177,9.336293734276019,9.422421904044054,71402344
2015-03-11,9.36385440826416,9.518884714383603,9.301842022974078,9.387970189853467,83855270
2015-03-12,9.474099159240723,9.508550560331853,9.305288016710588,9.363855201433763,92719660
2015-03-13,9.460317611694336,9.546445779275409,9.432756624352622,9.474098433918078,78159478
2015-03-16,9.680807113647461,9.718703064254813,9.463763742152087,9.536111751685823,134282706
2015-03-17,9.780715942382812,9.818612551980122,9.649801397482992,9.687698007080304,162677294
2015-03-18,9.928854942321777,9.949525518319932,9.735928033092208,9.85306239225803,175053358
2015-03-19,9.83928108215332,9.887513299897684,9.742817960876058,9.887513299897684,162275144
2015-03-20,10.145899772644043,10.287149933964155,9.804831604757485,9.822057634861071,290968778
2015-03-23,10.531753540039062,10.545534363981343,10.214801817531017,10.214801817531017,229093408
2015-03-24,10.321599006652832,10.569648543084552,10.145898127821367,10.542087556492778,177022726
2015-03-25,10.469740867614746,10.63166225909396,10.266478319621656,10.345716740967283,156245762
2015-03-26,10.828033447265625,10.952058220160103,10.39050219364858,10.462850196872283,156645132
2015-03-27,10.714344024658203,11.093308087994492,10.638550817727488,10.762575587537194,135051158
2015-03-30,10.803916931152344,10.921051284903797,10.610989373734814,10.883154683070758,134118432
2015-03-31,10.628215789794922,10.945167466183005,10.610989762373649,10.807362532341612,140981704
2015-04-01,10.8314790725708,10.94172302736854,10.555868528470649,10.628216534497792,125300170
2015-04-02,10.810807228088379,11.162210964109192,10.676447497899707,10.952058026445254,121046710
2015-04-03,10.800472259521484,10.921051824589691,10.6833378999816,10.741905079751541,86818666
2015-04-07,11.193217277526855,11.206996785588837,10.810807344705749,10.859039565557321,150461572
2015-04-08,11.317240715026855,11.441265486842745,11.062302074482231,11.224223450376481,148849920
2015-04-09,11.082972526550293,11.399924882454538,10.886601056909221,11.19666234425196,128210096
2015-04-10,11.482608795166016,11.523949950730751,11.02440627839849,11.079528257222018,114046206
2015-04-13,11.58251667022705,11.713431864932028,11.506724769470834,11.579072121461085,102482400
2015-04-14,11.65141773223877,12.00971120409159,11.585960801774135,11.613521130418178,116759628
2015-04-15,11.386143684387207,11.920138069599531,11.379253273158534,11.544619200012002,98040070
2015-04-16,12.23364543914795,12.364560633559554,11.320687569659938,11.368919137545356,149411672
2015-04-17,12.192302703857422,12.457577607080774,12.016601827286884,12.237089717183828,139150064
2015-04-20,12.343892097473145,12.960568902895062,12.230202262521,12.28532424831882,199389582
2015-04-21,13.132823944091797,13.253404179345582,12.368006632803013,12.591939102482886,163559944
2015-04-22,13.160384178161621,13.470444790780967,12.895109266142208,13.194834919271036,134898596
2015-04-23,13.10526180267334,13.332640103984831,12.919224652269897,13.194834515342688,125888742
2015-04-24,13.263739585876465,13.308526607002861,12.833098690231125,12.908891908412453,126054962
2015-04-27,13.329195976257324,13.773617677547985,13.260294487180165,13.608251738181808,208326764
2015-04-28,12.684957504272461,13.435995295137598,12.443798351517405,13.353311668914392,226385256
2015-04-29,12.684957504272461,12.850323442507218,12.60916428975216,12.684957504272461,108108156
2015-04-30,12.560932159423828,12.81587212416562,12.557487610832489,12.746969324434467,105404844
2015-05-04,12.705628395080566,12.715963355249038,12.292212903590695,12.540262461326941,108841606
2015-05-05,12.292211532592773,12.626389225691794,12.268095752081654,12.626389225691794,96198520
2015-05-06,12.385231018066406,12.660840897204043,12.264650792423236,12.37489474407829,100953412
2015-05-07,12.49203109741211,12.643617540749588,12.4059029143201,12.4059029143201,84479750
2015-05-08,12.626392364501953,12.67806848663852,12.402458559274773,12.51959294268084,94544268
2015-05-11,12.68840217590332,12.736633739083493,12.354224467852797,12.705627546437448,142776494
2015-05-12,12.598827362060547,12.678065112953899,12.474802599197405,12.674620564746123,122231712
2015-05-13,12.843432426452637,13.150048504639894,12.543706759644053,12.598828736461856,162951092
2015-05-14,12.681512832641602,12.977792647725607,12.578157972311201,12.746969771867434,100835930
2015-05-15,12.312884330749512,12.664286124090676,12.264651449381699,12.664286124090676,108271506
2015-05-18,12.07516860961914,12.264650311965248,11.982150032639447,12.230199571251962,101323456
2015-05-19,12.392122268676758,12.502366227798966,12.030382881457127,12.030382881457127,99919374
2015-05-20,12.626392364501953,12.839989893932382,12.436909307365816,12.56782451569302,142507932
2015-05-21,13.060476303100586,13.081147538056403,12.67806699879368,12.736634840729337,133313118
2015-05-22,13.673707962036133,13.684044236225454,13.318860317877194,13.435994683067271,159896518
2015-05-25,15.041422843933105,15.041422843933105,13.825293561671572,13.825293561671572,187035366
2015-05-26,15.213680267333984,15.485845606583606,14.89328336198172,15.020752688711795,190871616
2015-05-27,15.01386547088623,15.330816553071909,14.710693899160793,15.227462996455351,206057122
2015-05-28,14.817331314086914,16.143941751327283,14.740120729472737,15.154248038022873,164374219
2015-05-29,14.143492698669434,14.501467122990347,13.406487397224295,14.178589017987772,205025262
2015-06-01,14.578678131103516,14.641850169014502,13.687251675059796,14.143493129804243,167929284
2015-06-02,14.726080894470215,14.985788349592118,14.304934357433906,14.56464181255581,157549839
2015-06-03,14.178589820861816,14.669926270051667,14.038207213214564,14.529545001192181,155608146
2015-06-04,14.024168968200684,14.171570843088906,12.971303405925177,14.171570843088906,172066272
2015-06-05,14.052245140075684,14.382142513497737,13.687251446850617,14.199645666885203,162813479
2015-06-08,14.361083030700684,14.501465615808263,14.003109982372706,14.403198609505488,218170388
2015-06-09,15.224435806274414,15.547313923381994,14.304932287476232,14.361085061703106,280397348
2015-06-10,14.950691223144531,15.161265149778654,14.676946591186823,14.985787546977484,208104268
2015-06-11,14.908575057983398,15.161263201965594,14.676944705595616,14.950689302384534,152577778
2015-06-12,14.901555061340332,15.350778555083586,14.8243458401996,15.231453752825043,171819406
2015-06-15,14.2698392868042,15.091074560631968,14.150514457656987,14.915596949461829,188625442
2015-06-16,14.2628173828125,14.543581240980526,13.975034260841815,14.178588894755933,145496865
2015-06-17,14.08031940460205,14.290893285334153,13.617058741294024,14.262816232388177,154641963
2015-06-18,13.371391296386719,14.017148855730861,13.33629631528264,13.897824045674191,141656801
2015-06-19,12.550156593322754,13.336296782181096,12.529100139438212,13.202933439498711,146584410
2015-06-23,13.448603630065918,13.497737145588554,12.360643007302793,12.59929265880235,159407264
2015-06-24,13.834650993347168,14.227721714561948,13.195912744857667,13.532830697154282,175860799
2015-06-25,13.153799057006836,13.89782361121358,12.985340743155556,13.84167083992982,133093360
2015-06-26,12.367660522460938,13.546868744536619,11.94651405946863,12.844958419145339,203538850
2015-06-29,12.206220626831055,12.837941016418982,11.258642720024673,12.676500617531094,235535832
2015-06-30,13.266106605529785,13.308220855663745,12.079877626655655,12.206221715845404,202579488
2015-07-01,12.634387969970703,13.441584711405692,12.494005345900305,12.98534319135878,172009791
2015-07-02,12.423815727233887,12.99236282724852,12.002669181790914,12.795827415698342,154088178
2015-07-03,11.974589347839355,12.77476800052902,11.448156622632737,12.77476800052902,170480385
2015-07-06,12.76072883605957,13.167836736340579,11.981608013243942,13.167836736340579,279454697
2015-07-07,12.290451049804688,12.788806782474747,11.806132507410481,12.47996717580083,228391280
2015-07-08,11.567483901977539,12.46592976050715,11.062108859622848,11.265662194081344,416263691
2015-07-09,12.72563648223877,12.72563648223877,11.265662729484973,11.721905614985785,259504174
2015-07-10,13.982054710388184,13.98907397478611,12.746692290896673,13.125724535657977,308853257
2015-07-13,13.834650993347168,14.424255736381724,13.413505895854726,13.897823025728556,393126531
2015-07-14,13.013420104980469,13.617062168586976,12.985343044967749,13.617062168586976,246684518
2015-07-15,13.181877136230469,13.399468974512741,12.360641955655941,12.809864160829093,174081062
2015-07-16,12.97832202911377,13.336296463255685,12.634386123084335,13.18187667038157,114950030
2015-07-17,13.329277038574219,13.532831677389073,12.978321872717748,13.125723738547077,161081138
2015-07-20,13.125725746154785,13.399470388980589,13.055534434490037,13.195915719031614,128010195
2015-07-21,12.936208724975586,13.11168632278852,12.844959624391677,13.11168632278852,117368504
2015-07-22,13.055533409118652,13.181877492434648,12.887075077626594,12.887075077626594,105477903
2015-07-23,13.076591491699219,13.1818791334282,12.78880830555942,13.055535034383805,160783510
2015-07-24,13.139761924743652,13.631099729740352,13.034475634755163,13.181877511769297,177667838
2015-07-27,11.883343696594238,13.132743394917712,11.827190916206531,12.985342848445438,162936015
2015-07-28,11.974589347839355,12.114971943409515,11.23758406806515,11.637672725016156,164207557
2015-07-29,12.220259666442871,12.248336724393694,11.82017096215833,12.002667822475242,109166029
2015-07-30,11.848246574401855,12.192183837256657,11.827190119916565,12.192183837256657,90856379
2015-07-31,12.093915939331055,12.136031527497332,11.651712973887943,11.792094251411983,92060844
2015-08-03,12.522079467773438,12.529098731208595,11.911416936790786,11.93949399053142,127191922
2015-08-04,12.627367973327637,12.6484257673546,12.283432036947644,12.494004622065894,76002859
2015-08-05,12.262372970581055,12.613328135221714,12.220258725684735,12.613328135221714,63032805
2015-08-06,12.121992111206055,12.276411906820769,11.974590240984405,12.10795358284442,39107072
2015-08-07,12.290451049804688,12.38169881114293,12.15708770127542,12.213240478742298,46960004
2015-08-10,12.739672660827637,12.87303600298469,12.241316951969424,12.360641765733577,101215314
2015-08-11,12.571215629577637,12.809865281653947,12.529101378854726,12.704578985452725,73569312
2015-08-12,12.374679565429688,12.70457830498862,12.360642375132484,12.430832342981958,59923987
2015-08-13,12.430830955505371,12.620347060636735,12.185163417876943,12.620347060636735,53944109
2015-08-14,12.472947120666504,12.599291196655564,12.37467876223738,12.494003574139525,66551152
2015-08-17,12.950246810913086,13.006399586739994,12.458909018336804,12.529100322817383,128168448
2015-08-18,11.960553169250488,12.915150347854857,11.70786501140251,12.915150347854857,145726987
2015-08-19,12.171126365661621,12.269393392624266,11.623635775181524,11.792094109455132,100133084
2015-08-20,11.820171356201172,12.086896721686612,11.79209429731436,11.96757189899337,69111397
2015-08-21,11.37094783782959,11.785075038041592,11.265660217703923,11.764017246258918,82248406
2015-08-24,10.23385238647461,11.090183162164958,10.23385238647461,11.019991862582826,161010691
2015-08-25,9.637228965759277,10.514616919789534,9.342427229047486,9.67934388208604,158574133
2015-08-26,10.219816207885742,10.388274551297442,9.686364117688074,9.826746070531156,146493510
2015-08-27,11.041048049926758,11.16037284747763,10.247890046526893,10.500577498720265,119937207
2015-08-28,11.181432723999023,11.43412089274543,10.683076320452832,11.055088639625819,141031872
2015-08-31,11.30777645111084,11.356909962639675,10.67605671859748,10.935763474297435,108961382
2015-09-01,11.363930702209473,11.370949967451642,10.746249418172066,11.055089725493781,132115487
2015-09-02,11.23056697845459,11.370949601200437,10.956821667372935,10.956821667372935,169341851
2015-09-07,10.605865478515625,11.546426153366385,10.535674842961377,11.090184009991244,97200058
2015-09-08,10.823457717895508,10.879610492693383,10.332120603717161,10.528655315509724,57082587
2015-09-09,10.956820487976074,11.153355870907525,10.823457813995482,10.830477078256008,65995686
2015-09-10,11.08316421508789,11.209508290189142,10.809418942166467,10.844514592960577,65529504
2015-09-11,11.019993782043457,11.28671982976248,10.949803139629372,11.23056704807363,39025541
2015-09-14,10.963838577270508,11.181431060270835,10.528654280663668,11.01999134654921,95371126
2015-09-15,10.767304420471191,10.837495050864664,10.563750454360585,10.837495050864664,44530925
2015-09-16,11.272679328918457,11.567481715943636,10.669036696597004,10.725189468469054,56231589
2015-09-17,10.90768814086914,11.272681219243443,10.886631015234496,11.265661954233911,49314216
2015-09-18,11.05508804321289,11.202489243898151,10.970858881306153,11.019992391736615,29896299
2015-09-21,11.216526985168457,11.251623305670376,10.921725256284873,11.019992276114777,45388130
2015-09-22,11.181432723999023,11.300757543819513,11.090184292995477,11.251624030738338,37142255
2015-09-23,11.012972831726074,11.181431820408188,10.984896445178032,11.076144868807635,28242610
2015-09-24,11.041048049926758,11.097201486474626,10.949800305346713,11.041048049926758,28589402
2015-09-25,10.809418678283691,11.076144680656126,10.781342292212585,11.076144680656126,35261438
2015-09-28,10.823457717895508,10.886629756891585,10.619903741904741,10.739228555698695,24851333
2015-09-29,10.718171119689941,11.005954249478618,10.6128841679713,10.669036941130365,28547526
2015-09-30,10.795382499694824,10.865573141097254,10.690095533500253,10.816439625176159,21290698
2015-10-08,11.132298469543457,11.202489775828921,11.019992915001838,11.188451246814266,54133612
2015-10-09,11.132298469543457,11.195470511321593,11.069127097159226,11.090184221287304,29411638
2015-10-12,11.34287166595459,11.651712608893478,11.139317681951466,11.139317681951466,126859001
2015-10-13,11.434121131896973,11.60959873302157,11.244605001373323,11.33585276489146,51123297
2015-10-14,11.223546981811523,11.50431087021321,11.209509122088395,11.420082373086617,45415650
2015-10-15,11.349891662597656,11.363930192452262,11.146337665463495,11.181433320706065,49909603
2015-10-16,11.420082092285156,11.476234868584788,11.307776539685895,11.420082092285156,70575808
2015-10-19,11.567483901977539,11.581522432295486,11.370949832678017,11.441139806691881,82777908
2015-10-20,11.30777645111084,11.511329761557123,11.167393842067499,11.511329761557123,154286322
2015-10-21,10.830476760864258,11.314795270345313,10.809418968699784,11.314795270345313,119505182
2015-10-22,10.89365005493164,10.949802835058591,10.718172449686431,10.851535135139457,97788993
2015-10-23,10.99893569946289,11.055088476267022,10.830477369050502,10.928744393760779,103513803
2015-10-26,11.069127082824707,11.153356248621844,10.970859388031094,11.13229845512713,92746774
2015-10-27,10.970858573913574,11.06912626141501,10.809418849403635,11.06912626141501,68739810
2015-10-28,10.767304420471191,10.914705614509483,10.725189506720033,10.907686350651982,69648512
2015-10-29,10.921724319458008,10.991914946259541,10.74624674836346,10.802399517562211,64905886
2015-10-30,11.181432723999023,11.511330125249637,11.132298541523937,11.377966776323719,260045796
2015-11-02,10.739228248596191,10.935762954768583,10.5426935424238,10.760285371194769,146310468
2015-11-03,10.647979736328125,10.760285281779113,10.528654926937987,10.725189631477217,102611919
2015-11-04,10.98489761352539,11.019993267791662,10.669038063916807,10.697114453451038,128094437
2015-11-05,11.17441177368164,11.392003586838715,10.970857818118338,11.012972060293471,177512505
2015-11-06,11.237585067749023,11.29373784321485,11.104221723972273,11.146336640268585,117565167
2015-11-09,11.37094783782959,11.539406155727875,11.160373936365959,11.230565236853836,153194025
2015-11-10,11.216526985168457,11.335851797299513,11.139317088245836,11.293737551484945,111152962
2015-11-11,11.153355598449707,11.2656604769053,11.076145032257804,11.188450580107263,87837323
2015-11-12,11.24460506439209,11.293738578776283,11.125280241407111,11.125280241407111,80319063
2015-11-13,10.956820487976074,11.202489381943446,10.935763364588377,11.195470117682918,72153638
2015-11-16,10.963838577270508,10.977877104287089,10.774323148303344,10.802399532942696,51426416
2015-11-17,11.03403091430664,11.223546361149092,10.977878139731553,10.991915998678389,74081412
2015-11-18,10.900668144226074,11.048069352563186,10.886630284543159,11.027012228341858,42125422
2015-11-19,10.956820487976074,10.9638397522366,10.858553465904233,10.91470624120068,35636251
2015-11-20,10.94980239868164,10.984897382816907,10.893649620792518,10.956820993872347,61931329
2015-11-23,10.865572929382324,10.949802768454349,10.851535069132945,10.949802768454349,47957897
2015-11-24,10.830476760864258,10.865571742350651,10.725189808223485,10.865571742350651,50027166
2015-11-25,10.816437721252441,10.837494843027272,10.73922782848217,10.795380599477609,50380251
2015-11-26,10.865572929382324,10.935764238811032,10.816439414418591,10.844515804311287,53005677
2015-11-27,10.472501754760742,10.87960967618922,10.423368247848494,10.872590412517805,76044433
2015-11-30,10.353178024291992,10.570770534929071,10.107509125449539,10.47250284151331,61276803
2015-12-01,10.395292282104492,10.444425790999741,10.254909680585747,10.353177367770098,36485649
2015-12-02,10.802399635314941,10.921724438511452,10.353176807434322,10.395291719489368,86435234
2015-12-03,10.767304420471191,10.893648492330826,10.676055998505218,10.739228034435033,62723540
2015-12-04,10.584808349609375,10.77432447124029,10.528655573435895,10.711152430696652,58033374
2015-12-07,10.633941650390625,10.669037302151079,10.556731752032732,10.633941650390625,30728996
2015-12-08,10.409331321716309,10.605866048990997,10.38827419685679,10.605866048990997,40848577
2015-12-09,10.388273239135742,10.458463871994402,10.31106267277919,10.35317758800948,29637306
2015-12-10,10.339138984680176,10.486540182824411,10.31808186191496,10.395292427710523,29468305
2015-12-11,10.247891426086426,10.353177711325404,10.21279577454214,10.31808205978112,28693431
2015-12-14,10.458463668823242,10.500578583235388,10.15664268154598,10.177699804055125,45230689
2015-12-15,10.493560791015625,10.52163718143022,10.402312354819705,10.493560791015625,28471652
2015-12-16,10.416351318359375,10.507599758353992,10.388274926775953,10.47952336677057,28475432
2015-12-17,10.598845481872559,10.683074635034957,10.44442503304459,10.486539274928887,60334357
2015-12-18,11.314794540405273,11.356908783229617,10.535673684822882,10.605864312661396,193680691
2015-12-21,12.444869995117188,12.444869995117188,11.532387089495554,11.532387089495554,207066339
2015-12-22,12.873035430908203,13.68725129848425,12.781786339197199,13.125723575599974,520100212
2015-12-23,12.739672660827637,13.083608573727195,12.47294731530128,12.837941020790192,239698475
2015-12-24,12.058820724487305,12.592272781987813,11.707865529193905,12.550157194625372,218652048
2015-12-25,12.002669334411621,12.164108421601362,11.897383031409094,11.995650069039723,88687234
2015-12-28,11.567483901977539,12.129013065604022,11.511331119493684,12.129013065604022,138166710
2015-12-29,11.651712417602539,11.72892164797883,11.406043520179576,11.588540377156983,85406064
2015-12-30,11.609597206115723,11.69382569385652,11.455176080611473,11.658730713762466,61061803
2015-12-31,11.532388687133789,11.834210389067117,11.511330892072891,11.644694249882761,76119126
2016-01-04,10.647979736328125,11.469214874180796,10.58480769966348,11.469214874180796,71960631
2016-01-05,10.872590065002441,11.019991250421704,10.465482156586159,10.465482156586159,110693714
2016-01-06,10.90768814086914,10.970860187167029,10.655000625071546,10.858554624590319,70373718
2016-01-07,10.17770004272461,10.739228454822673,10.07241375831604,10.739228454822673,20100457
2016-01-08,10.472501754760742,10.63394080284032,9.946069028493522,10.528654525344406,108403246
2016-01-11,10.12154769897461,10.388273722801237,10.03731853398629,10.268948905052644,84771328
2016-01-12,10.261930465698242,10.36019816744912,10.058376466595245,10.233854075111413,55131579
2016-01-13,10.107508659362793,10.486540217354051,10.051355885541412,10.346158282800598,45180376
2016-01-14,10.268948554992676,10.3180820655458,9.805687828652145,9.861840603396823,68152743
2016-01-15,10.016261100769043,10.297024975392992,9.93203126898798,10.184719425543411,44778420
2016-01-18,10.009241104125977,10.191737943974225,9.840782791678592,9.868859177086488,36351861
2016-01-19,10.304044723510742,10.318082583204253,9.953089529052136,10.009242306613999,52377996
2016-01-20,10.04433822631836,10.423369819609961,10.002223307333102,10.247892217726925,47178530
2016-01-21,9.826746940612793,10.142606529825116,9.812708409388506,9.93905251283104,47822307
2016-01-22,9.826746940612793,9.98818603332802,9.60915439239443,9.953091044055327,47291521
2016-01-25,9.833765029907227,9.932032059146458,9.728478066501568,9.84780289005829,32842426
2016-01-26,9.110795974731445,9.756553546954548,9.089738851770264,9.756553546954548,69736044
2016-01-27,9.131853103637695,9.237139380188198,8.78089795594426,9.145890961460646,64732319
2016-01-28,9.012529373168945,9.251179009124181,8.998490844280331,9.08973927387462,41360819
2016-01-29,9.363485336303711,9.482810164140394,8.991472992139089,9.019549382842193,52826265
2016-02-01,9.286273956298828,9.461751550357935,9.180987667620924,9.405598773810532,28667559
2016-02-02,9.440692901611328,9.517903458938143,9.300310982917743,9.300310982917743,26834722
2016-02-03,9.342428207397461,9.39156172376243,9.251179770295405,9.356466068047185,20363846
2016-02-04,9.440692901611328,9.538960579393732,9.356463750395177,9.37050227696143,25690462
2016-02-05,9.377521514892578,9.482808463189146,9.37050292052121,9.447712813756956,16648320
2016-02-15,9.237138748168945,9.300310777534449,9.054641923200556,9.124833215694176,20027049
2016-02-16,9.503867149353027,9.560019929929304,9.293293887495018,9.293293887495018,33658539
2016-02-17,9.658286094665527,9.749534515939112,9.461750724509878,9.489827779726834,39683813
2016-02-18,9.567038536071777,9.71443974228307,9.545981412154136,9.672324825053886,28613689
2016-02-19,9.510886192321777,9.59511536122057,9.454733413055916,9.567038971587639,20426387
2016-02-22,9.714439392089844,9.749535043616694,9.54598106803362,9.616171701693442,41792096
2016-02-23,9.588095664978027,9.73549687126601,9.531942888239167,9.728477606825177,29003886
2016-02-24,9.74953556060791,9.805688338270945,9.468771002898817,9.560019433949728,44162178
2016-02-25,9.103777885437012,9.749535493511747,9.040605843652367,9.749535493511747,58028852
2016-02-26,9.188007354736328,9.244160133867064,9.06868253173503,9.13185457560559,36214156
2016-02-29,9.117815017700195,9.24415909119059,8.844070417662813,9.223101968740142,52536301
2016-03-01,9.244159698486328,9.265216822320125,8.914261634585317,9.166949798166474,31988106
2016-03-02,9.567038536071777,9.5951149244266,9.230121206420012,9.272236123649195,61181241
2016-03-03,9.72145938873291,9.742516513478009,9.475790478929031,9.545981787271261,64104557
2016-03-04,10.07241439819336,10.142605035793498,9.553000199103986,9.735497061773389,130657666
2016-03-07,9.981165885925293,10.170681342242263,9.896936719851759,9.967127356882749,47943635
2016-03-08,9.80568790435791,9.953089106549184,9.58809539849693,9.953089106549184,41675420
2016-03-09,9.517905235290527,9.665306444777126,9.405599009981856,9.644248650997673,46665038
2016-03-10,9.426656723022461,9.588095790918729,9.41963745848943,9.503866624704079,28027526
2016-03-11,9.377521514892578,9.468769935658736,9.314350149187241,9.377521514892578,23864334
2016-03-14,9.545982360839844,9.630211534275059,9.384542609710207,9.44771465713511,46255072
2016-03-15,10.002223014831543,10.030299403536015,9.482809489101847,9.538962266510792,79942097
2016-03-16,9.784629821777344,10.135584990942,9.763572699057745,9.875878246087417,50635997
2016-03-17,9.896936416625977,9.974146315812654,9.756553808077271,9.791649460214447,41194883
2016-03-18,10.030298233032227,10.142603774744417,9.910973427614564,9.910973427614564,51818778
2016-03-21,10.240872383117676,10.423369239575075,10.03731840303639,10.121547566925829,62617183
2016-03-22,10.100489616394043,10.205775895287783,10.072413230729456,10.198756631523178,33039124
2016-03-23,10.191739082336426,10.297025372027493,10.093471387735898,10.107509247310885,31598585
2016-03-24,9.910974502563477,10.177700527756075,9.903955238096694,10.177700527756075,51178903
2016-03-25,9.946070671081543,10.002223450938807,9.861841501295647,9.903955751491626,20469361
2016-03-28,9.896936416625977,10.205776682766574,9.88289788801355,9.995203439337404,41823691
2016-03-29,9.784629821777344,9.939050283640073,9.756553435019924,9.939050283640073,27489687
2016-03-30,10.037320137023926,10.079434391547107,9.847803983487587,9.847803983487587,37363333
2016-03-31,10.22683334350586,10.353177417724806,10.093470674692192,10.184719098362114,75896202
2016-04-01,10.156644821166992,10.268950390732776,10.009243593763403,10.226835467448609,53930482
2016-04-05,10.318082809448242,10.409331242335549,10.079433164880507,10.142605208371252,61705662
2016-04-06,10.28298568725586,10.374234107115662,10.21279505848251,10.311062072643965,36698764
2016-04-07,10.13558578491211,10.39529321950471,10.12856718971835,10.325101912415805,33672750
2016-04-08,10.06539535522461,10.135585994370132,9.988184781952427,10.12856739903133,27789121
2016-04-11,10.191739082336426,10.23385333045529,10.128567040764223,10.170681288883088,33155486
2016-04-12,10.13558578491211,10.205777092001014,10.086452271586225,10.191739232219582,21092722
2016-04-13,10.17068099975586,10.416349894576467,10.107508959979482,10.177700264040766,78324751
2016-04-14,10.25490951538086,10.30404369287842,10.19173814898773,10.219814534960403,23571246
2016-04-15,10.219816207885742,10.311063975188281,10.184720552326484,10.311063975188281,27174100
2016-04-18,10.100489616394043,10.205775895287783,10.079431825100226,10.205775895287783,25104417
2016-04-19,10.17068099975586,10.205776651786502,10.114528224264387,10.14962387629503,27094602
2016-04-20,9.917993545532227,10.29702511615284,9.81270658906357,10.198757423994204,67410265
2016-04-21,9.875879287719727,9.974146986432146,9.8688606923355,9.925013471772903,25544285
2016-04-22,9.960107803344727,9.974146331979908,9.833764392597542,9.868860044791607,19894832
2016-04-25,9.960107803344727,9.974146331979908,9.833764392597542,9.974146331979908,15448695
2016-04-26,9.967126846313477,10.030298884981095,9.88289768455461,9.946069723222228,15435652
2016-04-27,10.100489616394043,10.198756631523178,9.939049896777295,9.96712628244188,30558275
2016-04-28,10.275968551635742,10.367216984448328,10.12154807538414,10.12154807538414,59812402
2016-04-29,10.549714088439941,10.711153843274657,10.297026562335061,10.31808368882864,94620041
2016-05-03,10.802399635314941,10.970857944747491,10.577787886677722,10.598845677402155,97930434
2016-05-04,10.676055908203125,10.858552750591446,10.598846014605222,10.809418573398382,52710757
2016-05-05,10.802399635314941,10.914705174936643,10.640959920063384,10.67605556854362,45182451
2016-05-06,10.520410537719727,10.867475292087175,10.498719162960855,10.845783917328301,54405541
2016-05-09,10.549332618713379,10.665020870368012,10.303494739169096,10.426413678941238,41753247
2016-05-10,11.041007995605469,11.16392624156629,10.469796066110186,10.484257441844605,80760278
2016-05-11,11.156696319580078,11.344689378519176,10.947011196890951,11.062699445332353,99794246
2016-05-12,11.062699317932129,11.315767186094225,10.867474883768246,11.113312753653279,49610600
2016-05-13,10.889165878295898,11.221769900861545,10.80962969904907,11.069928919047744,44987143
2016-05-16,11.192849159240723,11.200079847660763,10.75901819738434,10.845784389755616,42195260
2016-05-17,11.09885311126709,11.265154809736185,10.968703476252033,11.17115792773158,30750991
2016-05-18,10.939781188964844,11.250693893143959,10.88916774951481,11.004856005147115,47165087
2016-05-19,10.983162879943848,11.098851813966146,10.91085807193078,10.918088759598986,20652598
2016-05-20,11.113313674926758,11.14946642753444,10.896397848837076,10.918089914135525,25836216
2016-05-23,11.149465560913086,11.380842056327658,11.098852124930236,11.135004185171502,31047635
2016-05-24,11.03377628326416,11.221770013018507,10.990392849645357,11.163925205008006,14944663
2016-05-25,10.89639663696289,11.127773814184927,10.853013890303732,11.077159690340808,30876538
2016-05-26,10.881937026977539,10.932550466268639,10.70117395573059,10.903628402451382,27417080
2016-05-27,10.910858154296875,10.961471589243736,10.773477845789206,10.874705405239261,13769837
2016-05-30,10.845784187316895,10.910859002769818,10.708404557682359,10.903628314484742,15270396
2016-05-31,11.142234802246094,11.192848237907352,10.831322121340996,10.838552809165845,44765694
2016-06-01,11.09885311126709,11.192849303715285,10.99039485223574,11.1422358632345,38585465
2016-06-02,11.229000091552734,11.279614212732016,11.055467734939944,11.098851168871287,41891874
2016-06-03,11.771292686462402,11.886980951464887,11.272386181693628,11.279616870645395,108429008
2016-06-06,11.677292823791504,12.046049613483357,11.633910077684412,11.81467312876203,58342237
2016-06-07,11.865286827087402,11.952053700349744,11.677293084279546,11.677293084279546,42909472
2016-06-08,11.771292686462402,12.038821282113307,11.749600619607099,11.792983374204804,26879386
2016-06-13,11.416994094848633,11.749598131064085,11.395302722143972,11.655601952825121,32099105
2016-06-14,11.612218856811523,11.670062982184813,11.409764418005011,11.409764418005011,28955251
2016-06-15,11.735137939453125,11.850826191617662,11.460378685340537,11.532683498165184,47257392
2016-06-16,11.756829261779785,11.952053692151651,11.684523763962872,11.74236788639387,27814116
2016-06-17,11.800210952758789,11.908668500221362,11.684522718250372,11.698984092342059,21947424
2016-06-20,11.807443618774414,11.923131872672595,11.641141926184874,11.872518433981238,22926826
2016-06-21,11.792981147766113,11.97374420009471,11.785750460179452,11.814673210526097,22201618
2016-06-22,11.800210952758789,11.872516444104683,11.684522718250372,11.792980265712945,18020454
2016-06-23,11.648372650146484,11.792982278406075,11.568836458180407,11.792982278406075,24127004
2016-06-24,11.431456565856934,11.641141694258938,11.294076249922577,11.641141694258938,29764835
2016-06-27,11.771292686462402,11.814675441060109,11.35915238044549,11.402535824599648,32955797
2016-06-28,11.778522491455078,11.821905242796978,11.691755609658477,11.764061114636844,24678904
2016-06-29,11.901439666748047,11.980975857527033,11.727907287958873,11.771291416990731,35065623
2016-06-30,12.0532808303833,12.089432890541518,11.865287083512639,11.879748459221005,38454732
2016-07-01,12.2412748336792,12.335271019527177,12.038819706859226,12.06051177087617,43225449
2016-07-04,12.270195960998535,12.328040084773233,12.154507713449139,12.183430464892835,45606977
2016-07-05,12.291889190673828,12.472652267007268,12.219583684317888,12.25573712705227,38179474
2016-07-06,12.530496597290039,12.55941935194154,12.111126308633223,12.241275946339277,48806042
2016-07-07,12.552186965942383,12.81971551472868,12.49434284357405,12.53049490288701,45484490
2016-07-08,12.516033172607422,12.769101717960023,12.450958364399249,12.458189051879337,34691953
2016-07-11,12.906481742858887,13.282469209020077,12.544955651345262,12.581107708851588,79920463
2016-07-12,13.448771476745605,13.521076974078476,12.906482315418062,12.906482315418062,99116593
2016-07-13,13.231857299804688,13.593383470609329,13.087247658950568,13.521079339738717,71006803
2016-07-14,13.477693557739258,13.701840749182564,13.116167431155155,13.217395684395358,55159646
2016-07-15,13.376466751098633,13.521077754106955,13.231855748090311,13.484924313798507,44115540
2016-07-18,13.116168022155762,13.376467286341198,13.01494114346711,13.376467286341198,51198842
2016-07-19,12.776334762573242,13.217397126442805,12.552188925787851,13.145091617414746,78036049
2016-07-20,12.899250984191895,13.014939222507397,12.67510519484468,12.761870684025014,45298581
2016-07-21,12.935403823852539,13.043862760556609,12.776332831325995,12.870329013475164,36686758
2016-07-22,12.689565658569336,12.971556956592915,12.660644287479498,12.906482147749983,44233654
2016-07-25,12.899250984191895,13.007708535223605,12.69679587758347,12.69679587758347,34807286
2016-07-26,13.45600414276123,13.47769482977131,12.884792146872947,12.942636277421254,68479692
2016-07-27,13.094476699829102,13.643996575784797,12.88479088517864,13.48492419801887,94134058
2016-07-28,13.513847351074219,13.636766292490032,12.913714020423544,13.12339846218419,85646887
2016-07-29,13.405390739440918,13.709071391357515,13.289701098899014,13.557231065399217,59562606
2016-08-01,13.022170066833496,13.354773411223489,12.80525358304156,13.289698603997168,47674118
2016-08-02,12.892023086547852,13.058324792722502,12.696798624979586,13.014942038744959,48450017
2016-08-03,13.000479698181152,13.137860017900136,12.812485939384851,12.870330066775038,35723331
2016-08-04,12.957097053527832,13.014941181391729,12.783564669936144,13.000479804647556,27141804
2016-08-05,13.051092147827148,13.152320397420228,12.870329091047754,12.964326652876139,25911640
2016-08-08,13.072786331176758,13.087247709051399,12.805256356947487,13.051094264364794,25472589
2016-08-09,13.333084106445312,13.35477479168782,12.971557975200904,13.014940724798665,38701037
2016-08-10,13.181241989135742,13.376466424699485,13.145089928822175,13.376466424699485,24123602
2016-08-11,13.130629539489746,13.304161924434343,13.116168162632828,13.181242979376153,21936372
2016-08-12,13.108938217163086,13.3330854338106,12.870331001951923,13.23908785802606,43961334
2016-08-15,13.376466751098633,13.499385689921885,13.137859561513814,13.159551625698883,64079036
2016-08-16,13.45600414276123,13.817530303466365,13.35477587996705,13.398160012212923,68848290
2016-08-17,13.448771476745605,13.694609340209771,13.304160482079865,13.46323285203471,36726498
2016-08-18,13.072786331176758,13.492156635751066,12.993250131979128,13.44877388124004,77908630
2016-08-19,12.935403823852539,13.080014820049518,12.834176953982254,13.02217069739326,39295357
2016-08-22,13.065553665161133,13.29693015969193,13.00047885368526,13.014940229371607,42255352
2016-08-23,13.043862342834473,13.145089209463025,12.935403409603737,13.072783713680076,24241480
2016-08-24,12.964324951171875,13.137857297408623,12.863098093978563,12.971555637987468,24252225
2016-08-25,12.949868202209473,13.02217371707472,12.82694924067245,12.96432958100512,33892198
2016-08-26,12.949868202209473,13.087248542542143,12.88479337674205,13.007712338279074,30655244
2016-08-29,12.168970108032227,12.826947588226615,12.082203225549174,12.81248621129397,154800016
2016-08-30,12.219583511352539,12.291889016685012,12.067743191355872,12.219583511352539,64139131
2016-08-31,12.183430671691895,12.234044108464772,12.04605035822786,12.226813420481115,36570569
2016-09-01,12.074972152709961,12.219581763578502,12.060510777889323,12.154506955998244,30590512
2016-09-02,11.908670425415039,12.12558693452014,11.749599422028176,12.074973496129445,55064072
2016-09-05,11.821904182434082,11.995436551349536,11.792981431391834,11.959284491659403,43558929
2016-09-06,12.10389232635498,12.1111230130503,11.76405832634988,11.84359312177343,61825068
2016-09-07,12.03158950805664,12.060512261255228,11.88697987940204,12.060512261255228,41552307
2016-09-08,11.9303617477417,12.024357930459784,11.858056249205578,12.002667246277822,27733636
2016-09-09,11.850825309753418,11.952053557199179,11.843594622142103,11.901438743919975,26935523
2016-09-12,11.547144889831543,11.78575139307117,11.510992138592917,11.677293828911669,53931877
2016-09-13,11.590527534484863,11.691754403544397,11.56160478383205,11.58329684682166,24825749
2016-09-14,11.648372650146484,11.713447465552772,11.445917515647729,11.568836458180407,34212366
2016-09-19,11.648372650146484,11.648372650146484,11.648372650146484,11.648372650146484,0
2016-09-20,11.648372650146484,11.648372650146484,11.648372650146484,11.648372650146484,0
2016-09-21,11.648372650146484,11.648372650146484,11.648372650146484,11.648372650146484,0
2016-09-22,11.648372650146484,11.648372650146484,11.648372650146484,11.648372650146484,0
2016-09-23,11.648372650146484,11.648372650146484,11.648372650146484,11.648372650146484,0
2016-09-26,11.648372650146484,11.648372650146484,11.648372650146484,11.648372650146484,0
2016-09-27,11.648372650146484,11.648372650146484,11.648372650146484,11.648372650146484,0
2016-09-28,11.648372650146484,11.648372650146484,11.648372650146484,11.648372650146484,0
2016-09-29,11.648372650146484,11.648372650146484,11.648372650146484,11.648372650146484,0
2016-09-30,11.648372650146484,11.648372650146484,11.648372650146484,11.648372650146484,0
2016-10-10,11.648372650146484,11.648372650146484,11.648372650146484,11.648372650146484,0
2016-10-11,11.648372650146484,11.648372650146484,11.648372650146484,11.648372650146484,0
2016-10-12,11.648372650146484,11.648372650146484,11.648372650146484,11.648372650146484,0
2016-10-13,11.648372650146484,11.648372650146484,11.648372650146484,11.648372650146484,0
2016-10-14,11.648372650146484,11.648372650146484,11.648372650146484,11.648372650146484,0
2016-10-17,11.648372650146484,11.648372650146484,11.648372650146484,11.648372650146484,0
2016-10-18,11.648372650146484,11.648372650146484,11.648372650146484,11.648372650146484,0
2016-10-19,11.648372650146484,11.648372650146484,11.648372650146484,11.648372650146484,0
2016-10-20,11.648372650146484,11.648372650146484,11.648372650146484,11.648372650146484,0
2016-10-21,11.648372650146484,11.648372650146484,11.648372650146484,11.648372650146484,0
2016-10-24,12.50157356262207,12.812484859186439,12.291887756565405,12.812484859186439,167805387
2016-10-25,12.624492645263672,12.89202260623586,12.378656129141357,12.50157507675893,109215488
2016-10-26,13.427079200744629,13.441540575804252,12.47988120014132,12.624490813399671,189458819
2016-10-27,13.239086151123047,13.586152275048363,13.043863094111392,13.231855463217029,117718363
2016-10-28,12.87756061553955,13.231856064354197,12.819716488776196,13.202934690528902,81679397
2016-10-31,13.007709503173828,13.058322938814115,12.798025072790828,12.84140782060926,51242822
2016-11-01,13.065553665161133,13.123397788793833,12.892021294263035,13.014940229371607,48267682
2016-11-02,12.928173065185547,13.036632001294427,12.870328942846719,13.01493993825012,41645876
2016-11-03,12.899250984191895,13.043861971642565,12.83417617775035,12.877558922340517,36773711
2016-11-04,13.014941215515137,13.217396353125979,12.834178143077427,12.928174333935406,60135709
2016-11-07,13.014941215515137,13.072785343530692,12.906483647875069,12.949866399108537,30091432
2016-11-08,13.029400825500488,13.087244945672337,13.00047807585826,13.072783570851223,32725770
2016-11-09,12.957097053527832,13.058323932511453,12.798026046680317,13.029402558135901,44438741
2016-11-10,13.014941215515137,13.072785343530692,12.942635710717493,13.014941215515137,33931225
2016-11-11,13.029400825500488,13.036631512911047,12.935403268275854,13.02940082550049,30246341
2016-11-14,12.841408729553223,13.014941112222658,12.79802597866406,13.007710423889,59492104
2016-11-15,12.993250846862793,13.029404293538546,12.747412925919576,12.805257061487806,45579697
2016-11-16,13.007709503173828,13.080015002279675,12.928173316246127,12.986017439708267,31814466
2016-11-17,13.065553665161133,13.108936413107484,13.00047885368526,13.014940229371607,32427044
2016-11-18,12.920943260192871,13.072783558331325,12.892020510578341,13.05109149612043,17658311
2016-11-21,12.81971549987793,12.993247866781905,12.783563440606848,12.920943748239743,28705580
2016-11-22,12.884790420532227,12.964326606546988,12.82694629773404,12.863099736428326,24038715
2016-11-23,12.884790420532227,12.978787982024702,12.848638360950613,12.9281731678527,22736643
2016-11-24,13.665687561035156,14.099519196757951,12.848639106699306,12.848639106699306,159458229
2016-11-25,13.535537719726562,13.795836972892774,13.311391906784953,13.665687346309669,91658306
2016-11-28,13.383695602416992,13.954906089771692,13.123396384369888,13.730760307071433,425903639
2016-11-29,14.53334903717041,14.721342768731107,13.49938420314287,13.521076264938845,546125621
2016-11-30,14.301972389221191,14.598423667973261,13.817527381168102,14.46104336980856,343640626
2016-12-01,14.439352989196777,14.938259429685715,14.1790551160348,14.605656055434906,292156690
2016-12-02,13.897061347961426,14.316431525355526,13.88260135358489,14.258587410511943,171739571
2016-12-05,13.03663444519043,13.340316489176804,12.949867555860212,13.159553400592364,217698143
2016-12-06,13.094476699829102,13.311391823366447,13.03663257494496,13.12339807271481,95348694
2016-12-07,13.398158073425293,13.48492356713588,13.05109196124498,13.101706774874256,87814345
2016-12-08,13.231857299804688,13.513848650829077,13.159553168934076,13.513848650829077,45005605
2016-12-09,13.224624633789062,13.362003550868755,13.137857768006452,13.231853941751114,72159270
2016-12-12,13.072786331176758,13.152322530374386,12.602802583154103,13.087247709051399,108839806
2016-12-13,13.007709503173828,13.05109225099226,12.87755988060584,12.928173316246127,40822649
2016-12-14,12.798027038574219,13.058324944579393,12.783565660709236,13.014942190097347,35174814
2016-12-15,12.667875289916992,12.790794223107646,12.544956356726338,12.783563535377294,51366711
2016-12-16,12.711257934570312,12.761871369161515,12.559417630796702,12.631721749291188,22546005
2016-12-19,12.740180969238281,12.870329212896968,12.660644782186287,12.740180969238281,23737387
2016-12-20,12.653413772583008,12.790794079694024,12.559417591367673,12.783563392044742,35252478
2016-12-21,12.711257934570312,12.790794119849435,12.653413812307129,12.667875187651088,25469960
2016-12-22,12.769103050231934,12.790795114935452,12.68956685876513,12.718489611703156,20200786
2016-12-23,12.624492645263672,12.812486410979538,12.552188517699197,12.805255722400524,30935224
2016-12-26,12.588339805603027,12.725720121911236,12.36419398992008,12.66787599595716,24634242
2016-12-27,12.566646575927734,12.76910168755019,12.566646575927734,12.653413446369536,28477434
2016-12-28,12.50157356262207,12.638952491646094,12.458189436402485,12.638952491646094,26359433
2016-12-29,12.573878288269043,12.581108976321275,12.342501787048572,12.443728661554346,26772465
2016-12-30,12.725720405578613,12.81248590688743,12.573878709619015,12.617262839386202,35124886
2017-01-03,12.790793418884277,12.949864401612407,12.667874493422172,12.725718612515363,29032216
2017-01-04,12.942635536193848,12.94986622448739,12.747411089606533,12.805255216842095,35946942
2017-01-05,12.928173065185547,13.000478562887247,12.892021005891028,12.942634440548419,17001644
2017-01-06,12.761871337890625,12.978787830180538,12.740180654040492,12.978787830180538,27249614
2017-01-09,12.776334762573242,12.812486827530831,12.711259942359277,12.71849063117337,21439522
2017-01-10,12.892023086547852,12.92094584194147,12.783565512047554,12.826948266025097,31014829
2017-01-11,12.790793418884277,12.87032822069205,12.769101357057112,12.87032822069205,18374604
2017-01-12,12.660645484924316,12.834177865213958,12.653414796689818,12.798025803154237,19919560
2017-01-13,12.725720405578613,12.798025909411146,12.566648021324484,12.66064559004061,29013479
2017-01-16,12.964324951171875,12.986015632506158,12.610029571882786,12.826944659900597,64212613
2017-01-17,13.03663444519043,13.043865134227357,12.913715489788492,12.986019621931932,28070041
2017-01-18,13.116168022155762,13.159552152261861,12.971558392473801,13.029402520169144,25834654
2017-01-19,13.174012184143066,13.282471130577843,13.08001599356076,13.087246681930598,28916518
2017-01-20,13.217395782470703,13.289699905033853,13.195703718234117,13.202934406312979,23874681
2017-01-23,13.202932357788086,13.36923402046087,13.108934806459976,13.246315100417394,26321302
2017-01-24,13.166781425476074,13.268009683000557,13.108937297938994,13.159552116257625,15435532
2017-01-25,13.296931266784668,13.333084709010647,13.137860258328782,13.231856449890712,20155794
2017-01-26,13.311391830444336,13.42708008027413,13.275239769539796,13.318622518447789,17501886
2017-02-03,13.188474655151367,13.325854987351367,13.123399833536258,13.311393609411807,16573324
2017-02-06,13.123398780822754,13.231856348443543,13.080016029596996,13.188473597217786,22060666
2017-02-07,13.0800142288208,13.145089036256733,13.065552854032237,13.137858348862451,17799139
2017-02-08,13.087244987487793,13.10893567067616,12.949864684473477,13.101706362355113,23473988
2017-02-09,13.087244987487793,13.181241165900149,13.043862241998445,13.10893567067616,31116698
2017-02-10,13.130629539489746,13.195704356233069,13.087246788031797,13.101708164888715,28667036
2017-02-13,13.390928268432617,13.456003082561319,13.051092821513233,13.130629011917813,77471899
2017-02-14,13.159552574157715,13.448773221906853,13.11616844266072,13.362006338025695,48679537
2017-02-15,12.942635536193848,13.174012045136097,12.892022097251827,13.166781356842554,64670298
2017-02-16,12.899250984191895,13.014939222507397,12.841406865034143,12.913712358759478,39610092
2017-02-17,13.000479698181152,13.051093137258466,12.899252820026522,12.913714196652263,42121706
2017-02-20,13.15231990814209,13.246316087361054,12.957095483095827,12.993247541461745,77971287
2017-02-21,13.087244987487793,13.260777348557797,13.051091550319493,13.224625290502109,56714158
2017-02-22,13.362004280090332,13.369234967559539,13.072783676885209,13.145089172464644,101532659
2017-02-23,13.253546714782715,13.448771138944089,13.174010531803054,13.412617701629417,65289474
2017-02-24,13.210165977478027,13.253548729738556,13.137860470968594,13.22462735460248,31770451
2017-02-27,13.159552574157715,13.333084962807199,13.123399131243552,13.159552574157715,67324850
2017-02-28,13.058321952819824,13.188471565560608,13.01493920827709,13.137858133741988,44798253
2017-03-01,13.014941215515137,13.123398783155203,12.98601846195096,13.058323966748604,51751704
2017-03-02,12.986018180847168,13.094477125252258,12.964327495256363,13.036632998488834,27134523
2017-03-03,13.043862342834473,13.06555302619052,12.91371272624769,12.99324753040757,30038919
2017-03-06,13.0800142288208,13.087244916215083,12.993247359202021,13.036631483567714,37523568
2017-03-07,13.217395782470703,13.26077853183114,13.080015467197796,13.101707531434382,50422176
2017-03-08,13.224624633789062,13.282468751273287,13.159549829230242,13.188471198416082,26966946
2017-03-09,13.10170841217041,13.231856669000674,13.051093592215896,13.224627359548572,27454869
2017-03-10,13.159552574157715,13.282471521840204,13.05109362452806,13.101708444607887,31824599
2017-03-13,13.390928268432617,13.492155144138264,13.043863512488043,13.159551764469567,80937550
2017-03-14,13.390928268432617,13.456003082561319,13.289700013614222,13.405389644708496,51276805
2017-03-15,13.362004280090332,13.38369634249795,13.174010543228848,13.38369634249795,54974314
2017-03-16,13.195703506469727,13.427080004829243,13.174011442581254,13.36200519227654,64612052
2017-03-17,13.10170841217041,13.282471488955188,13.065554969345756,13.231856669000674,44182166
2017-03-20,13.210165977478027,13.231856664051877,13.043864277885309,13.108937716719687,49702211
2017-03-21,13.50661563873291,13.593381132498825,13.231855023877978,13.231855023877978,130112971
2017-03-22,13.658455848693848,13.730761345744593,13.362004551987177,13.4487714242706,131094202
2017-03-23,13.680147171020508,13.991059826129792,13.593380303433875,13.737991289707404,113536347
2017-03-24,13.84644889831543,13.918754391757465,13.658455167011171,13.766914096730513,116215078
2017-03-27,13.687379837036133,14.034444599332822,13.672918460495577,13.889833592152815,82287577
2017-03-28,13.484922409057617,13.723529564939252,13.456001040008728,13.716298877898895,57099305
2017-03-29,13.52830696105957,13.600612462018587,13.456002839213278,13.549999025081092,35447352
2017-03-30,13.470463752746582,13.549999947125011,13.26800999122013,13.542769258625807,49900015
2017-03-31,13.672918319702148,13.680149007897969,13.36923631104144,13.521078004928173,55094175
2017-04-05,13.694609642028809,13.781375137450377,13.55722933197986,13.600612079690645,88988469
2017-04-06,13.586155891418457,13.716304171031597,13.521081062055352,13.687382790821923,45980997
2017-04-07,13.45600414276123,13.622305845698506,13.412620010515358,13.622305845698506,51739515
2017-04-10,13.441540718078613,13.53553689873583,13.34031384981505,13.456002093291307,46664773
2017-04-11,13.354774475097656,13.41261859956099,13.188472789654657,13.383697226885678,62417141
2017-04-12,13.492152214050293,13.506613587185598,13.260775760335221,13.340311933466944,41769657
2017-04-13,13.354774475097656,13.46323341519003,13.325853102422345,13.419849287507995,37218428
2017-04-14,13.296931266784668,13.38369814901421,13.210165763667932,13.38369814901421,36451406
2017-04-17,13.340314865112305,13.354774862312865,13.123398357750878,13.318622800642336,44680803
2017-04-18,13.412618637084961,13.499385513579062,13.231855575242237,13.28247039101288,53638134
2017-04-19,13.427079200744629,13.477692634340682,13.253546837367027,13.441540575804252,41601134
2017-04-20,13.737992286682129,13.788605721817142,13.376466173874705,13.427079609009716,108809277
2017-04-21,13.709071159362793,13.774145977704496,13.470463951814164,13.774145977704496,76416255
2017-04-24,13.709071159362793,13.709071159362793,13.709071159362793,13.709071159362793,0
2017-04-25,13.709071159362793,13.709071159362793,13.709071159362793,13.709071159362793,0
2017-04-26,13.709071159362793,13.709071159362793,13.709071159362793,13.709071159362793,0
2017-04-27,13.709071159362793,13.709071159362793,13.709071159362793,13.709071159362793,0
2017-04-28,13.202932357788086,13.586150491832457,13.15954961515878,13.463231571788981,90185145
2017-05-02,13.318621635437012,13.434309877596796,13.217394768325358,13.217394768325358,39653491
2017-05-03,13.195703506469727,13.390927944127837,13.123398005954199,13.390927944127837,43043476
2017-05-04,13.224624633789062,13.23908462882571,13.130627080931855,13.21016325963987,29725442
2017-05-05,13.260777473449707,13.268008160951467,12.942634118935407,13.231854723442668,78627401
2017-05-08,13.318621635437012,13.340313698009208,12.986016904893159,13.1667799556569,76285152
2017-05-09,13.012189865112305,13.281253411034573,12.989767427769602,13.22893581611581,38280899
2017-05-10,13.01966381072998,13.199039030071276,13.00471551939799,13.057033113512428,29940873
2017-05-11,13.139246940612793,13.19156453333489,13.01218931876735,13.042085900635684,45680579
2017-05-12,13.10935115814209,13.176615613038075,13.079454577701725,13.139246313035036,27518580
2017-05-15,13.550315856933594,13.587686586735872,13.154196099862506,13.154196099862506,67459285
2017-05-16,13.707267761230469,13.789481927394196,13.460626688286625,13.557787718305025,50442192
2017-05-17,13.60263442993164,13.804430662016747,13.423257783893163,13.722217910258939,37909502
2017-05-18,13.714742660522461,13.74463781542399,13.475575719120558,13.527893309358797,29501969
2017-05-19,14.095916748046875,14.245395386799702,13.647477980693305,13.684847283994625,106036133
2017-05-22,14.387401580810547,14.536881647973063,14.103391163858856,14.110863884224168,84291546
2017-05-23,14.447192192077637,14.63404154863609,14.282765271503283,14.424769756093536,84322612
2017-05-24,14.103392601013184,14.514460689277124,14.021178413141309,14.394877193580424,70826578
2017-05-25,14.432244300842285,14.469615028516708,14.125811461649514,14.125811461649514,62654071
2017-05-26,14.5817232131958,14.671410101463103,14.364977286379608,14.432243165353778,60002743
2017-05-31,14.50698471069336,14.947949329971316,14.447192970395374,14.574250596722033,65217750
2017-06-01,14.52940559387207,14.619092481952688,14.379925546341195,14.574249037912379,39585591
2017-06-02,14.350030899047852,14.604146133497991,14.208024991432202,14.604146133497991,48478437
2017-06-05,14.193076133728027,14.379925479499402,14.095915101167757,14.290238591835672,53383672
2017-06-06,14.424768447875977,14.43224259252616,14.118335644955051,14.155706368205976,48258898
2017-06-07,14.387401580810547,14.75362617725638,14.275292243212448,14.469615760304688,100247794
2017-06-08,15.3066987991333,15.336595380156357,14.312660288875803,14.387400315885998,143047536
2017-06-09,15.269329071044922,15.33659495091672,15.134797311301325,15.187114901079967,92380720
2017-06-12,15.336593627929688,15.605655698659262,15.104899428114715,15.291748761518692,94999920
2017-06-13,15.359016418457031,15.456178881412162,15.134797762563952,15.381438854265319,53656258
2017-06-14,14.947949409484863,15.35901744802668,14.865735231557483,15.35901744802668,81813531
2017-06-15,14.880682945251465,15.06753230561429,14.716256021329277,14.955422974506092,64374433
2017-06-16,14.820893287658691,14.970373367153417,14.693835647752483,14.925528487976386,48349645
2017-06-19,14.955423355102539,15.00026680357753,14.76109984431422,14.873209178275456,53794940
2017-06-20,14.813416481018066,14.985317543684578,14.738676454692103,14.947948243295313,49530192
2017-06-21,15.38891315460205,15.433756601123044,14.828365083673507,14.940474412749722,101782954
2017-06-22,15.42628288269043,15.441231173793598,15.172167636126556,15.381439434928422,98323941
2017-06-23,15.672924041748047,15.732715780834663,15.284278450458789,15.321647752807609,85018821
2017-06-26,15.628077507019043,15.979353726576681,15.515968196568497,15.822400977055363,95818576
2017-06-27,15.91956615447998,15.986832043416882,15.575763989289234,15.695347475055371,77986404
2017-06-28,15.5383939743042,15.919565426793083,15.49354910003107,15.919565426793083,64592606
2017-06-29,16.054096221923828,16.128836248951636,15.4860740122789,15.598184765594336,80856245
2017-06-30,16.136310577392578,16.20357645992648,15.889669483284088,16.024201248351893,55201936
2017-07-03,15.941987037658691,16.278316449537602,15.852298719308497,16.248419868238386,56971200
2017-07-04,15.635555267333984,15.85977394009267,15.560815234565238,15.844827073976965,54882881
2017-07-05,15.777560234069824,15.807455390043113,15.5010225571927,15.635554322941168,60327581
2017-07-06,15.545866012573242,15.80745539883549,15.441230828287331,15.80745539883549,58925591
2017-07-07,15.25438117980957,15.63555403386719,15.19458944342097,15.598184733204606,65855702
2017-07-10,15.329123497009277,15.396389388690093,15.112377529249395,15.224488299082523,45906266
2017-07-11,15.613134384155273,15.75514031799809,15.246909755232393,15.261858048383782,66061562
2017-07-12,15.575763702392578,15.740190635905469,15.47860123103002,15.613133006425826,51054862
2017-07-13,15.344069480895996,15.605657436351594,15.269329454102635,15.538392980339756,56190854
2017-07-14,15.62060546875,15.665448913866177,15.127323295829811,15.32912093717373,57134596
2017-07-17,15.553339004516602,15.73271420379598,15.246906194220907,15.620604882439789,71105356
2017-07-18,15.276802062988281,15.560812425583935,15.119847879951957,15.478598261824558,52189909
2017-07-19,15.291749954223633,15.448704147809458,15.157219621139575,15.194588920516138,55130625
2017-07-20,15.493550300598145,15.575764484255313,15.202065722973847,15.284279906631015,63613637
2017-07-21,15.501022338867188,15.665449258273059,15.441230602215285,15.448704747490204,54143477
2017-07-24,15.83735179901123,15.956935272696423,15.381438914619277,15.471127232656897,69091833
2017-07-25,15.710294723510742,15.964409970269527,15.665449850166837,15.807455764660864,44249772
2017-07-26,15.418807029724121,15.799979857360434,15.1871142454717,15.710292971767975,65099446
2017-07-27,15.231958389282227,15.463652609745163,15.179640799354278,15.418807739337712,39489728
2017-07-28,15.314176559448242,15.433760060674416,15.17964476418185,15.231962367774829,26019846
2017-07-31,15.418807029724121,15.635552950076029,15.314171854683805,15.33659428885559,43660947
2017-08-01,15.486072540283203,15.568286704753845,15.172165597042117,15.418806664906734,41464060
2017-08-02,15.852299690246582,15.897144564942115,15.441231651037022,15.471128234167377,79326380
2017-08-03,15.912093162536621,16.05409765849427,15.672924769536612,15.874722432904944,61729532
2017-08-04,15.478601455688477,16.05409786965778,15.456180443162134,16.00178027303286,53637944
2017-08-07,16.08399200439453,16.181153036823492,15.359015631431049,15.433755654748067,65830148
2017-08-08,16.098941802978516,16.248420438074483,15.919565159987343,16.098941802978516,55683382
2017-08-09,17.272354125976562,17.56383865168035,16.128835606946698,16.128835606946698,144371645
2017-08-10,17.234983444213867,17.459203516932163,17.010764797042967,17.115399975649733,82492712
2017-08-11,16.734228134155273,17.190141026243893,16.68938468715315,17.048135114265104,65785145
2017-08-14,17.152772903442383,17.788059627197782,16.779074159799173,16.779074159799173,85919379
2017-08-15,17.242460250854492,17.541418968414103,17.12287676383065,17.152773348360416,59546527
2017-08-16,17.04813575744629,17.234985123476534,16.92107813152382,17.190141674782584,34775160
2017-08-17,17.100452423095703,17.3769900970422,17.048134831536284,17.115400713697664,32845943
2017-08-18,17.182666778564453,17.20508921470582,17.010765711456397,17.04066086743075,32711775
2017-08-21,17.272354125976562,17.541416216800293,17.17519166704371,17.190139956963744,28882769
2017-08-22,17.391939163208008,17.444256757100437,17.22003809026216,17.272355684154594,32013616
2017-08-23,17.302249908447266,17.556365144124292,17.23498402691232,17.436781671517153,22187385
2017-08-24,16.943498611450195,17.339619734874287,16.846337579578744,17.309723155500077,52218714
2017-08-25,17.09297752380371,17.115398531300283,16.868757470007097,16.958445776635198,34299787
2017-08-28,16.853811264038086,17.33962072785818,16.68191019943426,17.152771372711204,93950227
2017-08-29,16.86876106262207,16.95844938835149,16.644542386619882,16.88370935450157,40716387
2017-08-30,16.846338272094727,17.018239333920814,16.719280655626005,16.891181717452092,46457975
2017-08-31,17.429306030273438,17.533941203436655,17.13034737441616,17.339619146289916,111871519
2017-09-01,17.489099502563477,17.945012389101077,17.429307765439482,17.489099502563477,81720627
2017-09-04,17.556364059448242,17.75068754681591,17.28730054993188,17.60120750251852,51415610
2017-09-05,17.989852905273438,18.00480119350644,17.571310813579874,17.578784957696378,59348150
2017-09-06,17.937538146972656,18.10196506678949,17.80300638278277,18.0272264649484,35595350
2017-09-07,17.533945083618164,17.937540427499773,17.526472362921957,17.937540427499773,39074778
2017-09-08,17.69837188720703,17.71332017837485,17.459204930711937,17.571314263375573,26944660
2017-09-11,17.369516372680664,17.728266802537142,17.35456808171644,17.705845791638293,52836164
2017-09-12,17.563840866088867,17.608684315955347,17.354569057466,17.474152540808333,29687349
2017-09-13,17.60868263244629,17.71331923952754,17.421833279394512,17.623630922821818,27311931
2017-09-14,17.62363052368164,17.705844693337614,17.414358739806165,17.638578813718617,28321844
2017-09-15,18.116914749145508,18.21407721987902,17.60868423451732,17.63858081798842,56834634
2017-09-18,18.221548080444336,18.468189166717604,17.98985528438094,18.116912900070044,44117942
2017-09-19,18.20660400390625,18.333661639052714,18.072072222510272,18.30376505405466,31551257
2017-09-20,18.565351486206055,18.72230425557269,18.236496231829292,18.236496231829292,53401712
2017-09-21,18.82694435119629,18.983897149661832,18.468192450115087,18.684938420050557,45524555
2017-09-22,18.924102783203125,18.976420375446903,18.520508910502937,18.69240997803177,43205560
2017-09-25,19.275381088256836,19.394964567258363,18.92410337133577,18.931577516966804,54060416
2017-09-26,19.282854080200195,19.350119966280346,18.894208480739657,19.267907214274913,35700824
2017-09-27,19.013792037963867,19.37254248147039,19.00631789219737,19.081057924314784,35209788
2017-09-28,19.731290817260742,19.925614309789168,18.90915340288584,18.991367571987546,57290172
2017-09-29,20.553430557250977,20.837440970437523,20.030251754665567,20.030251754665567,69454945
2017-10-09,20.77017593383789,21.166295672163077,20.553429987884666,20.927128714937112,52370569
2017-10-10,20.620697021484375,21.47272971045167,20.1049923502711,20.770177090851224,75525986
2017-10-11,21.353145599365234,21.43535977766225,20.62817056294285,20.62817056294285,51625644
2017-10-12,21.293354034423828,21.375568213400165,20.942077732016173,21.263458876508153,49904800
2017-10-13,20.62816619873047,21.151343464399755,20.605743766062133,21.02428586370701,74957568
2017-10-16,20.695436477661133,21.173770405387867,20.553430558286927,20.553430558286927,55221488
2017-10-17,20.852388381958008,21.001868440829817,20.583326271755237,20.665539021141992,41074923
2017-10-18,22.0781192779541,22.13043686643925,20.725328994465162,20.87480904060619,75697056
2017-10-19,22.2425479888916,22.272443145211515,21.719369210592028,22.010855181609212,59500409
2017-10-20,21.801584243774414,22.12296538376821,21.53999484432266,22.063173643226172,43123438
2017-10-23,22.048227310180664,22.40697778529962,21.831481340495667,22.152862509036776,41977900
2017-10-24,22.182758331298828,22.41445116031246,21.846428881482577,22.048226551372327,49080760
2017-10-25,22.264970779418945,22.34718352976692,22.003381386108547,22.242548342661767,30845262
2017-10-26,22.22760009765625,23.33374798678606,22.018328297463782,22.35465772178248,86108291
2017-10-27,22.563928604125977,22.63866863155071,21.562415943057886,22.06317227359193,75347249
2017-10-30,22.69098663330078,22.728355934915,21.936115051204226,22.534032430316607,63953018
2017-10-31,22.085594177246094,22.593824673634078,21.83895307465163,22.272443540591823,81140621
2017-11-01,21.315776824951172,22.16033536410527,21.121453305865366,22.093069475746812,111095691
2017-11-02,21.502622604370117,21.62968021386266,21.166293218787693,21.18871565300897,58536597
2017-11-03,21.973482131958008,22.17527976159305,21.532517574850623,21.54746586420448,75541816
2017-11-06,22.930152893066406,23.169319837494893,22.19770376936731,22.19770376936731,89631645
2017-11-07,22.631195068359375,23.460805260025065,22.347183241949686,22.94510205117943,96305784
2017-11-08,22.29486846923828,22.795624875995166,22.04822733907729,22.56393203870397,84432386
2017-11-09,22.264970779418945,22.421923560076678,21.569890920968966,22.32476251855725,73424608
2017-11-10,23.05721092224121,23.169320251250674,22.108015847236004,22.220125176245464,103904619
2017-11-13,22.818042755126953,23.13194971492024,22.653614417515424,23.072157980938062,66596043
2017-11-14,21.88379669189453,23.072158688593003,21.86137425638322,22.93762692661998,79744487
2017-11-15,21.951061248779297,22.294863352596508,21.74926361799232,21.794107060762535,64719605
2017-11-16,22.870363235473633,22.90773253935651,21.898745653495638,21.951064674698255,89348524
2017-11-17,23.550493240356445,23.57291567650113,22.317287763348208,22.57140300413142,141501788
2017-11-20,23.318801879882812,23.43838536229882,22.705934750566314,23.288905296505032,83599258
2017-11-21,24.111040115356445,24.260520173299174,23.25900891705384,23.288904073313898,113691161
2017-11-22,23.879348754882812,24.858437575625214,23.632707656945744,24.09609469653379,105652370
2017-11-23,22.870363235473633,23.767239358590746,22.69098801085021,23.767239358590746,92784703
2017-11-24,22.42192268371582,22.72088136772254,21.547467642029005,22.63866862058785,120041729
2017-11-27,22.39950180053711,22.46676768729483,21.360619767019614,22.160334836753016,90959979
2017-11-28,22.212650299072266,22.56392799075527,21.86884817803072,22.264969314730575,54537379
2017-11-29,21.472728729248047,22.41444970191271,21.435359426387734,22.27991793073954,69805504
2017-11-30,21.43535804748535,21.943588516758105,21.15882037724667,21.450306337886886,54729081
2017-12-01,21.487674713134766,21.711893357313745,21.11397602247155,21.52504401198214,43353491
2017-12-04,22.122962951660156,22.3322333077772,21.188716217430823,21.300825540428864,55942585
2017-12-05,22.541505813598633,22.773198611977485,21.98843190023278,22.078120216840926,81524548
2017-12-06,22.04075050354004,22.548980994724687,21.756740101403178,22.34718334224593,51232289
2017-12-07,21.60725975036621,22.27244301191239,21.525045576270397,22.010855049875676,38420912
2017-12-08,21.973482131958008,22.108013885048038,21.48767413233639,21.517570711044105,44955875
2017-12-11,23.027315139770508,23.034789285370103,22.048224874983852,22.108016614233094,69244960
2017-12-12,22.832990646362305,23.28142938417061,22.758252044683797,23.131950755266143,53276153
2017-12-13,23.6924991607666,23.80460849043888,22.795621672293446,22.82551825383137,72898044
2017-12-14,23.841981887817383,23.87187847449148,23.378596198750603,23.767241846679855,54395198
2017-12-15,23.572912216186523,24.103563630454783,23.303848724136557,23.692495673642675,105506820
2017-12-18,23.789663314819336,24.07367374888216,23.214166874782848,23.214166874782848,74349660
2017-12-19,23.886821746826172,24.02882908660541,23.550493750653107,23.767238269224972,56093985
2017-12-20,24.76127815246582,24.92570365162992,23.954087543297547,23.991456845330525,94212569
2017-12-21,24.880863189697266,25.037815978733953,24.42495026346151,24.783700717443292,62062104
2017-12-22,24.7836971282959,25.187292399737874,24.57442677321995,24.81359370790525,35851250
2017-12-25,24.70896339416504,25.105083173130886,24.469796412401283,24.79865029955262,45894113
2017-12-26,24.200729370117188,24.791171167822746,23.856925814038416,24.731380856514864,52513749
2017-12-27,23.670074462890625,24.320310793734414,23.58786029706453,23.983981411307052,46342071
2017-12-28,23.976511001586914,24.3352614270325,23.714920189571735,23.946614420026044,51440397
2017-12-29,24.0587215423584,24.35768164606136,23.909242916054342,24.06619711305314,41381339
2018-01-02,23.879348754882812,24.320313358095678,23.453331017039254,24.22315089268404,61011477
2018-01-03,24.37263298034668,24.649169257597933,23.924192768784838,23.924192768784838,59795549
2018-01-04,24.97801971435547,25.284455385098326,24.290415475572466,24.365154075059376,92831705
2018-01-05,24.985496520996094,25.523623587426474,24.86591304524434,25.18729417090749,52801464
2018-01-08,25.082656860351562,25.37414137960082,24.738851901993343,24.94064953480315,50572135
2018-01-09,25.85247802734375,26.024379099495636,24.94812779298577,25.00044538663656,70384210
2018-01-10,25.874897003173828,26.06922192238613,25.560991465962136,25.785210114126887,48159079
2018-01-11,25.58341407775879,25.81510831099394,25.456357881242564,25.710473125369994,32772283
2018-01-12,26.02437973022461,26.04680074201977,25.224664663786253,25.63573270290301,49584289
2018-01-15,25.7030029296875,26.555035734922026,25.553522839922802,26.173864214562844,66924871
2018-01-16,25.815107345581055,26.853989294131768,25.448881358498095,25.65815457301473,87771313
2018-01-17,25.85247802734375,26.457870990996497,25.6581559439401,26.158910869196248,82751341
2018-01-18,25.598363876342773,26.607349341249613,25.583415584502543,26.532610733143603,80371542
2018-01-19,25.120027542114258,25.74784148395302,24.992968499157847,25.523622829959507,73560746
2018-01-22,26.15143585205078,26.18132958072898,25.112551088150866,25.13497494852798,79876569
2018-01-23,26.502708435058594,26.674609477513936,25.927212153223994,26.278489807990518,56586678
2018-01-24,26.196277618408203,26.63724218698238,26.04679757207726,26.555028018945624,37330756
2018-01-25,25.71047019958496,26.59239930818979,25.59835945569152,26.584923738013078,41822741
2018-01-26,25.889848709106445,26.076698082412463,25.53857097494068,25.605836863374652,38995931
2018-01-29,25.01539421081543,26.28596762779985,24.73885509437498,26.084172820044504,60510774
2018-01-30,24.910755157470703,25.000442041572647,24.38010086972215,24.67158538137445,54215596
2018-01-31,25.486249923706055,25.63572997230709,24.791170121141818,24.92570187977327,45897633
2018-02-01,25.874897003173828,26.158908811433072,25.359193827285416,25.553515895402924,54877097
2018-02-02,25.919742584228516,26.13648851887424,25.299401361158658,25.411512113863655,37633208
2018-02-05,24.67906379699707,25.777738945527123,24.432421273410743,25.411512945652117,87960592
2018-02-06,24.671586990356445,24.68653528053074,23.46827814227369,23.841976843346668,130253019
2018-02-07,23.557968139648438,24.798647801742906,23.184269411895947,24.686537042979147,95077024
2018-02-08,23.550493240356445,23.93166610153126,23.176794524563196,23.393539038438597,51629632
2018-02-09,23.356170654296875,23.40101410279982,22.235074462890626,22.511612150678413,104025892
2018-02-12,23.655128479003906,23.93166615656776,22.96004863794236,23.169320432464943,48197043
2018-02-13,24.140933990478516,24.50715994882213,23.767235313068337,23.767235313068337,45479082
2018-02-14,24.103565216064453,24.312835567605557,23.916715873304263,24.066195917731356,23957234
2018-02-22,25.598363876342773,25.67310248444878,24.365156884927618,24.58937841143593,55775784
2018-02-23,25.40403938293457,25.762789799898723,25.157396867530846,25.695523918524515,35959982
2018-02-26,25.546043395996094,25.75531375593991,25.336773036052275,25.63573028581561,39412010
2018-02-27,25.17981719970703,25.807631125265367,24.925701971478784,25.785210115775897,51979471
2018-02-28,24.253047943115234,24.8883346383309,24.02135370607086,24.8883346383309,54709452
2018-03-01,24.2231502532959,24.58937624335298,23.991456026843874,24.11103949992672,40831729
2018-03-02,24.118515014648438,24.596848905867457,23.83450319757656,23.954086670381315,42605806
2018-03-05,24.200729370117188,24.439896317538533,23.75976477622879,24.06619760580582,36368716
2018-03-06,23.90924072265625,24.402524278294067,23.543016197319183,24.21567494339471,66480711
2018-03-07,23.12447738647461,23.961563153528044,22.803096256494698,23.879348978264115,97920621
2018-03-08,23.543020248413086,23.58038955160425,22.272443982247967,22.42939819185544,129995866
2018-03-09,23.23658561706543,23.685024348679033,22.960047947813692,23.453330124924424,87301599
2018-03-12,23.094581604003906,23.54302037239717,22.49666419651125,23.18426992790158,112578543
2018-03-13,23.41596031188965,23.789659009127305,23.072158194693756,23.15437093871381,85811413
2018-03-14,23.460803985595703,23.587861600919638,23.25153362544857,23.415960540642374,45250156
2018-03-15,23.94661521911621,24.051250406975942,23.31132709522314,23.393539846163996,64586759
2018-03-16,23.15437126159668,24.0437731470307,23.117001961570768,23.94661353718229,63348281
2018-03-19,22.907732009887695,23.16932140766438,22.661090903537687,23.16932140766438,64533970
2018-03-20,23.072158813476562,23.229111586263013,22.68351181579472,22.750777697145324,41146733
2018-03-21,22.7731990814209,23.154371940154963,22.49666283181121,23.094580203032802,50767910
2018-03-22,21.465251922607422,22.758250454280432,21.405460190114542,22.72087973050529,111363137
2018-03-23,21.151348114013672,21.375568213344675,20.194680251953585,20.822494249204297,103823963
2018-03-26,20.403945922851562,22.02579813701495,20.217096595991944,21.255979822703544,162885526
2018-03-27,21.211137771606445,21.218611916737974,20.560902826185124,21.054185000486616,108491493
2018-03-28,20.12741470336914,20.994395680722533,20.090043973411397,20.927129792346186,89590142
2018-03-29,20.912179946899414,21.33819625793789,19.86582382012031,20.23952253865195,96659264
2018-03-30,21.315776824951172,21.74926731351256,20.79259801006265,20.949552224748242,70200290
2018-04-02,20.89723014831543,21.52504406419633,20.770173961707208,21.412934741834892,56117353
2018-04-03,21.308300018310547,21.37556589826988,20.76270025912699,20.97944476357019,56594798
2018-04-04,22.235076904296875,22.631198115284878,21.450310054364294,21.450310054364294,107340356
2018-04-09,21.37557029724121,22.36960898553871,21.16629846923995,22.347186545755388,115271676
2018-04-10,21.405460357666016,21.495148669881047,20.66553712769459,21.487674525067515,88930981
2018-04-11,21.99590492248535,22.190228410592947,21.15134509241976,21.41293445816257,81711154
2018-04-12,21.60725975036621,21.995906759031442,21.532519721692516,21.898744294091394,45597104
2018-04-13,21.20366668701172,21.995907599925985,21.08408178123364,21.786635796748758,41614965
2018-04-16,20.934600830078125,21.412934698136024,20.598271438132805,20.9271266851963,48701171
2018-04-17,20.785123825073242,21.33819779733467,20.777649679097706,20.919655601537727,35537296
2018-04-18,20.994394302368164,21.196191954248498,20.448794510733926,21.076608477329966,52541890
2018-04-19,21.637157440185547,21.846427820532547,21.024290314111703,21.10650449241805,76250351
2018-04-20,20.7925968170166,21.59978600545525,20.702909921383142,21.58483771433384,67505476
2018-04-23,21.12145233154297,21.241035810764433,20.456269050180143,20.70291015426785,59697266
2018-04-24,21.75674057006836,22.108016863931702,21.29335351649238,21.29335351649238,94327776
2018-04-25,22.235076904296875,22.3322379576461,21.674528747045695,21.674528747045695,53366874
2018-04-26,21.824007034301758,22.347184416125884,21.525046901205037,22.30981511226258,45142997
2018-04-27,19.641605377197266,20.85238844037013,19.641605377197266,20.85238844037013,226844414
2018-05-02,18.864309310913086,19.058632796769356,18.23649541062278,18.572824794902353,164110103
2018-05-03,18.789573669433594,18.886736147785207,18.281343114957185,18.684938470175865,107509862
2018-05-04,18.557878494262695,19.0212655372022,18.49061261019813,18.69988440790428,73104906
2018-05-07,19.409910202026367,19.55939025407224,18.12438717151207,18.550403466631156,154799318
2018-05-08,19.65655517578125,19.87330115153997,19.178221195551945,19.290330543974726,120995801
2018-05-09,19.604232788085938,19.940562176779828,19.447280023727032,19.671498665824718,73882658
2018-05-10,19.71634292602539,19.843400541957646,19.417384248992853,19.731291216263873,61766293
2018-05-11,19.365066528320312,19.84340040835174,19.223060623105702,19.820979398692398,74538300
2018-05-14,20.209627151489258,20.217099871292707,19.409910705511184,19.409910705511184,122529899
2018-05-15,20.2320499420166,20.314264122562403,19.955513667440407,20.25447238004207,75994174
2018-05-16,20.60574722290039,20.92712835065882,20.29184024061861,20.306788531571904,96320448
2018-05-17,20.366580963134766,20.63564450726332,20.254471628263715,20.605747924339017,51161609
2018-05-18,20.538480758666992,20.560903194463197,20.015303420015883,20.329210393425527,49283547
2018-05-21,20.39647674560547,20.740278882457286,20.217100106194327,20.598272970234916,60896639
2018-05-22,20.388999938964844,20.516057543727957,20.16477988174019,20.388999938964844,43129608
2018-05-23,19.649080276489258,20.27689284317,19.63413198487726,20.261945977105555,83084922
2018-05-24,19.394962310791016,19.85834788162341,19.282851564916303,19.753712706057517,68845268
2018-05-25,19.43233299255371,19.693922375639886,19.22306120097528,19.33517195483182,49039399
2018-05-28,20.04520034790039,20.090043797910354,19.267907703688202,19.42486049149686,81193709
2018-05-29,20.613222122192383,21.11397848306032,20.0526740208722,20.0526740208722,139797049
2018-05-30,21.091556549072266,21.412937696251863,20.112466241224418,20.351633208740147,151429928
2018-05-31,23.19174575805664,23.199219904386574,21.861377647829197,21.861377647829197,265843171
2018-06-01,22.57887840270996,23.244063165111346,22.354659716851828,22.94510444211796,114001353
2018-06-04,23.16931915283203,23.35616850083874,22.616245253797857,22.870360481130774,108821691
2018-06-05,23.640180587768555,23.90176997895625,22.870362130803123,23.31880088347524,85989053
2018-06-06,23.363643646240234,23.849451686750175,23.221637736521267,23.490701265347216,56538503
2018-06-07,22.997417449951172,23.61775721091727,22.84793740551826,23.580386487035362,62516823
2018-06-08,22.94510269165039,23.16184721470493,22.504138074295692,23.049737880328617,54869905
2018-06-11,23.072158813476562,23.318799903246298,22.72088111630175,22.81804357849593,56853755
2018-06-12,23.789663314819336,23.99145956443476,23.019843345982956,23.311329351956623,86836785
2018-06-13,23.423433303833008,23.87934614819486,23.244058109054734,23.804606127317083,56217975
2018-06-14,22.803096771240234,23.401014171527272,22.608773259760063,23.251535534229276,64212105
2018-06-15,22.665403366088867,22.97138366267629,22.35942452852363,22.894888588529433,59545629
2018-06-19,21.579181671142578,22.62716103870334,21.212006993363723,22.344129646026428,96509472
2018-06-20,22.191137313842773,22.3364778139362,21.609776772491312,21.609776772491312,72881064
2018-06-21,22.443571090698242,23.032581313050436,22.145241882062177,22.259983773151255,69291866
2018-06-22,22.6883544921875,22.8260453469933,22.106993915797638,22.19113865129503,38085995
2018-06-25,22.022851943969727,22.94843825318406,21.915758239986296,22.86429351270188,61068435
2018-06-26,22.168188095092773,22.36707470895277,21.60212686750149,21.762766672897815,49685011
2018-06-27,21.036067962646484,22.129943730147684,20.745388392768852,22.030499682726276,83910632
2018-06-28,20.661243438720703,21.135510330792783,20.408810684160436,20.775985334607665,54783819
2018-06-29,21.342044830322266,21.495034984699096,20.6918388627541,20.82188005626773,55500092
2018-07-02,20.645944595336914,21.464438652532415,20.439408302673822,21.342047099625933,51857911
2018-07-03,20.2711181640625,20.80658224634475,19.207841112155396,20.645942438051176,101411567
2018-07-04,20.11048126220703,20.668892886563146,20.041635833557937,20.271119623040015,52036985
2018-07-05,20.125776290893555,20.806580827782835,20.011034412233787,20.186972056780238,58202325
2018-07-06,21.01311683654785,21.173756643145385,20.12577745055091,20.378210181756554,79508757
2018-07-09,21.449138641357422,21.48738545065335,20.92897386440822,21.112561175268716,60646953
2018-07-10,21.357345581054688,21.556232211577928,21.013118439952475,21.51798394088749,38767850
2018-07-11,21.196704864501953,21.29614890506321,20.745386961647228,20.921324622305104,35103670
2018-07-12,21.502687454223633,21.885161431230685,21.12021347721658,21.196707105400044,67379931
2018-07-13,21.801013946533203,21.94635444803632,21.44148897862786,21.686272059671687,48221650
2018-07-16,21.73217010498047,22.13759302436798,21.517984163960627,21.80101553391462,35846258
2018-07-17,21.14316177368164,21.75512103521869,21.097265303248673,21.75512103521869,43536694
2018-07-18,21.14316177368164,21.456790329848165,21.043719177906457,21.112564613067157,36354668
2018-07-19,20.760683059692383,21.372642182020325,20.65359083336941,21.15845627035222,43008419
2018-07-20,21.07431411743164,21.250253243756468,20.51590249911208,20.80658351893756,45796906
2018-07-23,21.10491371154785,21.189058451556836,20.57709922616656,20.997821467189073,51129530
2018-07-24,21.433841705322266,21.609779381983657,20.86013074827845,21.104913856506894,70820341
2018-07-25,21.06666374206543,21.495034114344282,20.951920401417755,21.479734807721634,52535888
2018-07-26,20.630643844604492,21.127861134937053,20.58474738022784,21.03606674716145,47926124
2018-07-27,20.592395782470703,20.875427123471702,20.515900707144308,20.653591550927377,32056052
2018-07-30,20.416460037231445,20.78363468226198,20.13342866979811,20.653593479769206,43466799
2018-07-31,20.225221633911133,20.477654366941206,19.97278890088106,20.309364905572995,39535786
2018-08-01,19.789203643798828,20.378212442611247,19.743305717380412,20.33996562961829,41558082
2018-08-02,19.184892654418945,19.7892021762447,18.970706724084067,19.7892021762447,80055764
2018-08-03,19.07015037536621,19.38377888111488,18.863614103086185,19.246088032928196,49687971
2018-08-06,19.360830307006836,19.781552513654628,18.94010955938133,19.21549126125826,77137668
2018-08-07,20.011035919189453,20.01868557287912,19.39907821423838,19.49852079415958,61727333
2018-08-08,19.926891326904297,20.263468796491022,19.827448746288038,20.011036059056543,54115283
2018-08-09,20.70713996887207,20.722439277443286,19.942192048579656,20.148728337223975,69032906
2018-08-10,20.974872589111328,21.219655696653888,20.653594395706115,20.707140518103248,56991930
2018-08-13,20.852481842041016,20.959574090978265,20.424111387269555,20.722440628750444,39088083
2018-08-14,20.630643844604492,21.051366054961097,20.500602646352057,20.860129084532357,27308518
2018-08-15,19.880990982055664,20.760680564460927,19.858042025306627,20.607691896533304,36622691
2018-08-16,19.880990982055664,20.34760955613217,19.60560933715517,19.620908641654527,44082149
2018-08-17,19.506168365478516,20.25581683877082,19.307281767845886,20.23286933917381,39264932
2018-08-20,19.47557258605957,19.6591613636651,18.871264511434273,19.58266628283318,49636294
2018-08-21,20.416460037231445,20.439407540656887,19.337883605565285,19.429676537311746,59481890
2018-08-22,20.362913131713867,20.385860634254115,20.03398531109562,20.385860634254115,28821984
2018-08-23,20.263471603393555,20.615348429208645,19.972792016000625,20.33996669239879,32350093
2018-08-24,20.156375885009766,20.309364577666305,19.92689065749163,20.125777271065125,21019596
2018-08-27,20.798933029174805,20.82188053153955,20.156376700560973,20.194623510517065,47980291
2018-08-28,20.569446563720703,20.8448282478268,20.470003988361384,20.791282133477768,35144622
2018-08-29,20.317014694213867,20.56179777526115,20.179323846369208,20.56179777526115,30537274
2018-08-30,19.949840545654297,20.5312011064368,19.92689158412865,20.30171732726947,36292473
2018-08-31,18.51173973083496,18.794769636281366,17.953326655966627,18.052770699843073,186102700
2018-09-03,18.159862518310547,18.412295260658155,17.85388365774107,18.35874914243628,91703265
2018-09-04,18.366397857666016,18.43524328015341,17.976274283244845,18.098665821217498,53421949
2018-09-05,17.8997802734375,18.3816982595542,17.8997802734375,18.28225421713925,47926261
2018-09-06,17.13483238220215,18.006873965782294,17.020090490921742,17.884480961524584,88877515
2018-09-07,17.203676223754883,17.502005405402542,16.92064634860766,17.21897553025532,66255812
2018-09-10,17.31842041015625,17.379616185283144,16.8747506757307,17.19602885990247,52217337
2018-09-11,17.570852279663086,17.846233983370766,17.241925916817266,17.241925916817266,52299599
2018-09-12,17.203676223754883,17.570850825632338,17.134830803525087,17.38726352469361,38093175
2018-09-13,17.50200653076172,17.593800916644444,17.15013121275952,17.555554106956297,41200630
2018-09-14,17.769737243652344,17.9380266953189,17.47905771835344,17.662645017335194,46014016
2018-09-17,17.769737243652344,18.014520308961345,17.555552791018044,17.601449251007942,35273159
2018-09-18,18.075716018676758,18.213406857237374,17.555552736035324,17.593799542736758,45394848
2018-09-19,18.381696701049805,18.680025884955995,17.976273829851966,18.091015711429563,61630109
2018-09-20,18.54233741760254,18.680028276734372,18.358750091767547,18.41994586704588,36706416
2018-09-21,19.062503814697266,19.123699595040495,18.374050921080304,18.725926293298254,57939919
2018-09-25,18.840665817260742,19.03190278903531,18.733573579954122,18.855965125168062,28374354
2018-09-26,19.353179931640625,19.643860930345042,18.901860585511844,19.008954276150316,58494764
2018-09-27,19.261388778686523,19.383780328654126,19.08545110798589,19.368481020152586,31283187
2018-09-28,19.643861770629883,19.69740788872849,19.28433533364387,19.28433533364387,38412591
2018-10-08,18.527034759521484,19.13134420778636,18.473488648211355,19.123694554881755,52793028
2018-10-09,19.016603469848633,19.10074673878859,18.549984827908975,18.58823163569785,36955785
2018-10-10,19.085451126098633,19.42202715931778,18.672378550299182,19.108398629850356,36851079
2018-10-11,18.504091262817383,18.986007827883622,18.26695634854157,18.358750744232598,55419303
2018-10-12,19.34553337097168,19.422026994859536,18.511740031197355,18.741223820905624,55057488
2018-10-15,19.230791091918945,19.6438636873076,19.085452031191025,19.314935833725322,50058157
2018-10-16,19.131349563598633,19.70506056085521,18.909513944328616,19.238441816199323,42661525
2018-10-17,18.603532791137695,19.460275085555345,18.12926590772802,19.42967646906577,63723065
2018-10-18,18.328149795532227,18.794768451170444,18.045119907932374,18.450542793898546,47115004
2018-10-19,19.177244186401367,19.299635737297255,18.29755436720378,18.366399796960515,55613661
2018-10-22,20.263471603393555,20.50060506618956,19.55206975598307,19.56736906558861,95972901
2018-10-23,19.613262176513672,20.23287097822475,19.314932985408337,20.194622710761106,63834791
2018-10-24,18.205759048461914,19.68210869744736,17.976275266960698,19.605613617272855,140278050
2018-10-25,17.930377960205078,18.04511984556581,17.440810345498523,17.63204730744049,90333497
2018-10-26,17.448461532592773,18.098667552146093,17.371966449288436,18.006874619398776,64302420
2018-10-29,16.09450340270996,17.203676905549948,15.757925941472383,17.203676905549948,87398887
2018-10-30,16.34693717956543,16.660565700205094,15.834422030882166,16.446379764076067,71287162
2018-10-31,16.890050888061523,16.989493480830546,16.293390954380044,16.301040609058035,58550943
2018-11-01,17.06598663330078,17.494358492556263,16.989491554217853,17.16543067381527,56892747
2018-11-02,18.060420989990234,18.198111850039428,17.28017375572638,17.769739961214736,92702716
2018-11-05,17.762088775634766,17.930378238530206,17.47140923094067,17.769738429313854,51523260
2018-11-06,17.51730728149414,17.746792535597073,17.211328401712617,17.746792535597073,38571947
2018-11-07,17.524953842163086,17.938026351214695,17.440809117943953,17.593799260338354,38955631
2018-11-08,17.50200653076172,17.78503788312971,17.463759721073572,17.670295995043002,26554671
2018-11-09,17.494356155395508,17.647344834100544,17.249571643227704,17.50200434916199,28285273
2018-11-12,17.746789932250977,17.807985699230237,17.371964218103077,17.387263524603433,28618360
2018-11-13,18.259305953979492,18.396995342400043,17.47905879115182,17.517305600320487,60933984
2018-11-14,18.006874084472656,18.351099760582795,17.945676852429273,18.305203295572575,36777144
2018-11-15,18.014524459838867,18.16751464041982,17.8691853932117,17.907432208845695,28929292
2018-11-16,18.167510986328125,18.289902522566873,17.9762740285773,18.00687264214809,41756547
2018-11-19,18.28225326538086,18.465840573717625,17.976274418152915,17.976274418152915,36194695
2018-11-20,17.9915771484375,18.358751834971528,17.930381367348495,18.152215526662697,27776104
2018-11-21,18.358749389648438,18.442894124571467,17.807987433207018,17.899780363102764,44062540
2018-11-22,18.312850952148438,18.496438251187303,18.205757266775812,18.36639706532367,15560036
2018-11-23,17.938026428222656,18.381696092244542,17.89977816294879,18.17515983683208,19044897
2018-11-26,17.861534118652344,18.144564030333598,17.7544404183476,18.052771097526517,18757703
2018-11-27,17.769737243652344,18.068067881142074,17.739140089999797,17.876830928991648,15960192
2018-11-28,17.960975646972656,18.11396580466281,17.7314918694597,17.853883412002915,22488122
2018-11-29,17.938026428222656,18.244005255302902,17.938026428222656,18.167510183777306,21672657
2018-11-30,18.228708267211914,18.266955078327225,17.907430093167406,17.98392517442035,25733507
2018-12-03,18.54233741760254,18.894214219719714,18.427595521333465,18.81771913586621,56497920
2018-12-04,18.51173973083496,18.657078781081566,18.266955177689578,18.62648162382735,34747543
2018-12-05,18.205759048461914,18.534686871896678,18.121615773390026,18.259306625899676,36268808
2018-12-06,17.593799591064453,18.198109059957737,17.47905771162281,17.98392314838376,63475173
2018-12-07,17.609100341796875,17.777388348180434,17.50200664771436,17.708542923063916,19933514
2018-12-10,17.27252197265625,17.662645541707857,17.03538855347585,17.379614202152776,30901520
2018-12-11,17.47905731201172,17.47905731201172,17.218974946411592,17.25722175234368,24370603
2018-12-12,17.593799591064453,17.68559397003106,17.410212292153396,17.578500284732993,19570008
2018-12-13,17.89212989807129,18.083366862211502,17.593800700899674,17.60910000819623,35989109
2018-12-14,17.815635681152344,18.006872638868334,17.754438454021916,17.83093352891275,25864884
2018-12-17,17.55555534362793,17.89978103213645,17.387265867491777,17.754440518843143,29244955
2018-12-18,17.27252197265625,17.593800120168034,17.226625511303766,17.32606808740451,32438547
2018-12-19,16.905349731445312,17.341369822915542,16.828854645796305,17.341369822915542,34224125
2018-12-20,17.081287384033203,17.196029282840417,16.752359537502766,16.88240074522358,29806510
2018-12-21,16.9206485748291,17.157782020696438,16.798255565744736,17.035390470634436,26551465
2018-12-24,16.96654510498047,17.142482776476662,16.752359162057466,16.897699675434588,17104834
2018-12-25,17.15778160095215,17.196028412277478,16.599369985077328,16.790606959748622,31300751
2018-12-26,17.15013313293457,17.287823997663764,17.0583387367743,17.0583387367743,19709630
2018-12-27,16.981843948364258,17.402564709377643,16.981843948364258,17.349018589869285,25703915
2018-12-28,17.50200653076172,17.63204772633259,17.020090017188647,17.043038978414895,46801306
2019-01-02,17.196027755737305,17.769738657847046,17.050688711032205,17.59380099803207,29340297
2019-01-03,17.05833625793457,17.593800329843027,16.90534756526231,17.218976063115996,31035564
2019-01-04,17.22662353515625,17.341365404885977,16.851799315894066,16.912995077018053,27303954
2019-01-07,17.417861938476562,17.479057704756208,17.165429220195257,16.912996501913952,31242117
2019-01-08,17.287822723388672,17.509656854305888,17.165431176878002,17.417863923934046,27642219
2019-01-09,17.440811157226562,17.82328509891155,17.3031217637987,17.51730623736802,58432965
2019-01-10,17.67029571533203,17.777387947981442,17.32606859749857,17.371965060202285,34746330
2019-01-11,17.98392105102539,18.01451820109779,17.65499329837067,17.746787666631842,31641154
2019-01-14,17.73914337158203,17.930380359109584,17.601452507118605,17.892132086190617,18620856
2019-01-15,18.435245513916016,18.488791635889353,17.77738982333524,17.884482067281915,54218809
2019-01-16,18.358749389648438,18.748872989261145,18.28225430872044,18.36639904364347,33038417
2019-01-17,18.41229248046875,18.672374837436887,18.22870519184808,18.549983311689775,28371763
2019-01-18,18.70297622680664,18.802418809115593,18.396995907961852,18.511739257039793,37056170
2019-01-21,18.955406188964844,19.047199103940166,18.52703438900642,18.557633000012913,41874504
2019-01-22,18.687679290771484,18.9095134451631,18.588235236819486,18.855967320276243,20221454
2019-01-23,18.588232040405273,18.79476830861521,18.419944039839155,18.595881693934036,22569573
2019-01-24,18.618831634521484,18.70297636874461,18.442893971166132,18.687677060881803,15727869
2019-01-25,18.687679290771484,18.95541137422824,18.54998842162101,18.748875070502528,26780676
2019-01-28,18.51938819885254,18.986006890791394,18.450544229260224,18.81771887585686,30646819
2019-01-29,18.588232040405273,18.695325730785736,18.396995079252864,18.51173842316209,23114048
2019-01-30,18.435245513916016,18.626482497547876,18.374049737514714,18.611183188691953,19842731
2019-01-31,18.496440887451172,18.572935971042277,18.045121499188255,18.48114157892848,35363986
2019-02-01,18.771821975708008,18.84066594370837,18.396996224574607,18.66472827866033,31132250
2019-02-11,19.322582244873047,19.345531204883255,18.588231573790424,18.588231573790424,44587521
2019-02-12,19.261388778686523,19.391429982904896,19.031903528230497,19.391429982904896,36398104
2019-02-13,19.506168365478516,19.674456351619003,19.223137045264593,19.261385309629773,47384573
2019-02-14,19.87334442138672,19.926890536442343,19.437324388479823,19.54441661859107,41548287
2019-02-15,19.44497299194336,19.758601470924532,19.38377722675245,19.74330216487127,29340305
2019-02-18,19.75095558166504,19.926893257738044,19.552068942138966,19.735656272696325,38912080
2019-02-19,19.452625274658203,19.865696380782005,19.22314002990291,19.789202758219233,53102597
2019-02-20,19.544416427612305,19.980437915280813,19.337881622847657,19.773901651493972,43572485
2019-02-21,19.506168365478516,19.796847879543375,19.429673295770257,19.582663435186774,40990572
2019-02-22,19.506168365478516,19.64385919914896,19.223137045264593,19.513818018351554,41325160
2019-02-25,20.27876853942871,20.347613965573018,19.29963472461588,19.582666083100516,94747938
2019-02-26,20.095182418823242,20.852480692464244,20.072233455735073,20.202274661856602,78325350
2019-02-27,20.370561599731445,20.64594330608582,20.156377125031206,20.263469362381326,62221642
2019-02-28,20.68419075012207,21.22730302816979,20.615345326281904,20.997819254717395,88478957
2019-03-01,21.27320098876953,21.349696071646623,20.829531258909228,20.982521424663407,64580332
2019-03-04,21.395593643188477,21.739820804409046,21.189058805478563,21.56388312601739,83043049
2019-03-05,21.219654083251953,21.472086826089708,20.982520648227954,21.395591746043234,53114425
2019-03-06,20.898374557495117,21.35734354895414,20.653591484456225,21.265549167053454,69758440
2019-03-07,20.294069290161133,20.791285157316075,20.202274895767996,20.76833619396219,81033291
2019-03-08,20.156375885009766,20.52355049821212,19.965138924922428,19.965138924922428,60364383
2019-03-11,20.508251190185547,20.622993074427608,20.06458150116662,20.06458150116662,60916362
2019-03-12,20.569446563720703,20.936622628869564,20.278767031959305,20.53884940938791,72992960
2019-03-13,20.171676635742188,20.4776555019775,20.09518155442778,20.347614301449703,58929431
2019-03-14,20.133424758911133,20.439403570333994,19.988084276352,19.988084276352,45993700
2019-03-15,20.339962005615234,20.645940832109318,20.14107540363855,20.23286978109784,66130963
2019-03-18,21.846908569335938,21.99224905859721,20.424106665853913,20.49295208397651,150153621
2019-03-19,21.456787109375,21.938705083168283,21.34204522100307,21.938705083168283,60065769
2019-03-20,21.387941360473633,21.609776939117374,21.112561124358063,21.45678678425809,43718030
2019-03-21,21.135509490966797,21.533282742656834,21.059015869429896,21.38794223549657,47431755
2019-03-22,21.357345581054688,21.525633595025578,21.08196386817292,21.196705762199542,43075433
2019-03-25,20.783632278442383,21.349693488816484,20.768332971913363,20.997818192782113,45692592
2019-03-26,20.921323776245117,21.3802927733755,20.844828700219683,20.944271277737194,47743060
2019-03-27,21.571531295776367,21.648024918317965,20.883077020723373,21.036067183851223,67352705
2019-03-28,21.648025512695312,21.793366025755066,21.280850861933967,21.571531888053475,51474983
2019-03-29,22.26763343811035,22.512416528294107,21.648024599682625,21.648024599682625,85416870
2019-04-01,22.77250099182129,23.21617074777549,22.474170296956917,22.550665384332973,81599885
2019-04-02,22.420621871948242,22.764849000293204,22.244684210359612,22.718952536187974,66163873
2019-04-03,22.43592071533203,22.58891087121296,22.214086594229162,22.244683749991996,47589923
2019-04-04,22.780147552490234,22.826044015073293,22.428270781960812,22.55066232153046,57756987
2019-04-08,22.419801712036133,22.99165511898572,22.216127588846593,22.952486156366685,59279038
2019-04-09,24.28420066833496,24.66021373944386,23.696679684423632,24.28420066833496,155653751
2019-04-10,24.66805076599121,25.21640285971487,23.853355671777116,24.252868678369452,102520980
2019-04-11,23.751516342163086,24.715050462292588,23.688847492743523,24.668049198763722,74265803
2019-04-12,23.500839233398438,24.072692629483452,23.312832698828426,23.579175663005056,59092917
2019-04-15,23.500839233398438,24.362536970785005,23.500839233398438,24.025691369376727,63751019
2019-04-16,24.182361602783203,24.190193900164598,23.116989861758526,23.485169098545366,58126346
2019-04-17,24.111862182617188,24.299868721797402,23.892520473168695,24.111862182617188,33957493
2019-04-18,24.158863067626953,24.22936570548942,23.861184931286942,23.95518894648461,34885193
2019-04-19,24.393869400024414,24.558376043209094,23.963021300411796,24.127526449453438,41704276
2019-04-22,24.268531799316406,25.145895585477515,24.221530541450683,24.56620991879978,59432023
2019-04-23,23.87685203552246,24.23719901002588,23.540006437881143,24.049192477558353,47793952
2019-04-24,24.080530166625977,24.636717558596963,23.916024983598657,24.127531434041877,53040930
2019-04-25,23.853351593017578,24.284199699710044,23.69667873923319,24.04919191317653,40043591
2019-04-26,23.500839233398438,24.942224159244994,23.500839233398438,23.978690109270005,88222720
2019-05-06,23.500839233398438,24.27636674880341,23.148326047240214,23.884686094913437,91376671
2019-05-07,23.931686401367188,24.487873684681883,23.500838296914313,23.500838296914313,77405486
2019-05-08,23.610509872436523,24.111862136773706,23.500839764992367,23.6183436649887,63289611
2019-05-09,22.85848617553711,23.594846319061244,22.725314676114056,23.46167481963819,75932751
2019-05-10,23.704513549804688,23.892520085937843,23.109158771644797,23.344166568275458,87265106
2019-05-13,23.814184188842773,24.143196007977647,23.25016456781578,23.304999621981064,58614311
2019-05-14,23.516504287719727,24.010021201094595,23.430334075010244,23.500836704655647,61425410
2019-05-15,24.307701110839844,24.51920752136575,23.657511306746493,23.735846239607827,86146754
2019-05-16,24.597543716430664,24.793384035023493,24.166695613183663,24.276365713469872,60418635
2019-05-17,23.822019577026367,24.597547168186008,23.728017047630615,24.511378431930446,63604994
2019-05-20,23.56351089477539,23.963025388793863,23.26583421966102,23.759351245128958,57721156
2019-05-21,23.696680068969727,23.92385557029071,23.540007206393657,23.66534489879725,38722435
2019-05-22,23.73584747314453,23.900354127817394,23.344166811910178,23.657512536212177,33300396
2019-05-23,23.430335998535156,23.75151400700128,23.171826833327227,23.571341269401863,40426723
2019-05-24,23.422504425048828,23.7985175202157,23.257999256217033,23.579177295106636,32252599
2019-05-27,23.5086727142334,23.649677986828067,22.93681932572666,23.430336285664904,45972365
2019-05-28,23.7750186920166,23.7750186920166,23.359836613815638,23.422505465794718,45768859
2019-05-29,23.43817138671875,23.728015740364096,23.281498520833182,23.54784149635274,40693808
2019-05-30,23.547842025756836,23.775017536983967,23.344167893183855,23.45383949942667,38191110
2019-05-31,23.5086727142334,23.87685198611929,23.312832389883713,23.48517133741992,46149776
2019-06-03,23.963022232055664,24.111861297077375,23.56350779066672,23.56350779066672,64715041
2019-06-04,23.728015899658203,24.088361401813675,23.579176825482026,24.01785876110618,39333818
2019-06-05,23.594844818115234,23.916022856149638,23.500840797502207,23.869020098771518,34656579
2019-06-06,23.500839233398438,23.720180937468346,23.42250280379182,23.720180937468346,26311094
2019-06-10,24.033527374267578,24.127529903134857,23.422504960057243,23.696681741849442,59165497
2019-06-11,25.404409408569336,25.498411936028614,24.04919460024277,24.04919460024277,98357762
2019-06-12,24.871721267700195,25.380907307865233,24.86388747540532,25.365239723275486,46951402
2019-06-13,24.722883224487305,25.03622745852112,24.566211854541976,24.9500587280013,38896327
2019-06-14,24.895221710205078,25.14589558351709,24.74638265047499,24.81688528433961,30176326
2019-06-17,24.6837158203125,25.0283952257258,24.448706523563043,24.989226262529304,27408068
2019-06-18,24.691551208496094,24.91089143999734,24.448708103415054,24.675883622205074,29112181
2019-06-19,24.871721267700195,25.365239723275486,24.856053683110446,25.224234450253974,49994789
2019-06-20,25.553245544433594,26.242604346065324,24.832554560948925,24.91088949801072,88285335
2019-06-21,25.3182373046875,25.850923234646135,25.263402252040542,25.600247854463984,51138420
2019-06-24,25.326072692871094,25.655083010073255,25.11456477968988,25.357404874304923,54656627
2019-06-25,25.412240982055664,25.443576153076503,25.01272801054231,25.091062949808023,46690735
2019-06-26,25.717756271362305,25.83525868873295,25.310407983580216,25.380910629317242,41887577
2019-06-27,25.937091827392578,26.085929391185577,25.529743613116622,25.890089075954023,43977428
2019-06-28,26.172101974487305,26.219104730175836,25.655083615058793,25.874423831699275,34058129
2019-07-01,26.83795738220215,27.025965412964382,26.36794178772597,26.634284754805478,53366160
2019-07-02,27.002466201782227,27.151303779803925,26.657785301520526,27.025966085605038,36874371
2019-07-03,26.28177261352539,26.947631551937025,26.203437674082323,26.79879098339425,51079685
2019-07-04,26.172101974487305,26.461944830517414,25.921426587387803,26.085931749868163,47903916
2019-07-05,26.219104766845703,26.313107290067904,26.031096732114968,26.219104766845703,35852846
2019-07-08,25.835254669189453,26.148600376666234,25.435741731028386,26.125097506219486,54426960
2019-07-09,26.062435150146484,26.242607920558903,25.73342179544233,25.835259618122986,40606339
2019-07-10,25.976261138916016,26.422776850314968,25.772588511446042,26.391441680462272,38407399
2019-07-11,26.540279388427734,26.790954743713925,26.078096141815198,26.226933700177018,54960528
2019-07-12,26.501113891601562,26.751789265494974,26.375773216368685,26.63428387660724,29425825
2019-07-15,26.414945602416992,26.548115597157203,25.811757006054318,26.47761295632815,42568125
2019-07-16,25.60807991027832,26.391441213002743,25.467074636725027,26.344441447342458,75394185
2019-07-17,25.44357681274414,25.764754853318866,25.22423658648427,25.373074170262544,35734000
2019-07-18,25.153732299804688,25.4435751496003,25.04406069970031,25.43574285129718,44433183
2019-07-19,25.263402938842773,25.537578209531187,24.989226174011197,25.27123523731116,38254039
2019-07-22,25.2712345123291,25.435742658309064,25.05189430207081,25.2712345123291,32204406
2019-07-23,25.145898818969727,25.412241804696098,24.95005997032259,25.365242034929757,30991537
2019-07-24,25.396574020385742,25.60024964873789,25.138066323829804,25.341738963895498,36205172
2019-07-25,25.380908966064453,25.380908966064453,25.083230815983615,25.349573794837756,33565840
2019-07-26,25.333906173706055,25.459243870150726,25.06756319522533,25.380908930480206,37927678
2019-07-29,25.255569458007812,25.41223932633148,25.145896366580583,25.30256922319044,31000579
2019-07-30,25.02839469909668,25.318237549936228,24.64454633856354,25.255570198426778,60103700
2019-07-31,24.44087028503418,25.012723608227866,24.323364908530525,24.840383186232067,64064092
2019-08-01,24.534875869750977,24.589710922119014,24.29203428320261,24.36253692028812,39248607
2019-08-02,24.393869400024414,24.44870444970496,23.90035245875645,23.970855092386596,40917718
2019-08-05,24.135360717773438,24.362536207097094,23.892519138334038,24.088359459140054,38193308
2019-08-06,22.012453079223633,23.030822183150494,21.777443790064506,22.944653455187623,204815804
2019-08-07,22.0594539642334,22.302295547505686,21.221257617016878,21.93411627647073,150194748
2019-08-08,21.98111915588379,22.513805115206353,21.77744502472262,22.05945559004473,93860143
2019-08-09,21.464101791381836,22.255296974734232,21.056753509907544,22.12995927184111,114763792
2019-08-12,22.043785095214844,22.153456686223837,21.479765533148786,21.76177606125332,78560756
2019-08-13,22.098623275756836,22.294463615999174,21.902782935514495,21.973285577533197,40218425
2019-08-14,22.114288330078125,22.59997297570429,21.94194938828461,22.48246908383857,51048407
2019-08-15,22.043785095214844,22.114287727240978,21.581601838218194,21.60510321360791,39337496
2019-08-16,22.482471466064453,22.701811689016772,21.97328539045495,22.043788031873397,60702256
2019-08-19,22.8741512298584,22.983821336955472,22.33363149861411,22.560805505335644,66011175
2019-08-20,22.693979263305664,22.921154786926866,22.631310410952107,22.85848593457331,43002618
2019-08-21,22.07512092590332,22.607806830936806,21.973283123630008,22.52947040475958,71116198
2019-08-22,22.161291122436523,22.247459846418444,21.99678447821094,21.99678447821094,34117199
2019-08-23,22.40413475036621,22.47463739089901,21.800946156538142,22.184793036026043,57216491
2019-08-26,22.067289352416992,22.255295897657838,21.94195165558976,22.051621766777785,42156535
2019-08-27,22.443300247192383,22.552971841794058,22.090788569656944,22.161291203992644,67235330
2019-08-28,23.093490600585938,23.22666208040121,22.263128046872357,22.404133318928892,85375417
2019-08-29,22.795814514160156,23.022988518045803,22.60780797827934,22.92115220474737,51772790
2019-08-30,22.443300247192383,22.717476992481984,21.94194950893235,22.451134039245577,86746243
2019-09-02,22.38846778869629,22.474638017113612,22.23962871074179,22.38846778869629,62715143
2019-09-03,22.255294799804688,22.811482109414122,22.129957109160365,22.4041338677485,73165180
2019-09-04,22.349300384521484,22.349300384521484,21.996787170986746,22.16912613419082,49360614
2019-09-05,22.73314666748047,22.96815447411905,22.37279967060569,22.427634725878477,85474909
2019-09-06,22.81931495666504,22.905485181359673,22.56863956934593,22.850650127151514,44346235
2019-09-09,23.257997512817383,23.681011839635513,23.116992239163636,23.500839098474884,103882016
2019-09-10,23.547842025756836,23.775017536983967,23.344167893183855,23.414670535003086,77472881
2019-09-11,23.28933334350586,23.798517938937724,23.187497022076787,23.775018053915844,58738428
2019-09-12,23.305002212524414,23.446007506990856,23.148329331085403,23.36767106627135,39472163
2019-09-16,22.96815299987793,23.351999856292935,22.858482896371672,23.304998596810695,61498033
2019-09-17,22.654808044433594,22.952484670349996,22.560804034377178,22.842814570403384,46870471
2019-09-18,22.717477798461914,22.983820761147744,22.65480895395602,22.65480895395602,47503428
2019-09-19,22.552974700927734,22.866318952064198,22.43546929937622,22.842817572925245,42342873
2019-09-20,22.631305694580078,22.740977283950677,22.490300432634296,22.631305694580078,34816560
2019-09-23,22.239627838134766,22.615642414747512,22.098622558672883,22.599974829442154,46393018
2019-09-24,22.169124603271484,22.443301362182268,22.090789667133947,22.364964931901596,39932936
2019-09-25,21.808780670166016,22.090791241619023,21.808780670166016,22.090791241619023,46471650
2019-09-26,21.973283767700195,22.13779041690862,21.761777353208075,21.87928124884661,45451432
2019-09-27,22.161291122436523,22.192624796390934,21.816611744079683,21.941949428183435,29810343
2019-09-30,22.341466903686523,22.584308512990457,22.090791501289786,22.129958972610556,39125431
2019-10-08,22.357133865356445,22.537306619028318,22.16912582466738,22.286631223633847,37256162
2019-10-09,22.09079360961914,22.427637779898387,21.934120721096804,22.427637779898387,34586842
2019-10-10,22.302295684814453,22.388465905985473,21.88711515184812,22.020286632683742,36572349
2019-10-11,22.169124603271484,22.38063251678636,22.012453236853275,22.341465048717588,34820747
2019-10-14,22.349300384521484,22.623475668222685,22.1612938353507,22.310131419604716,54295598
2019-10-15,22.411970138549805,22.59214290200706,22.286632434045345,22.419803931849245,35034153
2019-10-16,22.153457641601562,22.56080437358922,22.075121214400564,22.54513828346348,33753451
2019-10-17,22.07512092590332,22.23962607614675,22.00461829175812,22.23962607614675,24696250
2019-10-18,21.94194984436035,22.286629229254785,21.894948585465727,22.075121323014354,31701932
2019-10-21,21.847946166992188,22.12995671296461,21.74610985547054,22.12995671296461,33405339
2019-10-22,21.910615921020508,21.973284767822996,21.683441911665174,21.934117298875126,25093540
2019-10-23,21.675609588623047,22.067290281229795,21.66777579547372,21.918451199679115,32408571
2019-10-24,21.268259048461914,21.71477475149683,21.26042525614548,21.61293843966942,46967536
2019-10-25,21.440601348876953,21.518936290542467,21.150756984627552,21.354431120073006,37399976
2019-10-28,21.62860679626465,21.81661333613999,21.385763708217063,21.43276646379327,38174072
2019-10-29,21.94194984436035,21.988951103254976,21.581602875120012,21.66777309487939,47901282
2019-10-30,21.24475860595703,21.949783460287737,21.174255971109655,21.949783460287737,56920449
2019-10-31,22.717477798461914,22.944653293635227,22.09078935340297,22.310129562102045,165360724
2019-11-01,23.062156677246094,23.297164465379144,22.623473281321225,22.850648771440504,98003836
2019-11-04,23.069990158081055,23.406834251421337,22.913317305344552,23.109157624193653,64192508
2019-11-05,23.399003982543945,23.54784156199262,23.093492042629787,23.265832494412948,78484684
2019-11-06,23.085657119750977,23.453837889341287,23.030822067465554,23.422502719953552,46767820
2019-11-07,23.22666358947754,23.352001285194955,23.069992216902367,23.093492101009886,36390680
2019-11-08,23.085657119750977,23.430336512300485,23.069991029200224,23.422502719953552,36590381
2019-11-11,22.717477798461914,23.109158450159534,22.65480895395602,22.897650539648474,42015637
2019-11-12,22.866317749023438,22.921152803319437,22.686143506723944,22.921152803319437,28969495
2019-11-13,22.8741512298584,22.889817320770018,22.63914193646633,22.8741512298584,33837502
2019-11-14,22.795814514160156,23.085657363339408,22.717478084007368,22.913318412317775,39161912
2019-11-15,22.678312301635742,22.944655287466084,22.576474486624775,22.84281747245512,32018080
2019-11-18,22.717477798461914,22.858483072135957,22.451134835776084,22.59997390178125,31538068
2019-11-19,23.351999282836914,23.40683433324346,22.631306847187222,22.639140639265737,58445542
2019-11-20,23.03865623474121,23.399003217848836,22.928986128385606,23.312832994773355,32430377
2019-11-21,22.83498191833496,23.02298845369025,22.693976643282717,22.96031960857182,28903939
2019-11-22,22.725313186645508,23.226663977899303,22.6078092817133,22.83498329869647,45614409
2019-11-25,22.8271484375,22.85064981504386,22.48247053171562,22.756645799011572,32846952
2019-11-26,22.991655349731445,23.187495682362645,22.84281627857165,22.913318917850333,43751660
2019-11-27,23.093490600585938,23.18749461333799,22.79581396613344,22.92115165370745,30020452
2019-11-28,23.03082275390625,23.29716572506797,22.9368202312275,23.13266056330858,24877088
2019-11-29,22.787981033325195,23.23449674891552,22.57647311726352,23.015155040317136,40688958
2019-12-02,23.242328643798828,23.344164950175163,22.81931284621321,22.866315597595854,52842975
2019-12-03,23.79851531982422,23.892519331996013,23.069990575600926,23.20316205459417,63793181
2019-12-04,23.8690185546875,24.033525206582574,23.524340654404426,23.970856361609002,40431200
2019-12-05,23.67317771911621,23.939520678071307,23.57917520074564,23.869018042221835,38997689
2019-12-06,23.696680068969727,23.806350176287083,23.48517215273498,23.649678807854166,31555946
2019-12-09,24.166698455810547,24.205865926478992,23.70451513003535,23.853354208033267,44087650
2019-12-10,23.970853805541992,24.268530413888733,23.931684847770736,23.931684847770736,25138388
2019-12-11,23.67317771911621,24.11186111865583,23.60267508326674,24.11186111865583,27958968
2019-12-12,23.71234703063965,23.79851575806221,23.50083911996561,23.79851575806221,22857075
2019-12-13,24.010025024414062,24.064860079727236,23.775017217602407,23.87685353544927,38768715
2019-12-16,23.84552001953125,24.08836162076258,23.649679681151067,24.010025186581867,38815517
2019-12-17,24.11969566345215,24.3547034608543,23.759348680739965,23.892520164372687,47498001
2019-12-18,23.853351593017578,24.229364649128428,23.751513789814805,24.166695806443286,37241910
2019-12-19,23.4616756439209,23.814187394206787,23.34417023301557,23.79851980686696,41956486
2019-12-20,23.5086727142334,23.681011661769606,23.383335026181047,23.532174091046876,30365058
2019-12-23,23.38333511352539,23.73584680218571,23.359833736624125,23.60267532136476,29515181
2019-12-24,23.688844680786133,23.75151352276666,23.163992568895548,23.344165302821693,26865417
2019-12-25,23.485172271728516,23.775016620719867,23.40683584004357,23.735847657805813,21912458
2019-12-26,23.594844818115234,23.64967987424649,23.406836776889183,23.4851732117095,19196472
2019-12-27,24.00218963623047,24.104027441451464,23.610508988150244,23.6575117417029,45549775
2019-12-30,24.151031494140625,24.29987057598573,24.010026205460342,24.010026205460342,46324148
2019-12-31,24.23720359802246,24.354707516289757,24.041363236195842,24.27637107273043,27813104
2020-01-02,24.871721267700195,25.044060215758094,24.26069891598801,24.409537981304396,54604247
2020-01-03,24.863889694213867,25.067563829626774,24.487876595363844,25.067563829626774,42670858
2020-01-06,24.35470199584961,24.81688526452958,24.143194094424597,24.65237862092911,42899553
2020-01-07,25.18506622314453,25.42790630624413,24.354702194655466,24.49570746342316,63222917
2020-01-08,25.216398239135742,25.216398239135742,25.216398239135742,25.216398239135742,46351899
2020-01-09,25.451414108276367,25.796092060782147,25.380911460231243,25.412243646250534,43733192
2020-01-10,25.396574020385742,25.55324689105206,25.145898622634213,25.467076662771262,27093733
2020-01-13,25.84309196472168,25.84309196472168,25.84309196472168,25.84309196472168,38705406
2020-01-14,25.639415740966797,25.639415740966797,25.639415740966797,25.639415740966797,26158916
2020-01-15,26.062435150146484,26.35227804269805,25.60808408609949,25.615919373844687,48604304
2020-01-16,26.266103744506836,26.360109253188682,26.00759606634738,26.062431118935333,28437944
2020-01-17,25.75692367553711,26.35227702484858,25.67075344338845,26.242606906945408,39348030
2020-01-20,25.764751434326172,25.811754185838772,25.373070803246026,25.717751671099634,33212407
2020-01-21,25.224233627319336,25.584579096268698,24.989224348569568,25.584579096268698,39152828
2020-01-22,25.420076370239258,25.47491142560102,24.69155007667708,25.11456592228474,37071183
2020-01-23,24.00218963623047,25.224234334023805,23.814183104449132,25.224234334023805,76416673
2020-02-03,22.231792449951172,22.740978476829866,21.699108035087217,21.699108035087217,128450428
2020-02-04,23.1404972076416,23.163997094135752,22.451138317041895,22.451138317041895,80572358
2020-02-05,23.1874942779541,23.406834480964534,22.960318788672645,23.383334598723742,60131065
2020-02-06,23.73584747314453,23.73584747314453,23.25799808245596,23.3833357745195,66865003
2020-02-07,24.088359832763672,24.205863728241216,23.320666121891076,23.69667918507646,55409598
2020-02-10,23.634014129638672,23.978693573214056,23.46950745428595,23.77501942447148,53719182
2020-02-11,23.681013107299805,24.143196420508986,23.626178052197563,23.626178052197563,45807210
2020-02-12,23.696680068969727,23.869019022488878,23.61834363768169,23.68101248388349,36879362
2020-02-13,23.242328643798828,23.735845580172352,23.226661060004613,23.688844322932738,49674781
2020-02-14,23.265830993652344,23.461671316850957,23.15615939664382,23.18749456554428,39689228
2020-02-17,23.634014129638672,23.657515510158586,23.030825476917585,23.0543268574375,61643397
2020-02-18,23.657512664794922,23.81418403365431,23.50867359435682,23.50867359435682,50145395
2020-02-19,23.900354385375977,23.96302323208309,23.493006134708164,23.65751279115381,59419892
2020-02-20,24.35470199584961,24.440872213647143,23.77501483553676,23.884684935175038,57951432
2020-02-21,24.057024002075195,24.24503202263985,23.939520109829576,24.229364438568954,54909230
2020-02-24,23.477338790893555,23.869019460376123,23.265832364921785,23.869019460376123,74409277
2020-02-25,23.257997512817383,23.328500149644256,22.952485588519895,23.10915844683364,62094834
2020-02-26,23.007322311401367,23.28149757433993,22.780146814517273,22.88198312730258,51749800
2020-02-27,23.4616756439209,23.540010592333296,23.03082595693588,23.069994925285446,54857726
2020-02-28,22.6469783782959,23.30500208614196,22.639144584852097,22.960322645331328,53881359
2020-03-02,23.179662704467773,23.265832931979983,22.75664685392771,22.75664685392771,47623186
2020-03-03,23.38333511352539,23.58700923090702,23.179660996143756,23.304998684664284,60317178
2020-03-04,23.78285026550293,23.798516356428035,23.273664209786727,23.34416684845072,54509701
2020-03-05,24.23720359802246,24.503546609638136,23.673182399710033,23.939525411325707,87707587
2020-03-06,23.790685653686523,24.37820668586294,23.743682895329272,23.970858411626246,46843030
2020-03-09,22.740978240966797,23.265830352439735,22.717476864939155,23.265830352439735,76566759
2020-03-10,23.414669036865234,23.46167179116616,22.639141520617372,22.639141520617372,60902118
2020-03-11,22.921152114868164,23.352000237804354,22.905484530070417,23.34416644540548,51209474
2020-03-12,22.380634307861328,22.709646146055764,22.23179522783109,22.70181235298646,54895270
2020-03-13,22.13779067993164,22.380632266355597,21.268259152417865,21.503268440630215,84007352
2020-03-16,21.34659767150879,22.12995905394948,21.189924797363346,22.12995905394948,67051726
2020-03-17,21.76177978515625,21.973286223284887,21.064587137387008,21.542438059747248,74088640
2020-03-18,21.675609588623047,22.48247235328452,21.534604300221694,21.87144993492642,55265696
2020-03-19,21.808780670166016,21.988953426752886,21.18992447039819,21.70694285529988,72267433
2020-03-20,22.20829200744629,22.36496336287312,21.808777585771878,21.808777585771878,48390395
2020-03-23,21.550270080566406,21.816613048750405,21.35442975067483,21.362263543167668,59706011
2020-03-24,22.20829200744629,22.24745947276724,21.863612634878418,21.9732827330915,52143366
2020-03-25,22.435470581054688,22.717481170259642,22.239630226138658,22.678313696933767,54254740
2020-03-26,22.231792449951172,22.505969196545145,22.03595213011877,22.098620972699415,31351275
2020-03-27,22.474637985229492,22.89765234546949,22.40413534283229,22.53730683467776,64662894
2020-03-30,22.740978240966797,22.772311914860605,22.23962601137845,22.302294853309114,50676955
2020-03-31,23.391170501708984,23.406836593235553,22.72531305217553,22.95248706781447,63805901
2020-04-01,22.95248794555664,23.391171396227158,22.82715024369171,23.10132702682497,56808249
2020-04-02,22.897647857666016,23.022985531997108,22.545136208913423,22.86631418615471,40248140
2020-04-03,23.054323196411133,23.367667416200906,22.725311392096096,22.83498149548674,38832352
2020-04-07,23.64967918395996,23.806350554884457,23.383336209830826,23.383336209830826,74944943
2020-04-08,23.446002960205078,23.649677068920788,23.265830227390698,23.5008380098318,35990802
2020-04-09,23.618343353271484,23.876852527508845,23.53217462462112,23.547840715375557,41212718
2020-04-10,23.657512664794922,24.182364813467345,23.500839801792377,23.61834370197271,47280471
2020-04-13,23.391170501708984,23.649679688687478,23.14049510756538,23.649679688687478,34209997
2020-04-14,23.90818977355957,24.010026095951265,23.14832827561338,23.493007702577184,56934408
2020-04-15,23.485172271728516,24.010024421631545,23.352000786107055,23.963023160277842,44135806
2020-04-16,23.344165802001953,23.649677720565123,23.203162025137892,23.414668437505526,30322811
2020-04-17,23.4616756439209,23.73585095165102,23.39117299503505,23.57917956068286,37875851
2020-04-20,23.892520904541016,24.08836123982414,23.508674026683277,23.735848038657245,59572089
2020-04-21,23.52433967590332,23.89251893804064,23.257996722308473,23.89251893804064,60355286
2020-04-22,23.759349822998047,23.78285120152537,23.320667882823766,23.344167767207882,41391770
2020-04-23,24.072694778442383,24.417374202995013,23.735849146964043,23.735849146964043,58380677
2020-04-24,24.44087028503418,24.675878049755635,23.970853261448344,24.151025980677655,60367387
2020-04-27,24.307701110839844,24.636712908943895,24.12752688048679,24.49570763916458,37325208
2020-04-28,24.61321258544922,24.73855027636046,23.931687583744107,24.323368241377516,60087289
2020-04-29,22.94465446472168,23.657513167663936,22.709645165222458,23.657513167663936,183535564
2020-04-30,22.905485153198242,23.14832674759717,22.56080574898665,22.944654116258175,107814315
2020-05-06,22.85065269470215,22.87415407520767,22.482473364975647,22.49030566433415,98649301
2020-05-07,22.764482498168945,23.038659294615822,22.686146057163647,22.866320319718834,64781449
2020-05-08,23.062156677246094,23.22666183011061,22.68614212443291,22.84281497928366,79537690
2020-05-11,22.88981819152832,23.47733920614382,22.756646701783076,23.02298968127356,68164476
2020-05-12,22.81931495666504,22.991655406054303,22.709644848248722,22.787981280321734,61031713
2020-05-13,23.093490600585938,23.218828288159948,22.599973642531165,22.819313848714135,72158052
2020-05-14,22.717477798461914,23.015154436329137,22.68614262913741,22.88198295498622,58055960
2020-05-15,22.310131072998047,22.82714944872119,22.28663118855631,22.803649564279453,83648411
2020-05-18,22.4668025970459,22.639141547256056,22.01245309727082,22.31012973747803,66015811
2020-05-19,22.717477798461914,22.79581422763006,22.521637472613104,22.646975161624894,56898198
2020-05-20,22.498136520385742,22.93681993435248,22.404133998923683,22.67831075911711,55192397
2020-05-21,22.38846778869629,22.701812036382155,22.27879767554204,22.61564330210806,44280704
2020-05-22,21.847946166992188,22.31012945327228,21.832280076549466,22.26312819365791,72327761
2020-05-25,22.325796127319336,22.435466226661095,21.58160232541814,21.996784335151013,58449767
2020-05-26,22.419801712036133,22.60780825017806,22.14562495027548,22.568639287559026,51757466
2020-05-27,22.505971908569336,22.780148688202278,22.333632944241064,22.41196938044237,50075524
2020-05-28,22.27879524230957,22.670475882674364,22.028119871538994,22.505969236766756,40702704
2020-05-29,22.2866268157959,22.513800787638072,22.09861881229096,22.223957979341893,41957127
2020-06-01,22.654808044433594,22.819313194353516,22.325796250450704,22.482469102497053,78006370
2020-06-02,22.592140197753906,22.646975250143004,22.357132403474026,22.56863882066867,61188567
2020-06-03,22.52947235107422,22.772313948473894,22.419802241437562,22.631308668002088,56582801
2020-06-04,22.62347412109375,22.740979513665096,22.50597022266554,22.733145721217465,47680421
2020-06-05,22.310131072998047,22.639142902471246,22.169125789774785,22.639142902471246,80649607
2020-06-08,23.720184326171875,23.892523300612563,22.53730840313943,22.560808289478462,189537220
2020-06-09,23.931686401367188,24.34686841583751,23.806348716648422,24.033524204040596,136287437
2020-06-10,23.61785888671875,24.012160259747006,23.52934171946255,23.963878866169907,64572092
2020-06-11,23.24769401550293,23.802935331709143,22.933862701265227,23.738559638151727,78532535
2020-06-12,23.416683197021484,23.416683197021484,22.853394678514647,22.89363044974384,54400167
2020-06-15,23.014333724975586,23.384493595676012,22.966052336370677,23.094803729208884,59911757
2020-06-16,23.263792037963867,23.42473206497926,23.078712081282656,23.263792037963867,55765244
2020-06-17,23.65004539489746,23.738562559998087,23.175274020910475,23.33621404203202,57285958
2020-06-18,23.529340744018555,23.819032163147202,23.45691788923639,23.71442069075618,49558224
2020-06-19,24.0684871673584,24.285755725901307,23.464964416853245,23.497153033602295,106305607
2020-06-22,24.21333122253418,24.68810254335545,24.060438373073698,24.132861220984577,76843976
2020-06-23,24.334035873413086,24.736384353201338,24.076533091922624,24.253565870487904,93230029
2020-06-24,24.800758361816406,25.050213972564524,24.494974213302992,24.70419559274377,75472536
2020-06-29,24.849042892456055,25.291627167059524,24.583492941629068,24.94560720859211,67543239
2020-06-30,25.050214767456055,25.29967192095747,24.832947762729546,25.106544841846354,65468239
2020-07-01,25.661787033081055,25.854915665200004,25.01803004214367,25.146781440331146,74340113
2020-07-02,25.702024459838867,25.97562004748213,25.307723085636773,25.7503058535597,76937053
2020-07-03,25.420377731323242,26.17679178774768,25.07435778420852,26.15265186063398,96229554
2020-07-06,27.198759078979492,27.52063911978362,25.629600786829396,25.66983502451102,141382069
2020-07-07,27.037817001342773,27.673528345239802,26.997582766722466,27.673528345239802,104279815
2020-07-08,28.035642623901367,28.285099790274543,26.97344286656291,27.037817028084007,115098932
2020-07-09,28.18048858642578,28.558697149032874,27.826423020579487,28.03564288456244,81078707
2020-07-10,27.81032943725586,28.41385218752002,27.6252494955359,28.12416077624515,80311064
2020-07-13,28.52651023864746,29.025421536185462,27.263136151053708,27.359698934844,110736545
2020-07-14,28.293148040771484,28.96909368282441,27.922988135990877,28.252913802369353,70184476
2020-07-15,28.52651023864746,29.130033009269017,28.07587879816683,28.88057582566224,78701179
2020-07-16,26.63547134399414,28.969094035864607,26.63547134399414,28.486277029803798,117199570
2020-07-17,27.641338348388672,27.963218348616927,26.434292952045496,26.434292952045496,78978618
2020-07-20,26.909067153930664,28.083927132163964,26.15265306273774,27.649390006091735,125281187
2020-07-21,27.40797996520996,27.842513997038516,26.67570584364244,26.9653941749697,79075277
2020-07-22,28.969087600708008,29.476047493229395,27.198753855618634,27.198753855618634,118137648
2020-07-23,28.59893226623535,29.210500638775393,27.898843662409014,28.775963519781556,78068781
2020-07-24,27.38383674621582,28.55064795980831,26.957348336912997,28.24486225349245,101088500
2020-07-27,27.27923011779785,28.035644209072544,26.98953870038505,27.850564263431146,54136386
2020-07-28,28.45408821105957,29.17026809521467,27.617202541398846,27.76204825613534,96266709
2020-07-29,28.86448097229004,29.033469677829913,28.003455414685234,28.486275463880535,77353337
2020-07-30,28.985185623168945,29.63699128284382,28.7759626890966,29.25073403066031,78286110
2020-07-31,29.47605323791504,29.765744661529038,28.727684750137403,28.969093246590543,71692210
2020-08-03,30.65895652770996,30.964742267720993,30.0151994984833,30.0151994984833,78650930
2020-08-04,30.39340591430664,31.20614852979732,29.94277449135932,31.19810291049265,61447608
2020-08-05,30.361223220825195,30.940606153405493,30.087626065959615,30.288800354252658,59904200
2020-08-06,29.878400802612305,30.361217780124875,29.508237845532157,30.103714982828105,59362164
2020-08-07,29.315109252929688,30.023243407153885,28.904712101747133,29.918631947289192,63933034
2020-08-10,29.30706214904785,29.749647937911966,28.888622426317774,29.532379387835583,47404868
2020-08-11,28.969087600708008,30.1358986874493,28.888619140798255,29.556515953139147,50530724
2020-08-12,28.421899795532227,29.162222683887517,27.673531287267664,28.9610484197234,56136780
2020-08-13,28.035642623901367,28.566742502570595,27.963219773643047,28.478225344513167,40333514
2020-08-14,28.357519149780273,28.413847685305555,27.697664889944885,28.035639172771546,49269246
2020-08-17,28.44603729248047,28.727683080031753,27.96322032764312,28.244863045519008,70828067
2020-08-18,29.08175277709961,29.323161293780778,28.18853850267104,28.389712778184652,63263983
2020-08-19,28.156349182128906,28.9288575599599,28.083926329852535,28.9288575599599,49197507
2020-08-20,27.416027069091797,28.043689758807357,27.238992743407714,28.043689758807357,70536549
2020-08-21,28.075876235961914,28.277050474476603,27.472353520417848,27.826422144795874,54779277
2020-08-24,28.341428756713867,28.944951494669954,28.051737351346887,28.34142875671387,58620040
2020-08-25,28.36556625366211,28.888620476280536,28.172437643405654,28.22876925155659,46219083
2020-08-26,28.824247360229492,29.09784447313302,28.357524679203216,28.397758916755826,63032132
2020-08-27,29.693321228027344,30.417546703299035,29.170266937823744,29.53238121029735,92110461
2020-08-28,32.662654876708984,32.662654876708984,31.47170355658019,32.018897821190144,131957357
2020-08-31,33.748992919921875,34.666350128599746,33.16961313562739,33.39492732564882,176066776
2020-09-01,33.4110221862793,33.91798219186961,32.855782321845105,33.483445044220765,86455766
2020-09-02,33.47539520263672,34.17548382853728,33.25008101665064,33.87774371742647,74919983
2020-09-03,33.435157775878906,34.62610889769657,33.217889230255544,33.580003472961145,91935496
2020-09-04,32.97648239135742,33.4190651233922,32.356865338638556,33.08109385991396,68140896
2020-09-07,32.4936637878418,34.26399769653494,32.14764385283778,33.45930074437217,80507613
2020-09-08,32.09132385253906,32.83164377211328,31.536080843182315,32.44538950063855,63807454
2020-09-09,31.519981384277344,31.914284282044214,30.93255291714858,31.72920433237424,50524914
2020-09-10,31.238340377807617,32.02694314728563,31.15787189773515,31.86600311746495,48721220
2020-09-11,31.254430770874023,31.624590644299207,30.876222208644826,31.624590644299207,44147554
2020-09-14,31.399280548095703,32.13960039103667,31.085449176863087,31.986709050344718,55359345
2020-09-15,32.131553649902344,32.44538501018645,31.38318514322072,31.38318514322072,68685191
2020-09-16,31.463653564453125,32.23616506877824,31.198105133025468,31.9625679477971,45588321
2020-09-17,30.707237243652344,31.2463858271874,30.184182968397852,31.182008594065124,61675013
2020-09-18,31.664827346801758,31.66482734680176,30.554347639991132,30.84403906600281,47901784
2020-09-21,31.02107048034668,31.849910524330774,31.00497617108066,31.656781882814162,37997101
2020-09-22,31.085447311401367,31.672875778398343,30.83599012554967,30.980835837376386,31906391
2020-09-23,31.262479782104492,31.503891357613195,30.964742727232977,31.310762711141372,30305291
2020-09-24,30.498014450073242,31.10153713916697,30.25660291869564,31.061299837487283,44750231
2020-09-25,30.667007446289062,30.97279320852603,30.39341030527196,30.417550236348923,25261534
2020-09-28,30.723331451416016,31.39927704861129,30.57848574704021,31.334899815699636,30194790
2020-09-29,30.811845779418945,31.101537161540353,30.594577242827892,31.0693485480435,26277063
2020-09-30,30.980836868286133,31.664828142702696,30.819896842048212,31.02911979706021,36227254
2020-10-09,32.429290771484375,32.98453370520681,31.439513760091955,31.785533740051378,53966845
2020-10-12,33.54781723022461,33.6765686289931,32.67069736684067,32.75921452905816,47976053
2020-10-13,33.37882995605469,33.62023843318338,33.22593863679743,33.31445579466886,25550318
2020-10-14,33.63633346557617,34.03868195935023,33.32250213158047,33.39492498324682,35489823
2020-10-15,33.37078857421875,33.7892314202215,33.18570861593064,33.71680856091957,35850635
2020-10-16,33.16156768798828,33.90993625763371,32.871876232683476,33.31446210588577,26238069
2020-10-19,32.332725524902344,33.51563109058854,32.23616274495105,33.16156244797475,51692734
2020-10-20,33.39492416381836,33.55586417131399,32.525849965147124,32.54999296156043,39656596
2020-10-21,33.676570892333984,33.71680820126475,33.11328540341162,33.66852527235325,36838077
2020-10-22,33.90993118286133,34.03868258043125,33.25007988660604,33.95016541903778,36586747
2020-10-23,32.54999542236328,33.909932295679184,32.44538394913112,33.909932295679184,38887949
2020-10-26,33.314456939697266,33.66047689435549,31.906237193424378,32.54194548878852,29084220
2020-10-27,33.169612884521484,33.958215613302116,32.904061388570305,33.78922997206532,34648744
2020-10-28,34.59392547607422,34.97213097973808,33.36273697529905,33.47539406446171,76055352
2020-10-29,35.519317626953125,35.84119758720276,34.4410237506941,34.58586942583896,81557539
2020-10-30,31.97061538696289,33.394929621091,31.970615386962894,32.98453545110363,134286954
2020-11-02,30.498014450073242,31.664822526581013,30.055428688997733,31.14177137117153,169931648
2020-11-03,31.471698760986328,31.640684386746127,30.52215609765702,30.642861870157052,91665907
2020-11-04,31.75334358215332,31.9223292191505,30.908412327491888,31.54412370820569,52002204
2020-11-05,31.769441604614258,32.14765022944596,31.31076449647516,31.986710193155286,64212084
2020-11-06,31.286617279052734,32.06717120831348,31.045208815676475,32.05912558972684,53479775
2020-11-09,31.793577194213867,31.994751444687616,31.46365154622394,31.64068586893698,56694522
2020-11-10,31.334903717041016,31.793580814780018,31.141778133611858,31.77748957422409,49244249
2020-11-11,31.592403411865234,32.27639771541644,31.528029246990997,31.6245920291401,57887339
2020-11-12,31.39122772216797,32.02693907072117,31.22224209371976,31.78553059155582,43650486
2020-11-13,30.835988998413086,31.3027147349448,30.41754618728394,31.3027147349448,44855242
2020-11-16,30.755517959594727,31.125677814436184,30.50606080367537,30.98083211998949,40338119
2020-11-17,30.55434799194336,30.731379255686452,30.047387990583303,30.642865158652725,51169550
2020-11-18,30.844039916992188,30.94060270510172,30.40145407633248,30.546299793334622,40068415
2020-11-19,31.447559356689453,31.487793591632638,30.675047925273656,30.8520822426341,45899462
2020-11-20,31.568260192871094,31.89014019271396,31.182006034864756,31.463648732470883,43450054
2020-11-23,31.793577194213867,32.107411603480294,31.471700235261142,31.60045163277732,44902648
2020-11-24,31.141775131225586,31.986706384038676,30.940600877237923,31.986706384038676,48493261
2020-11-25,30.409500122070312,31.262476970615623,30.34512288914403,31.141774263391973,54809150
2020-11-26,30.675046920776367,30.747469769172657,30.19222997791795,30.345121293565555,34981647
2020-11-27,30.819894790649414,30.819894790649414,30.26465496024529,30.66700346422159,30412665
2020-11-30,30.409500122070312,30.88427147103768,30.401451433116815,30.787705621648254,43322613
2020-12-01,31.02107048034668,31.157870574270035,30.57044209960061,30.675050505316307,35901791
2020-12-02,31.01302146911621,31.30271286487406,30.715281384767707,31.286618557368037,32254111
2020-12-03,31.334903717041016,31.463655129219056,30.916460860043436,31.101543892870435,33924680
2020-12-04,32.01889419555664,32.09131704795651,31.375137212933105,31.54412284530764,52929585
2020-12-07,32.332725524902344,32.67069678956958,32.0108454988308,32.18787982013769,69308570
2020-12-08,32.735076904296875,33.12133112777913,32.0671768657901,32.332728371126734,52931735
2020-12-09,32.381004333496094,33.1857012267078,32.268344189919425,33.089135389356365,49796043
2020-12-10,31.729204177856445,32.54999551783628,31.455607064529833,32.08326976641271,53594121
2020-12-11,31.415374755859375,31.906240466056513,30.86818049560772,31.809674606240986,54645264
2020-12-14,32.23616409301758,32.30858694842852,31.383184137030472,31.54412415679651,51774364
2020-12-15,32.509761810302734,32.66265314360224,32.0269417420256,32.582184667060524,53387884
2020-12-16,32.582183837890625,32.879920877128725,32.05108392507444,32.48561798488729,52504131
2020-12-17,33.242034912109375,33.64438342103005,32.68679200520651,32.87992064014566,80985688
2020-12-18,32.75116729736328,33.33859571718167,32.397098665923195,33.0006213935048,54402481
2020-12-21,33.39492416381836,33.700709871092535,32.598272815036395,32.75921282253203,62481883
2020-12-22,32.960384368896484,33.91797564685977,32.90405583133101,33.346638513491946,60962118
2020-12-23,33.45124816894531,34.046725195011085,33.07303966307888,33.29030818327822,68201231
2020-12-24,32.5982780456543,33.33860097105399,32.509763943520554,33.21789517864536,58205300
2020-12-25,32.18788528442383,33.06500528121141,32.15569666241718,32.71898526882978,54349159
2020-12-28,33.70875549316406,33.716804181861,32.34077003384035,32.39709857601762,85011410
2020-12-29,33.692665100097656,34.32033089534655,33.5719623826974,34.08696801082678,57771647
2020-12-30,35.374481201171875,35.479092676056986,33.60414709625935,33.69266426195632,96387984
2020-12-31,35.70440673828125,36.21136673203896,35.092838339686296,35.092838339686296,83561335
2021-01-04,38.110450744628906,38.62545633798733,35.54346532757453,35.87339404734996,87538655
2021-01-05,40.98322296142578,41.723542809375154,38.70592872760716,38.70592872760716,125276269
2021-01-06,40.68547821044922,41.72353492547712,39.67155835154263,41.441892225600405,97835732
2021-01-07,41.59478759765625,41.71549337776887,39.80031362267994,40.71766772857428,98355135
2021-01-08,39.647422790527344,41.723539518817866,39.17265142298534,41.32119100631364,113557968
2021-01-11,39.140464782714844,40.363604690884145,38.64155346151279,39.43015621750175,90644829
2021-01-12,39.96929931640625,40.23485080516458,39.02780528100964,39.1887452981654,61285750
2021-01-13,39.1002311706543,40.6372024679419,38.68983701123934,40.09000820893812,77807589
2021-01-14,37.78052520751953,39.462342080052906,37.61153957225756,38.7381135436795,81171035
2021-01-15,37.53911590576172,37.973649948501034,36.855121620736575,37.297704352414364,69765378
2021-01-18,38.23115158081055,38.818583068485,37.539114767187485,37.539114767187485,70675567
2021-01-19,37.128719329833984,38.27943629287669,36.99192231239032,38.231153367480154,63822949
2021-01-20,37.14481735229492,37.337946003515945,36.6217630187313,37.120677422020705,65172501
2021-01-21,37.21723556518555,37.49887828213301,36.22745864175896,37.25746980051013,98622642
2021-01-22,37.04825210571289,37.81271490037218,36.51715218715469,37.024109107363266,119443915
2021-01-25,39.29335021972656,39.36576999221529,37.128713642652485,37.128713642652485,152055108
2021-01-26,37.81271743774414,38.78640017549259,37.498882995544136,38.63350576449561,94322495
2021-01-27,37.18505096435547,37.98170241637757,36.380353892269824,37.97365372663831,82759501
2021-01-28,35.4388542175293,36.919496720077554,35.14916282599319,36.69417948795211,96681832
2021-01-29,35.56761169433594,36.010194476197626,35.06870036221962,35.66417448481876,77663335
2021-02-01,35.60784149169922,36.16308130479173,35.32619877556723,35.99409567511254,53356045
2021-02-02,36.19526672363281,36.52519233467679,35.342286892059924,35.60783834639233,77051545
2021-02-03,34.82728576660156,36.332071392212434,34.64220582183308,36.32402270305809,130760919
2021-02-04,35.18939971923828,35.66417107577064,34.3364197874262,34.8192398330403,79495944
2021-02-05,35.527374267578125,36.29988266150425,35.12502576203217,35.55151419561473,79759179
2021-02-08,36.790748596191406,36.82293414391509,35.62393730771238,35.945814272677815,89439787
2021-02-09,37.03215408325195,37.36207971064107,36.388397135867734,36.88730838638109,84801370
2021-02-10,37.41036605834961,37.70005440894174,36.63785458107732,37.03215747414732,85323531
2021-02-18,36.85512161254883,38.51279852083191,36.4044932617081,38.30357558393407,94251189
2021-02-19,38.81858444213867,38.931241530443494,36.43667900075282,36.99192189264862,113356573
2021-02-22,37.48278045654297,38.842717017441935,37.09652327021649,38.83466832998626,102000229
2021-02-23,36.21940994262695,37.26551847882204,36.21136432343447,36.86316998633943,72002219
2021-02-24,35.56761169433594,36.82293717963995,35.084791602570284,36.48496587811218,69734794
2021-02-25,35.48713684082031,36.2113653762148,35.26182266077557,35.72854839906879,51144581
2021-02-26,34.77900314331055,35.245725777838054,34.28813751291635,34.60196883210602,57781316
2021-03-01,35.2457275390625,35.38252762355877,34.82728473600833,35.08478752716853,45989454
2021-03-02,34.60197067260742,35.63198184056565,34.20766779568099,35.430807592469094,59416504
2021-03-03,35.14112091064453,35.197452531789715,34.40884667186708,34.601975326673326,39323030
2021-03-04,33.39492416381836,34.92384963051391,33.19374992186765,34.7226753885632,68887578
2021-03-05,33.362735748291016,33.87774131962266,32.38100752906832,32.99257587760581,47505006
2021-03-08,32.026939392089844,33.660476359173394,31.78553091050212,33.43515911597285,74116651
2021-03-09,30.53825569152832,31.906241381403103,30.353175726085826,31.79358120838625,99147646
2021-03-10,30.916461944580078,31.648739272270678,30.827947839714227,31.383187748645394,68500539
2021-03-11,31.62459373474121,31.90623954657299,31.06130518075332,31.246388205228097,61323559
2021-03-12,31.769441604614258,31.866004398518314,31.30271887601477,31.785535915210914,47451033
2021-03-15,30.803802490234375,31.648736859406398,30.50606543739152,31.608499550645313,47568319
2021-03-16,31.399280548095703,31.729206229349966,31.037166246798158,31.085449176863087,42344805
2021-03-17,31.85795021057129,32.04303012814588,31.029113390633967,31.423413150348303,38892845
2021-03-18,32.30858612060547,32.49366606420777,31.80967176514657,31.922328855193587,39100722
2021-03-19,31.350990295410156,32.09935865340415,31.085441916266344,31.91427873589785,44257880
2021-03-22,31.58435821533203,31.761392543038983,31.04521268229801,31.46365243377265,28169507
2021-03-23,31.350990295410156,31.849904580522853,31.05325330374132,31.503884670066487,32619642
2021-03-24,31.463653564453125,32.26835061796523,31.2624793010751,31.342950848231702,46347783
2021-03-25,31.576313018798828,31.737249970133497,31.14177588297382,31.38318437965141,26722892
2021-03-26,32.4936637878418,32.73507225955557,31.624589606061875,31.63263829460165,56352760
2021-03-29,32.509761810302734,32.928201571930394,32.17178745554118,32.59023028684445,35968571
2021-03-30,32.397098541259766,32.77530709805167,32.23616160359755,32.308584453415676,34763395
2021-03-31,32.21201705932617,32.47756851912387,31.857951515937742,32.42928559834015,27775544
2021-04-01,32.429290771484375,32.50976231896079,32.02694224312929,32.187882268406455,26220463
2021-04-02,32.59022903442383,32.99257754102165,32.22811476455069,32.59022903442383,38391148
2021-04-06,32.8155403137207,32.968434697298704,32.38100629797723,32.59022615224815,28449464
2021-04-07,31.817720413208008,32.896014526042855,31.584357544311363,32.896014526042855,46487627
2021-04-08,32.968441009521484,33.370789557571584,31.705066814218235,31.75334667539173,66200201
2021-04-09,32.026939392089844,33.08913916681614,31.7452966751834,32.97648208005356,49746092
2021-04-12,31.632638931274414,32.14764449987611,31.39122738502646,32.01084441902391,39241225
2021-04-13,32.026939392089844,32.55803927945299,31.68896813180211,31.75334229437699,32087869
2021-04-14,31.93037986755371,32.38905695021878,31.785534149904144,32.340774021110356,25512605
2021-04-15,31.23029136657715,32.11545682996293,30.68309716640853,32.11545682996293,53954546
2021-04-16,31.399280548095703,31.5038920283985,31.013026316603575,31.14177772710095,29090089
2021-04-19,32.26835250854492,32.42124692226261,30.819898341294365,31.22224689162373,48555183
2021-04-20,32.18788528442383,32.38101394678779,31.93038244772251,32.195930905087515,29026918
2021-04-21,31.92232894897461,32.10741196279613,31.431466350852773,31.785531930565774,35602721
2021-04-22,32.17178726196289,32.24421011828491,31.74529881344188,32.16374164222738,30546225
2021-04-23,32.5982780456543,32.83968963047156,31.849912569618553,32.03499253354952,41502542
2021-04-26,31.882089614868164,32.992572171869355,31.785526848508276,32.7109294909551,44732085
2021-04-27,31.97061538696289,32.11546111041157,31.511938285934022,31.85795828420855,25233315
2021-04-28,31.58435821533203,31.87404963533412,31.061303921475428,31.87404963533412,59144078
2021-04-29,33.861656188964844,34.32837892103666,33.15352186582304,33.31446190331107,149418945
2021-04-30,32.95233917236328,33.84555323615734,32.64655348618263,33.79727031633668,87674877
2021-05-06,31.90623664855957,32.81554203045834,31.713108021711594,32.71897925187204,80527759
2021-05-07,31.069353103637695,32.0269414730135,31.06130441424576,31.97061292597231,74908984
2021-05-10,30.200281143188477,31.06130679354483,29.814026904029387,31.06130679354483,88881681
2021-05-11,30.892318725585938,31.037164437661996,29.98301021525861,30.21637309245621,63012391
2021-05-12,30.868175506591797,30.98083258849282,30.481921338784606,30.69918988374026,40010512
2021-05-13,31.19810676574707,31.26248093716566,30.48192684178884,30.57848963375463,45075687
2021-05-14,31.600452423095703,31.866000844131104,30.908412493010218,31.383183858789177,62678121
2021-05-17,31.91428565979004,32.15569416675185,31.39928002635799,31.544125744470218,63130352
2021-05-18,31.52802276611328,31.86599396899978,31.14176864723948,31.86599396899978,51236125
2021-05-19,31.222246170043945,31.439514750561592,30.972792039197422,31.439514750561592,38236984
2021-05-20,32.12350082397461,32.276395209321024,31.30271263492393,31.30271263492393,84693930
2021-05-21,31.383182525634766,32.33272521685621,31.31075967394244,32.18787951347156,53856148
2021-05-24,31.471698760986328,31.616544460116245,30.81989311490171,31.214195978016548,47119194
2021-05-25,33.0006217956543,33.073044646633655,31.560216534559846,31.560216534559846,121772886
2021-05-26,33.03281021118164,33.37883015601999,32.67069595848159,33.37883015601999,68503961
2021-05-27,32.75116729736328,33.2742184861288,32.51780443930965,33.03281000903123,56624373
2021-05-28,32.638511657714844,33.032811471506974,32.26834870212316,32.871871456424785,50666468
2021-05-31,32.582183837890625,32.5902294574698,32.010846618151945,32.445383747640335,60447137
2021-06-01,32.397098541259766,33.161561273856556,31.946470204325056,33.008669955207324,73289357
2021-06-02,31.75334358215332,32.54999498034442,31.47170085382468,32.17983508891949,68177945
2021-06-03,31.7855281829834,32.139593720951304,31.705059719250958,31.825762414849617,48009459
2021-06-04,31.849912643432617,32.14764971047457,31.423421093695964,31.640689678729544,48626497
2021-06-07,30.329029083251953,31.029117689381454,29.934729268911656,30.68309773086011,183297704
2021-06-08,30.465829849243164,30.562392632707375,30.063481336854167,30.34512406765625,81838382
2021-06-09,32.043033599853516,32.26834777267341,30.48192255877569,30.522156793968474,161516746
2021-06-10,31.713109970092773,32.50171269462747,31.65678142331712,32.17983572300597,79586761
2021-06-11,31.441917419433594,31.79528999336962,30.924188133353375,31.79528999336962,71566953
2021-06-15,31.014583587646484,31.302210944519945,30.48041491356369,31.12963453039587,66928476
2021-06-16,31.639150619506836,32.44451044090587,30.89131627571463,31.088548723869057,79924666
2021-06-17,31.39261245727539,31.606278069432985,31.178943710214384,31.310430964212152,47053910
2021-06-18,30.99814224243164,31.326858720337004,30.817346141897023,31.29398926697826,54165010
2021-06-21,30.636552810668945,31.113195978835027,30.406450941845513,30.743387164723902,62971577
2021-06-22,30.42289161682129,30.726955292236756,30.225659175936237,30.628340639245877,66419230
2021-06-23,30.570812225341797,30.636554276048933,30.003770971614923,30.422888692622006,51708066
2021-06-24,30.521503448486328,30.735172167602784,30.324274160735918,30.63655438882457,41557353
2021-06-25,30.743389129638672,30.891312664737416,30.414669466107448,30.562593001206192,55936292
2021-06-28,30.65299415588379,30.96527755423283,30.488634307547276,30.858443182578593,41345384
2021-06-29,30.65299415588379,30.726955930890053,29.954468719082808,30.67765017082145,69003166
2021-06-30,30.266746520996094,30.562590431415128,30.168128749286964,30.40645032856318,42503634
2021-07-01,30.40645408630371,30.62011968160683,29.99555605811042,30.266750261471515,56079588
2021-07-02,29.954465866088867,30.266749234694675,29.831195207851476,30.159914873215808,59768558
2021-07-05,28.935436248779297,29.77366854036609,28.66424520041756,29.77366854036609,93362128
2021-07-06,28.79573631286621,28.803952894570518,28.204042113248725,28.746427417930303,68452689
2021-07-07,28.836824417114258,29.198413561799473,28.52454103062511,28.52454103062511,57217862
2021-07-08,28.113643646240234,28.82860850573241,28.015028992652915,28.820388789239868,72535789
2021-07-09,28.195823669433594,28.3766166691186,27.850667697483757,28.0479001292984,48467205
2021-07-12,28.475236892700195,28.721775102418547,27.957504457859258,28.351966220389308,58530394
2021-07-13,28.91078758239746,29.066927715714133,28.483453226321767,28.516325823305298,55592285
2021-07-14,29.042272567749023,29.15732351330457,28.51632359669329,28.902565608929322,49699921
2021-07-15,29.420297622680664,29.732580995841,28.820386889308903,29.009399602433998,63377359
2021-07-16,28.84503936767578,29.370991459622495,28.762861018726362,29.173759033279595,48782183
2021-07-19,28.812170028686523,28.861475784299703,28.171166991587494,28.614937601524574,51724969
2021-07-20,28.680683135986328,28.943657618782847,28.335527168001448,28.680683135986328,33504095
2021-07-21,28.721773147583008,29.543569213980785,28.71355343137323,28.927222164182453,52274623
2021-07-22,28.812170028686523,29.009399320945395,28.278001353587843,28.582065007847067,36033880
2021-07-23,28.023242950439453,28.746424323809737,27.77670477210275,28.68068227254136,71114155
2021-07-26,27.185012817382812,27.924627326446096,26.880946044361757,27.924627326446096,77259813
2021-07-27,25.853700637817383,27.365805358189885,25.73043155497807,27.143920068608267,92081182
2021-07-28,26.494705200195312,26.691934490462298,25.393496834893487,25.393496834893487,79244111
2021-07-29,26.913820266723633,27.185014464241053,26.552231138270173,26.77411644490176,57456114
2021-07-30,27.439769744873047,27.595913001490402,26.56866793386321,26.790550109755902,73619769
2021-08-02,28.187606811523438,28.549199117364335,27.03709410313882,27.119272462700767,85260727
2021-08-03,29.165546417236328,29.24772477735743,27.949285370100274,28.18760700331636,79160225
2021-08-04,28.5738468170166,29.74901532810174,28.467012461035342,29.165540930263077,72512495
2021-08-05,28.771080017089844,29.11623600846516,28.22047813607881,28.516325232999563,56477888
2021-08-06,29.091583251953125,29.214850786256847,27.858889099495844,28.220478255651443,67117465
2021-08-09,29.609312057495117,29.91337886728843,28.845041444604114,28.92722293437391,69872445
2021-08-10,29.798324584960938,29.987340442732442,29.099799168495586,29.732582528482247,62677775
2021-08-11,29.190195083618164,29.74901662948508,29.132669612858606,29.74901662948508,48185319
2021-08-12,28.853256225585938,29.338115960129322,28.680679828944076,29.09979438291756,38012901
2021-08-13,29.001182556152344,29.108013782572463,28.417708129138862,28.688899188001624,32232165
2021-08-16,28.91899871826172,29.3052438228233,28.680680272268958,28.762858614348836,35717548
2021-08-17,27.941064834594727,29.05048821377183,27.776705002704734,28.771077440029757,63947934
2021-08-18,27.793140411376953,28.327309064226657,27.72739836166328,27.96571681864115,47923420
2021-08-19,27.43155288696289,28.162950866150684,27.382243995649073,27.76026942434564,48570869
2021-08-20,27.30828285217285,27.579477058261304,26.880948522365816,27.209668202187597,54296513
2021-08-23,27.30828285217285,27.727400600690785,27.119270133491447,27.35759174461708,41018257
2021-08-24,27.365808486938477,27.50551544890095,27.02887222384491,27.324719310444767,48469317
2021-08-25,27.669872283935547,27.883541018544594,27.283630261209282,27.374028330859016,45490770
2021-08-26,27.201448440551758,27.899976975280264,27.1192700881852,27.81779548801051,40619339
2021-08-27,27.530168533325195,28.072553817839353,27.193232267716446,27.20966856541727,51985084
2021-08-30,27.22610092163086,27.530164547819062,26.790546932871763,27.530164547819062,50696568
2021-08-31,27.94927978515625,29.247718932953767,27.941063204747408,28.105423027050023,148908514
2021-09-01,29.732582092285156,29.831196743008082,27.867104635383974,28.113642829642906,150148731
2021-09-02,29.601093292236328,30.069516777206086,29.28059334303629,29.89694036377577,87871866
2021-09-03,29.716148376464844,30.463982740468413,29.03405920859075,29.38742866562445,96868451
2021-09-06,30.061302185058594,30.965276621319692,29.880506043845067,30.011993291572196,93604391
2021-09-07,29.954465866088867,30.201004047660586,29.650402213313846,30.020207918219896,52093042
2021-09-08,29.732582092285156,30.05308205831209,29.453171302817506,29.888722217171726,49861883
2021-09-09,29.592876434326172,29.995557906122,29.362774527530476,29.79832546108043,45549513
2021-09-10,29.913375854492188,30.118824855869462,29.592872779025143,29.675054260517836,61956692
2021-09-13,29.420297622680664,29.74901729283924,29.075144790426958,29.584657457759953,53838689
2021-09-14,29.149106979370117,29.987339328936706,29.009400020324108,29.412081465323972,41998561
2021-09-15,28.606721878051758,29.157323731590566,28.49166779673171,28.95187471730238,47107427
2021-09-16,28.803953170776367,29.08336397495246,28.22869526395461,28.754647410271016,57087533
2021-09-17,29.165546417236328,29.420301214553838,28.351966858462056,28.680686568753448,60539246
2021-09-22,29.050487518310547,29.32989828536359,28.598500342610816,28.697114985422782,38569744
2021-09-23,29.346338272094727,29.806545221262123,29.058710888179707,29.058710888179707,47940065
2021-09-24,30.472200393676758,30.67764941531189,29.461388448517003,29.461388448517003,108267830
2021-09-27,30.636552810668945,31.639144898947357,30.488629285024498,30.496849000284104,117853209
2021-09-28,30.858440399169922,31.154287472509786,29.913376842559888,30.34070802082516,72552729
2021-09-29,30.981708526611328,31.277555575778457,30.357141837280086,30.907746764319544,70590645
2021-09-30,30.981708526611328,31.64736125233455,30.85843787782408,31.178937802787534,62151182
2021-10-08,32.55955505371094,32.838965805475155,30.817348496482573,30.981708315444372,135373944
2021-10-11,32.4362907409668,33.069074068715956,31.984300410500886,32.5924308601894,76208181
2021-10-12,31.87746810913086,32.32123870870137,31.540531869065024,32.1733151755112,78819835
2021-10-13,32.55134201049805,32.9458037379269,31.392609706518556,31.885686082078838,83429894
2021-10-14,32.06648254394531,32.67460987102742,31.72132656960146,32.41985509950783,48188185
2021-10-15,32.11579132080078,33.30739309213282,31.64736468553463,31.64736468553463,76986644
2021-10-18,31.721324920654297,32.06648087705616,30.718735914226922,32.05826116136161,73390732
2021-10-19,31.466567993164062,32.28836395139826,31.367950221045948,32.05004237113367,61294769
2021-10-20,31.22825050354004,32.050046569422676,31.129635853407024,31.795288660433904,46536620
2021-10-21,31.37617301940918,31.844596510840915,31.055673065787794,31.104978821789175,43958061
2021-10-22,32.78144454956055,33.11838081100246,31.483008396285562,31.630931938860375,99840664
2021-10-25,33.28274154663086,33.841563136971494,32.748572835748305,32.871843502845294,90266356
2021-10-26,33.33204650878906,33.68541903555507,32.87183962546747,33.28273762078581,46293508
2021-10-27,33.10194396972656,33.397791050016195,32.64174018696772,33.200561753091876,47378074
2021-10-28,33.49640655517578,34.104537028536015,32.773228268086555,33.36491930889563,87267261
2021-10-29,35.33723068237305,35.60020517154264,34.170281778545885,34.597612972269076,163802844
2021-11-01,34.97563934326172,35.47693227646024,34.51543244871379,35.427626522157134,84854895
2021-11-02,35.32079315185547,35.813872653011984,34.80306077285721,34.97564032245869,82586395
2021-11-03,34.35929489135742,35.550896687573776,34.35107517509341,35.51802722722743,77007985
2021-11-04,35.22217559814453,36.02753526849443,34.62226491925847,34.63870121476391,96217443
2021-11-05,35.534461975097656,36.36447459207928,34.811280585663106,34.9592041229316,78114907
2021-11-08,34.92633056640625,35.665948232361934,34.86058538058663,35.460499229030134,49778758
2021-11-09,34.70444869995117,35.46050273715864,34.51543597437514,35.05782127143347,52355792
2021-11-10,33.69363784790039,34.219586815161165,32.748571142107785,33.69363784790039,130993504
2021-11-11,34.67979431152344,34.82771785291327,33.751163887221324,34.18671479525628,80563891
2021-11-12,34.515438079833984,35.09069600814525,34.2278106831301,34.918119570122926,58842459
2021-11-15,34.74553298950195,35.09068893083692,34.268892951823894,34.63870176936033,53182623
2021-11-16,34.74553298950195,35.21395644674715,34.43325277460707,34.99207429112816,42033594
2021-11-17,34.05522537231445,34.74553414299867,33.89908525968341,34.74553414299867,45289740
2021-11-18,33.85799789428711,34.079883204023375,33.57036739578315,33.964832258583044,35342209
2021-11-19,33.570369720458984,34.03057666899177,33.32383151531417,33.792255045560324,54264361
2021-11-22,33.060855865478516,33.775817576078715,32.92936861830028,33.66076662666067,93996999
2021-11-23,32.937583923339844,33.151249495799775,32.34588982283106,32.87183874110427,94672346
2021-11-24,32.81431579589844,33.24165010856202,32.54312160068954,32.86362468636453,94784990
2021-11-25,33.134822845458984,33.364924780458196,32.797886525679964,33.036208178302715,77482425
2021-11-26,32.2061882019043,33.027984306279635,32.181535321942114,32.89649705497572,68908814
2021-11-29,32.65817642211914,32.65817642211914,31.721326291348348,32.00073707387933,68031498
2021-11-30,32.18975067138672,32.658177317060115,31.9678684904141,32.608868424119954,62162137
2021-12-01,31.803508758544922,32.46094499216508,31.499445088289953,32.05004695428958,60230488
2021-12-02,31.540531158447266,31.976082032525788,31.5076585662783,31.967865451935012,50597763
2021-12-03,32.78966522216797,33.03620342201593,31.491225896116983,31.606276847052477,93196830
2021-12-06,32.72391891479492,32.978676822399045,32.28014828925349,32.77322780704503,51072143
2021-12-07,32.85540771484375,32.97867838385398,32.526691155655364,32.97867838385398,56200343
2021-12-08,33.767601013183594,33.81690990649121,32.66639414187276,32.87184316163297,80377033
2021-12-09,34.03057861328125,34.5154384695593,33.51284615846487,33.69364231552217,78215679
2021-12-10,34.753753662109375,34.93454665073813,34.12918694531054,34.589393834799004,86300546
2021-12-13,34.7619743347168,36.09328313632802,34.52365271380827,34.74553803656069,94052399
2021-12-14,34.49077606201172,35.098903292493,34.25245449078675,34.5811741155731,53145031
2021-12-15,34.01414108276367,34.622271594095515,33.784039171131674,34.2278098306249,43041537
2021-12-16,33.981258392333984,34.088092734532765,33.47174582438231,33.85799089124539,47945098
2021-12-17,33.660762786865234,33.97304613887906,33.35669915024548,33.9319569666174,45366196
2021-12-20,33.65254592895508,33.99769873499118,33.47174981061072,33.66898222470483,52614953
2021-12-21,34.153846740722656,34.51543589294065,33.69363980025159,33.718292679863204,48305351
2021-12-22,34.14562225341797,34.48255847894757,33.84977519980117,34.11274966192658,32235697
2021-12-23,34.09632110595703,34.433257376991506,33.833343473412356,34.02235933256394,29410585
2021-12-24,34.81949996948242,34.86058914760826,33.96483440579358,34.03879304547809,51044245
2021-12-27,34.47434616088867,34.835935307291784,33.81690992429062,34.835935307291784,48382025
2021-12-28,34.43325424194336,34.59761093682755,33.91552187532974,34.41681794547434,36324879
2021-12-29,33.77581787109375,34.54008848165003,33.61146116186282,34.359295474515356,42510165
2021-12-30,33.98948287963867,34.18671216303725,33.65254664683841,33.81690647293918,29204453
2021-12-31,34.07166290283203,34.31820108667058,33.545713941335634,33.94017566245793,35218251
2022-01-04,33.44709777832031,34.022355604463996,33.11837812483736,33.73472512394068,56767638
2022-01-05,34.268890380859375,34.66335204500348,33.126594557314505,33.36491299082267,79380707
2022-01-06,32.85540771484375,34.26889801057348,32.543124318946944,34.26889801057348,89836438
2022-01-07,32.978675842285156,33.24165032333053,32.707481645324116,32.707481645324116,37886062
2022-01-10,33.718292236328125,33.85799920039726,32.78144520457054,32.87184327516175,59537027
2022-01-11,32.72391891479492,33.652549341967955,32.6581768600313,33.39779143436383,56220815
2022-01-12,32.806095123291016,33.06085301424822,32.477378601146185,32.72391677648056,35653976
2022-01-13,32.05004119873047,32.945798885834684,31.92677055554351,32.871837126903046,49485182
2022-01-14,31.934995651245117,32.3294573870443,31.828161284808917,32.16509754673551,28046327
2022-01-17,32.18153381347656,32.44450830375783,31.647365116709683,31.885686728184332,37692967
2022-01-18,32.39519500732422,32.60064399585845,32.0171696207979,32.05004221134004,30700294
2022-01-19,32.30480194091797,32.575992991207926,31.885684224693097,32.28836564470298,29253468
2022-01-20,32.92115020751953,32.96223938218514,32.206185401745024,32.296583466951205,43702301
2022-01-21,32.92115020751953,33.13481579672254,32.5102521910573,32.7239177802603,35229458
2022-01-24,32.378761291503906,32.87183760156631,32.21440147651553,32.69926120653474,27499981
2022-01-25,31.770631790161133,32.666389514831884,31.655580856976364,32.107568009446304,35430449
2022-01-26,31.951427459716797,32.46094007167667,31.236462725058736,31.852809688445003,36188047
2022-01-27,31.326862335205078,32.25549268387677,31.211811397917117,31.68023486253405,37482525
2022-01-28,31.2857723236084,32.00073393965563,31.104976207059714,31.392606677469246,43673773
2022-02-07,31.85280990600586,32.13222065671217,31.540529699553876,31.721322678314817,34584177
2022-02-08,31.76241683959961,31.85281176680945,30.981710008056105,31.85281176680945,32638652
2022-02-09,32.81431579589844,32.8471883895425,31.72132556900644,31.73776186582847,52976253
2022-02-10,32.88005828857422,33.184125081498884,32.633520102748555,33.07729071817662,28813339
2022-02-11,32.732139587402344,33.11838161581988,32.674610977311275,33.11838161581988,28981353
2022-02-14,32.87184524536133,33.18412865296523,32.46094717979431,32.592434435379616,37760719
2022-02-15,32.773231506347656,33.27452766198013,32.56778246780343,33.03620602489198,37073270
2022-02-16,33.11016082763672,33.17590287596875,32.47737754606366,32.92936470864359,32285305
2022-02-17,33.22521209716797,33.60323749985763,33.093724864280134,33.28273756562496,30276238
2022-02-18,33.33204650878906,33.43887773044173,32.9293650940198,33.07728862312664,24794573
2022-02-21,33.70185470581055,33.72651071909931,33.093727383008975,33.28274009873936,30061286
2022-02-22,33.27452087402344,33.51283932759141,32.789661116573654,33.47175015524541,33340970
2022-02-23,33.06907272338867,33.857996138265186,32.91292947561522,33.6936363097735,30093747
2022-02-24,32.477378845214844,32.97867491527367,32.000735652403826,32.97867491527367,43705421
2022-02-25,32.460941314697266,32.97045394616781,32.29658149118657,32.59242854652524,25512929
2022-02-28,32.477378845214844,32.493815141681054,32.05826112258405,32.07469741905026,24748440
2022-03-01,32.460941314697266,32.63351771867719,32.10756879136529,32.41163242717319,38935705
2022-03-02,32.24728012084961,32.50203490375365,32.10757315466386,32.25549670243545,22706342
2022-03-03,32.32123565673828,32.50202863086349,31.885681679071258,32.26370705712718,27316770
2022-03-04,32.33767318725586,32.50203302359464,31.976084055233045,32.36232920039372,32179722
2022-03-07,30.858440399169922,32.115790460864346,30.62011879732358,32.058261854467744,68186110
2022-03-08,30.143478393554688,31.162503707175436,29.913376510137688,30.858440056245392,49288052
2022-03-09,30.10239028930664,30.842004855822577,28.935438264279085,30.283183289173298,59636114
2022-03-10,30.201004028320312,30.817351049306442,30.15991485390185,30.669427513477526,37175344
2022-03-11,31.47478675842285,31.63914658846039,30.66942703963222,30.817350573175705,79186393
2022-03-14,30.620119094848633,31.318647610333578,30.620119094848633,31.055673128121374,44153801
2022-03-15,29.091583251953125,30.406455760612886,28.984748880967224,30.242095913304578,68037219
2022-03-16,30.505067825317383,30.743389426937014,28.81217000599894,29.584657147393557,66971332
2022-03-17,30.570812225341797,31.46657000241033,30.529723051786966,30.891312167933688,61470290
2022-03-18,31.06389045715332,31.06389045715332,30.118826868604383,30.447543411833202,51800399
2022-03-21,30.40645408630371,30.899530466174397,30.209221653413536,30.8584412903357,46141762
2022-03-22,30.505067825317383,30.718736549149835,30.250313061775017,30.37358058561398,25585268
2022-03-23,30.25853157043457,30.58725125808656,30.18456979745804,30.505069768721924,32858007
2022-03-24,29.99555778503418,30.43110871682588,29.74901958090498,30.15169791617189,37676209
2022-03-25,29.37921142578125,30.077736877048242,29.321685947907657,29.954469339420587,36285449
2022-03-28,29.609312057495117,29.609312057495117,28.779299387691566,28.812171983599487,31574739
2022-03-29,29.33812141418457,29.946248772995308,29.272376221392413,29.699710569831403,24811071
2022-03-30,30.357145309448242,30.357145309448246,29.49426007395151,29.59287472331889,35544313
2022-03-31,30.316055297851562,30.554376900915116,30.07773369478801,30.225657232213447,27742866
2022-04-01,30.68586540222168,30.97349277297622,30.085954646859914,30.27496736691336,29725944
2022-04-06,30.570812225341797,30.768041512366192,30.242092567097146,30.34892692626211,27820051
2022-04-07,30.250314712524414,30.694082211425222,30.168133223910747,30.32427648482509,21364432
2022-04-08,30.373580932617188,30.537940767849943,30.09417015319244,30.250313407369955,23618182
2022-04-11,30.01198959350586,30.37357869647477,29.74901513045522,30.159913120834705,30628449
2022-04-12,30.776262283325195,30.776262283325195,29.855851597543833,30.1516955382248,35111579
2022-04-13,30.96527671813965,31.27756010805673,30.49685320071567,30.579031555213348,43536876
2022-04-14,31.803508758544922,31.902123409862135,30.965276385090498,31.146072524924758,44354122
2022-04-15,31.72954750061035,32.296585673504055,31.499445598839564,31.499445598839564,35896696
2022-04-18,31.499446868896484,32.17331943831285,31.31043100207417,31.52409974939356,35894821
2022-04-19,31.351520538330078,32.000737034824695,31.0721097561401,31.507660659149746,26621138
2022-04-20,31.910343170166016,32.46094503692485,31.236467503010005,31.392610763956075,58761483
2022-04-21,31.581621170043945,32.173315305189526,31.32686327632226,31.70489182650028,42246737
2022-04-22,31.51587677001953,31.76241808908136,30.899529742171147,31.236465991998806,36850592
2022-04-25,30.677648544311523,31.622712136058908,30.652992530681107,31.072110278463022,47459234
2022-04-26,31.121416091918945,31.63914849044457,30.422890690896384,30.677648599514466,51045335
2022-04-27,32.05004119873047,32.05004119873047,31.06388545794284,31.104974627370932,55690035
2022-04-28,31.27756118774414,31.9432140329019,30.718739580140475,31.885688555787112,76463809
2022-04-29,31.614490509033203,31.787066902386513,31.022796434790195,31.277554302289868,53262187
2022-05-05,31.8199462890625,32.460946249813794,31.688459037244197,32.460946249813794,56420225
2022-05-06,31.039236068725586,31.67201938066332,31.02279977212815,31.474786956397093,34316412
2022-05-09,31.096765518188477,31.252905653487684,30.743392933387195,30.981714562188696,32329546
2022-05-10,32.09113693237305,32.165098706433504,30.817353610134806,30.899531965800506,58718439
2022-05-11,31.803508758544922,32.05004695428958,31.58984002330384,32.03361065658617,52109195
2022-05-12,31.86103630065918,32.0007401378493,31.499447132428774,31.655587268388928,24396130
2022-05-13,31.598058700561523,31.92677523911073,31.35973709405373,31.639147876017283,30607083
2022-05-16,30.6694278717041,31.63914744684109,30.46397886230903,31.41726214050604,53584259
2022-05-17,30.91596794128418,30.915967941284183,30.505069897437064,30.57081508920618,32590685
2022-05-18,30.989927291870117,31.13785082688311,30.24209303592801,30.899529227706285,46322227
2022-05-19,30.348926544189453,30.768041125017167,30.168130420940695,30.570811840475756,43343887
2022-05-20,30.96527671813965,30.965276718139652,30.324276775328578,30.34070993830549,42832026
2022-05-23,30.554378509521484,31.006365726604873,30.455763857680424,31.006365726604873,36475702
2022-05-24,30.488632202148438,30.899530227163392,30.32427550006497,30.65299203913505,38957533
2022-05-25,30.521503448486328,30.817350515014954,30.332490741515933,30.455761397537195,26434288
2022-05-26,30.710512161254883,31.006359189305712,30.488626890216757,30.521499478867426,45445505
2022-05-27,30.89130973815918,31.285771416084344,30.710513626854947,30.825564557720277,33289000
2022-05-30,30.957054138183594,31.37617185810139,30.825566902208067,30.97349043454341,40575707
2022-05-31,31.22825050354004,31.384390627492586,30.751607280574575,30.97349259455127,56116741
2022-06-01,30.857284545898438,31.278832166559088,30.536910669826582,31.278832166559088,54832411
2022-06-02,30.4863224029541,30.75611261054328,30.27554860226549,30.61278796982845,38733761
2022-06-06,30.4863224029541,30.49475193987434,29.77812230399426,30.309273182252383,71952495
2022-06-07,30.671804428100586,30.8994405191639,30.250256826017328,30.334565059972793,50721239
2022-06-08,31.287269592285156,31.7509714010279,30.71396448528022,30.81513502882415,79394417
2022-06-09,31.219818115234375,31.59078210777553,31.00061475104007,31.447454233524624,65030687
2022-06-10,31.472749710083008,31.51490383267918,31.11021846667979,31.32099229581406,62444415
2022-06-13,31.2535400390625,31.388435147735418,30.992179358941755,31.363143319907085,59398075
2022-06-14,31.835277557373047,31.869002141720706,30.85728712436459,31.22825111988208,54850548
2022-06-15,32.09663391113281,32.50131921998942,31.675086312388068,31.83527324209601,88794497
2022-06-16,32.08820724487305,32.771112357594276,31.86900067286993,32.3748597663095,57557941
2022-06-17,32.28211975097656,32.408582116057744,31.7846933962226,31.93645080724268,50503886
2022-06-20,31.95331573486328,32.45074213064814,31.84371243649615,32.38329295745187,65969193
2022-06-21,31.818416595458984,32.28211834621863,31.57391819766007,31.877433006492765,45828537
2022-06-22,31.565488815307617,31.99546924579517,31.472751028173498,31.944882366869127,43276285
2022-06-23,31.70038414001465,31.843712023119306,31.371577465335236,31.75940055771846,50904274
2022-06-24,32.03762435913086,32.18938178444009,31.489611077052693,31.675093089353666,69886177
2022-06-27,32.627784729003906,32.96502087771807,32.029187911710096,32.03761744856295,82832064
2022-06-28,32.712093353271484,32.8638507476609,32.45916543467346,32.787972050466195,43230844
2022-06-29,32.07977294921875,32.74581895468379,32.01232700302713,32.66994025512255,50970098
2022-06-30,32.83856201171875,32.897578424408366,32.03762084730546,32.07977496834757,66776812
2022-07-01,32.40858459472656,32.99875199203582,32.1050729656266,32.745824026375736,46076296
2022-07-04,31.8858642578125,32.05448396246626,31.245113239512268,31.759398675283844,91508300
2022-07-05,31.51490020751953,31.953310107626926,31.380005101036723,31.750965839826193,59262099
2022-07-06,31.211393356323242,31.71724933032175,31.051206381659615,31.548629600270964,60908625
2022-07-07,30.874147415161133,31.236678633014396,30.823563758072048,31.211386804469853,55695788
2022-07-08,30.638084411621094,31.093356661560843,30.587497534021086,31.000615660704213,53648473
2022-07-11,30.444171905517578,30.638083439266648,30.12379478985882,30.638083439266648,56262485
2022-07-12,30.671804428100586,30.70552579199099,30.275548652973374,30.477892917080645,60583788
2022-07-13,30.317705154418945,30.823564246396124,30.199672331136906,30.815131492645566,53095360
2022-07-14,30.42730712890625,30.520048119246592,30.022621802455458,30.317703847944653,44455677
2022-07-15,30.081642150878906,30.840429247436383,30.07320939638743,30.427311113498753,51725758
2022-07-18,30.39358139038086,30.53690924712753,30.02262065929748,30.12379118301968,39358206
2022-07-19,30.4863224029541,30.52004698294099,30.123791208477456,30.233394485358364,37562652
2022-07-20,30.772979736328125,30.907874861320686,30.48632719369975,30.53691407162951,49507917
2022-07-21,30.45260238647461,30.75611721953422,30.45260238647461,30.688671265606224,26567524
2022-07-22,30.587493896484375,30.730821757896127,30.359857798585523,30.452598788413173,27528246
2022-07-25,30.8657169342041,30.882579224769415,30.45259885573664,30.671805416932624,34582290
2022-07-26,30.84042739868164,31.059630760017082,30.604358529374263,30.815132352877054,35395073
2022-07-27,30.69709587097168,30.96688607563709,30.604354885089272,30.772974567043384,30711851
2022-07-28,31.0006160736084,31.160803030578492,30.713963529030583,30.831996362182597,40244447
2022-07-29,30.208105087280273,31.084921724367707,30.140655921883354,31.000613483774774,52691894
2022-08-01,30.21653175354004,30.32613502881833,29.837138274617427,30.208102216743058,38799536
2022-08-02,29.761262893676758,29.988899006384695,29.390302126386008,29.92988259377374,45504336
2022-08-03,29.643230438232422,29.99733213446858,29.533627149379168,29.752833727085672,29649539
2022-08-04,29.997329711914062,30.08163794812895,29.660090334748393,29.786555905223782,23281707
2022-08-05,30.654945373535156,30.680237203160612,29.929882906841232,30.17438131373166,36877633
2022-08-08,30.638084411621094,30.983753368170877,30.50318928750785,30.756117243201004,29288144
2022-08-09,30.671804428100586,30.882578229142215,30.53690932408006,30.638079848057213,23059598
2022-08-10,30.309274673461914,30.831992824364445,30.224963219346588,30.71396000475611,24618897
2022-08-11,30.772979736328125,30.79827156721627,30.309277945175793,30.469464901056497,29077084
2022-08-12,30.874147415161133,30.94159657948415,30.638081772336935,30.756114593749036,19651327
2022-08-15,30.562206268310547,30.983753940976897,30.536914437119687,30.713963687762714,27129424
2022-08-16,30.612789154052734,30.82356296289491,30.359858010519652,30.579064572761244,20801054
2022-08-17,30.638084411621094,30.77297953573434,30.402018748461277,30.72239265813433,24116805
2022-08-18,30.351430892944336,30.562204718589783,30.309276771045916,30.562204718589783,23168176
2022-08-19,30.16594886779785,30.418880031248477,30.149086575824253,30.26712261963944,21090245
2022-08-22,30.2418270111084,30.41887946546135,30.022623651835463,30.064777772908727,21235647
2022-08-23,29.870864868164062,30.351428901817254,29.845573039914886,30.208104253534398,24245869
2022-08-24,29.643230438232422,29.99733213446858,29.634800900391394,29.85400426194458,28074491
2022-08-25,30.182809829711914,30.24182624094217,29.584212963717473,29.64322937494773,36865270
2022-08-26,30.51161766052246,30.629653703748268,30.267122468509463,30.587496365948102,31183766
2022-08-29,30.309274673461914,30.553773066166677,30.26712055448081,30.36829108326608,23766533
2022-08-30,30.46103286743164,30.58749522766599,30.1069311832384,30.452600113724092,21575519
2022-08-31,30.13222885131836,30.351432224498875,29.525199177659267,30.0900715114171,59101195
2022-09-01,29.128942489624023,29.96360826657019,29.112080197385847,29.85400497509873,65690869
2022-09-02,28.580930709838867,29.356576808253692,28.31957002042351,29.171094821174844,60293375
2022-09-05,28.13408851623535,28.521914788252573,27.88959332997961,28.328000044167336,41000325
2022-09-06,28.353294372558594,28.361723910014994,28.10036643887544,28.1931042155085,27372595
2022-09-07,28.007627487182617,28.344863684618975,27.93174877993259,28.226830854708577,39617373
2022-09-08,28.049779891967773,28.20996683472808,27.91488477802404,27.91488477802404,27506520
2022-09-09,28.41231346130371,28.446038046614458,27.94861166981808,28.032919916941477,39560422
2022-09-13,28.44603729248047,28.639948828646265,28.29427987875882,28.454466830507943,35502367
2022-09-14,28.327999114990234,28.36172369686872,28.117225302479437,28.15938263790411,24109307
2022-09-15,28.403879165649414,28.74954810594423,28.20153809707129,28.32800046089429,44325829
2022-09-16,27.72097396850586,28.40387909341186,27.72097396850586,28.28584626768259,45854277
2022-09-19,27.737834930419922,27.957038279672094,27.42588737320107,27.80528087782323,29443348
2022-09-20,27.535491943359375,27.86429859068796,27.290993538265145,27.74626576509855,29215971
2022-09-21,27.383731842041016,27.577643353037242,27.231974448017365,27.324715435048816,26596003
2022-09-22,26.979049682617188,27.392167795989735,26.979049682617188,27.215115338171017,30588490
2022-09-23,27.358442306518555,27.484904668028253,26.852584820096677,26.894738940599908,44411263
2022-09-26,27.282564163208008,27.569216691128926,27.27413140924231,27.535492107572747,26432671
2022-09-27,28.007627487182617,28.083506194432644,27.18139446165645,27.257273168906472,40877581
2022-09-28,28.04134750366211,28.41231148395625,27.754694980777206,27.97390155388797,42582428
2022-09-29,28.075071334838867,28.53877308163641,27.872730274781436,28.041346752778242,31754170
2022-09-30,27.805280685424805,28.21839876896662,27.76312656657028,28.06664136816784,26476180
2022-10-10,27.231977462768555,27.872731689837927,27.14766921948995,27.527062746550325,29557462
2022-10-11,27.282564163208008,27.510200277982264,27.021203464877576,27.510200277982264,18679992
2022-10-12,27.451183319091797,27.484904685824272,26.667102847765076,27.257271791728783,35799260
2022-10-13,27.451183319091797,27.611370263569093,27.054927510567722,27.333147278991785,26849973
2022-10-14,27.661956787109375,27.86429784955126,27.409025634827223,27.417458388518334,34154331
2022-10-17,27.8305721282959,27.965467236455126,27.41745726662524,27.484903212628318,28743074
2022-10-18,27.628231048583984,28.167811480721898,27.569214639828466,27.839004855897425,32026983
2022-10-19,27.400596618652344,27.771557384289693,27.240409673158474,27.560783564146213,28729927
2022-10-20,25.54578399658203,27.18982028494908,25.512061024676438,27.14766616804797,99440167
2022-10-21,25.242271423339844,25.69754200749618,24.96405006411194,25.3350108043648,64541966
2022-10-24,24.36545181274414,25.368735586185075,24.281141968172573,24.854446981567392,67398295
2022-10-25,24.57622528076172,24.778567940093414,24.112523554136153,24.12095469928454,46763272
2022-10-26,24.53407096862793,25.082082534317035,24.41603654556265,24.53407096862793,40041423
2022-10-27,24.247421264648438,24.829157477756176,24.213696680432715,24.694262357046654,38381909
2022-10-28,21.819305419921875,22.493782617456446,21.819305419921875,22.40947276675504,152650413
2022-10-31,21.27972412109375,21.73499633233636,20.664264968630153,21.237570001420142,114401856
2022-11-01,22.375749588012695,22.426334854743256,21.08581322580865,21.574808425741757,102565420
2022-11-02,23.05022430419922,23.11767185999482,22.004786385329133,22.097525769500223,98088934
2022-11-03,22.46005630493164,22.991207197807917,22.342023487882035,22.74670881040342,54008830
2022-11-04,23.379030227661133,23.77528601299281,22.358885776225375,22.367316921453337,81677752
2022-11-07,23.36216926574707,23.716269345075624,22.949052774543198,23.176688884413686,54872589
2022-11-08,23.067089080810547,23.56451546143305,22.87317592993567,23.345310479457307,44501381
2022-11-09,22.94061851501465,23.25256443154106,22.890033255712883,23.09237590099634,27166184
2022-11-10,23.36216926574707,23.379031557161913,22.72141827274933,22.772003538917232,42429981
2022-11-11,23.96076774597168,24.264282559127395,23.45491026007102,23.88488904268275,79487939
2022-11-14,23.91018295288086,24.559365104419904,23.85959607763627,24.44133227833583,60803774
2022-11-15,24.618383407592773,24.84601791649484,23.927043910685875,23.969199640539344,56623430
2022-11-16,24.618383407592773,24.972483497978583,24.390747290614037,24.466625996273617,39551888
2022-11-17,24.6521053314209,24.921895558663692,24.441331515377893,24.61838235705385,34760823
2022-11-18,24.550935745239258,24.8544489585317,24.44976360209067,24.719553839718024,33668249
2022-11-21,24.230558395385742,24.348591221175944,23.935474722833593,24.19683542004996,35604738
2022-11-22,24.171541213989258,24.60151999036723,23.9944903728564,24.331729763952012,31273050
2022-11-23,24.00292205810547,24.323299165234104,23.969199083083662,24.179972903219006,24981208
2022-11-24,24.011354446411133,24.34016271632943,23.96076917722244,24.16311186205393,18411165
2022-11-25,24.028215408325195,24.07880067471285,23.73313173959009,23.94390555896136,25853919
2022-11-28,24.00292205810547,24.137817174345958,23.345308768452238,23.60666785515861,51235436
2022-11-29,24.54250144958496,24.643671971672934,23.943903029604705,24.365450623816322,48816328
2022-11-30,24.323299407958984,24.54250437605641,24.095663294002815,24.432901087969373,45928483
2022-12-01,25.21697998046875,25.42775380284517,24.888173332146064,25.039930741549348,78144799
2022-12-02,25.073650360107422,25.368733993544392,24.921892971021187,25.22540774919366,41113378
2022-12-05,25.83243751525879,26.11065887880284,25.545785006385945,25.655388287583733,63542561
2022-12-06,26.28771209716797,26.633381046595886,25.773423442034222,26.00949070840704,62147924
2022-12-07,26.624948501586914,26.928463312679582,26.102228727824713,26.270848424670998,56820561
2022-12-08,26.32986831665039,26.709261880667704,26.27085189737588,26.641814314628714,42920302
2022-12-09,26.970617294311523,26.97904843991819,26.093799056214014,26.43946798570434,79373895
2022-12-12,26.768274307250977,26.962185829680084,26.57436278482187,26.793567743771696,42877381
2022-12-13,26.38045310974121,26.59965647596465,26.28771211074743,26.574364645749394,32392748
2022-12-14,26.742982864379883,26.894740278664326,26.287712229603244,26.388882767075074,47088371
2022-12-15,26.439468383789062,26.970617700393476,26.397312655121016,26.74298158981589,37190687
2022-12-16,26.49005126953125,26.55749882126219,26.144382365900622,26.2792774693625,27440606
2022-12-19,26.464759826660156,27.029635326031272,26.355158149876114,26.405743415462855,36239291
2022-12-20,25.714405059814453,26.456328170379997,25.461477128686248,26.32143305936808,50047431
2022-12-21,26.076936721801758,26.329864657276353,25.866162906214065,25.98419572835866,39761578
2022-12-22,26.009489059448242,26.388880961118492,25.925179211940435,26.220262874179465,37963257
2022-12-23,26.22026252746582,26.363588783910895,25.722836202631534,25.82400673184184,28805579
2022-12-26,25.773420333862305,26.262415491746296,25.714403926405417,26.20339908428941,27647884
2022-12-27,26.270849227905273,26.363590224813958,25.984196699348118,26.03478196671801,24825981
2022-12-28,26.076936721801758,26.279279391796752,26.026351456322157,26.076936721801758,24753876
2022-12-29,26.02635383605957,26.152817815360187,25.646960290080976,25.8914571023186,23112241
2022-12-30,26.135953903198242,26.388881846127568,25.967334202527596,26.110660465674652,27728634
2023-01-03,25.883026123046875,26.194970480749745,25.57108015726735,26.13595406756686,41192622
2023-01-04,25.78185272216797,26.085367527240923,25.714405166382488,25.88302485988448,27184860
2023-01-05,26.591224670410156,26.641809934603764,25.94204094896542,25.992626213159028,53318052
2023-01-06,26.5575008392334,26.726120535411553,26.33829587743244,26.726120535411553,33750701
2023-01-09,26.641809463500977,26.80199800670412,26.304571694712664,26.515345501214924,44171044
2023-01-10,27.409025192260742,27.442749774174246,26.557500403940203,26.633379105169016,52304334
2023-01-11,27.358442306518555,27.695678486697652,27.156098025488507,27.41745871845373,36000436
2023-01-12,27.17296028137207,27.53549150630142,26.936894633940206,27.333147225536084,28730524
2023-01-13,27.47647476196289,27.501766590695052,27.11394354142037,27.189822243770042,23592387
2023-01-16,28.15938377380371,28.412311715788707,27.493337727525713,27.653524673680447,61629895
2023-01-17,28.4544677734375,28.49662189727856,27.923316807810355,28.252123476385517,47099199
2023-01-18,27.17296028137207,28.47132777455378,27.147668452333864,28.311140830389764,70619029
2023-01-19,27.333147048950195,27.333147048950195,26.869446902787146,27.26570109989964,38609925
2023-01-20,27.25727081298828,27.476474161567918,27.046497001750772,27.442749579893164,36623500
2023-01-30,28.03291893005371,28.24369275659547,27.59450898490845,27.670387691109617,92146580
2023-01-31,27.468046188354492,28.243692314123088,27.375305191544484,28.235262776300956,40947418
2023-02-01,27.468046188354492,27.69567908723848,27.122374030734168,27.636662674023622,33437874
2023-02-02,27.41745948791504,27.653525142280827,27.130806957833727,27.48490543938241,46612137
2023-02-03,27.00433921813965,27.383732715297484,26.827289991517016,27.265699897549062,37445798
2023-02-06,26.237125396728516,26.776705852615464,26.076936845858352,26.768274706982655,60585954
2023-02-07,26.152814865112305,26.498483786642236,26.110659138049773,26.245554248496745,31250205
2023-02-08,26.35515785217285,26.47319067323417,26.237125031111532,26.29614144164219,27500660
2023-02-09,26.5575008392334,26.70082709856185,26.262417174959932,26.355158168665575,27306304
2023-02-10,26.52377700805664,26.68396556315559,26.34672776932358,26.565932737333547,17465481
2023-02-13,26.633378982543945,26.70082653798384,26.39731173446603,26.61651669166483,35599468
2023-02-14,26.667102813720703,26.776706099882738,26.549069989924618,26.641810984665323,25692820
2023-02-15,26.28771209716797,26.64181219268885,26.026353000592962,26.624949900502926,41082600
2023-02-16,26.034780502319336,26.540637971794876,25.883024708745584,26.270847750228338,38509877
2023-02-17,25.87459373474121,26.346726625610714,25.798715033413327,26.02635113739698,31569776
2023-02-20,26.4310359954834,26.523775378040007,25.74812930393197,25.908316241109997,37423611
2023-02-21,26.549070358276367,26.63338020847615,26.32143424515994,26.397312949532083,25839776
2023-02-22,26.186538696289062,26.498484654461695,26.09379930986743,26.41417480565207,29125252
2023-02-23,26.135953903198242,26.388881846127568,26.060075198704116,26.152816194880636,25859740
2023-02-24,25.807147979736328,26.237126781239585,25.807147979736328,26.135954636383712,22195488
2023-02-27,25.714405059814453,25.849300170826368,25.554216512459085,25.680680478023188,28485378
2023-02-28,25.680681228637695,26.085368181578517,25.453046727199467,25.73969924849743,33616243
2023-03-01,26.237125396728516,26.25398607991753,25.61323348451348,25.73969906092901,36530593
2023-03-02,26.253984451293945,26.38887955689768,26.102227055470614,26.1359516359098,18493333
2023-03-03,26.186538696289062,26.431037097029318,26.051643581424308,26.304573127853185,20693510
2023-03-06,25.9083194732666,26.21183431096583,25.883027642176163,26.186540871798645,23893147
2023-03-07,25.242271423339844,25.84929940490713,25.242271423339844,25.82400596931313,49473601
2023-03-08,25.183256149291992,25.29285782564944,25.115808592746657,25.267564388916217,23097589
2023-03-09,24.91346549987793,25.27599673657922,24.91346549987793,25.200118030847477,26919435
2023-03-10,24.54250144958496,25.03149659454738,24.525639159878146,24.786998218027943,35961641
2023-03-13,24.846017837524414,25.24227365650424,24.517211186095764,24.542504623927453,37142573
2023-03-14,24.90503692626953,24.980914026862475,24.593090945285663,24.85445004843859,24251764
2023-03-15,24.609952926635742,25.233843272635944,24.60152178043722,25.090517003414497,27688467
2023-03-16,24.53407096862793,24.820723469094816,24.432898835725762,24.542502113709485,26432768
2023-03-17,24.340160369873047,24.786999819437312,24.340160369873047,24.702689973532703,36564026
2023-03-20,24.061939239501953,24.449762283151042,24.01135236661823,24.34859014546017,36054171
2023-03-21,24.432903289794922,24.48349016950614,23.960770335694427,24.06194248704007,38534513
2023-03-22,24.348590850830078,24.56779581544677,24.24742031828491,24.441331845727,27184312
2023-03-23,24.458192825317383,24.719551896463326,24.238987872458143,24.281141990744846,34943382
2023-03-24,24.559364318847656,24.736415160387146,24.424469205330233,24.475056078956715,23391369
2023-03-27,24.550935745239258,24.74484727752434,24.44976360209067,24.601521012775223,24408979
2023-03-28,24.44976234436035,24.727983713611042,24.365452497419653,24.550934482304502,22024315
2023-03-29,24.196836471557617,24.652107110873285,24.154680740460147,24.584659549194047,33573332
2023-03-30,24.618383407592773,24.719553943087764,24.1209570518585,24.25585217123627,41132301
2023-03-31,24.550935745239258,24.83758666666083,24.550935745239258,24.6183833046461,30785555
2023-04-03,24.441333770751953,24.601522335987813,24.29800749829392,24.54250591934217,32993420
2023-04-04,24.54250144958496,24.66053426137975,24.298003073065523,24.466622753980754,35683570
2023-04-06,24.38231658935547,24.534074003442548,24.196836198847205,24.52564285731808,31179044
2023-04-07,24.567794799804688,24.685829226996624,24.314866870821284,24.373883280378973,26401001
2023-04-10,24.331729888916016,24.694261110552088,24.25585118633746,24.60152011671683,39858373
2023-04-11,24.04507827758789,24.34859149128348,23.99449140190807,24.281143931787053,45965481
2023-04-12,23.741561889648438,24.095661955664813,23.70783891616317,24.04507669139863,45022172
2023-04-13,23.69097900390625,23.792149542595915,23.505497002847328,23.606669149613715,38971971
2023-04-14,23.539220809936523,23.868027461927536,23.505496226103258,23.758425780622755,41736086
2023-04-17,23.758424758911133,23.766855904506873,23.379031247485727,23.505495215268663,48312401
2023-04-18,24.019784927368164,24.070370195155846,23.699409420610625,23.758425834375696,61120678
2023-04-19,23.79214859008789,24.061940434638355,23.674115763649766,24.0282158510408,38178237
2023-04-20,23.674114227294922,23.884888036871292,23.581373236496823,23.741561782036296,41938872
2023-04-21,23.606666564941406,24.179971581667942,23.564512446448912,23.77528625506446,58013378
2023-04-24,23.067089080810547,23.682548294775085,22.991210371354452,23.623531878104068,53589193
2023-04-25,23.193552017211914,23.328447137270935,22.906899485067324,23.100811019142583,44251621
2023-04-26,23.151395797729492,23.30315320660694,22.974346559423566,23.10924167663093,33399638
2023-04-27,23.438047409057617,23.513926110534893,22.84788169632796,23.12610306571911,51373576
2023-04-28,24.92189598083496,25.284427207862386,24.196835134856737,24.196835134856737,133173972
2023-05-04,25.16639518737793,25.36873786770129,24.770139364677586,24.862880362854547,69879572
2023-05-05,25.04836082458496,25.47833962456175,24.862880435763802,25.292859235740593,45210898
2023-05-08,25.4024600982666,25.545786360299243,25.039930478373815,25.20854856965675,66327122
2023-05-09,25.20854949951172,25.52892661849715,25.200118353425083,25.469908595890693,45136851
2023-05-10,25.149534225463867,25.343445770019947,25.03993253752075,25.250706375014776,29027487
2023-05-11,24.938756942749023,25.28442585983987,24.8713093883917,25.208547160178313,22327142
2023-05-12,25.098947525024414,25.58794273583302,24.8207261397036,24.888173699536626,35311566
2023-05-15,25.512062072753906,25.53735550877956,25.17482429946129,25.39402925412063,33962566
2023-05-16,25.335012435913086,25.604804275393825,25.216979611692945,25.58794198391191,29676198
2023-05-17,25.141101837158203,25.436185516689626,25.124239545053165,25.36030681029364,21717146
2023-05-18,25.01463508605957,25.292856442605167,24.888171125461845,25.09894492915022,21417735
2023-05-19,25.16639518737793,25.32658374566268,24.905036092969837,25.12423945726264,20354406
2023-05-22,25.672252655029297,25.773423191006056,25.157964004904624,25.250705002947218,46194543
2023-05-23,25.85773277282715,26.13595415597087,25.545786805992478,25.638527803065937,51797472
2023-05-24,25.292858123779297,25.91674843119666,25.26756468674794,25.86616316521055,39562302
2023-05-25,25.06521987915039,25.275993678890455,24.87130836932788,25.124236285785372,35725904
2023-05-26,24.846017837524414,25.12423922136635,24.626812867213093,25.039930978080708,26151444
2023-05-29,24.601518630981445,25.006203948242906,24.306434984116272,24.871308842489086,34591820
2023-05-30,24.609952926635742,24.795433318773085,24.129388849856987,24.576228341841656,36040515
2023-05-31,24.289573669433594,24.66053602919402,24.230557259305552,24.643673738278416,27619755
2023-06-01,24.5256404876709,25.03149794972673,24.028214170924926,24.036645316234786,34070177
2023-06-02,25.090517044067383,25.17482689811249,24.609952966509994,24.744848089751482,28664647
2023-06-05,24.87973976135254,25.18325455057673,24.829154499174003,25.08208241814317,18716667
2023-06-06,24.87131118774414,25.26756539725145,24.787001336678827,24.87974233365834,24082998
2023-06-07,24.87131118774414,25.08208501136909,24.81229477442142,24.972483330637846,20847456
2023-06-08,24.964054107666016,25.14110336127201,24.601522845813616,24.87131310354281,20860446
2023-06-09,25.157962799072266,25.28442676702008,24.913464400706772,24.989343103090782,32288739
2023-06-12,25.200119018554688,25.38560102120291,24.93032876896826,25.2928600198788,36398104
2023-06-13,25.26999855041504,25.392286291035703,25.095300350060796,25.392286291035703,26897880
2023-06-14,25.392284393310547,25.907642213189565,25.252526509890345,25.287466813768088,40140764
2023-06-15,25.593185424804688,25.724209894626743,25.313669665802273,25.50583799965044,26255231
2023-06-16,25.654333114624023,25.706741907337754,25.444694611678145,25.67180160149828,31089924
2023-06-19,25.374814987182617,25.767885087133337,25.331141272097177,25.636862275831575,24688988
2023-06-20,25.173912048339844,25.497103189328868,25.165176972524428,25.374813793958378,18430415
2023-06-21,25.156444549560547,25.409756776784413,25.086565601713538,25.165179626297117,23364492
2023-06-26,25.095300674438477,25.22632349337498,24.83325503656547,24.99048308570749,26345234
2023-06-27,24.981746673583984,25.19138350588545,24.868192348142284,25.147709790589687,20597062
2023-06-28,24.920604705810547,25.025422296930323,24.72843634534834,24.938073193633464,21574394
2023-06-29,24.658554077148438,25.07782771728904,24.55373650013596,24.93806983724217,30970599
2023-06-30,24.73716926574707,24.88566222859275,24.562472740428603,24.65855524623786,23529018
2023-07-03,25.444692611694336,25.47089783901418,24.728433058738815,24.737168134512096,45866347
2023-07-04,25.453428268432617,25.54951243808644,25.226321291279735,25.462163344405273,22515258
2023-07-05,25.130239486694336,25.497104357523646,25.0254202381522,25.453428976445494,21141901
2023-07-06,24.999217987060547,25.374816287764705,24.981747833712767,25.165179445727897,22260594
2023-07-07,25.051626205444336,25.182649020451123,24.911868313964366,24.93807187733843,16428751
2023-07-10,24.78957748413086,25.14770893475901,24.7196985424085,25.060359841094716,36438583
2023-07-11,24.894397735595703,24.999216985437158,24.72843461753234,24.98174683278934,19456488
2023-07-12,24.772109985351562,24.999216971510318,24.728434603756348,24.859457416451082,16449081
2023-07-13,25.322406768798828,25.40102079056764,24.885662943881197,24.894398020305008,31331675
2023-07-14,24.518796920776367,25.401019605889456,24.370303960588117,25.313670511770706,79317803
2023-07-17,24.064584732055664,24.527533798662947,23.863682967055446,24.518798722004828,54476052
2023-07-18,23.84621238708496,24.06458430149433,23.688986008188426,24.047115814536152,46271735
2023-07-19,23.79380226135254,23.811272413377647,23.48808126509473,23.69771809125984,53162978
2023-07-20,23.741395950317383,23.924827567598125,23.68898715481511,23.793804745819656,35078516
2023-07-21,23.951032638549805,24.143199331472886,23.697720407562258,23.723925638161315,34994411
2023-07-24,23.82000732421875,23.9073564176932,23.645309137269845,23.750128382648263,19042345
2023-07-25,24.248018264770508,24.30042705922483,24.05585157440764,24.073320061862056,55012139
2023-07-26,24.213075637817383,24.28295457907627,24.090787907125673,24.13446162064546,21154209
2023-07-27,24.248018264770508,24.518798979837626,24.020911267407733,24.047116497657665,48299896
2023-07-28,24.876928329467773,24.946807276110558,24.16940378645391,24.195609016212018,59374996
2023-07-31,25.034154891967773,25.31367066196996,24.89439700696668,25.077828606263587,44466106
2023-08-01,24.676025390625,25.165177993822546,24.588676294971226,24.9817463923905,37738977
2023-08-02,24.676025390625,24.763374486278774,24.518797351657287,24.68476046679492,23673738
2023-08-03,24.903133392333984,24.964277261980964,24.632352684163564,24.667291324228056,24211754
2023-08-04,24.72843360900879,25.20885279095767,24.72843360900879,25.060359831598255,36647585
2023-08-07,24.55373764038086,24.772109546350677,24.475123620948093,24.72843416552946,30134297
2023-08-08,24.536266326904297,24.676024206827478,24.387773371230246,24.545001402655164,24056704
2023-08-09,24.597414016723633,24.64108773622515,24.475126269282907,24.501329834565574,22449051
2023-08-10,24.344100952148438,24.66729044187784,24.204341398753193,24.597411498202934,33115290
2023-08-11,24.020910263061523,24.440183933256776,24.020910263061523,24.35283483545473,33862931
2023-08-14,23.91609001159668,24.038379409819893,23.65404439520268,23.933560163635054,32292793
2023-08-15,23.90735626220703,24.020908916753537,23.680249287068644,23.91608967205683,25589507
2023-08-16,23.723922729492188,23.91608939885469,23.671513940765205,23.802536745605337,27716054
2023-08-17,23.854948043823242,23.889888350680447,23.418204204381354,23.601637483290624,28160505
2023-08-18,23.54049301147461,23.86368251142683,23.50555270550924,23.85494743493549,27044567
2023-08-21,23.217300415039062,23.523021409218355,23.19983026313273,23.50555125731202,32949943
2023-08-22,23.348323822021484,23.453143070106712,23.033869409856653,23.23477116380413,36326716
2023-08-23,23.025135040283203,23.45314378984571,23.00766488739196,23.33085438565251,26684489
2023-08-24,23.14742088317871,23.400733081224697,22.850434972526,23.025133155043598,29905111
2023-08-25,23.365793228149414,23.41820201749555,23.025133598331475,23.04260208408327,27351861
2023-08-28,23.426937103271484,24.440182583299297,23.32211952453502,24.30915977685603,66077026
2023-08-29,23.252241134643555,23.365793791974475,22.76308686879158,22.88537626827728,68404710
2023-08-30,23.191097259521484,23.54049366468845,23.14742354189838,23.26097620734577,33105489
2023-08-31,22.710678100585938,23.182362214684524,22.710678100585938,23.17362713856654,54723360
2023-09-01,22.754352569580078,23.0775437324796,22.719413929995127,22.798027951618106,48593449
2023-09-04,23.095014572143555,23.260976030687363,22.763088322964897,22.876642653595418,77754156
2023-09-05,22.73688316345215,23.00766385695711,22.71067793528893,22.95525506667608,68645801
2023-09-06,22.876644134521484,22.902847700174423,22.605861738439845,22.728151153654196,32826228
2023-09-07,22.605857849121094,22.806761258820256,22.605857849121094,22.79802618309026,41744754
2023-09-08,22.518508911132812,22.605856330474115,22.361280890646096,22.579652771089815,29188905
2023-09-11,22.8067626953125,22.841701334387754,22.3787539538566,22.518511842248508,37692286
2023-09-12,22.89411163330078,22.937787017577108,22.67573971005581,22.754353735707642,26823267
2023-09-13,22.86790657043457,23.086278479371426,22.806762702499526,22.89411013323791,39243982
2023-09-14,22.92905044555664,22.990194313510855,22.78055748079122,22.88537673017376,22902573
2023-09-15,22.82423210144043,23.103749555531756,22.74561974384237,23.00766537862394,31551854
2023-09-18,22.95525360107422,22.963988676570924,22.675736183315525,22.850434361159046,24913031
2023-09-19,22.911579132080078,22.9727229969362,22.815496629897048,22.955254511295422,22612690
2023-09-20,22.832965850830078,22.94652017440141,22.719413193304163,22.763086907880574,27325690
2023-09-21,22.588390350341797,22.89410968401832,22.588390350341797,22.832965817283018,28383860
2023-09-22,23.234771728515625,23.278445444419443,22.535980611736267,22.535980611736267,55741627
2023-09-25,23.287179946899414,23.33958873790148,23.12995190784779,23.322120251597745,31132678
2023-09-26,23.383264541625977,23.41820318091069,23.164892631448772,23.23477157606366,25635576
2023-09-27,23.26970863342285,23.523020831709513,23.25224014799077,23.322119087855132,21821784
2023-09-28,23.173627853393555,23.365794535780616,23.06007352640243,23.26971036156435,23409644
2023-10-09,23.208566665649414,23.313385917033326,22.96399118916276,23.173628025885098,25172909
2023-10-10,23.400733947753906,23.540491832525085,23.252240986928854,23.348323491430662,31120390
2023-10-11,23.627840042114258,23.645310194799574,23.36579441601637,23.496817229065314,38122272
2023-10-12,23.6715145111084,23.87241626110683,23.557960189077704,23.758863605121533,28086774
2023-10-13,23.453144073486328,23.56669673656173,23.313386180757146,23.479347637094616,22402293
2023-10-16,23.1212158203125,23.488080673370533,23.112480744520003,23.453142036245904,27350661
2023-10-17,23.453144073486328,23.461879150037593,22.99893008909373,23.17362828802796,30777623
2023-10-18,23.226037979125977,23.54922749378851,23.226037979125977,23.357060800368775,21829577
2023-10-19,22.85043716430664,23.22603712651474,22.84170208773837,23.164893256582353,34297525
2023-10-20,22.675739288330078,22.88537779686646,22.535981393336176,22.78055854259827,31218374
2023-10-23,22.352548599243164,22.75435210959768,22.14291176783488,22.562185430651446,27199555
2023-10-24,22.370019912719727,22.46610242415685,22.011890098887793,22.273935735237078,29221404
2023-10-25,22.754352569580078,22.929050765641247,22.535980657526352,22.553450810341563,31652211
2023-10-26,22.719411849975586,22.894108363997375,22.544713669908475,22.70194169875981,23308011
2023-10-27,23.479347229003906,23.549226174153944,22.658270040002325,22.710678832353487,49986456
2023-10-30,23.295915603637695,23.636575252708933,23.077543691967318,23.409468264646286,35865239
2023-10-31,23.951032638549805,24.448920357612987,23.916092331084396,24.108260690053033,106016335
2023-11-01,23.86368179321289,24.21307651212357,23.750129134333957,24.151932644569882,38053521
2023-11-02,23.88115119934082,24.09952310009116,23.811272257742527,23.846210895518983,25940349
2023-11-03,24.108259201049805,24.19560829827281,23.968501311911176,24.020910103826797,30297998
2023-11-06,24.064584732055664,24.23928293312704,23.99470578483622,24.204342626494558,33573950
2023-11-07,24.108259201049805,24.186873221945966,23.828743422772547,24.020910103826797,29065620
2023-11-08,24.090789794921875,24.15193366505907,23.977237131245015,24.082054718324347,25274645
2023-11-09,24.134462356567383,24.282955319526124,23.97723598347468,24.003439545967417,20262177
2023-11-10,24.038381576538086,24.169404396544934,23.90735875653124,24.090790371331718,22834138
2023-11-13,23.959766387939453,24.14319799383326,23.80253834514735,24.14319799383326,19809592
2023-11-14,23.82000732421875,24.13446172826324,23.697717926936363,23.985968769170285,27708979
2023-11-15,23.8112735748291,24.064584127367407,23.767598192635962,23.959766542194824,25555246
2023-11-16,23.60163688659668,23.907357899685906,23.549226427635908,23.863682517218592,23280216
2023-11-17,23.54049301147461,23.671515826753765,23.28718079136215,23.479347476035212,26775356
2023-11-20,23.723922729492188,23.84621045853693,23.435671892425752,23.584164848856666,24699275
2023-11-21,23.977235794067383,24.099523527521953,23.741393737223213,23.802537603950498,29808308
2023-11-22,23.758865356445312,23.924826814653755,23.7326601264961,23.924826814653755,16763785
2023-11-23,23.854948043823242,23.916091914777823,23.540493612336043,23.627841047387996,27554877
2023-11-24,23.8898868560791,24.020909666505503,23.820007912781993,23.87241670374347,24595227
2023-11-27,23.741395950317383,23.889888925945133,23.47934864071487,23.86368369517121,24381498
2023-11-28,23.82000732421875,24.003438921074252,23.65404421322183,23.74139330669628,22143837
2023-11-29,23.627840042114258,23.863682105229632,23.5492260210758,23.820008389561806,21684728
2023-11-30,23.80253791809082,23.828743146767827,23.56669585813406,23.62783972566831,28113473
2023-12-01,23.627840042114258,23.76759793150586,23.3395891869884,23.75886452120866,34233562
2023-12-04,23.409469604492188,23.645311682445577,23.409469604492188,23.627841528661126,22234614
2023-12-05,23.086280822753906,23.619108867779303,23.086280822753906,23.37453170516776,30066580
2023-12-06,23.086280822753906,23.28718259951752,22.911582611453433,22.990196639934084,25756358
2023-12-07,23.016399383544922,23.18236249973646,22.850436267353384,22.990194154868753,24638923
2023-12-08,23.025135040283203,23.35705961498937,22.9814596580551,23.05133860357458,25996787
2023-12-11,22.998929977416992,23.23477204501937,22.387487950161685,22.798028215850003,37374934
2023-12-12,23.103748321533203,23.14742203631563,22.89410982565037,22.990193997426218,27016326
2023-12-13,22.562185287475586,23.138686986701337,22.5447151351244,23.138686986701337,40290508
2023-12-14,22.605857849121094,22.885375274344852,22.597124439436442,22.71067709183567,26643557
2023-12-15,22.282669067382812,22.798026889094505,22.282669067382812,22.640798853176307,36371266
2023-12-18,22.361284255981445,22.45736676492618,22.064298320598486,22.064298320598486,36346760
2023-12-19,22.230262756347656,22.44863468257486,22.12544349869854,22.273936475174864,24362135
2023-12-20,22.125442504882812,22.31760919155473,22.064298634852907,22.23899516836042,25653041
2023-12-21,22.4136905670166,22.492304580387014,22.064295877617706,22.073030953108344,30794516
2023-12-22,22.710678100585938,22.780557043484386,22.422427252874165,22.43989740511013,38144827
2023-12-25,22.79802703857422,22.93778492340777,22.632063925567355,22.7106779440419,22463109
2023-12-26,22.544715881347656,22.859171969895716,22.45736678274592,22.798028100688143,20050381
2023-12-27,22.82423210144043,22.876642561233155,22.431163649268075,22.579656619923103,25379677
2023-12-28,23.453144073486328,23.496817790197138,22.876642349467065,22.937786219280397,49037327
2023-12-29,23.365793228149414,23.523021262233193,23.147421328820915,23.409466941596964,36476458
2024-01-02,22.94651985168457,23.453142597454764,22.937784775683053,23.453142597454764,26732203
2024-01-03,22.76308822631836,23.077544320827137,22.71067943258207,22.92905135020305,28797628
2024-01-04,22.684473037719727,22.86790630544472,22.53598007472156,22.78929228585478,29419275
2024-01-05,22.81549644470215,23.103747281002214,22.63206318557737,22.69320704993718,38718766
2024-01-08,22.841699600219727,23.147420582633384,22.719411873672392,22.92031361472739,41747081
2024-01-09,22.981460571289062,23.09501490354905,22.579657035096602,22.7980289567783,32953927
2024-01-10,23.208566665649414,23.26971053477108,22.885377167136195,23.025135058284423,35659020
2024-01-11,23.234771728515625,23.557961224712997,23.103748914758704,23.129952477882807,36742732
2024-01-12,23.365793228149414,23.409466941596964,23.12121610112516,23.147421328820915,24894170
2024-01-15,23.330854415893555,23.540492918769207,23.147422808434207,23.295915776111265,24475931
2024-01-16,23.496816635131836,23.531756939619275,23.208565787292148,23.234771015657724,34821275
2024-01-17,23.06007194519043,23.47934558676499,23.06007194519043,23.461877101233398,34169454
2024-01-18,23.365793228149414,23.45314232108989,22.693207378366747,22.972723142939966,51282449
2024-01-19,23.470611572265625,23.514285284037314,23.12121521391087,23.15615551616447,40141585
2024-01-22,23.304651260375977,23.58416704770745,23.0338705496543,23.505553024264785,57716962
2024-01-23,23.11248207092285,23.3570592090127,22.86790659887845,23.278445188414015,36896364
2024-01-24,23.409469604492188,23.52302393804555,22.88537831932318,23.15615903879991,33367891
2024-01-25,23.64531135559082,23.662781509133776,23.348325409542724,23.400735870171594,39456231
2024-01-26,23.758865356445312,23.80253907364848,23.37453031408448,23.514288208389235,39674351
2024-01-29,24.012174606323242,24.134462340663237,23.688985118126,23.706453604427836,47326322
2024-01-30,23.82874298095703,24.116993830216593,23.820007904792146,23.889886848065814,33480461
2024-01-31,23.66278076171875,24.003440414818584,23.49681764039387,23.802538653556912,35340671
2024-02-01,23.549226760864258,23.8374792910909,23.47934781397324,23.662781090840603,35076653
2024-02-02,23.549226760864258,24.151933719077718,23.20856710302624,23.750130190965752,59666708
2024-02-05,24.151933670043945,24.370305586890716,23.444409125953143,23.64531088960125,84638860
2024-02-06,24.579940795898438,24.89439686842358,24.125728505195386,24.151932067208886,77511024
2024-02-07,24.70223045349121,24.70223045349121,24.38777437766441,24.57994105397778,73080230
2024-02-08,24.61488151550293,24.894397288668074,24.256751722879407,24.737169249751325,59343641
2024-02-19,24.74590492248535,24.807048791083588,24.52753301117996,24.772110151618367,51527522
2024-02-20,25.051626205444336,25.086564845291587,24.614882378058056,24.73717011659166,56661323
2024-02-21,25.20012092590332,25.505841959543737,24.88566481518225,24.990484074104472,54495279
2024-02-22,25.383548736572266,25.453427676683557,25.156441764699238,25.269996083658427,35115639
2024-02-23,25.313671112060547,25.44469392332305,25.12150443327857,25.313671112060547,35285895
2024-02-26,25.060361862182617,25.36608288164099,25.051626785507175,25.261263627581208,32837483
2024-02-27,24.815784454345703,25.11277039402829,24.641086254751652,24.964277424186996,47891732
2024-02-28,24.63235092163086,24.850722821056504,24.545001828651525,24.73716850036976,47170718
2024-02-29,24.76337432861328,24.850723423710914,24.562472576120513,24.62361644287523,43634660
2024-03-01,24.68475914001465,24.8332520948311,24.55373633659904,24.71969777677099,37130686
2024-03-04,24.579940795898438,24.676024966068987,24.37903904558311,24.597410947937703,41221211
2024-03-05,25.20012092590332,25.217591080064622,24.49259634282651,24.57994378154183,58169095
2024-03-06,24.894397735595703,25.208853819074616,24.868192506623977,25.121504721880978,36188164
2024-03-07,24.93807029724121,25.095298331705447,24.789577338696695,24.841987794215026,32675768
2024-03-08,24.71969985961914,25.034155947148516,24.597412121600154,24.938071772393325,29025499
2024-03-11,24.894397735595703,24.938071451169794,24.56247316551443,24.719699541208428,35719145
2024-03-12,25.034154891967773,25.130239062673052,24.75463912196559,24.89439700696668,42331309
2024-03-13,24.60614776611328,25.034156525106564,24.518798665777904,24.99921788459972,47688167
2024-03-14,24.597414016723633,24.938073693763148,24.510064911675,24.545005220112692,32590186
2024-03-15,25.173912048339844,25.24379098881783,24.536266508222578,24.553736659853413,70716557
2024-03-18,25.42722511291504,25.549512846395732,25.06036024642754,25.15644275157148,56899032
2024-03-19,25.409757614135742,25.584455822533023,25.200120763686357,25.37481730603805,37406363
2024-03-20,25.331140518188477,25.47963347752312,25.22632127263945,25.46216332559072,24940450
2024-03-21,25.243791580200195,25.418489768510458,25.173912638085167,25.418489768510458,22851654
2024-03-22,25.025419235229492,25.304934998746013,24.74590347171297,25.25252620959801,32472851
2024-03-25,24.78957748413086,25.02541953721084,24.763373922263344,24.96427567145945,26119000
2024-03-26,24.72843360900879,24.920601948206496,24.59741080158469,24.894396720303522,35446601
2024-03-27,24.579940795898438,24.780844212259165,24.571205719878808,24.676024966068987,29068219
2024-03-28,24.29169273376465,24.70223302348298,24.221813783649168,24.457655865056008,47908387
2024-03-29,24.370304107666016,24.579940935188954,24.265486526927248,24.31789531729663,17006892
2024-04-01,24.588674545288086,24.824516586957582,24.41397803245703,24.44891666860512,43091890
2024-04-02,24.256752014160156,24.641085373854683,24.15193276494182,24.597411658540217,37693702
2024-04-03,24.169403076171875,24.309160965350287,23.959766242404264,24.195608305159876,38062866
2024-04-08,23.82000732421875,24.08205293859672,23.584165271651344,24.02090907297822,54044341
2024-04-09,23.898622512817383,24.05585055556678,23.723924317307947,23.811273415062665,24316230
2024-04-10,23.75012969970703,23.985970099307536,23.671515677825038,23.916091153861927,32378435
2024-04-11,23.60163688659668,23.758864931388022,23.41820361232495,23.627840450031577,37454724
2024-04-12,23.208566665649414,23.662780644903894,23.191096512744515,23.549226317067532,42132494
2024-04-15,23.61910629272461,23.881151915060386,23.217301116958257,23.217301116958257,49938164
2024-04-16,23.78506851196289,23.968501786366808,23.41820362920055,23.496817651652872,44852897
2024-04-17,23.898622512817383,23.924826075911973,23.54049271146396,23.78506818592261,36442766
2024-04-18,24.195608139038086,24.29169064591015,23.767597732066694,23.785067884605414,43283246
2024-04-19,24.160667419433594,24.24801651458309,23.951030590702064,24.099523552642577,27448541
2024-04-22,24.361570358276367,24.545003633626706,24.195608902061178,24.21307738910533,32663171
2024-04-23,24.387775421142578,24.518798236328003,24.195608736606985,24.317896475307318,37873734
2024-04-24,24.440183639526367,24.50132750743931,24.143197710195974,24.466388868365677,28087593
2024-04-25,24.52753257751465,24.66729046499544,24.387774690033858,24.413979918703546,28228028
2024-04-26,24.466388702392578,24.763374629708302,24.457653626172064,24.527532569890738,36381355
2024-04-29,24.710968017578125,24.876929482266963,24.230548779356504,24.282957575255843,58571952
2024-04-30,24.990482330322266,25.322406905998058,24.545003426567177,25.23505780733217,117329211
2024-05-06,25.156444549560547,25.35734798241054,24.946807706019523,25.173914703033685,86179089
2024-05-07,24.76337432861328,25.14770934741562,24.632351518989537,25.13897427130132,63800651
2024-05-08,24.658554077148438,24.876925972977336,24.641083925631243,24.754638244447666,41568562
2024-05-09,24.64982032775879,24.78084480514263,24.562472897563474,24.61488168888975,52975417
2024-05-10,24.41398048400879,24.728434905099032,24.30916123294839,24.658555959740593,58876257
2024-05-13,24.45765495300293,24.510063747123763,24.21307780369651,24.352835698715744,49574864
2024-05-14,24.335363388061523,24.545000197654485,24.300423086773396,24.48385633644553,47040633
2024-05-15,24.282955169677734,24.422713055594652,24.22181130284476,24.335365626430644,27453039
2024-05-16,24.256752014160156,24.37903974987701,24.134462612397854,24.239281861616192,53348456
2024-05-17,24.55373764038086,24.579941202828167,24.204341257992812,24.204341257992812,62086533
2024-05-20,24.946807861328125,25.060362193564917,24.466390300144752,24.536269248426798,80907333
2024-05-21,25.47089958190918,25.558248679573666,25.165178573106207,25.173913649477203,113516000
2024-05-22,25.53204345703125,25.724211805151665,25.34861185132954,25.383550490777047,73778215
2024-05-23,25.584453582763672,25.628127298016818,25.156443176264702,25.401020313400476,73851931
2024-05-24,25.226322174072266,25.663065991716522,25.17391338244768,25.37481513871313,51262296
2024-05-27,25.348609924316406,25.47089765215451,25.173911742223112,25.173911742223112,42145949
2024-05-28,25.130239486694336,25.462164052661127,25.086564105616183,25.339876317733165,33348601
2024-05-29,25.287466049194336,25.401018701272935,25.165176655365073,25.165176655365073,30245901
2024-05-30,24.903133392333984,25.269998276261372,24.894398315806487,25.217589483141886,45302182
2024-05-31,24.72843360900879,25.051624755630595,24.72843360900879,24.95554058603174,35357073
2024-06-03,24.964275360107422,24.9904805876935,24.658554369118004,24.737168385830866,37865336
2024-06-04,24.999217987060547,25.20011975242346,24.76337591500207,24.920603963041053,48130815
2024-06-05,24.908042907714844,25.254495433897883,24.880692582302974,25.13597156058772,48223404
2024-06-06,25.044801712036133,25.227145344190482,24.86245981883954,24.935396923909728,36706822
2024-06-07,24.670997619628906,25.117737583614858,24.53424077170793,25.008332800861144,45483277
2024-06-11,24.36101531982422,24.707467867720734,24.278960860530717,24.598061342343485,38224534
2024-06-12,24.634531021118164,24.68923341489934,24.306313180515616,24.37013292975328,37688732
2024-06-13,24.497774124145508,24.68011601608165,24.43395263606223,24.652765688717988,30471246
2024-06-14,24.77128791809082,24.8442250229117,24.32454793369321,24.47042214333497,42549459
2024-06-17,24.50688934326172,24.689232971198994,24.37013249178762,24.616295867815627,27683356
2024-06-18,24.06926727294922,24.579827008299187,23.996330167899224,24.497774286705976,55874550
2024-06-19,23.99633026123047,24.105736788709862,23.795753656302296,24.105736788709862,34295891
2024-06-20,23.385480880737305,24.005447133060194,23.349013198284165,23.94162738454891,61810741
2024-06-21,23.504005432128906,23.631644932794092,23.157552874669435,23.339896509012082,55610009
2024-06-24,23.677228927612305,23.83222048828029,23.34901283481246,23.394597871908697,46202466
2024-06-25,23.49488639831543,23.87780661191741,23.440182268545396,23.61340853490187,43559484
2024-06-26,23.695465087890625,23.741051866733883,23.358131619239536,23.48577112208505,28638392
2024-06-27,23.49488639831543,23.695462990599268,23.403714587656356,23.604291179940194,35968988
2024-06-28,23.558706283569336,23.859572043255202,23.449299762339177,23.494886537417436,37159882
2024-07-01,23.677228927612305,23.69546363803388,23.303426058758525,23.558706787787468,34312984
2024-07-02,23.49488639831543,23.777517446296667,23.476651688392085,23.61340853490187,33341851
2024-07-03,23.531352996826172,23.649876866918483,23.39459615660683,23.494885317614546,26057150
2024-07-04,23.34901237487793,23.649878135076584,23.312542954753166,23.531354258628763,31970502
2024-07-05,23.34901237487793,23.34901237487793,23.34901237487793,23.34901237487793,0
2024-07-08,22.975210189819336,23.139317368339402,22.79286656174231,23.11196704139825,46350709
2024-07-09,22.792865753173828,22.938739954877526,22.546702385689713,22.884037563978055,60408765
2024-07-10,22.91139030456543,22.993444769041133,22.537587405935145,22.619641870410852,39335080
2024-07-11,23.431066513061523,23.558706003849824,23.048146301738978,23.048146301738978,43136396
2024-07-12,23.24872398376465,23.48577000560737,23.09373242098124,23.431067612553733,35050540
2024-07-15,23.239606857299805,23.36724635533456,23.121084714690063,23.24872421272482,25743563
2024-07-16,23.285194396972656,23.385481832016595,23.08461604896919,23.166670511523733,30460705
2024-07-17,23.704580307006836,23.74104972679421,23.139316473006076,23.285192413197922,52326385
2024-07-18,23.896039962768555,23.93250938319501,23.531354453292355,23.61340891029421,38049001
2024-07-19,24.06926727294922,24.233376194051147,23.66811232569537,23.823103891296327,47259559
2024-07-22,23.795751571655273,24.21513945584364,23.73193182744901,24.078382612693417,37147789
2024-07-23,23.1757869720459,23.859572974282944,23.1757869720459,23.841338263540102,40855688
2024-07-24,22.838451385498047,23.203138638238357,22.74728131127067,23.14843450695269,40864750
2024-07-25,22.829336166381836,22.956975663686748,22.747281706983614,22.747281706983614,34117254
2024-07-26,22.86580467224121,22.95697649029513,22.71081310323689,22.85668731654004,36188891
2024-07-29,22.55582046508789,22.884038298941366,22.55582046508789,22.86580358840335,38802729
2024-07-30,22.245838165283203,22.473766838572907,22.099963953494417,22.473766838572907,50637912
2024-07-31,22.874919891357422,22.874919891357422,22.118196828418323,22.154664508859028,67525950
2024-08-01,22.33700942993164,22.811101475998413,22.33700942993164,22.79286676523637,52104175
2024-08-02,22.282306671142578,22.373478484499724,22.163782792090977,22.191134857785432,29161078
2024-08-05,22.17289924621582,22.57405416530971,22.0452597560777,22.17289924621582,46573013
2024-08-06,22.163782119750977,22.364360450843684,21.99967320847791,22.25495393034242,41716965
2024-08-07,21.981441497802734,22.14555041848477,21.972324142325093,22.14555041848477,39983462
2024-08-08,22.23672103881836,22.291425173021192,21.671458897051426,21.89027021698938,50649104
2024-08-09,22.054378509521484,22.40082932141989,22.04526115408235,22.254955112309222,25485397
2024-08-12,22.200252532958984,22.273189636904306,22.008791548253935,22.0270262589797,23595727
2024-08-13,21.963207244873047,22.254955670410745,21.853800715817517,22.20937063102965,29540900
2024-08-14,21.73527717590332,21.954088481021554,21.717042465737382,21.926736415772645,26429953
2024-08-15,21.935853958129883,22.01790841561946,21.61675348333239,21.698807940821965,31640828
2024-08-16,21.908504486083984,21.999674563332505,21.826450025394106,21.88115241953477,20641584
2024-08-19,21.79909896850586,22.27319104357066,21.771746900689795,21.88115343299622,37065769
2024-08-20,21.461763381958008,21.85379921500252,21.352356860416,21.835566243876904,44751496
2024-08-21,21.32500457763672,21.48911348879592,21.3067716066972,21.443528453010654,25367434
2024-08-22,20.996788024902344,21.52558242739567,20.969435960668037,21.42529326416082,45231995
2024-08-23,21.142663955688477,21.22471841615871,20.887383218785786,20.92385264075378,32922690
2024-08-26,20.823562622070312,21.18824813212385,20.750625520059604,21.13354574035524,38736535
2024-08-27,20.641218185424805,20.860029482847676,20.52269605142985,20.814444447993683,32885735
2024-08-28,20.2856502532959,20.686805172179323,20.11242398894389,20.604750717431404,49599752
2024-08-29,20.850915908813477,20.896500948131266,20.094192779016833,20.11242575136928,53097432
2024-08-30,20.63210105895996,20.860029713667224,19.583629595098085,19.693036114498927,155260508
2024-09-02,19.729503631591797,20.431524299625767,19.647449177460157,20.376821909857213,97330248
2024-09-03,20.249181747436523,20.303885879041598,19.629217239865067,19.7386220251598,76037505
2024-09-04,20.21271324157715,20.340352732205094,19.993901940947396,20.19447853178526,36187506
2024-09-05,20.531814575195312,20.577399612644744,20.167129058726722,20.167129058726722,39570729
2024-09-06,20.294769287109375,20.659454816738027,20.294769287109375,20.53181531610744,25958969
2024-09-09,20.12154197692871,20.568281945192137,20.039487519598932,20.376822704061105,37311152
2024-09-10,20.012136459350586,20.221830403078958,19.902729940603216,20.112423884331587,29810765
2024-09-11,20.267417907714844,20.322122043232945,19.784210216676453,19.948317406357255,32473434
2024-09-12,19.930084228515625,20.36770687441294,19.90273216103786,20.240067370765676,33996957
2024-09-13,19.665685653686523,19.920966393802075,19.43775698039121,19.857146643512632,43529132
2024-09-18,19.48334312438965,19.683919724337475,19.383053954936873,19.60186526550479,35434222
2024-09-19,20.09419059753418,20.303884537963484,19.264528712567085,19.547161490318853,72852346
2024-09-20,20.039487838745117,20.14889436324645,19.838911239276676,20.057722549321625,37687311
2024-09-23,19.957433700561523,20.404173683112894,19.911848662346017,20.039488160515628,35847923
2024-09-24,21.19736671447754,21.233836137073148,20.085075409678144,20.331237056367385,111473852
2024-09-25,21.45264434814453,21.926734600506308,21.41617493083188,21.607635893808244,98951381
2024-09-26,23.266956329345703,23.321658716838837,21.470877506905353,21.6076360840745,154543271
2024-09-27,25.1633243560791,25.345666240300787,24.31542946452314,24.461303667483556,161521611
2024-09-30,26.503543853759766,26.9685185208907,25.482424448221654,26.302967262411332,254117343
2024-10-08,26.403255462646484,29.138399416100857,25.70123650286771,29.138399416100857,282099427
2024-10-09,24.187789916992188,25.98386712373056,24.187789916992188,25.98386712373056,171097455
2024-10-10,25.181560516357422,25.96563396768387,24.251611114712105,24.251611114712105,140625722
2024-10-11,24.935396194458008,25.591830120886613,24.61629571700163,25.190675185256946,83716740
2024-10-14,24.94451332092285,25.06303545999855,24.260727335055076,24.90804390031021,86451489
2024-10-15,24.160438537597656,24.92627899262303,24.160438537597656,24.79863949643804,66305344
2024-10-16,23.841337203979492,24.17867238189926,23.713697712367626,23.877806623844396,46436595
2024-10-17,23.266956329345703,24.00544464685439,23.266956329345703,24.00544464685439,58959484
2024-10-18,24.06926727294922,24.4613048647021,23.048147802249286,23.2304896953954,91164566
2024-10-21,23.896039962768555,24.324546957991053,23.713698077509292,24.142203333774116,68712557
2024-10-22,24.260726928710938,24.47042087684837,23.813986967434715,23.85957200347932,60718114
2024-10-23,24.625411987304688,24.908043031361945,24.114852289243085,24.315428878742164,69159218
2024-10-24,24.178674697875977,24.607179988587482,24.069268166759304,24.49777519642863,38722063
2024-10-25,24.324546813964844,24.57071018351287,24.069266089364188,24.11485286462734,39039888
2024-10-28,24.725704193115234,24.807756918809332,24.206025337333678,24.370134266637553,52172036
2024-10-29,24.178674697875977,25.12685709873658,24.160439986196895,24.908045775461055,62025002
2024-10-30,24.105735778808594,24.37013212245722,23.96897892940705,24.13308610531429,40693993
2024-10-31,25.44595718383789,25.65565114786672,24.844225619867807,24.844225619867807,164294761
2024-11-01,25.801523208618164,25.98386682931925,25.218026404706915,25.318315569988275,107880435
2024-11-04,26.284732818603516,26.31208488363781,25.765055755655602,25.90181260291174,80682880
2024-11-05,26.503543853759766,26.521778563598073,26.02033621574817,26.075038606305444,77161137
2024-11-06,26.348554611206055,26.66765510555987,26.09327560688924,26.467078496602685,64577212
2024-11-07,27.533782958984375,27.533782958984375,26.23003073913976,26.312085196259886,112991685
2024-11-08,27.469961166381836,27.77994428116117,27.059690624320474,27.652304788825326,80348332
2024-11-11,27.36055564880371,27.43349274802949,26.704121755771713,26.995870152674826,60834785
2024-11-12,27.169095993041992,27.789062235982104,27.032339142736426,27.2602678062316,59373185
2024-11-13,27.36055564880371,27.579366946481045,26.895580989130274,27.077924606673527,52544727
2024-11-14,26.995872497558594,27.48819752535695,26.968520430864,27.269386208673485,44035478
2024-11-15,26.70412254333496,27.30585406443341,26.64941841308407,26.959401528675112,48275045
2024-11-18,26.421489715576172,26.94116677950195,26.312084933148466,26.704122504589357,40026169
2024-11-19,26.321203231811523,26.64030197446365,25.892696224893996,26.321203231811523,41558775
2024-11-20,26.476194381713867,26.622068587208897,26.102389773805434,26.34855314768744,28653124
2024-11-21,26.594715118408203,26.695004281503827,26.348551757514002,26.357669112246114,23962533
2024-11-22,25.8926944732666,26.622067201741395,25.856226793269546,26.594715137525398,29249907
2024-11-25,25.728588104248047,26.147977768815288,25.68300306501494,25.892697027819672,41098629
2024-11-26,26.047687530517578,26.348553298442216,25.683002014693425,25.78329118365421,34108379
2024-11-27,26.321203231811523,26.421490662806022,25.892696224893996,25.98386803949077,30222719
2024-11-28,25.99298667907715,26.412374612402125,25.883580148364043,26.33032014910675,28601441
2024-11-29,26.056804656982422,26.43972487997485,25.91093045193366,26.029452591426644,33632214
2024-12-02,26.275615692138672,26.603833519574383,25.96563257488443,26.002101995247365,43989746
2024-12-03,26.676773071289062,26.74971017975567,26.029454712059835,26.275618105243815,45511276
2024-12-04,26.540014266967773,26.66765376269884,26.27561618128747,26.576481949051917,31142850
2024-12-05,26.29384994506836,26.521778601499978,26.220912844568545,26.302967300000542,26888700
2024-12-06,26.65853500366211,26.767941522068867,26.239147117511045,26.293849507235617,40929846
2024-12-09,26.275615692138672,26.676770621342577,26.05680438683409,26.640301200979643,52747886
2024-12-10,26.913818359375,27.442612815777885,26.8044118302416,26.895583648026467,80771890
2024-12-11,27.14174461364746,27.351438558580078,26.777059113991253,26.82264414933917,47434251
2024-12-12,27.561132431030273,27.588484495541667,26.9594009234406,27.114392477756585,68199214
2024-12-13,26.667654037475586,27.351440038436497,26.60383428895247,27.351440038436497,83244704
2024-12-16,26.622068405151367,26.886464748693875,26.339435612349565,26.731473189045616,43134419
2024-12-17,26.995872497558594,27.214683814242058,26.375906230809896,26.521780441932204,47201209
2024-12-18,26.995872497558594,27.232918525371787,26.895583325302844,27.11439464198631,28036626
2024-12-19,26.77705955505371,27.105275640671746,26.66765303387593,26.9138164023077,27558103
2024-12-20,26.622068405151367,26.950284495791802,26.55824691909575,26.877347393543072,29670829
2024-12-23,26.986753463745117,27.169095346829668,26.485309372607873,26.530896147597254,43942782
2024-12-24,27.44261360168457,27.47908128646821,26.904701774202596,26.904701774202596,48018816
2024-12-25,27.287620544433594,27.50643185810708,27.187331373557427,27.442612108988698,32048433
2024-12-26,27.324087142944336,27.38790862848786,27.15997996841972,27.287619461591422,27272709
2024-12-27,27.488195419311523,27.54289780955185,27.123509919446626,27.314969154766583,38679079
2024-12-30,27.424375534057617,27.624952123218893,27.260266625217653,27.351438434457368,33846235
2024-12-31,27.515546798706055,27.944052033006777,27.314968474557027,27.33320318383559,67772117
2025-01-02,26.950284957885742,27.789062517606784,26.7679430686163,27.442611710724442,54547978
2025-01-03,26.713239669799805,27.105277263975527,26.622069592142182,26.895583303030573,40909746
2025-01-06,26.476194381713867,26.786175764172537,26.25738133451362,26.66765362431696,37934901
2025-01-07,26.3303165435791,26.594714608871843,26.211794412247663,26.302966218864388,31890433
2025-01-08,26.57648277282715,26.849998222245908,26.038570968490458,26.394140878839067,39956094
2025-01-09,26.403255462646484,26.84999717199347,26.257381257578867,26.439724883392238,28997638
2025-01-10,26.011219024658203,26.52177873064297,26.011219024658203,26.403254854905118,31166635
2025-01-13,25.938282012939453,26.29385016345961,25.7650557457045,25.929164657931544,30201533
2025-01-14,26.120622634887695,26.394138055044223,25.719467728699335,25.883576633001734,37523132
2025-01-15,25.947399139404297,26.28473433850279,25.874462034052968,26.166212194416044,26884092
2025-01-16,25.828874588012695,26.14797504629309,25.7377027800815,26.04768588367301,30914604
2025-01-17,25.8926944732666,26.05680338064737,25.582711367982395,25.692117885888777,24748651
2025-01-20,25.345664978027344,26.2391466003595,25.345664978027344,26.09327240466396,49779648
2025-01-21,25.13597297668457,25.427721390565,24.716585066470884,25.37301899770185,53372120
2025-01-22,24.980979919433594,25.163323536675215,24.75305126736037,25.063034373296563,37674662
2025-01-23,25.126855850219727,25.43683897753023,24.889809827043592,25.117738494833212,32169839
2025-01-24,25.154207229614258,25.409487956593694,24.98098095991544,25.053918062058464,35463995
2025-01-27,25.373018264770508,25.57359485877997,25.154206960680824,25.154206960680824,47803280
2025-02-05,24.479537963867188,25.391252586439837,24.479537963867188,25.272728711689115,58641824
2025-02-06,24.661880493164062,24.807754697492904,24.443069186670805,24.470421252091594,35193262
2025-02-07,24.89892578125,25.099504110550324,24.479537890817745,24.680114481160437,42135207
2025-02-10,24.734817504882812,24.935395839319792,24.479538517719643,24.90804377399902,56316353
2025-02-11,24.570711135864258,24.807755420589732,24.50688964802215,24.75305302711137,35131073
2025-02-12,24.743934631347656,24.79863876148372,24.45218622645264,24.516005972653716,32897065
2025-02-13,25.072153091430664,25.327433821659096,24.689232865566872,24.743935258130925,64481638
2025-02-14,25.181560516357422,25.345667699920327,24.98098217151759,25.026568949416536,35488428
2025-02-17,25.008333206176758,25.208909803781136,24.825989580021723,25.181559477128268,47193549
2025-02-18,24.85334014892578,25.236260349625148,24.80775337565348,24.97186228151858,46017795
2025-02-19,25.61918067932129,25.69211777796663,24.86245762876679,24.889807953910292,69761041
2025-02-20,25.373018264770508,25.692118735343755,25.254496127164387,25.528009822537076,36377883
2025-02-21,25.245378494262695,25.591829287185423,25.12685461900343,25.418603021245236,42832293
2025-02-24,25.09038734436035,25.34566633097551,25.01745024261921,25.245378902929986,52110106
2025-02-25,24.94451332092285,25.05391810484539,24.798639116387672,24.99921571288412,40274076
2025-02-26,25.008333206176758,25.090387664050752,24.8168722248182,24.8989266826922,35594530
2025-02-27,25.71035385131836,25.79240830901711,24.990098442397713,25.063035544912413,78444185
2025-02-28,25.78329086303711,26.302967933994015,25.628299303369463,25.673884340171487,72575819
2025-03-03,25.436838150024414,25.9656325725354,25.345666338083003,25.80152365883239,51323384
2025-03-04,25.318317413330078,25.42772220255001,25.12685642375854,25.345667741156173,31694873
2025-03-05,25.336551666259766,25.464191164360344,25.090388286530594,25.30919959997061,36617216
2025-03-06,25.518892288208008,25.600946744034854,25.172441493906163,25.36390073153037,43977637
2025-03-07,25.300079345703125,25.50977327968707,24.926276510703033,25.418601474793928,68093556
2025-03-10,24.953630447387695,25.345666281634603,24.88069334578854,25.208909433505898,49588074
2025-03-11,25.199792861938477,25.199792861938477,24.753052883384083,24.798639660149465,42861912
2025-03-12,24.980979919433594,25.345665414959225,24.980979919433594,25.199791216748974,32964670
2025-03-13,24.971864700317383,25.345667582569195,24.944514372662415,25.072153872272956,38642151
2025-03-14,27.123510360717773,27.342321664196543,25.436837940074884,25.436837940074884,192089353
2025-03-17,26.540014266967773,27.433494215000653,26.36678799493439,27.351439756614194,115261491
2025-03-18,26.266498565673828,26.685888208709603,26.184444108100692,26.576481685626188,53793445
2025-03-19,26.11150550842285,26.39413828561602,26.075037828791288,26.266497059511572,40370440
2025-03-20,25.828874588012695,26.302966598088847,25.819757233323816,26.17532537140213,46345905
2025-03-21,25.22714614868164,26.01122135740857,25.22714614868164,25.84711243102779,69440200
2025-03-24,25.537128448486328,25.892696617957956,25.327434489000893,25.436839277011664,49992769
2025-03-25,25.874460220336914,25.883577575236455,25.354783163766662,25.546244138741706,34180833
2025-03-26,25.78329086303711,25.87446093664116,25.68300169532343,25.737704087277397,24532391
2025-03-27,25.901813507080078,26.038570359110057,25.719469878401625,25.77417401037979,30412226
2025-03-28,25.728588104248047,26.01122091215819,25.701237776291293,25.892697027819672,22355741
2025-03-31,25.600948333740234,26.029453610477205,25.500659161733765,25.628300400366843,36456217
2025-04-01,25.591829299926758,25.746820856064584,25.464189808621832,25.61006400981536,28507054
2025-04-02,25.38213539123535,25.7924076695574,25.345665971403324,25.619181403270574,26593399
2025-04-03,25.792407989501953,25.847110380970904,25.25449621301053,25.25449621301053,43331553
2025-04-07,25.154207229614258,26.056804520743345,24.29719497521543,25.08127012747123,111579948
2025-04-08,26.193561553955078,26.193561553955078,24.74393511708786,25.145090051172282,113204246
2025-04-09,26.92293357849121,26.968518614287202,25.755938229162798,25.974749531107317,116667172
2025-04-10,27.059690475463867,27.27850177781777,26.512661350100288,27.27850177781777,80859970
2025-04-11,26.667654037475586,27.205565830681454,26.403255949070992,27.19644847532705,54351214
2025-04-14,26.722354888916016,26.813526698242253,26.36678674539708,26.540013009221166,35563990
2025-04-15,26.786176681518555,27.169096918796306,26.549132393689348,26.740591642849346,41499074
2025-04-16,27.077926635742188,27.11439431860895,26.58559987485776,26.877348293622866,48361222
2025-04-17,27.059690475463867,27.123510221280714,26.640300841733985,26.895581563959027,30587913
2025-04-18,26.995872497558594,27.105277286421444,26.667654653054516,27.105277286421444,27078063
2025-04-21,26.51266098022461,26.886463833900674,26.476193299819876,26.7952920244524,31845528
2025-04-22,26.375904083251953,26.658535126919546,26.366786728429435,26.457958537697,31186928
2025-04-23,26.439725875854492,26.59471744192643,26.348554059525508,26.50354562559745,23919468
2025-04-24,26.567363739013672,26.695004969595722,26.37590450157708,26.45795895732352,21921153
2025-04-25,26.41237449645996,26.722357636668917,26.348554745056553,26.50354631516103,22729301
2025-04-28,26.07503890991211,26.403254996035006,25.947397678515415,26.330317894790177,30573604
2025-04-29,26.24826431274414,26.302966702136207,25.947396823693758,26.056803341435497,23217115
2025-04-30,27.13262939453125,27.515549634051244,26.76794386616882,26.94116840529237,105481140
2025-05-06,27.077926635742188,27.28762059435989,26.84999796621223,27.278503238903763,46352076
2025-05-07,26.96851921081543,27.743477009192418,26.868230043096734,27.716124943735224,40363670
2025-05-08,26.932050704956055,27.169094975833346,26.86822922084241,26.913815995209298,22767462
2025-05-09,26.913818359375,27.132629678684008,26.895583648026467,26.93205307072353,22965330
2025-05-12,27.205564498901367,27.25114953448417,26.713237767610423,26.93205080748927,33422174
2025-05-13,27.123510360717773,27.32408695416723,27.068807969587496,27.20556481689202,30508173
2025-05-14,27.30585479736328,27.415259582886314,26.913817214830697,27.059691421499885,34926769
2025-05-15,27.415260314941406,27.5520171699758,27.068809499590422,27.242034037787036,37762245
2025-05-16,27.342321395874023,27.451727916018584,26.977635893654895,27.351438750799208,35464604
2025-05-19,27.296735763549805,27.524664414824368,27.159978920576588,27.260266344646222,22449369
2025-05-20,27.898469924926758,28.135515953538135,27.24203423370825,27.324088695110564,50070534
2025-05-21,27.71612548828125,28.20845224243751,27.624953673923677,27.85288234033875,27972857
2025-05-22,27.86199951171875,27.989640746559722,27.59760316468089,27.670540267893855,26471414
2025-05-23,27.898469924926758,28.345209915362815,27.889352569331194,28.199335703749316,38719633
2025-05-26,28.062576293945312,28.336089981090538,27.816412932140043,27.916702095606844,33362338
2025-05-27,27.925817489624023,28.244917948064185,27.925817489624023,28.080809041497382,27533604
2025-05-28,28.244918823242188,28.326973279068074,27.861998609040608,27.94405306486649,28608032
2025-05-29,27.725242614746094,28.372560926279423,27.679657577422464,28.244919691649386,34504589
2025-05-30,27.624954223632812,27.94405471075524,27.570251829512834,27.72524339531757,27335704
2025-06-03,27.871116638183594,27.95317109599427,27.333204854294785,27.360556919884242,34246181
2025-06-04,27.889352798461914,28.00787494426246,27.770828913703586,27.85288337578003,21648998
2025-06-05,27.533782958984375,28.08992770962808,27.488196183385593,27.93493615050758,34289601
2025-06-06,27.229751586914062,27.64779434002944,27.172746333541525,27.628791984850483,42928303
2025-06-09,27.362764358520508,27.49577903216982,27.20124796436117,27.324761460452365,34077905
2025-06-10,27.125240325927734,27.780807079394954,27.087237427901808,27.467275468982688,34526646
2025-06-11,27.02073097229004,27.258254974266865,27.02073097229004,27.125240300888105,27677415
2025-06-12,26.802207946777344,27.05873430798131,26.69769861648874,27.030232587068213,33492464
2025-06-13,26.60268783569336,26.859214189028407,26.41266791200126,26.792707759385458,47937237
2025-06-16,26.65969467163086,26.859215784576367,26.403170115221496,26.6026894160026,34782272
2025-06-17,26.6691951751709,26.792708673433786,26.46967587943535,26.6691951751709,27361319
2025-06-18,26.526681900024414,27.1157422508536,26.526681900024414,26.745203557523787,40015094
2025-06-19,26.327159881591797,26.640693308312954,26.29865816073667,26.507678633053096,25884915
2025-06-20,26.526681900024414,26.72620120152443,26.32716078635999,26.32716078635999,33637593
2025-06-23,26.19414520263672,26.498175618444037,26.032628817718553,26.403167472627416,34770843
2025-06-24,26.289155960083008,26.507677601569334,26.222649531123196,26.24165188573008,37245130
2025-06-25,26.384166717529297,26.40316907270989,26.146642714264896,26.374665539939002,37286629
2025-06-26,26.60268783569336,26.73570069497925,26.365163837160384,26.403168546764523,44549677
2025-06-27,26.526681900024414,26.83071234735648,26.403170210357416,26.55518543402345,34276060
2025-06-30,26.488676071166992,26.640693100587846,26.412668462538733,26.593187212592476,29484874
2025-07-01,26.289155960083008,26.469674704519846,26.222649531123196,26.469674704519846,33512938
2025-07-02,26.422168731689453,26.52667986952163,26.184644736372164,26.355662302946897,46744965
2025-07-03,26.36516571044922,26.44117332289367,26.260654563776445,26.422170966741447,25928828
2025-07-04,26.384166717529297,26.507678401874482,26.270154398610078,26.35566318475841,28741705
2025-07-07,26.00412940979004,26.384167463322637,25.833111832659274,26.365165107604913,53465915
2025-07-08,26.118139266967773,26.222650408638717,25.90911879579022,25.985126404597,31288934
2025-07-09,26.30815887451172,26.593186951023085,26.08013605086976,26.118138948727932,48263305
2025-07-10,26.27965545654297,26.564683534296723,26.2606531014489,26.308158989184076,37340991
2025-07-11,26.30815887451172,26.55518405316492,26.279655341994857,26.289156519500477,46755574
2025-07-14,26.118139266967773,26.346162093388106,26.070635191025165,26.317660372688273,44965932
2025-07-15,26.013628005981445,26.232151465942433,25.899617499376376,26.118139147173032,36497030
2025-07-16,26.146642684936523,26.29865790188208,26.01362801098591,26.02312918856555,33758739
2025-07-17,26.69769859313965,26.754703847080336,26.137141794923902,26.16564532797642,59787288
2025-07-18,26.6691951751709,26.821210394444947,26.488676422721337,26.716701063796762,33565927
2025-07-21,26.783206939697266,26.802207482588805,26.583685835939356,26.678695799054346,31942451
2025-07-22,26.9542236328125,27.001727706740347,26.71669963884475,26.811707786700442,38678267
2025-07-23,26.878215789794922,27.115739781664452,26.840211081256957,27.00172746821481,35690539
2025-07-24,26.830711364746094,26.925721329098955,26.72620022274151,26.878217253004696,36005076
2025-07-25,26.441171646118164,26.792707963983712,26.422169291170988,26.792707963983712,44333359
2025-07-28,26.346160888671875,26.55518316245592,26.289155637714522,26.450672025563897,41314484
2025-07-29,26.146642684936523,26.97322520055745,26.042131543724828,26.79270826303731,118898473
2025-07-30,26.488676071166992,26.640693100587846,26.013628064199285,26.023129241798358,78153490
2025-07-31,26.042131423950195,26.431670642102134,26.013627891342374,26.431670642102134,52861670
2025-08-01,26.137142181396484,26.17514508053075,26.023129859664937,26.032631037489598,34735358
2025-08-04,26.108638763427734,26.11813994129443,25.94712236402271,26.023129974791875,30235299
2025-08-05,26.17514419555664,26.17514419555664,25.99462725948445,26.127640120203814,33178223
2025-08-06,26.19414520263672,26.308157514646574,26.108636421670383,26.175142848607706,30132008
2025-08-07,26.19414520263672,26.24165108770925,26.08963406764137,26.21314755666573,30377295
2025-08-08,25.937620162963867,26.17514416376817,25.861612555193066,26.17514416376817,41578737
2025-08-11,26.19414520263672,26.222648733680238,25.899615963843907,25.947120036752217,39224087
2025-08-12,26.099138259887695,26.336662276198822,26.089637081775518,26.194148228845034,31221146
2025-08-13,26.108638763427734,26.29865869643284,26.05163350839196,26.14664347489451,43568321
2025-08-14,25.842613220214844,26.19414774302334,25.842613220214844,26.127641309636026,56098915
2025-08-15,25.804607391357422,25.975624962472327,25.64309099776716,25.842612101455988,59325356
2025-08-18,25.842613220214844,26.17514538715142,25.833112042278884,25.833112042278884,76602583
2025-08-19,25.85211181640625,26.213149318567535,25.84261245091747,25.98512649138562,77228283
2025-08-20,26.089635848999023,26.13714173731518,25.690597260129383,25.852111843911278,64881717
2025-08-21,26.260652542114258,26.412667755300344,26.032629722335127,26.10863732892817,69910644
2025-08-22,26.30815887451172,26.317660052017338,26.12764012623355,26.2986576970061,51127044
2025-08-25,26.764205932617188,26.773707110623644,26.35566433916161,26.374666695174525,88816468
2025-08-26,26.91621971130371,27.125240179730554,26.621690457573997,26.68819688788416,71289938
2025-08-27,26.422168731689453,26.944722608686057,26.422168731689453,26.916219076868845,70393022
2025-08-28,26.30815887451172,26.60268812852871,26.0516325183529,26.403168837403612,56342376
2025-08-29,27.144241333007812,28.02783086724346,27.144241333007812,27.172744864234982,211294473
2025-09-01,26.859214782714844,27.476776830118094,26.81170889465962,27.125240507166765,105400322
2025-09-02,26.849712371826172,27.24875275233942,26.792707120942637,26.9352211542336,67805916
2025-09-03,26.517179489135742,27.125240355528707,26.3651642725375,27.020731026720117,73305098
2025-09-04,26.754703521728516,26.86871584038779,26.41266837791503,26.51717951900567,94631508
2025-09-05,26.773706436157227,26.830711690595514,26.431671285198767,26.764205258390117,55154998
2025-09-08,26.802207946777344,27.068235485673792,26.60268865172827,26.726200337401835,82635577
2025-09-09,27.134740829467773,27.163244361402455,26.716699900744807,26.821209226843408,73260205
2025-09-10,27.011228561401367,27.15374259364732,26.75470221606011,27.0682338118669,62249023
2025-09-11,27.286758422851562,27.31526195727313,26.95422624875544,26.963725614731526,60793323
2025-09-12,26.840211868286133,27.48627743506196,26.745201906319515,27.30575868854182,78484849
2025-09-15,26.821208953857422,27.096737656595497,26.6976972743928,26.79270723437711,59125323
2025-09-16,26.678695678710938,26.897217324374672,26.45067285556213,26.84021207162855,70825378
2025-09-17,26.678695678710938,26.96372375460587,26.564683361054378,26.73570093145706,48324344
2025-09-18,26.374666213989258,26.72620073299262,26.279656247822487,26.678696655991423,62323497
2025-09-19,26.317659378051758,26.479175767182433,26.20364706306835,26.346161097674408,43394193
2025-09-22,26.17514419555664,26.40316883131029,26.07063486734756,26.31766004594375,38868460
2025-09-23,26.013628005981445,26.241652643520244,25.85211161148732,26.17514440047557,44980481
2025-09-24,26.042131423950195,26.127640209609336,25.899617385239736,25.937620283219175,34535229
2025-09-25,25.624088287353516,26.06113338660431,25.576584212553435,26.051632209211437,76402476
2025-09-26,25.89961814880371,25.94712222571959,25.462573030087253,25.576585351715487,63875432
2025-09-29,25.833112716674805,25.985127943289843,25.55758398583227,25.89961915179833,57659118
2025-09-30,25.91861915588379,26.061133191380762,25.643090450047268,25.83311037215275,50527646
2025-10-09,26.25115203857422,26.25115203857422,25.538580028912804,25.80460756489889,71150833
2025-10-10,26.36516571044922,26.688198516379227,26.089636982735332,26.1656464073442,58845324
2025-10-13,26.17514419555664,26.31766004594375,26.023128979830418,26.1561436527141,51452862
2025-10-14,26.30815887451172,26.412668202744918,25.994627265483487,26.213148911619825,58477597
2025-10-15,26.27015495300293,26.40316962990982,26.156144443842017,26.308159664166144,41081615
2025-10-16,26.422168731689453,26.55518340133884,26.232150622734185,26.27965469693193,36850228
2025-10-17,25.985126495361328,26.56468383497573,25.947121784743022,26.422169794485775,42952000
2025-10-20,26.099138259887695,26.25115348535366,26.004130103094788,26.032631825266886,33488642
2025-10-21,26.042131423950195,26.175144285124713,26.004128525970756,26.099136677001514,32125761
2025-10-22,25.89011573791504,26.089635026056442,25.89011573791504,26.01362741931244,27516814
2025-10-23,26.00412940979004,26.051633486919968,25.776104765506094,25.890117087648065,29371709
2025-10-24,25.91861915588379,26.127639620468393,25.852110914631872,26.00412793961483,32961597
2025-10-27,26.042131423950195,26.127640209609336,25.918619740311616,25.937620283219175,37847732
2025-10-28,25.90911865234375,26.10863794479527,25.871113942068607,26.05163269154688,30525923
2025-10-29,25.823610305786133,25.975625525144636,25.75710387383733,25.975625525144636,36318904
2025-10-30,25.994626998901367,26.17514393316397,25.76660417759785,25.795105897658104,62116600
2025-10-31,26.042131423950195,26.232151350340356,25.937620283219175,26.099136677001514,55229849
2025-11-03,26.080135345458984,26.16564412853243,25.871113070317552,26.042130636464446,42836655
2025-11-04,25.719099044799805,26.051633015181,25.70009668942617,26.051633015181,60648580
2025-11-05,25.89011573791504,25.956622167295507,25.59558648830256,25.662092917683026,44964646
2025-11-06,25.86161231994629,26.01362753410511,25.776103535461417,25.84261177729966,31469231
2025-11-07,25.928119659423828,25.956621378483995,25.814107346690466,25.861611419900232,26067746
2025-11-10,26.859214782714844,26.93522239143887,25.92812112280445,25.937620488251156,117600270
2025-11-11,26.935222625732422,27.030232590504973,26.678696264495837,26.86871619404094,71820831
2025-11-12,27.058734893798828,27.315261260556554,26.897218493858528,26.897218493858528,70355130
2025-11-13,27.153745651245117,27.172748007594766,26.802209307434374,27.03023395930128,51024126
2025-11-14,26.935222625732422,27.391268282043445,26.935222625732422,27.144243098500553,40920148
2025-11-17,27.144241333007812,27.19174721838643,26.71669923758569,26.92571969675889,37467511
2025-11-18,28.04683494567871,28.103840199473424,27.33426293066958,27.33426293066958,130332563
2025-11-19,28.103839874267578,28.293859800936918,27.923321125148135,28.113341051817475,63042735
2025-11-20,27.93282127380371,28.284357581543997,27.89481837716826,28.084836484674035,47237188
2025-11-21,27.647794723510742,28.075336847981372,27.552784758462483,27.752304054115903,59902127
2025-11-24,27.467275619506836,27.923321271303077,27.438772086707946,27.88531837306889,44778082
2025-11-25,27.70479965209961,27.799809616031354,27.315260430927356,27.476776825962023,40763905
2025-11-26,27.72380256652832,27.88531896482089,27.438772668983823,27.647794956282663,28714877
2025-11-27,27.60028839111328,27.752303607880467,27.476776707051563,27.742804242476304,22302578
2025-11-28,27.913820266723633,27.989827875827462,27.524281043545958,27.600288652649787,35720114
2025-12-01,27.961326599121094,28.084838286314902,27.628792624448625,27.932823065692812,37912006
2025-12-02,27.885318756103516,28.027832797726884,27.75230408004593,27.999329264536467,24441802
2025-12-03,27.809309005737305,27.96132421338907,27.65729379808554,27.837810724569373,26371544
2025-12-04,27.54328155517578,27.81881025233659,27.495777482227336,27.723800294275478,27094245
2025-12-05,27.476776123046875,27.704798943351147,27.362763806812595,27.543282552448417,26363035
2025-12-08,27.400768280029297,27.69529752719568,27.29625714206266,27.505279417995936,33170657
2025-12-09,27.32476234436035,27.600289253801254,27.210750022139173,27.52428164304193,31850797
2025-12-10,27.134740829467773,27.410269535010176,27.039730868516454,27.267755499665334,26007581
2025-12-11,26.973224639892578,27.191748095353383,26.94472291991043,27.12523985367835,26628298
2025-12-12,27.26775550842285,27.32476076014624,26.916219196439343,27.115740295717625,48863129
2025-12-15,27.391267776489258,27.57178652500888,27.220250205487964,27.267756093079612,33126750
2025-12-16,27.505279541015625,27.68579647373812,27.334261973455973,27.45777365438001,44664043
2025-12-17,27.87240219116211,28.104269437537916,27.418327221298718,27.611550847970427,45788558
2025-12-18,27.98833465576172,28.104269199325493,27.708162426451267,27.872401954915,27882552
2025-12-19,28.191219329833984,28.249185679606594,27.7951125614066,27.824094814934387,35762905
2025-12-22,28.11393165588379,28.326476177495827,27.94969212104631,28.065624826392103,40187251
2025-12-23,27.949691772460938,28.500376722778185,27.83375722584394,28.316814458433402,42733840
2025-12-24,27.901384353637695,28.00765753222986,27.7274853014647,27.833756637339796,29621304
2025-12-25,28.210542678833008,28.307152649665326,27.85307952151537,27.92070723818482,33184155
2025-12-26,28.11393165588379,28.355460275190836,27.94969212104631,28.26850982482293,29127982
2025-12-29,27.891725540161133,28.12359279167269,27.698501909209615,28.104270060034114,37912627
2025-12-30,27.717824935913086,27.92070809212653,27.640535851253134,27.7854526546509,39049803
