Date,Close,High,Low,Open,Volume
2006-10-27,1.27852201461792,1.3408886792054573,1.2707260160444172,1.3252971549157677,2628043909
2006-10-30,1.2824195623397827,1.2941136072487425,1.2668280383661172,1.2746240367816033,358121850
2006-10-31,1.2863177061080933,1.29801165732992,1.2785220853889265,1.2785220853889265,234181010
2006-11-01,1.2863177061080933,1.2902156583248794,1.2785220853889265,1.2863177061080933,135233965
2006-11-02,1.27852201461792,1.2863176349055698,1.2668280640433973,1.2863176349055698,178241665
2006-11-03,1.309705138206482,1.3136030901492803,1.2746240435786051,1.2746240435786051,407064414
2006-11-06,1.3175015449523926,1.3175015449523926,1.2941140151908168,1.2980119683415765,213693891
2006-11-07,1.3252971172332764,1.3369906891894598,1.31360307241979,1.317501118881439,302021935
2006-11-08,1.309705138206482,1.3252971351205993,1.3058075645495308,1.3252971351205993,154497814
2006-11-09,1.3252971172332764,1.3252971172332764,1.3058075469252555,1.3097051205296018,181083651
2006-11-10,1.3486847877502441,1.372072312520447,1.3252972629800412,1.3252972629800412,773075959
2006-11-13,1.372072458267212,1.3993580328261208,1.3408889309753902,1.3447869782797839,471539820
2006-11-14,1.4032561779022217,1.411052178482714,1.3759706014421935,1.3954601773217297,439522035
2006-11-15,1.4227458238601685,1.4227458238601685,1.4032562470206584,1.4071542002171573,350677614
2006-11-16,1.4812147617340088,1.5318878637263937,1.4305415651701427,1.4422352342672176,699830075
2006-11-17,1.4812147617340088,1.500704336324442,1.4578271398254155,1.4773167144158483,320389208
2006-11-20,1.5279895067214966,1.5279895067214966,1.4812144615274494,1.4812144615274494,323653445
2006-11-21,1.5318877696990967,1.5435813435069383,1.504602196718613,1.5240917701127756,237166633
2006-11-22,1.5201939344406128,1.5396839834025493,1.4851128298526097,1.5240919820615957,288451587
2006-11-23,1.5474791526794434,1.56307115040788,1.527989581090498,1.527989581090498,308281415
2006-11-24,1.5279895067214966,1.5357855052062748,1.5046019841244729,1.5279895067214966,192561522
2006-11-27,1.4851126670837402,1.5201937678268425,1.465622714829398,1.5162958152045654,305761876
2006-11-28,1.4617252349853516,1.4851127630879295,1.4461332343453512,1.4734188098936716,246708049
2006-11-29,1.4773167371749878,1.4812147845532007,1.422745681595217,1.430541587208677,248615910
2006-11-30,1.4851126670837402,1.4929082886138594,1.4695206674516752,1.4812147144614631,235913920
2006-12-01,1.4656226634979248,1.4929082363267454,1.4578270422408368,1.4929082363267454,279034906
2006-12-04,1.5240917205810547,1.5474792457225648,1.4500310036328368,1.4656226240128618,417930355
2006-12-05,1.51239812374115,1.5513772686592835,1.5046021245288752,1.5240916969879421,270916476
2006-12-06,1.496806263923645,1.5240918381216815,1.4656227370442494,1.5123982637920423,268127325
2006-12-07,1.500704050064087,1.5396835700955074,1.4851124311944455,1.4968060034894817,342809716
2006-12-08,1.5084999799728394,1.5474791223877178,1.4851124566953262,1.4929080771210792,393685435
2006-12-11,1.5903568267822266,1.5942548737596876,1.5007042051589266,1.5046021575649144,466656561
2006-12-12,1.6800092458724976,1.6878051515000358,1.5903569931561892,1.5981525204977953,552661331
2006-12-13,1.672213077545166,1.7111920233127125,1.6410294669881844,1.6878045045378698,304327501
2006-12-14,1.6644173860549927,1.676110959111822,1.6371318148269074,1.6722134797120902,188099515
2006-12-15,1.68390691280365,1.6917028166698178,1.6605192012051462,1.672213340718783,176361165
2006-12-18,1.7774574756622314,1.7813551440887025,1.672213429858982,1.6839070025671947,285610653
2006-12-19,1.8437224626541138,1.8788041316966086,1.7813554082930503,1.7852534555835324,340110428
2006-12-20,1.8281307220458984,1.8515184368391093,1.7969472914645663,1.8281307220458984,210833297
2006-12-21,1.812538743019104,1.8632118366273056,1.8047426496726957,1.8281305514260575,198562235
2006-12-22,1.8476206064224243,1.8632122289696222,1.7930494546498035,1.8047430297029736,197014730
2006-12-25,2.0308234691619873,2.0308234691619873,1.8710080671203813,1.8710080671203813,449152184
2006-12-26,2.147761106491089,2.217924061223309,2.015231291044615,2.0308232899376,589815673
2006-12-27,2.2140257358551025,2.221821639083979,2.0542103816633173,2.132169035666264,409754435
2006-12-28,2.280290365219116,2.3543511658790077,2.1828422319900267,2.210127800082772,525306010
2006-12-29,2.416718006134033,2.479085040788211,2.2685966061875757,2.2997802180861155,686172721
2007-01-04,2.3582494258880615,2.646696585030982,2.2919848958148625,2.455698143189413,984888205
2007-01-05,2.124372959136963,2.2880863607355306,2.124372959136963,2.2880863607355306,822999761
2007-01-08,2.1594555377960205,2.16335339652742,2.0581093193497377,2.0892927566299027,656349698
2007-01-09,2.253005027770996,2.2569030745506775,2.1126796939900063,2.159454931345627,655811692
2007-01-10,2.217923879623413,2.33486168660223,2.1828424051297155,2.33486168660223,796196155
2007-01-11,2.147761106491089,2.206230109339307,2.1165778652769096,2.206230109339307,564624258
2007-01-12,2.0775985717773438,2.1555572509048826,2.058109091138428,2.1204757696403025,431543907
2007-01-15,2.1711485385894775,2.1750465854308008,2.0620066316053327,2.073700204700484,407775767
2007-01-16,2.1516590118408203,2.2101282051223086,2.093190007702284,2.1867406791240747,436744871
2007-01-17,2.120476007461548,2.2023325540688683,2.1087824312524903,2.1555574926606793,434928508
2007-01-18,2.046414852142334,2.12827157484524,1.9918438928166897,2.1048840478689583,486303541
2007-01-19,2.0698022842407227,2.0775981885440395,2.026925094286881,2.046414571330772,314501179
2007-01-22,2.136068105697632,2.1438636343771917,2.081496946081733,2.081496946081733,385835710
2007-01-23,2.1945366859436035,2.202332213066282,2.0892924357849063,2.1594552061763843,510053329
2007-01-24,2.1555566787719727,2.210127815334038,2.1477607750998318,2.202331722518979,360417134
2007-01-25,2.0581085681915283,2.124373088155373,2.0464144288364294,2.124373088155373,340858049
2007-01-26,2.0503129959106445,2.0931901937664206,1.909987260018801,2.0074359871978373,426031347
2007-01-29,2.0737006664276123,2.0970883852542093,1.9918441233919768,2.019129700784849,681936324
2007-01-30,2.015231132507324,2.100985701100362,2.0074356065314714,2.0853942708627904,430954061
2007-01-31,1.9528645277023315,2.0581087657119705,1.945068434050727,2.01523119634284,516762815
2007-02-01,1.9489662647247314,1.976251832907462,1.9177826501485147,1.9411703610806772,253749743
2007-02-02,1.8788039684295654,1.9723540689843047,1.8710078745260772,1.9606601172720173,366754727
2007-02-05,1.8281307220458984,1.8904975832085624,1.824232864151838,1.8710079154523613,244656444
2007-02-06,1.9060890674591064,1.909986735544391,1.7774573200705523,1.8359261242081526,502535342
2007-02-07,1.9060890674591064,1.9333746354852646,1.8865992138893508,1.9138847819155087,477361055
2007-02-08,1.8865995407104492,1.9138851134633659,1.8671098729073585,1.909987066416978,235971735
2007-02-09,1.867110013961792,1.8865996832372673,1.8476205338292804,1.882701635896394,195814421
2007-02-12,1.9216809272766113,1.9216809272766113,1.863211926640258,1.867109784358839,214310519
2007-02-13,1.9138851165771484,1.9411706893744574,1.902191542847809,1.925579068592388,243693642
2007-02-14,1.9645581245422363,1.9801501228913294,1.8943953614004336,1.9099869814636448,304364830
2007-02-15,2.015231132507324,2.023027036769043,1.9762519894845973,1.9762519894845973,343272923
2007-02-16,2.003537654876709,2.0386191311472364,1.9918437033579055,2.0308232265156816,290238977
2007-02-26,1.9879460334777832,1.999639987214305,1.945068833587129,1.9879460334777832,379058888
2007-02-27,1.8281307220458984,1.9879457328466192,1.8086408651467483,1.9879457328466192,432400625
2007-02-28,1.9099864959716797,1.9216804444753255,1.816436231942764,1.82813018044641,300484021
2007-03-01,1.851518154144287,1.8943951518612245,1.8320281110779806,1.871007629781833,281055763
2007-03-02,1.8710078001022339,1.8865994198601814,1.8359263246467121,1.8515183226905343,182141355
2007-03-05,1.8281307220458984,1.8827014891345433,1.8086408651467483,1.8671098684153518,253207824
2007-03-06,1.902191400527954,1.9333748289019332,1.8125387838812277,1.8242327350215384,337562833
2007-03-07,1.9138851165771484,1.9333749735548975,1.902191542847809,1.9060894007575888,269688950
2007-03-08,1.9177830219268799,1.9255791162251903,1.890497637597566,1.913885163920679,171891502
2007-03-09,1.9684559106826782,1.9840477178236116,1.9177826320461022,1.925578724759485,437349168
2007-03-12,1.9918434619903564,2.0113333157789746,1.9723537973446574,1.9879454155754654,328703770
2007-03-13,1.9645581245422363,1.991843696081532,1.9450684576060167,1.9879456492085235,278210993
2007-03-14,1.9177830219268799,1.9411707373929477,1.9099871167715239,1.9411707373929477,237857187
2007-03-15,1.9294769763946533,1.9567623580798248,1.9138849784519596,1.9138849784519596,175603103
2007-03-16,1.9294769763946533,1.9762520245080535,1.9099869316805522,1.9372725025086597,315403718
2007-03-19,2.0191290378570557,2.0542105100073837,1.8904972885440516,1.9021912386894408,614110758
2007-03-20,2.01133394241333,2.034721471617424,1.9918440825526147,2.0230275178723995,246004550
2007-03-21,2.01133394241333,2.01133394241333,2.01133394241333,2.01133394241333,0
2007-03-22,2.023026704788208,2.046414224592514,2.0035372310465545,2.0347206538332627,372526512
2007-03-23,2.0074353218078613,2.02302674983403,1.9645577598784612,2.02302674983403,257712279
2007-03-26,2.023026704788208,2.030822796913512,1.9879452359388476,2.0035372310465545,286876812
2007-03-27,2.01133394241333,2.0230275178723995,1.9957419410389712,2.019129659386043,251619826
2007-03-28,2.065904140472412,2.073700044409519,1.9918435259272105,2.007435522944349,673841420
2007-03-29,2.1789448261260986,2.268597460376723,2.0659046632884253,2.0737005691984325,1034067807
2007-03-30,2.139965295791626,2.1828424869870027,2.1243732975905827,2.159454962542786,386999728
2007-04-02,2.1789448261260986,2.2062304022396377,2.147761391629042,2.147761391629042,328623661
2007-04-03,2.190638542175293,2.194536589279373,2.155557063953331,2.186740684214165,304199295
2007-04-04,2.1555566787719727,2.202331722518979,2.1438627286923024,2.1945361971326753,322235245
2007-04-05,2.1633527278900146,2.1711484429433563,2.1048837301323675,2.1438628728278677,435338063
2007-04-06,2.124372959136963,2.1516585260700576,2.1126793879208057,2.1282710053519245,317350558
2007-04-09,2.136068105697632,2.1516595413427484,2.0931905228155707,2.124373961534799,440533186
2007-04-10,2.175046920776367,2.175046920776367,2.1126800531289547,2.136067770353961,583852923
2007-04-11,2.1789448261260986,2.1984344963296305,2.1516592500125595,2.175046967742581,459289079
2007-04-12,2.167250394821167,2.1984336278565717,2.159454491990867,2.1828420113388693,397862438
2007-04-13,2.124372959136963,2.1750462359310996,2.124372959136963,2.171148189716138,405217879
2007-04-16,2.1516590118408203,2.1633529639828892,2.104883959844353,2.120475580795525,413446832
2007-04-17,2.136068105697632,2.1750472622394184,2.097088570869848,2.155557589397026,434768122
2007-04-18,2.116577625274658,2.128271197546811,2.089292055877523,2.128271197546811,496024979
2007-04-19,2.0347211360931396,2.1477610941300105,1.9918437540987846,2.1204755217959566,559020481
2007-04-20,2.0737006664276123,2.085394809555383,2.034721513335914,2.034721513335914,356841242
2007-04-23,2.116577625274658,2.124373150979834,2.0503125359223824,2.0737000587525403,569436886
2007-04-24,2.100985527038574,2.1360671878813395,2.0853940980927166,2.1243730487431947,468091117
2007-04-25,2.1555566787719727,2.186740293460535,2.0736999739288744,2.097087684945296,738894834
2007-04-26,2.1555566787719727,2.2062297689265087,2.136067203305999,2.190638150725146,524789197
2007-04-27,2.108781337738037,2.1711479908942235,2.1048832918800375,2.1633522774640075,436936728
2007-04-30,2.112680196762085,2.1399657741414844,2.089292667090018,2.097088384218719,388796381
2007-05-03,2.112680196762085,2.1399657741414844,2.089292667090018,2.097088384218719,0
2007-05-04,2.112680196762085,2.1399657741414844,2.089292667090018,2.097088384218719,0
2007-05-08,2.136068105697632,2.1594556374513036,2.1165784328552393,2.1516595413427484,493303143
2007-05-09,2.253005027770996,2.315372263102406,2.1282713136799223,2.1438629333698382,1235021672
2007-05-10,2.2491071224212646,2.2880866436764773,2.22571959881107,2.268596977620337,729450045
2007-05-11,2.225719928741455,2.2374138814229423,2.18674077999402,2.2296177868733107,491920374
2007-05-14,2.2413113117218018,2.2569029304159756,2.190638219965619,2.2023317921290557,457476501
2007-05-15,2.147761106491089,2.2569032073125066,2.139965390759018,2.2452096337144,532176365
2007-05-16,2.1594555377960205,2.175047161864608,2.1204760047670774,2.1477615833158428,335175774
2007-05-17,2.167250394821167,2.17894396535227,2.143862497187368,2.163352348834568,388373482
2007-05-18,2.139965295791626,2.1633528202358425,2.128271344426578,2.1633528202358425,344913222
2007-05-21,2.124372959136963,2.132169051566886,2.069802014413683,2.0736998714857355,395215279
2007-05-22,2.136068105697632,2.1516595413427484,2.108782525889682,2.124373961534799,409113481
2007-05-23,2.1516590118408203,2.1555570589358273,2.1165779119864214,2.1438631067937584,428273146
2007-05-24,2.167250394821167,2.21402562266007,2.143862497187368,2.159454491990867,585845983
2007-05-25,2.139965295791626,2.1633528202358425,2.128271344426578,2.15555691570679,407497637
2007-05-28,2.1555566787719727,2.1750463433808647,2.136067203305999,2.1477607750998318,455312204
2007-05-29,2.1789448261260986,2.1984344963296305,2.147761391629042,2.163353203449057,524820734
2007-05-30,2.0737006664276123,2.1555573986062293,2.034721513335914,2.089292668121659,700050170
2007-05-31,2.136068105697632,2.1945371242248095,2.015231831446,2.081496946081733,696357072
2007-06-01,2.116577625274658,2.198433955180212,2.10878172128363,2.1399651481048165,565944112
2007-06-04,1.9450680017471313,2.112679249430503,1.9294765744809705,2.1087813926139627,543143158
2007-06-05,1.9801501035690308,2.007435674842074,1.8398242003688432,1.9372725340990409,416177459
2007-06-06,1.9645581245422363,1.9879456492085235,1.9450684576060167,1.9840479806213969,262314107
2007-06-07,1.9762520790100098,1.9762520790100098,1.9489665074294085,1.960660080637313,291741404
2007-06-08,1.956762433052063,1.9762521002270275,1.9450684814327297,1.9762521002270275,262289338
2007-06-11,1.9723546504974365,1.9801507466994628,1.9450690703623474,1.956763025522386,241200100
2007-06-12,1.9723546504974365,1.9723546504974365,1.9723546504974365,1.9723546504974365,0
2007-06-13,2.0581085681915283,2.073699997426644,1.9879454343472218,1.9918434807989214,536080487
2007-06-14,1.9996397495269775,2.050312849504392,1.9957417023638193,2.050312849504392,248278419
2007-06-15,2.0074353218078613,2.0347206991394686,1.9723536630344516,1.9918433263529745,215852191
2007-06-18,2.0425164699554443,2.0659039909309223,2.0191289489799664,2.0269248523527628,343002144
2007-06-19,2.0425164699554443,2.097087604422108,2.015230902722113,2.0269248523527628,274589413
2007-06-20,1.9918434619903564,2.050312455927454,1.9879454155754654,2.034720837696646,243424846
2007-06-21,2.0137410163879395,2.0293814197320836,1.9550881756881482,1.994189753259616,199963956
2007-06-22,1.9707285165786743,2.0332914501084334,1.9550879254989932,2.009830468620406,239927698
2007-06-25,1.9394475221633911,2.009830663177775,1.9316271309980086,1.9785490985162444,212917182
2007-06-26,1.9511774778366089,1.9629081573701888,1.9081658084071336,1.9159858187098622,166038412
2007-06-27,1.994189977645874,2.0059206609479903,1.9316274085445782,1.9550883956746963,255741198
2007-06-28,1.9668184518814087,2.05675266727733,1.9589984400509997,2.002010117883033,306988821
2007-06-29,1.958998441696167,2.002010119564322,1.9198964851409503,1.9355374575000706,229293367
2007-07-02,1.9785494804382324,1.9863700628502623,1.9355377950686012,1.9629088848253726,144238938
2007-07-03,2.033292055130005,2.041112447865369,1.9863700781919575,1.9863700781919575,366270260
2007-07-04,2.0098307132720947,2.0723932749434155,2.0020101321747568,2.037201988164638,226806373
2007-07-05,1.947268009185791,2.0176513502599045,1.943357718161086,1.9981002746104948,159386015
2007-07-06,2.017651319503784,2.021561230994773,1.9433576885374626,1.947267979502561,177853341
2007-07-09,2.0606627464294434,2.080213438079707,2.0098304927699244,2.0254710840375383,408107418
2007-07-10,2.0958547592163086,2.1466870213742064,2.0841240766331395,2.0841240766331395,459545097
2007-07-11,2.11149525642395,2.1466869230881147,2.0919445624002373,2.115405547018322,179802421
2007-07-12,2.1075849533081055,2.1310459377868054,2.0841239688294055,2.1154055344503866,122961496
2007-07-13,2.099764347076416,2.1232257086288606,2.084123755603147,2.1075847376815586,86383922
2007-07-16,2.0606627464294434,2.1271355913565757,2.0567524563097797,2.115405290208626,100224757
2007-07-17,2.11149525642395,2.1193156478756574,2.025471329929243,2.0606629965934076,162749572
2007-07-18,2.1154050827026367,2.1466864519064015,2.0763031340266873,2.0919441032340624,268532978
2007-07-19,2.1232259273529053,2.162327504932634,2.111495245368247,2.1154055359421453,178079057
2007-07-20,2.1896989345550537,2.209249629856327,2.127135988590193,2.1310460897030374,422255767
2007-07-23,2.2483513355255127,2.3109140846814853,2.2366206540388687,2.2366206540388687,582982149
2007-07-24,2.2248904705047607,2.279633021234124,2.2170700790095608,2.2522617458694425,329777970
2007-07-25,2.2835426330566406,2.287452733423198,2.2131594982995133,2.2170697884030837,271112188
2007-07-26,2.256171703338623,2.2991839523139355,2.232710718108324,2.283542979265333,255877229
2007-07-27,2.2170698642730713,2.2444411369866812,2.2014292725345936,2.22489025501082,290256014
2007-07-30,2.2405309677124023,2.248351358872363,2.20142939138666,2.209249403072561,280317724
2007-07-31,2.244441509246826,2.2718127865002007,2.2209805228793917,2.2288009149142205,257667039
2007-08-01,2.162327289581299,2.2561714079531523,2.1505966087649275,2.2483512070582607,299800425
2007-08-02,2.1818783283233643,2.213159703365317,2.131045880426031,2.1623274452050145,201694413
2007-08-03,2.2757227420806885,2.2835429438782406,2.181878423139674,2.1857885240384505,567691332
2007-08-06,2.267902374267578,2.314824344491834,2.2405310984787348,2.2991839407331365,306926957
2007-08-07,2.267902374267578,2.2835429677633163,2.232710706862345,2.271812664944293,284561924
2007-08-08,2.4907827377319336,2.4946924592857638,2.271812716216342,2.271812716216342,1399599473
2007-08-09,2.557255268096924,2.588536641549387,2.467320868795668,2.4946921417179557,810407331
2007-08-10,2.61590838432312,2.6550099658590898,2.498602880766991,2.533794550807535,519828855
2007-08-13,2.7762258052825928,2.8231477797794127,2.639369413876674,2.655010008796595,608503656
2007-08-14,2.7566750049591064,2.7840462878583443,2.686292031338935,2.752765282477863,336781250
2007-08-15,2.77231502532959,2.834877583712916,2.705841797129052,2.737123360926252,377095000
2007-08-16,2.6471900939941406,2.768405325758776,2.6041778397257462,2.768405325758776,392818885
2007-08-17,2.5259737968444824,2.6471895740100524,2.5142434948270136,2.6159080096820233,607256043
2007-08-20,2.77231502532959,2.7801350368048405,2.6002669936560636,2.611997674948526,536759074
2007-08-21,2.7527642250061035,2.7918656090137635,2.7332129637912215,2.776225207200313,392490025
2007-08-22,2.7058417797088623,2.748854024521612,2.6784705064310406,2.6784705064310406,370009721
2007-08-23,2.7175722122192383,2.7879553443944447,2.701931242115739,2.7175722122192383,282281070
2007-08-24,2.733213186264038,2.791865836260675,2.694111609336646,2.760584460876542,375742128
2007-08-27,2.7605843544006348,2.7957760189360856,2.7058418072870505,2.7410334718225013,343493075
2007-08-28,2.6941118240356445,2.737123694899398,2.6354591693648635,2.737123694899398,354670263
2007-08-29,2.623727798461914,2.713662193398531,2.6002668169454157,2.655009360133261,257225316
2007-08-30,2.6589195728302,2.694111233817804,2.6315483020328423,2.6784702637003055,162546436
2007-08-31,2.6745615005493164,2.698022489783035,2.647190219951929,2.698022489783035,220296916
2007-09-03,2.7019314765930176,2.7488540115015043,2.658919801195066,2.6862910743432415,337580967
2007-09-04,2.686291217803955,2.7097522019055926,2.635458959092386,2.701931620889003,329362572
2007-09-05,2.6589195728302,2.7175722146515358,2.6315483020328423,2.686290843627558,242686832
2007-09-06,2.7175722122192383,2.7175722122192383,2.639368689860785,2.678470261303006,337776895
2007-09-07,2.662830114364624,2.784045518322806,2.6550097228783134,2.7371235488790178,435682390
2007-09-10,2.6589195728302,2.66282967305682,2.580716050401753,2.619818001352983,305930938
2007-09-11,2.510333299636841,2.682380961281792,2.4986026177003597,2.6432793838626516,344800770
2007-09-12,2.498603105545044,2.541615361394106,2.443860544943265,2.502513396866355,246081547
2007-09-13,2.5259737968444824,2.5768060542719873,2.5064231037450067,2.5064231037450067,241716944
2007-09-14,2.5377047061920166,2.55725559078396,2.494692456510469,2.5416149969526325,167971629
2007-09-17,2.557255268096924,2.5963568426097368,2.529883995174636,2.537704385972007,206739841
2007-09-18,2.5533454418182373,2.5768064287366097,2.4907828732815953,2.557255732796003,198008139
2007-09-19,2.5337939262390137,2.5963566689596034,2.5142432351587116,2.56116519733065,162891927
2007-09-20,2.5728962421417236,2.6002675211483197,2.533794658937096,2.561165937943692,234090013
2007-09-21,2.61590838432312,2.6354592699596324,2.57680642331304,2.580716714282576,260143092
2007-09-24,2.61590838432312,2.6432796621616483,2.5924473974541273,2.627638688020561,185546636
2007-09-25,2.5377047061920166,2.6432795209359194,2.498602747271085,2.6315488383911174,194576368
2007-09-26,2.4907827377319336,2.561165694656775,2.4790520551740816,2.541614999780127,148071038
2007-09-27,2.5728962421417236,2.5768065332781305,2.4673214172517453,2.48296239206031,150997517
2007-09-28,2.5846266746520996,2.619818532511732,2.5728959921198737,2.5924472561649465,194227398
2007-10-08,2.842698097229004,2.842698097229004,2.6628298685933167,2.7019314429418344,993018856
2007-10-09,2.850517988204956,2.9365418920577544,2.8231467201967493,2.854428277770121,606588831
2007-10-10,2.967823028564453,3.077307909325912,2.8622482475763737,2.8622482475763737,533815585
2007-10-11,3.046027183532715,3.135961394633727,2.995194927086724,3.030386591407731,356652164
2007-10-12,2.9912846088409424,3.0733984282447437,2.8700692146210263,3.0499374454076706,338364924
2007-10-15,3.073399066925049,3.1007703457476503,2.916991976209683,2.991285230457245,281622886
2007-10-16,3.186793804168701,3.30409871809964,3.0733984215787205,3.0929494935499062,421429380
2007-10-17,3.1125011444091797,3.1633334128235147,3.0733991805476886,3.139872424243689,189300987
2007-10-18,2.9873745441436768,3.1398714939409027,2.967823473137123,3.092949340946601,233355749
2007-10-19,2.97564435005188,3.0499377869164626,2.9639136675828084,3.014746308720379,166747685
2007-10-22,2.913081407546997,3.0108362094043426,2.858338855117555,2.92872238076018,131815638
2007-10-23,3.073399066925049,3.0929501430015316,2.8974410898702625,2.8974410898702625,238330365
2007-10-24,3.1085901260375977,3.1985245270143254,3.0773085622653404,3.0929495338884934,267140555
2007-10-25,2.9795546531677246,3.1437821213096333,2.9169917087752117,3.0694884943993066,256558211
2007-10-26,2.9795546531677246,2.9795546531677246,2.9795546531677246,2.9795546531677246,0
2007-10-29,3.1946141719818115,3.2649971240132674,3.120320929457253,3.132051231725464,309220673
2007-10-30,3.413583755493164,3.4292245369237224,3.1516018998219364,3.2258951372745406,338529493
2007-10-31,3.4174935817718506,3.4761462228247866,3.3549312200175287,3.4722361226493925,301793415
2007-11-01,3.4565961360931396,3.51915850534325,3.362751443795814,3.4135838905883524,260933472
2007-11-02,3.382303237915039,3.4644165027729423,3.343201086904336,3.3940335416915484,261969603
2007-11-05,3.2415363788604736,3.4018539369391796,3.229805696253805,3.35884168703079,201218743
2007-11-06,3.190704345703125,3.264997404881643,3.175063372122248,3.225895635009119,199349026
2007-11-07,3.343200922012329,3.347111402552407,3.190704324120294,3.20634472838423,216309386
2007-11-08,3.2298052310943604,3.3197394395288344,3.221985409606286,3.2884582562063494,239589303
2007-11-09,3.2649974822998047,3.3236505179734417,3.1594228529302906,3.1672434347746914,217143510
2007-11-12,3.1946141719818115,3.276728185229606,3.073398581962218,3.202434373493952,202818576
2007-11-13,3.128141403198242,3.261087307055763,3.081219241356803,3.229805739336771,187252393
2007-11-14,3.2649974822998047,3.268907962959058,3.128141474237951,3.178973738330134,168655663
2007-11-15,3.2689075469970703,3.3236500950455734,3.1907040153489388,3.24153608323579,183480367
2007-11-16,3.221985340118408,3.2571766231629864,3.1789730973323165,3.2180748602476514,108325725
2007-11-19,3.1750636100769043,3.241536661789417,3.1398723181335044,3.241536661789417,102612180
2007-11-20,3.190704345703125,3.233716216668082,3.069488555519024,3.1476920952640715,180828898
2007-11-21,3.1085901260375977,3.202434248143296,3.1046798356975533,3.1946140469372564,120970719
2007-11-22,3.034296751022339,3.089039295444001,3.0108357689770644,3.06166802323317,107362197
2007-11-23,3.0890390872955322,3.1085897778578677,2.9912843063248316,3.0186555766913066,101720355
2007-11-26,3.046027183532715,3.147691696424697,3.0382071720757593,3.120320802508743,93761400
2007-11-27,3.0147464275360107,3.0655786912028686,2.9951953525627024,3.0264767309933034,58640835
2007-11-28,2.948272466659546,3.0342965682766474,2.932632065887354,3.01083558764435,118550784
2007-11-29,3.1359615325927734,3.159422516680871,2.9756441755339975,2.9756441755339975,202774597
2007-11-30,3.1242306232452393,3.1828832689303046,3.100769640866021,3.139871594393083,137121835
2007-12-03,3.1594223976135254,3.198524542252155,3.0538475937217577,3.1242307330705943,113273370
2007-12-04,3.186793804168701,3.2415359708451246,3.1516019505153756,3.1672429219345375,141661366
2007-12-05,3.2806382179260254,3.2923689007818346,3.1789736912473794,3.198524955831761,156835169
2007-12-06,3.261086940765381,3.2962786056279394,3.23762595734836,3.2845479241824016,84833794
2007-12-07,3.2689075469970703,3.2806378490598553,3.218075099636162,3.264997066835418,95053698
2007-12-10,3.2532663345336914,3.2571768146343234,3.1711530829533405,3.186793864933715,163667585
2007-12-11,3.2102549076080322,3.272817657213885,3.159422460099119,3.257176874943907,154117481
2007-12-12,3.167243719100952,3.2180757980193233,3.0890401704811756,3.20243501240054,189682157
2007-12-13,3.167243719100952,3.167243719100952,3.167243719100952,3.167243719100952,0
2007-12-14,3.1242306232452393,3.128140913466455,3.0264762137701307,3.069488078044371,149744537
2007-12-17,2.999105453491211,3.1281414478305143,2.979554757993465,3.1281414478305143,189018359
2007-12-18,3.010835647583008,3.069487910594374,2.940452135073933,2.9795540864678633,111402338
2007-12-19,3.081219434738159,3.1046804222627964,3.022566776189505,3.0538481561347086,105125650
2007-12-20,3.085129737854004,3.1085907254701772,3.030387180433517,3.1046804343761076,91858475
2007-12-21,3.132051467895508,3.2024346149711858,3.0421172463541484,3.0421172463541484,189026478
2007-12-24,3.186793804168701,3.1985244852988175,3.096859404364908,3.1555120510673995,181676656
2007-12-25,3.1594223976135254,3.2024342633997516,3.1281410234292677,3.198524542252155,110876366
2007-12-26,3.1085901260375977,3.1867938457312164,3.042116897890063,3.159422382561979,245589792
2007-12-27,3.2102549076080322,3.218075109005992,3.0890395090953064,3.100769811192246,278602567
2007-12-28,3.17897367477417,3.272817998712049,3.163333080609223,3.2141653436851367,232851713
2008-01-02,3.1594223976135254,3.2141649447387457,3.1125004312056515,3.1828833808174624,191221700
2008-01-03,3.151601791381836,3.1555118917364275,3.0694879763023,3.147691501290232,246332270
2008-01-04,3.1359615325927734,3.18679398101204,3.1007698667235943,3.1281411413177302,198224216
2008-01-07,3.116410493850708,3.13596137619475,3.0812188297366228,3.1281409853097286,245171444
2008-01-08,3.163332939147949,3.210255099018574,3.1242309811415616,3.1359616634119982,314180881
2008-01-09,3.17897367477417,3.198524939257239,3.1398720944932776,3.1672433714532464,155503970
2008-01-10,3.17897367477417,3.2141653436851367,3.128141411698256,3.190704357569192,227212698
2008-01-11,3.2454466819763184,3.2610870852981524,3.1867940310972283,3.1907041319276868,323207683
2008-01-14,3.2415363788604736,3.284548249294771,3.20634471051456,3.2728179461621947,205731025
2008-01-15,3.1750636100769043,3.2454471426490175,3.1633333059204793,3.241536661789417,189663134
2008-01-16,3.092949628829956,3.139871786191644,3.085129237646836,3.1281411045484493,230770698
2008-01-17,3.0147464275360107,3.1281414480640706,2.96391378439505,3.0655786912028686,237300330
2008-01-18,3.073399066925049,3.2376265501235952,3.0225668003899675,3.12423133346013,114041354
2008-01-21,2.9560940265655518,3.1085908307073784,2.9326330381551378,3.085129842296964,163084648
2008-01-22,2.7019314765930176,2.9169913714789595,2.658919801195066,2.9130810811794925,264724508
2008-01-23,2.7566750049591064,2.7879565795508583,2.651100165054669,2.7175734161935967,324839066
2008-01-24,2.7175722122192383,2.830967585270804,2.6198179990081782,2.815326615167305,246994460
2008-01-25,2.7605843544006348,2.811416611156377,2.6471895390267006,2.725393069339235,207356919
2008-01-28,2.5885369777679443,2.7410337643075082,2.565075992065564,2.7371236632694598,202877047
2008-01-29,2.600267171859741,2.6510994319083334,2.5728958965298725,2.5885368692374175,86239728
2008-01-30,2.5259737968444824,2.6667402671095286,2.4868722209085026,2.623728021289975,144318963
2008-01-31,2.5533454418182373,2.5768064287366097,2.5025131770037263,2.5298844548998645,93032605
2008-02-01,2.631549119949341,2.6471900949282388,2.533794686530551,2.5416152688885325,130783244
2008-02-04,2.827057123184204,2.84660781284646,2.6862906776674045,2.6862906776674045,235071097
2008-02-05,2.77231502532959,2.823147281894503,2.7332130705830897,2.823147281894503,104473891
2008-02-13,2.7019314765930176,2.7605843131888363,2.6862910743432415,2.725393028652795,95104301
2008-02-14,2.7058417797088623,2.7449437342036243,2.6902011876479808,2.7214827512437907,108614914
2008-02-15,2.6471900939941406,2.7019320833729767,2.615908523521514,2.6980223614065615,119232571
2008-02-18,2.6589195728302,2.694111233817804,2.651098992902948,2.6784702637003055,120464586
2008-02-19,2.725393772125244,2.7293034942801935,2.6159086496656,2.6667409195292495,177157543
2008-02-20,2.639368772506714,2.7293025983506043,2.596356720020535,2.7175722973139353,175322349
2008-02-21,2.5885369777679443,2.6471898214979865,2.56116570129047,2.6471898214979865,186668177
2008-02-22,2.522063970565796,2.5689865154299376,2.4829623874340228,2.5689865154299376,192312757
2008-02-25,2.436039924621582,2.5377044378548517,2.424309243317184,2.5259737565504534,144726454
2008-02-26,2.506423234939575,2.529884219676595,2.428219699500125,2.50251294432538,108083148
2008-02-27,2.557255268096924,2.588536641549387,2.486872130394627,2.506423012519544,105383856
2008-02-28,2.5298843383789062,2.5689862976703357,2.4829621769662378,2.5611657160750028,74756897
2008-02-29,2.5533454418182373,2.572896137758844,2.506423467981492,2.522063872944333,54903969
2008-03-03,2.5728962421417236,2.6119982048204777,2.48296239206031,2.545524963135127,122555346
2008-03-04,2.486872673034668,2.580716813869015,2.4790522805308735,2.580716813869015,197692390
2008-03-05,2.4907827377319336,2.518153634664423,2.447770488002536,2.486872446966968,68783715
2008-03-06,2.5025129318237305,2.5807164668725044,2.451680671989435,2.4946923506344088,136786407
2008-03-07,2.486872673034668,2.506423559425623,2.4516810016361235,2.4634116852603465,54556322
2008-03-10,2.412578821182251,2.4712314750568605,2.3812976334669136,2.4712314750568605,141046917
2008-03-11,2.412578821182251,2.412578821182251,2.350016256014531,2.3969382273245823,78975495
2008-03-12,2.365656852722168,2.4829623597582184,2.3500164473282665,2.463411663278781,68596288
2008-03-13,2.2757227420806885,2.357836568588336,2.2444413656793634,2.353926277952521,147461547
2008-03-14,2.244441509246826,2.2913634819816955,2.185788663854138,2.2679024956142606,102831666
2008-03-17,2.174058437347412,2.2288009937915003,2.15841746298717,2.2131600194312577,80863193
2008-03-18,2.1349563598632812,2.213159899258708,2.1114953739394724,2.170148028486042,98054974
2008-03-19,2.209249496459961,2.2483514539126457,2.1584172363770278,2.181878410848639,110136738
2008-03-20,2.2053396701812744,2.2952738989150605,2.0723935674994647,2.1896990749897483,139134266
2008-03-21,2.2288007736206055,2.2600817705657246,2.174058222584231,2.2248904829825564,142179826
2008-03-24,2.1584174633026123,2.267902576206789,2.1427770581512573,2.2522619813183766,92263120
2008-03-25,2.2366209030151367,2.24444148470149,2.1193157827237683,2.142776958571681,120601759
2008-03-26,2.232710599899292,2.307004221827269,2.224890398394588,2.252261672872148,96124127
2008-03-27,2.1936089992523193,2.244441257163938,2.1466868420504293,2.213159692537991,107846867
2008-03-28,2.365656852722168,2.3969384224582138,2.177968382991197,2.201429750030292,332159415
2008-03-31,2.3969383239746094,2.4203993105756356,2.2679025181948593,2.2835431126831924,207889520
2008-04-01,2.3461055755615234,2.416488520836063,2.3070040025435614,2.3852075280535128,145175687
2008-04-02,2.424309015274048,2.498602248037021,2.3969377443668445,2.3969377443668445,346038591
2008-04-03,2.486872673034668,2.4946926860643375,2.365656873831446,2.3773875574556693,148644724
2008-04-07,2.510333299636841,2.522063602099251,2.428219664503686,2.463411330839058,180054878
2008-04-08,2.463411331176758,2.514243590539347,2.412578692340098,2.5103332999809727,211817913
2008-04-09,2.3500163555145264,2.4438603021079937,2.3382854827162363,2.436040289453627,188370917
2008-04-10,2.4164886474609375,2.428219518428757,2.3500159888209127,2.385207653039252,120107809
2008-04-11,2.3969383239746094,2.4555909802142275,2.377387438561403,2.447770588101535,124612388
2008-04-14,2.271812677383423,2.412578778563985,2.2405311107465846,2.3500162145014345,174011533
2008-04-15,2.291363477706909,2.2952737685855538,2.1662379643312923,2.263992200504599,138920678
2008-04-16,2.2600820064544678,2.3187348542505926,2.236621019125665,2.2913635758756166,77721253
2008-04-17,2.2639920711517334,2.307004319674073,2.2014295077754786,2.2561716795783116,77474728
2008-04-18,2.2483513355255127,2.3070041737476505,2.1818782959616496,2.2483513355255127,91549114
2008-04-21,2.3421952724456787,2.4243090876176407,2.2679020374657277,2.389117425438655,277916714
2008-04-22,2.400848150253296,2.408668540852476,2.260081498942086,2.2991836416750027,201245157
2008-04-23,2.4673211574554443,2.498602724304659,2.3539263314437373,2.369566925131301,344621847
2008-04-24,2.662830114364624,2.713662564157124,2.5259739274338213,2.6354590287680937,875375014
2008-04-25,2.5377047061920166,2.61590824455979,2.5298843144078305,2.6002672712543724,496563982
2008-04-28,2.486872673034668,2.56116592747806,2.467321407169588,2.486872673034668,317501980
2008-04-29,2.522063970565796,2.5572558317796363,2.4673214126546004,2.4673214126546004,173588457
2008-04-30,2.604177713394165,2.6237284093855324,2.52597417048047,2.561165840686455,346545203
2008-05-05,2.604177713394165,2.658920269328574,2.561165840686455,2.6198186876087823,197663228
2008-05-06,2.5377047061920166,2.5885369681836603,2.522063732886599,2.5885369681836603,158595925
2008-05-07,2.4555904865264893,2.5494346038006204,2.4516803861247807,2.5220633317776184,148510525
2008-05-08,2.4673211574554443,2.471231448180118,2.4008484919805153,2.43604015981736,146040395
2008-05-09,2.400848150253296,2.4829617772021466,2.3773869784557555,2.475141386602967,146026870
2008-05-12,2.4086689949035645,2.443860284891141,2.3421957571483674,2.3578367310321777,126152579
2008-05-13,2.373476982116699,2.393027674866547,2.3421954183480835,2.3461057086876727,152819190
2008-05-14,2.459500789642334,2.463411079801689,2.3930275645664407,2.3930275645664407,179095898
2008-05-15,2.428219795227051,2.502513042981145,2.4243095044587015,2.4634114634569686,108751919
2008-05-16,2.428219795227051,2.471231475782531,2.4125788218906985,2.4125788218906985,78136300
2008-05-19,2.4321296215057373,2.4438599232745015,2.3969379572513487,2.4243092305895373,77742535
2008-05-20,2.3500163555145264,2.436040289453627,2.3461060645817633,2.42430960639239,140774920
2008-05-21,2.373476982116699,2.393027674866547,2.29136316182962,2.3421954183480835,113898388
2008-05-22,2.3461055755615234,2.357836256177627,2.314824013567932,2.350015865679229,55537603
2008-05-23,2.3421952724456787,2.373476834265672,2.3030936996447133,2.3382849823496734,84622926
2008-05-26,2.271812677383423,2.3265550395238055,2.263992095987171,2.322644938562722,83770536
2008-05-27,2.267902374267578,2.295273650056421,2.2639920835908627,2.271812664944293,42018843
2008-05-28,2.3109145164489746,2.346106188010006,2.2600820598081373,2.283543237427846,74838932
2008-05-29,2.279632806777954,2.318734381101403,2.275722516529695,2.3030937893194277,65152182
2008-05-30,2.2991831302642822,2.3226441071063464,2.275721963685244,2.2796322529835704,59639914
2008-06-02,2.3187344074249268,2.346105680525393,2.275722542364925,2.2952734246171116,75495337
2008-06-03,2.3109145164489746,2.33437550433162,2.283543237427846,2.3187349089888776,54321494
2008-06-04,2.2757227420806885,2.3070043082190526,2.2639920599102825,2.299183916684462,46077638
2008-06-05,2.2757227420806885,2.2757227420806885,2.2757227420806885,2.2757227420806885,0
2008-06-06,2.295273542404175,2.2991838328974907,2.271812558392407,2.283542860661259,51260317
2008-06-10,2.103675127029419,2.1936093553217058,2.095854924340577,2.1936093553217058,123042018
2008-06-11,2.052842617034912,2.119315856034909,2.0411123133107556,2.1075851728366417,70623634
2008-06-12,2.033292055130005,2.0528427523628126,1.9668188117479457,2.041112447865369,83985324
2008-06-13,1.9863699674606323,2.041112334082399,1.9707289931247516,2.0332919417829873,55933817
2008-06-16,2.0254709720611572,2.0528420527005484,1.9550878409054302,1.9980997016847624,87400259
2008-06-17,2.0215611457824707,2.0567528142996925,1.9981001599290207,2.0254714365827438,62717071
2008-06-18,2.123100519180298,2.1311272088875826,2.0026976418608595,2.0267782952235214,105086988
2008-06-19,2.0107247829437256,2.1190872395433087,2.0067112432196272,2.1190872395433087,78408361
2008-06-20,2.0789530277252197,2.143167917126959,1.9665770199589165,2.030791909360656,135446353
2008-06-23,2.0428318977355957,2.0829659272437593,2.018751051587474,2.0468450475154163,70800233
2008-06-24,2.086979866027832,2.095006751364819,2.0348054034578538,2.046845439342898,63359986
2008-06-25,2.1190876960754395,2.1271141930120234,2.0749397233339146,2.078953263922682,96903802
2008-06-26,2.074939727783203,2.127114197573189,2.038819225635728,2.127114197573189,144527921
2008-06-27,2.0107247829437256,2.0307917025764497,1.9665768197133542,2.0067112432196272,148763826
2008-06-30,1.9906576871871948,2.030791721575049,1.966576838111206,2.002697722231302,80679562
2008-07-01,1.930456519126892,2.010724984699685,1.918416093493404,1.9946710189393806,87705664
2008-07-02,1.8983489274978638,1.9465100445325205,1.882295351650949,1.9344700087075517,80358409
2008-07-03,1.9063762426376343,1.9424967440608631,1.8261077692634182,1.8702551569734647,95537863
2008-07-04,1.9264429807662964,1.9465100971778928,1.8822954025595688,1.9304565208967925,122971415
2008-07-07,1.9946709871292114,2.02276498858105,1.9224294082151678,1.9264429482779781,131339771
2008-07-08,1.970590591430664,2.010725019661874,1.9424965890422998,1.9866445574701126,99802798
2008-07-09,2.0588858127593994,2.0909933532970117,1.9826308908499506,1.9866444307906284,205107301
2008-07-10,2.0428318977355957,2.0869794665174197,2.014737901807653,2.034805013935195,122852091
2008-07-11,2.018751621246338,2.0588860515736247,1.9986846982031568,2.0348055881242275,79957371
2008-07-14,2.026778221130371,2.0508586788657857,2.002697568648028,2.010724647555738,40630036
2008-07-15,1.9585506916046143,2.038819164168303,1.9424967244461069,2.03079208321556,105655441
2008-07-16,1.9103893041610718,1.9505233401296636,1.8822953037108014,1.9304564195188434,64871456
2008-07-17,1.9144026041030884,1.9665770691587667,1.8943354871780609,1.9465101469807058,67213267
2008-07-18,1.9665770530700684,1.9866445593248552,1.9103894377348123,1.9424965908558258,94216124
2008-07-21,2.026778221130371,2.0307915658372973,1.9505231137233447,1.9585501926310545,102648341
2008-07-22,2.0107247829437256,2.026778357599293,1.99065766856406,2.026778357599293,49647816
2008-07-23,2.026778221130371,2.0508586788657857,2.0187511422226616,2.026778221130371,78999753
2008-07-24,2.074939727783203,2.0869801548283404,2.0428325714861177,2.0428325714861177,160872041
2008-07-25,2.0669126510620117,2.0909931089037683,2.042831998473326,2.0548720326472742,179329456
2008-07-28,2.111060380935669,2.143167923099496,2.0909934592037205,2.0909934592037205,171570455
2008-07-29,2.062899589538574,2.0950069390154322,2.034805585716208,2.086980052959474,85539956
2008-07-30,2.0548720359802246,2.1070464912199425,2.0428320017867474,2.090993112295306,64652201
2008-07-31,2.0348055362701416,2.0789531163846573,2.0187515698013643,2.07493957608072,55002021
2008-08-01,2.0669126510620117,2.1150735667455245,1.9986842327675327,2.01875115113771,88074753
2008-08-04,2.026778221130371,2.0669126419342763,2.0187511422226616,2.0548720235727114,40240262
2008-08-05,2.026778221130371,2.0588855630265663,2.0187511422226616,2.038818644745007,49026972
2008-08-06,2.0588858127593994,2.078952928221931,2.0227649270280614,2.0468453876843187,57088459
2008-08-07,2.0709264278411865,2.0829664645270314,2.034805538795771,2.0628995419703196,47305664
2008-08-08,2.00671124458313,2.066912782509974,1.9906576699166545,2.062899242783149,77273042
2008-08-11,1.9585506916046143,2.026778737486167,1.9384831839697354,2.006711619345245,89795738
2008-08-12,1.9625632762908936,1.9786168477301875,1.9264423997454017,1.9424959711846959,40856945
2008-08-13,1.9063762426376343,1.9424967440608631,1.8863087348001197,1.9304567067511071,63164357
2008-08-14,1.8863085508346558,1.9063760567150527,1.8622280890696712,1.9063760567150527,43580694
2008-08-15,1.8903220891952515,1.9144025509377536,1.8662416274527494,1.886308549073527,34393834
2008-08-18,1.8261077404022217,1.9063762125078139,1.8220941999487557,1.8983491316008818,53245889
2008-08-19,1.846174716949463,1.8542017980880008,1.8060402849916877,1.8140673661302256,51491958
2008-08-20,1.9665770530700684,2.0067114813387477,1.8100536591835616,1.8381476615981547,111934200
2008-08-21,1.9103893041610718,1.974603800660209,1.906375958988298,1.9465099949568898,56972049
2008-08-22,1.9384831190109253,1.9545370856314623,1.8903221928841734,1.9304566225680864,51068532
2008-08-25,1.9585506916046143,1.990658041680694,1.9224296063051847,1.9384831839697354,54460729
2008-08-26,1.930456519126892,1.9746039025461823,1.9144025533665874,1.9344700592537085,42789360
2008-08-27,1.9344704151153564,1.9625642274363513,1.914402905536653,1.9224297925199358,40390788
2008-08-28,1.954537272453308,1.9746041970928774,1.934470347813739,1.938483304298274,48008156
2008-08-29,1.9786174297332764,1.99868454599524,1.9465100826635262,1.96657700417853,55536984
2008-09-01,1.9224293231964111,1.9705904385915178,1.8903219778486564,1.9545368632911153,53516097
2008-09-02,1.8822954893112183,1.9023626066476724,1.8381477143228369,1.8943355260167263,69172260
2008-09-03,1.8622280359268188,1.8903220370155498,1.8381475748490244,1.8822953464875887,33673542
2008-09-04,1.8622280359268188,1.866241575937755,1.8301208843210632,1.8622280359268188,30684977
2008-09-05,1.8100534677505493,1.8421608122228237,1.7980134326637587,1.8301207771360333,59880710
2008-09-08,1.8180806636810303,1.8582147050792492,1.8020270860711383,1.8180806636810303,62756028
2008-09-09,1.8180806636810303,1.8421611274693572,1.8020270860711383,1.8421611274693572,58344678
2008-09-10,1.8100534677505493,1.8421608122228237,1.76590589344454,1.8100534677505493,42101353
2008-09-11,1.7257715463638306,1.802026858035837,1.7177450506950542,1.802026858035837,81848957
2008-09-12,1.6936650276184082,1.7418259615459906,1.6735975174055744,1.725771992325124,54539169
2008-09-16,1.525100827217102,1.609382739892858,1.525100827217102,1.6053692969323963,224637356
2008-09-17,1.3725906610488892,1.525100593848197,1.3725906610488892,1.4849661703848955,269996548
2008-09-18,1.380617618560791,1.4488460639218854,1.2562016431504341,1.30837611900344,397626264
2008-09-19,1.5170737504959106,1.5170737504959106,1.5170737504959106,1.5170737504959106,50727164
2008-09-22,1.6695835590362549,1.6695835590362549,1.6695835590362549,1.6695835590362549,115145030
2008-09-23,1.7458391189575195,1.7859731568302721,1.653530228134611,1.6776106898076546,1152977074
2008-09-24,1.721758484840393,1.7378118646853025,1.5973420645851706,1.6093824889627346,468530102
2008-09-25,1.753865122795105,1.7980130778838268,1.6856371022842267,1.6976771349953048,515330832
2008-09-26,1.7458391189575195,1.7699195806305632,1.6976776113705505,1.7659060405204154,238495448
2008-10-06,1.6334631443023682,1.7177451513276936,1.6254361612959551,1.7177451513276936,235653171
2008-10-07,1.6695835590362549,1.6856375242438082,1.5531945995582106,1.5772751578756312,175193324
2008-10-08,1.6334631443023682,1.6735971829730927,1.6013556991441276,1.6093826821505406,190118097
2008-10-09,1.6294499635696411,1.6735974521575945,1.6053694975446668,1.6695839113221016,129889293
2008-10-10,1.605369210243225,1.6334631147024292,1.5451677638341184,1.553194649321594,181187095
2008-10-13,1.7257715463638306,1.7297850863186484,1.5652346220979947,1.5853021271251302,291541608
2008-10-14,1.6695835590362549,1.7779460227779091,1.6655706032884918,1.7699195270415191,357822505
2008-10-15,1.657543420791626,1.689650959726961,1.6374765010774552,1.6495165360577921,107323786
2008-10-16,1.605369210243225,1.6334631147024292,1.5933286872650507,1.605369210243225,138031604
2008-10-17,1.605369210243225,1.6294496719586913,1.5853021912714969,1.613396095730701,106746012
2008-10-20,1.6254363059997559,1.6334632897207675,1.56122140996657,1.6053693822514261,107780260
2008-10-21,1.5973423719406128,1.6334632625296877,1.593328831460172,1.629449819422736,121013046
2008-10-22,1.5692483186721802,1.6093827484912229,1.5652347783167897,1.5893153388347292,100739435
2008-10-23,1.525100827217102,1.5371408639780306,1.4648993775571457,1.5371408639780306,127115229
2008-10-24,1.4849662780761719,1.529114147087452,1.4689127022735713,1.525100704450063,145380078
2008-10-27,1.4849662780761719,1.4849662780761719,1.4849662780761719,1.4849662780761719,0
2008-10-28,1.525100827217102,1.5572082735273112,1.3525233641581569,1.3525233641581569,300053357
2008-10-29,1.436805248260498,1.5291141361390876,1.4247652125549701,1.5251006935304345,188974977
2008-10-30,1.4568721055984497,1.5050335089547888,1.3966710573606576,1.4448320712231308,167345461
2008-10-31,1.4528594017028809,1.472926325225977,1.432791893938846,1.440818877569762,101963063
2008-11-03,1.4689127206802368,1.4929931820593634,1.4368052765522696,1.4368052765522696,95370490
2008-11-04,1.4809528589248657,1.492993285193122,1.4408188187695743,1.4568723958822967,105495223
2008-11-05,1.4929933547973633,1.565234844666498,1.4889799116453308,1.4889799116453308,235996840
2008-11-06,1.4809528589248657,1.4849663992632751,1.4568723958822967,1.4648993791856293,108857683
2008-11-07,1.513060212135315,1.5291141777537889,1.444832270172258,1.4488457128901366,128210256
2008-11-10,1.6013554334640503,1.6093824151387106,1.5371405538014278,1.5491809776266854,275988740
2008-11-11,1.5732613801956177,1.613395800283528,1.5572079042808413,1.5933283954926476,179014394
2008-11-12,1.5812888145446777,1.6013558355898785,1.5491813666506775,1.5491813666506775,102221458
2008-11-13,1.6214228868484497,1.6414903951350381,1.5491813955179101,1.5652348763303223,256514348
2008-11-14,1.6455029249191284,1.6575433488709173,1.6133958742442727,1.637476430027449,221921671
2008-11-17,1.6615570783615112,1.6735971141956685,1.6254360944977355,1.6455031130084323,185239247
2008-11-18,1.605369210243225,1.6695836125286676,1.5652346854323662,1.6575435764178954,200387578
2008-11-19,1.6615570783615112,1.66557061838652,1.5692481894967414,1.5812886148248115,200895440
2008-11-20,1.637476921081543,1.6575438459427727,1.597342487118106,1.6174095093528318,176976635
2008-11-21,1.6254363059997559,1.6575437540163487,1.56122140996657,1.5933288579831628,193808217
2008-11-24,1.5893152952194214,1.6174092979482861,1.5692482756075683,1.601355721208197,83842734
2008-11-25,1.5893152952194214,1.6214227408200501,1.5652347353623208,1.6093827043252087,73746262
2008-11-26,1.5893152952194214,1.597342278336433,1.5732617184793325,1.5853022418415916,51942532
2008-11-27,1.5853018760681152,1.6776103592061546,1.5772748948031527,1.6776103592061546,236299676
2008-11-28,1.5371406078338623,1.5812884730422843,1.5010200167026677,1.5772750307506096,171677583
2008-12-01,1.5291142463684082,1.5331276892663785,1.4849663744907347,1.5251008034704379,121060803
2008-12-02,1.5090471506118774,1.5170741354487793,1.464899659057209,1.4970071115372945,162896980
2008-12-03,1.5531947612762451,1.5572083016827605,1.5170738713524825,1.5251008547920255,177627408
2008-12-04,1.5893152952194214,1.6334631668088258,1.5732617184793325,1.5933287380911854,305879332
2008-12-05,1.605369210243225,1.613396095730701,1.5692482255495845,1.5772752084105406,127902277
2008-12-08,1.6455029249191284,1.6575433488709173,1.601355450292484,1.6133958742442727,260328696
2008-12-09,1.593328595161438,1.653530135464028,1.593328595161438,1.653530135464028,191430027
2008-12-10,1.637476921081543,1.641490461851383,1.5812889082797235,1.5893155029519221,192966375
2008-12-11,1.593328595161438,1.637476560164027,1.585302099631862,1.621422595370127,178238884
2008-12-12,1.533127784729004,1.5893154045582942,1.5090469310947812,1.5812888103830176,184196570
2008-12-15,1.525100827217102,1.5612213269938302,1.5050338071617644,1.54516784727244,134263156
2008-12-16,1.5210872888565063,1.5251008291956607,1.4809528591998202,1.5170738458908377,125441294
2008-12-17,1.5170737504959106,1.5331276187225895,1.501020174389671,1.5331276187225895,139470181
2008-12-18,1.549181580543518,1.5531950242560837,1.4889801196020416,1.517074128216497,183966964
2008-12-19,1.533127784729004,1.5572083462427557,1.5251008984332566,1.5291143415811301,158790970
2008-12-22,1.5170737504959106,1.5371407693154504,1.497006731676371,1.5371407693154504,102775296
2008-12-23,1.4769397974014282,1.517073837337904,1.464899371198818,1.517073837337904,169242404
2008-12-24,1.4568721055984497,1.484966103381659,1.4488455133883702,1.464899087302395,88502920
2008-12-25,1.4568721055984497,1.4809525638429533,1.4448320712231308,1.464899087302395,88847730
2008-12-26,1.4648994207382202,1.4849664413850767,1.4528593836223855,1.456872437207198,75298406
2008-12-29,1.4608858823776245,1.4729263090046525,1.4408188617020363,1.4568724392931114,79019919
2008-12-30,1.4327915906906128,1.4689125712040783,1.4287781484113387,1.4689125712040783,107798952
2008-12-31,1.4207518100738525,1.440818830312259,1.4167383670767766,1.4327918469446206,100422016
2009-01-05,1.444832444190979,1.4488458873922454,1.4247654229316309,1.4408189036162213,149681028
2009-01-06,1.4849662780761719,1.4929931633509501,1.4448322411961925,1.4528592238444484,188967093
2009-01-07,1.4528594017028809,1.4849664598651369,1.444832418071965,1.4849664598651369,106599925
2009-01-08,1.4207518100738525,1.4287784039475449,1.4006844003414998,1.4287784039475449,209582305
2009-01-09,1.436805248260498,1.4528592134420648,1.4127246899820565,1.4127246899820565,138437621
2009-01-12,1.4287782907485962,1.4408187161593742,1.424765237563412,1.4327917334276958,77532839
2009-01-13,1.3966714143753052,1.420751878775214,1.3926579711841567,1.408711451828277,104116665
2009-01-14,1.4327915906906128,1.4368051303433558,1.396671097044493,1.396671097044493,114593180
2009-01-15,1.4006843566894531,1.4247653060418908,1.3926578604393918,1.4247653060418908,247389341
2009-01-16,1.4287782907485962,1.4528592389436312,1.4046978294209553,1.4087112721000552,463778984
2009-01-19,1.4769397974014282,1.5050338006292348,1.4368053679710115,1.4408188109140532,369101770
2009-01-20,1.4769397974014282,1.4769397974014282,1.448845794173622,1.4729262570849013,127514526
2009-01-21,1.4769397974014282,1.5050338006292348,1.448845794173622,1.4528593344901488,145069521
2009-01-22,1.4809528589248657,1.505033808834864,1.4729262651154762,1.4769398054538856,97987805
2009-01-23,1.4689127206802368,1.4970067221205232,1.4568722952437154,1.480952756622842,99925715
2009-02-02,1.4689127206802368,1.4849662966840018,1.4568722952437154,1.480952756622842,65916848
2009-02-03,1.497006893157959,1.497006893157959,1.460885904841903,1.46891288850785,182434724
2009-02-04,1.541154146194458,1.5491811286516446,1.49700666772795,1.49700666772795,313709401
2009-02-05,1.525100827217102,1.5612213269938302,1.5050338071617644,1.5371408639780306,240680500
2009-02-06,1.5732613801956177,1.5772749195778712,1.5251004655839757,1.5251004655839757,253140984
2009-02-09,1.5772753953933716,1.6093828437760676,1.5612214277682936,1.5933288761509896,305929313
2009-02-10,1.5812888145446777,1.5893154087410788,1.5491813666506775,1.5772753713862413,302034687
2009-02-11,1.5853018760681152,1.6093823329956976,1.545167456610608,1.5612209322732276,330212155
2009-02-12,1.5612211227416992,1.5933285648513416,1.5371406628763087,1.5853020694744546,229000770
2009-02-13,1.593328595161438,1.5973421350466506,1.525100656702747,1.5612211524410116,337708899
2009-02-16,1.6455029249191284,1.6455029249191284,1.59734200809971,1.59734200809971,464710110
2009-02-17,1.6093827486038208,1.6615572152517677,1.6053693056216356,1.641490292461301,324733342
2009-02-18,1.541154146194458,1.5933286071181525,1.5291141106893182,1.5812885716130127,257095799
2009-02-19,1.533127784729004,1.5612213998966684,1.5170739147640189,1.5451679194256445,246748845
2009-02-20,1.5371406078338623,1.5371406078338623,1.5090466091656085,1.5291140153709213,183420479
2009-02-23,1.5451676845550537,1.549181127092871,1.497006666221674,1.5251006666129188,318366898
2009-02-24,1.4849662780761719,1.5331275897248413,1.4769396849218275,1.525100704450063,280592707
2009-02-25,1.4889799356460571,1.5210873840063643,1.4528594335629927,1.5050339032599405,313492140
2009-02-26,1.472926139831543,1.5251006991907206,1.4689126972079944,1.4889797155787825,296233448
2009-02-27,1.497006893157959,1.5170739141421208,1.4648994453616215,1.4648994453616215,268866476
2009-03-02,1.4849662780761719,1.4929931633509501,1.456872276987926,1.488979720713561,109724819
2009-03-03,1.4648994207382202,1.4648994207382202,1.4488458431701303,1.456872437207198,129591403
2009-03-04,1.5371406078338623,1.5572080140391749,1.4568721514942455,1.4608855937859204,555770360
2009-03-05,1.5652345418930054,1.5853020458918516,1.5210870652543418,1.5491810645106745,784896950
2009-03-06,1.525100827217102,1.5572082735273112,1.5210872868831546,1.5331277131380259,301712686
2009-03-09,1.4849662780761719,1.5652346439565648,1.480952738065305,1.5331275897248413,263448502
2009-03-10,1.4929933547973633,1.4970068953228863,1.4568724638025605,1.4729263337841811,130346641
2009-03-11,1.4849662780761719,1.5331275897248413,1.4769396849218275,1.525100704450063,174312699
2009-03-12,1.4769397974014282,1.4889798341100975,1.4568723879392493,1.4769397974014282,123035400
2009-03-13,1.4769397974014282,1.5010202603127079,1.4729262570849013,1.4849663911670559,116845388
2009-03-16,1.4809528589248657,1.492993285193122,1.4608858388472201,1.4689128221505527,127508470
2009-03-17,1.513060212135315,1.521087194944552,1.4769397145418068,1.4849663078571245,266529566
2009-03-18,1.5050337314605713,1.5251007505065648,1.5010201913284995,1.517073767615902,204615310
2009-03-19,1.513060212135315,1.5170737522266733,1.4929931932928817,1.5090467694174363,219492305
2009-03-20,1.5170737504959106,1.54115421202875,1.5050337144764503,1.5090467676958312,245908383
2009-03-23,1.533127784729004,1.5371409357564068,1.5050338774408685,1.5170739147640189,234141862
2009-03-24,1.5371406078338623,1.5652345091286464,1.5291140153709213,1.5491810320823558,299022838
2009-03-25,1.513060212135315,1.5371407710691065,1.5090467694174363,1.5291141777537889,217434255
2009-03-26,1.6013554334640503,1.6053689729881135,1.5251005194700344,1.5251005194700344,748831057
2009-03-27,1.5853018760681152,1.6133957749414483,1.5772748948031527,1.6133957749414483,439611673
2009-03-30,1.5772753953933716,1.6013558599635285,1.573261854800356,1.597342416744005,238772846
2009-03-31,1.5812888145446777,1.5853023550766046,1.545167923492241,1.5572083503410408,228772250
2009-04-01,1.593328595161438,1.6093825599553384,1.5732615773496994,1.585302099631862,340963445
2009-04-02,1.6013554334640503,1.6294494311447643,1.597341991313453,1.597341991313453,413757135
2009-04-03,1.6334631443023682,1.6535302610112126,1.6093826821505406,1.6174092756630245,520714896
2009-04-07,1.6495164632797241,1.6776104612351401,1.6334628892672964,1.6414899683939113,339762986
2009-04-08,1.593328595161438,1.6495165955788156,1.5893151526497005,1.645503055693603,296548162
2009-04-09,1.605369210243225,1.6174092463539973,1.5853021912714969,1.5933286872650507,204756427
2009-04-10,1.6334631443023682,1.6414902246822631,1.6174092756630245,1.6254361612959551,268746750
2009-04-13,1.653530240058899,1.6776107019055966,1.637476663743421,1.645503159780717,436668515
2009-04-14,1.6615570783615112,1.6776106542206772,1.649516653033441,1.65353019305845,250874922
2009-04-15,1.653530240058899,1.6615571255901187,1.62944968083872,1.6575435854510279,197653607
2009-04-16,1.6495164632797241,1.6655704267860199,1.6254359075141485,1.6535300028430315,284475294
2009-04-17,1.6495164632797241,1.6735969216718327,1.6334628892672964,1.6495164632797241,290859121
2009-04-20,1.6695835590362549,1.6735970990248819,1.6455030980923115,1.6535301780695655,219756473
2009-04-21,1.653530240058899,1.6575435854510279,1.637476663743421,1.645503159780717,231179998
2009-04-22,1.6495164632797241,1.7016909196272487,1.6455029237164167,1.657543347659405,446619207
2009-04-23,1.6334631443023682,1.6455031806313174,1.6093826821505406,1.6334631443023682,314576279
2009-04-24,1.6133962869644165,1.6414903895005382,1.6093828437449706,1.6334633083146624,174768949
2009-04-27,1.6013554334640503,1.6174090073195069,1.5893150096387927,1.6093824151387106,205141641
2009-04-28,1.6093827486038208,1.6214227854299172,1.5973423222837793,1.6053693056216356,185707733
2009-04-29,1.6495164632797241,1.6655704267860199,1.6013554491220399,1.6133958730650282,328988704
2009-04-30,1.6414899826049805,1.657543362009455,1.6334629034088717,1.657543362009455,294475218
2009-05-04,1.6856377124786377,1.689651252915456,1.6414903256494482,1.6455032818453372,416198454
2009-05-05,1.6896510124206543,1.7217585523573,1.681624127436493,1.6936645522862093,311567003
2009-05-06,1.7016911506652832,1.7097180361347715,1.6695836087873295,1.6816242291120027,282169763
2009-05-07,1.7177449464797974,1.749851900941745,1.7016909823814705,1.7137314067684803,402547662
2009-05-08,1.749851942062378,1.7538654818680113,1.7057045621759794,1.7177449868459331,355102837
2009-05-11,1.7297849655151367,1.8060398823677994,1.7297849655151367,1.761892309176623,495955175
2009-05-12,1.7337987422943115,1.7378120877707377,1.7057047397184293,1.7217587058650325,249597736
2009-05-13,1.7458391189575195,1.7458391189575195,1.7137315770641806,1.7378120387372242,256136663
2009-05-14,1.721758484840393,1.7297849800159066,1.7057045207546606,1.721758484840393,240707182
2009-05-15,1.721758484840393,1.7297849800159066,1.7097178657158878,1.7257714403077382,201697034
2009-05-18,1.7297849655151367,1.7297849655151367,1.6936644716730063,1.713731391057863,183628633
2009-05-19,1.7378116846084595,1.7578787968290688,1.7297848007708316,1.7458387631930083,202272325
2009-05-20,1.7177449464797974,1.7458389454712517,1.7177449464797974,1.7458389454712517,123048832
2009-05-21,1.7016911506652832,1.721758656459445,1.6936646546897156,1.7057046907735076,181513092
2009-05-22,1.7097179889678955,1.7137315289653965,1.6896510679682117,1.6936646079657127,157577178
2009-05-25,1.7097179889678955,1.7097179889678955,1.7097179889678955,1.7097179889678955,0
2009-05-26,1.6976778507232666,1.713731818680318,1.6936648942882206,1.7097182780043083,177531916
2009-05-27,1.7418253421783447,1.745838881743156,1.6976773807000898,1.7057044598297126,328295715
2009-06-01,1.8060405254364014,1.8140676076436137,1.7578795901691973,1.7578795901691973,472863972
2009-06-02,1.8060405254364014,1.8341345341736095,1.794000486366609,1.8180809540002112,327965793
2009-06-03,1.8822954893112183,1.8822954893112183,1.8020270199654016,1.8060401707869338,397200409
2009-06-04,1.8635765314102173,1.9093337092904996,1.8469371722889416,1.880215486835026,411228676
2009-06-05,1.8594166040420532,1.9051739828569605,1.8552567138827338,1.8760555591346426,259766453
2009-06-08,1.9301327466964722,1.9675707533557802,1.8427774651075046,1.8594168258817292,449023320
2009-06-09,1.9550907611846924,1.996688647392064,1.9134932786737198,1.9301322313084688,450143013
2009-06-10,1.959250807762146,1.9842093396387788,1.9342922758855132,1.9550909178838967,230946402
2009-06-11,1.9925289154052734,2.0091678693557378,1.9467717415794419,1.9550909157823508,311270284
2009-06-12,1.9509319067001343,2.0050090753461625,1.9259729650502568,1.9883697136301557,252558513
2009-06-15,2.0549261569976807,2.06324573695481,1.930132861337271,1.950931912154227,396853497
2009-06-16,2.0258073806762695,2.059085694798055,2.0091680217671457,2.0258073806762695,261009657
2009-06-17,2.0549261569976807,2.0549261569976807,1.9883697191889111,2.0174881481147313,189081496
2009-06-18,2.1090025901794434,2.138121011735686,2.0424461692154297,2.0549256369168294,401830382
2009-06-19,2.1589195728302,2.171399040064762,2.088203668358121,2.109002511284781,378707354
2009-06-22,2.2254767417907715,2.246275387996634,2.1672398864999347,2.1672398864999347,383371085
2009-06-23,2.2545948028564453,2.3960270400300434,2.175559307134457,2.188038372837241,589783210
2009-06-24,2.2296364307403564,2.2670740342818716,2.196358314222252,2.2462753880752806,288442742
2009-06-25,2.2629141807556152,2.287872715866092,2.2088372201174207,2.225476579938142,214249805
2009-06-26,2.3086721897125244,2.321151459567522,2.267074287115402,2.2795539606669575,227144119
2009-06-29,2.3128316402435303,2.3377901751982932,2.2920325919835736,2.3128316402435303,196257471
2009-06-30,2.2545948028564453,2.3253107195950027,2.2462752238730146,2.312831653892219,204042030
2009-07-01,2.2795536518096924,2.2961924068975943,2.204677437279868,2.2462753342408814,327615856
2009-07-02,2.287872552871704,2.3461093997781846,2.271233597932872,2.2795533781746293,301419608
2009-07-03,2.2795536518096924,2.300352297517821,2.2629142911770352,2.2670739799490107,220817763
2009-07-06,2.3086721897125244,2.312832080896376,2.258755110292536,2.2795539606669575,324373383
2009-07-07,2.258754253387451,2.308671313870372,2.2462747864185184,2.308671313870372,317174172
2009-07-08,2.1963579654693604,2.233795563066275,2.1298013393049584,2.2296360767033367,517566800
2009-07-09,2.1921980381011963,2.1963579280897867,2.1464406611642466,2.1755590836914966,270416592
2009-07-10,2.1797187328338623,2.1963580921831567,2.16307977718104,2.192198201883774,212893910
2009-07-13,2.1464407444000244,2.1755591680564437,2.1422810560983483,2.1713992779065387,243530533
2009-07-14,2.1797187328338623,2.1838784212850086,2.154760198430511,2.1589198868816575,286458266
2009-07-15,2.1921980381011963,2.212996680651265,2.1713991937029062,2.1880381481126054,359683080
2009-07-16,2.2088370323181152,2.233795565306573,2.1755591228989886,2.204677142254556,380676090
2009-07-17,2.1797187328338623,2.2171567362871247,2.154760198430511,2.2088371575365957,331338048
2009-07-20,2.1921980381011963,2.1963579280897867,2.1589197255853554,2.1880381481126054,325913962
2009-07-21,2.1547603607177734,2.2005179463678295,2.146440983188901,2.1963582576033933,370202111
2009-07-22,2.1672396659851074,2.179718731329937,2.1464408200472533,2.1506003066472936,281467961
2009-07-23,2.1880383491516113,2.2046773050901134,2.146440858381236,2.171399393213109,467359441
2009-07-24,2.1713995933532715,2.2005180212398257,2.1547604340328808,2.196358332333857,431930898
2009-07-27,2.2046773433685303,2.2046773433685303,2.1713994309137425,2.1755593213567734,462669154
2009-07-28,2.2088370323181152,2.2129967205334498,2.1755591228989886,2.2129967205334498,380976746
2009-07-29,2.1506004333496094,2.2629142484006213,2.079884514473276,2.2046773956043193,679204580
2009-07-30,2.221316337585449,2.2462748687416076,2.154759918088677,2.1713990734249227,595167909
2009-07-31,2.258754253387451,2.267073427054267,2.22547614578277,2.25043467602423,522870219
2009-08-03,2.2462754249572754,2.2629143825653975,2.225476778409188,2.2629143825653975,388106803
2009-08-04,2.1963579654693604,2.2504349214556,2.1797186070800354,2.2462750313962125,422523606
2009-08-05,2.1755590438842773,2.2129966401590324,2.158919686082594,2.2046770621822995,416346593
2009-08-06,2.1506004333496094,2.183878548441104,2.1131628314130184,2.158920012584545,346122144
2009-08-07,2.1173219680786133,2.1630793391685352,2.109002391012756,2.150599872645652,234942133
2009-08-10,2.1131625175476074,2.1422809396208353,2.0882037835498903,2.12980126984965,239785051
2009-08-11,2.1214823722839355,2.129801952951555,2.1006837233873115,2.11732288472255,166812326
2009-08-12,2.0382864475250244,2.125641719400598,2.0299672726835896,2.113162654366099,334976906
2009-08-13,2.075723886489868,2.08820335183282,1.9966884164575074,2.0424457832210754,384800494
2009-08-14,2.0091676712036133,2.071564398370742,2.005008387284687,2.054925446061277,240779710
2009-08-17,1.9509319067001343,2.0133282515835034,1.9342927468323925,1.9883697136301557,292234198
2009-08-18,1.980049967765808,1.9883693443061552,1.9218133227422416,1.9342923875527622,206396958
2009-08-19,1.980049967765808,1.9883693443061552,1.9218133227422416,1.9342923875527622,206396961
2009-08-20,1.9758905172348022,1.9758905172348022,1.9176536633559496,1.9176536633559496,217791203
2009-08-21,2.0216472148895264,2.0382861678339133,1.9758900438304121,1.9883691071525498,302846114
2009-08-24,2.0216472148895264,2.0382861678339133,1.9758900438304121,1.9883691071525498,302846121
2009-08-25,1.9550907611846924,2.005008426481738,1.9218130577633936,2.005008426481738,180547539
2009-08-26,1.9675706624984741,1.984209618807848,1.9342925480314825,1.946772017573818,155273918
2009-08-27,1.9550907611846924,1.9842091806057527,1.9384518085499431,1.9634103384261665,134690786
2009-08-28,1.925972819328308,1.9675707158503042,1.9176536437204081,1.9509317590897555,147699994
2009-08-31,1.8594166040420532,1.9051739828569605,1.8552567138827338,1.901014092697641,197386042
2009-09-01,1.896854281425476,1.9134932336688817,1.8552563961964752,1.8552563961964752,154149426
2009-09-02,1.896854281425476,1.896854281425476,1.896854281425476,1.896854281425476,0
2009-09-03,1.9758905172348022,1.9842096929278852,1.9176536633559496,1.9384523090575378,269608260
2009-09-04,1.996688961982727,2.013327917239046,1.9550910692213506,1.9550910692213506,189744152
2009-09-07,1.996688961982727,2.03412696454385,1.9842094932301984,2.0216474957913215,161389691
2009-09-08,2.0382864475250244,2.0466060260629217,1.9758903149596043,1.9966889585320007,256213979
2009-09-09,2.0258073806762695,2.071564759821378,1.9966889567438226,2.034126959206716,217423093
2009-09-10,2.0382864475250244,2.059085696642114,2.0091680235665,2.021647492297461,144965904
2009-09-11,2.1090025901794434,2.138121011735686,2.029967105210458,2.034126793212115,288276398
2009-09-14,2.1131625175476074,2.1256415817741394,2.0882037835498903,2.109002627623879,146244708
2009-09-15,2.092362880706787,2.113162124609637,2.0798838188007105,2.109002235459431,137891544
2009-09-16,2.0632452964782715,2.0882038291730662,2.0382863600870325,2.0840441410066743,168231885
2009-09-17,2.1256415843963623,2.138121052334725,2.1006830522160738,2.1006830522160738,257766463
2009-09-18,2.0798840522766113,2.1256414251280757,2.054925521966395,2.1214815355109047,198514715
2009-09-21,2.0674047470092773,2.0715646369518828,2.025807260520754,2.0590855726687227,140053144
2009-09-22,2.0507655143737793,2.0715643557185217,2.0341265624069003,2.0549254037516427,134551997
2009-09-23,2.0424463748931885,2.063245422540616,2.0174878406734513,2.0507659535825127,125896594
2009-09-24,2.0590856075286865,2.071564672023115,2.013327826626449,2.034126872995163,192865632
2009-09-25,2.0382864475250244,2.059085696642114,2.017487803952628,2.0341269610284223,121346343
2009-09-28,1.96341073513031,2.042446432121059,1.9550911562078777,2.034127055046867,100044161
2009-09-29,1.9717305898666382,1.9883695464874414,1.9426121634699232,1.9634108087838649,113583716
2009-09-30,1.9842095375061035,1.992529116244023,1.9550911128475037,1.9883694277991812,134910950
2009-10-09,2.0549261569976807,2.06324573695481,2.0091683663093365,2.038286795235156,228126406
2009-10-12,2.0632452964782715,2.1173222518824746,2.05908560831188,2.0840441410066743,196645281
2009-10-13,2.075723886489868,2.08820335183282,2.0466054704366083,2.0590851376277364,98641276
2009-10-14,2.0882043838500977,2.104843342783592,2.0715652230683275,2.079884803459213,165280649
2009-10-15,2.0840439796447754,2.113162400099623,2.0798840899522504,2.104842620714573,118773488
2009-10-16,2.0590856075286865,2.092363314695384,2.034126872995163,2.088203828378797,129961303
2009-10-19,2.0798840522766113,2.0882036296627513,2.0424460549630834,2.054925521966395,155972979
2009-10-20,2.1256415843963623,2.129801272477004,2.0923632723583534,2.1006830522160738,262159021
2009-10-21,2.1381216049194336,2.1547605633904587,2.1090031752848013,2.121482242751868,240665738
2009-10-22,2.1214823722839355,2.146441316135076,2.1131631953128815,2.1339618442095056,95940152
2009-10-23,2.1630802154541016,2.1713997958903044,2.1298018937092893,2.1298018937092893,240423297
2009-10-26,2.1713995933532715,2.1880385508254037,2.1547604340328808,2.1672399044473027,139705940
2009-10-27,2.1173219680786133,2.1630793391685352,2.109002391012756,2.158919449711509,161217661
2009-10-28,2.1048431396484375,2.121482096976132,2.075724712014652,2.1131629210846694,126661381
2009-10-29,2.0590856075286865,2.0840441402139875,2.0424462493247817,2.075724360187924,130366400
2009-10-30,2.1048431396484375,2.1298016765641075,2.0715650231447924,2.092363669342346,157738000
2009-11-02,2.1630802154541016,2.1838788637721938,2.0590861664705336,2.0674053432101824,322038714
2009-11-03,2.1630802154541016,2.1838788637721938,2.1506007438756587,2.1713997958903044,147453289
2009-11-04,2.1630802154541016,2.1797191744782305,2.1464412564299726,2.1630802154541016,154481894
2009-11-05,2.1921980381011963,2.212996680651265,2.1589197255853554,2.163079615573946,238856826
2009-11-06,2.1797187328338623,2.2129968459877425,2.171399355931569,2.204677267237213,155634896
2009-11-09,2.1921980381011963,2.204677102522305,2.163079615573946,2.1797185699836454,135709255
2009-11-10,2.221316337585449,2.2337954013153185,2.2129965580691167,2.221316337585449,220809843
2009-11-11,2.2254767417907715,2.2296364306622927,2.1838786419860194,2.2213168510709935,144846644
2009-11-12,2.2088370323181152,2.2296360789394627,2.200517655887446,2.221316500660569,160438570
2009-11-13,2.2171566486358643,2.221316538770793,2.1838783349493456,2.2005176936408333,131930544
2009-11-16,2.2753937244415283,2.2837133036993684,2.2213167620379393,2.233795828152327,249483963
2009-11-17,2.287872552871704,2.3377900232328823,2.2837130664472807,2.2837130664472807,240236037
2009-11-18,2.316991090774536,2.3377901387098596,2.283713179253084,2.2961922446874503,166589859
2009-11-19,2.3086721897125244,2.329471040086946,2.2795539606669575,2.321151459567522,170844890
2009-11-20,2.2795536518096924,2.2961924068975943,2.2670739799490107,2.292032718125619,195722000
2009-11-23,2.2753937244415283,2.29203268110896,2.2462752979632117,2.2795536149945725,167409213
2009-11-24,2.2129969596862793,2.3003522382825876,2.2005178936916954,2.2920326591046183,245284573
2009-11-25,2.2171566486358643,2.225476428905722,2.1589198015326847,2.2088370702142344,262656772
2009-11-26,2.1547603607177734,2.2254766844992013,2.142281294424465,2.2213167938865137,283926238
2009-11-27,2.1547603607177734,2.1547603607177734,2.1547603607177734,2.1547603607177734,0
2009-11-30,2.1755590438842773,2.1755590438842773,2.121481686111404,2.125641576023879,222817499
2009-12-01,2.1880383491516113,2.1921982395224164,2.1506003450555617,2.163079814319738,164716626
2009-12-02,2.2171566486358643,2.237955493765824,2.1963580053541323,2.2088370702142344,200847980
2009-12-03,2.1880383491516113,2.2171567743542897,2.158919923948933,2.212996883983484,167008664
2009-12-04,2.250434637069702,2.254594324755208,2.1630793790402865,2.179718331630509,375379793
2009-12-07,2.237955331802368,2.262913863412751,2.2254762678453903,2.2462749096219,166744243
2009-12-08,2.2046773433685303,2.242115348114592,2.1838784966981053,2.237955659519804,136423258
2009-12-09,2.1713995933532715,2.196358332333857,2.1630800136930763,2.183878660071177,87547216
2009-12-10,2.1797187328338623,2.204677267237213,2.16307977718104,2.1797187328338623,102470839
2009-12-11,2.1755590438842773,2.200517575966259,2.1672394659075445,2.1838782181645757,71035426
2009-12-14,2.2129969596862793,2.2296363198904645,2.129801571603079,2.1672397788280646,220746372
2009-12-15,2.1880383491516113,2.212996883983484,2.1838784587808058,2.200517818415787,106105183
2009-12-16,2.1755590438842773,2.208836952094775,2.171399153971802,2.1797185301003177,111281555
2009-12-17,2.1506004333496094,2.2005179087592235,2.1464409465045136,2.1797188597477604,101291712
2009-12-18,2.1339612007141113,2.1713992015048382,2.1173222462446275,2.1381210907176484,125181588
2009-12-21,2.1381216049194336,2.1506006723864997,2.1173227554444494,2.125642133755827,94753726
2009-12-22,2.1090025901794434,2.1464405895872147,2.084044058473072,2.1464405895872147,93367401
2009-12-23,2.1090025901794434,2.113162480029315,2.0757242787733294,2.1090025901794434,80355083
2009-12-24,2.1464407444000244,2.1506002308534717,2.0965232736905377,2.1090027422920237,97980576
2009-12-25,2.1381216049194336,2.1506006723864997,2.1298018229115154,2.1422814959233927,60789672
2009-12-28,2.1713995933532715,2.183878660071177,2.1381214765607486,2.1381214765607486,110865532
2009-12-29,2.1963579654693604,2.200517653680523,2.158919762327772,2.1713992306577095,113040820
2009-12-30,2.2421152591705322,2.2545947281563246,2.1797187216345106,2.192198190620303,365164741
2009-12-31,2.2629141807556152,2.271233759741855,2.2296362685071407,2.2379556456451386,224110942
2010-01-04,2.2254767417907715,2.2878728822566163,2.2254767417907715,2.2587548583077113,169277208
2010-01-05,2.2462754249572754,2.267074071505363,2.2129971060445115,2.2379558452290844,145916673
2010-01-06,2.221316337585449,2.2462748687416076,2.217156447827283,2.2462748687416076,104540705
2010-01-07,2.1672396659851074,2.2337956903987104,2.1589198853920823,2.2171567347573684,160763895
2010-01-08,2.1755590438842773,2.1797185301003177,2.154759998018336,2.158919686082594,100947113
2010-01-11,2.2046773433685303,2.304512089974109,2.1838784966981053,2.2961923090880476,239875416
2010-01-12,2.221316337585449,2.229635915253572,2.167239385514966,2.204676980400994,171615165
2010-01-13,2.1173219680786133,2.1797182914520543,2.0882035492722104,2.1630793391685352,400894112
2010-01-14,2.1173219680786133,2.1381208098191586,2.0965229244898724,2.129801030905106,179162575
2010-01-15,2.1131625175476074,2.12980126984965,2.10068304962464,2.121481691850411,145610064
2010-01-18,2.1131625175476074,2.1131625175476074,2.0798842055506515,2.1048427377001504,189542220
2010-01-19,2.1048431396484375,2.133961567282223,2.100683450778578,2.1131629210846694,169733338
2010-01-20,2.0507655143737793,2.1214814134673508,2.042445937466244,2.1173219277858704,229773423
2010-01-21,2.0882043838500977,2.096523762392707,2.0632458445257185,2.079884803459213,208756574
2010-01-22,2.1131625175476074,2.138121049697107,2.0590855633248806,2.071564627551412,346080036
2010-01-25,2.092362880706787,2.1381206521181513,2.0840437079509164,2.088203395252942,149970850
2010-01-26,2.075723886489868,2.104842302543128,2.0632448248432693,2.0923628372001764,161894998
2010-01-27,2.0382864475250244,2.0882039187524075,2.013327913759564,2.0840442304075744,153543134
2010-01-28,2.0216472148895264,2.046605745230208,2.0008485741710937,2.029966994134025,123075344
2010-01-29,2.0174880027770996,2.0382866483992133,2.009168221571053,2.0133281121740763,99853814
2010-02-01,1.996688961982727,2.0174878074392995,1.9800500067264077,2.013327917239046,107380130
2010-02-02,1.996688961982727,2.029967276191828,1.9883693834304517,2.00084885218298,108647738
2010-02-03,2.0466060638427734,2.0590857346523372,1.9842095264290662,2.00084888566025,199041534
2010-02-04,2.0299673080444336,2.0466060617136033,2.02164752751338,2.0299673080444336,77924047
2010-02-05,2.0050086975097656,2.009167982072237,1.9925290271883092,2.0008488074026136,116045718
2010-02-08,1.996688961982727,2.009168027038793,1.9883693834304517,2.00084885218298,49240824
2010-02-09,2.0091676712036133,2.0133275606671264,1.9925287188941485,1.9966886083576614,49537885
2010-02-10,2.0216472148895264,2.0258071045117756,2.009167747870982,2.0174875271154806,52135527
2010-02-11,2.0216472148895264,2.0258071045117756,2.0133276374932314,2.0216472148895264,38902338
2010-02-12,2.0424463748931885,2.046606063313733,2.021647529093996,2.025807419362775,68908901
2010-02-22,2.0299673080444336,2.0466060617136033,2.0258074177789065,2.038286483030784,49335012
2010-02-23,2.0091676712036133,2.0341266042882995,1.9925287188941485,2.0341266042882995,67379767
2010-02-24,2.0091676712036133,2.017487450130639,1.9925287188941485,2.0008484978211745,142190236
2010-02-25,2.0299673080444336,2.038286483030784,2.0091680585650336,2.01332794883056,184138702
2010-02-26,2.0258073806762695,2.038286445699593,2.017487802145823,2.0258073806762695,78903192
2010-03-01,2.0424463748931885,2.046606063313733,2.021647529093996,2.0299673096315547,130665949
2010-03-02,2.0424463748931885,2.054925843851292,2.0341269980520993,2.046606063313733,97640062
2010-03-03,2.0507655143737793,2.0507655143737793,2.0341265624069003,2.042445937466244,79726813
2010-03-04,2.0133273601531982,2.050765352355263,2.0091674711039826,2.0466054633060473,87080160
2010-03-05,2.0133273601531982,2.029966714501886,2.0091674711039826,2.0216469364034544,57448480
2010-03-08,2.0216472148895264,2.0258071045117756,2.009167747870982,2.0216472148895264,55530011
2010-03-09,2.0424463748931885,2.059085734120071,2.0091680601358926,2.0174878406734513,124676896
2010-03-10,2.0299673080444336,2.0632454209274766,2.02164752751338,2.038286483030784,77632515
2010-03-11,2.0382864475250244,2.063245384986947,2.0258073824905254,2.0341269610284223,127626805
2010-03-12,2.0216472148895264,2.0507656348524574,2.0133276374932314,2.0382861678339133,79828819
2010-03-15,2.0091676712036133,2.0216471377459566,1.9966886083576614,2.0216471377459566,62049341
2010-03-16,2.0050086975097656,2.025807340652619,1.9925290271883092,2.009167982072237,91114789
2010-03-17,2.0299673080444336,2.0299673080444336,2.000848883578683,2.0091680585650336,92197170
2010-03-18,2.0216472148895264,2.029966994134025,2.0133276374932314,2.029966994134025,86870443
2010-03-19,2.0216472148895264,2.0258071045117756,2.005008463793343,2.0216472148895264,71420801
2010-03-22,2.0258073806762695,2.038286445699593,2.017487802145823,2.021647490486931,100874661
2010-03-23,2.0174880027770996,2.0341271614926915,2.0133281121740763,2.029967472737919,68755532
2010-03-24,2.0299673080444336,2.0424463732963107,2.02164752751338,2.0258074177789065,86392495
2010-03-25,2.0258073806762695,2.0299672708656082,2.0050087371224996,2.0258073806762695,82865507
2010-03-26,2.0382864475250244,2.059085696642114,2.013327913759564,2.0258073824905254,167708056
2010-03-29,2.0840439796447754,2.100682932870255,2.0382862022680346,2.0549255591899276,301087290
2010-03-30,2.0882043838500977,2.0923638712731263,2.0715652230683275,2.084044694578793,114042171
2010-03-31,2.0715646743774414,2.0923633170733487,2.0632452980383675,2.0923633170733487,87560976
2010-04-01,2.0882043838500977,2.0923638712731263,2.0715652230683275,2.0715652230683275,92984984
2010-04-02,2.0840439796447754,2.092363153485205,2.0757242002597254,2.088203667489094,86744371
2010-04-06,2.0798840522766113,2.1006828948178593,2.07572416265944,2.0882036296627513,118695518
2010-04-07,2.075723886489868,2.084043664617287,2.067404310210626,2.0798837755535775,94755406
2010-04-08,2.075723886489868,2.075723886489868,2.075723886489868,2.075723886489868,0
2010-04-09,2.0674047470092773,2.0757243250462696,2.0590855726687227,2.0632452607631095,119571207
2010-04-12,2.0466060638427734,2.075724488338817,2.034126998577914,2.0715647999171973,146831045
2010-04-13,2.075723886489868,2.084043664617287,2.0424457832210754,2.0466054704366083,165258067
2010-04-14,2.0590856075286865,2.075724360187924,2.050765827502623,2.071564672023115,102678301
2010-04-15,2.0590856075286865,2.067404782010083,2.03828635931175,2.0590856075286865,81954045
2010-04-16,2.0382864475250244,2.059085696642114,2.0341269610284223,2.059085696642114,81574959
2010-04-19,1.938451886177063,2.0174875703638278,1.9259724188909997,2.0174875703638278,308797636
2010-04-20,1.9176534414291382,1.9509315532880118,1.9093336611541343,1.9467718649987382,165876624
2010-04-21,1.9342925548553467,1.938452243485304,1.9093338175308696,1.925972773898943,129417327
2010-04-22,1.9051741361618042,1.9259727812391012,1.8760557100963955,1.9259727812391012,222300829
2010-04-23,1.8926950693130493,1.9051741352444715,1.8760557091930834,1.8926950693130495,123914138
2010-04-26,1.8843753337860107,1.9010142906108698,1.8760557544494558,1.896854803714968,82060317
2010-04-27,1.8552567958831787,1.884375220892501,1.8344581515602207,1.884375220892501,152622225
2010-04-28,1.8635765314102173,1.8635765314102173,1.8302982168641329,1.8386179973488874,127343557
2010-04-29,1.8677362203598022,1.8968546446721686,1.8635765319644213,1.8635765319644213,116803880
2010-04-30,1.8885347843170166,1.8885347843170166,1.8552564747252216,1.8760553172959917,148264929
2010-05-04,1.8677362203598022,1.8718957069069495,1.8510970630818118,1.859416641720807,98072548
2010-05-05,1.8718957901000977,1.876055680528591,1.8302982987528604,1.8552568339308513,89139669
2010-05-06,1.8302980661392212,1.8594164880450283,1.8136587083881957,1.8594164880450283,125363827
2010-05-07,1.8261380195617676,1.85109675127459,1.7887000229166334,1.805339379240048,121570183
2010-05-10,1.8427767753601074,1.8427767753601074,1.8094990755086975,1.8219781372599095,73683568
2010-05-11,1.8427767753601074,1.8718951916574693,1.8302977136088954,1.8635760190048392,136566316
2010-05-12,1.896854281425476,1.9218130125628765,1.8136585109674743,1.8302978669072696,210851308
2010-05-13,1.9051741361618042,1.930132671733157,1.8802156005904513,1.8843752892362617,173365067
2010-05-14,1.8843753337860107,1.9010142906108698,1.8677363769611515,1.9010142906108698,85062659
2010-05-17,1.8261380195617676,1.8677359057498049,1.8219783318670635,1.863576218055101,97050949
2010-05-18,1.8261380195617676,1.8261380195617676,1.8261380195617676,1.8261380195617676,0
2010-05-19,1.8261380195617676,1.8594163285121974,1.8219783318670635,1.842776972188783,131638424
2010-05-20,1.8344581127166748,1.8594166468543332,1.8261383322064766,1.8302982224615758,82092010
2010-05-21,1.8552567958831787,1.8635765765695431,1.7970201477127719,1.8094996168940805,110145502
2010-05-24,1.8926950693130493,1.9010142447524188,1.8594167527696082,1.8635766432616612,137136990
2010-05-25,1.8718957901000977,1.8926950403943223,1.867736303368089,1.876055680528591,113599567
2010-05-26,1.8802154064178467,1.8926948747629957,1.8677361399209222,1.8760555163533887,132354116
2010-05-27,1.888859510421753,1.888859510421753,1.8499588414428942,1.8845370507401518,111034367
2010-05-28,1.8715702295303345,1.9018266072016503,1.867247979750075,1.8975041476848913,70228812
2010-05-31,1.8413139581680298,1.8758927973525281,1.8369917081382232,1.8672480875564035,90879571
2010-06-01,1.828347086906433,1.8456367190560543,1.819702795172987,1.8369920078495166,100827361
2010-06-02,1.8197027444839478,1.8283470359766014,1.7980906524648042,1.8197027444839478,83692188
2010-06-03,1.8240253925323486,1.845636857565752,1.8067357590851905,1.8283472241185939,83375609
2010-06-04,1.8240253925323486,1.8240253925323486,1.8110582198811205,1.8153804709404888,33826259
2010-06-07,1.7808012962341309,1.806735214242784,1.77647883674169,1.802412754750343,57224701
2010-06-08,1.7721564769744873,1.789446106180699,1.7635121867126564,1.780801396445848,47149710
2010-06-09,1.815380334854126,1.8283470870602043,1.7678349475555344,1.7764792392897075,119588789
2010-06-10,1.789446234703064,1.8067354456780085,1.7808015243473292,1.8024129856318787,58734202
2010-06-11,1.802412986755371,1.8153801571653188,1.789446235818474,1.7937686958672983,52765707
2010-06-15,1.802412986755371,1.802412986755371,1.802412986755371,1.802412986755371,0
2010-06-17,1.828347086906433,1.8326695473779748,1.8067356234949077,1.8110580839664494,75564038
2010-06-18,1.802412986755371,1.8499589986098122,1.7980905267065468,1.8240250772629674,99180708
2010-06-21,1.849958896636963,1.8542813564475258,1.8024128874033378,1.8153800570985132,85607887
2010-06-22,1.8456366062164307,1.8542815266309758,1.832669435331146,1.8456366062164307,42970414
2010-06-23,1.8326694965362549,1.8542815885578574,1.8153802843393607,1.8369919568878834,41380197
2010-06-24,1.8456366062164307,1.8499590664237033,1.819702683918927,1.8283469751238732,47918080
2010-06-25,1.8456366062164307,1.8542815266309758,1.832669435331146,1.8369918955384184,56928518
2010-06-28,1.8413139581680298,1.854281337466984,1.828346788605587,1.8456364179343479,48939699
2010-06-29,1.7808012962341309,1.8456363009922618,1.77647883674169,1.841313841499821,86992676
2010-06-30,1.7548677921295166,1.7851240737066938,1.737578578258227,1.7721569011325262,86436967
2010-07-01,1.7462226152420044,1.7678347048984595,1.7419002602316684,1.7505449702523403,37652810
2010-07-02,1.7548677921295166,1.7635126088017217,1.7332562223562644,1.750545331359274,86413406
2010-07-05,1.7548677921295166,1.7635126088017217,1.737578578258227,1.7462229754573115,55709193
2010-07-06,1.789446234703064,1.7980905255857487,1.7462226829243896,1.750545038102257,108911816
2010-07-07,1.7808012962341309,1.7937684649749557,1.772156377249249,1.7894460054825148,45153730
2010-07-08,1.7851234674453735,1.7937683860498828,1.772156299275099,1.7894459267476281,24463313
2010-07-09,1.811057686805725,1.8283466859542719,1.7678345597248593,1.7851235588734058,77080142
2010-07-12,1.8586034774780273,1.8845374014478429,1.7980907085663955,1.8110580900243962,136601239
2010-07-13,1.8369921445846558,1.8542817780212177,1.832669683791375,1.849959317227937,56622759
2010-07-14,1.8369921445846558,1.8586036096048146,1.8153804698279354,1.8369921445846558,66966899
2010-07-15,1.806735634803772,1.854281651605606,1.806735634803772,1.832669558849167,37265442
2010-07-16,1.7937686443328857,1.8110578548218936,1.780801474295481,1.8024129349726108,31370535
2010-07-19,1.811057686805725,1.8326691454779083,1.7764788495626327,1.7894460183970424,38266264
2010-07-20,1.8326694965362549,1.8499591282062289,1.8153802843393607,1.8197027446909892,55290907
2010-07-21,1.8240253925323486,1.841314396769822,1.8153804709404888,1.8369921457104537,60966723
2010-07-22,1.8413139581680298,1.8456364179343479,1.8153800385161676,1.8197024982824856,71073835
2010-07-23,1.8672484159469604,1.8845374191067812,1.836992031207629,1.8456367425240878,164808792
2010-07-26,1.8715702295303345,1.8758926890470935,1.8499587708925367,1.8715702295303345,55177770
2010-07-27,1.849958896636963,1.8629256468591109,1.849958896636963,1.8586031870485478,48697000
2010-07-28,1.8845374584197998,1.8888599190364734,1.8369920695288113,1.8499592416422797,119442840
2010-07-29,1.8845374584197998,1.8888599190364734,1.867248454899316,1.8758931663961107,82611102
2010-07-30,1.8629257678985596,1.880215398527653,1.8586033078071542,1.875892938436248,50888192
2010-08-02,1.888859510421753,1.893181970103354,1.8542813011244954,1.8586031315965743,98491067
2010-08-03,1.8586034774780273,1.888859861933843,1.8542816462016665,1.8845374014478429,90732710
2010-08-04,1.8542815446853638,1.862925835974476,1.8413141639372879,1.8499590844360052,60373723
2010-08-05,1.828347086906433,1.8542816399991378,1.8153803347014452,1.849959179527596,71196751
2010-08-06,1.8413139581680298,1.8456364179343479,1.811057788486361,1.828346788605587,67999724
2010-08-09,1.8326694965362549,1.8456366678546003,1.8240252050426178,1.8369919568878834,46228230
2010-08-10,1.802412986755371,1.8369918281998645,1.7980905267065468,1.8326693681510402,83376260
2010-08-11,1.811057686805725,1.8110576868057253,1.7937684779206788,1.7980903082348159,46379687
2010-08-12,1.7808012962341309,1.798090295257902,1.77647883674169,1.798090295257902,61026159
2010-08-13,1.7851234674453735,1.7894459267476281,1.772156299275099,1.780801217879608,95954902
2010-08-16,1.811057686805725,1.8110576868057253,1.7721563900389963,1.7808013090862693,99070520
2010-08-17,1.7980906963348389,1.8110580777046286,1.7937688650878774,1.806735617248032,116428271
2010-08-18,1.7937686443328857,1.8283468555743823,1.7851237244836031,1.8024129349726108,110122686
2010-08-19,1.806735634803772,1.8110580953023692,1.7894464220190245,1.7980907138065776,119401367
2010-08-20,1.7980906963348389,1.8110580777046286,1.7894464046312806,1.8024131567914354,110976280
2010-08-23,1.7980906963348389,1.8024131567914354,1.785123944174684,1.7937688650878774,87436076
2010-08-24,1.789446234703064,1.8024129856318787,1.7764790643011992,1.793768694749194,100827107
2010-08-25,1.763512134552002,1.7851235936451464,1.75918967494417,1.7851235936451464,108572706
2010-08-26,1.7808012962341309,1.7851235459900736,1.7678345469663026,1.7678345469663026,86948001
2010-08-27,1.7721564769744873,1.7937685659163793,1.767834646448337,1.7851236464450184,80789367
2010-08-30,1.7808012962341309,1.7937684649749557,1.77647883674169,1.7851235459900736,115941336
2010-08-31,1.763512134552002,1.7764788841659862,1.75918967494417,1.767834594159834,89699453
2010-09-01,1.763512134552002,1.7851235936451464,1.75918967494417,1.763512134552002,98548187
2010-09-02,1.7721564769744873,1.780801396445848,1.7635121867126564,1.7764789367101677,58931857
2010-09-03,1.7721564769744873,1.7721564769744873,1.759189726976976,1.7721564769744873,61764467
2010-09-06,1.7937686443328857,1.7937686443328857,1.7721565544461981,1.7721565544461981,139900067
2010-09-07,1.7851234674453735,1.7980902161426704,1.7764787585773536,1.7937683860498828,88262012
2010-09-08,1.7678347826004028,1.785123783928619,1.7591898624632423,1.7764790735279847,112261895
2010-09-09,1.7548677921295166,1.7678350695719642,1.7462229754573115,1.7678350695719642,91614226
2010-09-10,1.7591898441314697,1.767834764178545,1.7419003186421047,1.754867488976194,76847920
2010-09-13,1.763512134552002,1.767834594159834,1.750544860596758,1.75918967494417,81743259
2010-09-14,1.7462226152420044,1.772156535567503,1.7419002602316684,1.7635122450198653,71555951
2010-09-15,1.7419002056121826,1.7505449153617887,1.7332558104673421,1.7462225604869857,93850378
2010-09-16,1.7159663438796997,1.7419003707184226,1.7073220527837643,1.7419003707184226,100393277
2010-09-17,1.7116440534591675,1.7246112246723269,1.7029996571673813,1.7202888692240301,47410411
2010-09-20,1.7159663438796997,1.733255974754222,1.7116439885952017,1.7116439885952017,53911619
2010-09-21,1.7159663438796997,1.7159663438796997,1.7159663438796997,1.7159663438796997,0
2010-09-27,1.7289334535598755,1.7332558084295968,1.6986770743400812,1.7202886389521777,86382131
2010-09-28,1.7289334535598755,1.7332558084295968,1.7116438243444798,1.7159661792142011,90214087
2010-09-29,1.7332561016082764,1.7375784572091202,1.7202889299374722,1.7289337460074325,85472831
2010-09-30,1.7462226152420044,1.7505449702523403,1.7246110499268417,1.7246110499268417,73274834
2010-10-08,1.7764790058135986,1.7894461757885411,1.737578229966585,1.7505449804684912,127051302
2010-10-11,1.815380334854126,1.8240252557979364,1.7678349475555344,1.7764792392897075,258005111
2010-10-12,1.811057686805725,1.8240248556401348,1.7937684779206788,1.8067352272820887,170569078
2010-10-13,1.828347086906433,1.8369920078495166,1.802413163023366,1.8153803347014452,137785056
2010-10-14,1.8931820392608643,1.897504289363849,1.8586031994909276,1.8802152889519106,384193738
2010-10-15,2.0185298919677734,2.0228523519847563,1.8802153661548002,1.8888596569791944,438267352
2010-10-18,2.0185298919677734,2.0660754839989175,1.9882735107949892,2.0228523519847563,261868375
2010-10-19,2.0012404918670654,2.0271748354795047,1.9753065677277215,2.0271748354795047,171851935
2010-10-20,1.983951210975647,2.027174765953018,1.9709844590872467,1.9796289603461803,188636852
2010-10-21,1.949372410774231,1.9882735020738251,1.93640565998973,1.9796287918143016,140946417
2010-10-22,1.9364057779312134,1.953694989766779,1.9277608574086273,1.945050069244193,97596540
2010-10-25,1.9580172300338745,1.9580172300338745,1.9104718453010165,1.9364057677867699,147895115
2010-10-26,1.9234386682510376,1.9623397631611337,1.910471916263062,1.958017302761933,105910076
2010-10-27,1.9234386682510376,1.9493725917000735,1.9061494558638612,1.919116207851837,158250457
2010-10-28,1.9277608394622803,1.9320832996833337,1.893182206376521,1.9147936685356537,134528939
2010-10-29,1.8845374584197998,1.9320834765204467,1.8802156270127843,1.9147938437903045,124133833
2010-11-01,1.919116497039795,1.923438958090339,1.8845376475817373,1.8888601086322814,160493838
2010-11-02,1.919116497039795,1.9364061315053975,1.8888601086322814,1.919116497039795,136401052
2010-11-03,1.9796290397644043,2.0012405035152816,1.8888598852752838,1.9147938095655759,420209783
2010-11-04,1.9969185590744019,2.005562850453947,1.9580172553693453,1.9666621759585021,188320057
2010-11-05,2.0833652019500732,2.0876870329392476,1.996918514813029,2.001240345802203,373827844
2010-11-08,2.0703978538513184,2.0833652346511733,2.0531088517309883,2.0747203141179367,139211431
2010-11-09,2.066075563430786,2.0920094855836373,2.014207509388552,2.066075563430786,160148019
2010-11-10,2.0487864017486572,2.0660756136923095,1.9882736356045319,2.0487864017486572,239109615
2010-11-11,2.061753273010254,2.074720444890915,2.0012405033556666,2.0358193487220304,235600482
2010-11-12,2.0228524208068848,2.0401414225169328,1.9666621165665745,2.0401414225169328,302126271
2010-11-15,2.1611669063568115,2.165489366430914,1.9364056940723255,1.9969184572175496,922265273
2010-11-16,2.1611669063568115,2.1611669063568115,2.1611669063568115,2.1611669063568115,0
2010-11-17,2.1611669063568115,2.1611669063568115,2.1611669063568115,2.1611669063568115,0
2010-11-18,2.1611669063568115,2.1611669063568115,2.1611669063568115,2.1611669063568115,0
2010-11-19,2.1611669063568115,2.1611669063568115,2.1611669063568115,2.1611669063568115,0
2010-11-22,2.1611669063568115,2.1611669063568115,2.1611669063568115,2.1611669063568115,0
2010-11-23,2.1611669063568115,2.1611669063568115,2.1611669063568115,2.1611669063568115,0
2010-11-24,1.9441341161727905,2.00131458070411,1.9441341161727905,1.9441341161727905,518832006
2010-11-25,1.9309388399124146,1.9353374346603023,1.8913525358641334,1.9309388399124146,204020875
2010-11-26,1.9001493453979492,1.917743303340257,1.895750751044111,1.917743303340257,92830017
2010-11-29,1.8869534730911255,1.900149044325321,1.8781564955138248,1.8913520667480204,80305238
2010-11-30,1.8473670482635498,1.8957505318796257,1.8297730923552493,1.8781565759713252,114002358
2010-12-01,1.8869534730911255,1.8913520667480204,1.8341716076273222,1.8473669691250283,78024961
2010-12-02,1.917743444442749,1.9397357886205109,1.8913525055875118,1.9001494852059242,168338736
2010-12-03,1.9045478105545044,1.922141769240823,1.8869538518681859,1.9133447898976637,37457722
2010-12-06,1.90894615650177,1.926540112896915,1.9001491783041975,1.9045475625347317,46435958
2010-12-07,1.8957507610321045,1.9133447190671082,1.8737584183566118,1.9045477400496065,47645409
2010-12-08,1.869360089302063,1.8957510301002938,1.8649614943007478,1.8913526448355322,40648190
2010-12-09,1.851765751838684,1.8869536657404102,1.8473671577327129,1.864961114683576,51826119
2010-12-10,1.860563039779663,1.8781569996569116,1.8429690799024148,1.851766059841039,44015061
2010-12-13,1.8825552463531494,1.8869536306407946,1.851765717393606,1.8605626957054031,74543719
2010-12-14,1.8781570196151733,1.8913525945316056,1.869360039583068,1.8825556144995002,62069635
2010-12-15,1.8561642169952393,1.8869537478675786,1.8561642169952393,1.8869537478675786,70893185
2010-12-16,1.860563039779663,1.8693600197182874,1.847367465003454,1.860563039779663,48914390
2010-12-17,1.8561642169952393,1.8649611958535477,1.8473672381369308,1.8605628112926536,43626288
2010-12-20,1.8429687023162842,1.8649610427887966,1.820976152107269,1.856164064652491,78598994
2010-12-21,1.851765751838684,1.864961114683576,1.8341717948878211,1.8385701792572813,112584291
2010-12-22,1.838570475578308,1.8561644353647766,1.829773495685074,1.8517660502864317,82688847
2010-12-23,1.838570475578308,1.860563030179666,1.829773495685074,1.838570475578308,74278998
2010-12-24,1.838570475578308,1.8517660502864317,1.8209765157918396,1.8341720904999634,54400408
2010-12-27,1.8253750801086426,1.8561644043522667,1.8209764853672443,1.8429690396011538,73964864
2010-12-28,1.7945854663848877,1.8385703631616679,1.7901870815754755,1.8209764044509558,57170870
2010-12-29,1.8077811002731323,1.8121794852284945,1.7945855259339683,1.7945855259339683,36135708
2010-12-30,1.8649612665176392,1.8825554346374256,1.7857884537929751,1.8077810066403124,225104026
2010-12-31,1.8649612665176392,1.8737584554457964,1.838570328942751,1.8517659025984592,111064549
2011-01-04,1.8649612665176392,1.8693598609817177,1.838570328942751,1.8649612665176392,49201081
2011-01-05,1.8429687023162842,1.8649610427887966,1.8341717241799786,1.856164064652491,67185971
2011-01-06,1.8297736644744873,1.8517662211045718,1.8253752789904087,1.8385706451792083,57509795
2011-01-07,1.8913525342941284,1.8913525342941284,1.8165781015344407,1.8341720610383034,191327064
2011-01-10,1.8649612665176392,1.8957507985566058,1.8605628817900883,1.8737584554457964,112870446
2011-01-11,1.8737586736679077,1.882555653884053,1.8605630984754138,1.8649614837152102,57881661
2011-01-12,1.8869534730911255,1.8913520667480204,1.8693595179365243,1.8737581115934194,58418096
2011-01-13,1.90894615650177,1.9133445407323042,1.8825552219090527,1.891352200106625,91422151
2011-01-14,1.9133446216583252,1.922141600227971,1.8913522801024671,1.900149258672113,73508205
2011-01-17,1.860563039779663,1.9045479394727842,1.8341720999637905,1.8957509595341602,76630958
2011-01-18,1.8737586736679077,1.8737586736679077,1.8385705430667745,1.8517661182592686,52465825
2011-01-19,1.860563039779663,1.8737586145558724,1.847367465003454,1.860563039779663,41352178
2011-01-20,1.8253750801086426,1.8605629990936652,1.8253750801086426,1.8605629990936652,39855248
2011-01-21,1.8561642169952393,1.8825553633066845,1.8209763015620055,1.8253748958594198,46051093
2011-01-24,1.8429687023162842,1.8693596367252008,1.83857010837988,1.8605626585888952,31638929
2011-01-25,1.8429687023162842,1.856164064652491,1.8253747460436731,1.8429687023162842,38991637
2011-01-26,1.8473670482635498,1.8517656421088742,1.8385700703093997,1.842968664154724,27888527
2011-01-27,1.8649612665176392,1.8693598609817177,1.8297733497511217,1.838570328942751,58213855
2011-01-28,1.851765751838684,1.864961114683576,1.8473671577327129,1.8561641362081445,29689134
2011-01-31,1.869360089302063,1.869360089302063,1.842969148503832,1.851766128769909,28038306
2011-02-01,1.8737586736679077,1.882555653884053,1.856164503499065,1.8649614837152102,32352503
2011-02-09,1.8649612665176392,1.8869538193649764,1.8561642873260098,1.8649612665176392,42139559
2011-02-10,1.8781570196151733,1.8825556144995002,1.8561644646666358,1.8605630595509626,29389763
2011-02-11,1.8869534730911255,1.8869534730911255,1.8693595179365243,1.8781564955138248,52281075
2011-02-14,1.9221419095993042,1.9265405044603436,1.8825556045326854,1.8869539896571779,142475673
2011-02-15,1.90894615650177,1.9353370910944876,1.9045475625347317,1.9221415189298767,131231831
2011-02-16,1.90894615650177,1.9177431346993425,1.8957505843371592,1.9045475625347317,103424058
2011-02-17,1.9045478105545044,1.9177433844375091,1.9001494257511904,1.9089464050943497,60544854
2011-02-18,1.9045478105545044,1.9089464050943497,1.8913524464080311,1.9045478105545044,55107205
2011-02-21,1.8913525342941284,1.9001495140460598,1.8781569597979606,1.8913525342941284,55227298
2011-02-22,1.860563039779663,1.8913525744331208,1.851766059841039,1.886953979595536,72057409
2011-02-23,1.860563039779663,1.8693600197182874,1.847367465003454,1.8561644449420782,46146744
2011-02-24,1.8649612665176392,1.8693598609817177,1.8473673081343804,1.8561642873260098,44565463
2011-02-25,1.8781570196151733,1.8869539996472788,1.8561644646666358,1.8649614446987413,55717815
2011-02-28,1.8737586736679077,1.882555653884053,1.8605630984754138,1.8781570589077043,22824607
2011-03-01,1.8781570196151733,1.8913525945316056,1.8605630595509626,1.8737586344673947,37636264
2011-03-02,1.8825552463531494,1.8957506089525917,1.8649610799930483,1.8693596740172003,52913090
2011-03-03,1.8913525342941284,1.9353374330537856,1.8737585747902654,1.882555554542197,226024586
2011-03-04,1.9133446216583252,1.9265401943810503,1.8869536859493876,1.8957506645190334,94434289
2011-03-07,1.9353375434875488,1.9397359287462235,1.9133449879845157,1.9133449879845157,109516428
2011-03-08,1.9397358894348145,1.9441344843408987,1.9265405241896594,1.9353375042652792,75368153
2011-03-09,1.9441341161727905,1.9529310945824927,1.9397355220996846,1.9441341161727905,60939508
2011-03-10,1.9133446216583252,1.944134151520342,1.9133446216583252,1.9397355573672626,73602731
2011-03-11,1.8913525342941284,1.926540453301854,1.886953939549892,1.9133448788056864,55984300
2011-03-14,1.8869534730911255,1.900149044325321,1.88255508917072,1.8913520667480204,45237664
2011-03-15,1.8781570196151733,1.8869539996472788,1.8473674846345303,1.8825556144995002,77796054
2011-03-16,1.8957507610321045,1.8957507610321045,1.8737584183566118,1.8737584183566118,42748337
2011-03-17,1.8781570196151733,1.8957509796793843,1.8737586344673947,1.8869539996472788,45968646
2011-03-18,1.8737586736679077,1.90454799955614,1.8517661182592686,1.882555653884053,56909641
2011-03-21,1.90894615650177,1.9133445407323042,1.8737582437114801,1.8825552219090527,63911628
2011-03-22,1.917743444442749,1.9309388090020985,1.8957508905284488,1.9045478701468612,73401914
2011-03-23,1.9353375434875488,1.9441345237414516,1.9133449879845157,1.9133449879845157,80875062
2011-03-24,1.9397358894348145,1.9485328695104343,1.922141929283575,1.9353375042652792,83052325
2011-03-25,1.9617286920547485,1.9749240589651083,1.9353377484974539,1.9441347296832188,100608109
2011-03-28,1.9793223142623901,1.99251788864155,1.9617283549145363,1.9705253345884632,103624646
2011-03-29,1.9837205410003662,2.0057128812374776,1.9749233532217212,1.9793219471110437,108353779
2011-03-30,1.98811936378479,2.005713323750771,1.9793223838017995,1.9837209786615682,91030253
2011-03-31,1.9661266803741455,1.9969162131692473,1.9617282955385784,1.98811923376158,73641605
2011-04-01,1.9793223142623901,1.9881192939363168,1.9573297602093032,1.974923719557157,55309484
2011-04-06,2.014509916305542,2.0365024669017098,1.9837205971547147,1.9837205971547147,83819986
2011-04-07,2.0101115703582764,2.023306933178389,1.9969159978016529,2.014509954719477,51748684
2011-04-08,2.001314878463745,2.0101118581822797,1.9925178987452106,2.0101118581822797,27544385
2011-04-11,2.0189082622528076,2.036502216673341,1.9969157143589,2.0057126915691668,76653515
2011-04-12,2.027705430984497,2.0365024090256587,2.010111474902174,2.0145098590545043,68723979
2011-04-13,2.0365028381347656,2.0365028381347656,2.0013149185557144,2.01890887834524,50714437
2011-04-14,2.0365028381347656,2.045299818029528,2.023307263424349,2.0365028381347656,61414539
2011-04-15,2.0672922134399414,2.0672922134399414,2.0233073128907715,2.027705907813963,104411795
2011-04-18,2.0540966987609863,2.0672920630978404,2.0496981041576787,2.0584950836277596,39856994
2011-04-19,2.0057129859924316,2.0496978785004103,2.0057129859924316,2.0452994941178684,55402677
2011-04-20,2.0057129859924316,2.027705537114677,1.9969160074908359,2.0101115801114853,49903502
2011-04-21,2.014509916305542,2.0233068945967077,2.005712938014376,2.014509916305542,34920932
2011-04-22,1.99691641330719,2.0145103738858525,1.9925180280308012,2.0145103738858525,26639619
2011-04-25,1.9749237298965454,2.001314878793032,1.9661267501765636,1.983720919353068,42608083
2011-04-26,1.9793223142623901,2.0013148683154767,1.9705253345884632,1.974923719557157,46434519
2011-04-27,1.99691641330719,2.0057133935965212,1.98372104774147,1.98372104774147,52220005
2011-04-28,2.0189082622528076,2.054096171093875,1.9969157143589,2.0057126915691668,81373523
2011-04-29,2.0057129859924316,2.023306942995623,1.9837206446066982,2.023306942995623,36274115
2011-05-03,2.0057129859924316,2.0057129859924316,2.0057129859924316,2.0057129859924316,0
2011-05-04,1.9925180673599243,2.018909008748833,1.9881194722601603,1.9969164527231298,56789910
2011-05-05,2.0233073234558105,2.0365028985577394,1.9749238277308059,1.9881194028327347,79671315
2011-05-06,2.014509916305542,2.0409008511790394,2.005712938014376,2.0101115320282124,51896639
2011-05-09,2.0101115703582764,2.023306933178389,2.001314591899364,2.0189085488171883,22940320
2011-05-10,2.0101115703582764,2.0189085488171883,2.001314591899364,2.014509954719477,22212215
2011-05-11,1.99691641330719,2.018908968898795,1.9925180280308012,2.010111988609464,33241770
2011-05-12,1.9749237298965454,2.001314878793032,1.9749237298965454,1.9925178990730499,36433800
2011-05-13,2.014509916305542,2.0233068945967077,1.9749234091270422,1.9749234091270422,53605392
2011-05-16,1.9837205410003662,2.027705431211089,1.9749233532217212,2.0013144970846555,51617587
2011-05-17,1.9793223142623901,1.99251788864155,1.9705253345884632,1.983720908967623,38075889
2011-05-18,2.0057129859924316,2.027705537114677,1.974923456368591,1.9837206446066982,36478956
2011-05-19,2.0101115703582764,2.023306933178389,2.001314591899364,2.0101115703582764,25251982
2011-05-20,1.99691641330719,2.023307354175184,1.9925180280308012,2.010111988609464,31838663
2011-05-23,1.9617286920547485,2.0013152122589783,1.9485331154078136,1.996916616797808,61993617
2011-05-24,1.9529309272766113,1.97932186024483,1.9441339496205383,1.9617279049326841,54357471
2011-05-25,1.917743444442749,1.9529313629163987,1.9045478701468612,1.9485327682389233,40879866
2011-05-26,1.9397358894348145,1.9485328695104343,1.922141929283575,1.9265405241896594,33435376
2011-05-27,1.9309388399124146,1.9573297791901159,1.9265404549010685,1.944134414419536,57208409
2011-05-30,2.0057129859924316,2.0145099644940276,1.92654017947807,1.9309385638606122,156120417
2011-05-31,2.0057129859924316,2.0057129859924316,2.0057129859924316,2.0057129859924316,0
2011-06-01,1.9705252647399902,1.9969162028263008,1.952931306015783,1.992517818013515,69731771
2011-06-02,1.9529309272766113,1.992517431597185,1.9089460389962465,1.9617279049326841,106541612
2011-06-03,1.9397358894348145,1.9485328695104343,1.9133449492079553,1.9397358894348145,59807752
2011-06-07,1.9485327005386353,1.9573296798514035,1.9265403571249806,1.9309387419130992,55585071
2011-06-08,1.9441341161727905,1.9529310945824927,1.9177431809436836,1.9441341161727905,43881823
2011-06-09,1.9221419095993042,1.9441344644314067,1.9221419095993042,1.9397358695703675,68309690
2011-06-10,1.9441341161727905,1.9573294789190891,1.9177431809436836,1.9265401593533857,54683577
2011-06-13,1.98811936378479,2.0013149386275493,1.930938889027078,1.9353374838868467,69459597
2011-06-14,1.98811936378479,1.98811936378479,1.98811936378479,1.98811936378479,0
2011-06-15,2.072486162185669,2.072486162185669,2.072486162185669,2.072486162185669,0
2011-06-16,2.072486162185669,2.072486162185669,2.072486162185669,2.072486162185669,0
2011-06-17,1.967027187347412,1.9899529998002286,1.9486866248398593,1.9578569060936357,77924998
2011-06-20,1.9532724618911743,1.9716130299114545,1.9441019592442175,1.9624427459013143,39065639
2011-06-21,1.971612811088562,1.9807830940809221,1.9486869942892655,1.9532722451038418,45080952
2011-06-22,1.9853681325912476,1.989953383420449,1.9578572835264183,1.9716128173772296,64972340
2011-06-23,2.008294105529785,2.008294105529785,1.9716129705928263,1.976198003141541,65156220
2011-06-24,2.054145336151123,2.054145336151123,1.9945383880169687,2.003708670911701,82382111
2011-06-27,2.054145336151123,2.0633156190458553,2.0403898024906297,2.049560085385362,67198774
2011-06-28,2.0633156299591064,2.0633156299591064,2.0449750640726356,2.0587303791690927,50391599
2011-06-29,2.044975519180298,2.0587308373379902,2.0358052341962227,2.0587308373379902,62621407
2011-06-30,2.044975519180298,2.063316089148448,2.0358052341962227,2.044975519180298,50943440
2011-07-01,2.008294105529785,2.0495602730154587,1.9991238217955454,2.0495602730154587,57180743
2011-07-04,2.0266342163085938,2.0266342163085938,2.0037084028207817,2.017463934640821,46263657
2011-07-05,2.0220491886138916,2.0403897539671907,2.0128789059372423,2.0220491886138916,37299484
2011-07-06,2.003708839416504,2.0220494067483448,1.9807832395701068,2.0220494067483448,69625617
2011-07-07,1.9761977195739746,2.0220491316658853,1.971612687683173,2.003708566829121,62982287
2011-07-08,1.9899530410766602,1.9991233225206502,1.976197509592297,1.98078275963267,60669706
2011-07-11,1.9853681325912476,1.989953383420449,1.9761978495696377,1.9853681325912476,32508985
2011-07-12,1.967027187347412,1.9807827185464522,1.9624421560388994,1.9761974686011885,37912988
2011-07-13,1.9899530410766602,1.9991233225206502,1.967027228148307,1.967027228148307,42170019
2011-07-14,2.008294105529785,2.017464389264025,1.980783254327066,1.9853682868757807,59830899
2011-07-15,2.0174643993377686,2.0220494319093776,1.9853682967892599,2.003708864349319,29706504
2011-07-18,1.9991236925125122,2.01746425879491,1.9991236925125122,2.01746425879491,16688084
2011-07-19,1.9991236925125122,2.0128790079059122,1.9899534093713134,1.9945384416235148,39547899
2011-07-20,2.003708839416504,2.0174643742337888,1.999123806901948,2.0082940905678686,45898425
2011-07-21,2.003708839416504,2.012879123082424,1.9899535232360275,2.012879123082424,26019938
2011-07-22,1.9991236925125122,2.0037087247647136,1.9899534093713134,1.9991236925125122,24496069
2011-07-25,1.967027187347412,1.9899529998002286,1.9624421560388994,1.9807827185464522,26339479
2011-07-26,1.967027187347412,1.9761974686011885,1.9578569060936357,1.9624421560388994,18276501
2011-07-27,1.9624422788619995,1.971612560689715,1.9486867468020437,1.9578570286297592,42983137
2011-07-28,1.9257607460021973,1.9578568386023731,1.9257607460021973,1.9486865576647148,35834144
2011-07-29,1.9486870765686035,1.967027643327717,1.9211762264299337,1.9349315421808677,42538432
2011-08-01,1.9441016912460327,1.9624424753748169,1.934931408500034,1.9441016912460327,19907395
2011-08-02,1.9257607460021973,1.9395162767270566,1.916590465064539,1.9349310269398556,24412892
2011-08-03,1.916590929031372,1.9257612121889653,1.9074206458737788,1.921176179928567,33579256
2011-08-04,1.9074207544326782,1.9303465729498592,1.8982504707531676,1.9211762892703486,32572624
2011-08-05,1.8844950199127197,1.8982503351308193,1.8661544538640582,1.8890800521064885,68886727
2011-08-08,1.8478142023086548,1.884495340649014,1.8340586661126048,1.8799100890380538,80387082
2011-08-09,1.8799095153808594,1.8844947655926236,1.8065472610867424,1.829472965553654,80950136
2011-08-10,1.9028356075286865,1.9349314891592317,1.8844950412721475,1.9074206397744233,75457658
2011-08-11,1.9074207544326782,1.9211762892703486,1.8753248708727954,1.884495154552306,30695175
2011-08-12,1.8982502222061157,1.9165907871637182,1.8890799397273144,1.9165907871637182,26972956
2011-08-15,1.9211758375167847,1.9257608689599914,1.8753244299009293,1.9028352744704424,65382825
2011-08-16,1.9074207544326782,1.9257613217916993,1.9028357219113274,1.9074207544326782,30695311
2011-08-17,1.916590929031372,1.921176179928567,1.9028356136133804,1.9074206458737788,17290855
2011-08-18,1.916590929031372,1.9257612121889653,1.9074206458737788,1.916590929031372,33085461
2011-08-19,1.8936653137207031,1.902835596797255,1.8890800628640299,1.902835596797255,36000815
2011-08-22,1.870739459991455,1.9028355594477913,1.866154427861573,1.8936652765512367,17677637
2011-08-23,1.8844950199127197,1.8890800521064885,1.8661544538640582,1.8799097690821578,20850918
2011-08-24,1.870739459991455,1.8890800257845641,1.866154427861573,1.8890800257845641,21818193
2011-08-25,1.916590929031372,1.9257612121889653,1.8661544809830073,1.8707395132434055,73698653
2011-08-26,1.9074207544326782,1.9120060055908379,1.8936654382318168,1.9074207544326782,42043823
2011-08-29,1.870739459991455,1.8982503086811187,1.866154427861573,1.8982503086811187,49448731
2011-08-30,1.8799095153808594,1.9074203607411533,1.875324483805859,1.8844947655926236,41678558
2011-08-31,1.8982502222061157,1.9074205046849169,1.8753246253275024,1.8844949078063038,23394493
2011-09-01,1.8936653137207031,1.902835596797255,1.879909779787478,1.8982503459405817,17995038
2011-09-02,1.8799095153808594,1.8982500789543886,1.875324483805859,1.8936650473793883,15032539
2011-09-05,1.870739459991455,1.8799097428880096,1.8615691770949006,1.8753247107581275,29039771
2011-09-06,1.866154432296753,1.8753247152151018,1.8569841493784038,1.8615691815191828,25765077
2011-09-07,1.8890804052352905,1.8982506899738372,1.866154802707341,1.8707398357581972,23535359
2011-09-08,1.9028356075286865,1.9165909229026927,1.8799097903896147,1.8890800735178843,51707193
2011-09-09,1.916590929031372,1.921176179928567,1.8982503627161855,1.9120058967709737,30656375
2011-09-13,1.8982502222061157,1.9028354727639065,1.8890799397273144,1.8982502222061157,21831878
2011-09-14,1.875325083732605,1.907420970935549,1.861569547333605,1.8982506862151602,34288036
2011-09-15,1.870739459991455,1.884494993654682,1.870739459991455,1.8799097428880096,19622511
2011-09-16,1.8799095153808594,1.889079797167624,1.8615689518073302,1.8844947655926236,30132831
2011-09-19,1.866154432296753,1.870739464437532,1.8615691815191828,1.866154432296753,17776361
2011-09-20,1.866154432296753,1.879909747355881,1.8569841493784038,1.8615691815191828,18110483
2011-09-21,1.8890804052352905,1.8982506899738372,1.8615695510196506,1.8753250874458876,35791186
2011-09-22,1.834058403968811,1.8844950712962572,1.824888120694439,1.8799098203406714,43832619
2011-09-23,1.8386437892913818,1.8661546411249745,1.8157179701116468,1.8340585380007086,58326222
2011-09-26,1.811132550239563,1.8386435071702876,1.8065474089708407,1.8248879740457298,37657439
2011-09-27,1.834058403968811,1.8432286872431831,1.820302979057253,1.824888120694439,30574505
2011-09-28,1.8294732570648193,1.8523989651847494,1.8203029738168472,1.8432286819367774,16264599
2011-09-29,1.8248882293701172,1.8386437644192442,1.8157179455496368,1.8294733712803575,28014337
2011-09-30,1.8248882293701172,1.8340585131905978,1.8111328036393965,1.8248882293701172,25395720
2011-10-10,1.8294732570648193,1.8340583986888053,1.8111326905688752,1.815717832192861,37687194
2011-10-11,1.8569839000701904,1.907420340031402,1.8432283682210118,1.893665026818985,68141583
2011-10-12,1.8890804052352905,1.8982506899738372,1.843228981542557,1.843228981542557,90637627
2011-10-13,1.8936653137207031,1.8982503459405817,1.8569841814144958,1.879909779787478,52312817
2011-10-14,1.8982502222061157,1.9028354727639065,1.8707393747697116,1.879909657248513,37591461
2011-10-17,1.9028356075286865,1.912005890656956,1.8890800735178843,1.8982503566461537,30521831
2011-10-18,1.9120056629180908,1.9120056629180908,1.8890798485097113,1.8936650988460952,54337935
2011-10-19,1.916590929031372,1.9303464630861604,1.9074206458737788,1.9120058967709737,42389483
2011-10-20,1.9074207544326782,1.9211762892703486,1.8936654382318168,1.9074207544326782,43864813
2011-10-21,1.9028356075286865,1.9211761737852255,1.9028356075286865,1.9074206397744233,28046064
2011-10-24,1.9211758375167847,1.9303461190399558,1.898250024390478,1.9028352744704424,24966486
2011-10-25,1.9441016912460327,1.9578572246834243,1.9074205602620375,1.9165908430080363,55040497
2011-10-26,1.9532724618911743,1.967027778587976,1.9349316752340775,1.939516926557556,41632116
2011-10-27,1.971612811088562,1.9761978432663458,1.9486869942892655,1.962442528096202,42841290
2011-10-28,1.971612811088562,2.0128789752357865,1.9578572772816256,1.9899533770732822,60175434
2011-10-31,1.9807828664779663,1.9945381800675481,1.967027334251617,1.967027334251617,34598749
2011-11-01,1.971612811088562,1.994538409251066,1.9670275602739857,1.9761978432663458,28705787
2011-11-02,1.9807828664779663,1.98995314841661,1.9532720206620349,1.957857052312973,36650002
2011-11-03,1.9807828664779663,1.9991234303552539,1.9761976161902606,1.98995314841661,34239566
2011-11-04,1.9899530410766602,2.0037083539242673,1.98078275963267,1.9945380724802773,30882289
2011-11-07,1.9761977195739746,1.9945382844107389,1.9761977195739746,1.9807829701015551,21871844
2011-11-08,1.9853681325912476,1.9945384156128572,1.9761978495696377,1.9807831003988392,33582460
2011-11-09,1.9991236925125122,2.0082939756537113,1.985368158482316,1.9945384416235148,26424954
2011-11-10,1.9441016912460327,1.9807830408668143,1.9395166591914266,1.9716127581208156,105876430
2011-11-11,1.967027187347412,1.985367749854965,1.9486866248398593,1.9486866248398593,69219430
2011-11-14,1.9945381879806519,1.9991234382865488,1.9670273420555742,1.9716125923614713,27003481
2011-11-15,1.9807828664779663,1.9945381800675481,1.9761976161902606,1.98995314841661,28178985
2011-11-16,1.9624422788619995,1.9807828425174305,1.953271997034284,1.9761975922851902,42546823
2011-11-17,1.971612811088562,1.9807830940809221,1.9532722451038418,1.962442528096202,28493508
2011-11-18,1.971612811088562,1.9807830940809221,1.9578572772816256,1.962442528096202,29370831
2011-11-21,1.9486870765686035,1.9716128943358961,1.9441018255604243,1.9716128943358961,17108208
2011-11-22,1.9349313974380493,1.957857213490373,1.9349313974380493,1.9486869307968004,11889596
2011-11-23,1.9441016912460327,1.9486869419374253,1.925761125754035,1.934931408500034,23997431
2011-11-24,1.9624422788619995,1.9670273104574747,1.934931214742088,1.934931214742088,21367926
2011-11-25,1.9349313974380493,1.9624424641555518,1.9257611147444769,1.9532721814619796,15367721
2011-11-28,1.9395167827606201,1.9578573494211193,1.9303464994303703,1.9303464994303703,17055967
2011-11-29,1.9395167827606201,1.9395167827606201,1.9395167827606201,1.9395167827606201,0
2011-11-30,1.9211758375167847,1.948686682086298,1.9165905874368203,1.9441014320063337,45292092
2011-12-01,1.9624422788619995,1.9761975922851902,1.934931214742088,1.9486867468020437,43781667
2011-12-02,1.9486870765686035,1.9578573599481603,1.925761258801311,1.9486870765686035,25165636
2011-12-05,1.9624422788619995,1.9670273104574747,1.9395164649743284,1.953271997034284,52322629
2011-12-06,1.9257607460021973,1.9578568386023731,1.9211757148517399,1.9532718074519158,40982646
2011-12-07,1.9120056629180908,1.9303462269900864,1.8982501305457091,1.9257609766537027,43647553
2011-12-08,1.9074207544326782,1.9211762892703486,1.9028357219113274,1.9120060055908379,32158495
2011-12-09,1.9120056629180908,1.916590694617705,1.8982501305457091,1.902835380882093,25467823
2011-12-12,1.8890804052352905,1.9120062264000743,1.8890804052352905,1.9074209747123838,22306698
2011-12-13,1.9028356075286865,1.9074206397744233,1.8844950412721475,1.8890800735178843,32197964
2011-12-14,1.8799095153808594,1.9028353291661528,1.8799095153808594,1.889079797167624,18109299
2011-12-15,1.8844950199127197,1.8936653029370505,1.875324736888389,1.8799097690821578,49421964
2011-12-16,1.9120056629180908,1.9120056629180908,1.861569002401718,1.8799095664737135,38711560
2011-12-19,1.9120056629180908,1.9211759449540886,1.861569002401718,1.8982501305457091,57578551
2011-12-20,1.9028356075286865,1.930346456913495,1.8890800735178843,1.9028356075286865,28455259
2011-12-21,1.8936653137207031,1.9165909120936853,1.8890800628640299,1.9120058798738067,29073050
2011-12-22,1.9028356075286865,1.912005890656956,1.8844950412721475,1.893665324400417,27221650
2011-12-23,1.9120056629180908,1.9211759449540886,1.8982501305457091,1.907420412581707,16583139
2011-12-26,1.9120056629180908,1.916590694617705,1.8890798485097113,1.8982501305457091,23780179
2011-12-27,1.9120056629180908,1.9211759449540886,1.902835380882093,1.907420412581707,20140666
2011-12-28,1.9211758375167847,1.9257608689599914,1.889079742867307,1.9074203059136492,46645071
2011-12-29,1.9257607460021973,1.9395162767270566,1.9028351529764234,1.9120054339140815,45423477
2011-12-30,1.9441016912460327,1.9486869419374253,1.921176093699429,1.925761125754035,47705523
2012-01-04,1.9349313974380493,1.9486869307968004,1.9211760827160835,1.9441016801316215,21900869
2012-01-05,1.9486870765686035,1.9716128943358961,1.9211762264299337,1.9211762264299337,45126180
2012-01-06,1.9624422788619995,1.989953124345146,1.953271997034284,1.9578570286297592,46107639
2012-01-09,1.9761977195739746,1.9899532525199373,1.9532721228464087,1.971612687683173,57268038
2012-01-10,1.9945381879806519,2.0037084699556775,1.9624423103864455,1.9670273420555742,84437971
2012-01-11,1.9945381879806519,2.0037084699556775,1.9716125923614713,1.9945381879806519,56123975
2012-01-12,1.9853681325912476,1.9945384156128572,1.9807831003988392,1.9853681325912476,30155830
2012-01-13,1.9899530410766602,2.00829360396464,1.976197509592297,1.9899530410766602,49459442
2012-01-16,1.9761977195739746,1.9899532525199373,1.971612687683173,1.9853680019923567,22890021
2012-01-17,1.9991236925125122,2.0082939756537113,1.9624425599477169,1.9716128430889157,53352087
2012-01-18,1.9761977195739746,1.9991235349383194,1.971612687683173,1.9945382844107389,59337115
2012-01-19,1.9991236925125122,2.0037087247647136,1.9716128430889157,1.9761978753411171,95901733
2012-01-20,1.9991236925125122,2.0082939756537113,1.9899534093713134,1.9991236925125122,65292691
2012-01-30,1.957857370376587,2.012879070946997,1.9532723379807877,2.0082940385511976,64333725
2012-01-31,1.971612811088562,1.9807830940809221,1.962442528096202,1.962442528096202,23989148
2012-02-01,1.9624422788619995,1.9761975922851902,1.9578570286297592,1.971612560689715,20104205
2012-02-02,2.008294105529785,2.0220494218127394,1.9578574356730616,1.9670277194073014,78145814
2012-02-03,2.0220491886138916,2.0358047219472586,1.9899533085640109,2.0037086232605925,72800545
2012-02-06,2.0220491886138916,2.031219471290541,2.0128789059372423,2.0220491886138916,49924476
2012-02-07,1.9853681325912476,2.0220492646776864,1.9761978495696377,2.017464232485278,37435435
2012-02-08,2.0220491886138916,2.0220491886138916,1.9853680579072934,1.9853680579072934,51248928
2012-02-09,2.0266342163085938,2.0358044979763665,1.999123371305276,2.017463934640821,83430416
2012-02-10,2.012878894805908,2.0358047106891433,2.0037086121799708,2.017464145437269,52792906
2012-02-13,2.003708839416504,2.0174643742337888,1.9945385557505833,2.003708839416504,43943226
2012-02-14,1.9945381879806519,2.0037084699556775,1.9807828743364972,1.9991234382865488,62922596
2012-02-15,2.003708839416504,2.0174643742337888,1.9853682720846628,1.9945385557505833,63267210
2012-02-16,2.012878894805908,2.0312194600577826,1.9899532975594567,2.0037086121799708,102940401
2012-02-17,2.012878894805908,2.0220491774318456,1.9991235801853942,2.017464145437269,33849245
2012-02-20,2.0174643993377686,2.026634683117798,2.012879148129348,2.0220494319093776,42676368
2012-02-21,2.044975519180298,2.054145804164373,2.012879412417615,2.0174646642280725,61505843
2012-02-22,2.035804271697998,2.0403893027038804,2.0128784607583756,2.0403893027038804,72416070
2012-02-23,2.035804271697998,2.035804271697998,2.035804271697998,2.035804271697998,0
2012-02-24,2.035804271697998,2.0403893027038804,2.0128784607583756,2.031219022055379,83038242
2012-02-27,2.035804271697998,2.0403893027038804,2.0220487414068775,2.031219022055379,81628057
2012-02-28,2.0403895378112793,2.049559819516442,2.0220489744009527,2.0220489744009527,69664463
2012-02-29,2.031219482421875,2.040389765148779,2.022049199694971,2.040389765148779,64446499
2012-03-01,2.0220491886138916,2.0358047219472586,2.0174641565939595,2.031219471290541,35902500
2012-03-02,2.031219482421875,2.031219482421875,2.022049199694971,2.022049199694971,60917362
2012-03-05,2.008294105529785,2.035804956732504,1.9991238217955454,2.031219705546979,64995750
2012-03-06,1.9899530410766602,2.00829360396464,1.9899530410766602,2.00829360396464,50760943
2012-03-07,1.9807828664779663,1.9945381800675481,1.9716125845393224,1.9853678981289045,61759371
2012-03-08,1.9853681325912476,1.989953383420449,1.9761978495696377,1.9853681325912476,51575445
2012-03-09,1.9853681325912476,1.9945384156128572,1.9807831003988392,1.989953383420449,33195411
2012-03-12,1.9853681325912476,1.9853681325912476,1.9716128173772296,1.9807831003988392,43662175
2012-03-13,1.9899530410766602,1.9991233225206502,1.976197509592297,1.976197509592297,37657420
2012-03-14,1.9807828664779663,2.0128787439448357,1.9716125845393224,1.9945381800675481,80563729
2012-03-15,1.9761977195739746,2.035804664611848,1.971612687683173,1.9761977195739746,99079832
2012-03-16,1.9807828664779663,1.9945381800675481,1.9716125845393224,1.9945381800675481,42748098
2012-03-19,1.9807828664779663,1.98995314841661,1.9761976161902606,1.9807828664779663,39108673
2012-03-20,1.9807828664779663,1.98995314841661,1.9716125845393224,1.9761976161902606,25873271
2012-03-21,1.9761977195739746,1.9945382844107389,1.9761977195739746,1.9899532525199373,50210369
2012-03-22,1.9899530410766602,1.9899530410766602,1.976197509592297,1.976197509592297,16159780
2012-03-23,1.971612811088562,1.994538409251066,1.971612811088562,1.985368126258706,38200919
2012-03-26,1.9761977195739746,1.9853680019923567,1.971612687683173,1.9807829701015551,20604951
2012-03-27,1.9853681325912476,1.989953383420449,1.9761978495696377,1.9807831003988392,16655251
2012-03-28,1.9761977195739746,1.9991235349383194,1.9761977195739746,1.9853680019923567,44024005
2012-03-29,1.9624422788619995,1.9807828425174305,1.9578570286297592,1.9761975922851902,45921922
2012-03-30,1.9853681325912476,1.9853681325912476,1.9624425343556198,1.9716128173772296,38033990
2012-04-05,1.971612811088562,1.9807830940809221,1.9532722451038418,1.9761978432663458,82788734
2012-04-06,1.967027187347412,1.9716124372926758,1.9624421560388994,1.9624421560388994,42145644
2012-04-09,1.9624422788619995,1.9670273104574747,1.953271997034284,1.9670273104574747,20037368
2012-04-10,1.967027187347412,1.9716124372926758,1.9578569060936357,1.9624421560388994,27268981
2012-04-11,1.967027187347412,1.9761974686011885,1.9624421560388994,1.9624421560388994,32073610
2012-04-12,1.9991236925125122,1.9991236925125122,1.953272276806518,1.9670275921999183,54566973
2012-04-13,1.9991236925125122,2.0082939756537113,1.9807831262301145,1.9899534093713134,42495297
2012-04-16,1.9991236925125122,2.0037087247647136,1.985368158482316,1.9899534093713134,17989584
2012-04-17,1.9899530410766602,1.9991233225206502,1.98078275963267,1.9991233225206502,45788496
2012-04-18,2.008294105529785,2.008294105529785,1.9899535380613056,1.9991238217955454,46757304
2012-04-19,1.9945381879806519,2.0082937202615745,1.9945381879806519,2.0082937202615745,29994718
2012-04-20,2.0266342163085938,2.0266342163085938,1.994538121153009,1.994538121153009,63181633
2012-04-23,2.012878894805908,2.0266344280632063,2.0082938628113314,2.0220491774318456,43879376
2012-04-24,2.0220491886138916,2.0358047219472586,2.0082938739173097,2.0128789059372423,67063704
2012-04-25,2.0266342163085938,2.0266342163085938,2.0082936529730486,2.017463934640821,42632884
2012-04-26,2.012878894805908,2.0266344280632063,2.0037086121799708,2.017464145437269,38186475
2012-04-27,2.003708839416504,2.012879123082424,1.999123806901948,2.012879123082424,53920711
2012-05-02,2.0220491886138916,2.026634439270609,2.0082938739173097,2.0174641565939595,76211891
2012-05-03,1.9991236925125122,2.0220492910471113,1.9899534093713134,2.01746425879491,66001562
2012-05-04,2.008294105529785,2.0128791380784996,1.9945385706100205,1.9945385706100205,49651638
2012-05-07,2.0266342163085938,2.0358044979763665,2.0082936529730486,2.0128786844885544,96959495
2012-05-08,2.0266342163085938,2.0403895294918724,2.0082936529730486,2.0266342163085938,64042338
2012-05-09,2.008294105529785,2.031219705546979,2.008294105529785,2.017464389264025,45487362
2012-05-10,2.0174643993377686,2.026634683117798,2.008294115557739,2.0174643993377686,39506628
2012-05-11,1.9991236925125122,2.0220492910471113,1.9945384416235148,2.0082939756537113,33722672
2012-05-14,2.003708839416504,2.0174643742337888,1.9945385557505833,2.003708839416504,40536680
2012-05-15,1.9853681325912476,2.0037086986344668,1.9807831003988392,1.9991236664420586,33980415
2012-05-16,1.971612811088562,1.9991236600656423,1.962442528096202,1.9807830940809221,59407769
2012-05-17,1.9853681325912476,1.989953383420449,1.9624425343556198,1.9716128173772296,29433411
2012-05-18,1.9486870765686035,1.9807831777154528,1.9349315421808677,1.9807831777154528,55289851
2012-05-21,1.9395167827606201,1.9486870660908697,1.9257612484468452,1.9441018151073446,39166846
2012-05-22,1.9395167827606201,1.9441018151073446,1.9257612484468452,1.9395167827606201,48989887
2012-05-23,1.916590929031372,1.9395167462437537,1.9120058967709737,1.9349314953465586,40892993
2012-05-24,1.9211758375167847,1.9257608689599914,1.9120055559936135,1.9165905874368203,33521059
2012-05-25,1.916590929031372,1.9257612121889653,1.9074206458737788,1.916590929031372,21409311
2012-05-28,1.9257607460021973,1.9303459957893983,1.9074201841268805,1.916590465064539,41465624
2012-05-29,1.9349313974380493,1.9395166481032282,1.9165908320509046,1.9257611147444769,38866234
2012-05-30,1.9349313974380493,1.9486869307968004,1.9165908320509046,1.9303463654096558,40954885
2012-05-31,1.9349313974380493,1.9349313974380493,1.9349313974380493,1.9349313974380493,0
2012-06-01,1.9441016912460327,1.9441016912460327,1.9165908430080363,1.9303463764454278,48006448
2012-06-04,1.9120056629180908,1.9349312586897005,1.902835380882093,1.9349312586897005,59435341
2012-06-05,1.9257607460021973,1.944101307877514,1.916590465064539,1.9211757148517399,42277099
2012-06-06,1.9257607460021973,1.9349310269398556,1.9211757148517399,1.9257607460021973,32607491
2012-06-07,1.9211758375167847,1.939516400563127,1.9165905874368203,1.9349311504831626,31741697
2012-06-08,1.9074207544326782,1.9257613217916993,1.884495154552306,1.9257613217916993,73944245
2012-06-11,1.9120056629180908,1.9303462269900864,1.907420412581707,1.9120056629180908,56448236
2012-06-12,1.9120056629180908,1.9211759449540886,1.8982501305457091,1.9120056629180908,44681827
2012-06-13,1.9257607460021973,1.9303459957893983,1.9120054339140815,1.9120054339140815,73088970
2012-06-14,1.9031163454055786,1.932024528744057,1.8934803225829036,1.9272064024622664,50272624
2012-06-15,1.91757071018219,1.9223887224240357,1.893480648972961,1.9079346856984982,47850212
2012-06-18,1.9031163454055786,1.9223883910509287,1.8934803225829036,1.9175703796395913,42814420
2012-06-19,1.8982983827590942,1.9079344058293064,1.893480371223988,1.8982983827590942,35917475
2012-06-20,1.8982983827590942,1.9079344058293064,1.8982983827590942,1.9031163942942002,25961120
2012-06-21,1.8838443756103516,1.9031164220316612,1.879026364005024,1.8982984104263338,28326219
2012-06-25,1.8982983827590942,1.9031163942942002,1.87902633661867,1.8838443481537759,49675545
2012-06-26,1.893480658531189,1.898298670797356,1.883844633998855,1.893480658531189,21537164
2012-06-27,1.8982983827590942,1.9031163942942002,1.8742083250835637,1.893480371223988,41504777
2012-06-28,1.888662576675415,1.903116612941343,1.8838445645867725,1.8982986008527003,31671773
2012-06-29,1.9031163454055786,1.9079343568169163,1.888662311171566,1.8982983339942412,34003940
2012-07-02,1.8982983827590942,1.9079344058293064,1.888662359688882,1.9031163942942002,27465364
2012-07-03,1.888662576675415,1.903116612941343,1.888662576675415,1.8982986008527003,13098961
2012-07-04,1.8982983827590942,1.9031163942942002,1.888662359688882,1.893480371223988,19262673
2012-07-05,1.9031163454055786,1.9031163454055786,1.888662311171566,1.8934803225829036,20601672
2012-07-06,1.8838443756103516,1.8934803988210063,1.8742083523996966,1.888662387215679,31327705
2012-07-09,1.8308461904525757,1.8838444346423848,1.8163921551836626,1.8838444346423848,40458726
2012-07-10,1.8260283470153809,1.854936420217887,1.8163923226145455,1.8308463592157986,27538311
2012-07-11,1.816392183303833,1.8308462187965138,1.8067561596420458,1.8260282069656202,23297909
2012-07-12,1.8067561388015747,1.826028185902851,1.8019381270262558,1.821210174127532,46010303
2012-07-13,1.8115742206573486,1.8212102445807548,1.7971201847722393,1.8115742206573486,24603369
2012-07-16,1.8260283470153809,1.8260283470153809,1.8115743104141278,1.8163923226145455,29301690
2012-07-17,1.83566415309906,1.8453001763538746,1.821210118216838,1.8260281298442453,22386785
2012-07-18,1.845300316810608,1.8501183288047427,1.826028268834069,1.8356642928223383,23126860
2012-07-19,1.8308461904525757,1.8549362492340975,1.821210166939967,1.8453002257214888,28108423
2012-07-20,1.816392183303833,1.8356642306274074,1.8115741714729394,1.8308462187965138,18135824
2012-07-23,1.792302131652832,1.8115741790570887,1.7778480960996395,1.8067561672060246,25523592
2012-07-24,1.7730299234390259,1.7923019690953543,1.7682119120249435,1.7874839576812722,23071341
2012-07-25,1.768212080001831,1.7778481037453997,1.768212080001831,1.7778481037453997,12233453
2012-07-26,1.768212080001831,1.7730300918736153,1.7633940681300466,1.768212080001831,15717093
2012-07-27,1.792302131652832,1.792302131652832,1.768212072397511,1.7730300842485753,29330635
2012-07-30,1.7874846458435059,1.8067566989193662,1.7826666325745406,1.7923026591124709,25031278
2012-07-31,1.8067561388015747,1.8115741505768939,1.7874840917002985,1.7923021034756177,23317649
2012-08-01,1.816392183303833,1.8212101951347266,1.8019381478111522,1.8067561596420458,24970446
2012-08-02,1.8212101459503174,1.8260281576510937,1.811574122548765,1.811574122548765,22996303
2012-08-03,1.8260283470153809,1.8356643714162162,1.8212103348149633,1.8212103348149633,16382239
2012-08-06,1.816392183303833,1.840482242458301,1.8115741714729394,1.8260282069656202,29804035
2012-08-07,1.8019382953643799,1.821210344266062,1.7923022709135388,1.8163923320406417,39674761
2012-08-08,1.8212101459503174,1.8308461693518698,1.8019380991472125,1.8019380991472125,31185707
2012-08-09,1.8115742206573486,1.826028256542458,1.8067562086956455,1.8212102445807548,18648220
2012-08-10,1.8260283470153809,1.8308463592157986,1.8115743104141278,1.8115743104141278,20150272
2012-08-13,1.83566415309906,1.8453001763538746,1.821210118216838,1.8260281298442453,27974403
2012-08-14,1.845300316810608,1.859754352793012,1.8404823048164731,1.845300316810608,23057399
2012-08-15,1.8308461904525757,1.8549362492340975,1.8308461904525757,1.8404822139651844,24353665
2012-08-16,1.8308461904525757,1.8453002257214888,1.8260281786962713,1.8308461904525757,11028523
2012-08-17,1.845300316810608,1.8501183288047427,1.8308462808282036,1.8308462808282036,27871003
2012-08-20,1.8501182794570923,1.8501182794570923,1.830846231994591,1.8356642438602164,16030788
2012-08-21,1.845300316810608,1.859754352793012,1.8115742328516646,1.8501183288047427,47347236
2012-08-22,1.845300316810608,1.845300316810608,1.826028268834069,1.8404823048164731,24056315
2012-08-23,1.83566415309906,1.8453001763538746,1.8260281298442453,1.8404821647264673,34482128
2012-08-24,1.83566415309906,1.8404821647264673,1.8260281298442453,1.8308461414716526,22783686
2012-08-27,1.8404821157455444,1.8501181387439147,1.8212100697488038,1.8308460927471741,38475402
2012-08-28,1.8549364805221558,1.8549364805221558,1.8308464187368958,1.8404824434509999,31798480
2012-08-29,1.8501182794570923,1.8549362913227176,1.8356642438602164,1.8453002675914671,15010929
2012-08-30,1.8549364805221558,1.8549364805221558,1.8356644310939478,1.8356644310939478,21460855
2012-08-31,1.8404821157455444,1.8549361502430999,1.8404821157455444,1.8501181387439147,21208757
2012-09-03,1.816392183303833,1.8501182661200881,1.8067561596420458,1.8453002542891945,47772068
2012-09-04,1.8019382953643799,1.821210344266062,1.7923022709135388,1.811574319815221,21838054
2012-09-05,1.7826662063598633,1.8067562669450365,1.773030182125794,1.7971202427109672,31658815
2012-09-06,1.7874846458435059,1.7923026591124709,1.7682125927676455,1.7826666325745406,24600546
2012-09-07,1.8308461904525757,1.8549362492340975,1.7874840846458364,1.7874840846458364,102545356
2012-09-10,1.8308461904525757,1.8308461904525757,1.8115741434273582,1.821210166939967,30665208
2012-09-11,1.8260283470153809,1.8260283470153809,1.8019382860132924,1.8212103348149633,23898608
2012-09-12,1.8067561388015747,1.83084619767817,1.7971201152509366,1.821210174127532,30446284
2012-09-13,1.8067561388015747,1.816392162352213,1.7923021034756177,1.8067561388015747,21595790
2012-09-14,1.8212101459503174,1.8260281576510937,1.8067561108479886,1.811574122548765,44337185
2012-09-17,1.8067561388015747,1.821210174127532,1.8067561388015747,1.821210174127532,18643366
2012-09-18,1.7826662063598633,1.811574279062071,1.7826662063598633,1.8067562669450365,18677162
2012-09-19,1.7826662063598633,1.7923022305939327,1.7778481942428286,1.787484218476898,23811981
2012-09-20,1.7730299234390259,1.7874839576812722,1.7682119120249435,1.777847934853108,32979081
2012-09-21,1.7633942365646362,1.7730302612286117,1.7633942365646362,1.768212248896624,20841047
2012-09-24,1.753758192062378,1.768212228894839,1.7393040403594433,1.758576204339865,34200116
2012-09-25,1.7585761547088623,1.763394166850374,1.7393039912723447,1.7489401304258387,22093165
2012-09-26,1.753758192062378,1.758576204339865,1.7344860280819563,1.758576204339865,19912907
2012-09-27,1.7971200942993164,1.8308461763333563,1.744121850518222,1.7537579888269794,49289262
2012-09-28,1.8067561388015747,1.821210174127532,1.7730300563743413,1.7826660799249794,49966346
2012-10-08,1.8067561388015747,1.816392162352213,1.7923021034756177,1.8067561388015747,24608142
2012-10-09,1.8308461904525757,1.8453002257214888,1.8067561316710539,1.8115741434273582,39681934
2012-10-10,1.8308461904525757,1.83566420220888,1.821210166939967,1.83566420220888,18519667
2012-10-11,1.8404821157455444,1.8453001272447296,1.816392058249619,1.826028081247989,28836377
2012-10-12,1.8501182794570923,1.8549362913227176,1.8356642438602164,1.8453002675914671,48116865
2012-10-15,1.8404821157455444,1.8549361502430999,1.8308460927471741,1.8501181387439147,18025378
2012-10-16,1.8404821157455444,1.8453001272447296,1.826028081247989,1.8404821157455444,24740709
2012-10-17,1.8549364805221558,1.8597544928792078,1.8404824434509999,1.8453004558080517,33130220
2012-10-18,1.8742082118988037,1.8838442343870896,1.8549360520517828,1.8597540632959257,45943896
2012-10-19,1.8838443756103516,1.888662387215679,1.869390340794369,1.8742083523996966,27429984
2012-10-22,1.8838443756103516,1.8934803988210063,1.8742083523996966,1.879026364005024,32004470
2012-10-23,1.8790266513824463,1.898298700751214,1.8790266513824463,1.8838446637246382,40392622
2012-10-24,1.8742082118988037,1.8886622456312328,1.8693902006546608,1.8790262231429466,20792109
2012-10-25,1.8597544431686401,1.8742085947239175,1.854936430940372,1.8742085947239175,22039095
2012-10-26,1.8501182794570923,1.8645723150539684,1.8404822557258418,1.8549362913227176,19910838
2012-10-29,1.83566415309906,1.8501181879812818,1.8308461414716526,1.8404821647264673,17430244
2012-10-30,1.83566415309906,1.8404821647264673,1.821210118216838,1.8404821647264673,27342464
2012-10-31,1.8404821157455444,1.8501181387439147,1.8308460927471741,1.8356641042463593,19402727
2012-11-01,1.8645721673965454,1.8742083052351641,1.8453001214602176,1.8453001214602176,37581349
2012-11-02,1.8838443756103516,1.8934803988210063,1.8597542027132565,1.864572214318584,44683040
2012-11-05,1.8790266513824463,1.8838446637246382,1.8693906266980624,1.8742086390402544,65047945
2012-11-06,1.869390606880188,1.879026631462418,1.8501184428452542,1.874208619171303,53279346
2012-11-07,1.869390606880188,1.874208619171303,1.8549364551363692,1.8645724797185992,35901550
2012-11-08,1.8645721673965454,1.8693902937510822,1.8501181329442995,1.8645721673965454,31196232
2012-11-09,1.869390606880188,1.869390606880188,1.8501184428452542,1.8597544674274842,67949983
2012-11-12,1.8790266513824463,1.8790266513824463,1.8501184624588196,1.8693906266980624,52483101
2012-11-13,1.8597544431686401,1.8742085947239175,1.8501184187121036,1.8742085947239175,43125925
2012-11-14,1.8645721673965454,1.8693902937510822,1.8453001214602176,1.8597541559124635,45751429
2012-11-15,1.8501182794570923,1.8645723150539684,1.8453002675914671,1.859754303188343,36776485
2012-11-16,1.845300316810608,1.8549363407988773,1.8404823048164731,1.8501183288047427,55659859
2012-11-19,1.8549364805221558,1.8549364805221558,1.8356644310939478,1.8453004558080517,31148979
2012-11-20,1.845300316810608,1.8549363407988773,1.8308462808282036,1.8549363407988773,20214740
2012-11-21,1.8501182794570923,1.8549362913227176,1.8356642438602164,1.8453002675914671,17936603
2012-11-22,1.8501182794570923,1.8549362913227176,1.8404822557258418,1.8501182794570923,19569055
2012-11-23,1.8549364805221558,1.8597544928792078,1.8501184681651037,1.8549364805221558,27461153
2012-11-26,1.8549364805221558,1.8597544928792078,1.8404824434509999,1.8501184681651037,20849739
2012-11-27,1.8597544431686401,1.8597544431686401,1.8453004064838354,1.8501184187121036,47665603
2012-11-28,1.8645721673965454,1.8693902937510822,1.8501181329442995,1.8549361444283814,41603264
2012-11-29,1.869390606880188,1.879026631462418,1.8597544674274842,1.8645724797185992,53407665
2012-11-30,1.869390606880188,1.874208619171303,1.8597544674274842,1.869390606880188,42702868
2012-12-03,1.8597544431686401,1.8742085947239175,1.854936430940372,1.8693905824956492,26701846
2012-12-04,1.8501182794570923,1.8645723150539684,1.8501182794570923,1.859754303188343,24496737
2012-12-05,1.8790266513824463,1.893480688409022,1.8404824377744358,1.8501184624588196,83900189
2012-12-06,1.888662576675415,1.888662576675415,1.8645724013617329,1.8790265524981298,51770570
2012-12-07,1.893480658531189,1.9031166830635229,1.8693905972003542,1.888662646265022,110844127
2012-12-10,1.9031163454055786,1.9127523682282537,1.888662311171566,1.8934803225829036,113002349
2012-12-11,1.9031163454055786,1.9223883910509287,1.8934803225829036,1.8982983339942412,79775441
2012-12-12,1.9272067546844482,1.9320248818468144,1.8982986809330953,1.9031166932249874,80522393
2012-12-13,1.9031163454055786,1.9272064024622664,1.8982983339942412,1.9223883910509287,51763549
2012-12-14,1.9753867387771606,1.9898408895075024,1.8982985475244891,1.9031165594777812,137637472
2012-12-17,1.9705690145492554,1.9850229368065386,1.9512969650455765,1.9753869120546992,76989168
2012-12-18,1.9850226640701294,1.9898407906545283,1.9561145937864968,1.960932720370896,118725548
2012-12-19,1.9753867387771606,1.9946587865903285,1.9705688416943345,1.9802048656009186,56809023
2012-12-20,1.9609328508377075,1.9753867720707268,1.956114723932744,1.9753867720707268,48457063
2012-12-21,1.9320249557495117,1.9705690555590156,1.9272068284028454,1.9657509282123493,49181694
2012-12-24,1.936842679977417,1.9561147281570184,1.9320247828029848,1.9320247828029848,36914338
2012-12-25,1.9946585893630981,1.9994767157104507,1.9272064286865243,1.9368424516403204,96464874
2012-12-26,1.965750813484192,1.9946588866541426,1.9512968917696882,1.9946588866541426,62607995
2012-12-27,1.9512969255447388,1.9705689746582862,1.946478798395878,1.9657508475094256,51935397
2012-12-28,1.9753867387771606,1.9850227626837444,1.9512967938811667,1.9561146909639928,67687673
2012-12-31,1.9994770288467407,2.0139309506705962,1.9705689554580847,1.9753868528190548,110538906
2013-01-04,2.033202886581421,2.042838910508691,2.013930838726881,2.0187489655609823,118413534
2013-01-07,2.0380210876464844,2.0476571119247278,2.023566936358649,2.028385063368241,82037683
2013-01-08,1.9946585893630981,2.0428387041320795,1.9802046698028581,2.0380208075256356,93522655
2013-01-09,1.9994770288467407,2.0187490777725112,1.9898410043838552,1.9898410043838552,72087117
2013-01-10,2.0380210876464844,2.0380210876464844,1.9946588635239186,1.9994769905335106,78923617
2013-01-11,2.023566961288452,2.0428390100823655,2.0139309368914957,2.038021112754359,57032798
2013-01-14,2.0669291019439697,2.0765651259493123,2.009112957911913,2.0187489819172555,112680174
2013-01-15,2.0524752140045166,2.071747262326921,2.0476570870534463,2.0621112381657185,75281665
2013-01-16,2.057293176651001,2.0669292011186964,2.013930951675899,2.0524752792876257,57210158
2013-01-17,2.0187487602233887,2.0524749554088304,2.0187487602233887,2.047656829064806,58656901
2013-01-18,2.033202886581421,2.0524751641768932,2.023566862654151,2.038021013415522,58612565
2013-01-21,2.023566961288452,2.033202985685409,2.009113039563489,2.033202985685409,65157834
2013-01-22,2.0476572513580322,2.076565326161231,2.009113151620434,2.023567074151555,178863829
2013-01-23,2.0187487602233887,2.042838702720782,2.0139306338793643,2.042838702720782,128924538
2013-01-24,2.0476572513580322,2.081383453498909,2.023567074151555,2.023567074151555,161325446
2013-01-25,2.0380210876464844,2.0669291604812146,2.0332029606368924,2.0476571119247278,86341082
2013-01-28,2.0669291019439697,2.0765651259493123,2.02356687904946,2.047657053933284,104345990
2013-01-29,2.0669291019439697,2.071747228817108,2.0428389270601457,2.0621112048117656,139339618
2013-01-30,2.1151092052459717,2.12474522917512,2.0476570377419336,2.0669290856002305,225518857
2013-01-31,2.119927167892456,2.1488352374409683,2.095836995064905,2.119927167892456,251651319
2013-02-01,2.144017219543457,2.1536532432142237,2.0958371011896237,2.115109148531157,185844003
2013-02-04,2.153653144836426,2.1825614442691355,2.13438109837523,2.144017121605828,203738622
2013-02-05,2.1247453689575195,2.1440174180836826,2.115109344394438,2.1391995206726153,143892193
2013-02-06,2.129563093185425,2.139199115925322,2.095836898725332,2.1247449669450242,127359768
2013-02-07,2.0862011909484863,2.1247452877272486,2.0572931183644148,2.1247452877272486,153673298
2013-02-08,2.095837116241455,2.1102912667218745,2.071747171761993,2.0862010925014847,129047409
2013-02-18,2.0765650272369385,2.1151091214260633,2.0765650272369385,2.105473097878782,67637621
2013-02-19,2.0524752140045166,2.0910193106493256,2.0476570870534463,2.0862011836982552,67306532
2013-02-20,2.0428390502929688,2.062111329207175,2.0332030257063396,2.062111329207175,61248786
2013-02-21,2.0139307975769043,2.0380209717733186,1.980204829391037,2.0283849480429383,121054930
2013-02-22,1.9946585893630981,2.0187487616180433,1.9898406927566545,2.0042946123168943,70086603
2013-02-25,1.9946585893630981,2.0139306352706905,1.9898406927566545,1.9994767157104507,46687901
2013-02-26,1.9753867387771606,2.0139308344034963,1.9561146909639928,1.9898408895075024,90367940
2013-02-27,2.0139307975769043,2.0139307975769043,1.975386702655383,1.975386702655383,83121377
2013-02-28,2.0283849239349365,2.052475097845032,1.9946587264089883,2.0091128767032305,115876592
2013-03-01,2.009113073348999,2.038021147025991,1.9946589216400294,2.038021147025991,59157854
2013-03-04,1.965750813484192,2.0139309354341095,1.9416608673797047,1.9946588866541426,139516945
2013-03-05,2.0139307975769043,2.033202845037665,1.9609327819302764,1.9705688056606567,100419348
2013-03-06,2.009113073348999,2.0235669953170214,1.9994770487900018,2.0187490979079965,60037664
2013-03-07,1.9898408651351929,2.013930809736124,1.9705688175580762,2.004294785947566,55712780
2013-03-08,1.9850226640701294,1.999476814082406,1.980204767226651,1.9898407906545283,30004909
2013-03-11,1.9850226640701294,1.9898407906545283,1.9657506172143744,1.9850226640701294,23162001
2013-03-12,1.9898408651351929,2.013930809736124,1.9753867145818909,1.9802048413466344,56166200
2013-03-13,1.9898408651351929,1.9946587621590075,1.9753867145818909,1.9898408651351929,36675449
2013-03-14,2.0042948722839355,2.0042948722839355,1.9705689024416768,1.9802049266453134,40704560
2013-03-15,2.0139307975769043,2.033202845037665,1.9898408531214173,1.9994768768517976,89875861
2013-03-18,1.9609328508377075,2.018748995251656,1.956114723932744,2.0042948442777013,83850520
2013-03-19,1.965750813484192,1.985022862264159,1.9561147890942083,1.965750813484192,59011541
2013-03-20,2.009113073348999,2.0187490979079965,1.9657508479630375,1.9705689751130098,103587286
2013-03-21,2.009113073348999,2.028385122466994,1.9994770487900018,2.004294946199027,50281774
2013-03-22,2.0139307975769043,2.018748924312558,2.004294773846524,2.0091129005821777,40380866
2013-03-25,2.0187487602233887,2.028384783170528,2.0091127372762494,2.0187487602233887,35176263
2013-03-26,1.9898408651351929,2.018748936500868,1.9802048413466344,2.013930809736124,43163875
2013-03-27,1.9850226640701294,2.013930734353762,1.980204767226651,1.9946586874980068,40676271
2013-03-28,1.9320249557495117,1.9850229781171012,1.9272068284028454,1.9850229781171012,157197997
2013-03-29,1.9512969255447388,1.956114822952652,1.9368427738391043,1.9416609009879648,39410391
2013-04-01,1.9561148881912231,1.9657509130693689,1.9464788633130774,1.9512969906226278,49566923
2013-04-02,1.9561148881912231,1.9609330155007736,1.9512969906226278,1.9609330155007736,49108125
2013-04-03,1.9705690145492554,1.9946589615583779,1.960932989797416,1.9657508873028597,49636363
2013-04-08,1.9609328508377075,1.970568874906699,1.9416608026997249,1.9512968267687163,65522853
2013-04-09,1.9609328508377075,1.9753867720707268,1.956114723932744,1.970568874906699,49140687
2013-04-10,1.9609328508377075,1.970568874906699,1.9609328508377075,1.9657507480017355,21560730
2013-04-11,1.965750813484192,1.9753868378741755,1.9609329161596718,1.9705689405496554,21722017
2013-04-12,1.9609328508377075,1.970568874906699,1.956114723932744,1.9657507480017355,33666531
2013-04-15,1.9464787244796753,1.96575077286138,1.9416608272547184,1.9561147486705277,43407375
2013-04-16,1.9464787244796753,1.9561147486705277,1.936842700288823,1.9464787244796753,39184563
2013-04-17,1.9464787244796753,1.9512968514455709,1.936842700288823,1.9464787244796753,38897888
2013-04-18,1.9561148881912231,1.9609330155007736,1.9368428384349317,1.941660965744482,29713214
2013-04-19,1.9802049398422241,1.9850228371056815,1.9512968670386588,1.9609328913065138,70008889
2013-04-22,1.9753867387771606,1.9898408895075024,1.9705688416943345,1.9753867387771606,52167033
2013-04-23,1.9609328508377075,1.9802048989756904,1.956114723932744,1.9802048989756904,53760220
2013-04-24,1.9753867387771606,1.9802048656009186,1.9561146909639928,1.9609328177877507,40251291
2013-04-25,1.965750813484192,1.9753868378741755,1.9561147890942083,1.9705689405496554,43272265
2013-04-26,1.9512969255447388,1.9753868720661993,1.9512969255447388,1.9705689746582862,48236100
2013-05-02,1.9609328508377075,1.9657507480017355,1.9416608026997249,1.9512968267687163,58032125
2013-05-03,1.965750813484192,1.9898409893296225,1.9561147890942083,1.9609329161596718,68244253
2013-05-06,1.9753867387771606,1.9850227626837444,1.9657507148705766,1.9705688416943345,42808178
2013-05-07,1.9705690145492554,1.9802050393010948,1.9657508873028597,1.9705690145492554,43728895
2013-05-08,1.9753867387771606,1.9850227626837444,1.9705688416943345,1.9753867387771606,58091323
2013-05-09,1.9705690145492554,1.9850229368065386,1.9705690145492554,1.9802050393010948,31639840
2013-05-10,1.9802049398422241,1.9850228371056815,1.9705689155743689,1.9705689155743689,43099078
2013-05-13,1.9753867387771606,1.9850227626837444,1.9705688416943345,1.9850227626837444,31201268
2013-05-14,1.965750813484192,1.985022862264159,1.9561147890942083,1.9753868378741755,32641428
2013-05-15,1.9561148881912231,1.9705690403789191,1.9561148881912231,1.9657509130693689,26143732
2013-05-16,1.9705690145492554,1.9802050393010948,1.9512969650455765,1.9561148625510203,38224841
2013-05-17,2.0042948722839355,2.013930896487572,1.9705689024416768,1.9705689024416768,69448437
2013-05-20,2.0187487602233887,2.033202679773643,2.0042946109322255,2.0091127372762494,90944884
2013-05-21,2.023566961288452,2.0283850883574024,2.004294912494539,2.0139309368914957,45848717
2013-05-22,2.0042948722839355,2.023566920691209,2.0042948722839355,2.01874902345986,39746131
2013-05-23,2.0042948722839355,2.028385047663497,1.9994769750525867,2.0042948722839355,64477222
2013-05-24,2.0042948722839355,2.023566920691209,1.9994769750525867,2.013930896487572,37241058
2013-05-27,1.9898408651351929,2.013930809736124,1.9898408651351929,1.999476888923751,30953794
2013-05-28,2.0187487602233887,2.0235666568265036,1.989840691381971,1.994658587985086,49309090
2013-05-29,2.0283849239349365,2.0332028208724005,2.0139307736406944,2.0187489003190833,49039390
2013-05-30,2.023566961288452,2.033202985685409,2.0139309368914957,2.0187490639604455,40534464
2013-05-31,2.0139307975769043,2.0380209717733186,2.0139307975769043,2.0235668213072846,26410450
2013-06-03,2.0283849239349365,2.0380209475507898,2.0139307736406944,2.0235667972565476,46775452
2013-06-04,2.033202886581421,2.038021013415522,2.0187489655609823,2.028384989488252,72423059
2013-06-05,2.0283849239349365,2.0428388444882537,2.0187489003190833,2.0283849239349365,58602060
2013-06-06,1.9994770288467407,2.042839024059252,1.9946589017448255,2.0332029995963667,80415570
2013-06-07,2.009113073348999,2.0187490979079965,1.9994770487900018,1.9994770487900018,57682406
2013-06-13,1.9946585893630981,1.9994767157104507,1.9609326238952658,1.9994767157104507,80299938
2013-06-14,2.0042948722839355,2.0091129992562236,1.9753867996730257,1.98984095084895,67631529
2013-06-17,1.9850226640701294,2.013930734353762,1.9850226640701294,2.004294710925884,28879549
2013-06-18,2.0042948722839355,2.0091129992562236,1.9850228238766623,1.9994769750525867,39691835
2013-06-19,1.9994770288467407,2.0042949262077108,1.98502287728194,2.0042949262077108,28786560
2013-06-20,1.9561148881912231,1.9994771150133563,1.9464788633130774,1.994658987703806,45461374
2013-06-21,1.936842679977417,1.9561147281570184,1.9272066558876164,1.9512968309825862,68528987
2013-06-24,1.8790266513824463,1.9416609267014162,1.8645724994853954,1.9416609267014162,88041814
2013-06-25,1.9079347848892212,1.9127527973815484,1.8356644826338349,1.8693906849506037,147931273
2013-06-26,1.9176766872406006,1.9433140515923606,1.7433424874000354,1.9433140515923606,162884487
2013-06-27,1.9535692930221558,1.9638242403150319,1.9074220302042122,1.9125495038506504,100605048
2013-06-28,2.061246156692505,2.071501102964718,1.9484416254495565,1.95869657172177,160012547
2013-07-01,2.066373825073242,2.0715011761418736,2.020226442969493,2.030481389603969,195591804
2013-07-02,2.061246156692505,2.066373752077214,2.0253538447397585,2.035608791011972,173295894
2013-07-03,2.020226240158081,2.045863604170525,2.0099712945531034,2.0356086585655473,198895491
2013-07-04,2.0048437118530273,2.0253536019387117,1.9997162393316064,2.0048437118530273,89915383
2013-07-05,2.02535343170166,2.0304809037921014,1.9997160712494522,2.0048435433398937,60555675
2013-07-08,2.02535343170166,2.0304809037921014,1.9997160712494522,2.015098487520777,93260795
2013-07-09,2.02535343170166,2.0304809037921014,1.9997160712494522,2.015098487520777,118351110
2013-07-10,2.015099048614502,2.030481469168981,1.9997166280600234,2.015099048614502,81234143
2013-07-11,2.040736436843872,2.0612463311239333,2.0099715954237807,2.015099068993796,164164501
2013-07-12,2.0304813385009766,2.0407362848773567,2.0048439725600256,2.035608811689167,131031250
2013-07-15,2.020226240158081,2.0356086585655473,2.0150987673555925,2.0304811857630587,73051077
2013-07-16,2.02535343170166,2.0304809037921014,2.0099710154303354,2.015098487520777,59191562
2013-07-17,2.02535343170166,2.035608375882543,2.0099710154303354,2.0202259596112184,67698825
2013-07-18,2.015099048614502,2.0253539956508213,2.0099715750963427,2.0202265221326616,65355361
2013-07-19,2.02535343170166,2.02535343170166,1.9997160712494522,2.015098487520777,113155438
2013-07-22,2.015099048614502,2.0202265221326616,1.994589154541864,2.0099715750963427,132711324
2013-07-23,2.015099048614502,2.0253539956508213,1.9997166280600234,2.004844101578183,102304963
2013-07-24,2.0099711418151855,2.0202260866408888,1.9997161969894826,2.0150986142280374,53214854
2013-07-25,2.0048437118530273,2.0202261294172903,2.0048437118530273,2.0150986568958693,38625873
2013-07-26,2.0048437118530273,2.0150986568958693,1.9997162393316064,1.9997162393316064,36040454
2013-07-29,1.994588851928711,2.00484379740918,1.9894613791884765,1.9997163246689456,39507251
2013-07-30,2.0048437118530273,2.0150986568958693,1.9894612942887644,1.9997162393316064,49860182
2013-07-31,1.994588851928711,2.0099712701494146,1.9945888519287112,2.0099712701494146,29717933
2013-08-01,2.0048437118530273,2.0150986568958693,1.9945887668101854,1.9997162393316064,40477924
2013-08-02,2.0048437118530273,2.0202261294172903,2.0048437118530273,2.0150986568958693,32883679
2013-08-05,2.0099711418151855,2.0150986142280374,1.9997161969894826,2.0099711418151855,16254603
2013-08-06,1.9997166395187378,2.0150990601613605,1.9997166395187378,2.004844113066279,32512450
2013-08-07,1.994588851928711,2.0099712701494146,1.9945888519287112,1.9997163246689456,35240578
2013-08-08,1.9997166395187378,2.0099715866138195,1.994589165971197,1.994589165971197,22868062
2013-08-09,2.0048437118530273,2.0099711843744483,1.9945887668101854,2.0048437118530273,30281147
2013-08-12,2.02535343170166,2.0304809037921014,1.9997160712494522,2.0048435433398937,49523213
2013-08-13,2.02535343170166,2.0304809037921014,2.0099710154303354,2.02535343170166,35574933
2013-08-14,2.020226240158081,2.0356086585655473,2.0150987673555925,2.0253537129605697,30336943
2013-08-15,2.02535343170166,2.035608375882543,2.0202259596112184,2.02535343170166,34227130
2013-08-16,2.02535343170166,2.2304524375679002,2.015098487520777,2.02535343170166,188160943
2013-08-19,2.015099048614502,2.0253539956508213,1.9997166280600234,2.004844101578183,72007976
2013-08-20,2.0099711418151855,2.0253535590537406,2.004843669402334,2.0150986142280374,52095360
2013-08-21,2.0099711418151855,2.0202260866408888,1.9997161969894826,2.0150986142280374,31513490
2013-08-22,2.0048437118530273,2.0202261294172903,1.9740787544759133,2.0150986568958693,39646815
2013-08-23,1.994588851928711,2.015098742889649,1.9792063114594145,2.0099712701494146,36744780
2013-08-26,2.015099048614502,2.0202265221326616,1.9843340852569331,1.994589154541864,33245153
2013-08-27,1.9997166395187378,2.0150990601613605,1.9997166395187378,2.0099715866138195,27050230
2013-08-28,1.9894615411758423,1.9997164874912967,1.9843339457695117,1.9997164874912967,29837169
2013-08-29,1.9843336343765259,1.9997161736843947,1.979206162023431,1.9997161736843947,23135089
2013-08-30,1.9997166395187378,1.9997166395187378,1.979206623079962,1.984334096627503,31990418
2013-09-02,1.994588851928711,1.9997163246689456,1.9894613791884765,1.9997163246689456,37010505
2013-09-03,2.020226240158081,2.020226240158081,1.9894614033431486,1.999716348948126,56771016
2013-09-04,2.015099048614502,2.0202265221326616,1.994589154541864,2.015099048614502,45696779
2013-09-05,2.0048437118530273,2.0150986568958693,1.9997162393316064,2.0099711843744483,21945184
2013-09-06,2.0048437118530273,2.0150986568958693,1.9997162393316064,2.0048437118530273,32674703
2013-09-09,2.092010736465454,2.10739327621763,2.0048437039451183,2.0048437039451183,221307304
2013-09-10,2.040736436843872,2.081756225403994,2.035608963273857,2.0766288740825916,172953804
2013-09-11,2.045863628387451,2.0561186963624127,2.0407361555242685,2.050991101250634,79227273
2013-09-12,2.0766286849975586,2.0920109820583743,2.0356087779238443,2.0458637241301223,126787660
2013-09-13,2.045863628387451,2.066373642088778,2.0407361555242685,2.066373642088778,66748437
2013-09-16,2.040736436843872,2.0561189798025308,2.035608963273857,2.0458639104138876,59996808
2013-09-17,2.015099048614502,2.0407364162053,2.015099048614502,2.0356089426871407,53882204
2013-09-18,2.0048437118530273,2.0202261294172903,1.9997162393316064,2.0202261294172903,55580399
2013-09-23,2.0048437118530273,2.0150986568958693,1.9997162393316064,2.0099711843744483,56414083
2013-09-24,1.994588851928711,2.00484379740918,1.984333784199649,1.9997163246689456,60147096
2013-09-25,1.9894615411758423,2.004843960649024,1.989461541175842,1.9945890143335694,39041535
2013-09-26,1.9740787744522095,1.9945887869940286,1.9638238293055947,1.9894613144207212,58732548
2013-09-27,1.9792065620422363,1.9894616310696691,1.968951615263412,1.9740790886528239,35391142
2013-09-30,1.9792065620422363,1.9843340354316483,1.968951615263412,1.9843340354316483,32649974
2013-10-08,1.9843336343765259,1.9843336343765259,1.9689512173172408,1.9740786896703357,41966076
2013-10-09,1.9792065620422363,1.9843340354316483,1.968951615263412,1.9740790886528239,35103639
2013-10-10,1.9792065620422363,1.9894616310696691,1.968951615263412,1.979206562042236,38118456
2013-10-11,1.994588851928711,1.9997163246689456,1.984333784199649,1.984333784199649,51993591
2013-10-14,1.9894615411758423,2.004843960649024,1.9792064726117844,1.9997164874912967,37252919
2013-10-15,1.96895170211792,1.989461718828916,1.9638242285023242,1.9843341229647067,53611620
2013-10-16,1.9792065620422363,1.9843340354316483,1.968951615263412,1.968951615263412,47325140
2013-10-17,1.9792065620422363,1.9894616310696691,1.9740790886528239,1.979206562042236,40433252
2013-10-18,1.96895170211792,1.9945891924445118,1.9689517021179197,1.979206649349111,47014203
2013-10-21,1.9792065620422363,1.9843340354316483,1.9638241418739997,1.9740790886528239,37138793
2013-10-22,1.96895170211792,1.9843341229647067,1.9689517021179197,1.979206649349111,26220958
2013-10-23,1.96895170211792,1.9843341229647067,1.9689517021179197,1.979206649349111,30600656
2013-10-24,1.9535692930221558,1.9740791876079082,1.9484418193757176,1.9740791876079082,46042908
2013-10-25,1.9381866455078125,1.9689514837900157,1.9330591724607786,1.953569064648914,53654201
2013-10-28,1.927931547164917,1.9484414377333854,1.9228040745227997,1.9433139650912683,24989030
2013-10-29,1.948441743850708,1.9586966907460845,1.9279318500599547,1.9279318500599547,64097120
2013-10-30,1.9535692930221558,1.9586967666685937,1.933059398436403,1.9484418193757176,47451825
2013-10-31,1.9586966037750244,1.9689515502150556,1.9330592376749465,1.953569130555009,69400688
2013-11-01,1.96895170211792,1.9740791757335154,1.953569281271133,1.9638242285023242,50528928
2013-11-04,1.96895170211792,1.979206649349111,1.9638242285023242,1.9740791757335154,42672726
2013-11-05,1.9638243913650513,1.9689518654058755,1.9484419692425785,1.9638243913650513,53021742
2013-11-06,1.948441743850708,1.9638241641937728,1.948441743850708,1.9586966907460845,38648707
2013-11-07,1.9638243913650513,1.9689518654058755,1.9433144952017543,1.9484419692425785,48997059
2013-11-08,1.9586966037750244,1.9689515502150556,1.9586966037750246,1.9586966037750246,39277507
2013-11-11,1.9638243913650513,1.9689518654058755,1.9484419692425785,1.9535694432834028,41947898
2013-11-12,1.9638243913650513,1.9740793394466998,1.958696917324227,1.9638243913650513,54041689
2013-11-13,1.948441743850708,1.9689516376414613,1.9381867969553312,1.9638241641937728,56792743
2013-11-14,1.9433140754699707,1.9484415484033244,1.9330591296032635,1.9433140754699707,58442431
2013-11-15,1.9433140754699707,1.9586964942700316,1.9330591296032635,1.9433140754699707,87888244
2013-11-18,1.9638243913650513,1.9689518654058755,1.93818702116093,1.9433144952017543,112763273
2013-11-19,1.9586966037750244,1.9638240769950401,1.953569130555009,1.9638240769950401,84187398
2013-11-20,1.9638243913650513,1.9638243913650513,1.9484419692425785,1.958696917324227,68914427
2013-11-21,1.994588851928711,1.9997163246689456,1.9381865295375384,1.953568947758242,139544119
2013-11-22,1.9792065620422363,1.9843340354316483,1.9638241418739997,1.9740790886528239,98675050
2013-11-25,1.9535692930221558,1.9740791876079082,1.9535692930221555,1.96895171396147,55860141
2013-11-26,1.9433140754699707,1.9586964942700316,1.9381866025366172,1.9535690213366779,65840781
2013-11-27,1.9433140754699707,1.9535690213366779,1.9381866025366172,1.9433140754699707,55903105
2013-11-28,1.948441743850708,1.9586966907460845,1.9433142704030197,1.948441743850708,54866983
2013-11-29,1.948441743850708,1.9535692172983963,1.9433142704030197,1.948441743850708,44417980
2013-12-02,1.9843336343765259,1.9945887013312997,1.9433138555517657,1.9484413279048607,180756437
2013-12-03,1.9586966037750244,1.9689515502150556,1.953569130555009,1.9638240769950401,87396528
2013-12-04,1.9638243913650513,1.9689518654058755,1.9484419692425785,1.958696917324227,96474478
2013-12-05,1.9535692930221558,1.9638242403150319,1.9484418193757176,1.9638242403150319,107624305
2013-12-06,1.9535692930221558,1.9586967666685937,1.9484418193757176,1.9535692930221555,53427471
2013-12-09,1.948441743850708,1.9586966907460845,1.9433142704030197,1.9535692172983963,75200494
2013-12-10,1.948441743850708,1.9535692172983963,1.9433142704030197,1.948441743850708,62140146
2013-12-11,1.9381866455078125,1.9484415916018802,1.9330591724607786,1.9433141185548464,97506118
2013-12-12,1.927931547164917,1.9381864924491512,1.9228040745227997,1.9381864924491512,62866660
2013-12-13,1.9074219465255737,1.927931840211557,1.8920395262610865,1.9228043667900612,107806947
2013-12-16,1.89203941822052,1.9125493107353329,1.8869119450918168,1.9074218376066296,69446360
2013-12-17,1.8869118690490723,1.9022942878152687,1.8817843961270067,1.8971668148932033,48892494
2013-12-18,1.881784200668335,1.8869116730578162,1.876656728278854,1.8869116730578162,58427976
2013-12-19,1.8612744808197021,1.8869118451046991,1.856146885714107,1.8817843722476997,86428593
2013-12-20,1.8305096626281738,1.8612746243918665,1.8253821893756592,1.8612746243918665,142684494
2013-12-23,1.8356369733810425,1.845891918978253,1.8253820277838317,1.8356369733810423,49355327
2013-12-24,1.8356369733810425,1.845891918978253,1.830509500582437,1.8407644461796477,34304629
2013-12-25,1.8407646417617798,1.8458921151051817,1.835637168418378,1.84076464176178,28685342
2013-12-26,1.8202546834945679,1.8407645761369806,1.8099997371733616,1.8407645761369806,43935813
2013-12-27,1.8356369733810425,1.845891918978253,1.8099996093880155,1.8202545549852263,67922522
2013-12-30,1.8202546834945679,1.8407645761369806,1.8202546834945679,1.8407645761369806,47632135
2013-12-31,1.8356369733810425,1.8407644461796477,1.8202545549852263,1.8253820277838317,57585998
2014-01-02,1.8356369733810425,1.8407644461796477,1.8253820277838317,1.8356369733810423,40377049
2014-01-03,1.8253823518753052,1.8356372992932528,1.8202548781663312,1.8305098255842789,43531021
2014-01-06,1.8202546834945679,1.8253821566551711,1.7997447908521553,1.8253821566551711,69846560
2014-01-07,1.8202546834945679,1.8202546834945679,1.7997447908521553,1.8099997371733616,41238508
2014-01-08,1.8305096626281738,1.8356371358806884,1.8099997696181156,1.8151272428706302,51944377
2014-01-09,1.809999704360962,1.8356370696992133,1.7997447582256614,1.8253821235639127,44621580
2014-01-10,1.809999704360962,1.8202546504962624,1.794617285158011,1.809999704360962,41733708
2014-01-13,1.8151274919509888,1.8202549659071197,1.8048725440387274,1.815127491950989,44410673
2014-01-14,1.8048722743988037,1.809999747588913,1.794617328018586,1.809999747588913,43708009
2014-01-15,1.774107575416565,1.804872416987709,1.7638526282261835,1.7997449433925183,70814680
2014-01-16,1.7587250471115112,1.7741074669566805,1.753597573829788,1.7689799936749573,77381262
2014-01-17,1.7484701871871948,1.7535976607229915,1.7433427136513984,1.748470187187195,61018825
2014-01-20,1.7433425188064575,1.7535974647319048,1.7330875728810098,1.748469991769181,52516508
2014-01-21,1.7433425188064575,1.7535974647319048,1.7330875728810098,1.7382150458437335,51800518
2014-01-22,1.7587250471115112,1.7587250471115112,1.7382151539846187,1.7433426272663417,78229837
2014-01-23,1.7433425188064575,1.7535974647319048,1.7382150458437335,1.748469991769181,53203666
2014-01-24,1.7433425188064575,1.748469991769181,1.7382150458437335,1.7433425188064573,49522632
2014-01-27,1.7228323221206665,1.7433423340465024,1.7074499048627283,1.7382148616271897,99385374
2014-01-28,1.7382150888442993,1.7433425619338685,1.7177050742374222,1.7228325473269912,50011270
2014-01-29,1.7638527154922485,1.7638527154922488,1.7330878723990235,1.7330878723990235,60262486
2014-01-30,1.7484701871871948,1.7638526077945846,1.7433427136513984,1.7587251342587882,27753040
2014-02-07,1.7433425188064575,1.7433425188064573,1.7279599776696877,1.7382150458437335,27875615
2014-02-10,1.7535977363586426,1.7587252101155957,1.7433427888447361,1.7484702626016893,49508730
2014-02-11,1.768979549407959,1.7792344933959467,1.7382147174439955,1.7484696614319832,99157913
2014-02-12,1.7638527154922485,1.7689801893411194,1.7587252416433778,1.7638527154922488,39812519
2014-02-13,1.7638527154922485,1.7843626108877322,1.753597767794507,1.7587252416433778,73477630
2014-02-14,1.7587250471115112,1.7689799936749573,1.753597573829788,1.7689799936749573,35515424
2014-02-17,1.7638527154922485,1.7741076631899904,1.7587252416433778,1.7638527154922488,51404632
2014-02-18,1.7587250471115112,1.7689799936749573,1.753597573829788,1.7638525203932343,42180520
2014-02-19,1.7843620777130127,1.8048719669800568,1.7535972438124463,1.7587247161292072,86047371
2014-02-20,1.7638527154922485,1.7946175585854738,1.7587252416433778,1.7792351370388613,55789541
2014-02-21,1.7638527154922485,1.7689801893411194,1.753597767794507,1.7638527154922488,28805080
2014-02-24,1.7279596328735352,1.7535971148200626,1.7228321609339443,1.7535971148200626,60659215
2014-02-25,1.7279596328735352,1.7382146990012906,1.7228321609339443,1.7279596328735352,45042366
2014-02-26,1.7125777006149292,1.733087716413035,1.7023227538401806,1.722832647389678,40669039
2014-02-27,1.7228323221206665,1.7228323221206663,1.7023224324434156,1.7074499048627283,65181850
2014-02-28,1.7125777006149292,1.7177051740023037,1.7023227538401806,1.7177051740023037,54062832
2014-03-03,1.7074501514434814,1.7177050977630708,1.6971952051238919,1.7074501514434812,65326776
2014-03-04,1.7125777006149292,1.7125777006149292,1.6971952804528063,1.707450227227555,51674342
2014-03-05,1.7023227214813232,1.712577668061139,1.6971952481914152,1.712577668061139,40622760
2014-03-06,1.7074501514434814,1.712577624603276,1.692067731964097,1.7023226782836867,39202882
2014-03-07,1.7074501514434814,1.712577624603276,1.6971952051238919,1.7074501514434812,37293093
2014-03-10,1.6715577840805054,1.7023226220225065,1.666430311090172,1.7023226220225065,66083274
2014-03-11,1.656175136566162,1.671557553414471,1.6407927197178533,1.671557553414471,83643780
2014-03-12,1.656175136566162,1.656175136566162,1.6407927197178533,1.6510476642833924,54483174
2014-03-13,1.6766855716705322,1.7023229414325878,1.6561756758608874,1.6613031498132986,82831947
2014-03-14,1.661302924156189,1.6715578706680676,1.6510479776443105,1.6664303974121284,53106073
2014-03-17,1.6664302349090576,1.671557707664988,1.6510478166412668,1.6613027621531273,37925434
2014-03-18,1.6715577840805054,1.676685257070839,1.6613028380998385,1.6715577840805056,36811648
2014-03-19,1.6818127632141113,1.6818127632141113,1.6613028708484736,1.666430343939883,46684431
2014-03-20,1.6818127632141113,1.702322655579749,1.6715578170312926,1.676685290122702,62125906
2014-03-21,1.7125777006149292,1.7279601207770523,1.6766853869033091,1.6766853869033091,126470711
2014-03-24,1.7330876588821411,1.7382151320993058,1.7125776437648776,1.7177051169820425,74527859
2014-03-25,1.7228323221206665,1.733087389207877,1.7177048497013536,1.733087389207877,33313761
2014-03-26,1.7433425188064575,1.7433425188064573,1.722832504706964,1.722832504706964,50588706
2014-03-27,1.7330876588821411,1.7535975517508,1.7228325901992072,1.7382151320993058,43623784
2014-03-28,1.774107575416565,1.789489996202137,1.7330877866550394,1.73821526025023,101965982
2014-03-31,1.768979549407959,1.7894894373839347,1.7587246054199712,1.7792344933959467,60798536
2014-04-01,1.768979549407959,1.7792344933959467,1.763852077413965,1.768979549407959,38552866
2014-04-02,1.7638527154922485,1.7741076631899904,1.753597767794507,1.7689801893411194,56673465
2014-04-03,1.7535977363586426,1.7689801576295021,1.7484702626016893,1.7689801576295021,52315507
2014-04-04,1.7587250471115112,1.7638525203932343,1.7433426272663417,1.748470100548065,31393371
2014-04-08,1.7946170568466187,1.7946170568466187,1.7535972775239577,1.7587247499392902,94074053
2014-04-09,1.7843620777130127,1.799744494663296,1.7792346053962516,1.7894895500297736,54761657
2014-04-10,1.8202546834945679,1.8253821566551711,1.7792348982097426,1.7843623713703458,97100109
2014-04-11,1.8048722743988037,1.8202546939691306,1.799744801208695,1.8202546939691306,80135246
2014-04-14,1.7946170568466187,1.8151269465079494,1.7894895844312861,1.8099994740926166,46705385
2014-04-15,1.774107575416565,1.7946174697973276,1.7638526282261835,1.789489996202137,34711015
2014-04-16,1.7946170568466187,1.7997445292619514,1.763852222354623,1.7741071671852882,52377067
2014-04-17,1.7843620777130127,1.7946170223465348,1.7741071330794904,1.7946170223465348,29182670
2014-04-18,1.779234766960144,1.7792347669601438,1.7638523486130562,1.7741072941777813,24978403
2014-04-21,1.7638527154922485,1.7894900847366029,1.7638527154922488,1.7741076631899904,28167419
2014-04-22,1.768979549407959,1.7792344933959467,1.7587246054199712,1.7587246054199712,27277977
2014-04-23,1.7638527154922485,1.7689801893411194,1.753597767794507,1.7638527154922488,33539472
2014-04-24,1.7535977363586426,1.7792351051434085,1.7484702626016893,1.7587252101155957,37571433
2014-04-25,1.768979549407959,1.774107021401953,1.7535971334259772,1.763852077413965,41185614
2014-04-28,1.774107575416565,1.7792350490117557,1.7689801018213742,1.774107575416565,44103634
2014-04-29,1.768979549407959,1.774107021401953,1.763852077413965,1.768979549407959,37890427
2014-04-30,1.7638527154922485,1.7689801893411194,1.748470293945636,1.7689801893411194,32244872
2014-05-05,1.7535977363586426,1.7587252101155957,1.7382153150877828,1.7535977363586426,42750973
2014-05-06,1.7433425188064575,1.7587249376946286,1.7382150458437335,1.7535974647319048,49064031
2014-05-07,1.7535977363586426,1.7535977363586426,1.7433427888447361,1.7433427888447361,31728815
2014-05-08,1.7587250471115112,1.7689799936749573,1.7433426272663417,1.7433426272663417,41258372
2014-05-09,1.768979549407959,1.7792344933959467,1.7587246054199712,1.763852077413965,45599431
2014-05-12,1.7843620777130127,1.7946170223465348,1.7638521884459684,1.7689796607627295,68788313
2014-05-13,1.774107575416565,1.789489996202137,1.7689801018213742,1.789489996202137,38603201
2014-05-14,1.768979549407959,1.7843619653899407,1.763852077413965,1.774107021401953,37644804
2014-05-15,1.779234766960144,1.7843622397425065,1.7638523486130562,1.7689798213954187,36503306
2014-05-16,1.7843620777130127,1.7894895500297736,1.7741071330794904,1.7792346053962516,38486587
2014-05-19,1.774107575416565,1.7843625226069462,1.7638526282261835,1.7792350490117557,42914105
2014-05-20,1.779234766960144,1.7843622397425065,1.7689798213954187,1.7792347669601438,36655983
2014-05-21,1.7894898653030396,1.7894898653030396,1.7689799724225517,1.7741074456426735,37612837
2014-05-22,1.7946170568466187,1.8048720016772841,1.7843621120159534,1.7843621120159534,46632614
2014-05-23,1.8048722743988037,1.804872274398804,1.789489854828477,1.794617328018586,29670540
2014-05-26,1.7997448444366455,1.8099997910631764,1.7946173711233802,1.8099997910631764,30899633
2014-05-27,1.809999704360962,1.8202546504962624,1.7997447582256614,1.7997447582256614,43758926
2014-05-28,1.8305096626281738,1.8356371358806884,1.8099997696181156,1.8099997696181156,47696974
2014-05-29,1.8305096626281738,1.8407646091332028,1.8253821893756592,1.8356371358806884,33706143
2014-05-30,1.8253823518753052,1.8356372992932528,1.8202548781663312,1.8305098255842789,47443192
2014-06-03,1.8356369733810425,1.845891918978253,1.8253820277838317,1.8253820277838317,51413737
2014-06-04,1.8305096626281738,1.8458920823857174,1.8253821893756592,1.8407646091332028,49748689
2014-06-05,1.8612744808197021,1.8612744808197024,1.825382048572111,1.8305095214291103,75230700
2014-06-06,1.851019263267517,1.8715292752865997,1.851019263267517,1.8612743304013513,60943044
2014-06-09,1.8766568899154663,1.886911835577688,1.8510194035113174,1.8510194035113174,50378807
2014-06-10,1.9125494956970215,1.9176769693216,1.8766571803249714,1.8766571803249714,96285930
2014-06-11,1.9074219465255737,1.9228043667900612,1.8869120528395908,1.907421946525574,79762401
2014-06-12,1.902294635772705,1.9125495834926156,1.8920396880527943,1.8971671619127497,47082738
2014-06-13,1.9176766872406006,1.9176766872406004,1.8971667957591922,1.8971667957591922,63714956
2014-06-16,1.9381866455078125,1.9381866455078125,1.9074218072256093,1.917676753319677,96202193
2014-06-17,1.9125494956970215,1.9381868638199142,1.8971670748232856,1.9279319165707571,107429151
2014-06-18,1.9176766872406006,1.9176766872406004,1.8920393228888404,1.9125492143702485,110170563
2014-06-19,1.902294635772705,1.9176770573525708,1.8920396880527943,1.9125495834926156,91929176
2014-06-20,1.9032320976257324,1.9087487070641584,1.859099090591982,1.9032320976257324,106996636
2014-06-23,1.8811659812927246,1.8977158124357474,1.8811659812927246,1.8977158124357474,55131333
2014-06-24,1.8866826295852661,1.8866826295852661,1.8701327981096862,1.881166019093406,54892434
2014-06-25,1.8646161556243896,1.8811659868160044,1.859099413700818,1.8811659868160044,51279143
2014-06-26,1.8701326847076416,1.8756492948649826,1.8590993328665988,1.8646160745503007,48194464
2014-06-27,1.8701326847076416,1.8756492948649826,1.8590993328665988,1.8701326847076416,33472791
2014-06-30,1.8701326847076416,1.8811659050223235,1.8646160745503007,1.8701326847076416,30646379
2014-07-01,1.8701326847076416,1.8811659050223235,1.8646160745503007,1.8756492948649826,43298613
2014-07-02,1.8811659812927246,1.8866825916737322,1.8646161501497016,1.8701327605307092,42913624
2014-07-03,1.8866826295852661,1.8921992400771261,1.8756494086015463,1.8756494086015463,40242723
2014-07-04,1.8866826295852661,1.8921992400771261,1.881166019093406,1.8866826295852661,34768715
2014-07-07,1.9032320976257324,1.9032320976257324,1.881165659872029,1.886682269310455,38568768
2014-07-08,1.9142656326293945,1.9197822429788476,1.8977158015810347,1.903232411930488,56055811
2014-07-09,1.8866826295852661,1.9142656820445658,1.8866826295852661,1.9142656820445658,41657252
2014-07-10,1.9032320976257324,1.9087487070641584,1.881165659872029,1.886682269310455,56609148
2014-07-11,1.8977155685424805,1.9142653975585293,1.8977155685424805,1.8977155685424805,28952724
2014-07-14,1.9032320976257324,1.9087487070641584,1.8921988787488808,1.9032320976257324,47915210
2014-07-15,1.9142656326293945,1.9142656326293943,1.8977158015810347,1.9087490222799413,58812387
2014-07-16,1.908748984336853,1.9142655945766445,1.903232374097062,1.9087489843368532,43599684
2014-07-17,1.9032320976257324,1.9032320976257324,1.8921988787488808,1.9032320976257324,35123796
2014-07-18,1.9032320976257324,1.9087487070641584,1.8921988787488808,1.8921988787488808,41842947
2014-07-21,1.8866826295852661,1.903232461060846,1.881166019093406,1.903232461060846,40266316
2014-07-22,1.8921986818313599,1.9032318995600057,1.8811654641027142,1.8811654641027142,53147448
2014-07-23,1.8977155685424805,1.9032321782144968,1.8866823491984481,1.8921989588704644,48761920
2014-07-24,1.919782042503357,1.9252986522767317,1.892198993636483,1.8977156034098577,94244153
2014-07-25,1.9418480396270752,1.9418480396270752,1.9197816055559551,1.9252982140737351,68339725
2014-07-28,1.9859817028045654,1.9970149242569837,1.9473654277211006,1.9473654277211006,217488793
2014-07-29,1.9804646968841553,1.9914979161349369,1.969431477633374,1.9859813065095462,111754292
2014-07-30,1.969431757926941,1.9859815891585193,1.958398537105889,1.980464978747993,94851128
2014-07-31,1.9859817028045654,1.9859817028045652,1.958398649173519,1.9694318706259375,74602213
2014-08-01,1.9804646968841553,1.9970145257603276,1.9749480872587646,1.9804646968841555,102543180
2014-08-04,1.9914977550506592,1.9970143642298335,1.974947927513136,1.9804645366923104,98156081
2014-08-05,1.9804646968841553,1.9970145257603276,1.969431477633374,1.9914979161349369,102705694
2014-08-06,1.9749481678009033,1.980464777651272,1.9583983382497978,1.9749481678009035,72821156
2014-08-07,1.9418480396270752,1.9749476907337553,1.9363314311092952,1.9694310822159753,102245067
2014-08-08,1.9363319873809814,1.9473652075861778,1.914265546970589,1.9418485974835797,84117583
2014-08-11,1.9639148712158203,1.980464700119025,1.9308152134094112,1.9363318230438127,84838724
2014-08-12,1.947365164756775,1.969431604681849,1.9418485547755064,1.969431604681849,48251190
2014-08-13,1.9363319873809814,1.952881817688776,1.9308153772783834,1.9473652075861778,76447456
2014-08-14,1.9363319873809814,1.952881817688776,1.9308153772783834,1.9418485974835797,53468957
2014-08-15,1.9418480396270752,1.9473646481448552,1.9308148225915152,1.9363314311092952,49403769
2014-08-18,1.9363319873809814,1.952881817688776,1.9308153772783834,1.9418485974835797,76953081
2014-08-19,1.9418480396270752,1.9418480396270752,1.9308148225915152,1.9418480396270752,52016791
2014-08-20,1.9418480396270752,1.9473646481448552,1.9308148225915152,1.9363314311092952,47680676
2014-08-21,1.9308148622512817,1.9418480795134687,1.9197816449890945,1.9363314708823751,59879014
2014-08-22,1.9363319873809814,1.9363319873809814,1.9252987671757853,1.9308153772783834,45891569
2014-08-25,1.9308148622512817,1.9363314708823751,1.9197816449890945,1.9363314708823751,62128292
2014-08-26,1.9252989292144775,1.9363321503482616,1.9197823186475858,1.9252989292144778,55553105
2014-08-27,1.9252989292144775,1.9252989292144778,1.9142657080806937,1.9252989292144778,48391648
2014-08-28,1.8977155685424805,1.9252986169025619,1.8921989588704644,1.9197820072305456,61143605
2014-08-29,1.908748984336853,1.9197822048164357,1.8921991536174794,1.903232374097062,68933756
2014-09-01,1.919782042503357,1.9308152620501065,1.9032322131832324,1.914265432729982,65646664
2014-09-02,1.9418480396270752,1.9473646481448552,1.914264997038175,1.9197816055559551,94003817
2014-09-03,1.9583982229232788,1.963914832448784,1.936331784821257,1.9418483943467624,89031759
2014-09-04,1.9804646968841553,1.9804646968841555,1.9528816487572016,1.9639148680079832,80954574
2014-09-05,1.9914977550506592,1.9914977550506592,1.974947927513136,1.9804645366923104,97710995
2014-09-09,1.9804646968841553,1.9914979161349369,1.9749480872587646,1.9914979161349369,49912621
2014-09-10,1.9639148712158203,1.9749480904846233,1.9583982615814188,1.9749480904846233,66518386
2014-09-11,1.9583982229232788,1.985981270550806,1.952881613397773,1.963914832448784,60161579
2014-09-12,1.969431757926941,1.9694317579269411,1.952881926695363,1.958398537105889,29257710
2014-09-15,1.969431757926941,1.9694317579269411,1.9473653162848368,1.958398537105889,67819988
2014-09-16,1.9583982229232788,1.974948051499795,1.952881613397773,1.963914832448784,119646601
2014-09-17,1.9639148712158203,1.9694314808502218,1.9528816519470173,1.9639148712158203,74210238
2014-09-18,1.9639148712158203,1.9694314808502218,1.9473650423126159,1.9639148712158203,77449624
2014-09-19,1.9639148712158203,1.9639148712158203,1.9473650423126159,1.9639148712158203,85829075
2014-09-22,1.9252989292144775,1.9583985926158294,1.9197823186475858,1.9528819820489374,73100587
2014-09-23,1.9308148622512817,1.9308148622512817,1.9197816449890945,1.9252982536201881,54145942
2014-09-24,1.9528820514678955,1.958398662230886,1.9197823868899524,1.9197823868899524,119688356
2014-09-25,1.9583982229232788,1.963914832448784,1.9473650038722676,1.963914832448784,99746539
2014-09-26,1.9583982229232788,1.963914832448784,1.9418483943467624,1.952881613397773,48963689
2014-09-29,1.9418480396270752,1.9583978651804153,1.9363314311092952,1.9528812566626352,82359783
2014-09-30,1.947365164756775,1.947365164756775,1.936331944794238,1.9418485547755064,67466303
2014-10-08,1.947365164756775,1.9528817747380434,1.925298724831701,1.947365164756775,103554754
2014-10-09,1.9418480396270752,1.9473646481448552,1.9363314311092952,1.9418480396270752,70150756
2014-10-10,1.9363319873809814,1.9418485974835797,1.9308153772783834,1.9363319873809814,66858562
2014-10-13,1.919782042503357,1.9363318718234812,1.919782042503357,1.9308152620501065,82847057
2014-10-14,1.919782042503357,1.9308152620501065,1.919782042503357,1.919782042503357,51424891
2014-10-15,1.9308148622512817,1.9363314708823751,1.9142650363580012,1.9197816449890945,51045311
2014-10-16,1.9418480396270752,1.9473646481448552,1.9197816055559551,1.9252982140737351,89555569
2014-10-17,1.9418480396270752,1.9418480396270752,1.9308148225915152,1.9418480396270752,68879040
2014-10-20,1.9418480396270752,1.9473646481448552,1.9308148225915152,1.9418480396270752,56422228
2014-10-21,1.9363319873809814,1.9418485974835797,1.9252987671757853,1.9418485974835797,65645075
2014-10-22,1.9308148622512817,1.9473646881445623,1.9308148622512817,1.9308148622512817,89346986
2014-10-23,1.9418480396270752,1.9473646481448552,1.9252982140737351,1.9308148225915152,93150378
2014-10-24,1.9418480396270752,1.9473646481448552,1.9308148225915152,1.9363314311092952,76048464
2014-10-27,1.9252989292144775,1.9418487609151536,1.9197823186475858,1.9363321503482616,66899674
2014-10-28,1.9418480396270752,1.9473646481448552,1.9252982140737351,1.9252982140737351,57510818
2014-10-29,1.9528820514678955,1.9639152729938765,1.936332219178924,1.9418488299419145,112721580
2014-10-30,1.9804646968841553,1.9859813065095462,1.9528816487572016,1.9583982583825923,148966483
2014-10-31,2.0190813541412354,2.035631185135053,1.9804649502959621,1.9804649502959621,216995581
2014-11-03,2.0025312900543213,2.024597728810895,1.997014548838828,2.024597728810895,127058057
2014-11-04,2.0080480575561523,2.019081277801541,1.991498095661709,2.0025314474334577,105104292
2014-11-05,1.9749481678009033,2.013564568279837,1.9694315579505348,2.0080479584294686,197428259
2014-11-06,1.969431757926941,1.980464978747993,1.952881926695363,1.9749483683374671,117359895
2014-11-07,1.969431757926941,1.9914981995690453,1.952881926695363,1.963915147516415,140102572
2014-11-10,2.02459716796875,2.02459716796875,1.9804641711547188,1.9859807793156836,192955645
2014-11-11,2.101830244064331,2.1625130815824383,2.035630928436958,2.035630928436958,559821592
2014-11-12,2.074247121810913,2.085280340688125,2.0521806840564905,2.085280340688125,177572982
2014-11-13,2.074247121810913,2.1128633878811534,2.0687305123723077,2.074247121810913,186477472
2014-11-14,2.085280179977417,2.0907967889908625,2.063213743923635,2.085280179977417,131953261
2014-11-17,2.0687308311462402,2.145963506713967,2.0632142208575712,2.140446896425298,217102236
2014-11-18,2.052180767059326,2.0963136443531774,2.0466641573975948,2.090797034691446,152253328
2014-11-19,2.0356311798095703,2.0521810107600915,2.0245979591758894,2.0411477901264106,107967668
2014-11-20,2.0301144123077393,2.0411476320871547,2.013564582638616,2.0301144123077393,92372322
2014-11-21,2.0576975345611572,2.068730754730947,2.0245978740517883,2.035631094221578,111465974
2014-11-24,2.0576975345611572,2.0852805849856315,2.030114484136683,2.0411477043064727,175637226
2014-11-25,2.079763889312744,2.0907971090284865,2.052180840023388,2.057697449881259,160306801
2014-11-26,2.107347011566162,2.107347011566162,2.068730741224027,2.0797639613217798,248996468
2014-11-27,2.112863779067993,2.1238969999879536,2.1018305581480323,2.1183803895279736,306435979
2014-11-28,2.228712558746338,2.2342293003081526,2.1073470064399267,2.1128636164753836,853707109
2014-12-01,2.212163209915161,2.2949122420034977,2.206646467481135,2.234229653545752,650680677
2014-12-02,2.3059444427490234,2.3280108766086207,2.1845790565212395,2.1956122734510384,667799093
2014-12-03,2.261812448501587,2.350078481079389,2.2507792273109546,2.2949121120734843,648892234
2014-12-04,2.3555946350097656,2.3611113763699874,2.250778916639915,2.2618121363076513,713784385
2014-12-05,2.5321264266967773,2.5817757839487774,2.3280114671400383,2.3721446091068388,1024644392
2014-12-08,2.5541932582855225,2.6203925868198916,2.416277858979212,2.47696044527601,871306272
2014-12-09,2.3169779777526855,2.5486758281384896,2.3004282816123722,2.504542954360751,1137160977
2014-12-10,2.3721446990966797,2.3886943977909407,2.2452625358789,2.3004286366143,616082489
2014-12-11,2.3169779777526855,2.3776608107234143,2.3004282816123722,2.3224947185012415,372197325
2014-12-12,2.3224949836730957,2.3721446038681564,2.3059450225905063,2.3280114619988206,313792762
2014-12-15,2.278362512588501,2.3114621776244344,2.2452628475525676,2.3059454352587347,342045083
2014-12-16,2.3445613384246826,2.3555945577304556,2.2838785007165825,2.2949117200223554,472326596
2014-12-17,2.4659268856048584,2.493510066903662,2.3224950267881312,2.3555946865150683,996465501
2014-12-18,2.3997275829315186,2.4659269028483033,2.3831778844786795,2.4604104243815947,548007355
2014-12-19,2.4328274726867676,2.4548939147433524,2.3776613675453055,2.3942113306141133,605437624
2014-12-22,2.598325490951538,2.647975106400511,2.4604101263067757,2.4604101263067757,1746555098
2014-12-23,2.4714436531066895,2.5762593748719147,2.4604104330815453,2.537642973257553,778303177
2014-12-24,2.3886940479278564,2.499026496291394,2.3500779145953956,2.4879932777603084,624579769
2014-12-25,2.4604103565216064,2.4824767958852587,2.394211038430649,2.4162774777943015,549303057
2014-12-26,2.5486762523651123,2.559709472646024,2.4548937484510014,2.465926968731913,670773469
2014-12-29,2.5431597232818604,2.6590086654587655,2.51006006309599,2.636942225334852,886266698
2014-12-30,2.598325490951538,2.6369418877510373,2.5210929604052223,2.5431593977041698,696602765
2014-12-31,2.686591148376465,2.7141743255842803,2.5652257473779563,2.6093586204683232,1050294665
2015-01-05,2.7914071083068848,2.8410567265921647,2.7141745733485476,2.7417574900216053,1365851684
2015-01-06,2.813474416732788,2.956906574768567,2.730725115023899,2.758308303277788,1497561538
2015-01-07,2.78037428855896,2.8134739511545743,2.730724663139171,2.7583078468285507,810596732
2015-01-08,2.664525032043457,2.796923930278411,2.647975334172028,2.78589071067989,692049068
2015-01-09,2.692108154296875,2.841056747179345,2.6148753557261872,2.659008496217737,991590381
2015-01-12,2.659008741378784,2.714174843263671,2.603842376441174,2.675558440417889,547037411
2015-01-13,2.659008741378784,2.681075182132739,2.63694230062483,2.6424587792869567,268526204
2015-01-14,2.697624921798706,2.741757803971267,2.664525260169285,2.670042001967219,539696472
2015-01-15,2.807957172393799,2.824506870397939,2.675558273097145,2.697624712471136,623208465
2015-01-16,2.8410565853118896,2.9072558976985006,2.8134734069577934,2.8245066256888953,786854049
2015-01-19,2.559709310531616,2.719691125999048,2.559709310531616,2.647975330241468,992468674
2015-01-20,2.559709310531616,2.6148754084423333,2.4990267343561796,2.5707425301137596,647920911
2015-01-21,2.71417498588562,2.747274648755843,2.559709629438511,2.581776071351993,792843360
2015-01-22,2.692108154296875,2.719691071169807,2.6479752768580243,2.7141745930163004,569659276
2015-01-23,2.747274398803711,2.8300236799769527,2.7086579974421414,2.7086579974421414,931939614
2015-01-26,2.719691276550293,2.7527909371289883,2.6700419172086094,2.74175771693609,532652450
2015-01-27,2.6369426250457764,2.7196916565272926,2.5872929957146624,2.7196916565272926,704101048
2015-01-28,2.587292432785034,2.6314253101203757,2.5652259941173634,2.609358871452705,551296788
2015-01-29,2.5155768394470215,2.5597097249202196,2.4990271389209453,2.543160024394144,577536874
2015-01-30,2.5045433044433594,2.5486761843899486,2.487993605989746,2.532126485936335,419427378
2015-02-02,2.4328274726867676,2.4714438778121606,2.4162777726706985,2.4714438778121606,508024174
2015-02-03,2.4824767112731934,2.4879934524524288,2.4107606542593203,2.454893531482412,561586555
2015-02-04,2.4328274726867676,2.499027061909261,2.427310993698991,2.482477098840453,464394321
2015-02-05,2.4273107051849365,2.543159643738386,2.4217939638001496,2.5321264240215196,760964924
2015-02-06,2.3721446990966797,2.416277579685,2.355594737349701,2.410760838085101,503713507
2015-02-09,2.3721446990966797,2.39421113939084,2.3390447756027215,2.355594737349701,475547814
2015-02-10,2.4052438735961914,2.4052438735961914,2.355594261438896,2.3666274793568878,451046449
2015-02-11,2.3886940479278564,2.405244007250825,2.3721443516575675,2.3776608293967705,296336997
2015-02-12,2.3942110538482666,2.3997275321983498,2.3611113945896416,2.3831778340953917,297367402
2015-02-13,2.4493770599365234,2.460410279271939,2.3997274414008043,2.4052441825948616,482503076
2015-02-16,2.4383440017700195,2.4493772218347054,2.421794040146633,2.4438604802760047,237106593
2015-02-17,2.4769601821899414,2.493510144092082,2.4438605214383804,2.4438605214383804,325581076
2015-02-25,2.4769601821899414,2.4769601821899414,2.4769601821899414,2.4769601821899414,0
2015-02-26,2.5321264266967773,2.5431596464253006,2.4604103669350232,2.465926845272931,501162353
2015-02-27,2.5266098976135254,2.5486763389247824,2.504543456302268,2.5376431182691537,381156207
2015-03-02,2.5210936069488525,2.54316004990682,2.5045436432040025,2.532126828427836,307229741
2015-03-03,2.4273107051849365,2.510059984587787,2.4273107051849365,2.504543243203,439941763
2015-03-04,2.4162776470184326,2.4438605666284157,2.405244426563894,2.427310867472971,248473365
2015-03-05,2.3776607513427734,2.4107604058494334,2.361111055615779,2.3997271876805466,295341122
2015-03-06,2.3942110538482666,2.405244273601142,2.3721446143425164,2.3831778340953917,219538207
2015-03-09,2.4935097694396973,2.515576206625233,2.3776608426892927,2.405244020697553,526958897
2015-03-10,2.4383440017700195,2.471443661964077,2.432827260211319,2.4659269204053764,342244015
2015-03-11,2.4604103565216064,2.493510015567085,2.4438603954725138,2.4438603954725138,318957590
2015-03-12,2.5210936069488525,2.5652264928647868,2.476960457980169,2.493510421725019,665406347
2015-03-13,2.5210936069488525,2.5707429720779036,2.4990271639908856,2.54316004990682,505880713
2015-03-16,2.537642478942871,2.5486756968188224,2.5100595657793234,2.532126001531227,391708105
2015-03-17,2.5541932582855225,2.5597097374703455,2.537643294625556,2.5486765160479505,454549550
2015-03-18,2.609358787536621,2.6148752654997818,2.5486759516257167,2.5541926926415672,620859777
2015-03-19,2.587292432785034,2.614875349593273,2.576259213451199,2.609358871452705,517945575
2015-03-20,2.6038424968719482,2.636942422586514,2.565226355292847,2.5817760550973947,596498101
2015-03-23,2.6369426250457764,2.6534923261209773,2.614875918524249,2.6369426250457764,534961293
2015-03-24,2.647975206375122,2.6865913415798954,2.6203920271836907,2.6534916843817933,777551489
2015-03-25,2.587292432785034,2.6534917487880465,2.581775691591767,2.6369420513136426,650708874
2015-03-26,2.6038424968719482,2.6259092016992374,2.5486763924355644,2.565226355292847,467425535
2015-03-27,2.598325490951538,2.6203919282504855,2.5762590536525907,2.609358709601012,454051830
2015-03-30,2.71417498588562,2.725208206842361,2.614875734222215,2.620392476226954,1137506284
2015-03-31,2.681074619293213,2.763823886275304,2.659008183171678,2.7527904051618686,1004747655
2015-04-01,2.697624921798706,2.71417488413978,2.659008781424079,2.664525260169285,682475762
2015-04-02,2.67555832862854,2.714174729860864,2.6534918887965584,2.7086579883765123,555922230
2015-04-03,2.686591148376465,2.6976243666490562,2.642458275286098,2.6534914935586897,514181856
2015-04-07,2.7583072185516357,2.7583072185516357,2.703141126791138,2.7196908227929497,861760862
2015-04-08,2.78037428855896,2.78589103051793,2.7141749633677312,2.7638245887875206,880345139
2015-04-09,2.77485728263855,2.8355398543456842,2.7583073229576227,2.785890501408273,876879800
2015-04-10,2.813474416732788,2.8245076394237882,2.758308303277788,2.7638250461496776,689361107
2015-04-13,2.9348394870758057,2.9403559656875955,2.8576066820889827,2.8576066820889827,1259537912
2015-04-14,2.9017395973205566,2.951388953120571,2.879672895456139,2.923806036132274,763721466
2015-04-15,2.9955222606658936,3.089304770601851,2.8962232717616234,2.9017400137826743,1135801932
2015-04-16,3.1003377437591553,3.105854485339213,2.9624223608903026,2.9844888011051016,944008030
2015-04-17,3.111370801925659,3.177570382177212,3.100337582392518,3.1555036800582257,1154808955
2015-04-20,2.9900057315826416,3.138954343968915,2.9789725107782044,3.138954343968915,1414169214
2015-04-21,3.0010390281677246,3.0065555071828753,2.934839701669469,2.9789725860016394,1227983615
2015-04-22,3.0451714992523193,3.0451714992523193,2.9900054013234683,3.0175883187615415,939030842
2015-04-23,3.0231049060821533,3.0506880851678284,2.995521726996478,3.0506880851678284,772045493
2015-04-24,2.9403555393218994,2.9789719362157476,2.8962226646161775,2.9624219766747606,796662327
2015-04-27,3.0341382026672363,3.0341382026672363,2.9403557070418174,2.9403557070418174,894864923
2015-04-28,3.111370801925659,3.2272197385499974,3.028621523900746,3.0506882260197323,1539549086
2015-04-29,3.0506880283355713,3.0782709438547045,3.0010384121273708,3.0727544659719523,737446466
2015-04-30,2.9844884872436523,3.045171322979044,2.978972009296447,3.0341381040319444,618168844
2015-05-04,2.9734554290771484,2.9900053899190313,2.956905731287969,2.9734554290771484,435844970
2015-05-05,2.8355398178100586,2.973455182180915,2.8189901213950574,2.973455182180915,792325506
2015-05-06,2.8300232887268066,2.912772558459978,2.8134733295591015,2.8355397664142568,589904132
2015-05-07,2.802440643310547,2.8576067459243912,2.796924164575526,2.8300238261438326,440196153
2015-05-08,2.8410565853118896,2.8520898040429916,2.7969237103874827,2.830023366580788,352474951
2015-05-11,2.8686397075653076,2.8741564488551945,2.7914071708758157,2.8410567902739836,545472934
2015-05-12,2.8631231784820557,2.879672875952404,2.83002352048866,2.879672875952404,447072592
2015-05-13,2.8465735912323,2.8907064743440047,2.835540370454374,2.874156774703482,447773343
2015-05-14,2.8300232887268066,2.86312294400954,2.8134733295591015,2.8576062032694125,427794976
2015-05-15,2.802440643310547,2.8300238261438326,2.7748577235299883,2.8245070843560844,459914555
2015-05-18,2.7583072185516357,2.7969236143103213,2.7527904778492482,2.774857177606122,338870635
2015-05-19,2.8355398178100586,2.8410565586501804,2.7472740687895687,2.7527905465770086,485237661
2015-05-20,2.8410565853118896,2.885189460236297,2.818990147849686,2.835539844419997,502261590
2015-05-21,2.8686397075653076,2.8907061466194484,2.835540048984097,2.8410567902739836,404938268
2015-05-22,2.9403555393218994,2.95138875799833,2.8796727050751905,2.8962226646161775,571110781
2015-05-25,3.0010390281677246,3.001039028167724,2.9513894017676625,2.9513894017676625,507821092
2015-05-26,3.0010390281677246,3.017588728265918,2.9789725860016394,3.0065555071828753,491049080
2015-05-27,2.9624223709106445,3.01207199308824,2.934839452075205,3.0065552514895213,591954967
2015-05-28,2.813474416732788,2.9624230545876777,2.7969247142226776,2.956906574768567,685890358
2015-05-29,2.796924114227295,2.8355402538354824,2.7583077115663857,2.796924114227295,538703277
2015-06-01,2.8851897716522217,2.8962229915742053,2.7748575724323845,2.7969240122763517,767178721
2015-06-02,2.8686397075653076,2.8962228879093352,2.835540048984097,2.8741564488551945,519137959
2015-06-03,2.8686397075653076,2.8907061466194484,2.8245068294570266,2.868639707565308,444807701
2015-06-04,2.9458723068237305,2.967938744376122,2.8300233781473354,2.868639512337677,876889785
2015-06-05,2.9348394870758057,3.0065552873453973,2.8851898643060943,2.9844888467927966,874789040
2015-06-08,3.1058545112609863,3.1113709898343687,2.9238062464431422,2.9348394666426265,1726158095
2015-06-09,3.0451714992523193,3.138953997257718,3.0065550991757712,3.1168875580861775,1312909743
2015-06-10,2.9955222606658936,3.023105444665671,2.9844890396765305,3.0010390026869445,745505725
2015-06-11,2.9900057315826416,3.012072173191517,2.9513893272407437,2.9900057315826416,497674681
2015-06-12,3.0010390281677246,3.001039028167724,2.9624226228507053,2.995522286099833,485218875
2015-06-15,2.9348394870758057,3.039655211227019,2.9293227454112953,3.0065552873453973,700285488
2015-06-16,2.8851897716522217,2.9624223111061077,2.8686398102428896,2.9182894314181724,533868462
2015-06-17,2.9182894229888916,2.93483938435042,2.8741565434284317,2.918289422988892,484857086
2015-06-18,2.818990468978882,2.9017397504149858,2.796924029002949,2.9017397504149858,505935446
2015-06-19,2.741757869720459,2.835540378112482,2.7307246489127346,2.8024407156893094,569782102
2015-06-23,2.8576059341430664,2.8686391515315472,2.7472737602582575,2.7583069776467384,687707900
2015-06-24,2.8796730041503906,2.890706223972702,2.8300236464763437,2.8576065645057676,485095313
2015-06-25,2.8410565853118896,2.945872294783699,2.8245066256888953,2.929322335160704,537049200
2015-06-26,2.747274398803711,2.8520901198827886,2.6755583375833876,2.8189904600240347,775787099
2015-06-29,2.796924114227295,2.813473813187169,2.592809143651314,2.780374152214699,918854158
2015-06-30,2.9127726554870605,2.9182891333582694,2.7583073293029154,2.791406985688228,965041270
2015-07-01,2.8355398178100586,2.8907059109478648,2.8189901213950574,2.8686394736927423,606218099
2015-07-02,3.0010390281677246,3.0231054703338094,2.774857864438981,2.841057190937237,1432633808
2015-07-03,2.9293229579925537,3.0010390265193085,2.846573668388817,2.923806478980433,1177261297
2015-07-06,3.194120407104492,3.19963714896246,2.9955221721140566,3.1610207451148744,2949582307
2015-07-07,3.3126602172851562,3.4280840879533008,3.0933553858796436,3.162609543165595,2248404399
2015-07-08,3.1568386554718018,3.3588303878361643,2.9837032386915436,3.1279828902708906,2970797096
2015-07-09,3.2203214168548584,3.393457089344684,2.9433045059860765,3.1568383002497136,2008218225
2015-07-10,3.1972367763519287,3.404999533443874,3.064499497542015,3.1164402556128943,2116259097
2015-07-13,3.041414499282837,3.1222110126354035,3.012558464061147,3.1106686535850367,1403223257
2015-07-14,2.9721601009368896,3.0356432080970883,2.908676993776691,3.0010158585976896,1096512639
2015-07-15,3.041414499282837,3.0587281754541604,2.9433043097589477,2.9490756268799045,1060248978
2015-07-16,3.0125584602355957,3.0991262905991888,2.9721603412063864,3.0414144954206423,741363442
2015-07-17,3.0067875385284424,3.0241009401784433,2.9721604600368825,3.0125585806812567,551775448
2015-07-20,2.983703136444092,3.0067878578903775,2.966389457763584,2.9894741792098696,495904812
2015-07-21,2.9721601009368896,2.9952448171421393,2.94907538473164,2.9721601009368896,410062306
2015-07-22,2.9548468589782715,2.9837028960570873,2.949075816677447,2.9606181764706605,331839839
2015-07-23,2.9721601009368896,2.97793114239244,2.9433040680845655,2.94907538473164,378126858
2015-07-24,2.9433047771453857,2.9779318597951443,2.9375337342995547,2.9721608169493132,437818838
2015-07-27,2.787482261657715,2.943304242893502,2.747084143494962,2.9202195253172034,631610814
2015-07-28,2.7817111015319824,2.8740499679093,2.72399903485463,2.7470840266404886,598084276
2015-07-29,2.804795980453491,2.8221093813054843,2.7701689035579595,2.7701689035579595,377276297
2015-07-30,2.764397621154785,2.8047960156354144,2.764397621154785,2.799024698484661,312166460
2015-07-31,2.787482261657715,2.8047959374357094,2.735541509515272,2.752855185293267,306775173
2015-08-03,2.804795980453491,2.8221093813054843,2.7413128685492443,2.764397586479599,480986563
2015-08-04,2.8105666637420654,2.816337980084068,2.7817109076065805,2.7874819487570734,255171684
2015-08-05,2.7817111015319824,2.81056685967913,2.7817111015319824,2.799024501381965,225129367
2015-08-06,2.775940179824829,2.7990248997042877,2.7586267775110187,2.7643978198850996,164819724
2015-08-07,2.7932534217834473,2.7990244632576604,2.770168705503545,2.787482105117709,184998486
2015-08-10,2.839423179626465,2.839423179626465,2.7701690228530285,2.787482424450609,434953351
2015-08-11,2.8105666637420654,2.8278803375765635,2.7932532650990765,2.822109021234561,312398718
2015-08-12,2.7701690196990967,2.7932537385972926,2.7643977023787696,2.7874824212769655,196837900
2015-08-13,2.764397621154785,2.7874823393747024,2.7355415857841145,2.764397621154785,203310342
2015-08-14,2.7528555393218994,2.7701692173265045,2.7470844967814148,2.764397899594444,167583835
2015-08-17,2.7182276248931885,2.7470836543209303,2.70668526816039,2.741312338358785,222751488
2015-08-18,2.6720588207244873,2.7355416599547393,2.6720588207244873,2.7182282584161452,323620232
2015-08-19,2.637432098388672,2.683601542311097,2.6085760583413595,2.6605168203498843,340343482
2015-08-20,2.6258888244628906,2.660515895365884,2.6201175083833097,2.6489735383982196,226557475
2015-08-21,2.620117664337158,2.6662870949558988,2.608575306682473,2.608575306682473,391604682
2015-08-24,2.3661859035491943,2.585491009659376,2.360414861383957,2.585491009659376,527506399
2015-08-25,2.2449910640716553,2.4296689487143612,2.1988214897141476,2.2969316804286044,533607796
2015-08-26,2.3373301029205322,2.3719571809026405,2.198821515800544,2.2911605280152774,596108324
2015-08-27,2.4469828605651855,2.452754178960594,2.279618617376654,2.343101606172304,563720563
2015-08-28,2.441211223602295,2.4642959411859753,2.400812830235084,2.4354399066106045,368256322
2015-08-31,2.4181265830993652,2.4296689422591324,2.3719571464602973,2.4123552659237073,300230668
2015-09-01,2.5970330238342285,2.614346698410726,2.4065839794503616,2.4181263374375197,1018541233
2015-09-02,2.856736421585083,2.856736421585083,2.504694340063672,2.5220077406937524,1394605700
2015-09-07,2.6085758209228516,2.741313097714589,2.591262143431943,2.729770737784506,648542768
2015-09-08,2.5970330238342285,2.6201177398085442,2.510465201334783,2.5624059498727547,404199401
2015-09-09,2.5970330238342285,2.614346698410726,2.5508635918855966,2.5681769912705725,366216691
2015-09-10,2.579719305038452,2.591261662827761,2.556634589459834,2.573948263739556,184433634
2015-09-11,2.5566349029541016,2.579719621363365,2.5508638609475613,2.5681772621587333,128608436
2015-09-14,2.6085758209228516,2.654745260643183,2.5220079838514455,2.550864021272437,426149932
2015-09-15,2.620117664337158,2.6432023796465285,2.5624058760637323,2.579719274950003,382841476
2015-09-16,2.614346742630005,2.648973817177164,2.562405993213503,2.5854907095782758,238809951
2015-09-17,2.6085758209228516,2.6432029007131,2.5970334609927685,2.602804778553594,214363152
2015-09-18,2.5681772232055664,2.6143469345153587,2.5508638222569977,2.602804575485797,162282989
2015-09-21,2.5508639812469482,2.5624063409959206,2.5162369020000313,2.5508639812469482,164594616
2015-09-22,2.562406301498413,2.573948661069469,2.5393215823563016,2.5508639419273575,135949647
2015-09-23,2.522007942199707,2.556635021418079,2.5162368999257603,2.5450926616786216,110786308
2015-09-24,2.522007942199707,2.539321619404675,2.5104655824602498,2.5277792596652175,77556004
2015-09-25,2.5681772232055664,2.579719582235128,2.5104654280577594,2.5162367451683134,179878957
2015-09-28,2.5277793407440186,2.562406421073058,2.5162369806343388,2.545092743312752,93773145
2015-09-29,2.493152618408203,2.5162373419423116,2.4873812999288702,2.5162373419423116,93585842
2015-09-30,2.493152618408203,2.522008385230033,2.493152618408203,2.4989236616959247,71715972
2015-10-08,2.5277793407440186,2.550864060963378,2.5220080230933926,2.5393217008536983,120700712
2015-10-09,2.562406301498413,2.5681773436881614,2.533550264974994,2.5393215823563016,118418895
2015-10-12,2.602804660797119,2.620118062313164,2.556634947974037,2.5681773073819185,186416592
2015-10-13,2.5681772232055664,2.5970332583752436,2.5566348641760053,2.5912619412646896,123003386
2015-10-14,2.5566349029541016,2.5681772621587333,2.5450925437494702,2.5566349029541016,88456676
2015-10-15,2.591262102127075,2.591262102127075,2.545092663142687,2.5566350228887837,113760995
2015-10-16,2.5970330238342285,2.602804340423568,2.5854906658470704,2.5970330238342285,137963108
2015-10-19,2.591262102127075,2.6143470968108327,2.585491059849808,2.5970334195959053,126978377
2015-10-20,2.5970330238342285,2.602804340423568,2.5797193492577306,2.5854906658470704,88230181
2015-10-21,2.7528555393218994,2.856736781774802,2.585491177774212,2.597033538046757,395609287
2015-10-22,2.683601140975952,2.7239992607706998,2.6316603867352173,2.648974063212646,260276992
2015-10-23,2.6605165004730225,2.6836012196587333,2.637431781287311,2.6605165004730225,205449506
2015-10-26,2.666287899017334,2.6778302601528012,2.648974494909931,2.672059217180866,140614465
2015-10-27,2.6720588207244873,2.700914581685996,2.643202784571423,2.660516461301573,171854866
2015-10-28,2.6605165004730225,2.6951435792515888,2.643202823487959,2.6547451830808146,177382834
2015-10-29,2.643202543258667,2.666287259996963,2.6374315016698584,2.654744901627815,132176820
2015-10-30,2.637432098388672,2.654745502263785,2.6316607803025724,2.6432031412831787,115987539
2015-11-02,2.6085758209228516,2.654745260643183,2.6085758209228516,2.62588949841376,115745633
2015-11-03,2.5681772232055664,2.6143469345153587,2.562406181286559,2.6085756174048047,137880154
2015-11-04,2.6316609382629395,2.6374322566954516,2.556635449789942,2.562406768222454,215693190
2015-11-05,2.6778292655944824,2.7239986929888103,2.60857512450299,2.614346440523028,450953525
2015-11-06,2.683601140975952,2.683601140975952,2.6432027459896523,2.6662874644985233,243645222
2015-11-09,2.7701690196990967,2.839423176393685,2.689372228363854,2.7066859051332792,524861538
2015-11-10,2.7297706604003906,2.764397739209024,2.7124569834002945,2.747084337400487,261928000
2015-11-11,2.712456703186035,2.723999061596513,2.68937198636508,2.71822801998704,194574316
2015-11-12,2.683601140975952,2.7124569015162643,2.6662874644985233,2.7009145422618293,151435182
2015-11-13,2.654745101928711,2.6836011376245383,2.654745101928711,2.6720587783845176,132284093
2015-11-16,2.683601140975952,2.683601140975952,2.6316603867352173,2.6374317039582107,160922198
2015-11-17,2.695143699645996,2.718228419862922,2.6720589794290706,2.6836013395375335,182921046
2015-11-18,2.7009146213531494,2.7182282983375776,2.672058859967849,2.689372261760717,167032969
2015-11-19,2.7009146213531494,2.7066859387451454,2.6836012195602814,2.689372261760717,116716686
2015-11-20,2.6893720626831055,2.700914421421128,2.6778297039450827,2.6951433796478863,140072829
2015-11-23,2.683601140975952,2.689372183007394,2.660516422467081,2.689372183007394,169488380
2015-11-24,2.6778292655944824,2.6836005816145203,2.648973511068774,2.6778292655944824,190858640
2015-11-25,2.6893720626831055,2.6951433796478863,2.660516303433819,2.6662873452070603,193052112
2015-11-26,2.7009146213531494,2.7066859387451454,2.6836012195602814,2.6836012195602814,184004127
2015-11-27,2.643202543258667,2.700914335104407,2.6201178265203713,2.6893719767352593,156770859
2015-11-30,2.666287899017334,2.672059217180866,2.631660815610932,2.637432133774464,208152848
2015-12-01,2.6258888244628906,2.6489735383982196,2.6085751514156454,2.6489735383982196,189093553
2015-12-02,2.723999261856079,2.7297705790813724,2.6143469864910287,2.62011802852477,401160231
2015-12-03,2.804795980453491,2.8336517402706614,2.683601073723359,2.700914474575352,702118888
2015-12-04,2.706685781478882,2.775939935009608,2.700914464422216,2.770168893144486,205777283
2015-12-07,2.6893720626831055,2.7182280971239314,2.672058662171841,2.71245678015915,125971505
2015-12-08,2.666287899017334,2.700914982423736,2.637432133774464,2.672059217180866,172415066
2015-12-09,2.6893720626831055,2.6951433796478863,2.6547449864690376,2.660516303433819,90689996
2015-12-10,2.6605165004730225,2.7124569810450923,2.6547451830808146,2.6836012196587333,126544975
2015-12-11,2.6489737033843994,2.6605160610709575,2.6316600292588057,2.654744744631921,111942525
2015-12-14,2.683601140975952,2.683601140975952,2.6316603867352173,2.6374317039582107,149183983
2015-12-15,2.654745101928711,2.6836011376245383,2.6489740599044764,2.677829820408752,90021442
2015-12-16,2.6489737033843994,2.666287102318479,2.6374313456978418,2.6605160610709575,83805022
2015-12-17,2.666287899017334,2.6778302601528012,2.648974494909931,2.6547455378818667,92519956
2015-12-18,2.666287899017334,2.7182286617227356,2.6547455378818667,2.6605168560453984,197836899
2015-12-21,2.706685781478882,2.7182281404006696,2.6489739868699433,2.654745028735065,250020948
2015-12-22,2.695143699645996,2.7239994623213675,2.6836013395375335,2.706686059754459,146002853
2015-12-23,2.695143699645996,2.718228419862922,2.677830021887516,2.689372381995979,236911383
2015-12-24,2.683601140975952,2.7009145422618293,2.6662874644985233,2.7009145422618293,162346693
2015-12-25,2.683601140975952,2.689372183007394,2.6778298237529583,2.683601140975952,86776633
2015-12-28,2.6489737033843994,2.6893718176915944,2.6489737033843994,2.683600776444073,146697558
2015-12-29,2.6605165004730225,2.6605165004730225,2.643202823487959,2.6489741408801666,124565023
2015-12-30,2.6605165004730225,2.66628754267367,2.643202823487959,2.6547451830808146,82408564
2015-12-31,2.643202543258667,2.6605162184081546,2.643202543258667,2.654744901627815,97925207
2016-01-04,2.5681772232055664,2.648974011604043,2.562406181286559,2.643202694493489,147508685
2016-01-05,2.579719305038452,2.602804295808587,2.52777883258232,2.550863548160938,160629284
2016-01-06,2.602804660797119,2.6085757029052825,2.5681773073819185,2.5681773073819185,113177263
2016-01-07,2.5566349029541016,2.597033297766088,2.5508638609475613,2.591261980567997,34491508
2016-01-08,2.573948621749878,2.591262023246203,2.5393215435656735,2.562406262355143,186134474
2016-01-11,2.493152618408203,2.5566354705311953,2.4873812999288702,2.5566354705311953,164702051
2016-01-12,2.493152618408203,2.5277797037093657,2.4873812999288702,2.5162373419423116,115754335
2016-01-13,2.481610059738159,2.5104658242704323,2.4758387417167507,2.5104658242704323,101544385
2016-01-14,2.4873807430267334,2.4873807430267334,2.429668947112614,2.4585249826654487,131047547
2016-01-15,2.441211223602295,2.481609616969506,2.4296688648104547,2.4758382999778155,101190760
2016-01-18,2.4181265830993652,2.4527536605786664,2.4065842239395985,2.4181265830993652,119484135
2016-01-19,2.452754020690918,2.464296381545329,2.4123556201046834,2.418126938127684,98135774
2016-01-20,2.4354400634765625,2.452753740375262,2.4065843022341413,2.452753740375262,106584738
2016-01-21,2.412355422973633,2.4585251378100055,2.412355422973633,2.423897782884834,84601580
2016-01-22,2.4354400634765625,2.4354400634765625,2.412355344406002,2.4296690213047016,84696499
2016-01-25,2.441211223602295,2.452753582394135,2.4238975478187643,2.4354399066106045,62768998
2016-01-26,2.3546438217163086,2.4354403478990787,2.3373304179872245,2.429669305053247,112381408
2016-01-27,2.3719570636749268,2.3950417811887643,2.3431010291868595,2.360414704918008,152478645
2016-01-28,2.3373301029205322,2.366185863643179,2.320016426333701,2.366185863643179,90199334
2016-01-29,2.3661859035491943,2.3777282630712273,2.3257877828178586,2.331558824983096,137585643
2016-02-01,2.3257875442504883,2.3604146192647186,2.308473869147608,2.3604146192647186,104028310
2016-02-02,2.3373301029205322,2.3488724622479014,2.3084740670063315,2.320016426333701,92645580
2016-02-03,2.3142454624176025,2.3257878221347563,2.291160605387514,2.320016504680398,77935178
2016-02-04,2.320016384124756,2.3315587432421307,2.308474025007381,2.320016384124756,73562943
2016-02-05,2.3142454624176025,2.3257878221347563,2.3084741449632444,2.320016504680398,71204411
2016-02-15,2.2911605834960938,2.3027029431029633,2.2680758642823546,2.2738470440857896,58226580
2016-02-16,2.3431012630462646,2.3431012630462646,2.2969318234105263,2.2969318234105263,85327980
2016-02-17,2.3373301029205322,2.3431011449884402,2.320016426333701,2.3315587856610707,84084658
2016-02-18,2.3431012630462646,2.348872580596516,2.33155890313733,2.3373302206875812,88436527
2016-02-19,2.320016384124756,2.3373300603965927,2.3142453421618425,2.3315587432421307,94079934
2016-02-22,2.3546438217163086,2.371957500636983,2.32001673906655,2.3315590999498026,131720894
2016-02-23,2.3373301029205322,2.3546435043158094,2.3257877435931626,2.3546435043158094,69148356
2016-02-24,2.3373301029205322,2.3431011449884402,2.320016426333701,2.3315587856610707,74589777
2016-02-25,2.3142454624176025,2.354643583831859,2.3084741449632444,2.33733018185191,221264453
2016-02-26,2.320016384124756,2.3373300603965927,2.308474025007381,2.3142453421618425,115826517
2016-02-29,2.3257875442504883,2.3315585858237617,2.244990898288185,2.3142451859124114,183234157
2016-03-01,2.3257875442504883,2.3257875442504883,2.296931510809531,2.320016227485685,85462000
2016-03-02,2.3719570636749268,2.3777281054576163,2.314245269890332,2.325787628647251,208078890
2016-03-03,2.38349986076355,2.3892709036075486,2.354643820968783,2.366186181848372,149768911
2016-03-04,2.4873807430267334,2.4989231022095577,2.3604147920156704,2.377728193194131,409303272
2016-03-07,2.4758386611938477,2.487381021669677,2.4469826224084836,2.464296300718018,135311230
2016-03-08,2.4989230632781982,2.504694380375472,2.4296689092601826,2.458524944363462,169417154
2016-03-09,2.5450925827026367,2.5508638999890594,2.4585250249387403,2.47006738432003,188468201
2016-03-10,2.493152618408203,2.5277797037093657,2.493152618408203,2.5162373419423116,105044132
2016-03-11,2.5046942234039307,2.5046942234039307,2.458524790285402,2.4816095068446664,100313485
2016-03-14,2.481610059738159,2.5046947814406133,2.4758387417167507,2.5046947814406133,199920794
2016-03-15,2.4585251808166504,2.47583858339053,2.435440185398858,2.47583858339053,155203345
2016-03-16,2.493152618408203,2.5104660234629788,2.4412118528606537,2.446982896148375,290465143
2016-03-17,2.4758386611938477,2.487381021669677,2.458525258075894,2.4816099790275525,156098379
2016-03-18,2.481610059738159,2.481610059738159,2.4469827019928876,2.481610059738159,165222463
2016-03-21,2.4873807430267334,2.5046944193967446,2.4700673418482726,2.4816097010310965,135307955
2016-03-22,2.4758386611938477,2.4989233821455064,2.4700676185517234,2.487381021669677,96265666
2016-03-23,2.481610059738159,2.498923463419205,2.4700676988869317,2.481610059738159,98446751
2016-03-24,2.4585251808166504,2.4873809435036405,2.4527538631643093,2.481609901042871,73796490
2016-03-25,2.470067262649536,2.470067262649536,2.4527535868346604,2.4585249038367993,37351400
2016-03-28,2.481610059738159,2.481610059738159,2.452754020014296,2.464296380865523,76782196
2016-03-29,2.452754020690918,2.481610060422741,2.452754020690918,2.4700676995683297,85868439
2016-03-30,2.493152618408203,2.4989236616959247,2.446982896148375,2.446982896148375,142674879
2016-03-31,2.4758386611938477,2.4989233821455064,2.4700676185517234,2.487381021669677,91863121
2016-04-01,2.481610059738159,2.4873811025679777,2.4585253380357046,2.4758387417167507,92120439
2016-04-05,2.493152618408203,2.4989236616959247,2.470067894874095,2.481610256641149,100099566
2016-04-06,2.4758386611938477,2.487381021669677,2.4700676185517234,2.4816099790275525,70570722
2016-04-07,2.4585251808166504,2.481609901042871,2.458525180816651,2.481609901042871,74637985
2016-04-08,2.4585251808166504,2.47583858339053,2.4527538631643093,2.4527538631643093,46683454
2016-04-11,2.4758386611938477,2.487381021669677,2.458525258075894,2.458525258075894,67374407
2016-04-12,2.470067262649536,2.481609621462273,2.470067262649536,2.475838304460134,48195029
2016-04-13,2.493152618408203,2.5046949801752576,2.475838938161816,2.475838938161816,153412951
2016-04-14,2.4873807430267334,2.4989231022095577,2.4873807430267334,2.4989231022095577,44085883
2016-04-15,2.481610059738159,2.498923463419205,2.4758387417167507,2.498923463419205,68158357
2016-04-18,2.4758386611938477,2.4816099790275525,2.458525258075894,2.4758386611938477,93235807
2016-04-19,2.4758386611938477,2.4816099790275525,2.464296300718018,2.4758386611938477,41791422
2016-04-20,2.4758386611938477,2.4758386611938477,2.435440261932654,2.4758386611938477,144911727
2016-04-21,2.481610059738159,2.4873811025679777,2.452754020014296,2.4585253380357046,80991192
2016-04-22,2.470067262649536,2.481609621462273,2.464295945647397,2.470067262649536,57375276
2016-04-25,2.4642961025238037,2.470067419893343,2.4527537429762836,2.4642961025238037,44559176
2016-04-26,2.470067262649536,2.475838304460134,2.4585249038367993,2.464295945647397,49455325
2016-04-27,2.470067262649536,2.470067262649536,2.4585249038367993,2.470067262649536,31701532
2016-04-28,2.470067262649536,2.470067262649536,2.4527535868346604,2.470067262649536,50901269
2016-04-29,2.4585251808166504,2.4642962232774197,2.4527538631643093,2.4642962232774197,46049086
2016-05-03,2.470067262649536,2.475838304460134,2.4469822698325214,2.4585249038367993,75971478
2016-05-04,2.4642961025238037,2.470067419893343,2.458525060345823,2.4642961025238037,40369142
2016-05-05,2.470067262649536,2.470067262649536,2.4585249038367993,2.464295945647397,45022080
2016-05-06,2.4469828605651855,2.470067858955211,2.441211817361385,2.470067858955211,71657233
2016-05-09,2.4065842628479004,2.4469823829644444,2.400812945578935,2.441211340887033,71439800
2016-05-10,2.400813102722168,2.412355462824041,2.389270742620295,2.400813102722168,59931469
2016-05-11,2.4181265830993652,2.4296689422591324,2.3950418647798313,2.4065842239395985,65089697
2016-05-12,2.412355422973633,2.423897782884834,2.3950420207026144,2.4065843806138156,53021658
2016-05-13,2.4354400634765625,2.441211380839982,2.4065843022341413,2.412355344406002,77867887
2016-05-16,2.452754020690918,2.4585253387139185,2.4238979809590946,2.4238979809590946,58012956
2016-05-17,2.452754020690918,2.4585253387139185,2.4412116598365063,2.4469827026679174,40929431
2016-05-18,2.4469828605651855,2.452754178960594,2.4123557757675584,2.452754178960594,58526023
2016-05-19,2.4469828605651855,2.4585254973560025,2.4354404989659764,2.441211817361385,52750006
2016-05-20,2.452754020690918,2.4585253387139185,2.4469827026679174,2.4469827026679174,43407775
2016-05-23,2.4585251808166504,2.4700675409297608,2.4527538631643093,2.458525180816651,43113503
2016-05-24,2.4585251808166504,2.4642962232774197,2.4469825455119683,2.4642962232774197,48488885
2016-05-25,2.4585251808166504,2.4700675409297608,2.458525180816651,2.4642962232774197,24523733
2016-05-26,2.470067262649536,2.470067262649536,2.4585249038367993,2.4585249038367993,44247309
2016-05-27,2.4758386611938477,2.4758386611938477,2.458525258075894,2.464296300718018,32224893
2016-05-30,2.481610059738159,2.4873811025679777,2.464296380865523,2.4758387417167507,84516663
2016-05-31,2.5162370204925537,2.5220080630430233,2.4758386218729616,2.4758386218729616,104740402
2016-06-01,2.5046942234039307,2.516236581683563,2.4931518651242985,2.516236581683563,63441751
2016-06-02,2.5046942234039307,2.5104652649479826,2.4989229066683505,2.5046942234039307,29648778
2016-06-03,2.522007942199707,2.522007942199707,2.4931521804468457,2.5104655824602498,48206398
2016-06-06,2.5277793407440186,2.5335503832030724,2.5104656629837128,2.5162369806343388,59276484
2016-06-07,2.5393214225769043,2.5508637814216906,2.5220077467139532,2.5277790637321176,58853493
2016-06-08,2.5335497856140137,2.5450921430011944,2.516236387128996,2.5450921430011944,57889772
2016-06-13,2.522007942199707,2.539321619404675,2.5162368999257603,2.522007942199707,66550532
2016-06-14,2.5393214225769043,2.5508637814216906,2.510465387869167,2.510465387869167,69583009
2016-06-15,2.5335497856140137,2.5450921430011944,2.522007428226833,2.5335497856140137,64010809
2016-06-16,2.522007942199707,2.5277792596652175,2.5104655824602498,2.522007942199707,39889730
2016-06-17,2.522007942199707,2.539321619404675,2.5162368999257603,2.522007942199707,37494345
2016-06-20,2.5335497856140137,2.539321101903358,2.522007428226833,2.5335497856140137,36431977
2016-06-21,2.5450925827026367,2.5450925827026367,2.5277791812264794,2.5393215406077694,35358922
2016-06-22,2.562406301498413,2.573948661069469,2.533550264974994,2.5393215823563016,56411629
2016-06-23,2.562406301498413,2.573948661069469,2.5566349841171054,2.562406301498413,25477847
2016-06-24,2.5393214225769043,2.5739484991112636,2.5162367048873313,2.562406140266477,44452637
2016-06-27,2.5508639812469482,2.5508639812469482,2.533550304027708,2.533550304027708,31933930
2016-06-28,2.5508639812469482,2.5566350235256525,2.5162369020000313,2.54509266377668,64395143
2016-06-29,2.5508639812469482,2.5566350235256525,2.533550304027708,2.54509266377668,53792231
2016-06-30,2.562406301498413,2.5681773436881614,2.5393215823563016,2.5508639419273575,44120661
2016-07-01,2.579719305038452,2.591261662827761,2.562405905950247,2.568176947249143,53452780
2016-07-04,2.620117664337158,2.6258889807602577,2.579719274950003,2.579719274950003,64872069
2016-07-05,2.6258888244628906,2.637431181430555,2.6028041105275617,2.6201175083833097,67474926
2016-07-06,2.6316609382629395,2.6316609382629395,2.591262534810185,2.620118576589525,67726987
2016-07-07,2.6489737033843994,2.654744744631921,2.614346630324726,2.625888988011284,111989706
2016-07-08,2.6084189414978027,2.6449002908280104,2.5962584917210667,2.6449002908280104,115400788
2016-07-11,2.5962581634521484,2.6205790599305048,2.590178084296537,2.602338532535715,75103755
2016-07-12,2.638819694519043,2.644899773253618,2.5901779049307,2.596257983665275,141273663
2016-07-13,2.644899845123291,2.6570602928508116,2.6144988707684607,2.63273939739577,136168870
2016-07-14,2.6205790042877197,2.6448999002496705,2.614498925261207,2.6448999002496705,57044041
2016-07-15,2.626659631729126,2.6327397113539734,2.6144991825514534,2.620579262176301,55305234
2016-07-18,2.638819694519043,2.644899773253618,2.6205788784594466,2.6205788784594466,58448115
2016-07-19,2.6144988536834717,2.6448998278396405,2.608418484895473,2.638819748979583,83653833
2016-07-20,2.6023385524749756,2.620579080009525,2.5962581833448204,2.6144990008073274,52772357
2016-07-21,2.6023385524749756,2.6144990008073274,2.5901781041426233,2.6023385524749756,74667293
2016-07-22,2.6023385524749756,2.6084186316771727,2.5780173658823133,2.6023385524749756,70445357
2016-07-25,2.6084189414978027,2.6144993113501664,2.590178411796695,2.590178411796695,66019787
2016-07-26,2.6205790042877197,2.626659373242182,2.5962581083257694,2.6084185563067446,59875814
2016-07-27,2.6205790042877197,2.626659373242182,2.5780172913903323,2.6205790042877197,104570068
2016-07-28,2.6084189414978027,2.6205793912745383,2.602338861573431,2.6144993113501664,57911779
2016-07-29,2.6144988536834717,2.6144988536834717,2.6023384060354156,2.608418484895473,35004529
2016-08-01,2.632739782333374,2.632739782333374,2.60841888332233,2.614499253039084,73572877
2016-08-02,2.638819694519043,2.638819694519043,2.6205788784594466,2.626659247121957,45228648
2016-08-03,2.632739782333374,2.6388201520501275,2.6266597025446057,2.632739782333374,67941362
2016-08-04,2.632739782333374,2.632739782333374,2.6205793328278517,2.6266597025446057,52886153
2016-08-05,2.632739782333374,2.632739782333374,2.614499253039084,2.6205793328278517,58463993
2016-08-08,2.638819694519043,2.644899773253618,2.626659247121957,2.626659247121957,47988242
2016-08-09,2.6570608615875244,2.6570608615875244,2.63273996092666,2.63273996092666,90851724
2016-08-10,2.663140296936035,2.669220375003099,2.644899482879036,2.6570599289410675,66893288
2016-08-11,2.6874613761901855,2.7178623484981568,2.6631404823726395,2.6631404823726395,127544975
2016-08-12,2.7361035346984863,2.7421839039410165,2.6753012919130015,2.6874617404700984,139550563
2016-08-15,2.784745693206787,2.802986513392544,2.7239434424675997,2.7421842626533564,190796136
2016-08-16,2.6996219158172607,2.7908254157293984,2.669220652537237,2.7908254157293984,379202626
2016-08-17,2.6996219158172607,2.7057019945165055,2.6813810998636596,2.6935415471900823,111953777
2016-08-18,2.6935417652130127,2.7117825826430777,2.681381316902289,2.6935417652130127,120802807
2016-08-19,2.6996219158172607,2.6996219158172607,2.6813810998636596,2.6996219158172607,77286861
2016-08-22,2.717862367630005,2.730022814624379,2.6935414736412566,2.6935414736412566,120534917
2016-08-23,2.7482640743255615,2.7543444437695785,2.711782727445378,2.7178628069614224,140575529
2016-08-24,2.7482640743255615,2.7543444437695785,2.7361036253655002,2.7482640743255615,97280725
2016-08-25,2.7482640743255615,2.7543444437695785,2.7239431764054394,2.7421839948095172,127172549
2016-08-26,2.7361035346984863,2.7482639832555833,2.7300231654559566,2.7482639832555833,66375925
2016-08-29,2.730023145675659,2.7361035148741344,2.693541800268693,2.7300231456756596,85397545
2016-08-30,2.7421839237213135,2.7421839237213135,2.717862736503719,2.723943105790109,73462568
2016-08-31,2.7543444633483887,2.7543444633483887,2.7300232753274103,2.7361036448146487,62221953
2016-09-01,2.7482640743255615,2.7604245232856224,2.7361036253655002,2.7482640743255615,55451775
2016-09-02,2.7543444633483887,2.760424542907652,2.7421840143018867,2.7421840143018867,74471958
2016-09-05,2.7543444633483887,2.76650491239489,2.7361036448146487,2.7482640938611502,85903781
2016-09-06,2.711782455444336,2.7665046152397776,2.699622007704009,2.748263798665316,202747495
2016-09-07,2.7239432334899902,2.730023313133452,2.7117827842750875,2.7178628639185494,94756451
2016-09-08,2.730023145675659,2.7300231456756596,2.711782617936157,2.711782617936157,66651637
2016-09-09,2.7239432334899902,2.730023313133452,2.7178628639185494,2.7239432334899902,51363680
2016-09-12,2.705702543258667,2.711782913119002,2.687462013533647,2.705702543258667,112496998
2016-09-13,2.6935417652130127,2.705702213523737,2.6874616860216296,2.705702213523737,59140534
2016-09-14,2.6570608615875244,2.693542212578822,2.644900411257092,2.6874621323776084,77542821
2016-09-19,2.6753013134002686,2.6813813927636687,2.6509804160907358,2.6570604954541364,50569217
2016-09-20,2.6753013134002686,2.6753013134002686,2.663140864745502,2.6753013134002686,44893767
2016-09-21,2.6813814640045166,2.68746183345743,2.657060566048809,2.669221015026663,64520861
2016-09-22,2.6996219158172607,2.7057019945165055,2.6813810998636596,2.687461468490838,75787325
2016-09-23,2.6996219158172607,2.7117823631436835,2.6935415471900823,2.6996219158172607,52577108
2016-09-26,2.6813814640045166,2.705702361960224,2.6813814640045166,2.699622282435284,69287712
2016-09-27,2.6996219158172607,2.7057019945165055,2.669220652537237,2.6813810998636596,45716057
2016-09-28,2.6935417652130127,2.6996221343323534,2.6874616860216296,2.6996221343323534,29460797
2016-09-29,2.6996219158172607,2.6996219158172607,2.687461468490838,2.6935415471900823,42713318
2016-09-30,2.6935417652130127,2.6996221343323534,2.6874616860216296,2.6935417652130127,26057004
2016-10-10,2.711782455444336,2.711782455444336,2.693541638869874,2.693541638869874,78484966
2016-10-11,2.705702543258667,2.711782913119002,2.6996224633263246,2.711782913119002,55342680
2016-10-12,2.6935417652130127,2.705702213523737,2.6874616860216296,2.6996221343323534,59244398
2016-10-13,2.6874613761901855,2.699621823098959,2.681381007771837,2.6935414546806102,47888441
2016-10-14,2.6874613761901855,2.6935414546806102,2.669220560863064,2.681381007771837,67662149
2016-10-17,2.663140296936035,2.687461189060098,2.6509798508740037,2.6813808210651304,60322226
2016-10-18,2.6813814640045166,2.6813814640045166,2.657060566048809,2.657060566048809,60521378
2016-10-19,2.6813814640045166,2.6935419129823703,2.669221015026663,2.6813814640045166,53880138
2016-10-20,2.6692209243774414,2.681381372942315,2.663140845058986,2.681381372942315,50365908
2016-10-21,2.6813814640045166,2.6813814640045166,2.6631409355017226,2.669221015026663,33583795
2016-10-24,2.6935417652130127,2.705702213523737,2.6692208685915646,2.6753012377109053,147965394
2016-10-25,2.705702543258667,2.705702543258667,2.687462013533647,2.6935420934659895,82503339
2016-10-26,2.6874613761901855,2.699621823098959,2.681381007771837,2.699621823098959,81485905
2016-10-27,2.6874613761901855,2.6874613761901855,2.669220560863064,2.681381007771837,62037326
2016-10-28,2.6996219158172607,2.7057019945165055,2.6753010211644153,2.6813810998636596,81003113
2016-10-31,2.6935417652130127,2.6996221343323534,2.6753012377109053,2.6874616860216296,67620002
2016-11-01,2.6996219158172607,2.6996219158172607,2.6813810998636596,2.687461468490838,60044424
2016-11-02,2.6874613761901855,2.6935414546806102,2.6753009292814123,2.6874613761901855,56576605
2016-11-03,2.6874613761901855,2.6935414546806102,2.6753009292814123,2.6874613761901855,59317374
2016-11-04,2.6813814640045166,2.68746183345743,2.669221015026663,2.68746183345743,92834063
2016-11-07,2.6813814640045166,2.6813814640045166,2.669221015026663,2.6753013844795763,57769848
2016-11-08,2.6996219158172607,2.7057019945165055,2.6753010211644153,2.6753010211644153,169272738
2016-11-09,2.6753013134002686,2.693541841418435,2.663140864745502,2.687461762055035,127193116
2016-11-10,2.6935417652130127,2.6935417652130127,2.681381316902289,2.6874616860216296,73081234
2016-11-11,2.6813814640045166,2.6935419129823703,2.650980486523869,2.68746183345743,192367518
2016-11-14,2.6753013134002686,2.6813813927636687,2.6692209441089028,2.6753013134002686,190875086
2016-11-15,2.6753013134002686,2.6753013134002686,2.6692209441089028,2.6753013134002686,74971347
2016-11-16,2.6753013134002686,2.6753013134002686,2.6692209441089028,2.6753013134002686,69330906
2016-11-17,2.6692209243774414,2.67530129362386,2.663140845058986,2.6692209243774414,53452620
2016-11-18,2.6692209243774414,2.67530129362386,2.663140845058986,2.6692209243774414,56792920
2016-11-21,2.6874613761901855,2.6874613761901855,2.669220560863064,2.669220560863064,125320308
2016-11-22,2.6935417652130127,2.6996221343323534,2.681381316902289,2.681381316902289,240278889
2016-11-23,2.705702543258667,2.7178629930513445,2.681381643673312,2.687462013533647,230905200
2016-11-24,2.6996219158172607,2.7057019945165055,2.6935415471900823,2.6996219158172607,99859805
2016-11-25,2.7361035346984863,2.7361035346984863,2.6935418197846657,2.6935418197846657,205461301
2016-11-28,2.7665045261383057,2.772584604848675,2.7361032628026583,2.7361032628026583,242278688
2016-11-29,2.77866530418396,2.77866530418396,2.754344406592115,2.7665048553880376,146817838
2016-11-30,2.7482640743255615,2.7725849722456837,2.7361036253655002,2.7725849722456837,121384447
2016-12-01,2.7482640743255615,2.7665048927296394,2.7361036253655002,2.7482640743255615,109041099
2016-12-02,2.7482640743255615,2.7604245232856224,2.7178628069614224,2.7421839948095172,175955035
2016-12-05,2.772585153579712,2.7786655234214,2.7300234344718683,2.7361038043135566,182637021
2016-12-06,2.760424852371216,2.784745753190768,2.760424852371216,2.7665052225401077,108282724
2016-12-07,2.7543444633483887,2.7725849919541536,2.7482640938611502,2.760424542907652,68071144
2016-12-08,2.760424852371216,2.7665052225401077,2.7421843217205555,2.760424852371216,85539288
2016-12-09,2.790825843811035,2.8090663726345966,2.754344496235934,2.7604245758677948,243020568
2016-12-12,2.8151464462280273,2.8394673420544856,2.77866510248834,2.7908255504015695,267941471
2016-12-13,2.772585153579712,2.8029864229321704,2.766505073666015,2.796906053090482,117361944
2016-12-14,2.77866530418396,2.796905832413859,2.772584934822014,2.772584934822014,74006731
2016-12-15,2.711782455444336,2.778665062980104,2.699622007704009,2.772584694145969,125354573
2016-12-16,2.6935417652130127,2.7117825826430777,2.681381316902289,2.705702213523737,106381972
2016-12-19,2.6996219158172607,2.7057019945165055,2.6813810998636596,2.6935415471900823,49766289
2016-12-20,2.6813814640045166,2.705702361960224,2.657060566048809,2.699622282435284,102928182
2016-12-21,2.6874613761901855,2.6935414546806102,2.669220560863064,2.669220560863064,73573845
2016-12-22,2.6753013134002686,2.693541841418435,2.6692209441089028,2.687461762055035,60826555
2016-12-23,2.6753013134002686,2.6813813927636687,2.663140864745502,2.6753013134002686,60063435
2016-12-26,2.6813814640045166,2.6813814640045166,2.6449001170709554,2.6631409355017226,89013884
2016-12-27,2.6692209243774414,2.681381372942315,2.663140845058986,2.6692209243774414,48688669
2016-12-28,2.6570608615875244,2.669221311917957,2.644900411257092,2.669221311917957,92805354
2016-12-29,2.663140296936035,2.669220375003099,2.6509798508740037,2.6509798508740037,79000475
2016-12-30,2.6813814640045166,2.6813814640045166,2.657060566048809,2.6631409355017226,87610736
2017-01-03,2.6935417652130127,2.6935417652130127,2.6692208685915646,2.6753012377109053,104161632
2017-01-04,2.6935417652130127,2.6996221343323534,2.681381316902289,2.6874616860216296,118923425
2017-01-05,2.6996219158172607,2.7057019945165055,2.687461468490838,2.6935415471900823,87356137
2017-01-06,2.6996219158172607,2.7057019945165055,2.6935415471900823,2.6996219158172607,87008191
2017-01-09,2.711782455444336,2.7239429031846623,2.693541638869874,2.705702086610201,117454094
2017-01-10,2.711782455444336,2.717862534350527,2.699622007704009,2.705702086610201,63663257
2017-01-11,2.717862367630005,2.7239427360911552,2.7057019206356308,2.7117822890967807,52395427
2017-01-12,2.717862367630005,2.717862367630005,2.6996218421024065,2.7117822890967807,62166279
2017-01-13,2.730023145675659,2.7300231456756596,2.699622169467168,2.7057022487376816,93851289
2017-01-16,2.7665045261383057,2.784745052197347,2.6996219207566416,2.7178624468156825,302311399
2017-01-17,2.7543444633483887,2.760424542907652,2.7421840143018867,2.7482640938611502,90022291
2017-01-18,2.7543444633483887,2.760424542907652,2.7421840143018867,2.7482640938611502,68290432
2017-01-19,2.7543444633483887,2.7725849919541536,2.7361036448146487,2.7543444633483887,110598840
2017-01-20,2.7482640743255615,2.7543444437695785,2.7361036253655002,2.7482640743255615,67870182
2017-01-23,2.7543444633483887,2.7543444633483887,2.7421840143018867,2.7482640938611502,77011069
2017-01-24,2.7665045261383057,2.778664973486978,2.7482637101513303,2.7482637101513303,117283449
2017-01-25,2.772585153579712,2.7786655234214,2.75434462391063,2.766505073666015,68255713
2017-01-26,2.796905755996704,2.796905755996704,2.772584859069356,2.772584859069356,84502233
2017-02-03,2.772585153579712,2.796906053090482,2.766505073666015,2.7908259731767853,53137727
2017-02-06,2.772585153579712,2.7786655234214,2.760424703824327,2.7786655234214,55128293
2017-02-07,2.7665045261383057,2.772584604848675,2.7604241575000024,2.7665045261383057,68414436
2017-02-08,2.772585153579712,2.772585153579712,2.7421841741552453,2.766505073666015,55511309
2017-02-09,2.77866530418396,2.77866530418396,2.7604244860260923,2.7665048553880376,65501269
2017-02-10,2.790825843811035,2.790825843811035,2.7725850250594952,2.7786653946193347,59720167
2017-02-13,2.8090667724609375,2.8151471428862216,2.78474587061584,2.790826241041124,93998902
2017-02-14,2.8090667724609375,2.8212272233834863,2.802986691963673,2.8090667724609375,80645823
2017-02-15,2.845547914505005,2.8516282844800145,2.8090665644389405,2.8090665644389405,156678868
2017-02-16,2.845547914505005,2.8698688145490476,2.8333874644829833,2.845547914505005,103172534
2017-02-17,2.8212268352508545,2.8577081829995485,2.8090663860012897,2.8577081829995485,95376937
2017-02-20,2.8394675254821777,2.8637884228797494,2.815146628084606,2.815146628084606,155702505
2017-02-21,2.845547914505005,2.863788734502036,2.8333874644829833,2.845547914505005,90739831
2017-02-22,2.85770845413208,2.85770845413208,2.839467923491105,2.845548003728761,60973525
2017-02-23,2.86378812789917,2.8698682066583094,2.8516276804529546,2.857707759212094,61309086
2017-02-24,2.85770845413208,2.85770845413208,2.845548003728761,2.85770845413208,54287246
2017-02-27,2.851628303527832,2.8577083836154564,2.839467853424583,2.8455479335122074,58505320
2017-02-28,2.851628303527832,2.8577083836154564,2.839467853424583,2.8455479335122074,49814935
2017-03-01,2.845547914505005,2.863788734502036,2.8273073844359717,2.845547914505005,93299143
2017-03-02,2.8394675254821777,2.8516279741809636,2.8394675254821777,2.8455476048675874,50636315
2017-03-03,2.8273074626922607,2.8455479932661687,2.8273074626922607,2.8333875429075617,42939726
2017-03-06,2.8212268352508545,2.8455477337499837,2.8151467555900616,2.8212268352508545,95469655
2017-03-07,2.845547914505005,2.845547914505005,2.81514693441395,2.8212270144609617,85552347
2017-03-08,2.851628303527832,2.8577083836154564,2.8333874834089587,2.8333874834089587,63630200
2017-03-09,2.85770845413208,2.8698689045353993,2.839467923491105,2.845548003728761,128547007
2017-03-10,2.86378812789917,2.8637881278991704,2.8455473117658783,2.857707759212094,52331446
2017-03-13,2.8759491443634033,2.8759491443634033,2.8455478747688834,2.8577083246210924,67420857
2017-03-14,2.8941898345947266,2.9002699142847588,2.8698686460506537,2.8698686460506537,69701533
2017-03-15,2.8881092071533203,2.8941895762285355,2.863788310708371,2.8941895762285355,58352533
2017-03-16,2.85770845413208,2.888109725104382,2.851628373894424,2.8820293549387186,118257619
2017-03-17,2.851628303527832,2.869868833718705,2.839467853424583,2.8637887536310807,81224950
2017-03-20,2.86378812789917,2.8759485753453857,2.8516276804529546,2.857707759212094,83580778
2017-03-21,2.86378812789917,2.8698682066583094,2.8516276804529546,2.857707759212094,57111312
2017-03-22,2.8333873748779297,2.863788643935551,2.827307295023199,2.863788643935551,112956144
2017-03-23,2.8394675254821777,2.8516279741809636,2.827307076783392,2.8394675254821777,89150340
2017-03-24,2.851628303527832,2.851628303527832,2.8151469532180857,2.839467853424583,96980598
2017-03-27,2.8881092071533203,2.8941895762285355,2.8333870451882066,2.8394674142634218,157533741
2017-03-28,2.8881092071533203,2.8941895762285355,2.8698683898556308,2.8881092071533203,76414039
2017-03-29,2.9063503742218018,2.9063503742218018,2.8759491050429333,2.882029184921913,98222012
2017-03-30,2.924591064453125,2.936751514807125,2.875949263037124,2.9002701637451245,127671435
2017-03-31,2.942831516265869,2.967152413926912,2.9002698003950593,2.906350169774305,130354357
2017-04-05,2.948911428451538,2.9549917974858984,2.9245905321700043,2.9428313493451315,109486990
2017-04-06,2.936751127243042,2.9549919453307982,2.9185105990832536,2.9489115759922235,62979558
2017-04-07,2.9549920558929443,2.96107213553104,2.9245907879185316,2.9306711574846056,89335104
2017-04-10,2.936751127243042,2.961072024741405,2.9245906784938605,2.9549919453307982,58855666
2017-04-11,2.918510675430298,2.936751204067251,2.9063502263630037,2.924590754999957,81013654
2017-04-12,2.948911428451538,2.9671522456266652,2.9063500049228304,2.9124300840292374,113810215
2017-04-13,2.924591064453125,2.9428318849481285,2.9124306140991245,2.9428318849481285,79977033
2017-04-14,2.924591064453125,2.930671434594128,2.9063505338861275,2.918510984240128,45011667
2017-04-17,2.936751127243042,2.936751127243042,2.888109332246316,2.912430229744679,112989883
2017-04-18,2.9124302864074707,2.92459073539324,2.900269837421701,2.918510655864342,61091798
2017-04-19,2.8820290565490723,2.912430324373792,2.875948976940915,2.9002698752294993,89715577
2017-04-20,2.8759491443634033,2.9002700440678217,2.869868774473302,2.8759491443634033,64197339
2017-04-21,2.924591064453125,2.936751514807125,2.869868892896121,2.875949263037124,125002644
2017-04-24,2.930670976638794,2.942831425092567,2.906350079731249,2.912430158994155,92729293
2017-04-25,2.924591064453125,2.936751514807125,2.918510984240128,2.930671434594128,63745827
2017-04-26,2.9610719680786133,2.9610719680786133,2.924590622529172,2.9306709917513936,85523283
2017-04-27,2.9671523571014404,2.9671523571014404,2.9367510906433827,2.95499190850381,103045540
2017-04-28,2.9671523571014404,2.9671523571014404,2.9367510906433827,2.9610719878386433,66062290
2017-05-02,2.930670976638794,2.9610719528092453,2.930670976638794,2.9549918735463394,42386657
2017-05-03,2.924591064453125,2.936751514807125,2.9124306140991245,2.930671434594128,76817862
2017-05-04,2.924591064453125,2.930671434594128,2.9063505338861275,2.918510984240128,71789608
2017-05-05,2.9549920558929443,2.96107213553104,2.906350259076267,2.912430338714362,125587515
2017-05-08,2.979313373565674,2.979313373565674,2.93067156990387,2.936751650397586,141458489
2017-05-09,2.9610719680786133,2.985392865111574,2.9549918887843543,2.9610719680786133,77237372
2017-05-10,2.979313373565674,2.98539345405939,2.954992471734772,2.954992471734772,92043116
2017-05-11,2.997553825378418,3.0157946462312415,2.9793132944536067,2.9793132944536067,106264449
2017-05-12,3.076596975326538,3.076596975326538,2.9853934486615503,2.9914738190722914,165151106
2017-05-15,3.1009175777435303,3.1130780274629952,3.046195698969932,3.0705165984088625,155419012
2017-05-16,3.040114641189575,3.0887564290601404,3.0218738257741506,3.0887564290601404,149869732
2017-05-17,3.015794277191162,3.0401151754001248,3.0036338280866803,3.034034805883896,118255241
2017-05-18,3.040114641189575,3.0522750881572165,2.997552931838868,3.0036333002866513,70772200
2017-05-19,3.027954578399658,3.0461953961294226,3.0218742091804165,3.040115026910181,44994834
2017-05-22,3.0583560466766357,3.0705164959904843,3.0157943291141764,3.0157943291141764,100114561
2017-05-23,3.1009175777435303,3.1130780274629952,3.052275778865669,3.058356148689397,137390290
2017-05-24,3.1069982051849365,3.119158655912689,3.070516853001679,3.1009178348570527,95807853
2017-05-25,3.1373984813690186,3.2225219072451337,3.0948370583589107,3.106997506351506,251275643
2017-05-26,3.179960250854492,3.1921206990633295,3.1191580098103056,3.1191580098103056,112049688
2017-05-31,3.1921212673187256,3.216442168065961,3.14955954604706,3.16780036657149,117707354
2017-06-01,3.228602409362793,3.2346827791198542,3.17388024126119,3.1860406908473253,114488351
2017-06-02,3.222522497177124,3.2833247482708803,3.2042816768849955,3.2286025773224982,120950101
2017-06-05,3.1252388954162598,3.210362344772117,3.1009179927225943,3.210362344772117,312940449
2017-06-06,3.1252388954162598,3.1313192660536906,3.1009179927225943,3.113078444069427,110425338
2017-06-07,3.1373984813690186,3.167799746314481,3.1130775853838286,3.119157954344101,162508706
2017-06-08,3.1373984813690186,3.1495589293616137,3.1130775853838286,3.131318402336696,142465432
2017-06-09,3.1373984813690186,3.179960194307076,3.1252380333764234,3.1373984813690186,231780237
2017-06-12,3.1313188076019287,3.155639706734807,3.11915835803549,3.137398887421155,160685574
2017-06-13,3.1313188076019287,3.143479257168368,3.1130779882882766,3.131318807601929,93243486
2017-06-14,3.1313188076019287,3.137398887421155,3.1130779882882766,3.125238437854716,73448903
2017-06-15,3.07051682472229,3.1313190778010656,3.058356374106535,3.125238707529182,197601299
2017-06-16,3.0644359588623047,3.0765964075114423,3.04011506156403,3.0644359588623047,138772483
2017-06-19,3.0644359588623047,3.0644359588623047,3.0644359588623047,3.0644359588623047,0
2017-06-20,3.0644359588623047,3.0765964075114423,3.0279546129148924,3.04011506156403,196928148
2017-06-21,3.07051682472229,3.0765969050661615,3.04619592349078,3.07051682472229,114963498
2017-06-22,3.1009175777435303,3.1495593766213905,3.0644362285851345,3.0705165984088625,312153830
2017-06-23,3.1252388954162598,3.1313192660536906,3.0765970900289292,3.1009179927225943,163591643
2017-06-26,3.1069982051849365,3.1860409899513207,3.0826773037294313,3.119158655912689,302039258
2017-06-27,3.0948374271392822,3.113077956337739,3.0765966080128417,3.1009175068961063,210133173
2017-06-28,3.082676649093628,3.131318441675089,3.076596280056968,3.094837097238993,245079211
2017-06-29,3.149559259414673,3.155639629012128,3.088757013080023,3.094837382677478,181493451
2017-06-30,3.1921212673187256,3.192121267318725,3.1252386452998246,3.1373990956734423,204193364
2017-07-03,3.186040163040161,3.20428097936154,3.1738797154685554,3.186040163040161,99661565
2017-07-04,3.1921212673187256,3.2103620878431554,3.14955954604706,3.186040897167913,135732005
2017-07-05,3.179960250854492,3.1921206990633295,3.1617194335772587,3.1860403299949334,104258199
2017-07-06,3.179960250854492,3.1982010681317257,3.167799802645655,3.167799802645655,107456856
2017-07-07,3.167800188064575,3.1799606377529464,3.155639738376204,3.1799606377529464,162110054
2017-07-10,3.179960250854492,3.1860403299949334,3.1495589853684214,3.167799802645655,139879018
2017-07-11,3.2208900451660156,3.2336208238613082,3.1636013892743473,3.1826977090801387,248928284
2017-07-12,3.2336206436157227,3.2781785183283936,3.21452462840007,3.220889865630058,219835288
2017-07-13,3.284543752670288,3.3036400713948386,3.239986181522486,3.246351418746877,210364710
2017-07-14,3.2909095287323,3.303640307617067,3.2718132086422935,3.2909095287323,91906757
2017-07-17,3.399121046066284,3.4182170611982925,3.290909281899277,3.3036400598291786,317888285
2017-07-18,3.360928535461426,3.424582421762165,3.341832217808368,3.367293772328664,184737254
2017-07-19,3.354562997817993,3.4054861069003226,3.3291014432768287,3.354562997817993,240727881
2017-07-20,3.3672940731048584,3.3736596140663564,3.32273619695147,3.3545632947075616,175480490
2017-07-21,3.3927557468414307,3.4118520668584402,3.3545634103331214,3.360928951514028,126338183
2017-07-24,3.4309475421905518,3.462774636023615,3.3863899750550566,3.3863899750550566,171122778
2017-07-25,3.488236665725708,3.5518905585531346,3.4373135514637667,3.4373135514637667,244455684
2017-07-26,3.5646212100982666,3.6028135444337916,3.4755057633153754,3.488236541427217,224449400
2017-07-27,3.5200634002685547,3.5582557320196218,3.48823630537983,3.545524954769266,182652326
2017-07-28,3.5327939987182617,3.5646207884705072,3.450043799016241,3.5073324455062025,147287262
2017-07-31,3.5073325634002686,3.5582556715360956,3.500967023120457,3.520063340434225,122622128
2017-08-01,3.5391595363616943,3.539159536361694,3.5073327439017006,3.5073327439017006,139179506
2017-08-02,3.6282756328582764,3.628275632858276,3.532794934777061,3.5391601730037983,220963054
2017-08-03,3.602813243865967,3.6791982096902265,3.5709864530043864,3.6282747979654975,160567260
2017-08-04,3.6091790199279785,3.6155442571058454,3.5709866862837187,3.583717464165139,113675380
2017-08-07,3.602813243865967,3.615544020915732,3.5391593586171393,3.590082466816201,110553683
2017-08-08,3.615544080734253,3.63464039838768,3.5391594171718896,3.5837172893461045,118299803
2017-08-09,3.526428699493408,3.609178904846937,3.513697922017917,3.5964481273714464,138563730
2017-08-10,3.5136985778808594,3.5455256792732355,3.4564099167848763,3.526429357732663,155640428
2017-08-11,3.5327939987182617,3.5455247753242913,3.430947482344368,3.4755053522283004,222530160
2017-08-14,3.4946019649505615,3.5327946048470964,3.4627751697377267,3.5009675061085535,146266383
2017-08-15,3.570986747741699,3.6282750974311995,3.494601775612879,3.494601775612879,260186392
2017-08-16,3.583717107772827,3.6282746741638077,3.532794001311331,3.570986331157453,145172010
2017-08-17,3.5773520469665527,3.6028136036084306,3.5518904903246744,3.5837175878898706,60567130
2017-08-18,3.5773520469665527,3.6028136036084306,3.5327944746061144,3.5582560312479923,91504708
2017-08-21,3.583717107772827,3.596447884388201,3.5391592378561896,3.558255554542079,74464483
2017-08-22,3.621910333633423,3.6282755717529604,3.564621672928927,3.577352452693734,86319066
2017-08-23,3.7237563133239746,3.7301218545274764,3.6091793033923345,3.6155445410701255,202140259
2017-08-24,3.7683141231536865,3.78741013936809,3.711025467459065,3.742852565850678,148216336
2017-08-25,3.9210829734802246,3.9338137505294855,3.755582871839839,3.755582871839839,271353319
2017-08-28,3.851064443588257,3.9338143553687366,3.819237344308732,3.9083527973554024,350736230
2017-08-29,3.870159864425659,3.8701598644256596,3.806505979193461,3.8383330735723935,171271879
2017-08-30,3.800140857696533,3.8892566103681525,3.749217743898865,3.8701602909311767,262925061
2017-08-31,3.7555830478668213,3.8065061584506674,3.717390714928937,3.7874098402188845,253155276
2017-09-01,3.685563802719116,3.7683140133045154,3.666467787061376,3.730121678463338,339965742
2017-09-04,3.7428529262542725,3.749218164430088,3.6664682469900796,3.672833485165895,211666394
2017-09-05,3.7874093055725098,3.81923639695741,3.730120966015583,3.73648620217718,233924165
2017-09-06,3.7555830478668213,3.8001406178648462,3.74285227022086,3.774679062572923,123343230
2017-09-07,3.7428529262542725,3.7619489443074534,3.7173913664995415,3.755583706131638,115894472
2017-09-08,3.7555830478668213,3.7810446031587444,3.723755951989077,3.7364867296350384,108732818
2017-09-11,3.7492170333862305,3.8065056773147092,3.7428517971306454,3.768313349204271,175642889
2017-09-12,3.7746787071228027,3.7810442471092007,3.71102482488709,3.742851917767773,144631718
2017-09-13,3.7746787071228027,3.793775023556343,3.7555826942149153,3.7619479306756602,121844498
2017-09-14,3.7428529262542725,3.80014128393955,3.730122146376907,3.7683144860090034,176281176
2017-09-15,3.67283296585083,3.730121618961593,3.6601021877735147,3.730121618961593,202403542
2017-09-18,3.6664679050445557,3.6982947000068425,3.6473715852466193,3.6919294624246675,127689033
2017-09-19,3.6791977882385254,3.685563024271438,3.6091783707226988,3.660101473088525,212680945
2017-09-20,3.685563802719116,3.6982945809995087,3.641005926974895,3.6601022461583317,120030200
2017-09-21,3.7874093055725098,3.7937748452597453,3.6728323229330173,3.679197862620253,239030148
2017-09-22,3.8065056800842285,3.8510635480083133,3.7746785882062186,3.781044127992078,175178547
2017-09-25,3.889256000518799,3.90835201343575,3.7874094853676628,3.7874094853676628,208888584
2017-09-26,3.8637948036193848,3.9019871364979517,3.8637948036193848,3.8765255812455734,129564418
2017-09-27,3.83196759223938,3.8574291467239736,3.8065060377547866,3.851063909865661,170251744
2017-09-28,3.851064443588257,3.857429681328733,3.7874102450292066,3.819237344308732,140886800
2017-09-29,3.819237232208252,3.8574295681072504,3.7937756749422533,3.844698789474251,137529592
2017-10-09,3.8828909397125244,4.029295038754546,3.8319678276154194,3.991102704681717,414399190
2017-10-10,3.9083526134490967,3.940179711231007,3.8128716236290634,3.876525819192885,316079890
2017-10-11,3.9465444087982178,3.9720059621304133,3.8892560655636066,3.8892560655636066,196126953
2017-10-12,3.9529106616973877,3.9720066783771686,3.9274491037738706,3.933814341491894,129540549
2017-10-13,3.9083526134490967,3.959275727079594,3.9019873760081336,3.9465449486719697,153843698
2017-10-16,3.9529106616973877,3.9592758994154105,3.88289122564486,3.8956220046066186,179952145
2017-10-17,3.9147181510925293,3.95927572371854,3.908352610131271,3.9401797078861636,145514380
2017-10-18,3.9974679946899414,4.003833231539934,3.90198701373468,3.9274485681859934,259896911
2017-10-19,4.035660743713379,4.073853079339996,3.972006547476647,3.978372088510601,225511382
2017-10-20,3.972006320953369,4.029294972888978,3.9656410838081264,4.022929735743736,144158795
2017-10-23,3.9401793479919434,3.972006139314092,3.92744857075795,3.9592753620800987,154687848
2017-10-24,3.9656412601470947,3.9783720385293604,3.93381416242858,3.9401797033825625,156380629
2017-10-25,3.9210829734802246,3.96564084491547,3.9019869596691676,3.9529100678662097,165866636
2017-10-26,3.851064443588257,3.9147183386215927,3.844698902322066,3.9083527973554024,364883204
2017-10-27,3.9401793479919434,3.9847372200737574,3.8319675897401613,3.851063907353988,456396456
2017-10-30,3.9783716201782227,3.9974679375063715,3.9147177349605045,3.9338137487629865,263233902
2017-10-31,3.8828909397125244,3.978371926657441,3.8765257024632316,3.972006385882458,202807487
2017-11-01,3.87652587890625,3.901987436113705,3.8574295592378074,3.889256657509977,209096869
2017-11-02,3.87652587890625,3.87652587890625,3.81287168236191,3.87652587890625,204958070
2017-11-03,3.8828909397125244,3.8892564804875076,3.8256025903661266,3.863794924438955,210266136
2017-11-06,3.851064443588257,3.8701604603354007,3.819237344308732,3.857429681328733,159651203
2017-11-07,3.8637948036193848,3.8828908182958277,3.8192369301648825,3.8383332483670065,342152972
2017-11-08,3.844697952270508,3.876525043685337,3.8192364005488995,3.8574287281313118,310705352
2017-11-09,3.7810444831848145,3.838333132536692,3.7810444831848145,3.8319675921528513,271419866
2017-11-10,3.7046594619750977,3.7874093542941942,3.698293922205975,3.7874093542941942,418466273
2017-11-13,3.7937753200531006,3.8065060974951983,3.7110251149166302,3.7173906554005174,406579575
2017-11-14,3.7619481086730957,3.8065059801091867,3.7428520948616755,3.7937752030596847,191109921
2017-11-15,3.7619481086730957,3.7874096627721,3.730121317812173,3.7428520948616755,169395753
2017-11-16,3.7237563133239746,3.7619486499678545,3.7046602967648896,3.749217871086561,214623274
2017-11-17,3.8383336067199707,3.8446988443644936,3.7301218350316994,3.7301218350316994,409505367
2017-11-20,3.889256000518799,3.90835201343575,3.806505801810267,3.8256021182528714,379993825
2017-11-21,3.8956215381622314,3.927448633518649,3.8446984284125043,3.870159983287368,417291209
2017-11-22,3.9656412601470947,4.003833595293893,3.908352605664048,3.908352605664048,431869596
2017-11-23,3.8956215381622314,4.016564075580671,3.8574292058499364,3.965640965830944,372566390
2017-11-24,3.8637948036193848,3.9019871364979517,3.8065061525386934,3.8892563588717626,306449138
2017-11-27,3.8065056800842285,3.844698008222454,3.7683133519460026,3.844698008222454,332282332
2017-11-28,3.7683141231536865,3.800140918019594,3.7492178034135777,3.78741013936809,199104727
2017-11-29,3.7683141231536865,3.812871696671098,3.742852565850678,3.7810449018051906,185199903
2017-11-30,3.7683141231536865,3.774679360716586,3.736487024762073,3.768314123153686,164818756
2017-12-01,3.7492170333862305,3.7619478094230434,3.730121021093833,3.7619478094230434,163447622
2017-12-04,3.7492170333862305,3.768313349204271,3.71739024505702,3.736486257349418,148633125
2017-12-05,3.819237232208252,3.844698789474251,3.7364870193309043,3.7492177979639036,364860379
2017-12-06,3.800140857696533,3.819237177133509,3.761948522348282,3.8065063986840917,205195359
2017-12-07,3.7555830478668213,3.7874098402188845,3.723755951989077,3.7810446031587444,164584892
2017-12-08,3.7428529262542725,3.755583706131638,3.730122146376907,3.7428529262542725,155417340
2017-12-11,3.7492170333862305,3.7492170333862305,3.7046594690202075,3.7428517971306454,175362071
2017-12-12,3.717391014099121,3.749217809012558,3.71102547300101,3.742852571440153,122770430
2017-12-13,3.7555830478668213,3.7619482849269614,3.698294396697154,3.723755951989077,166940195
2017-12-14,3.7492170333862305,3.8001401375334813,3.7428517971306454,3.7555825731674584,146937837
2017-12-15,3.7237563133239746,3.749217871086561,3.711025534442681,3.7428526334087695,116848154
2017-12-18,3.7683141231536865,3.768314123153686,3.723756246110569,3.730121787199174,167000651
2017-12-19,3.8065056800842285,3.8192364561303034,3.749217036114068,3.7555825758999273,272821569
2017-12-20,3.800140857696533,3.8383334965704843,3.7810448417852576,3.81287163614595,190041016
2017-12-21,3.7937753200531006,3.8128713344534084,3.7810445426110038,3.800140557011311,146581853
2017-12-22,3.7683141231536865,3.8065064591081987,3.768314123153686,3.800140918019594,118660402
2017-12-25,3.819237232208252,3.8383335519206034,3.7746793552299023,3.7746793552299023,239636448
2017-12-26,3.870159864425659,3.882890641472099,3.806505979193461,3.819236756239901,216532909
2017-12-27,3.851064443588257,3.9147183386215927,3.831968123315399,3.876526001601591,215140064
2017-12-28,3.9083526134490967,3.9083526134490962,3.8319679430033498,3.8383334839700116,210088644
2017-12-29,3.9465444087982178,3.9592751854643153,3.895621302133826,3.901986842229704,216899773
2018-01-02,3.93381404876709,4.067487369681448,3.8892564774794307,3.94017958953715,537466207
2018-01-03,3.9210829734802246,4.0229294933999755,3.895621419381704,3.9338137505294855,349361124
2018-01-04,3.8637948036193848,3.933813928800584,3.8574292630434495,3.933813928800584,435136522
2018-01-05,3.870159864425659,3.8892561817581526,3.8574290873792196,3.8765254047117126,281784265
2018-01-08,3.8637948036193848,3.8828908182958277,3.844698485417261,3.8765255812455734,218487604
2018-01-09,3.87652587890625,3.889256657509977,3.8446987806340798,3.863795100302523,167185706
2018-01-10,3.9210829734802246,3.940179290816949,3.8574290882339226,3.870159865283183,248738958
2018-01-11,3.9529106616973877,3.9720066783771686,3.9083527835683767,3.933814341491894,197047306
2018-01-12,3.9783716201782227,4.010198714549915,3.94654452580653,3.94654452580653,218851799
2018-01-15,4.0929484367370605,4.124775529733686,3.972005908285803,3.972005908285803,530209500
2018-01-16,4.194794654846191,4.194794654846191,4.061121359377376,4.092948146592179,382065305
2018-01-17,4.277544975280762,4.44941061483388,4.226621867787344,4.226621867787344,588536573
2018-01-18,4.538527488708496,4.551258268757824,4.296642364245534,4.296642364245534,586990942
2018-01-19,4.532161235809326,4.583084348016626,4.443045789446552,4.544892013861151,436655041
2018-01-22,4.56398868560791,4.6785656969338945,4.462142453318146,4.481238470109619,469122140
2018-01-23,4.767680644989014,4.79314250388915,4.525795868931695,4.55125742430615,603055104
2018-01-24,4.710391998291016,4.8758920977242015,4.646738113893636,4.767680342485826,500350785
2018-01-25,4.678565502166748,4.723123378701447,4.538526938598082,4.665834723660506,387539365
2018-01-26,4.691296100616455,4.8058734063007496,4.627642210528342,4.640372988545964,422149823
2018-01-29,4.729488372802734,4.894988788392602,4.684930802086758,4.691296039249461,369534182
2018-01-30,4.634007930755615,4.72312338033004,4.589450054205551,4.710392601819407,246540367
2018-01-31,4.76131534576416,4.774046123285227,4.589449697466919,4.634007570553492,376775932
2018-02-01,4.888623237609863,4.901354015434666,4.723123125887416,4.73585390371222,456814017
2018-02-02,4.837699890136719,4.882257762111083,4.735853672510368,4.837699890136719,332259956
2018-02-05,4.933180332183838,4.945911107996835,4.748583931132558,4.761314706945555,408018969
2018-02-06,4.818604469299316,4.869527584381491,4.71039269798684,4.83133524806986,679577175
2018-02-07,4.538527488708496,4.88225885356608,4.455777266624998,4.818604953319442,636981742
2018-02-08,4.3411993980407715,4.506699506348268,4.258449192124184,4.487603491767936,540920379
2018-02-09,4.2520833015441895,4.277544854572397,4.0929484433550645,4.18842941897367,604381155
2018-02-12,4.207525730133057,4.271179612622266,4.150237084129941,4.226621743116993,354442241
2018-02-13,4.328469276428223,4.379392394393729,4.226622736971485,4.239353516462861,423909448
2018-02-14,4.379392147064209,4.392122925836605,4.283911154508384,4.315738253202228,180573419
2018-02-22,4.455776214599609,4.506699322773784,4.430314660512522,4.474872531927758,254663105
2018-02-23,4.462141990661621,4.481238005473127,4.411218576271011,4.474872768377852,189504305
2018-02-26,4.468507289886475,4.56398827584861,4.417584178313519,4.493968845672953,280449642
2018-02-27,4.3221025466918945,4.474872162114882,4.271179442726113,4.455775846364893,343745392
2018-02-28,4.245718002319336,4.309371883949367,4.220256449667323,4.271179554971348,241387193
2018-03-01,4.258449554443359,4.303007431464693,4.194795661216957,4.220257218507518,190484606
2018-03-02,4.2520833015441895,4.277544854572397,4.18842941897367,4.2075257355076525,163677350
2018-03-05,4.213891983032227,4.277545880875094,4.15660362673651,4.245719083716524,205288778
2018-03-06,4.1693339347839355,4.245718603556829,4.124776059570235,4.2329878254280136,438606696
2018-03-07,4.220256805419922,4.283910692415748,4.188429710159171,4.194795250621591,393342635
2018-03-08,4.1693339347839355,4.245718603556829,4.150237615827867,4.2329878254280136,230681757
2018-03-09,4.1693339347839355,4.2075262691703825,4.1566031566551205,4.188429950214313,184256134
2018-03-12,4.124776363372803,4.213891816838141,4.1056800430102305,4.201161037771664,441545632
2018-03-13,4.137506484985352,4.188429593159526,4.124775707941808,4.131140944700746,293714905
2018-03-14,4.099314212799072,4.137506544478874,4.073852658345872,4.112044990025673,193481484
2018-03-15,4.112044334411621,4.118409570247229,4.073852008821109,4.080217244656716,151961987
2018-03-16,4.048391342163086,4.112045232042475,4.0420258014123025,4.112045232042475,164228337
2018-03-19,4.0738525390625,4.080217775726589,4.010198654793299,4.035660208500979,150419962
2018-03-20,4.1566033363342285,4.162968573910943,4.035660787119604,4.042026024696318,251477273
2018-03-21,4.131141662597656,4.1884303210118805,4.09294932483008,4.169334303890952,233360795
2018-03-22,4.118410587310791,4.131141365651563,4.048391458199397,4.131141365651563,196105509
2018-03-23,4.010199069976807,4.042025863643665,3.9147180819248457,4.0356606263205705,354471303
2018-03-26,3.83196759223938,3.9974679999149094,3.7874097201285055,3.9656409050463317,400732853
2018-03-27,3.8065056800842285,3.9019866521926145,3.7683133519460026,3.876525100100464,370126502
2018-03-28,3.8065056800842285,3.88289033636068,3.7555825758999273,3.7683133519460026,376239191
2018-03-29,3.87652587890625,3.9720065666713524,3.7683141090117163,3.8192372234266254,470474062
2018-03-30,3.87652587890625,3.914718214717432,3.8574295592378074,3.8828911164452617,236558957
2018-04-02,3.7937753200531006,3.895621539589879,3.7746790021271166,3.8701599847056842,300590845
2018-04-03,3.7428529262542725,3.781045265886369,3.7173913664995415,3.755583706131638,234076753
2018-04-04,3.7364866733551025,3.7810445462076663,3.71739065893663,3.755582991299252,194517020
2018-04-09,3.730121374130249,3.761948165471698,3.723755833746556,3.7428521513719626,158489870
2018-04-10,3.8956215381622314,3.9019870786437854,3.723755890994065,3.730121431475619,327488892
2018-04-11,3.972006320953369,4.010198957927566,3.8892564169111044,3.895621654056347,338600346
2018-04-12,3.870159864425659,3.9656408440367903,3.8510638506188335,3.959275303750737,207472666
2018-04-13,3.8383336067199707,3.9147182796085005,3.819237286734984,3.9019875007937457,171656102
2018-04-16,3.7046594619750977,3.819236446088522,3.679197909949892,3.819236446088522,392605998
2018-04-17,3.685563802719116,3.730121678463338,3.6601022461583317,3.7046601219025534,197605937
2018-04-18,3.7428529262542725,3.7683144860090034,3.698295044920626,3.7364873845527224,313149170
2018-04-19,3.7683141231536865,3.8065064591081987,3.742852565850678,3.742852565850678,214368492
2018-04-20,3.7683141231536865,3.7810449018051906,3.7046602298961657,3.755583344502182,191946347
2018-04-23,3.83196759223938,3.851063909865661,3.7364866111593185,3.7364866111593185,237981113
2018-04-24,3.870159864425659,3.9656408440367903,3.819236756239901,3.84469831033278,534301750
2018-04-25,3.812871217727661,3.8510638524104146,3.7874096636229364,3.8383330753580522,208518195
2018-04-26,3.7874093055725098,3.81923639695741,3.7492169780260123,3.812870857270175,205401705
2018-04-27,3.819237232208252,3.8383335519206034,3.7492177979639036,3.7874101338629016,219741616
2018-05-02,3.8065056800842285,3.876525100100464,3.793774904038153,3.8574287842685293,171828553
2018-05-03,3.7874093055725098,3.8256019366446457,3.761947753874845,3.806505621108578,149765571
2018-05-04,3.7619481086730957,3.7937752030596847,3.7492173316235933,3.7746788857225977,131596952
2018-05-07,3.7874093055725098,3.7937748452597453,3.7237554263283474,3.761947753874845,191685190
2018-05-08,3.8065056800842285,3.8701595603146046,3.7619478121601433,3.787409364252294,322841980
2018-05-09,3.812871217727661,3.8192367580166753,3.7810444268595886,3.8128712177276607,146117186
2018-05-10,3.819237232208252,3.844698789474251,3.7874101338629016,3.825602773287604,152542817
2018-05-11,3.8637948036193848,3.8828908182958277,3.8128713895889477,3.8256024707408174,278778998
2018-05-14,3.8637948036193848,3.914717914124141,3.8383332483670065,3.8765255812455734,249877029
2018-05-15,3.87652587890625,3.908352673652716,3.8510643216987956,3.8701603378415346,204386692
2018-05-16,3.819237232208252,3.863795109186602,3.8065064535752526,3.863795109186602,160206385
2018-05-17,3.800140857696533,3.8256027181210674,3.7810448417852576,3.8256027181210674,140092333
2018-05-18,3.851064443588257,3.857429681328733,3.7746794660225396,3.7874102450292066,144238735
2018-05-21,3.8383336067199707,3.8701604019940037,3.812871745564752,3.8701604019940037,213408051
2018-05-22,3.800140857696533,3.831967955582926,3.7810448417852576,3.8256027181210674,185143586
2018-05-23,3.7237563133239746,3.793775748933943,3.723756313323974,3.7874102077304412,253164113
2018-05-24,3.67283296585083,3.742852397038908,3.666467728575018,3.730121618961593,237514453
2018-05-25,3.6791977882385254,3.691928563829982,3.6537359335299806,3.666467012647069,179828777
2018-05-28,3.6664679050445557,3.6855639213167866,3.6473715852466193,3.666467905044556,137607925
2018-05-29,3.6537363529205322,3.6664674334989455,3.577351690604054,3.6601018932097387,301485091
2018-05-30,3.583717107772827,3.6282746741638077,3.5773515677023116,3.596447884388201,146140094
2018-05-31,3.602813243865967,3.615544020915732,3.5709864530043864,3.602813243865967,189198338
2018-06-01,3.5900824069976807,3.6282747375106106,3.5709863935040467,3.5900824069976807,175036189
2018-06-04,3.6282756328582764,3.6410064128374873,3.5900832929206428,3.6028140728998537,204134085
2018-06-05,3.6282756328582764,3.647371954589961,3.6028140728998537,3.63464117461075,146872294
2018-06-06,3.5964484214782715,3.621909978511423,3.596448421478271,3.621909978511423,128001688
2018-06-07,3.621910333633423,3.6410063515177673,3.5964487741038096,3.6091795538686164,163473541
2018-06-08,3.5518908500671387,3.6155447481188254,3.545525612024834,3.6091795100765207,201945561
2018-06-11,3.5518908500671387,3.564621629677476,3.5136985112361265,3.545525612024834,122875173
2018-06-12,3.5646212100982666,3.5709867509170334,3.532794416581509,3.5455251946933504,116679996
2018-06-13,3.5518908500671387,3.5518908500671387,3.5200640528041593,3.5518908500671387,136399827
2018-06-14,3.5773520469665527,3.5964483662108098,3.526428933682796,3.526428933682796,140344973
2018-06-15,3.6282756328582764,3.647371954589961,3.5646217329622205,3.5709872747146942,279378392
2018-06-19,3.6537363529205322,3.6664674334989455,3.5709864538405145,3.6028132447095467,473659902
2018-06-20,3.621910333633423,3.6410063515177673,3.5964487741038096,3.6282755717529604,136534786
2018-06-21,3.615544080734253,3.6473711756480736,3.602813303473859,3.621909621127286,139483671
2018-06-22,3.6091790199279785,3.6155442571058454,3.583717464165139,3.5964482420465584,124900386
2018-06-25,3.526428699493408,3.634640459797919,3.513697922017917,3.621909682322428,171688498
2018-06-26,3.4500434398651123,3.5073320803912997,3.4118511140228627,3.5073320803912997,201327306
2018-06-27,3.3800241947174072,3.4436780743350757,3.3609281825949266,3.437312838136129,193648758
2018-06-28,3.3100051879882812,3.367293838548396,3.2972744104777756,3.3609286015559823,158760044
2018-06-29,3.3863894939422607,3.3927547296891514,3.322735315319641,3.322735315319641,130348533
2018-07-02,3.2336206436157227,3.3736595049837232,3.21452462840007,3.3736595049837232,181553080
2018-07-03,3.271813154220581,3.271813154220581,3.2145248019548895,3.239986359300909,221033975
2018-07-04,3.284543752670288,3.3100053086192296,3.2527169594969565,3.265447737471427,123614502
2018-07-05,3.329101085662842,3.367293413371947,3.2845432182394,3.2909087579537375,186518348
2018-07-06,3.3672940731048584,3.3991211708609503,3.297274640156876,3.329101737912968,192544372
2018-07-09,3.5200634002685547,3.526428637130897,3.380024546988971,3.380024546988971,215545827
2018-07-10,3.5136985778808594,3.5455256792732355,3.475506238325449,3.539160137584467,128990044
2018-07-11,3.488236665725708,3.5136982228566787,3.430948010418173,3.443678788983658,152044861
2018-07-12,3.602813243865967,3.609178784153683,3.4755054733683117,3.481870710130361,213462270
2018-07-13,3.5634560585021973,3.6299383825947755,3.5501595936836816,3.623289991679154,145876976
2018-07-16,3.4770283699035645,3.5568071471411264,3.4637319070306374,3.5435106842681994,173692520
2018-07-17,3.4770283699035645,3.4836764428336875,3.4371389812847832,3.4770283699035645,101846779
2018-07-18,3.4770283699035645,3.5368626113380763,3.4770283699035645,3.4836764428336875,96369558
2018-07-19,3.4371397495269775,3.490325612906368,3.4171948922533306,3.483677221477568,108648158
2018-07-20,3.6365859508514404,3.663179193803563,3.41054608036621,3.4304906163144477,358529446
2018-07-23,3.7230138778686523,3.7961445976214776,3.6099937610723085,3.6432350837816148,392449034
2018-07-24,3.7296619415283203,3.809440728606011,3.7097170862525375,3.7363100152784345,263334277
2018-07-25,3.7363107204437256,3.749607187466157,3.6897732443716067,3.7296626454389,190441457
2018-07-26,3.689772129058838,3.7761989800738807,3.656530813044271,3.736309591064011,199714253
2018-07-27,3.683124542236328,3.703069399597015,3.65653161043058,3.6764764677912676,114240770
2018-07-30,3.716365098953247,3.756254488434185,3.66982731938581,3.6764757094723097,171175464
2018-07-31,3.7562553882598877,3.776199929271806,3.676476590186689,3.7163659892232883,131160880
2018-08-01,3.689772129058838,3.7961438330851576,3.683123739050851,3.756254444075288,164804118
2018-08-02,3.6166419982910156,3.683124323863643,3.59669714211286,3.6698278587491173,149822851
2018-08-03,3.643234968185425,3.683124363963293,3.609993646530832,3.6166420376668458,161700194
2018-08-06,3.663179397583008,3.723013325768912,3.629938079803182,3.6631793975830074,137702265
2018-08-07,3.7230138778686523,3.7230138778686523,3.616642152419269,3.663179940809748,220754791
2018-08-08,3.663179397583008,3.7097168620595222,3.6565310072219623,3.6964203983501323,121314370
2018-08-09,3.7030692100524902,3.709717284157264,3.629938492823561,3.636586566928335,151700625
2018-08-10,3.6565308570861816,3.703068636664573,3.6365860038346742,3.689772173501131,155905995
2018-08-13,3.5900490283966064,3.6365864972769,3.5302147775359645,3.6365864972769,219026056
2018-08-14,3.576751947402954,3.5834000202353957,3.5302141695251574,3.570103557557836,152036320
2018-08-15,3.516918659210205,3.563456449690184,3.5102705845775004,3.563456449690184,156096593
2018-08-16,3.5036215782165527,3.5435109700524134,3.4570837959016947,3.4703802598469817,197386455
2018-08-17,3.4969735145568848,3.530214516006968,3.483676733561603,3.523566442522034,140129678
2018-08-20,3.5634560585021973,3.583400597223607,3.496973734409619,3.516918273131029,152069938
2018-08-21,3.5900490283966064,3.6099935673416663,3.5568077074711986,3.576752563428989,148770275
2018-08-22,3.583400011062622,3.6232893989931916,3.5501590129601515,3.5900484008907214,77600967
2018-08-23,3.5900490283966064,3.623290032309283,3.5701041724388154,3.576752563428989,91150013
2018-08-24,3.6498830318450928,3.6764762793001706,3.556807775296898,3.583400705739239,171198311
2018-08-27,3.676476240158081,3.6831243141915184,3.609993597747307,3.6498829929861314,197721635
2018-08-28,3.663179397583008,3.7030687887111777,3.649882616860917,3.676475861292398,120777318
2018-08-29,3.6498830318450928,3.656531422962046,3.623290101402751,3.656531422962046,70994778
2018-08-30,3.5900490283966064,3.6565313532346906,3.576752563428989,3.6432348882670738,119103058
2018-08-31,3.6166419982910156,3.6432349285200667,3.5634561378329135,3.5634561378329135,215453508
2018-09-03,3.6099932193756104,3.6365861467475606,3.58340029200366,3.603345146038973,108998662
2018-09-04,3.6166419982910156,3.6365865374564366,3.5634561378329135,3.6099936072273855,127952361
2018-09-05,3.556807279586792,3.6099931330589943,3.556807279586792,3.5966966696909437,117641602
2018-09-06,3.5435116291046143,3.570104561941166,3.523567087983583,3.5435116291046143,85973960
2018-09-07,3.556807279586792,3.5767521331452143,3.5368627430410626,3.550159206409113,86233317
2018-09-10,3.550159454345703,3.590048847235656,3.530214599394369,3.550159454345703,106481553
2018-09-11,3.550159454345703,3.583400456580973,3.530214599394369,3.550159454345703,93102546
2018-09-12,3.516918659210205,3.543511591766547,3.5102705845775004,3.530215125488376,100867736
2018-09-13,3.5701048374176025,3.5767532296461266,3.5235673598690944,3.5501602947576107,114816479
2018-09-14,3.5701048374176025,3.583401304861861,3.5568083699733446,3.583401304861861,68113005
2018-09-17,3.536862373352051,3.57010336979133,3.530213983856599,3.563455297308538,83520949
2018-09-18,3.583400011062622,3.583400011062622,3.5235660876731045,3.543510623132052,112659507
2018-09-19,3.6166419982910156,3.629938463405541,3.5634561378329135,3.570104211883809,176788092
2018-09-20,3.6498830318450928,3.669827888183217,3.6166420272985342,3.6166420272985342,147709102
2018-09-21,3.822737216949463,3.822737216949463,3.6232899309991846,3.6631796417994176,328518206
2018-09-25,3.7695517539978027,3.8027927604680665,3.7496068965054405,3.7695517539978027,211804937
2018-09-26,3.789496421813965,3.836034212851426,3.7629034889390627,3.782848347101622,232712067
2018-09-27,3.782848358154297,3.7961448246305975,3.7230141005045616,3.7828483581542973,129820626
2018-09-28,3.836033582687378,3.8559784375734987,3.776199335041731,3.7828477256746758,200009558
2018-10-08,3.696420431137085,3.7496062864463995,3.669827503482428,3.742958213039087,219553229
2018-10-09,3.676476240158081,3.7097172443507347,3.656531384032302,3.6698278491119103,147866755
2018-10-10,3.689772129058838,3.7097166650574307,3.6631792030522576,3.683123739050851,144822935
2018-10-11,3.5900490283966064,3.649882962244517,3.5634560984613723,3.6033454933642233,237131043
2018-10-12,3.676476240158081,3.689772705237689,3.5900490586342615,3.5900490586342615,165117581
2018-10-15,3.6099932193756104,3.669827464468849,3.6099932193756104,3.669827464468849,105591949
2018-10-16,3.6232900619506836,3.6698278482244246,3.6033455228424613,3.609993596874291,101667005
2018-10-17,3.6099932193756104,3.669827464468849,3.5767522186670226,3.6565310007828735,186957421
2018-10-18,3.556807279586792,3.6099931330589943,3.556807279586792,3.6033450598813155,149785299
2018-10-19,3.643234968185425,3.669827898704004,3.51027031559253,3.5568077854936746,248332011
2018-10-22,3.7429585456848145,3.776199549700992,3.656531364619835,3.656531364619835,277270472
2018-10-23,3.6365859508514404,3.762902507570117,3.6232894878817214,3.7429579716218795,204577208
2018-10-24,3.7363107204437256,3.7695520465061936,3.6299389842642764,3.6299389842642764,263417953
2018-10-25,3.7562553882598877,3.769551854605421,3.636586874137326,3.6698281985075405,220210580
2018-10-26,3.782848358154297,3.829386149327732,3.703069559296494,3.762903499933463,199253584
2018-10-29,3.7097177505493164,3.8160894857008225,3.6764767418208595,3.769552010078427,186281937
2018-10-30,3.7429585456848145,3.776199549700992,3.6964207596468874,3.729662080675797,151732506
2018-10-31,3.7429585456848145,3.7562550106938315,3.709717224655905,3.729662080675797,151616071
2018-11-01,3.7030692100524902,3.7695515361639087,3.6897727448302065,3.756255070941625,194632949
2018-11-02,3.7496063709259033,3.762902835052804,3.6831240502913984,3.742958297368808,340529473
2018-11-05,3.696420431137085,3.736309822619071,3.6831239673097564,3.7296617492117585,189829231
2018-11-06,3.676476240158081,3.7030691703172973,3.656531384032302,3.7030691703172973,158150570
2018-11-07,3.669828414916992,3.7030697412474445,3.6565319477873675,3.6764768069881955,152755809
2018-11-08,3.676476240158081,3.6964207792711266,3.663179775078473,3.676476240158081,122291827
2018-11-09,3.556807279586792,3.6365860597950954,3.523566279673012,3.6365860597950954,409908193
2018-11-12,3.5634560585021973,3.5701041324050915,3.5235666640466503,3.5302147379495445,191282653
2018-11-13,3.576751947402954,3.596696482912955,3.5302141695251574,3.5302141695251574,196667507
2018-11-14,3.530214548110962,3.570103940421442,3.52356647456557,3.570103940421442,177198818
2018-11-15,3.556807279586792,3.556807279586792,3.523566279673012,3.5302143528506913,120825458
2018-11-16,3.550159454345703,3.5767523829390053,3.54351106369102,3.5568075279876714,139542989
2018-11-19,3.5966970920562744,3.5966970920562744,3.5568076972678537,3.563456088238955,176829125
2018-11-20,3.556807279586792,3.590048596513265,3.5302143528506913,3.583400206322893,143149717
2018-11-21,3.5634560585021973,3.5701041324050915,3.5302147379495445,3.5302147379495445,98323160
2018-11-22,3.5634560585021973,3.576752523320713,3.54351120276806,3.5701041324050915,79368533
2018-11-23,3.5435116291046143,3.563456487238411,3.536863554401859,3.563456487238411,89781362
2018-11-26,3.556807279586792,3.5767521331452143,3.5435108162187414,3.556807279586792,87237881
2018-11-27,3.5435116291046143,3.5568080955228902,3.536863554401859,3.5568080955228902,66113948
2018-11-28,3.556807279586792,3.5634556697771638,3.5368627430410626,3.5435108162187414,77960374
2018-11-29,3.5435116291046143,3.5767529536566873,3.536863554401859,3.570104561941166,81464321
2018-11-30,3.5435116291046143,3.5568080955228902,3.5302151626863383,3.536863554401859,61182737
2018-12-03,3.5966970920562744,3.61664194795685,3.5767525531684288,3.5966970920562744,222347405
2018-12-04,3.6033449172973633,3.6099929902119783,3.590048454455452,3.5966965273700673,96339272
2018-12-05,3.5900490283966064,3.596697102374049,3.5701041724388154,3.576752563428989,94894201
2018-12-06,3.556807279586792,3.583400206322893,3.5435108162187414,3.556807279586792,112675587
2018-12-07,3.556807279586792,3.5701037429548426,3.5435108162187414,3.556807279586792,59598321
2018-12-10,3.5435116291046143,3.550160020820135,3.5302151626863383,3.5302151626863383,80546151
2018-12-11,3.5435116291046143,3.550160020820135,3.5302151626863383,3.5435116291046143,60702859
2018-12-12,3.550159454345703,3.5568075279876714,3.536862990049052,3.550159454345703,62210327
2018-12-13,3.583400011062622,3.5900484008907214,3.5501590129601515,3.556807085775575,97639078
2018-12-14,3.556807279586792,3.5767521331452143,3.550159206409113,3.5634556697771638,75159434
2018-12-17,3.5701048374176025,3.570104837417603,3.5368638273133524,3.5435119025290867,81894870
2018-12-18,3.556807279586792,3.5634556697771638,3.5435108162187414,3.556807279586792,97127336
2018-12-19,3.5435116291046143,3.570104561941166,3.536863554401859,3.563456487238411,98302693
2018-12-20,3.4770283699035645,3.5568071471411264,3.4570835170878333,3.5435106842681994,185311587
2018-12-21,3.4504361152648926,3.463732580723972,3.390601862192664,3.4570841894880613,202141664
2018-12-24,3.470381259918213,3.477029652313099,3.403898921033343,3.417195388810317,108203925
2018-12-25,3.4770283699035645,3.496973222719295,3.430490591341979,3.430490591341979,166255282
2018-12-26,3.5036215782165527,3.510269968695549,3.4637321863806916,3.4703802598469817,89861728
2018-12-27,3.510270357131958,3.5368632879652293,3.5036219659172696,3.523566822548594,101687485
2018-12-28,3.516918659210205,3.5501599834120134,3.516918659210205,3.5235670508556716,111531900
2019-01-02,3.4570841789245605,3.5302148972324097,3.437139639303256,3.523566823029555,113184900
2019-01-03,3.4570841789245605,3.4770290355586075,3.437139639303256,3.44378771350611,94328427
2019-01-04,3.5036215782165527,3.510269968695549,3.4238427945448304,3.4437873319564076,122442027
2019-01-07,3.4836766719818115,3.510269916489588,3.477028598614394,3.4437872807391994,99975787
2019-01-08,3.4570841789245605,3.490325500977058,3.44378771350611,3.490325500977058,112918431
2019-01-09,3.4969735145568848,3.5169180520243932,3.457083805596454,3.463732196094095,176193793
2019-01-10,3.470381259918213,3.496974512484959,3.457084792141239,3.490326120090073,83922243
2019-01-11,3.4836766719818115,3.490325062361931,3.463732134866856,3.477028598614394,83892180
2019-01-14,3.4570841789245605,3.496973892192654,3.44378771350611,3.496973892192654,95145697
2019-01-15,3.4770283699035645,3.4903248327764915,3.4504354441577103,3.4637319070306374,118901204
2019-01-16,3.4836766719818115,3.4836766719818115,3.463732134866856,3.477028598614394,87363957
2019-01-17,3.490325450897217,3.530214846580228,3.4703805945493427,3.490325450897217,167314524
2019-01-18,3.583400011062622,3.5900484008907214,3.4903247725579587,3.503621235201482,251775898
2019-01-21,3.6232900619506836,3.6432349180716392,3.590049057766069,3.5966971317978986,212618157
2019-01-22,3.583400011062622,3.629937788821291,3.5701035484190986,3.629937788821291,139548630
2019-01-23,3.6166419982910156,3.623290072341911,3.5834006769983344,3.5900490680619646,125388481
2019-01-24,3.629938840866089,3.6365869156082873,3.6033459078717622,3.6299388408660893,88821989
2019-01-25,3.669828414916992,3.709717816305866,3.6432354806577427,3.6432354806577427,166626976
2019-01-28,3.6565308570861816,3.7496060992302773,3.6432343939227394,3.723013172903393,163948511
2019-01-29,3.683124542236328,3.6964210081392017,3.6432351445277065,3.6631800018883935,130070555
2019-01-30,3.689772129058838,3.703068592062128,3.6631792030522576,3.683123739050851,137369658
2019-01-31,3.7629032135009766,3.7894961444293216,3.6897728119543998,3.709717351644287,225105048
2019-02-01,3.7562553882598877,3.7894963956173386,3.7296624555688216,3.776199929271806,143672442
2019-02-11,3.7496063709259033,3.7562547614957094,3.6964205144182993,3.7363099067990024,119563234
2019-02-12,3.7562553882598877,3.7629034629262725,3.7163659892232883,3.7496069965807393,84587200
2019-02-13,3.7961442470550537,3.8160887852286005,3.7296619247887,3.7562548536952414,175753881
2019-02-14,3.7562553882598877,3.7894963956173386,3.742958921914355,3.782848320950954,155418476
2019-02-15,3.663179397583008,3.7429581798393476,3.6432345435125724,3.7429581798393476,213058323
2019-02-18,3.7230138778686523,3.7230138778686523,3.676476406490921,3.6831244808251333,187401557
2019-02-19,3.7030692100524902,3.7496066798241148,3.6897727448302065,3.716365675274774,212673098
2019-02-20,3.7030692100524902,3.723013749379547,3.6897727448302065,3.7030692100524902,106861146
2019-02-21,3.696420431137085,3.7296617492117585,3.6831239673097564,3.7030688215571015,158310223
2019-02-22,3.689772129058838,3.689772129058838,3.6365859600329937,3.689772129058838,298324578
2019-02-25,3.9224610328674316,3.9224610328674316,3.7030691988566877,3.7030691988566877,676922545
2019-02-26,3.836033582687378,3.9224607588393767,3.8160887278012576,3.915812368206432,458521951
2019-02-27,3.8626270294189453,3.9424058256414356,3.809441165270618,3.8426824888697007,481514188
2019-02-28,3.822737216949463,3.875923075332811,3.7961442877577887,3.8493301461411367,278721181
2019-03-01,3.8892199993133545,3.8958683909029252,3.7961447361486833,3.8426825262373985,337200650
2019-03-04,3.895867347717285,3.9822941961501077,3.875922495301911,3.9224602729293343,601826396
2019-03-05,3.869274854660034,3.8825713187511255,3.8360335359259516,3.875922928199225,332788498
2019-03-06,3.8892199993133545,3.8892199993133545,3.8493306008142096,3.8626270669805916,326156960
2019-03-07,3.8293862342834473,3.8825721013685883,3.816089450499388,3.8825721013685883,400488819
2019-03-08,3.716365098953247,3.789495487828622,3.7097167088667473,3.789495487828622,357824997
2019-03-11,3.7296619415283203,3.742958406041269,3.6897725479894747,3.7097170862525375,232063438
2019-03-12,3.7363107204437256,3.7762001215110192,3.7230142534212947,3.7429591124613313,274303942
2019-03-13,3.7097177505493164,3.7296626093966125,3.68312481676144,3.7296626093966125,306509453
2019-03-14,3.7030692100524902,3.729662140497058,3.6831243537126963,3.7030692100524902,224520659
2019-03-15,3.7097177505493164,3.736310684337193,3.6964212836553783,3.6964212836553783,250067344
2019-03-18,3.7562553882598877,3.7562553882598877,3.696421131198607,3.7030695228777555,363399829
2019-03-19,3.7562553882598877,3.769551854605421,3.7363105302352064,3.769551854605421,245747081
2019-03-20,3.7296619415283203,3.7562548705542174,3.716365477015372,3.742958406041269,236245006
2019-03-21,3.716365098953247,3.7363096351873724,3.7097167088667473,3.72966156211356,231573432
2019-03-22,3.7097177505493164,3.723014217443255,3.6897732087147976,3.7163661425026744,191240061
2019-03-25,3.6365859508514404,3.689772119743002,3.6299378778729228,3.6764756567732824,321876422
2019-03-26,3.6232900619506836,3.649882992103469,3.609993596874291,3.649882992103469,207940075
2019-03-27,3.663179397583008,3.6831239346407423,3.623289689442137,3.629938079803182,263386947
2019-03-28,3.6232900619506836,3.6565313831480317,3.6166419879188543,3.649882992103469,192243762
2019-03-29,3.7030692100524902,3.709717284157264,3.629938492823561,3.643234958045845,391603643
2019-04-01,3.7496063709259033,3.762902835052804,3.7163653691150063,3.7163653691150063,487928296
2019-04-02,3.7629032135009766,3.7894961444293216,3.7496067480368045,3.762903213500977,392476036
2019-04-03,3.789496421813965,3.796144813539073,3.7230140896267097,3.7230140896267097,326286722
2019-04-04,3.8626270294189453,3.875923495456027,3.7828482331964546,3.7894963077086175,452453954
2019-04-08,3.869274854660034,3.9756465673887633,3.842681926477852,3.889219392290316,429367364
2019-04-09,3.842681884765625,3.869274812659141,3.8293854208188667,3.862626422179409,240801573
2019-04-10,3.822737216949463,3.8493301461411367,3.789495896953509,3.822737216949463,241236289
2019-04-11,3.809441089630127,3.849330486949326,3.79614462385706,3.822737555403193,217126360
2019-04-12,3.809441089630127,3.8160891640102848,3.789496232464152,3.8027926982372184,153613761
2019-04-15,3.8626270294189453,3.9424058256414356,3.8559789549067824,3.8626270294189453,473497467
2019-04-16,3.988943338394165,4.008888194571739,3.822737365961075,3.8426822221386487,551207242
2019-04-17,3.995591640472412,4.042129108829099,3.9623503199210126,3.9822948586416707,364293894
2019-04-18,3.949054002761841,4.008888255186529,3.9424056115978807,3.9955917898713467,216478399
2019-04-19,3.975647211074829,3.9955920689470372,3.949054278587058,3.949054278587058,184514226
2019-04-22,3.8759231567382812,3.9889432666830027,3.86262669186318,3.982294875739088,273124250
2019-04-23,3.8626270294189453,3.8892199614931084,3.8493305633818635,3.882571886980946,183104112
2019-04-24,3.8626270294189453,3.882571886980946,3.816089239782781,3.8692754209438642,209166808
2019-04-25,3.809441089630127,3.855978878342234,3.79614462385706,3.849330486949326,225972035
2019-04-26,3.7961442470550537,3.8293855666945897,3.789495856322059,3.7961442470550537,184000608
2019-05-06,3.802792549133301,3.855978727152936,3.696420827119505,3.7828480097620827,394210910
2019-05-07,3.7629032135009766,3.7961445356677794,3.7429586738110894,3.7894961444293216,168032614
2019-05-08,3.716365098953247,3.7496060983476847,3.7030686357929348,3.7230131720270596,135587456
2019-05-09,3.669828414916992,3.709717816305866,3.6565319477873675,3.7030697412474445,167648952
2019-05-10,3.7296619415283203,3.7629029443043316,3.656531228200744,3.683124157226641,216535905
2019-05-13,3.683124542236328,3.703069399597015,3.6764764677912676,3.689772933694141,116430674
2019-05-14,3.669828414916992,3.696421349176241,3.6565319477873675,3.6631803398585707,124874548
2019-05-15,3.7030692100524902,3.716365675274774,3.663179814385639,3.6831243537126963,161565826
2019-05-16,3.716365098953247,3.72966156211356,3.6764757094723097,3.6831237825461223,154620832
2019-05-17,3.7030692100524902,3.729662140497058,3.6831243537126963,3.723013749379547,159408338
2019-05-20,3.7296619415283203,3.7562548705542174,3.6897725479894747,3.696420621739589,241457552
2019-05-21,3.7496063709259033,3.762902835052804,3.723013442672101,3.729661833241907,155797678
2019-05-22,3.7562553882598877,3.7629034629262725,3.7163659892232883,3.7496069965807393,120887709
2019-05-23,3.7562553882598877,3.7629034629262725,3.7363105302352064,3.742958921914355,186548600
2019-05-24,3.789496421813965,3.8027928882514157,3.749607022501612,3.75625541422672,140020056
2019-05-27,3.7562553882598877,3.782848320950954,3.7363105302352064,3.782848320950954,178105539
2019-05-28,3.7695517539978027,3.7761998284867535,3.7363104305147843,3.7629033624960972,189308219
2019-05-29,3.7562553882598877,3.769551854605421,3.7363105302352064,3.7496069965807393,116548599
2019-05-30,3.7695517539978027,3.7695517539978027,3.7363104305147843,3.7562552880071465,120565281
2019-05-31,3.7296619415283203,3.7629029443043316,3.723013550765486,3.7562548705542174,148823056
2019-06-03,3.789496421813965,3.789496421813965,3.7363105560641605,3.742958947789269,186990203
2019-06-04,3.809441089630127,3.8160891640102848,3.776199766691086,3.789496232464152,164391569
2019-06-05,3.8293862342834473,3.8692756345973027,3.816089450499388,3.816089450499388,170752119
2019-06-06,3.809441089630127,3.849330486949326,3.8094410896301265,3.8426824125691676,154309402
2019-06-10,3.842681884765625,3.869274812659141,3.8160886398594016,3.8160886398594016,185267656
2019-06-11,3.8493306636810303,3.8559790553791813,3.8293861226121053,3.8426825889956433,259893816
2019-06-12,3.8293862342834473,3.849330775933988,3.816089450499388,3.8426827010547324,190221221
2019-06-13,3.809441089630127,3.8293859467961013,3.79614462385706,3.822737555403193,164052894
2019-06-14,3.8160884380340576,3.8426816815338167,3.802791974790523,3.8160884380340576,148227828
2019-06-17,3.8160884380340576,3.8360332914057045,3.802791974790523,3.8094403649186352,158208221
2019-06-18,3.8160884380340576,3.829385218290282,3.802791974790523,3.8160884380340576,261102048
2019-06-19,3.842681884765625,3.8825712766058995,3.8293854208188667,3.862626422179409,402585845
2019-06-20,3.8825721740722656,3.9224615751330765,3.83603438099493,3.8426827730114548,587514152
2019-06-21,3.8892199993133545,3.915812931646118,3.869275458570162,3.8825719247365433,318381525
2019-06-24,3.9091646671295166,3.9091646671295166,3.8759233448223234,3.889219810342652,178527788
2019-06-25,3.8759231567382812,3.9091644774323977,3.8360337621129785,3.902516086488483,268493283
2019-06-26,3.8892199993133545,3.8958683909029252,3.8559789924037804,3.8626270669805916,137584593
2019-06-27,3.9291086196899414,3.935757009962862,3.8892192290905108,3.8958676193634307,224456916
2019-06-28,3.9158124923706055,3.9291089570453908,3.882571489190004,3.9158124923706055,156197446
2019-07-01,3.935757875442505,3.9689988830787675,3.922461408985446,3.949054341899563,292782968
2019-07-02,3.9424054622650146,3.9557019270765448,3.9224609235540835,3.929108997453485,271356968
2019-07-03,3.935880422592163,3.9497635852591264,3.915055513091365,3.9428218384252913,209673368
2019-07-04,3.942822217941284,3.9428222179412846,3.9219976374367254,3.9358808014400113,151690647
2019-07-05,3.935880422592163,3.9428218384252913,3.9219972599252,3.928938675758328,128939220
2019-07-08,3.880347728729248,3.9289386320223634,3.8456396569478484,3.9219972162665058,196259034
2019-07-09,3.873405694961548,3.8803474412037406,3.8595225334778416,3.8664642797200344,119393489
2019-07-10,3.852581262588501,3.8803475865962884,3.8456395160862082,3.8734058400939957,105681805
2019-07-11,3.866464376449585,3.873405791864756,3.8525812146185556,3.8595226300337266,106293361
2019-07-12,3.9011728763580322,3.9150560408966437,3.8595233827421986,3.8734065472808097,141110788
2019-07-15,3.887289047241211,3.8942307938241187,3.8456395607458513,3.887289047241211,126161157
2019-07-16,3.8942313194274902,3.901172735946584,3.8664649913496367,3.8872895719076572,80880541
2019-07-17,3.859523296356201,3.887289624811942,3.852581879742638,3.880348208198379,144943369
2019-07-18,3.866464376449585,3.873405791864756,3.8456394682026973,3.8456394682026973,120815069
2019-07-19,3.887289047241211,3.8942307938241187,3.859522722910971,3.873405885076091,118948818
2019-07-22,3.915055751800537,3.921997499057625,3.880348008517279,3.880348008517279,160454821
2019-07-23,3.928938150405884,3.928938150405884,3.894230413879726,3.9081135746903217,121051176
2019-07-24,3.949763774871826,3.9567051910381843,3.921997448204947,3.9289388643713052,170176204
2019-07-25,3.949763774871826,3.949763774871826,3.9289388643713052,3.949763774871826,116424704
2019-07-26,3.949763774871826,3.9567051910381843,3.9289388643713052,3.9358806115383866,113075070
2019-07-29,3.9219977855682373,3.9497641146235263,3.915056037804039,3.9497641146235263,153249776
2019-07-30,3.928938150405884,3.942821311216479,3.915054989595288,3.935879896311513,134097379
2019-07-31,3.915055751800537,3.9289389153139855,3.9011725882870882,3.921997499057625,109315049
2019-08-01,3.8942313194274902,3.9150558999855107,3.8872895719076572,3.901172735946584,104169149
2019-08-02,3.859523296356201,3.880348208198379,3.8178738036725894,3.859523296356201,163615534
2019-08-05,3.803990364074707,3.8525816008551175,3.8039903640747075,3.8456398537433216,147319156
2019-08-06,3.755399227142334,3.776224138030691,3.748457810846701,3.769282390734329,174138385
2019-08-07,3.741515874862671,3.7762239475926673,3.7345744589170993,3.769282200646383,112197485
2019-08-08,3.769282102584839,3.7831652651155108,3.7415157775234946,3.755398940054167,130839572
2019-08-09,3.7901077270507812,3.8109323092759055,3.7692828138248906,3.776224561900443,150976836
2019-08-12,3.824815511703491,3.8386986757876835,3.783165688450173,3.79010743599264,113892666
2019-08-13,3.824815511703491,3.8386986757876835,3.803990600076832,3.810932016618558,100888918
2019-08-14,3.838698387145996,3.8595229662060597,3.838698387145996,3.8456398031657786,107570283
2019-08-15,3.859523296356201,3.859523296356201,3.7901074752168484,3.8039906394447187,102408453
2019-08-16,3.817873239517212,3.859522726046407,3.817873239517212,3.859522726046407,115292763
2019-08-19,3.797048807144165,3.817873718521881,3.73457473501249,3.7970488071441646,330967957
2019-08-20,3.762340784072876,3.7901071098519536,3.7553990371277504,3.7901071098519536,234932225
2019-08-21,3.769282102584839,3.7762238493505267,3.748457524289183,3.755398940054167,105821783
2019-08-22,3.748457670211792,3.7762239963540436,3.7345745071406666,3.7762239963540436,162179304
2019-08-23,3.762340784072876,3.769282200017289,3.7345744582937983,3.748457621183337,126358267
2019-08-26,3.734574794769287,3.748457958909663,3.7206916306289113,3.7206916306289113,139079415
2019-08-27,3.762340784072876,3.776223946962415,3.7345744582937983,3.748457621183337,218947697
2019-08-28,3.748457670211792,3.762340833282918,3.7345745071406666,3.7553990862469964,112578616
2019-08-29,3.762340784072876,3.762340784072876,3.7345744582937983,3.7415158742382113,128536586
2019-08-30,3.741515874862671,3.7762239475926673,3.7345744589170993,3.7762239475926673,152896391
2019-09-02,3.741515874862671,3.762340784700811,3.7345744589170993,3.748457621808955,189270769
2019-09-03,3.748457670211792,3.7484576702117924,3.727632760104745,3.7345745071406666,123239749
2019-09-04,3.797048807144165,3.7970488071441646,3.73457473501249,3.7484578989307216,219854765
2019-09-05,3.817873239517212,3.8456395638700087,3.7970483307522667,3.8039900773408135,295946164
2019-09-06,3.831757068634033,3.838698816430833,3.810932156244386,3.8248156518379863,139879541
2019-09-09,3.824815511703491,3.8595232564136013,3.810932016618558,3.845640092329409,197991688
2019-09-10,3.817873239517212,3.8317564016936103,3.8039900773408135,3.824814986105759,162130015
2019-09-11,3.852581262588501,3.859522678090102,3.8178731920784204,3.831756354082314,202682089
2019-09-12,3.866464376449585,3.8664643764495854,3.8386980527875263,3.8525812146185556,132761719
2019-09-16,3.866464376449585,3.873405791864756,3.8525812146185556,3.8664643764495854,141443207
2019-09-17,3.824815511703491,3.8664650039560677,3.810932016618558,3.8595232564136013,137255414
2019-09-18,3.817873239517212,3.8386981482821576,3.810931492928665,3.8317564016936103,93277480
2019-09-19,3.817873239517212,3.824814986105759,3.7970483307522667,3.817873239517212,86523907
2019-09-20,3.838698387145996,3.838698387145996,3.8039903140449347,3.824815224105715,142258252
2019-09-23,3.803990364074707,3.83175669052045,3.7831654537400397,3.824815274409375,152015934
2019-09-24,3.817873239517212,3.8317564016936103,3.7970483307522667,3.8039900773408135,101388591
2019-09-25,3.8109312057495117,3.831756112945161,3.7970480446193027,3.8109312057495117,99909055
2019-09-26,3.852581262588501,3.859522678090102,3.8178731920784204,3.824814938580713,211900305
2019-09-27,3.845639944076538,3.8734062711745056,3.8039904534295865,3.852581691351394,191022795
2019-09-30,3.838698387145996,3.8872892922866225,3.8317566401254974,3.838698387145996,149903294
2019-10-08,3.859523296356201,3.8734064605840715,3.8039906394447187,3.824815551286897,125317591
2019-10-09,3.873405694961548,3.887288856445254,3.8386979567526214,3.8386979567526214,123120336
2019-10-10,3.866464376449585,3.873405791864756,3.8525812146185556,3.873405791864756,76076742
2019-10-11,3.915055751800537,3.921997499057625,3.859523097746742,3.859523097746742,164320120
2019-10-14,3.970588207244873,4.005296279792755,3.9219973028786907,3.9219973028786907,219518046
2019-10-15,3.970588207244873,3.9844713700638836,3.9497636285167124,3.963646791335723,114343834
2019-10-16,3.970588207244873,4.019179442611765,3.935880465697702,3.991413116973744,141408181
2019-10-17,3.96364688873291,3.9705883048126287,3.9497637255727533,3.9636468887329097,70660979
2019-10-18,3.935880422592163,3.9983548200938506,3.928938675758328,3.9705881637592175,126491558
2019-10-21,4.019179821014404,4.019179821014404,3.935880836257806,3.942822252820485,194104535
2019-10-22,4.033062934875488,4.033062934875488,3.991413443016276,4.0261215183993215,110765465
2019-10-23,4.074712753295898,4.088595918361613,4.0122386760005675,4.019180093033042,163848710
2019-10-24,4.109420299530029,4.1718946997393305,4.0677708097240695,4.074712225858035,223028700
2019-10-25,4.1510701179504395,4.158011534633914,4.053887967376559,4.102478877163125,176653086
2019-10-28,4.116361618041992,4.178836016769674,4.102478455102586,4.164952853830268,170705243
2019-10-29,4.10247802734375,4.144127511819241,4.0816534506063435,4.11636118883558,119801494
2019-10-30,4.130244731903076,4.151069641565086,4.095536990467339,4.109420153241776,123356913
2019-10-31,4.10247802734375,4.144127511819241,4.074711704360088,4.144127511819241,96932643
2019-11-01,4.123302936553955,4.1441275132987965,4.040003967573232,4.095536613560381,133179414
2019-11-04,4.095537185668945,4.14412809219506,4.095537185668945,4.123303512541218,112164213
2019-11-05,4.109420299530029,4.164952952604643,4.088595389126689,4.102478552395342,202185218
2019-11-06,4.1510701179504395,4.1649532823181366,4.09553746047965,4.102478877163125,156620423
2019-11-07,4.130244731903076,4.158011057451949,4.116361569128639,4.151069641565086,110257031
2019-11-08,4.074712753295898,4.158011743690183,4.067771336263424,4.151070326657709,170420398
2019-11-11,4.005296230316162,4.060828880906222,3.991413067668647,4.053887465082817,135637022
2019-11-12,4.026121139526367,4.040004302172981,3.9914130674094803,4.005296230056094,87512554
2019-11-13,4.005296230316162,4.040004302435302,3.984471320844536,4.019179392963677,105824566
2019-11-14,3.99141263961792,4.026120708014866,3.984470893538262,4.0052958007765636,78018538
2019-11-15,4.019179821014404,4.033062985140504,3.991413492762205,3.998355240325626,93017906
2019-11-18,4.040004730224609,4.040004730224609,3.9983552378718703,4.01223840198945,83883782
2019-11-19,4.060829162597656,4.060829162597656,4.026121419071617,4.033062835376533,101075835
2019-11-20,4.026121139526367,4.060828880642547,4.019179392702707,4.046945717995934,70773995
2019-11-21,3.9775304794311523,4.0122385565626155,3.9636473147787177,4.005296808736021,142098283
2019-11-22,3.96364688873291,3.9914132150532224,3.9636468887329097,3.977530051893066,111508737
2019-11-25,4.046946048736572,4.060829212517801,3.9705884824394477,3.9705884824394477,191630520
2019-11-26,4.060829162597656,4.088595489818779,4.046945998987095,4.060829162597656,153679230
2019-11-27,4.081654071807861,4.088595488109876,4.046945997295599,4.067770908203102,86381862
2019-11-28,4.053887367248535,4.081653691873468,4.040004204936069,4.074711945216885,75497665
2019-11-29,4.019179821014404,4.081654225082224,4.019179821014404,4.040004732703925,103218913
2019-12-02,4.033062934875488,4.046946098828559,4.0261215183993215,4.0261215183993215,85003834
2019-12-03,4.019179821014404,4.040004732703925,3.998355240325626,4.0261215685778255,74795477
2019-12-04,3.998354434967041,4.019179011461281,3.984470942636647,4.019179011461281,92944879
2019-12-05,4.005296230316162,4.026121139787787,3.991413067668647,4.0122379771402725,77932095
2019-12-06,3.9844717979431152,4.019179874218183,3.970588633633237,4.005296709908305,107181545
2019-12-09,3.9844717979431152,3.998355293253739,3.9567054693233596,3.9844717979431152,110498201
2019-12-10,3.96364688873291,3.977530051893066,3.9497637255727533,3.977530051893066,97330965
2019-12-11,3.99141263961792,3.99141263961792,3.9497631561419873,3.9636463173006313,111386854
2019-12-12,3.9844717979431152,3.998355293253739,3.970588633633237,3.991413545598427,90960565
2019-12-13,4.040004730224609,4.040004730224609,3.9914134903127096,4.01223840198945,149433687
2019-12-16,4.012238025665283,4.03306260438806,3.9983548628498617,4.03306260438806,141157862
2019-12-17,4.053887367248535,4.081653691873468,3.9914129713420876,4.01917929596702,238492711
2019-12-18,4.074712753295898,4.109420831460566,4.040005006131995,4.046946423164471,184446706
2019-12-19,4.116361618041992,4.130244780981398,4.074712129223775,4.074712129223775,163534119
2019-12-20,4.123302936553955,4.130244351802009,4.088594867311648,4.109419775057168,120161786
2019-12-23,4.081654071807861,4.116361815319394,4.067770908203102,4.116361815319394,119138984
2019-12-24,4.067770957946777,4.08165412172131,4.053887794172245,4.067770957946777,68218761
2019-12-25,4.046946048736572,4.074712376299029,4.046946048736572,4.067770959908782,78147848
2019-12-26,4.067770957946777,4.074712374333677,4.040004630397712,4.060829210559144,89514469
2019-12-27,4.095537185668945,4.123303512541218,4.060829111578242,4.060829111578242,130319442
2019-12-30,4.088595390319824,4.088595390319824,4.033062737229005,4.0816539741838325,210666499
2019-12-31,4.081654071807861,4.102478651714635,4.0538877445983434,4.074712324505117,140055936
2020-01-02,4.14412784576416,4.185777664596585,4.102478357932441,4.1163615205430135,234949397
2020-01-03,4.158011436462402,4.178836348022641,4.137186855902903,4.144128272422489,152213047
2020-01-06,4.14412784576416,4.199660827207158,4.130244683153587,4.137186429959226,226509705
2020-01-07,4.171894550323486,4.1927191289802765,4.1510696406659875,4.1510696406659875,116804353
2020-01-08,4.10247802734375,4.10247802734375,4.10247802734375,4.10247802734375,158559090
2020-01-09,4.10247802734375,4.137186096573666,4.0816534506063435,4.130244350327411,137713429
2020-01-10,4.10247802734375,4.11636118883558,4.067770289114513,4.10247802734375,97837773
2020-01-13,4.116361618041992,4.116361618041992,4.116361618041992,4.116361618041992,108991003
2020-01-14,4.123302936553955,4.123302936553955,4.123302936553955,4.123302936553955,136770059
2020-01-15,4.081654071807861,4.123303562622138,4.074712324505117,4.116361815319394,128890756
2020-01-16,4.026121139526367,4.088595205935774,4.019179392702707,4.074712043289161,269031351
2020-01-17,4.040004730224609,4.053887894342189,4.0261215661070295,4.040004730224609,103949027
2020-01-20,4.053887367248535,4.067770529561002,4.026121042623603,4.0330624582794865,103339962
2020-01-21,4.005296230316162,4.046945718258707,3.9983548144927576,4.040004302435302,143223669
2020-01-22,4.019179821014404,4.019179821014404,3.9636471645100055,3.998355240325626,128370788
2020-01-23,3.970588207244873,4.012238026702616,3.956705044425862,3.998354863883605,200037655
2020-02-03,3.762340784072876,3.873406087189187,3.6790418067356425,3.6790418067356425,468039902
2020-02-04,3.817873239517212,3.8386981482821576,3.7276325198702747,3.741515682046673,401385261
2020-02-05,3.8109312057495117,3.831756112945161,3.7623403072941146,3.8109312057495117,250853805
2020-02-06,3.817873239517212,3.8386981482821576,3.7762237529880167,3.817873239517212,280995429
2020-02-07,3.77622389793396,3.7970484764975367,3.748457572515385,3.7970484764975367,237318996
2020-02-10,3.762340784072876,3.769282200017289,3.7345744582937983,3.7553990371277504,190238633
2020-02-11,3.7901077270507812,3.7970491441255674,3.7553996486745524,3.7692828138248906,198498450
2020-02-12,3.7901077270507812,3.7970491441255674,3.762341396750105,3.7901077270507812,203914433
2020-02-13,3.755399227142334,3.783165554326324,3.748457810846701,3.783165554326324,199565762
2020-02-14,3.769282102584839,3.7762238493505267,3.7415157775234946,3.755398940054167,141576448
2020-02-17,3.8109312057495117,3.8109312057495117,3.755398561228674,3.7623403072941146,214194906
2020-02-18,3.7901077270507812,3.8039908922011194,3.776224561900443,3.7970491441255674,184542440
2020-02-19,3.803990364074707,3.8178735272975786,3.7831654537400397,3.7831654537400397,204052382
2020-02-20,3.824815511703491,3.8317569282452166,3.776224271908448,3.803990600076832,283668091
2020-02-21,3.8109312057495117,3.831756112945161,3.7970480446193027,3.8109312057495117,222201293
2020-02-24,3.77622389793396,3.810931639206824,3.769282151078962,3.8039902233525344,193329190
2020-02-25,3.755399227142334,3.762340974438696,3.7415160635503386,3.748457810846701,230133275
2020-02-26,3.755399227142334,3.776224138030691,3.7206914836627107,3.7345746472547057,257968813
2020-02-27,3.748457670211792,3.762340833282918,3.741515923175871,3.7484576702117924,222555623
2020-02-28,3.6790425777435303,3.7345752409395288,3.66515941194453,3.727633492539638,422937146
2020-03-02,3.720690965652466,3.7206909656524663,3.672099734345194,3.6790414806750973,239902317
2020-03-03,3.734574794769287,3.748457958909663,3.7137498830583517,3.727633047198728,255403193
2020-03-04,3.741515874862671,3.741515874862671,3.7206912960252434,3.727632711970815,134281589
2020-03-05,3.7901077270507812,3.7901077270507812,3.734575066449428,3.7484582315997663,326766055
2020-03-06,3.755399227142334,3.769282390734329,3.7415160635503386,3.762340974438696,195949873
2020-03-09,3.685983419418335,3.713749746679432,3.6790420031034254,3.706808330364523,288062025
2020-03-10,3.720690965652466,3.727632380981686,3.672099734345194,3.672099734345194,250820767
2020-03-11,3.692925214767456,3.7276329587949024,3.692925214767456,3.713749794983777,169406955
2020-03-12,3.67210054397583,3.6929254565563667,3.6582173792557247,3.6790422918362613,246296488
2020-03-13,3.623508930206299,3.658217003946115,3.5610348608756417,3.5818594403189534,299724107
2020-03-16,3.588801383972168,3.6721003683078983,3.5679764723878646,3.623509128611685,304466305
2020-03-17,3.588801383972168,3.630450876140033,3.5540933083319097,3.58185963644382,257712932
2020-03-18,3.5471513271331787,3.609625389939359,3.5471513271331787,3.5957422280934646,202506811
2020-03-19,3.463852643966675,3.554093377589242,3.422203150987201,3.5471519609263695,289884968
2020-03-20,3.5263266563415527,3.5471515660131745,3.470794005218176,3.48467716799902,212513611
2020-03-23,3.463852643966675,3.4916193036204044,3.4569112273038027,3.470794391630294,139989311
2020-03-24,3.5540926456451416,3.554092645645141,3.4846768383084545,3.4846768383084545,226563906
2020-03-25,3.5957422256469727,3.5957422256469727,3.5402095783011798,3.5888008102290923,232178619
2020-03-26,3.5957422256469727,3.6235085493198693,3.5471513247197475,3.5610344865561956,155612848
2020-03-27,3.616568088531494,3.6443344195335925,3.5957431747795323,3.616568088531494,172736492
2020-03-30,3.623508930206299,3.637392093502081,3.574918024171424,3.5957426036147355,195388477
2020-03-31,3.574917793273926,3.6373918585694955,3.554092884174935,3.6304504428702993,176103197
2020-04-01,3.5818593502044678,3.602684260124577,3.561034771285073,3.5749179342315744,101858447
2020-04-02,3.602684497833252,3.602684497833252,3.5471518423831476,3.5679764226765687,122885637
2020-04-03,3.567976236343384,3.595742562618373,3.5540930732058884,3.5818593994808783,109604624
2020-04-07,3.5818593502044678,3.602684260124577,3.561034771285073,3.5957425131509693,170301628
2020-04-08,3.567976236343384,3.5749179834124902,3.5540930732058884,3.5679762363433833,103474315
2020-04-09,3.5610344409942627,3.574917602653082,3.5540926946645115,3.5679758563233306,73582092
2020-04-10,3.5471513271331787,3.5679759044016763,3.540209580709888,3.561034488979073,97806890
2020-04-13,3.540210247039795,3.561035159228595,3.533268830310695,3.540210247039795,85508709
2020-04-14,3.5540926456451416,3.5610343918791494,3.540209484177804,3.547151230411812,88321771
2020-04-15,3.5610344409942627,3.5610344409942627,3.5402095330056924,3.5471512793354436,94603541
2020-04-16,3.5540926456451416,3.5610343918791494,3.540209484177804,3.547151230411812,70063172
2020-04-17,3.574917793273926,3.588800955673019,3.5471514684757386,3.561034630874832,138244872
2020-04-20,3.5540926456451416,3.5749175533464865,3.554092645645141,3.5679758071124787,103808722
2020-04-21,3.5263266563415527,3.5540929819032416,3.5193852404514856,3.5471515660131745,117604888
2020-04-22,3.533268690109253,3.5402101065629146,3.505502362293131,3.5193855262011917,87658356
2020-04-23,3.5193848609924316,3.5332680222763977,3.505501699708466,3.5263262761340775,103342243
2020-04-24,3.505502462387085,3.5193856266915575,3.498560714734476,3.512443879038948,68795221
2020-04-27,3.533268690109253,3.5471518540173137,3.505502362293131,3.512443778746793,117299682
2020-04-28,3.5471513271331787,3.554092742555782,3.4985600951722056,3.533268165287285,150513612
2020-04-29,3.574917793273926,3.574917793273926,3.526326559376748,3.5402097217758413,121079635
2020-04-30,3.588801383972168,3.595742800499775,3.5679764723878646,3.5749182199162126,104063910
2020-05-06,3.5471513271331787,3.554092742555782,3.526326418863994,3.554092742555782,162061217
2020-05-07,3.540210247039795,3.547151994769645,3.533268830310695,3.540210247039795,78898187
2020-05-08,3.540210247039795,3.554093411498745,3.533268830310695,3.540210247039795,114827797
2020-05-11,3.567976236343384,3.5679762363433833,3.5402099100683935,3.5471516571375004,113051885
2020-05-12,3.5610344409942627,3.574917602653082,3.5471512793354436,3.5610344409942627,101632081
2020-05-13,3.5610344409942627,3.5610344409942627,3.5471512793354436,3.5540926946645115,55628021
2020-05-14,3.540210247039795,3.561035159228595,3.533268830310695,3.554093411498745,81152500
2020-05-15,3.533268690109253,3.554093270470976,3.526326942654854,3.5402101065629146,95906130
2020-05-18,3.540210247039795,3.540210247039795,3.5193856658517446,3.533268830310695,93617881
2020-05-19,3.5540926456451416,3.5610343918791494,3.540209484177804,3.554092645645141,136180096
2020-05-20,3.5540926456451416,3.554092645645141,3.540209484177804,3.547151230411812,86764868
2020-05-21,3.540210247039795,3.561035159228595,3.540210247039795,3.554093411498745,81003105
2020-05-22,3.505502462387085,3.547151955300502,3.5055024623870854,3.5402102076478927,143377084
2020-05-25,3.533268690109253,3.5402101065629146,3.498560614838732,3.512443778746793,105506493
2020-05-26,3.5263266563415527,3.5471515660131745,3.5263266563415527,3.5402098191223974,92522125
2020-05-27,3.5540926456451416,3.5610343918791494,3.526326322710467,3.526326322710467,119594005
2020-05-28,3.588801383972168,3.595742800499775,3.5540933083319097,3.5540933083319097,145728739
2020-05-29,3.5540926456451416,3.5749175533464865,3.540209484177804,3.5679758071124787,119660911
2020-06-01,3.5818593502044678,3.5818593502044678,3.5540930243114652,3.561034771285073,105007887
2020-06-02,3.602684497833252,3.602684497833252,3.5610350062456737,3.5749181701082,152829199
2020-06-03,3.602684497833252,3.6373922419891995,3.595742750401621,3.609625914264147,134546779
2020-06-04,3.5957422256469727,3.616567133901989,3.5888008102290923,3.6096253874834208,76394115
2020-06-05,3.616568088531494,3.623509505781631,3.581860009278483,3.6026849230304445,109865757
2020-06-08,3.637392282485962,3.651275777503795,3.6096259544517744,3.6235091184688684,170929414
2020-06-09,3.651275396347046,3.665158558914876,3.6304504869949485,3.637391902778511,117261021
2020-06-10,3.658217191696167,3.6651589392006896,3.644334027687862,3.6582171916961674,130116167
2020-06-11,3.658217191696167,3.6790421032089946,3.63739228018334,3.6582171916961674,201954547
2020-06-12,3.623508930206299,3.692925077685931,3.609625766910517,3.6304506773545513,379726025
2020-06-15,3.637392282485962,3.68598352204616,3.6304508659777848,3.637392282485962,216077601
2020-06-16,3.6790425777435303,3.6859839951426387,3.6512762461455304,3.6582176635446393,123037983
2020-06-17,3.651275396347046,3.679041721482706,3.6443336495627783,3.665158558914876,87984468
2020-06-18,3.602684497833252,3.623509078126673,3.5818595865390948,3.616567661695778,210965506
2020-06-19,3.609625816345215,3.616567563588536,3.5749180731307906,3.5957426528593,173636988
2020-06-22,3.5818593502044678,3.623508839043972,3.5818593502044678,3.6096256760974703,156983957
2020-06-23,3.567976236343384,3.5818593994808783,3.5540930732058884,3.5818593994808783,179893542
2020-06-24,3.623508930206299,3.637392093502081,3.5679762770231713,3.574918024171424,194172776
2020-06-29,3.644333600997925,3.6859830881463886,3.6096255295405215,3.665158510072507,300096304
2020-06-30,3.639073133468628,3.675610151555909,3.624458395922281,3.6536878710149745,213559908
2020-07-01,3.6463801860809326,3.6463801860809326,3.595228780881259,3.639072991813614,195342430
2020-07-02,3.6975314617156982,3.7048390034811307,3.624457786275224,3.639072521363319,333639508
2020-07-03,3.7706053256988525,3.785220061517732,3.6975316466044537,3.6975316466044537,349460778
2020-07-06,4.092129230499268,4.099436771502115,3.792527018237192,3.799834210797306,746359638
2020-07-07,4.062900066375732,4.2748138930641195,4.062900066375732,4.143281281188046,622456480
2020-07-08,3.997133493423462,4.084822247747923,3.9313673632335555,4.033670503428883,613051056
2020-07-09,3.931368112564087,3.982519518189986,3.909445832693832,3.967904781090755,569342048
2020-07-10,3.8144495487213135,3.9240602420315995,3.7998348128427946,3.9167530483137343,626079327
2020-07-13,3.807142496109009,3.83637196894939,3.7706054808371325,3.799834953677513,608928410
2020-07-14,3.755990505218506,3.79983471168688,3.7486833116951663,3.7925275181635403,463922050
2020-07-15,3.712146759033203,3.7852204455411753,3.7048395646038172,3.7706057082395805,461149414
2020-07-16,3.6975314617156982,3.7486832087454154,3.690224268393036,3.7121461968037934,492285809
2020-07-17,3.6975314617156982,3.7121461968037934,3.6756095333049412,3.6975314617156987,297529798
2020-07-20,3.748682975769043,3.755990168637572,3.69022403904982,3.7048387732296257,386592363
2020-07-21,3.7267608642578125,3.7486831407134895,3.7194536710677624,3.7486831407134895,226253759
2020-07-22,3.719453811645508,3.755990475862198,3.704839076270277,3.7267610051117352,292661107
2020-07-23,3.675610065460205,3.7121467342488406,3.668302522636786,3.7048395398682414,371484863
2020-07-24,3.639073133468628,3.675610151555909,3.624458395922281,3.675610151555909,363761006
2020-07-27,3.631765365600586,3.6536876447841253,3.6171506289591617,3.639072908142701,217634490
2020-07-28,3.639073133468628,3.6536878710149745,3.624458395922281,3.646380328020387,174844591
2020-07-29,3.668302059173584,3.668302059173584,3.6025355758432074,3.6317650465583133,275856664
2020-07-30,3.639073133468628,3.668302608561321,3.639073133468628,3.668302608561321,153782861
2020-07-31,3.624458074569702,3.6609950894175296,3.6171505322230177,3.6317652684735893,254967287
2020-08-03,3.639073133468628,3.6536878710149745,3.624458395922281,3.639073133468628,244686781
2020-08-04,3.6902246475219727,3.704839384111567,3.631765352720791,3.646380089310385,401220469
2020-08-05,3.6536877155303955,3.675609995138416,3.646380172846784,3.6683024524548045,205232006
2020-08-06,3.668302059173584,3.6756096010737487,3.639072588458478,3.6609948657161957,209927052
2020-08-07,3.639073133468628,3.660995414009562,3.63176559047404,3.660995414009562,192143281
2020-08-10,3.6463801860809326,3.653687728791066,3.6244582548361626,3.6317654491034808,200986917
2020-08-11,3.639073133468628,3.668302608561321,3.63176559047404,3.639073133468628,276724552
2020-08-12,3.6463801860809326,3.6463801860809326,3.6244582548361626,3.6317654491034808,225612404
2020-08-13,3.639073133468628,3.6536878710149745,3.63176559047404,3.639073133468628,116382932
2020-08-14,3.668302059173584,3.668302059173584,3.6317650465583133,3.639072588458478,208584453
2020-08-17,3.719453811645508,3.7340685470207395,3.6683020636108106,3.6683020636108106,548693326
2020-08-18,3.6902246475219727,3.7194541207011613,3.682917105005773,3.7194541207011613,237195504
2020-08-19,3.675610065460205,3.7048395398682414,3.675610065460205,3.6975319970448224,163005140
2020-08-20,3.6536877155303955,3.675609995138416,3.646380172846784,3.6683024524548045,164245323
2020-08-21,3.6609950065612793,3.668302200299789,3.6463799221986815,3.6609950065612793,126975683
2020-08-24,3.6463801860809326,3.6683024657685173,3.6463801860809326,3.660995271501199,120078607
2020-08-25,3.6536877155303955,3.660995258214007,3.6390729786059866,3.6536877155303955,154898745
2020-08-26,3.639073133468628,3.6536878710149745,3.63176559047404,3.6536878710149745,151462246
2020-08-27,3.631765365600586,3.639072908142701,3.624458171501277,3.631765365600586,141665658
2020-08-28,3.6536877155303955,3.660995258214007,3.624458241681577,3.624458241681577,210367849
2020-08-31,3.624458074569702,3.6609950894175296,3.624458074569702,3.646380004724161,257149738
2020-09-01,3.624458074569702,3.6317652684735893,3.6098433383191306,3.624458074569702,156648375
2020-09-02,3.5952279567718506,3.624457424026684,3.5952279567718506,3.624457424026684,272900852
2020-09-03,3.587920665740967,3.60984294193099,3.573305931095204,3.602535400386729,183967179
2020-09-04,3.580613374710083,3.5879205676117336,3.5659986404640316,3.573305833365682,140939398
2020-09-07,3.580613374710083,3.5952281089561344,3.5659986404640316,3.573305833365682,152562738
2020-09-08,3.6171507835388184,3.624458326393223,3.5733065717408543,3.5806141145952592,197704582
2020-09-09,3.6098430156707764,3.617150208921545,3.595228280726472,3.602535473977241,161334069
2020-09-10,3.587920665740967,3.617150135032492,3.580613472639465,3.60984294193099,144437836
2020-09-11,3.6025354862213135,3.6171502212152893,3.5806135579517337,3.5806135579517337,149430213
2020-09-14,3.6025354862213135,3.6098430279396854,3.5879207512273377,3.6025354862213135,102757121
2020-09-15,3.5952279567718506,3.6025351493641917,3.587920415736775,3.5952279567718506,82808103
2020-09-16,3.6098430156707764,3.6098430156707764,3.580613545782168,3.595228280726472,107615627
2020-09-17,3.6098430156707764,3.617150208921545,3.595228280726472,3.6098430156707764,120886368
2020-09-18,3.639073133468628,3.639073133468628,3.602536115381347,3.6171508529276934,260734428
2020-09-21,3.624458074569702,3.646380004724161,3.6098433383191306,3.6317652684735893,121766522
2020-09-22,3.6025354862213135,3.624457762933661,3.5952282929457096,3.6171502212152893,109705020
2020-09-23,3.5952279567718506,3.6098426903992675,3.587920415736775,3.6025351493641917,100583616
2020-09-24,3.580613374710083,3.5952281089561344,3.5659986404640316,3.5879205676117336,126596512
2020-09-25,3.57330584526062,3.5879205795553215,3.5659986523346445,3.580613386629346,108001750
2020-09-28,3.6098430156707764,3.6098430156707764,3.565998810837864,3.580613545782168,163464701
2020-09-29,3.587920665740967,3.617150135032492,3.5879206657409664,3.602535400386729,115613449
2020-09-30,3.5952279567718506,3.6171498829916082,3.587920415736775,3.5952279567718506,151234271
2020-10-09,3.587920665740967,3.60984294193099,3.5879206657409664,3.60984294193099,126605222
2020-10-12,3.624458074569702,3.6317652684735893,3.5879210597218747,3.595228602068559,252543847
2020-10-13,3.5952279567718506,3.624457424026684,3.587920415736775,3.6171498829916082,166735379
2020-10-14,3.5952279567718506,3.6025351493641917,3.587920415736775,3.5952279567718506,139071928
2020-10-15,3.6025354862213135,3.6171502212152893,3.5806135579517337,3.5952282929457096,201150932
2020-10-16,3.6463801860809326,3.6683024657685173,3.595228780881259,3.595228780881259,500955753
2020-10-19,3.668302059173584,3.7121462652462434,3.639072588458478,3.6463797819158663,345816276
2020-10-20,3.639073133468628,3.660995414009562,3.6171508529276934,3.660995414009562,240689629
2020-10-21,3.6902246475219727,3.704839384111567,3.617150616131197,3.639072895236991,325876182
2020-10-22,3.6975314617156982,3.7048390034811307,3.6683019915395088,3.690224268393036,191063454
2020-10-23,3.6975314617156982,3.7121461968037934,3.6756095333049412,3.690224268393036,235615563
2020-10-26,3.668302059173584,3.704839071788855,3.6609948657161957,3.6975315298886904,179783563
2020-10-27,3.675610065460205,3.682917259840804,3.6536877854327674,3.660995328256187,159795896
2020-10-28,3.6536877155303955,3.675609995138416,3.6390729786059866,3.6683024524548045,182063873
2020-10-29,3.624458074569702,3.6390728108202737,3.6171505322230177,3.6317652684735893,167446150
2020-10-30,3.5952279567718506,3.6390721576541005,3.587920415736775,3.624457424026684,210764327
2020-11-02,3.6098430156707764,3.617150208921545,3.587920739032937,3.595228280726472,155871144
2020-11-03,3.6171507835388184,3.639073063659211,3.609843589127235,3.6171507835388184,135357406
2020-11-04,3.6171507835388184,3.639073063659211,3.60253604627283,3.631765520804806,146498496
2020-11-05,3.6171507835388184,3.6463802580707942,3.609843589127235,3.631765520804806,161122675
2020-11-06,3.624458074569702,3.6390728108202737,3.602535795972446,3.6171505322230177,165958743
2020-11-09,3.639073133468628,3.646380328020387,3.624458395922281,3.63176559047404,225602124
2020-11-10,3.668302059173584,3.6902243364313017,3.653687323816031,3.6609948657161957,259168387
2020-11-11,3.704838752746582,3.7121459455747114,3.6536870091786917,3.660994550449567,309611502
2020-11-12,3.6609950065612793,3.6975316721394056,3.6609950065612793,3.6975316721394056,139875220
2020-11-13,3.624458074569702,3.6609950894175296,3.6171505322230177,3.6609950894175296,192265408
2020-11-16,3.639073133468628,3.646380328020387,3.624458395922281,3.63176559047404,127160896
2020-11-17,3.6536877155303955,3.6536877155303955,3.631765435922375,3.6390729786059866,122033280
2020-11-18,3.675610065460205,3.6902248026642233,3.639073048228749,3.6536877854327674,193561819
2020-11-19,3.6829171180725098,3.690224660614636,3.6683023814310634,3.6683023814310634,154569394
2020-11-20,3.675610065460205,3.6975319970448224,3.660995328256187,3.6902248026642233,126572054
2020-11-23,3.704838752746582,3.7121459455747114,3.660994550449567,3.660994550449567,282580046
2020-11-24,3.6902246475219727,3.7194541207011613,3.690224647521973,3.704839384111567,189318043
2020-11-25,3.6829171180725098,3.7340688705389744,3.6829171180725098,3.712146591355402,200292965
2020-11-26,3.719453811645508,3.7267610051117352,3.6756096055198144,3.682916798986042,197392278
2020-11-27,3.9386749267578125,3.9386749267578125,3.7340686271158083,3.7340686271158083,929749513
2020-11-30,3.8875231742858887,4.121358924145475,3.8802156328814004,3.9898263148494575,1228800854
2020-12-01,3.997133493423462,4.019055769115265,3.8582936916654647,3.8802156189145163,530373631
2020-12-02,3.9825196266174316,4.040978925048776,3.9094459391317846,3.9752124320902804,351809633
2020-12-03,3.931368112564087,4.004441798060241,3.902138638365625,3.982519518189986,278801930
2020-12-04,3.880215644836426,3.931367389497186,3.8144491657644135,3.931367389497186,330280502
2020-12-07,3.792527675628662,3.8948308283024784,3.7779129395324027,3.880216092206219,275402306
2020-12-08,3.741375684738159,3.8144493605254723,3.734068491380813,3.792527432010664,266106433
2020-12-09,3.7267608642578125,3.770605068726403,3.7194536710677624,3.7559903339035396,243722631
2020-12-10,3.6975314617156982,3.7340684736573206,3.6829167266276035,3.726760931891888,258154092
2020-12-11,3.712146759033203,3.712146759033203,3.66830254712842,3.6975320217316088,279273263
2020-12-14,3.6902246475219727,3.7194541207011613,3.6756099109323785,3.704839384111567,272105952
2020-12-15,3.6609950065612793,3.690224478400896,3.6390727284601723,3.690224478400896,337486520
2020-12-16,3.6536877155303955,3.6902247320628248,3.646380172846784,3.660995258214007,266067496
2020-12-17,3.675610065460205,3.682917259840804,3.624458311024731,3.6536877854327674,331127867
2020-12-18,3.6536877155303955,3.675609995138416,3.6390729786059866,3.660995258214007,219772170
2020-12-21,3.6536877155303955,3.6683024524548045,3.6390729786059866,3.660995258214007,205828822
2020-12-22,3.6098430156707764,3.6536872205036888,3.595228280726472,3.6463796788101535,365749394
2020-12-23,3.624458074569702,3.6317652684735893,3.602535795972446,3.6098433383191306,219146383
2020-12-24,3.624458074569702,3.6390728108202737,3.6098433383191306,3.6317652684735893,122262763
2020-12-25,3.631765365600586,3.631765365600586,3.6171506289591617,3.6171506289591617,153283872
2020-12-28,3.631765365600586,3.631765365600586,3.602535892317737,3.624458171501277,231926812
2020-12-29,3.639073133468628,3.639073133468628,3.6171508529276934,3.63176559047404,254202319
2020-12-30,3.624458074569702,3.6390728108202737,3.6098433383191306,3.6317652684735893,250903589
2020-12-31,3.6463801860809326,3.660995271501199,3.6171507121260293,3.6171507121260293,310003990
2021-01-04,3.6609950065612793,3.6609950065612793,3.617150450359065,3.6317651862788733,353951177
2021-01-05,3.631765365600586,3.64638010224201,3.6098434348598527,3.639072908142701,371010370
2021-01-06,3.631765365600586,3.639072908142701,3.6171506289591617,3.624458171501277,346318359
2021-01-07,3.6536877155303955,3.6536877155303955,3.6171506989979663,3.631765435922375,319047400
2021-01-08,3.6536877155303955,3.675609995138416,3.6390729786059866,3.646380172846784,342202983
2021-01-11,3.6463801860809326,3.682917202745969,3.639072991813614,3.653687728791066,495651500
2021-01-12,3.668302059173584,3.668302059173584,3.624457853100925,3.6463797819158663,350495697
2021-01-13,3.6975314617156982,3.6975314617156987,3.653687256451414,3.6756095333049412,404644202
2021-01-14,3.712146759033203,3.7632985138101946,3.6829172844300144,3.690224827302223,388409548
2021-01-15,3.7632980346679688,3.843679253814031,3.7267610218444553,3.7267610218444553,700663410
2021-01-18,3.755990505218506,3.7852199761974217,3.7121462987501315,3.7486833116951663,398189784
2021-01-19,3.799835205078125,3.8144499424652403,3.7267615181425504,3.7559909929167805,433069019
2021-01-20,3.7632980346679688,3.8363717118722174,3.748683299227119,3.777912770108818,314566469
2021-01-21,3.748682975769043,3.777912444128655,3.7267607002779606,3.770604902817378,245677513
2021-01-22,3.6829171180725098,3.726761327996848,3.6756099239731896,3.726761327996848,277428648
2021-01-25,3.6902246475219727,3.690224647521973,3.646380089310385,3.6756099109323785,219055180
2021-01-26,3.675610065460205,3.7048395398682414,3.660995328256187,3.675610065460205,210379385
2021-01-27,3.704838752746582,3.7632976891426018,3.675609284548572,3.675609284548572,370986633
2021-01-28,3.675610065460205,3.7048395398682414,3.660995328256187,3.6902248026642233,285079492
2021-01-29,3.719453811645508,3.7413757404869665,3.6683020636108106,3.6756096055198144,411143704
2021-02-01,3.755990505218506,3.7632980471846245,3.6902243697373343,3.7121462987501315,381322201
2021-02-02,3.719453811645508,3.7852199466126604,3.7121462697365044,3.755990475862198,259998588
2021-02-03,3.6829171180725098,3.7413760646382945,3.6756099239731896,3.7194541338975284,337557915
2021-02-04,3.704838752746582,3.741375413772721,3.675609284548572,3.6829164773767014,252444008
2021-02-05,3.78521990776062,3.8071421848198415,3.6975314964092787,3.7048390382432768,593744234
2021-02-08,3.7706053256988525,3.799834797336612,3.7413758540610926,3.785220061517732,367126932
2021-02-09,3.7632980346679688,3.7632980346679688,3.7340685637862694,3.7559904927261547,278298845
2021-02-10,3.836371898651123,3.924060315565449,3.8071424263463474,3.8290643563535314,664704224
2021-02-18,3.829063892364502,3.8875231783330104,3.8144491579830633,3.8875231783330104,328400933
2021-02-19,3.829063892364502,3.8729084439515713,3.80714196501372,3.8144491579830633,242413124
2021-02-22,3.924060344696045,3.9532898172178075,3.8290643847789165,3.836371927130756,602082016
2021-02-23,3.931368112564087,3.982519518189986,3.8875239012663942,3.909445832693832,467150523
2021-02-24,3.8729090690612793,3.960597489503326,3.829064510397447,3.909445736690728,385065747
2021-02-25,3.9752116203308105,4.004441089356256,3.8656009372640145,3.8656009372640145,509700217
2021-02-26,3.924060344696045,4.011748762261333,3.909445608435163,3.945982623308766,435170121
2021-03-01,3.9021379947662354,3.96059693352123,3.887523260077487,3.916752729454984,240663315
2021-03-02,3.8656015396118164,3.909445749981899,3.829064523415342,3.909445749981899,250031265
2021-03-03,3.9825196266174316,4.004441907084539,3.8436797946161163,3.8582945321132454,446911121
2021-03-04,3.9825196266174316,4.026364187551646,3.9532901516231727,3.967904889120302,373419253
2021-03-05,4.070207595825195,4.084822330434651,3.924059901287878,3.967904105116246,478774356
2021-03-08,4.04097843170166,4.0994373745531565,4.0263636959887865,4.077515096762453,429168305
2021-03-09,3.9898266792297363,4.114052106909196,3.9679044014569205,4.077515093435431,466395021
2021-03-10,3.9459824562072754,3.989826663133238,3.909445442880915,3.9752119274912503,306784316
2021-03-11,4.004441738128662,4.04828594877017,3.9679047217059993,3.975212264367657,277331915
2021-03-12,3.9752116203308105,4.019055823868978,3.9679040788530715,3.997133547878516,184841636
2021-03-15,4.0555925369262695,4.077514462866174,3.960596595339403,3.9825185212793075,303797606
2021-03-16,4.092129230499268,4.114051505065077,4.048285029810383,4.062899763373345,273079994
2021-03-17,4.04097843170166,4.092129832475327,4.004441418198083,4.077515096762453,203713443
2021-03-18,4.004441738128662,4.04828594877017,3.98982700124816,4.026364017670822,224544199
2021-03-19,3.916752815246582,4.019055960308645,3.88752334522885,4.011748418582829,332530519
2021-03-22,3.960596799850464,3.9825187269223385,3.887523128872969,3.887523128872969,232531340
2021-03-23,3.9459824562072754,4.019056134417213,3.909445442880915,3.9459824562072754,325973130
2021-03-24,3.95328950881958,3.9679042439403585,3.8948305683364675,3.9240600385780238,189983667
2021-03-25,3.916752815246582,3.989826490290913,3.909445273520765,3.953289478547364,207394817
2021-03-26,3.9094455242156982,3.9313678023561573,3.872908858571987,3.924060260161741,247198368
2021-03-29,3.9898266792297363,3.997133872858819,3.894830722952175,3.9021382650240417,347949980
2021-03-30,4.004441738128662,4.004441738128662,3.9679047217059993,3.98982700124816,193297381
2021-03-31,4.048285484313965,4.055593026137235,3.9752118082951293,3.9971337368793938,242434867
2021-04-01,4.019055366516113,4.048284832215359,3.997133093020321,4.026362907162283,132476154
2021-04-02,3.960596799850464,4.026363277951583,3.945982065654965,4.01905573663246,184780740
2021-04-06,3.960596799850464,3.967903992726839,3.9240597901403422,3.960596799850464,122894235
2021-04-07,3.9825196266174316,3.9898271695874095,3.9459829570960214,3.9532901516231727,172777174
2021-04-08,3.9752116203308105,3.997133547878516,3.953289344340349,3.989826354843533,123971365
2021-04-09,3.960596799850464,3.975211534045963,3.945982065654965,3.975211534045963,131127592
2021-04-12,4.004441738128662,4.019056475009165,3.9386752479449942,3.9605975274871543,219634806
2021-04-13,4.026363372802734,4.040978107342521,3.9825188207406197,4.004441096771677,173937109
2021-04-14,3.9825196266174316,4.033671382078798,3.967904889120302,4.026364187551646,153373910
2021-04-15,3.9825196266174316,3.982519626617431,3.938675414126043,3.967904889120302,157215797
2021-04-16,3.9679043292999268,3.9898266066740824,3.9532895938647488,3.9679043292999268,110874302
2021-04-19,3.9752116203308105,3.989826354843533,3.953289344340349,3.9752116203308105,175754330
2021-04-20,3.9386749267578125,3.975211940200991,3.9313677331348473,3.9679043981352415,177071674
2021-04-21,3.924060344696045,3.9532898172178075,3.9240603446960445,3.9313678870478843,135364763
2021-04-22,3.8948304653167725,3.9386746695194117,3.8802157305825595,3.9313674763736857,211498349
2021-04-23,3.8656015396118164,3.9021385558082904,3.850986802821789,3.880216276401844,164898057
2021-04-26,3.8509864807128906,3.8875234938532914,3.843679287150479,3.8802159518480988,170693135
2021-04-27,3.829063892364502,3.8509861681580366,3.8144491579830633,3.843678975188694,149123770
2021-04-28,3.799835205078125,3.836372222767325,3.78522046769101,3.829064679852355,182976437
2021-04-29,3.8144495487213135,3.8290642845998324,3.7852200769642756,3.7998348128427946,188987315
2021-04-30,3.748682975769043,3.8144491053567955,3.712145966098155,3.8071419124882664,395748728
2021-05-06,3.741375684738159,3.785219890210547,3.7267609495806964,3.734068491380813,216039682
2021-05-07,3.8144495487213135,3.821757090881967,3.734068675610854,3.7413758693287194,281997042
2021-05-10,3.836371898651123,3.8363718986511226,3.7852201478963683,3.8071424263463474,207471144
2021-05-11,3.821756601333618,3.836371335340061,3.807141867327175,3.8290637941154677,139252141
2021-05-12,3.843679428100586,3.8582941642041217,3.80714241362035,3.814449607450721,150046333
2021-05-13,3.829063892364502,3.8582937095701326,3.80714196501372,3.836371433776598,146069572
2021-05-14,3.8582937717437744,3.8582937717437744,3.8071420263630884,3.8290639540671263,155000539
2021-05-17,3.8509864807128906,3.8656012162804947,3.829064203140094,3.843679287150479,170881970
2021-05-18,3.843679428100586,3.850986621930957,3.821757149723886,3.850986621930957,101639997
2021-05-19,3.807142496109009,3.843679511380886,3.799834953677513,3.83637196894939,148187187
2021-05-20,3.821756601333618,3.821756601333618,3.785219592096139,3.799834326102582,128233876
2021-05-21,3.7779133319854736,3.814450001800188,3.770605788956833,3.807142807214377,151966814
2021-05-24,3.792527675628662,3.799834869455395,3.770605397262876,3.7779129395324027,106540901
2021-05-25,3.843679428100586,3.843679428100586,3.7706053991401145,3.792527677516815,266674619
2021-05-26,3.843679428100586,3.8656013580344926,3.821757149723886,3.8363718858274214,205603406
2021-05-27,3.843679428100586,3.8582941642041217,3.821757149723886,3.843679428100586,183117591
2021-05-28,3.8509864807128906,3.8509864807128906,3.821757009577682,3.843679287150479,170000519
2021-05-31,3.807142496109009,3.843679511380886,3.7925277596888187,3.83637196894939,291960761
2021-06-01,3.78521990776062,3.8071421848198415,3.7779127143693945,3.8071421848198415,224514102
2021-06-02,3.792527675628662,3.8071424117249215,3.7559906611666167,3.7852201333591355,257745154
2021-06-03,3.7632980346679688,3.799834699048704,3.7632980346679688,3.792527505549668,193708944
2021-06-04,3.7779133319854736,3.7998352641857362,3.763298594371022,3.770605788956833,239708428
2021-06-07,3.7779133319854736,3.7852205265712846,3.770605788956833,3.7852205265712846,147696207
2021-06-08,3.799835205078125,3.799835205078125,3.7706057303038953,3.777913273218865,196300035
2021-06-09,3.792527675628662,3.8144496055516544,3.7852201333591355,3.792527675628662,206147147
2021-06-10,3.799835205078125,3.8144499424652403,3.78522046769101,3.79252801060598,205273227
2021-06-11,3.792527675628662,3.799834869455395,3.7779129395324027,3.799834869455395,173573258
2021-06-15,3.7706053256988525,3.7925276036485656,3.763298132010806,3.785220061517732,181207362
2021-06-16,3.7779133319854736,3.7925280695999253,3.763298594371022,3.770605788956833,148655127
2021-06-17,3.78521990776062,3.7998346429858434,3.763297979144171,3.7779127143693945,195878337
2021-06-18,3.78521990776062,3.7852199077606197,3.7706051725353964,3.7779127143693945,153248858
2021-06-21,3.7632980346679688,3.785219963607854,3.7632980346679688,3.777912770108818,199664270
2021-06-22,3.7706053256988525,3.785220061517732,3.763298132010806,3.770605325698852,178934078
2021-06-23,3.755990505218506,3.777912782674082,3.755990505218506,3.7706052407079635,252219354
2021-06-24,3.799835205078125,3.799835205078125,3.7559909929167805,3.7559909929167805,246529721
2021-06-25,3.821756601333618,3.836371335340061,3.785219592096139,3.7925271333207324,246059460
2021-06-28,3.78521990776062,3.821756920045065,3.7706051725353964,3.821756920045065,257634469
2021-06-29,3.7779133319854736,3.7998352641857362,3.770605788956833,3.7852205265712846,222693506
2021-06-30,3.7779133319854736,3.7852205265712846,3.770605788956833,3.7852205265712846,154934253
2021-07-01,3.843679428100586,3.843679428100586,3.7706053991401145,3.777912941413279,277013740
2021-07-02,3.836371898651123,3.8509866348035104,3.7925276901939595,3.8071424263463474,355189284
2021-07-05,3.799835205078125,3.829064679852355,3.78522046769101,3.8217574853802097,276171905
2021-07-06,3.812157154083252,3.819858658233415,3.7967545130108564,3.819858658233415,265763047
2021-07-07,3.804455518722534,3.819858157776962,3.789052879668106,3.812156654635807,177670765
2021-07-08,3.765949010848999,3.812156931366592,3.7582478743766874,3.804455794894281,288364812
2021-07-09,3.7351434230804443,3.781351339794864,3.7197407841756376,3.7659487008900574,273742038
2021-07-12,3.6735334396362305,3.7582481504214336,3.6581307983323694,3.7505466461555352,505677367
2021-07-13,3.658130168914795,3.6812343105092578,3.6504286659740166,3.6735328075684794,293278041
2021-07-14,3.6273250579833984,3.658130336703725,3.6042209153292086,3.658130336703725,302082855
2021-07-15,3.658130168914795,3.6735328075684794,3.6119222529537423,3.6273248916074268,277590851
2021-07-16,3.650428533554077,3.658130036215482,3.6273247600255805,3.658130036215482,170407398
2021-07-19,3.6427276134490967,3.6504287493378715,3.619623471327011,3.6427276134490967,168375795
2021-07-20,3.6273250579833984,3.6350261940495354,3.619623554689372,3.6273250579833984,102552924
2021-07-21,3.6119225025177,3.642727781953544,3.6119225025177,3.635026278480634,164625857
2021-07-22,3.6273250579833984,3.6350261940495354,3.611922418623235,3.619623554689372,147636965
2021-07-23,3.6196234226226807,3.635026061420859,3.61192228683753,3.627324925635708,139074561
2021-07-26,3.596519947052002,3.619623723556166,3.5811173069732574,3.611922587130747,224591633
2021-07-27,3.558013439178467,3.5965202259756275,3.5503123021557954,3.5888187217250214,208899200
2021-07-28,3.596519947052002,3.6042210834774213,3.5426105231624425,3.550312026815768,247993418
2021-07-29,3.558013439178467,3.5965202259756275,3.5503123021557954,3.5965202259756275,171680634
2021-07-30,3.534909248352051,3.558013023951746,3.51950660887629,3.558013023951746,184747154
2021-08-02,3.5426101684570312,3.5503116713392404,3.4887011171930458,3.5272075299204824,214322262
2021-08-03,3.527207851409912,3.5349093549940793,3.504104075113217,3.5349093549940793,135245787
2021-08-04,3.504103899002075,3.527207674137609,3.4964023958049744,3.527207674137609,148301902
2021-08-05,3.4964025020599365,3.519506645125485,3.488701365856684,3.5041040054910844,109747157
2021-08-06,3.488701105117798,3.5041037436010343,3.4732984666345614,3.5041037436010343,158732842
2021-08-09,3.504103899002075,3.5195065381683928,3.473298620669441,3.4809997566386572,192560063
2021-08-10,3.511805295944214,3.519506799713637,3.481000015322345,3.5041041594027025,177389103
2021-08-11,3.5811169147491455,3.588818050331093,3.519506361182102,3.519506361182102,330727249
2021-08-12,3.5657148361206055,3.5965201177400896,3.558013332101772,3.5657148361206055,118278136
2021-08-13,3.5503122806549072,3.573416058810938,3.5426107764509416,3.565714921834905,93542819
2021-08-16,3.558013439178467,3.573416080451744,3.5426107979051893,3.5503123021557954,116109333
2021-08-17,3.558013439178467,3.573416080451744,3.5426107979051893,3.5503123021557954,195138306
2021-08-18,3.596519947052002,3.6042210834774213,3.5426105231624425,3.550312026815768,259846618
2021-08-19,3.573415517807007,3.5965196596930755,3.55801287895892,3.5888181566550936,148278726
2021-08-20,3.5888185501098633,3.596520053992188,3.558013269036399,3.5734159095731313,190342577
2021-08-23,3.5657148361206055,3.5965201177400896,3.5657148361206055,3.5734159729115147,117707675
2021-08-24,3.5657148361206055,3.5811174769303475,3.5657148361206055,3.5657148361206055,95453098
2021-08-25,3.5657148361206055,3.5734159729115147,3.558013332101772,3.5734159729115147,100384789
2021-08-26,3.558013439178467,3.565714943429073,3.5426107979051893,3.558013439178467,117689309
2021-08-27,3.573415517807007,3.573415517807007,3.5426102401108337,3.5503117431488156,116129716
2021-08-30,3.527207851409912,3.5734157712312062,3.511805211469481,3.5657146348749422,203426605
2021-08-31,3.558013439178467,3.558013439178467,3.519507019609241,3.5349096608825183,191711450
2021-09-01,3.6042208671569824,3.6119223703480743,3.5426103105397857,3.5503118137308776,268103361
2021-09-02,3.6119225025177,3.6119225025177,3.5888183593268685,3.60422099904479,146790356
2021-09-03,3.6427276134490967,3.658130252454527,3.588818193316151,3.6119223354382366,202543720
2021-09-06,3.6427276134490967,3.658130252454527,3.619623471327011,3.619623471327011,160536498
2021-09-07,3.658130168914795,3.6735328075684794,3.6196233886666485,3.642727530261111,194851319
2021-09-08,3.6735334396362305,3.681234943902129,3.6427281570285084,3.650429294066471,174780048
2021-09-09,3.658130168914795,3.6735328075684794,3.6350260273203325,3.6658316718555737,155311748
2021-09-10,3.6889357566833496,3.7197410365832932,3.6504289731944684,3.658130476783406,250359269
2021-09-13,3.6735334396362305,3.681234943902129,3.6581307983323694,3.681234943902129,168854899
2021-09-14,3.6273250579833984,3.681234479357914,3.619623554689372,3.665831839997751,185420345
2021-09-15,3.6042208671569824,3.6350261454655812,3.5888182280026832,3.619623506311282,175121628
2021-09-16,3.6042208671569824,3.627325009502374,3.596519731193775,3.604220867156983,167822042
2021-09-17,3.6196234226226807,3.627324925635708,3.604220783824503,3.604220783824503,110257170
2021-09-22,3.5657148361206055,3.5888186137212568,3.558013332101772,3.5811174769303475,217646013
2021-09-23,3.5888185501098633,3.6042211906465957,3.5657147729187235,3.581117413455456,132515669
2021-09-24,3.573415517807007,3.5965196596930755,3.565714381996902,3.573415517807007,109891431
2021-09-27,3.5657148361206055,3.5811174769303475,3.54261069129203,3.5657148361206055,164468354
2021-09-28,3.5888185501098633,3.6042211906465957,3.5503121323819915,3.558013269036399,163379542
2021-09-29,3.6042208671569824,3.619623506311282,3.558012949694085,3.581117092039476,243813654
2021-09-30,3.5888185501098633,3.6042211906465957,3.5657147729187235,3.6042211906465957,150413152
2021-10-08,3.6273250579833984,3.6427276973435614,3.5811171399029083,3.5888182759690452,185994625
2021-10-11,3.650428533554077,3.6735326743104326,3.6273247600255805,3.635025895459126,181862463
2021-10-12,3.658130168914795,3.6658316718555737,3.6273248916074268,3.6504286659740166,144930590
2021-10-13,3.635025978088379,3.6581301193699245,3.6273248424797755,3.6504286165334534,112305696
2021-10-14,3.6273250579833984,3.6427276973435614,3.6273250579833984,3.6350261940495354,71963708
2021-10-15,3.658130168914795,3.658130168914795,3.6273248916074268,3.6350260273203325,125558856
2021-10-18,3.6427276134490967,3.673532891459957,3.6273249744436664,3.658130252454527,117369621
2021-10-19,3.635025978088379,3.6504286165334534,3.6273248424797755,3.635025978088379,105882612
2021-10-20,3.6196234226226807,3.6427275644338857,3.604220783824503,3.6427275644338857,107459635
2021-10-21,3.650428533554077,3.650428533554077,3.6119221219306294,3.6196232573641756,135131627
2021-10-22,3.6427276134490967,3.6658317555711823,3.6273249744436664,3.6504287493378715,93108629
2021-10-25,3.635025978088379,3.64272748092485,3.611922204034701,3.6273248424797755,103342397
2021-10-26,3.6196234226226807,3.6504287002190368,3.61192228683753,3.635026061420859,118735003
2021-10-27,3.6196234226226807,3.627324925635708,3.5811170092411744,3.6196234226226807,125771216
2021-10-28,3.596519947052002,3.619623723556166,3.596519947052002,3.6042210834774213,78300844
2021-10-29,3.596519947052002,3.611922587130747,3.5888184433986767,3.596519947052002,114980798
2021-11-01,3.6427276134490967,3.6427276134490967,3.5965196964328063,3.6042208323215807,187623531
2021-11-02,3.5811169147491455,3.642727468316189,3.5734154119393318,3.642727468316189,211569300
2021-11-03,3.573415517807007,3.5965196596930755,3.565714381996902,3.5965196596930755,146029780
2021-11-04,3.5811169147491455,3.5811169147491455,3.5657142763573844,3.5734154119393318,100158090
2021-11-05,3.5888185501098633,3.596520053992188,3.5657147729187235,3.5734159095731313,111301684
2021-11-08,3.5657148361206055,3.5888186137212568,3.5657148361206055,3.5811174769303475,147350723
2021-11-09,3.573415517807007,3.5811170208449887,3.565714381996902,3.573415517807007,86689619
2021-11-10,3.558013439178467,3.573416080451744,3.5503123021557954,3.573416080451744,125047530
2021-11-11,3.5888185501098633,3.5888185501098633,3.5503121323819915,3.558013269036399,113105925
2021-11-12,3.5811169147491455,3.588818050331093,3.5657142763573844,3.588818050331093,101683794
2021-11-15,3.596519947052002,3.6042210834774213,3.5734158033199317,3.5811173069732574,90047027
2021-11-16,3.5811169147491455,3.6042206887228536,3.5734154119393318,3.588818050331093,96281473
2021-11-17,3.5811169147491455,3.588818050331093,3.5734154119393318,3.5734154119393318,91233273
2021-11-18,3.573415517807007,3.5811170208449887,3.565714381996902,3.573415517807007,76467398
2021-11-19,3.5888185501098633,3.596520053992188,3.5657147729187235,3.5734159095731313,100557257
2021-11-22,3.5657148361206055,3.5888186137212568,3.5657148361206055,3.5811174769303475,120582921
2021-11-23,3.5657148361206055,3.5811174769303475,3.558013332101772,3.5657148361206055,87825991
2021-11-24,3.573415517807007,3.573415517807007,3.55801287895892,3.565714381996902,69961234
2021-11-25,3.5657148361206055,3.5734159729115147,3.5657148361206055,3.5734159729115147,59692352
2021-11-26,3.5503122806549072,3.573416058810938,3.5503122806549072,3.565714921834905,97887739
2021-11-29,3.527207851409912,3.550311994934511,3.511805211469481,3.5426104913503433,182257581
2021-11-30,3.527207851409912,3.5349093549940793,3.519506715053648,3.527207851409912,107684186
2021-12-01,3.5426101684570312,3.5426101684570312,3.519506394266143,3.5272075299204824,111305051
2021-12-02,3.5503122806549072,3.55801341763094,3.5272081352709437,3.5426107764509416,178468219
2021-12-03,3.5503122806549072,3.5503122806549072,3.5272081352709437,3.5426107764509416,112786648
2021-12-06,3.5657148361206055,3.5734159729115147,3.54261069129203,3.550312195310863,179570677
2021-12-07,3.5888185501098633,3.596520053992188,3.558013269036399,3.5734159095731313,205710491
2021-12-08,3.573415517807007,3.5888181566550936,3.565714381996902,3.5888181566550936,137715679
2021-12-09,3.5888185501098633,3.6042211906465957,3.5657147729187235,3.581117413455456,195655482
2021-12-10,3.5888185501098633,3.5888185501098633,3.558013269036399,3.581117413455456,215420340
2021-12-13,3.5657148361206055,3.5888186137212568,3.5657148361206055,3.5734159729115147,134673715
2021-12-14,3.558013439178467,3.573416080451744,3.5503123021557954,3.565714943429073,127696943
2021-12-15,3.5503122806549072,3.55801341763094,3.5426107764509416,3.5503122806549072,104159689
2021-12-16,3.558013439178467,3.565714943429073,3.5349096608825183,3.5503123021557954,145725514
2021-12-17,3.5503122806549072,3.55801341763094,3.5426107764509416,3.5503122806549072,124789948
2021-12-20,3.5503122806549072,3.565714921834905,3.5426107764509416,3.5503122806549072,148614561
2021-12-21,3.5811169147491455,3.588818050331093,3.54261013515581,3.5503116379656237,202972372
2021-12-22,3.573415517807007,3.5888181566550936,3.565714381996902,3.5811170208449887,141140040
2021-12-23,3.5811169147491455,3.5811169147491455,3.5657142763573844,3.5734154119393318,98090990
2021-12-24,3.5811169147491455,3.596519553140906,3.5734154119393318,3.5811169147491455,127908797
2021-12-27,3.5888185501098633,3.5888185501098633,3.5734159095731313,3.5734159095731313,90503312
2021-12-28,3.6042208671569824,3.604220867156983,3.581117092039476,3.5888182280026832,200550469
2021-12-29,3.5888185501098633,3.596520053992188,3.5734159095731313,3.5888185501098633,97664653
2021-12-30,3.573415517807007,3.5888181566550936,3.565714381996902,3.5811170208449887,141275058
2021-12-31,3.5657148361206055,3.5811174769303475,3.5657148361206055,3.5657148361206055,95902215
2022-01-04,3.596519947052002,3.596519947052002,3.5657146668945128,3.5734158033199317,168875635
2022-01-05,3.6273250579833984,3.6350261940495354,3.5811171399029083,3.5888182759690452,283954621
2022-01-06,3.6196234226226807,3.6427275644338857,3.604220783824503,3.6196234226226807,190314359
2022-01-07,3.650428533554077,3.658130036215482,3.6042206192692245,3.6119221219306294,193964955
2022-01-10,3.658130168914795,3.6658316718555737,3.6350260273203325,3.6504286659740166,158329303
2022-01-11,3.658130168914795,3.6735328075684794,3.642727530261111,3.642727530261111,167026297
2022-01-12,3.635025978088379,3.6581301193699245,3.6196233396433044,3.6581301193699245,185731519
2022-01-13,3.6427276134490967,3.6812343945766126,3.6273249744436664,3.6273249744436664,179313500
2022-01-14,3.6042208671569824,3.6504287846198804,3.596519731193775,3.6504287846198804,225197035
2022-01-17,3.5811169147491455,3.6196233271146148,3.5734154119393318,3.596519553140906,178722662
2022-01-18,3.6119225025177,3.6196236387627123,3.5657145833639348,3.5811172230818564,216950022
2022-01-19,3.6196234226226807,3.627324925635708,3.588818145026325,3.596519648039352,172913175
2022-01-20,3.658130168914795,3.6658316718555737,3.6119222529537423,3.6196233886666485,313127449
2022-01-21,3.6196234226226807,3.6504287002190368,3.61192228683753,3.6427275644338857,173528070
2022-01-24,3.6196234226226807,3.635026061420859,3.604220783824503,3.6196234226226807,141887130
2022-01-25,3.596519947052002,3.619623723556166,3.596519947052002,3.611922587130747,170383668
2022-01-26,3.6119225025177,3.6196236387627123,3.5888183593268685,3.5888183593268685,118994814
2022-01-27,3.6042208671569824,3.627325009502374,3.5888182280026832,3.604220867156983,143695502
2022-01-28,3.5888185501098633,3.642727975602385,3.5888185501098633,3.6042211906465957,221043880
2022-02-07,3.650428533554077,3.658130036215482,3.596519483835679,3.6119221219306294,257528860
2022-02-08,3.7351434230804443,3.7505460619852506,3.6427275896516047,3.6504287254900687,491972042
2022-02-09,3.727442502975464,3.773650422364263,3.7043383596671147,3.7351436392596473,352209536
2022-02-10,3.742845058441162,3.75054619455183,3.6966371400934803,3.735143555102603,252750988
2022-02-11,3.750546932220459,3.7659495746991234,3.71974164726313,3.727443152116444,216813019
2022-02-14,3.6966376304626465,3.742845554939937,3.673533484610031,3.735144050579752,263967446
2022-02-15,3.6658318042755127,3.7120397219057226,3.6581303010565347,3.688935579476675,195749099
2022-02-16,3.6812350749969482,3.7043388541615356,3.6581309286044124,3.673533570456787,155456701
2022-02-17,3.6812350749969482,3.7043388541615356,3.673533570456787,3.6812350749969482,127575079
2022-02-18,3.7043380737304688,3.712039576648075,3.6658316608260497,3.673532796515785,159889548
2022-02-21,3.7120397090911865,3.7120397090911865,3.673532927585,3.696637069934289,159403365
2022-02-22,3.6812350749969482,3.7043388541615356,3.665832433144574,3.6966377168493225,170843755
2022-02-23,3.6735334396362305,3.681234943902129,3.650429294066471,3.681234943902129,235801579
2022-02-24,3.6196234226226807,3.6735328420302413,3.61192228683753,3.6581302032320635,256626628
2022-02-25,3.596519947052002,3.635026363634911,3.5888184433986767,3.619623723556166,250601820
2022-02-28,3.5888185501098633,3.6042211906465957,3.5734159095731313,3.596520053992188,194926963
2022-03-01,3.6042208671569824,3.619623506311282,3.581117092039476,3.596519731193775,194254562
2022-03-02,3.6196234226226807,3.627324925635708,3.588818145026325,3.596519648039352,152051440
2022-03-03,3.650428533554077,3.665831538876887,3.6119221219306294,3.6119221219306294,227331198
2022-03-04,3.635025978088379,3.64272748092485,3.5965195655896265,3.64272748092485,162498774
2022-03-07,3.5811169147491455,3.642727468316189,3.5657142763573844,3.6196233271146148,352940972
2022-03-08,3.558013439178467,3.5888187217250214,3.5426107979051893,3.58111758470235,281133558
2022-03-09,3.511805295944214,3.5734158571879506,3.465597375011411,3.5503120803355053,462058476
2022-03-10,3.511805295944214,3.5503120803355053,3.5041041594027025,3.534909440024571,230674382
2022-03-11,3.5503122806549072,3.5503122806549072,3.4810002117309495,3.504104357114913,270787531
2022-03-14,3.534909248352051,3.5734156634275065,3.5118051055244637,3.5272077450002244,229087259
2022-03-15,3.4964025020599365,3.542610420963137,3.473298726222284,3.519506645125485,513013285
2022-03-16,3.504103899002075,3.5195065381683928,3.4424929751089217,3.4964023958049744,421243243
2022-03-17,3.480999708175659,3.5195064891692973,3.4732985723136593,3.5195064891692973,309820972
2022-03-18,3.504103899002075,3.542610313303926,3.473298620669441,3.4809997566386572,362779732
2022-03-21,3.4964025020599365,3.519506645125485,3.488701365856684,3.5118051416943366,206941762
2022-03-22,3.534909248352051,3.542610384475985,3.4887013299247687,3.4964024660487034,219305460
2022-03-23,3.5195066928863525,3.5349093327297716,3.504104053042933,3.5272078291941114,206859015
2022-03-24,3.527207851409912,3.5426104913503433,3.4964025715290497,3.504104075113217,150559056
2022-03-25,3.558013439178467,3.573416080451744,3.5272081566319122,3.5272081566319122,227781541
2022-03-28,3.6119225025177,3.6196236387627123,3.542610440173103,3.5580130798910248,287047605
2022-03-29,3.635025978088379,3.64272748092485,3.5965195655896265,3.611922204034701,193958079
2022-03-30,3.6273250579833984,3.6427276973435614,3.5888182759690452,3.6350261940495354,233053021
2022-03-31,3.6735334396362305,3.681234943902129,3.6042213701548884,3.6196240114587495,287690888
2022-04-01,3.6889357566833496,3.7043383966333217,3.6504289731944684,3.658130476783406,264825048
2022-04-06,3.719740867614746,3.735143506865056,3.6735329498638167,3.681234453102915,349300701
2022-04-07,3.7120397090911865,3.7351434842125912,3.6812344307773914,3.7120397090911865,304543331
2022-04-08,3.7043380737304688,3.7197407123378103,3.673532796515785,3.712039576648075,250173255
2022-04-11,3.6812350749969482,3.712040358701697,3.665832433144574,3.6966377168493225,272641454
2022-04-12,3.6812350749969482,3.7043388541615356,3.642728286752038,3.6812350749969482,276116779
2022-04-13,3.6889357566833496,3.7120399002222593,3.6735331167333776,3.681234620322315,197122360
2022-04-14,3.6735334396362305,3.7043387222439526,3.6658323025982678,3.69663758520599,148414496
2022-04-15,3.6658318042755127,3.6966370826956525,3.6658318042755127,3.6658318042755127,193487775
2022-04-18,3.635025978088379,3.6812342606514696,3.6273248424797755,3.6581301193699245,182965837
2022-04-19,3.6427276134490967,3.6504287493378715,3.6119223354382366,3.6350261103324413,158209354
2022-04-20,3.650428533554077,3.665831538876887,3.6273247600255805,3.635025895459126,145331908
2022-04-21,3.6812350749969482,3.7043388541615356,3.642728286752038,3.650429424064251,329791138
2022-04-22,3.727442502975464,3.7351436392596473,3.6658319437903986,3.6658319437903986,390437787
2022-04-25,3.658130168914795,3.7428448651239945,3.658130168914795,3.7120395878166264,471782613
2022-04-26,3.7043380737304688,3.7197407123378103,3.6427275193011015,3.658130157908443,363670892
2022-04-27,3.6273250579833984,3.719740894144378,3.6042209153292086,3.6966371187180775,383545163
2022-04-28,3.6735334396362305,3.6735334396362305,3.6196240114587495,3.6273255157246473,295997069
2022-04-29,3.6812350749969482,3.6966377168493225,3.635026782211877,3.665832433144574,263941660
2022-05-05,3.658130168914795,3.696636949162942,3.6350260273203325,3.6812343105092578,240204834
2022-05-06,3.650428533554077,3.6735326743104326,3.6273247600255805,3.650428533554077,169044734
2022-05-09,3.6658318042755127,3.673532940266605,3.627325022636395,3.642727661846465,161351638
2022-05-10,3.6427276134490967,3.673532891459957,3.6350261103324413,3.658130252454527,194205706
2022-05-11,3.5888185501098633,3.6504291122567922,3.5888185501098633,3.642727975602385,353406095
2022-05-12,3.5811169147491455,3.596519553140906,3.5734154119393318,3.588818050331093,144694424
2022-05-13,3.6196234226226807,3.6196234226226807,3.5811170092411744,3.588818145026325,175411195
2022-05-16,3.6042208671569824,3.619623506311282,3.581117092039476,3.619623506311282,166826315
2022-05-17,3.5888185501098633,3.6119226945289205,3.581117413455456,3.6119226945289205,216889033
2022-05-18,3.558013439178467,3.5965202259756275,3.5503123021557954,3.5888187217250214,226008427
2022-05-19,3.5503122806549072,3.55801341763094,3.534909639474909,3.5503122806549072,169155629
2022-05-20,3.5657148361206055,3.5657148361206055,3.534909554501121,3.558013332101772,240691632
2022-05-23,3.558013439178467,3.573416080451744,3.558013439178467,3.558013439178467,173224351
2022-05-24,3.596519947052002,3.6042210834774213,3.558013163241187,3.5657146668945128,243774864
2022-05-25,3.5888185501098633,3.6042211906465957,3.581117413455456,3.596520053992188,152315656
2022-05-26,3.5811169147491455,3.596519553140906,3.5657142763573844,3.588818050331093,191767089
2022-05-27,3.596519947052002,3.596519947052002,3.5734158033199317,3.5888184433986767,124999758
2022-05-30,3.5811169147491455,3.6119221915326674,3.5734154119393318,3.596519553140906,158827431
2022-05-31,3.5888185501098633,3.6042211906465957,3.5657147729187235,3.5734159095731313,251365747
2022-06-01,3.5811169147491455,3.596519553140906,3.5657142763573844,3.5811169147491455,140067661
2022-06-02,3.5657148361206055,3.5811174769303475,3.558013332101772,3.5734159729115147,152163807
2022-06-06,3.5426101684570312,3.5734154455301286,3.5272075299204824,3.5657143098757893,295433437
2022-06-07,3.5503122806549072,3.565714921834905,3.534909639474909,3.5426107764509416,187312009
2022-06-08,3.573415517807007,3.573415517807007,3.5503117431488156,3.55801287895892,173630219
2022-06-09,3.5888185501098633,3.596520053992188,3.558013269036399,3.5657147729187235,219361973
2022-06-10,3.6119225025177,3.6119225025177,3.5811172230818564,3.5888183593268685,264709044
2022-06-13,3.596519947052002,3.611922587130747,3.5657146668945128,3.6042210834774213,228241127
2022-06-14,3.635025978088379,3.64272748092485,3.581116927144552,3.5888180627531554,227148853
2022-06-15,3.6427276134490967,3.673532891459957,3.619623471327011,3.6350261103324413,298135889
2022-06-16,3.6196234226226807,3.6504287002190368,3.61192228683753,3.6427275644338857,210148840
2022-06-17,3.658130168914795,3.658130168914795,3.6119222529537423,3.6196233886666485,181063822
2022-06-20,3.6196234226226807,3.6581302032320635,3.6196234226226807,3.6581302032320635,186411517
2022-06-21,3.6658318042755127,3.673532940266605,3.619623519417417,3.627325022636395,209405397
2022-06-22,3.658130168914795,3.6889354462221635,3.6504286659740166,3.658130168914795,156720149
2022-06-23,3.6735334396362305,3.681234943902129,3.6581307983323694,3.6658323025982678,175436211
2022-06-24,3.650428533554077,3.681234176971838,3.635025895459126,3.665831538876887,183853897
2022-06-27,3.6273250579833984,3.658130336703725,3.619623554689372,3.6504288334096984,231519067
2022-06-28,3.6427276134490967,3.6504287493378715,3.6119223354382366,3.6273249744436664,170737101
2022-06-29,3.6735334396362305,3.6735334396362305,3.63502665276261,3.6427281570285084,215549058
2022-06-30,3.6735334396362305,3.681234943902129,3.650429294066471,3.6658323025982678,178325535
2022-07-01,3.6735334396362305,3.681234943902129,3.650429294066471,3.6735334396362305,134935817
2022-07-04,3.6735334396362305,3.6889360809400915,3.6581307983323694,3.6735334396362305,130612061
2022-07-05,3.6966376304626465,3.7043387675948916,3.673533484610031,3.6812349889702163,203672006
2022-07-06,3.6812350749969482,3.7043388541615356,3.665832433144574,3.6966377168493225,176855107
2022-07-07,3.6658318042755127,3.688935579476675,3.6658318042755127,3.681234443485583,161603898
2022-07-08,3.6735334396362305,3.681234943902129,3.650429294066471,3.6735334396362305,162028879
2022-07-11,3.6889357566833496,3.6966372602722872,3.658130476783406,3.6735331167333776,331908902
2022-07-12,3.6998467445373535,3.7162540306939924,3.691642905868755,3.708050192025394,313447842
2022-07-13,3.626013994216919,3.69984698225591,3.6178101550212163,3.69984698225591,339361224
2022-07-14,3.5849955081939697,3.626013920982874,3.543977486585641,3.626013920982874,343023331
2022-07-15,3.552180767059326,3.5931991779154773,3.552180767059326,3.5767918918091284,218886260
2022-07-18,3.5849955081939697,3.5849955081939697,3.5603847734650875,3.5603847734650875,177053974
2022-07-19,3.601402997970581,3.6178102857743872,3.5685884223629682,3.57679226185517,174735865
2022-07-20,3.642421245574951,3.650624693509323,3.6014028323613534,3.6096066714763047,162958037
2022-07-21,3.601402997970581,3.650624861382,3.601402997970581,3.650624861382,148655038
2022-07-22,3.6178102493286133,3.6342175369671326,3.6014029616900936,3.6014029616900936,143873736
2022-07-25,3.642421245574951,3.642421245574951,3.6096066714763047,3.6178101194106764,131520370
2022-07-26,3.626013994216919,3.6506247294428604,3.626013994216919,3.6424212814277412,138224601
2022-07-27,3.601402997970581,3.634217573578194,3.601402997970581,3.626014125266589,125974061
2022-07-28,3.601402997970581,3.626014125266589,3.601402997970581,3.601402997970581,119858370
2022-07-29,3.5931990146636963,3.626013585385512,3.584995176392973,3.609606300024604,143301779
2022-08-01,3.5849955081939697,3.6096066341034274,3.576792060344534,3.5849955081939697,133647435
2022-08-02,3.5685880184173584,3.5849953043639453,3.5521807324707715,3.5767918569809285,180306667
2022-08-03,3.5439770221710205,3.5767915916297826,3.5439770221710205,3.5603843069004015,141581450
2022-08-04,3.5849955081939697,3.5931993472239805,3.543977486585641,3.5603847734650875,185863244
2022-08-05,3.601402997970581,3.609606837462783,3.57679226185517,3.5931995496589764,122691518
2022-08-08,3.5685880184173584,3.6014025903105322,3.5603845710343416,3.6014025903105322,129470948
2022-08-09,3.560384750366211,3.584995484935425,3.560384750366211,3.568588198162425,82021225
2022-08-10,3.552180767059326,3.568588053165675,3.54397731959643,3.560384605702779,90758527
2022-08-11,3.576792001724243,3.5849954494392318,3.552180876218139,3.5603847151136967,152653308
2022-08-12,3.576792001724243,3.5849954494392318,3.5603847151136967,3.576792001724243,112627134
2022-08-15,3.560384750366211,3.576792037139211,3.5521809113894243,3.568588198162425,119388944
2022-08-16,3.552180767059326,3.568588053165675,3.552180767059326,3.560384605702779,129259534
2022-08-17,3.560384750366211,3.568588198162425,3.543977463593211,3.560384750366211,173707762
2022-08-18,3.5439770221710205,3.5603843069004015,3.5439770221710205,3.5603843069004015,107977056
2022-08-19,3.552180767059326,3.568588053165675,3.54397731959643,3.552180767059326,106555720
2022-08-22,3.552180767059326,3.568588053165675,3.54397731959643,3.552180767059326,102298346
2022-08-23,3.5439770221710205,3.5603843069004015,3.5439770221710205,3.552180468945449,106212820
2022-08-24,3.5439770221710205,3.5603843069004015,3.5439770221710205,3.552180468945449,110218503
2022-08-25,3.560384750366211,3.560384750366211,3.543977463593211,3.5521809113894243,116466910
2022-08-26,3.5685880184173584,3.5685880184173584,3.5521807324707715,3.5603845710343416,98104572
2022-08-29,3.552180767059326,3.568588053165675,3.54397731959643,3.560384605702779,102906353
2022-08-30,3.576792001724243,3.576792001724243,3.552180876218139,3.5603847151136967,134022525
2022-08-31,3.5931990146636963,3.5931990146636963,3.5603844439418806,3.5685878910320645,259239209
2022-09-01,3.576792001724243,3.5849954494392318,3.5685881628286853,3.576792001724243,105691815
2022-09-02,3.5685880184173584,3.5849953043639453,3.5603845710343416,3.5685880184173584,129784655
2022-09-05,3.576792001724243,3.576792001724243,3.552180876218139,3.5685881628286853,125909116
2022-09-06,3.576792001724243,3.5931992883347896,3.5603847151136967,3.576792001724243,184580231
2022-09-07,3.5685880184173584,3.5767918569809285,3.5603845710343416,3.5767918569809285,118912921
2022-09-08,3.5685880184173584,3.5767918569809285,3.5603845710343416,3.5767918569809285,108674240
2022-09-09,3.576792001724243,3.5931992883347896,3.5685881628286853,3.576792001724243,162795022
2022-09-13,3.5931990146636963,3.6014024617538807,3.5767917293027884,3.584995176392973,207622855
2022-09-14,3.576792001724243,3.5931992883347896,3.576792001724243,3.576792001724243,119521547
2022-09-15,3.601402997970581,3.609606837462783,3.57679226185517,3.5849957101667744,299407017
2022-09-16,3.576792001724243,3.609606574945336,3.576792001724243,3.6014027360497782,242717138
2022-09-19,3.5931990146636963,3.6014024617538807,3.5767917293027884,3.584995176392973,216720703
2022-09-20,3.5849955081939697,3.601402795073416,3.576792060344534,3.601402795073416,148524942
2022-09-21,3.5849955081939697,3.601402795073416,3.568588221314523,3.5849955081939697,157848349
2022-09-22,3.601402997970581,3.609606837462783,3.5685884223629682,3.57679226185517,285730508
2022-09-23,3.6096065044403076,3.6178099519950613,3.5849953794149227,3.593199218150238,281224160
2022-09-26,3.5685880184173584,3.6096064288741023,3.5685880184173584,3.6014025903105322,262698303
2022-09-27,3.560384750366211,3.576792037139211,3.5521809113894243,3.568588198162425,190035823
2022-09-28,3.5685880184173584,3.5767918569809285,3.5521807324707715,3.5603845710343416,180577277
2022-09-29,3.552180767059326,3.5767918918091284,3.552180767059326,3.5767918918091284,175882532
2022-09-30,3.5685880184173584,3.5767918569809285,3.5521807324707715,3.5603845710343416,157862846
2022-10-10,3.576792001724243,3.5931992883347896,3.552180876218139,3.5685881628286853,317778153
2022-10-11,3.5849955081939697,3.5931993472239805,3.5603847734650875,3.576792060344534,207120632
2022-10-12,3.6096065044403076,3.6096065044403076,3.5767919318601686,3.5849953794149227,259239180
2022-10-13,3.5685880184173584,3.6014025903105322,3.5603845710343416,3.6014025903105322,270034847
2022-10-14,3.560384750366211,3.576792037139211,3.5521809113894243,3.568588198162425,262969290
2022-10-17,3.5685880184173584,3.5931991429275154,3.5521807324707715,3.5603845710343416,256254527
2022-10-18,3.5685880184173584,3.5767918569809285,3.5603845710343416,3.5767918569809285,153338179
2022-10-19,3.560384750366211,3.576792037139211,3.560384750366211,3.560384750366211,167922586
2022-10-20,3.5685880184173584,3.5767918569809285,3.5603845710343416,3.5685880184173584,171289785
2022-10-21,3.5685880184173584,3.5767918569809285,3.5603845710343416,3.5685880184173584,184623959
2022-10-24,3.576792001724243,3.576792001724243,3.552180876218139,3.5685881628286853,398276420
2022-10-25,3.560384750366211,3.576792037139211,3.560384750366211,3.568588198162425,205983443
2022-10-26,3.511162757873535,3.5685880638270397,3.511162757873535,3.5603846163396358,430515147
2022-10-27,3.4865517616271973,3.519366335148066,3.4783479226566936,3.511162887358135,261456957
2022-10-28,3.4865517616271973,3.5029590483876314,3.4783479226566936,3.4947556005977005,232238617
2022-10-31,3.404515027999878,3.4947552928253716,3.3963111897518607,3.486551454577355,313680862
2022-11-01,3.3470897674560547,3.412718917220983,3.289664457002037,3.4045154690906614,642844780
2022-11-02,3.338886260986328,3.338886260986328,3.289664399522671,3.322478973831776,345062679
2022-11-03,3.3306822776794434,3.3306822776794434,3.3142749912349365,3.3224788300474724,156467237
2022-11-04,3.3552932739257812,3.3799040070559787,3.322478702298484,3.322478702298484,338099345
2022-11-07,3.3470897674560547,3.355293606766965,3.3306824800148225,3.355293606766965,242076334
2022-11-08,3.3552932739257812,3.3552932739257812,3.3388859881121324,3.347089435428682,126671007
2022-11-09,3.363497018814087,3.3717008580369874,3.3470897315488704,3.355293570771771,136875257
2022-11-10,3.3717005252838135,3.3717005252838135,3.347089401224568,3.355293239637832,142397457
2022-11-11,3.404515027999878,3.4127184750673565,3.371700457368887,3.3799039044363655,276835288
2022-11-14,3.404515027999878,3.4373295986308685,3.404515027999878,3.4127184750673565,270815058
2022-11-15,3.42092227935791,3.429125726343958,3.40451499420528,3.412718441191328,156414010
2022-11-16,3.4127187728881836,3.4291260596355086,3.4127187728881836,3.4209226118521325,113277031
2022-11-17,3.42092227935791,3.42092227935791,3.396311156038698,3.412718441191328,168171659
2022-11-18,3.42092227935791,3.43732956451054,3.412718441191328,3.42092227935791,178548149
2022-11-21,3.429126024246216,3.437329863125499,3.404515289969502,3.420922576547501,180523196
2022-11-22,3.470144271850586,3.4865515576511337,3.420922414448942,3.4291258617589406,270255318
2022-11-23,3.494755506515503,3.5193662404033232,3.4619405426974716,3.47014438144712,321090657
2022-11-24,3.4865517616271973,3.511162887358135,3.4783479226566936,3.5029590483876314,141365386
2022-11-25,3.5439770221710205,3.552180468945449,3.4865513300279245,3.4865513300279245,369825416
2022-11-28,3.4783477783203125,3.5275700277396784,3.4619404922407098,3.519366189109599,292727124
2022-11-29,3.5439770221710205,3.5603843069004015,3.478347492072972,3.4865513300279245,411695633
2022-11-30,3.5275697708129883,3.552180502549619,3.511162485928392,3.5275697708129883,312182307
2022-12-01,3.4865517616271973,3.552180908668935,3.4783479226566936,3.5439774608790042,352708371
2022-12-02,3.4783477783203125,3.494755455580472,3.4701443308707893,3.4865516169503925,199898123
2022-12-05,3.5275697708129883,3.5439770556975847,3.486551363011233,3.4947552010437954,349731692
2022-12-06,3.535773277282715,3.5439771154536044,3.519365992121471,3.52756983029236,259751549
2022-12-07,3.5193660259246826,3.5439771494932044,3.5111625788555343,3.535773311243518,222335763
2022-12-08,3.5275697708129883,3.5357732176650227,3.511162485928392,3.5193659327804263,196600646
2022-12-09,3.5275697708129883,3.5439770556975847,3.5193659327804263,3.5275697708129883,256490365
2022-12-12,3.5029587745666504,3.527569898373774,3.5029587745666504,3.527569898373774,196708131
2022-12-13,3.5275697708129883,3.5357732176650227,3.5029586478958294,3.511162485928392,164073577
2022-12-14,3.5193660259246826,3.535773311243518,3.5029587406058478,3.5275698641743696,197505351
2022-12-15,3.494755506515503,3.5193662404033232,3.4865516677658546,3.511162792834237,179303937
2022-12-16,3.5193660259246826,3.5193660259246826,3.478347617037326,3.4947552935366994,198217166
2022-12-19,3.494755506515503,3.535773526722058,3.4865516677658546,3.511162792834237,164783722
2022-12-20,3.470144271850586,3.502958843451682,3.470144271850586,3.4865515576511337,176970742
2022-12-21,3.4865517616271973,3.4947556005977005,3.4701444748667627,3.4701444748667627,118893037
2022-12-22,3.5029587745666504,3.5111626128958724,3.4865514890887486,3.4947553274179706,129688869
2022-12-23,3.4865517616271973,3.5029590483876314,3.4865517616271973,3.5029590483876314,90459786
2022-12-26,3.494755506515503,3.511162792834237,3.478347829016206,3.494755506515503,147070124
2022-12-27,3.5275697708129883,3.5357732176650227,3.4947552010437954,3.5029586478958294,184963329
2022-12-28,3.5439770221710205,3.552180468945449,3.519365899486687,3.5275697374416395,175591554
2022-12-29,3.5275697708129883,3.5439770556975847,3.4947552010437954,3.5357732176650227,188566553
2022-12-30,3.560384750366211,3.568588198162425,3.5275701768202103,3.535773624616424,298338666
2023-01-03,3.535773277282715,3.560384400614849,3.52756983029236,3.560384400614849,242880970
2023-01-04,3.576792001724243,3.576792001724243,3.5357735896075924,3.5439774285031502,235147735
2023-01-05,3.552180767059326,3.5931991779154773,3.552180767059326,3.5767918918091284,201779778
2023-01-06,3.560384750366211,3.568588198162425,3.535773624616424,3.5521809113894243,168713802
2023-01-09,3.552180767059326,3.5767918918091284,3.552180767059326,3.568588053165675,166679160
2023-01-10,3.5275697708129883,3.560384340582181,3.5275697708129883,3.560384340582181,175125873
2023-01-11,3.535773277282715,3.5439771154536044,3.519365992121471,3.52756983029236,134949638
2023-01-12,3.5275697708129883,3.5439770556975847,3.5193659327804263,3.5357732176650227,109553061
2023-01-13,3.560384750366211,3.560384750366211,3.5275701768202103,3.5275701768202103,131055643
2023-01-16,3.560384750366211,3.576792037139211,3.5521809113894243,3.560384750366211,223950053
2023-01-17,3.552180767059326,3.568588053165675,3.535773480952977,3.560384605702779,134839646
2023-01-18,3.560384750366211,3.568588198162425,3.5521809113894243,3.5521809113894243,129040220
2023-01-19,3.552180767059326,3.560384605702779,3.535773480952977,3.552180767059326,131115398
2023-01-20,3.552180767059326,3.560384605702779,3.54397731959643,3.552180767059326,142323356
2023-01-30,3.5439770221710205,3.56858775367483,3.535773184216068,3.5603843069004015,245108379
2023-01-31,3.5439770221710205,3.552180468945449,3.535773184216068,3.5439770221710205,168763524
2023-02-01,3.535773277282715,3.5521805624439593,3.52756983029236,3.5439771154536044,172925259
2023-02-02,3.5275697708129883,3.5439770556975847,3.5275697708129883,3.5439770556975847,202073628
2023-02-03,3.5275697708129883,3.5357732176650227,3.5193659327804263,3.5275697708129883,197419101
2023-02-06,3.5193660259246826,3.5275698641743696,3.5111625788555343,3.5275698641743696,216213750
2023-02-07,3.5193660259246826,3.535773311243518,3.5111625788555343,3.5193660259246826,158352142
2023-02-08,3.5275697708129883,3.5357732176650227,3.5193659327804263,3.5275697708129883,129492829
2023-02-09,3.5275697708129883,3.5357732176650227,3.5193659327804263,3.5193659327804263,130765909
2023-02-10,3.535773277282715,3.535773277282715,3.519365992121471,3.535773277282715,120237620
2023-02-13,3.5193660259246826,3.535773311243518,3.5193660259246826,3.5275698641743696,190254036
2023-02-14,3.5275697708129883,3.5357732176650227,3.5193659327804263,3.5275697708129883,106455757
2023-02-15,3.5193660259246826,3.535773311243518,3.5111625788555343,3.5275698641743696,204044617
2023-02-16,3.511162757873535,3.5275700440289017,3.511162757873535,3.519366205360939,189424699
2023-02-17,3.511162757873535,3.5275700440289017,3.511162757873535,3.511162757873535,178639516
2023-02-20,3.535773277282715,3.535773277282715,3.511162545131116,3.519365992121471,233984407
2023-02-21,3.5439770221710205,3.5439770221710205,3.5275697374416395,3.5275697374416395,167893037
2023-02-22,3.5275697708129883,3.5439770556975847,3.5275697708129883,3.5439770556975847,93751993
2023-02-23,3.5275697708129883,3.5439770556975847,3.5275697708129883,3.5357732176650227,121562807
2023-02-24,3.5193660259246826,3.535773311243518,3.5193660259246826,3.535773311243518,139118256
2023-02-27,3.5193660259246826,3.5275698641743696,3.5111625788555343,3.5193660259246826,120180177
2023-02-28,3.5275697708129883,3.5275697708129883,3.511162485928392,3.5193659327804263,158050125
2023-03-01,3.5275697708129883,3.5357732176650227,3.5193659327804263,3.5275697708129883,257556670
2023-03-02,3.5439770221710205,3.5439770221710205,3.519365899486687,3.5275697374416395,220929425
2023-03-03,3.576792001724243,3.5849954494392318,3.5439774285031502,3.5439774285031502,322251125
2023-03-06,3.5685880184173584,3.5931991429275154,3.5603845710343416,3.5849953043639453,321861178
2023-03-07,3.601402997970581,3.6752359886780086,3.560384974051364,3.5685884223629682,677093404
2023-03-08,3.6096065044403076,3.6178099519950613,3.5685880931248533,3.5849953794149227,251397716
2023-03-09,3.5931990146636963,3.6424208707464203,3.5931990146636963,3.609606300024604,241087853
2023-03-10,3.560384750366211,3.5931993239122115,3.560384750366211,3.576792037139211,222125432
2023-03-13,3.6096065044403076,3.6178099519950613,3.552180806834784,3.5603846455700996,249191240
2023-03-14,3.6178102493286133,3.642421376376689,3.5931995134611303,3.6014029616900936,254264476
2023-03-15,3.6588282585144043,3.6670317058341952,3.617809848373799,3.634217134193931,289683079
2023-03-16,3.708050012588501,3.7490684215854486,3.642420871137817,3.650624318228883,587394744
2023-03-17,3.708050012588501,3.757271868676514,3.683438888954225,3.7162538508601064,342858062
2023-03-20,3.6998467445373535,3.773679336651949,3.691642905868755,3.708050192025394,338644615
2023-03-21,3.6506245136260986,3.7326613360109584,3.6424210660959484,3.7080502110593883,273510246
2023-03-22,3.708050012588501,3.7080500125885014,3.650624318228883,3.6588281565004883,221808782
2023-03-23,3.708050012588501,3.7162538508601064,3.675235441863159,3.6998465654974355,189847348
2023-03-24,3.6752355098724365,3.699846633962135,3.6670316714490214,3.699846633962135,161952887
2023-03-27,3.6588282585144043,3.6752355443345364,3.617809848373799,3.6670317058341952,212695930
2023-03-28,3.683438777923584,3.691642615947899,3.642420761343591,3.667031493055481,171859069
2023-03-29,3.6998467445373535,3.7162540306939924,3.6588283335554777,3.691642905868755,215332456
2023-03-30,3.708050012588501,3.7326611362227773,3.675235441863159,3.6998465654974355,181026632
2023-03-31,3.6588282585144043,3.708050115974801,3.650624420014063,3.708050115974801,234562482
2023-04-03,3.6506245136260986,3.667031799866958,3.6424210660959484,3.6588283523368084,200518609
2023-04-04,3.708050012588501,3.7080500125885014,3.642420871137817,3.650624318228883,306159133
2023-04-06,3.7162537574768066,3.7244572043617334,3.683438796395511,3.6998464725264237,195821608
2023-04-07,3.7162537574768066,3.7244572043617334,3.6998464725264237,3.7080499194113505,124734768
2023-04-10,3.732661247253418,3.740864694588501,3.6916428370363494,3.716253961402701,240344917
2023-04-11,3.732661247253418,3.7490685331041353,3.716253961402701,3.732661247253418,185217653
2023-04-12,3.781883716583252,3.8064944537502163,3.7326618510687086,3.7408652997308254,319851803
2023-04-13,3.798290729522705,3.8146980168372067,3.757272315646158,3.7736796029606596,218734268
2023-04-14,3.798290729522705,3.8146980168372067,3.7818834422082035,3.8146980168372067,151496089
2023-04-17,3.880326747894287,3.8885301950771214,3.79008648179985,3.7982903201632277,355629181
2023-04-18,3.913141965866089,3.9459565423830725,3.872123549629555,3.880327389349105,395257434
2023-04-19,3.904937744140625,3.9377523141602495,3.8967339060454536,3.913141191055266,269921378
2023-04-20,3.8885300159454346,3.9295484235116542,3.8393081615742863,3.904937691916343,318001341
2023-04-21,3.85571551322937,3.9295484916567456,3.84751206628218,3.8885300833791963,315854005
2023-04-24,3.8721227645874023,3.8967338875757345,3.839308194723312,3.855715479655357,306206810
2023-04-25,3.8967339992523193,3.921345122945982,3.8639194284477956,3.8639194284477956,391567475
2023-04-26,3.8967339992523193,3.921345122945982,3.81469757224101,3.888530160960918,400961115
2023-04-27,3.8967339992523193,3.8967339992523193,3.8557155901563944,3.888530160960918,265707962
2023-04-28,3.8721227645874023,3.9213450105640666,3.855715479655357,3.8885300495194475,250324400
2023-05-04,4.060807704925537,4.069011544937484,3.839309109951065,3.855716398794336,728970842
2023-05-05,4.093621730804443,4.183862002868635,4.0526037098156795,4.0526037098156795,682881000
2023-05-08,4.347935676574707,4.397157541181365,4.110029802052228,4.118233250563034,1048861302
2023-05-09,4.323324203491211,4.487397072413229,4.282305790670419,4.40536063795222,933498615
2023-05-10,4.126437187194824,4.315121201543308,4.093622218838873,4.282306233187357,751635446
2023-05-11,4.10182523727417,4.192065502024752,4.093621399032963,4.126436360817252,403736261
2023-05-12,4.085418224334717,4.142843922309946,4.060807099150886,4.093621671942285,365183927
2023-05-15,4.134640216827393,4.151047503752082,3.978770795452559,4.093621803925382,512125141
2023-05-16,4.110029220581055,4.216676383217143,4.0854180961693105,4.134639953812248,323857900
2023-05-17,4.093621730804443,4.134640142973776,4.044399870909585,4.093621730804443,261539551
2023-05-18,4.2002692222595215,4.249491081366403,4.093621665270996,4.101825504045759,440289321
2023-05-19,4.134640216827393,4.216676651450838,4.134640216827393,4.192065916654093,308225032
2023-05-22,4.1592512130737305,4.224880358725452,4.118232801451123,4.134640087864053,257869576
2023-05-23,4.044399738311768,4.1920657043356035,4.0279924522180695,4.1510472935110805,441179999
2023-05-24,3.904937744140625,4.069010594238748,3.8967339060454536,4.060806756143576,522754145
2023-05-25,3.8885300159454346,3.9131411387212713,3.8557154463646692,3.880326569140506,346134735
2023-05-26,3.9377529621124268,3.9705675375316476,3.8721234200933905,3.8885307078030005,234693092
2023-05-29,3.9787702560424805,4.003381378683222,3.937752239881943,3.945955686641841,298055948
2023-05-30,3.95415997505188,4.003381834760338,3.9295488496073663,3.970567261621366,268917549
2023-05-31,3.9623630046844482,3.9951775743612137,3.9213449881787548,3.9459557198460655,251354153
2023-06-01,3.9869744777679443,4.036196336606985,3.9377526189289034,3.954159905208584,270866017
2023-06-02,4.003382205963135,4.019789494053942,3.970567629781519,3.9869749178723266,159486842
2023-06-05,4.069011211395264,4.085418498893608,3.9869747739035426,4.003382061401887,196182025
2023-06-06,4.069011211395264,4.142844200728108,4.052603923896919,4.069011211395264,250176490
2023-06-07,4.110029220581055,4.142843792343013,4.077214257638545,4.077214257638545,219296442
2023-06-08,4.175658226013184,4.183861673092104,4.085417961061828,4.110029084659667,241381683
2023-06-09,4.1592512130737305,4.200269233515774,4.151047374276983,4.167454660689914,211425548
2023-06-12,4.07721471786499,4.175658835443558,4.060807430131995,4.167454995986763,270665625
2023-06-13,4.10182523727417,4.110029075515376,4.060806828429213,4.06901066667042,162239381
2023-06-14,3.995178461074829,4.11823332026449,3.9869750124251793,4.093622191954312,350457716
2023-06-15,4.027992248535156,4.0690106572855065,3.995177678007091,4.019788801493409,225251916
2023-06-16,4.003382205963135,4.03619678214475,4.003382205963135,4.027992942509044,217723833
2023-06-19,3.9623630046844482,4.011584859199597,3.9459557198460655,4.003381412370668,229411514
2023-06-20,3.9623630046844482,3.9951775743612137,3.9377522730171375,3.9623630046844482,175480258
2023-06-21,3.9787702560424805,4.044399394843759,3.945955686641841,3.9541595245822627,273608767
2023-06-26,3.913141965866089,3.9869749586196064,3.896734677607597,3.978771118900056,298983796
2023-06-27,3.945955753326416,3.954159591405478,3.8803266134160395,3.913141183371228,212921448
2023-06-28,3.95415997505188,3.970567261621366,3.921345401912907,3.9377526884823935,191402617
2023-06-29,3.9213457107543945,3.954160286477812,3.921345710754394,3.945956446956658,176864700
2023-06-30,3.95415997505188,3.970567261621366,3.9295488496073663,3.9295488496073663,178939386
2023-07-03,4.003382205963135,4.011585654418236,3.9377530535999035,3.970567629781519,288517237
2023-07-04,3.9623630046844482,4.003381412370668,3.95415955785552,3.9951775743612137,223608129
2023-07-05,3.95415997505188,3.978770709315825,3.9295488496073663,3.9623634227463387,165050824
2023-07-06,3.913141965866089,3.9623638306415643,3.904938517327147,3.9377530938441305,240267818
2023-07-07,3.904937744140625,3.9459557610748903,3.8967339060454536,3.904937744140625,220464340
2023-07-10,3.913141965866089,3.9295492541245807,3.896734677607597,3.913141965866089,125939340
2023-07-11,3.9623630046844482,3.9705668426939034,3.9213449881787548,3.929548435007683,181036138
2023-07-12,3.945955753326416,3.986974161360666,3.937752306427884,3.96236303830401,186267315
2023-07-13,3.995178461074829,4.011585749554743,3.9541604354653517,3.9541604354653517,258113339
2023-07-14,3.995178461074829,4.019789589385007,3.9705677239452655,4.003382300905093,305679951
2023-07-17,3.9982402324676514,4.033235735918542,3.9807424807422063,4.024486651466165,287292576
2023-07-18,3.9719932079315186,4.006988709722866,3.954495457035845,3.998240042864673,210410278
2023-07-19,3.9894909858703613,3.998240069967149,3.9544954838417934,3.963244567938581,145154682
2023-07-20,4.006988525390625,4.0244862754813555,3.989490775299895,3.9982398589348946,144410538
2023-07-21,4.006988525390625,4.015737609025625,3.989490775299895,3.9982398589348946,130322632
2023-07-24,3.9982402324676514,4.0157379841930965,3.9719933962898293,3.9982402324676514,115890583
2023-07-25,4.041985034942627,4.050734120762462,4.0069895260220365,4.01573861184187,192450760
2023-07-26,4.0507330894470215,4.059481755860075,4.024486255849328,4.041984005854701,115433768
2023-07-27,4.11197566986084,4.155720260527601,4.050733743542576,4.050733743542576,240424094
2023-07-28,4.190715789794922,4.19946487484929,4.085729272218524,4.094477940093555,258504518
2023-07-31,4.1732177734375,4.251957865239119,4.146970937110524,4.199464609764476,282209705
2023-08-01,4.181967258453369,4.199465011954038,4.15572041961269,4.1732181731133595,184994817
2023-08-02,4.085729122161865,4.164469216041943,4.068231369875106,4.155720131308903,301643561
2023-08-03,4.129473686218262,4.1469714401657365,4.0594826704283635,4.085729509939256,211053335
2023-08-04,4.146971225738525,4.181967149003303,4.111975719653087,4.146971225738525,235955082
2023-08-07,4.120724678039551,4.138222430544162,4.0857291730303285,4.138222430544162,189989034
2023-08-08,4.094477653503418,4.1207244896500566,4.085728986240744,4.111975405208075,129297486
2023-08-09,4.120724678039551,4.120724678039551,4.0857291730303285,4.0857291730303285,127589157
2023-08-10,4.103227138519287,4.120724891932146,4.085729385106428,4.111975806636043,125126326
2023-08-11,4.033235549926758,4.103226553600918,4.033235549926758,4.103226553600918,206555365
2023-08-14,3.9894909858703613,4.015737820981433,3.9719932348560776,4.015737820981433,206290437
2023-08-15,4.059482574462891,4.076980327996721,3.9894915603275676,3.9982406456841586,190195741
2023-08-16,4.059482574462891,4.068231659819482,4.0244870673952295,4.04198482092906,131958720
2023-08-17,4.024487018585205,4.050733857157298,3.9982405971924577,4.050733857157298,177738013
2023-08-18,4.033235549926758,4.085728802682378,4.006988714959303,4.0157377990082175,210684420
2023-08-21,3.9894909858703613,4.050733323010001,3.9894909858703613,4.033235571995717,200805966
2023-08-22,4.041985034942627,4.059482789402923,3.9807431029212794,3.998240857381575,259120096
2023-08-23,4.059482574462891,4.094478081530552,4.015738399217989,4.033236152751821,251984855
2023-08-24,4.015738487243652,4.076980417364817,4.015738487243652,4.068231748995806,211778809
2023-08-25,4.076980113983154,4.0944778665984725,4.006989103521881,4.006989103521881,267093185
2023-08-28,4.138221740722656,4.1994640728696595,4.094477158163475,4.1994640728696595,433547377
2023-08-29,4.0507330894470215,4.129472755881569,4.033235339441648,4.120724089468516,380580667
2023-08-30,4.015738487243652,4.050733995078421,3.9982407333262677,4.050733995078421,325421081
2023-08-31,4.041985034942627,4.059482789402923,3.9894917715617404,4.0069895260220365,289427934
2023-09-01,3.9982402324676514,4.033235735918542,3.9807424807422063,4.0157379841930965,296828399
2023-09-04,4.024487018585205,4.0332361038356845,3.9894915119419783,4.0069892652635914,251176029
2023-09-05,4.015738487243652,4.024487155612664,4.00698940169528,4.015738487243652,166532913
2023-09-06,4.033235549926758,4.041984216796383,4.006988714959303,4.006988714959303,156562216
2023-09-07,4.041985034942627,4.059482789402923,4.024487280482331,4.033236366302166,211028480
2023-09-08,4.015738487243652,4.041984909530049,4.00698940169528,4.041984909530049,122821874
2023-09-11,4.015738487243652,4.0332362411610365,4.00698940169528,4.015738487243652,173410368
2023-09-12,4.024487018585205,4.024487018585205,4.0069892652635914,4.015738350514071,126071489
2023-09-13,4.041985034942627,4.050734120762462,4.01573861184187,4.024487280482331,206287857
2023-09-14,4.094477653503418,4.094477653503418,4.041984398389449,4.05073348283143,351170670
2023-09-15,4.0507330894470215,4.111975005876196,4.0507330894470215,4.094477255870822,239732357
2023-09-18,4.059482574462891,4.068231659819482,4.033236152751821,4.059482574462891,166125786
2023-09-19,4.094477653503418,4.094477653503418,4.05073348283143,4.059482150094105,206613320
2023-09-20,4.103227138519287,4.120724891932146,4.076980299810324,4.085729385106428,284415941
2023-09-21,4.103227138519287,4.146971313461761,4.094478053223184,4.103227138519287,298161943
2023-09-22,4.146971225738525,4.146971225738525,4.085729298678678,4.103227051721397,309988640
2023-09-25,4.138221740722656,4.164468573694017,4.129472657339117,4.146970406926938,237222711
2023-09-26,4.11197566986084,4.155720260527601,4.0944779170300025,4.146971175522515,214847545
2023-09-27,4.068231105804443,4.120724359257362,4.068231105804443,4.111975275092227,225802862
2023-09-28,4.094477653503418,4.111975405208075,4.076979901798762,4.085728986240744,156971696
2023-10-09,4.085729122161865,4.111975542002344,4.050733617588347,4.068231369875106,214806559
2023-10-10,4.094477653503418,4.129473156912732,4.085728986240744,4.1032267379454,186035624
2023-10-11,4.129473686218262,4.138222771781679,4.103227263886731,4.103227263886731,269205011
2023-10-12,4.234460353851318,4.243209021670862,4.181967095396054,4.199464848214475,567765757
2023-10-13,4.278204441070557,4.321949030824503,4.199464763564508,4.208213431207702,428227331
2023-10-16,4.3044514656066895,4.321949218833573,4.243209120722927,4.269455959152923,282349473
2023-10-17,4.3044514656066895,4.313200133630459,4.278204627176693,4.295702380403576,190043865
2023-10-18,4.313199520111084,4.356944105545634,4.286953102593782,4.295701769373121,275779040
2023-10-19,4.225710868835449,4.304450957654267,4.208213117673411,4.295701873483601,363163394
2023-10-20,4.190715789794922,4.234460380708089,4.164469368990491,4.19946487484929,274782494
2023-10-23,4.216962814331055,4.24320923629659,4.173218221482689,4.181967306924105,268713543
2023-10-24,4.164469242095947,4.225711166893089,4.13822240491194,4.216962499284636,335548267
2023-10-25,4.120724678039551,4.190715688057996,4.120724678039551,4.173217935553384,348926020
2023-10-26,4.190715789794922,4.19946487484929,4.120724778077323,4.120724778077323,306531320
2023-10-27,4.1732177734375,4.2257110289121425,4.155720021612619,4.199464609764476,292963333
2023-10-30,4.103227138519287,4.164469484053969,4.076980299810324,4.155720398757865,468611543
2023-10-31,4.138221740722656,4.146970406926938,4.085728491959193,4.103226241547014,241111606
2023-11-01,4.1732177734375,4.181966857939596,4.1119754334607626,4.146970937110524,216678245
2023-11-02,4.181967258453369,4.216962765454706,4.1732181731133595,4.181967258453369,213221716
2023-11-03,4.146971225738525,4.190715816934993,4.138222557806835,4.181967149003303,199554443
2023-11-06,4.120724678039551,4.164469267890743,4.111975593197582,4.146971098206804,315553562
2023-11-07,4.129473686218262,4.155720525729154,4.103227263886731,4.1207250178342045,176268114
2023-11-08,4.120724678039551,4.146971098206804,4.10322692553494,4.120724678039551,230797803
2023-11-09,4.181967258453369,4.190715926614028,4.111975827271343,4.111975827271343,277464405
2023-11-10,4.181967258453369,4.216962765454706,4.14697133427268,4.1732181731133595,215701907
2023-11-13,4.164469242095947,4.181966994492177,4.129473320124163,4.181966994492177,178447223
2023-11-14,4.190715789794922,4.190715789794922,4.138222531006723,4.155720283936122,206539273
2023-11-15,4.190715789794922,4.19946487484929,4.173218036865522,4.18196712191989,151014482
2023-11-16,4.199464797973633,4.216962550582718,4.173217960470341,4.181967045364548,178304921
2023-11-17,4.181967258453369,4.208213680114697,4.1644695049527005,4.199465011954038,173374518
2023-11-20,4.2082133293151855,4.216962413925866,4.173217825231097,4.181966909841777,173724426
2023-11-21,4.2082133293151855,4.23446016596791,4.199464661883821,4.2082133293151855,185578621
2023-11-22,4.199464797973633,4.2257112182975956,4.190715713079426,4.199464797973633,142623261
2023-11-23,4.199464797973633,4.208213465688511,4.173217960470341,4.208213465688511,171301515
2023-11-24,4.199464797973633,4.216962550582718,4.190715713079426,4.199464797973633,186232446
2023-11-27,4.181967258453369,4.199465011954038,4.15572041961269,4.190715926614028,218371003
2023-11-28,4.190715789794922,4.19946487484929,4.173218036865522,4.18196712191989,133351104
2023-11-29,4.1732177734375,4.19071552526238,4.164469106114715,4.181966857939596,160800736
2023-11-30,4.2082133293151855,4.2082133293151855,4.164469157799733,4.173217825231097,214640258
2023-12-01,4.2082133293151855,4.22571108135723,4.190715577273141,4.199464661883821,250046651
2023-12-04,4.199464797973633,4.2257112182975956,4.199464797973633,4.208213465688511,153186134
2023-12-05,4.164469242095947,4.20821341449686,4.164469242095947,4.199464746888407,198198879
2023-12-06,4.11197566986084,4.164469345532687,4.11197566986084,4.164469345532687,295296499
2023-12-07,4.138221740722656,4.155719490310478,4.094477158163475,4.1119749077512955,234775811
2023-12-08,4.138221740722656,4.173217239898299,4.129472657339117,4.146970406926938,198378401
2023-12-11,4.138221740722656,4.155719490310478,4.068230742371371,4.129472657339117,279616194
2023-12-12,4.190715789794922,4.19946487484929,4.111975693022955,4.129473445952354,276903714
2023-12-13,4.190715789794922,4.208213542724321,4.173218036865522,4.190715789794922,249030427
2023-12-14,4.1732177734375,4.208213277087261,4.164469106114715,4.19071552526238,152173810
2023-12-15,4.138221740722656,4.1907149894861195,4.138221740722656,4.173217239898299,195390487
2023-12-18,4.1732177734375,4.199464609764476,4.1207245179628575,4.138222269787739,238076215
2023-12-19,4.190715789794922,4.19946487484929,4.164469368990491,4.173218036865522,175394013
2023-12-20,4.190715789794922,4.225711295653721,4.173218036865522,4.19946487484929,221981982
2023-12-21,4.190715789794922,4.19946487484929,4.138222531006723,4.18196712191989,246534466
2023-12-22,4.181967258453369,4.199465011954038,4.1644695049527005,4.190715926614028,221855554
2023-12-25,4.199464797973633,4.208213465688511,4.173217960470341,4.173217960470341,109480935
2023-12-26,4.216962814331055,4.216962814331055,4.190715975186165,4.199465060627579,148737176
2023-12-27,4.225710868835449,4.234459953006116,4.181966699520002,4.216962201844078,184318820
2023-12-28,4.1732177734375,4.243208780737023,4.1732177734375,4.2257110289121425,346516202
2023-12-29,4.181967258453369,4.199465011954038,4.1732181731133595,4.181967258453369,180047763
2024-01-02,4.190715789794922,4.225711295653721,4.173218036865522,4.18196712191989,207181111
2024-01-03,4.234460353851318,4.243209021670862,4.181967095396054,4.190715763215597,248895427
2024-01-04,4.278204441070557,4.286953525893076,4.225711183673416,4.234460268495935,286567559
2024-01-05,4.260706424713135,4.321948763139681,4.251957757611799,4.278204176095105,286074720
2024-01-08,4.269455909729004,4.295702330675824,4.243209071602845,4.260706824627171,325225728
2024-01-09,4.269455909729004,4.278204577651498,4.225711318578519,4.269455909729004,225734456
2024-01-10,4.243208885192871,4.295702141959749,4.225711132937245,4.260706637448497,234243492
2024-01-11,4.181967258453369,4.243209187116035,4.1732181731133595,4.234460518955376,330666851
2024-01-12,4.2082133293151855,4.22571108135723,4.164469157799733,4.173217825231097,230066493
2024-01-15,4.251957893371582,4.251957893371582,4.190715552989643,4.199464637549626,181048290
2024-01-16,4.278204441070557,4.286953525893076,4.234460268495935,4.234460268495935,248039913
2024-01-17,4.234460353851318,4.286953612306583,4.234460353851318,4.269455859488161,276631705
2024-01-18,4.243208885192871,4.26945572216597,4.129473286941641,4.225711132937245,523277295
2024-01-19,4.278204441070557,4.278204441070557,4.190715678741989,4.225711183673416,386721535
2024-01-22,4.278204441070557,4.321949030824503,4.251958020961649,4.260706688604843,442063513
2024-01-23,4.278204441070557,4.30445127835879,4.234460268495935,4.278204441070557,310748810
2024-01-24,4.348196029663086,4.3569451156500785,4.269456341677061,4.286954096471664,334847464
2024-01-25,4.383191108703613,4.418186611524539,4.348195188703387,4.356944272998268,343758376
2024-01-26,4.453182697296143,4.470680450997176,4.365693511611622,4.3831916824920105,389936754
2024-01-29,4.514423847198486,4.54941934855822,4.444432844479019,4.444432844479019,384404139
2024-01-30,4.488177299499512,4.531921466339868,4.4531817991555185,4.4969259659958745,291481662
2024-01-31,4.523173809051514,4.540671563127599,4.461931461195531,4.479429215271617,296385863
2024-02-01,4.496926307678223,4.549419562182719,4.488177640517125,4.505675392018623,299371509
2024-02-02,4.523173809051514,4.54942023157596,4.45318279274717,4.496926969347703,407597819
2024-02-05,4.628159999847412,4.636909084844384,4.514424397962778,4.52317348295975,615938832
2024-02-06,4.654406547546387,4.706899802718274,4.610661959646827,4.628159711370789,564913691
2024-02-07,4.575666427612305,4.645657434070883,4.444433081912816,4.645657434070883,775335496
2024-02-08,4.514423847198486,4.5231729311280615,4.453181928408594,4.514423847198486,465369343
2024-02-19,4.610662460327148,4.6194115457288625,4.461931345932828,4.514424606805055,479714386
2024-02-20,4.6806535720825195,4.68940265766603,4.575667048156555,4.610662556131877,305978096
2024-02-21,4.7331461906433105,4.7856394454706,4.663155184206925,4.671904268601126,346734893
2024-02-22,4.74189567565918,4.750644343613211,4.689402416396969,4.724397922571776,223127868
2024-02-23,4.794388294219971,4.8293837957181305,4.733145958008549,4.733145958008549,358318546
2024-02-26,4.654406547546387,4.794388561338086,4.636908795822425,4.794388561338086,367717860
2024-02-27,4.636909484863281,4.689402747835623,4.593164890463312,4.636909484863281,294099947
2024-02-28,4.6631550788879395,4.698150581315747,4.575666322818421,4.636908660656732,380609395
2024-02-29,4.6631550788879395,4.689401914298443,4.636908660656732,4.645657327674035,252077765
2024-03-01,4.67190408706665,4.680652753941602,4.628159501154024,4.654406336137458,247751146
2024-03-04,4.654406547546387,4.6719042992703494,4.619411044098462,4.654406547546387,255757275
2024-03-05,4.776890754699707,4.794388506222518,4.63690874251722,4.654406494040031,429846712
2024-03-06,4.6806535720825195,4.803137849996143,4.6806535720825195,4.768142342020822,352787155
2024-03-07,4.706899642944336,4.724397394074344,4.671904140684321,4.680652807659677,307459409
2024-03-08,4.715648651123047,4.724397735910743,4.671904478722541,4.69815089872698,247200399
2024-03-11,4.698151588439941,4.7156493434047695,4.663156078510285,4.706900674512048,224302648
2024-03-12,4.54941987991333,4.68940231888097,4.540671212141227,4.68940231888097,511714772
2024-03-13,4.523173809051514,4.558169317203685,4.496926969347703,4.540671563127599,300360721
2024-03-14,4.540671348571777,4.575666855070341,4.4969267568589,4.514424510108182,241311421
2024-03-15,4.558168888092041,4.584415308145617,4.5406711356632155,4.5406711356632155,225861420
2024-03-18,4.531921863555908,4.566917366967204,4.523173196292738,4.5581686997040345,191173451
2024-03-19,4.505675792694092,4.549419966748218,4.505675792694092,4.5319222136907,202804619
2024-03-20,4.54941987991333,4.566917632636868,4.479428869019176,4.50567570669415,245397599
2024-03-21,4.566917419433594,4.584415171340263,4.531921915620257,4.549419667526926,205106253
2024-03-22,4.593164443969727,4.610662196592914,4.531922101198905,4.575666691346538,265784434
2024-03-25,4.628159999847412,4.628159999847412,4.5844154092212195,4.5931644942181915,237408100
2024-03-26,4.6631550788879395,4.6631550788879395,4.601913158228925,4.628159576460132,243359624
2024-03-27,4.689402103424072,4.715648522713809,4.6369088476652855,4.654406599584881,290707855
2024-03-28,4.593164443969727,4.680653207085665,4.56691760644528,4.6719045393637355,397889768
2024-03-29,4.619410991668701,4.663155161892462,4.575666404265637,4.593164155791002,159204013
2024-04-01,4.628159999847412,4.654406837658994,4.610662247032802,4.619411332029774,201919927
2024-04-02,4.67190408706665,4.6894018379958435,4.619410834279072,4.628159501154024,314250134
2024-04-03,4.6631550788879395,4.689401914298443,4.636908660656732,4.671904163084539,218224133
2024-04-08,4.724398136138916,4.733146804488433,4.645658035096471,4.663155788974863,307046883
2024-04-09,4.6631550788879395,4.759392919154058,4.654406411870635,4.724397416726251,313915016
2024-04-10,4.67190408706665,4.715648255799988,4.654406336137458,4.67190408706665,244947247
2024-04-11,4.654406547546387,4.6719042992703494,4.610661959646827,4.654406547546387,200263755
2024-04-12,4.654406547546387,4.680652966542676,4.628159711370789,4.654406547546387,248394369
2024-04-15,4.74189567565918,4.750644343613211,4.663155578176192,4.663155578176192,401243940
2024-04-16,4.785639762878418,4.811886600622539,4.706900084004723,4.741895589543995,400069253
2024-04-17,4.811886787414551,4.82938454086343,4.715648934856042,4.768142195202679,332204161
2024-04-18,4.8293843269348145,4.925622175230248,4.794388821587263,4.803137489334485,387972759
2024-04-19,4.855631351470947,4.890626858165783,4.8118867595127295,4.8118867595127295,255940597
2024-04-22,4.794388294219971,4.934370300212608,4.7856392102557885,4.8731283811804715,327521249
2024-04-23,4.811886787414551,4.8818778012100665,4.776891280516793,4.803137702100437,330912967
2024-04-24,4.785639762878418,4.829384353392174,4.776891095083267,4.811886600622539,236025975
2024-04-25,4.803137302398682,4.811886386984725,4.768141798413138,4.794388634991953,165074556
2024-04-26,4.724398136138916,4.846882413287664,4.71564905061004,4.803137820002003,471033131
2024-04-29,4.706899642944336,4.75939289633436,4.671904140684321,4.715648309919693,349015064
2024-04-30,4.750643730163574,4.768141480991497,4.689401810855488,4.698150477679806,260174383
2024-05-06,4.698151588439941,4.785640363264083,4.68940291954722,4.768142608299255,405871400
2024-05-07,4.724398136138916,4.733146804488433,4.680653542853255,4.698151296731647,278163143
2024-05-08,4.7331461906433105,4.768141693861503,4.706899771819319,4.724397523428415,296767233
2024-05-09,4.706899642944336,4.733146061049701,4.698150558789686,4.724397394074344,240195598
2024-05-10,4.724398136138916,4.741895890017308,4.706900382260524,4.71564905061004,264686114
2024-05-13,4.7331461906433105,4.750643942252407,4.689402020210222,4.724397523428415,239093956
2024-05-14,4.698151588439941,4.733147098369598,4.68940291954722,4.733147098369598,257866693
2024-05-15,4.706899642944336,4.715648309919693,4.689401891814328,4.698150558789686,142708145
2024-05-16,4.7331461906433105,4.741895275037511,4.689402020210222,4.698150687425118,297188855
2024-05-17,4.785639762878418,4.785639762878418,4.715648751799875,4.73314650456951,383001626
2024-05-20,4.776890754699707,4.838133093619197,4.759393003176896,4.785639421871461,331820267
2024-05-21,4.811886787414551,4.820635872728665,4.759393527067914,4.776891280516793,273676042
2024-05-22,4.8206353187561035,4.84688173732359,4.803137150138711,4.811886234447408,245844077
2024-05-23,4.803137302398682,4.83813322356354,4.78563955040591,4.829384138977497,224162538
2024-05-24,4.759393215179443,4.820635556826914,4.759393215179443,4.803137387345361,226186085
2024-05-27,4.794388294219971,4.803136961004868,4.759392792721812,4.768141459506709,215568186
2024-05-28,4.803137302398682,4.820635471570768,4.776890882999181,4.794388634991953,195724015
2024-05-29,4.785639762878418,4.820635685597023,4.768142010108782,4.8031375156480545,227719946
2024-05-30,4.759393215179443,4.794388719783906,4.741895462877212,4.785639635043129,223985068
2024-05-31,4.750643730163574,4.78563923181942,4.750643730163574,4.768141480991497,203742314
2024-06-03,4.759393215179443,4.768141882740898,4.733146378136436,4.750644130438666,215772721
2024-06-04,4.785639762878418,4.785639762878418,4.759393342313631,4.759393342313631,175628796
2024-06-05,4.776890754699707,4.794388506222518,4.768141670348649,4.785639421871461,188997545
2024-06-06,4.776890754699707,4.803137173394272,4.768141670348649,4.776890754699707,237521446
2024-06-07,4.8293843269348145,4.8293843269348145,4.768141983986933,4.7768910689134865,297294346
2024-06-11,4.759393215179443,4.846881976690599,4.759393215179443,4.8293842243883685,333761444
2024-06-12,4.724398136138916,4.768142312245217,4.6894026283821315,4.759393643895701,323476183
2024-06-13,4.750643730163574,4.759392814167179,4.715648228507728,4.724397312511333,180474450
2024-06-14,4.811886787414551,4.82938454086343,4.741895773619035,4.7506444417538,369814097
2024-06-17,4.750643730163574,4.811886066650948,4.724397312511333,4.803136982647343,273785828
2024-06-18,4.768142223358154,4.776891308723931,4.7156489627015485,4.741895801619528,201065032
2024-06-19,4.811886787414551,4.811886787414551,4.759393527067914,4.759393527067914,247937006
2024-06-20,4.8293843269348145,4.8293843269348145,4.794388821587263,4.811886574261038,213376662
2024-06-21,4.8206353187561035,4.838133070194195,4.794388483009317,4.8206353187561035,224827378
2024-06-24,4.873128890991211,4.881877558691365,4.811886548372817,4.8206356332523,331721147
2024-06-25,4.8993754386901855,4.908124523797208,4.855631264693092,4.864379932620775,292474147
2024-06-26,4.925621509552002,4.951867926425901,4.890626008933953,4.899374675498828,252470534
2024-06-27,4.9868645668029785,4.995613652546751,4.899375795262102,4.916873549570278,315653580
2024-06-28,4.9868645668029785,5.004362321111153,4.9431203896222256,4.978115898238576,268553336
2024-07-01,5.091851234436035,5.118097655889062,4.969366543724086,4.97811562899466,320284626
2024-07-02,5.223083972930908,5.231833057861225,5.083101951480494,5.0918510364108105,377040533
2024-07-03,5.153092861175537,5.231832955287303,5.118097356499046,5.214335202949058,274371879
2024-07-04,5.214334964752197,5.231832716291126,5.144343958596486,5.1530926257762975,261898011
2024-07-05,5.214334964752197,5.214334964752197,5.214334964752197,5.214334964752197,0
2024-07-08,5.153092861175537,5.196837450610812,5.083101851822555,5.091850936581339,288364882
2024-07-09,5.196837425231934,5.196837425231934,5.118097331504696,5.153092836010286,295534319
2024-07-10,5.249330520629883,5.2580796050770005,5.196837265485101,5.196837265485101,287630133
2024-07-11,5.188088417053223,5.249330759431143,5.126846491854629,5.249330759431143,376798473
2024-07-12,5.319322109222412,5.336819862850932,5.170590994790313,5.17934008019425,400967281
2024-07-15,5.4243083000183105,5.4593038051400296,5.301824032092296,5.328070869523248,428958260
2024-07-16,5.420995235443115,5.494624983333941,5.365772924524996,5.448606610336133,503559121
2024-07-17,5.4394025802612305,5.467013954686455,5.37497677138222,5.411791644703913,321899185
2024-07-18,5.4394025802612305,5.448606518025608,5.3933842080430665,5.430199081364761,255386418
2024-07-19,5.4394025802612305,5.448606518025608,5.356569334721373,5.430199081364761,360143972
2024-07-22,5.37497615814209,5.42099452510994,5.301346419899243,5.411791027263512,323060657
2024-07-23,5.531439781188965,5.577458149902619,5.347364989730723,5.3565689267941785,508143809
2024-07-24,5.577458381652832,5.623477191146499,5.513032136135277,5.522236073581167,318449785
2024-07-25,5.577458381652832,5.632680689724497,5.494624700111389,5.568254883074834,411478668
2024-07-26,5.457809925079346,5.586662418404883,5.393384117284477,5.568254982053792,415945631
2024-07-29,5.503828525543213,5.503828525543213,5.3749764759983965,5.448606218595434,261893127
2024-07-30,5.513031959533691,5.549847269270038,5.439402217796756,5.494624524099458,249533509
2024-07-31,5.384180545806885,5.531440485497398,5.365773108204062,5.503829109659199,461472959
2024-08-01,5.4117913246154785,5.4394022585397055,5.273735338390699,5.365772516251258,373139397
2024-08-02,5.4117913246154785,5.4486061957597025,5.365772516251258,5.38417995182337,281415849
2024-08-05,5.402587890625,5.476217639771765,5.365773016051618,5.411791828702307,319544631
2024-08-06,5.338161468505859,5.420994707380238,5.319754033326234,5.411791209224361,275470037
2024-08-07,5.356569290161133,5.41179159968429,5.338161853653413,5.356569290161133,227015219
2024-08-08,5.402587890625,5.411791828702307,5.347365578764926,5.365773016051618,187175943
2024-08-09,5.448606014251709,5.4578095122972305,5.37497627441607,5.402587207420501,185078805
2024-08-12,5.513031959533691,5.540643332118982,5.439402217796756,5.448606154947812,225847836
2024-08-13,5.522235870361328,5.595865611747286,5.457809627214677,5.513031933254145,240418694
2024-08-14,5.540643215179443,5.559050650225174,5.494624408131181,5.503828345087982,188044815
2024-08-15,5.568254470825195,5.577457968721806,5.522235664738563,5.540643099399644,206740074
2024-08-16,5.651088237762451,5.660292175390779,5.549847557058253,5.568254993447007,270194042
2024-08-19,5.770736217498779,5.789143652049498,5.614272804383734,5.651087673485174,338863514
2024-08-20,5.881181240081787,5.8903851774409794,5.7523291891283215,5.761533126487514,399597420
2024-08-21,5.798348426818848,5.853570738452523,5.7523296143568245,5.84436680041295,331588320
2024-08-22,5.908792495727539,5.927199931211792,5.789143945645956,5.789143945645956,350230155
2024-08-23,5.9456071853637695,5.964014620286623,5.844366073854145,5.908792315518063,265657420
2024-08-26,5.917996406555176,5.954811280089896,5.844366659485734,5.927200344372811,267311089
2024-08-27,6.01003360748291,6.028441042958459,5.89958855576174,5.908792492933454,323249644
2024-08-28,5.9732184410095215,6.046848623546575,5.9272000706502395,6.010033751711993,314722513
2024-08-29,5.72471809387207,5.9732187093532,5.706310657127835,5.964015210415037,557314746
2024-08-30,5.503828525543213,5.743125188983587,5.485421089893953,5.687902882035808,880782347
2024-09-02,5.467013359069824,5.522235663036041,5.411791055103607,5.430198489759013,568240173
2024-09-03,5.301346302032471,5.476216707037344,5.227716126558812,5.457809272885892,648640129
2024-09-04,5.255328178405762,5.319754425720579,5.209309367628334,5.264531677240504,392331435
2024-09-05,5.181698322296143,5.273735503029986,5.154086948642043,5.246124129375885,383530775
2024-09-06,5.190901756286621,5.273735437349393,5.172494320369104,5.181698257761807,290696812
2024-09-09,5.163290500640869,5.200105370185685,5.071253326778829,5.181697935413277,282126704
2024-09-10,5.218513011932373,5.2645313812546215,5.154086768239769,5.163290705424947,368343232
2024-09-11,5.0988640785217285,5.218512619729443,5.062049210283639,5.209308683235998,359763384
2024-09-12,5.0988640785217285,5.117271512640774,5.016030405552104,5.071253146777085,286853563
2024-09-13,5.11727237701416,5.135679814242459,5.080457502557563,5.098864939785861,234048696
2024-09-18,5.227716445922852,5.227716445922852,5.1264757713389395,5.1264757713389395,246839404
2024-09-19,5.2001051902771,5.255327492683792,5.135678951368702,5.236920058548228,280996806
2024-09-20,5.218513011932373,5.236920447434849,5.172494203742245,5.209309074747195,282832321
2024-09-23,5.26453161239624,5.282939048706902,5.17249443084293,5.209309303464254,227037687
2024-09-24,5.522235870361328,5.522235870361328,5.273735273749783,5.2921427090962725,605204899
2024-09-25,5.559051036834717,5.724717963767761,5.494624790260138,5.605069847083401,629820829
2024-09-26,5.706310272216797,5.715514209402031,5.522235917190918,5.559050788196094,521674373
2024-09-27,5.531439781188965,5.835162682397008,5.448606103089362,5.752329004297406,687209271
2024-09-30,5.687902927398682,5.807551479507047,5.365772581533603,5.531439942566074,1616174183
2024-10-08,5.632680416107178,6.129681603477348,5.559050675588319,5.98242212243963,1688226172
2024-10-09,5.559051036834717,5.678699592386976,5.5038287278570355,5.57745847316061,1009071781
2024-10-10,5.770736217498779,5.890384761512385,5.559050500731576,5.5682544374408645,1091528147
2024-10-11,5.770736217498779,5.881180824803096,5.706309977137332,5.75232878294806,529952828
2024-10-14,5.954811096191406,5.982422469923698,5.816755544133638,5.816755544133638,789921118
2024-10-15,5.761533260345459,5.93640368555399,5.761533260345459,5.917996249275834,492769157
2024-10-16,5.853570461273193,5.890385333952379,5.724717968028144,5.73392190563189,414614580
2024-10-17,5.7891435623168945,5.890384670210528,5.7891435623168945,5.844365865113098,328081317
2024-10-18,5.816755294799805,5.8535701656195345,5.715514180611607,5.789143922251068,514452181
2024-10-21,5.669495105743408,5.789143649708633,5.6510876712001314,5.789143649708633,568464907
2024-10-22,5.651088237762451,5.715514484557043,5.623477302613271,5.678699611779534,431271479
2024-10-23,5.651088237762451,5.669495674151206,5.623477302613271,5.651088237762451,306854479
2024-10-24,5.669495105743408,5.706309974829961,5.632680236656856,5.641884173362422,288789477
2024-10-25,5.632680416107178,5.678699223365401,5.614272980977463,5.660291788235686,284528999
2024-10-28,5.586662292480469,5.6234771643528365,5.549847420608101,5.6234771643528365,329536371
2024-10-29,5.577458381652832,5.623477191146499,5.568254883074834,5.586662319098722,293860704
2024-10-30,5.531439781188965,5.595865585161656,5.522235844125509,5.568254651707038,305412004
2024-10-31,5.559051036834717,5.614273345812398,5.531440101779825,5.559051036834717,305287998
2024-11-01,5.660292148590088,5.660292148590088,5.5498475307805,5.55905102949735,451237925
2024-11-04,5.6418843269348145,5.660291761979142,5.5682545867575035,5.660291761979142,318060458
2024-11-05,5.660292148590088,5.660292148590088,5.605069839685294,5.6142733384021435,312510781
2024-11-06,5.605069637298584,5.660291944209422,5.586662201661638,5.641884508572476,345023115
2024-11-07,5.660292148590088,5.660292148590088,5.577458465798948,5.595865902100545,379448763
2024-11-08,5.623477458953857,5.6786997696553785,5.614273521069647,5.660292332754872,330042436
2024-11-11,5.559051036834717,5.605069847083401,5.540643600508822,5.595865909486504,398730171
2024-11-12,5.522235870361328,5.586662113507979,5.522235870361328,5.559050741054307,329274155
2024-11-13,5.559051036834717,5.586662410757507,5.5038287278570355,5.522236164182929,343885792
2024-11-14,5.586662292480469,5.614273226950799,5.531439984671917,5.549847420608101,373526484
2024-11-15,5.568254470825195,5.623476774808438,5.549847036164114,5.577457968721806,384523275
2024-11-18,5.697107315063477,5.7431256887572575,5.586662691556896,5.595866190748484,693242480
2024-11-19,5.660292148590088,5.72471795621173,5.586662403383697,5.687903083608535,429498710
2024-11-20,5.651088237762451,5.687903110539961,5.632680801373697,5.641884739002025,268242057
2024-11-21,5.6418843269348145,5.660291761979142,5.623476891890486,5.6418843269348145,180910703
2024-11-22,5.568254470825195,5.6602916441305995,5.568254470825195,5.651087707366129,297820281
2024-11-25,5.586662292480469,5.641884600289021,5.568254856544285,5.577458355078432,290372207
2024-11-26,5.669495105743408,5.687902540286684,5.568254435189317,5.586661869732593,330004149
2024-11-27,5.706310272216797,5.7247177077193845,5.651087965709033,5.660291902894267,288317376
2024-11-28,5.697107315063477,5.724718251506161,5.6602924405612836,5.697107315063477,201840011
2024-11-29,5.660292148590088,5.733921893796479,5.651088211005339,5.6971070211932835,290646513
2024-12-02,5.6418843269348145,5.669495260067371,5.614272954934388,5.669495260067371,241747989
2024-12-03,5.715514183044434,5.715514183044434,5.632680504230843,5.641884441373632,338517203
2024-12-04,5.761533260345459,5.779940696623615,5.678699577659808,5.71551445021612,357231531
2024-12-05,5.761533260345459,5.825959067885055,5.733921886494276,5.7523293227724315,264528322
2024-12-06,5.816755294799805,5.83516273020967,5.752329051431337,5.761532988570209,311963037
2024-12-09,5.816755294799805,5.862773663890528,5.779940423980074,5.798347859389939,312743296
2024-12-10,5.908792495727539,5.936403429519978,5.825958816614462,5.844366252098715,437294605
2024-12-11,5.80755090713501,5.936402945008255,5.798347409577986,5.8903845794874465,387000336
2024-12-12,5.908792495727539,5.908792495727539,5.807551381130209,5.816755318306276,290184474
2024-12-13,5.881181240081787,5.936403547633272,5.853570305739989,5.8903851774409794,389098441
2024-12-16,6.01003360748291,6.056051976737841,5.871977621982357,5.881181120286192,471572594
2024-12-17,5.991626739501953,6.06525648837796,5.991626739501953,6.000830238677493,313847722
2024-12-18,6.065256118774414,6.120478427066291,6.010033810482537,6.019237309097235,348942453
2024-12-19,5.9732184410095215,6.083663495381157,5.9640149424848214,6.046848623546575,361528511
2024-12-20,6.01003360748291,6.083663349385104,5.9824222348356475,5.9824222348356475,376548842
2024-12-23,6.166497230529785,6.2217199815640996,6.010034232158979,6.010034232158979,487110027
2024-12-24,6.240127086639404,6.249330585409714,6.120478530550064,6.175700839775628,464147368
2024-12-25,6.387386322021484,6.479423500376976,6.2217194009816,6.230922899383207,636090132
2024-12-26,6.378182888031006,6.387386826026746,6.249330828166075,6.387386826026746,487252264
2024-12-27,6.368978977203369,6.3873864131370475,6.221719489733938,6.341367603868905,510704060
2024-12-30,6.396590232849121,6.442609044427914,6.322960485417382,6.332164423280306,482330317
2024-12-31,6.368978977203369,6.470220094272548,6.35057154126969,6.3873864131370475,520980174
2025-01-02,6.258533954620361,6.424200867250457,6.221719085147006,6.359774626238155,531482465
2025-01-03,6.175700664520264,6.2861452798371715,6.092866983598638,6.2677378439510205,521073986
2025-01-06,6.212515354156494,6.240126726610166,6.065255871384579,6.175700483463515,474224652
2025-01-07,6.290940761566162,6.309747741261978,6.168695169346478,6.215712842782899,382021777
2025-01-08,6.356765270233154,6.431993187306771,6.272133639328459,6.290940618596863,399684284
2025-01-09,6.309747695922852,6.366168634604882,6.262730022824278,6.356765369021424,236723419
2025-01-10,6.272133827209473,6.337958032423765,6.2063091736014115,6.319151052592001,262025788
2025-01-13,6.2063093185424805,6.272133973687799,6.102870702855202,6.26273025935542,330603282
2025-01-14,6.215712547302246,6.253326504905797,6.168694876100936,6.196905568500471,341885264
2025-01-15,6.234519958496094,6.328554859026714,6.187502284033896,6.20630926414002,307598274
2025-01-16,6.281537055969238,6.290940770026675,6.1780988917000235,6.243923096527021,267468138
2025-01-17,6.215712547302246,6.300343727713362,6.206308833704486,6.272133483707571,278134635
2025-01-20,6.178098678588867,6.234519615805974,6.168694964855807,6.225115902072915,227362256
2025-01-21,6.159292221069336,6.215713163064022,6.131081525875099,6.187502467869785,215743537
2025-01-22,6.055853366851807,6.16869524643689,6.018239406990112,6.149888266506043,411169363
2025-01-23,6.262730121612549,6.29094081559544,6.0934673028965065,6.0934673028965065,544682003
2025-01-24,6.272133827209473,6.319151052592001,6.178098928050648,6.272133827209473,328205211
2025-01-27,6.413186550140381,6.4413967963509435,6.281537239845158,6.281537239845158,371866219
2025-02-05,6.290940761566162,6.431993333481662,6.281537047521372,6.4131863537858464,330540617
2025-02-06,6.290940761566162,6.356765414698399,6.253326802174531,6.300344027217188,264423725
2025-02-07,6.290940761566162,6.290940761566162,6.215712842782899,6.272133781870346,367643900
2025-02-10,6.272133827209473,6.337958032423765,6.243923133264941,6.262730113096707,311926833
2025-02-11,6.413186550140381,6.413186550140381,6.281537239845158,6.281537239845158,394195410
2025-02-12,6.488414764404297,6.50722174552572,6.328555200675297,6.403783125160992,325781148
2025-02-13,6.544835567474365,6.57304581435489,6.460203930045212,6.479010910763492,294524426
2025-02-14,6.57304573059082,6.5824494450270175,6.48841454263396,6.544835484069795,253157791
2025-02-17,6.544835567474365,6.582449528910924,6.4978178914817715,6.563642548192645,271346003
2025-02-18,6.667080879211426,6.714098104785357,6.526028305702091,6.53543157145937,397512135
2025-02-19,6.629467010498047,6.695291216884872,6.610660030331272,6.657677256551322,322072343
2025-02-20,6.657677173614502,6.667080887777632,6.582449253884539,6.62006321374952,251326656
2025-02-21,6.516624450683594,6.648273755589836,6.49781747118181,6.638870041642064,577209800
2025-02-24,6.479010581970215,6.526028255576781,6.413186376993542,6.488414296049035,437330985
2025-02-25,6.450800895690918,6.516625106373379,6.422590199402859,6.479011143585171,313984475
2025-02-26,6.469607353210449,6.526028292824092,6.431993393468021,6.450800373339235,329370010
2025-02-27,6.516624450683594,6.535431430185377,6.356765349115318,6.450800246624233,439190234
2025-02-28,6.460203647613525,6.563642261238757,6.460203647613525,6.488414341654504,431589620
2025-03-03,6.441396713256836,6.479010673314885,6.375572507352136,6.460203693285861,396401925
2025-03-04,6.375572204589844,6.431993141997608,6.375572204589844,6.413186162861686,343656171
2025-03-05,6.460203647613525,6.488414341654504,6.328554788341084,6.3661687481332105,459912360
2025-03-06,6.422589302062988,6.4507999944095555,6.38497534453006,6.441396280829452,365671205
2025-03-07,6.394379615783691,6.441396842603497,6.384975901383461,6.422589862196818,322375578
2025-03-10,6.337957859039307,6.394379245384878,6.319150879722035,6.3849755315293635,324211647
2025-03-11,6.375572204589844,6.375572204589844,6.319150818788328,6.319150818788328,268000241
2025-03-12,6.319150924682617,6.366168597507204,6.300343945231535,6.356765331978542,317770218
2025-03-13,6.328555107116699,6.366169068803478,6.300344411654718,6.3191513924981075,257295017
2025-03-14,6.347362041473389,6.403782983590341,6.3191513462180176,6.3191513462180176,489072129
2025-03-17,6.403782844543457,6.422589824840747,6.33795818930605,6.347361903651585,358619828
2025-03-18,6.394379615783691,6.431993576597049,6.366168920976782,6.422589862196818,236952810
2025-03-19,6.460203647613525,6.469607361758442,6.3943794421741895,6.403782707925337,303269420
2025-03-20,6.43199348449707,6.507221405046593,6.4037827900941116,6.460203730506254,300845241
2025-03-21,6.356765270233154,6.441396452744096,6.347361556402075,6.413186208038367,308799123
2025-03-24,6.413186550140381,6.4413967963509435,6.3567656093254765,6.3567656093254765,306040169
2025-03-25,6.441396713256836,6.460203693285861,6.4037827531987865,6.422589733227811,231805672
2025-03-26,6.422589302062988,6.4696069731760195,6.403782323296524,6.4507999944095555,233780088
2025-03-27,6.460203647613525,6.479010627509588,6.413186422070253,6.413186422070253,258027810
2025-03-28,6.469607353210449,6.469607353210449,6.4225896793355295,6.450800373339235,212838148
2025-03-31,6.479010581970215,6.526028255576781,6.3943793972296685,6.4696073162851615,407133779
2025-04-01,6.394379615783691,6.488414517817085,6.375572635377012,6.4602038230101755,428429119
2025-04-02,6.441396713256836,6.450800427468235,6.375572507352136,6.384975773169763,309974434
2025-04-03,6.479010581970215,6.488414296049035,6.413186376993542,6.413186376993542,306166881
2025-04-07,6.356765270233154,6.413186208038367,6.206308987692167,6.394379228769963,849156726
2025-04-08,6.413186550140381,6.431993530412016,6.281537239845158,6.300344220116793,671267831
2025-04-09,6.394379615783691,6.4790108034168545,6.3379582261698735,6.384975901383461,566168770
2025-04-10,6.347362041473389,6.39437971743441,6.328555060767737,6.39437971743441,401337508
2025-04-11,6.394379615783691,6.394379615783691,6.319151245763194,6.356765654970334,347554477
2025-04-14,6.460203647613525,6.488414341654504,6.3661687481332105,6.375572462278127,439404222
2025-04-15,6.544835567474365,6.55423883363661,6.450800663882967,6.460203930045212,384179013
2025-04-16,6.6388702392578125,6.6388702392578125,6.5166246446605225,6.54483533894981,413240227
2025-04-17,6.629467010498047,6.657677256551322,6.54483537555067,6.629467010498047,263918835
2025-04-18,6.7140984535217285,6.742309149046393,6.610660282850145,6.620063549095837,388434530
2025-04-21,6.629467010498047,6.8175368121658,6.629467010498047,6.7046949311651485,374298383
2025-04-22,6.723501682281494,6.7329049478476515,6.620063070691199,6.629466784651117,299787096
2025-04-23,6.685887813568115,6.742308752908693,6.64827385400773,6.71409805904152,256977281
2025-04-24,6.808132648468018,6.85515031997812,6.667080530725204,6.667080530725204,357610870
2025-04-25,6.779922962188721,6.873957864553199,6.742309001242929,6.8175369231345115,232601976
2025-04-28,6.85515022277832,6.902167893621755,6.78932557327626,6.78932557327626,285376580
2025-04-29,6.836344242095947,6.89276518630821,6.808133545792914,6.864554938398982,217973789
2025-04-30,6.591853141784668,6.798729926494576,6.554238732534538,6.789326212083599,644997131
2025-05-06,6.5636420249938965,6.610659697238634,6.516624352749159,6.59185271801949,366374062
2025-05-07,6.685887813568115,6.685887813568115,6.554238506712999,6.591852914667152,433645624
2025-05-08,6.685887813568115,6.742308752908693,6.657677119700942,6.667080833787923,283712076
2025-05-09,6.742309093475342,6.798730035665847,6.676484436722857,6.676484436722857,312196548
2025-05-12,6.73290491104126,6.751711890464524,6.685887686679978,6.723501645526507,270276988
2025-05-13,6.79872989654541,6.817536876890737,6.695291280449224,6.732905241139877,276745946
2025-05-14,6.79872989654541,6.845747571605617,6.77051920183053,6.79872989654541,286869706
2025-05-15,6.836344242095947,6.855151223500035,6.789326564388826,6.798730279287772,270262063
2025-05-16,6.73290491104126,6.8645542153978685,6.695290952194731,6.82694025655134,393514131
2025-05-19,6.695291519165039,6.770519443228544,6.685888252853999,6.732905481196791,256669058
2025-05-20,6.704694747924805,6.732904993207089,6.676484054248756,6.714098013554311,197691246
2025-05-21,6.7140984535217285,6.761116129931571,6.685888206390858,6.704695187276036,254071278
2025-05-22,6.695291519165039,6.732905481196791,6.676484538149164,6.723502214885752,294075911
2025-05-23,6.657677173614502,6.714098113411974,6.648273907845142,6.704694847642614,316918822
2025-05-26,6.629467010498047,6.676484236718097,6.610660030331272,6.657677256551322,287644999
2025-05-27,6.6388702392578125,6.6670809335471,6.620063259196212,6.6294669734239,182520233
2025-05-28,6.629467010498047,6.657677256551322,6.601256316050995,6.638870276384546,171017546
2025-05-29,6.620063304901123,6.648273999385178,6.601256324709679,6.629467019193734,193469856
2025-05-30,6.648273944854736,6.695291170750813,6.601256270564886,6.629466964817551,346759935
2025-06-03,6.685887813568115,6.704694793348308,6.620063160140557,6.629466874227537,272811811
2025-06-04,6.657677173614502,6.695291133479483,6.638870193682011,6.6858878677101234,211897550
2025-06-05,6.667080879211426,6.695291124877031,6.648273899303099,6.657677165060377,225574217
2025-06-06,6.676484107971191,6.695291087775299,6.648273862461913,6.676484107971191,187029962
2025-06-09,6.657677173614502,6.6858878677101234,6.62006321374952,6.676484153546992,291368455
2025-06-10,6.676484107971191,6.761115741286562,6.648273862461913,6.657677128167083,416132202
2025-06-11,6.695291519165039,6.723502214885752,6.667081271838124,6.676484538149164,224773372
2025-06-12,6.685887813568115,6.704694793348308,6.667080833787923,6.695291079261327,231833635
2025-06-13,6.667080879211426,6.704694839028079,6.657677165060377,6.685887859119752,280894807
2025-06-16,6.7140984535217285,6.7140984535217285,6.601256568210659,6.657677510866193,278603977
2025-06-17,6.742309093475342,6.742309093475342,6.695291417453026,6.704695132015005,227938264
2025-06-18,6.8175368309021,6.8175368309021,6.732905195722133,6.742308910028253,332132252
2025-06-19,6.864554405212402,6.864554405212402,6.7705190571021125,6.80813301698872,284177966
2025-06-20,6.9303789138793945,6.939782628459152,6.845747724630531,6.855150990816497,310692774
2025-06-23,7.0714311599731445,7.109045119728818,6.892764626936811,6.9209753209504505,389737815
2025-06-24,7.174870014190674,7.1842732802481555,7.052624416686926,7.062028131138192,356019900
2025-06-25,7.212483882904053,7.2500978434401695,7.071431306696724,7.156062942099877,349545155
2025-06-26,7.259500980377197,7.287711674474875,7.165466080707888,7.203080040575611,293189014
2025-06-27,7.052624225616455,7.29711541400017,7.033817245617229,7.2595010056079445,482051141
2025-06-30,7.137255668640137,7.156062648135622,6.977396118731627,7.0338170572180845,306147245
2025-07-01,7.203079700469971,7.278307616653405,7.127851784286538,7.137255498006342,268331921
2025-07-02,7.221887111663818,7.250097806117571,7.193676865603843,7.221887111663818,206829092
2025-07-03,7.1842732429504395,7.259501164594876,7.146659282128221,7.221887203772657,225654126
2025-07-04,7.2877116203308105,7.315922314218898,7.174869741565999,7.184273007266183,289057141
2025-07-07,7.268905162811279,7.306519125102133,7.24069446689624,7.278308429187093,194883425
2025-07-08,7.297115325927734,7.315922305699971,7.240693938217261,7.2689046320724975,198342024
2025-07-09,7.381746292114258,7.4569742089755175,7.287711396037683,7.297115109842218,289827566
2025-07-10,7.598027229309082,7.645044904341422,7.400553711603305,7.400553711603305,587046649
2025-07-11,7.53220272064209,7.861324639110721,7.53220272064209,7.635640884140084,888595567
2025-07-14,7.5270185470581055,7.661429461740919,7.5270185470581055,7.584623224779312,470693507
2025-07-15,7.488615036010742,7.56542126894603,7.450211919543098,7.546219710712208,318688110
2025-07-16,7.488615036010742,7.488615036010742,7.392606787040372,7.459812469759379,352498773
2025-07-17,7.440611362457275,7.498216040649822,7.411808794460358,7.479014481252307,279321672
2025-07-18,7.459812164306641,7.507816286826228,7.392606484339467,7.43100959923464,272785006
2025-07-21,7.392606735229492,7.45981241747749,7.363804626981248,7.450211867328495,313546593
2025-07-22,7.296599388122559,7.373405625186804,7.258196269590436,7.363805074454415,477834517
2025-07-23,7.344603061676025,7.421409293997662,7.258195821413556,7.286998387434798,489105637
2025-07-24,7.248595237731934,7.3638045856812715,7.229393679740377,7.344603027689715,462394830
2025-07-25,7.190990447998047,7.277397691970668,7.181389897446242,7.229394023609093,330891747
2025-07-28,7.190990447998047,7.238994574160897,7.162188338541356,7.190990447998047,273422683
2025-07-29,7.13338565826416,7.2197929008677715,7.13338565826416,7.190990334066145,292271928
2025-07-30,7.190990447998047,7.248595582513978,7.1045836618267,7.133385771283391,390727111
2025-07-31,7.258195877075195,7.2869984433173185,7.1237849694815605,7.190990194377748,480969617
2025-08-01,7.315800666809082,7.363804792033797,7.181389757101653,7.258195991220184,514589960
2025-08-04,7.3734049797058105,7.469413225432668,7.315800306950441,7.325401314643625,448275076
2025-08-05,7.450212001800537,7.450212001800537,7.325401643002039,7.37340531021597,340318210
2025-08-06,7.450212001800537,7.488615118692188,7.402207876785341,7.440610993676992,296778213
2025-08-07,7.5270185470581055,7.555820657018067,7.3926071745740085,7.440611301575656,378982097
2025-08-08,7.479013919830322,7.58462271748964,7.459812361874197,7.527018043621263,273925773
2025-08-11,7.392606735229492,7.4886149835269915,7.373405177130244,7.469413425427743,336839216
2025-08-12,7.469413757324219,7.498215866852258,7.3638049541850945,7.383006513137547,318398082
2025-08-13,7.392606735229492,7.50781654162624,7.392606735229492,7.45981241747749,336019675
2025-08-14,7.383006572723389,7.450212258500004,7.363805013615967,7.392607123376459,283487282
2025-08-15,7.248595237731934,7.411808251759535,7.18138955586086,7.392606693767979,648005787
2025-08-18,7.229393482208252,7.238994032041083,7.16218780217347,7.210191924741348,407237249
2025-08-19,7.267796993255615,7.296599102125138,7.210192317715304,7.229393876228741,338524703
2025-08-20,7.267796993255615,7.315800660638575,7.258195985098263,7.277397543611701,331520586
2025-08-21,7.296599388122559,7.315800947388619,7.210192600325925,7.2677972781241085,344302753
2025-08-22,7.325401782989502,7.325401782989502,7.229393988925678,7.296599215869718,383772789
2025-08-25,7.286998271942139,7.30619982971822,7.248595156389976,7.296598821929555,413159805
2025-08-26,7.248595237731934,7.315800461801754,7.238994229835528,7.277397345818641,299832827
2025-08-27,7.1141839027404785,7.23899425909062,7.1141839027404785,7.23899425909062,515724751
2025-08-28,7.085381984710693,7.142986660464285,7.027777308957103,7.1141840936868554,465468887
2025-08-29,7.13338565826416,7.229393909068737,7.085381990663141,7.085381990663141,519615100
2025-09-01,7.085381984710693,7.152587210855915,7.066180426126163,7.133385652271385,384543584
2025-09-02,7.267796993255615,7.267796993255615,7.056579391806539,7.0757809503199764,769065213
2025-09-03,7.142986297607422,7.277397200871189,7.123784739998312,7.267796650967257,491977133
2025-09-04,7.238994598388672,7.2965992752961215,6.970172772820574,7.104583685604623,876005936
2025-09-05,7.142986297607422,7.23899408565297,7.104583182389203,7.21979252804386,441709309
2025-09-08,7.104583263397217,7.142986379053316,7.075780697754516,7.114183813410617,354276019
2025-09-09,7.13338565826416,7.162188225065787,7.085381990663141,7.094982541062837,266279392
2025-09-10,7.171788692474365,7.181389700564228,7.085381908671912,7.142986583807302,288656044
2025-09-11,7.210192680358887,7.277397909635436,7.094982865682409,7.162188552760247,541515855
2025-09-12,7.181389808654785,7.23899448465721,7.152587241752937,7.190990359087888,299282463
2025-09-15,7.13338565826416,7.210192350468074,7.104583549263802,7.152587216864822,329581921
2025-09-16,7.152587413787842,7.190990532046469,7.114184295529215,7.114184295529215,289347614
2025-09-17,7.1621880531311035,7.1621880531311035,7.10458337871197,7.123784936851681,247584186
2025-09-18,6.998974323272705,7.162187790373093,6.989373773455692,7.152586782754838,529780717
2025-09-19,6.912567138671875,6.98937382680039,6.835760908344604,6.98937382680039,480709754
2025-09-22,6.893365859985352,6.960571543141378,6.864563751347957,6.912567418344036,275089120
2025-09-23,7.104583263397217,7.114183813410617,6.845362003817918,6.8741641116593675,628825604
2025-09-24,7.171788692474365,7.229393825411018,7.075780900582048,7.094982458960512,514206919
2025-09-25,7.085381984710693,7.162188219048815,7.018176300764203,7.142986660464285,323722840
2025-09-26,7.1141839027404785,7.1333854608096345,7.0085755622607495,7.056579228533011,273359298
2025-09-29,7.037377834320068,7.104583518027539,6.970172608413864,7.0853819595113,405003933
2025-09-30,7.008575916290283,7.037378025948292,6.970172798212086,7.018176466909193,244567627
2025-10-09,7.018176078796387,7.02777708668563,6.912567281020985,6.960571404864692,297741076
2025-10-10,7.018176078796387,7.066180202640093,6.989373970731166,6.998974520819155,304869689
2025-10-13,6.97977352142334,7.06618076813656,6.941370402395529,7.0277776491087485,395738605
2025-10-14,7.200591087341309,7.200591087341309,6.931768818648015,6.970172392290988,693878140
2025-10-15,7.1621880531311035,7.238994285689948,7.123784936851681,7.17178860330033,407599319
2025-10-16,7.325401782989502,7.344603341802267,7.133385737060581,7.133385737060581,495623345
2025-10-17,7.315800666809082,7.411808459457245,7.2677969993856335,7.325401674974532,408700246
2025-10-20,7.30620002746582,7.34460314405739,7.1717886615940625,7.286998469170035,391978593
2025-10-21,7.3350019454956055,7.34460295329476,7.238994156510306,7.277397272104426,344113924
2025-10-22,7.450212001800537,7.479014110568643,7.315800634878494,7.325401643002039,381586556
2025-10-23,7.5270185470581055,7.575022216258469,7.402208183094851,7.450212310096498,432661432
2025-10-24,7.5270185470581055,7.575022216258469,7.450212310096498,7.488615428577302,326362333
2025-10-27,7.594223499298096,7.623026066011795,7.431010022790087,7.488615156217486,391994677
2025-10-28,7.671030044555664,7.699833070238703,7.536619129310482,7.584623256512976,332040817
2025-10-29,7.517416954040527,7.671029416020015,7.488614846319997,7.661428866046921,368304439
2025-10-30,7.5270185470581055,7.584623224779312,7.4694138693369,7.517417538537263,278716126
2025-10-31,7.469413757324219,7.555820543709614,7.3638049541850945,7.555820543709614,369325324
2025-11-03,7.584622859954834,7.623025976588427,7.469413510054054,7.479014060311822,342073424
2025-11-04,7.805440902709961,7.815041910637635,7.5750217482595765,7.5750217482595765,441097605
2025-11-05,7.815042018890381,7.882247244109998,7.767037894189572,7.843844127469857,394153630
2025-11-06,7.767037868499756,7.824642085468179,7.738235760015544,7.7958399769839675,300975800
2025-11-07,7.728634834289551,7.834243176924639,7.699832725498623,7.7670379512116305,280161358
2025-11-10,7.795840263366699,7.805441271748306,7.661429350633142,7.699832926358293,223291315
2025-11-11,7.834242820739746,7.843843828434388,7.74783558269295,7.776638605776874,191740104
2025-11-12,7.8630452156066895,7.987855573391243,7.824642099027021,7.834243107072568,359289795
2025-11-13,7.882246971130371,7.911049078712367,7.757436617471737,7.882246971130371,290137915
2025-11-14,7.920650005340576,8.045460357721272,7.891847898053488,7.901447990080863,306335129
2025-11-17,7.843844413757324,7.930251658251998,7.7862392788933565,7.92065064984091,258276810
2025-11-18,7.872646331787109,7.9206504570716865,7.786239089395376,7.815042113927643,217595965
2025-11-19,7.901448726654053,7.987855972172686,7.843844506710008,7.87264661668203,234428313
2025-11-20,7.939852714538574,8.064662162225057,7.853445469522884,7.88224757932726,359487746
2025-11-21,7.920650005340576,8.045460357721272,7.891847898053488,7.949452112627665,464444666
2025-11-24,7.872646331787109,7.93025146524911,7.795840097572799,7.872646331787109,348919016
2025-11-25,7.978255748748779,7.987855841514044,7.805441260538266,7.853445386774803,305542994
2025-11-26,7.834242820739746,8.045460412009417,7.824641813045105,7.978255189351904,331041956
2025-11-27,7.834242820739746,7.863044928221183,7.738235490600797,7.824641813045105,234412223
2025-11-28,7.786239147186279,7.843844281075835,7.757437038042772,7.824642264578469,208401567
2025-12-01,7.767037868499756,7.786238968955057,7.699832643502423,7.728634751986633,265260863
2025-12-02,7.767037868499756,7.7958399769839675,7.699832643502423,7.767037868499756,214518991
2025-12-03,7.728634834289551,7.824642168793487,7.709432818027246,7.738235842420703,221258490
2025-12-04,7.728634834289551,7.7670379512116305,7.699832725498623,7.747835934949325,149101162
2025-12-05,7.671030044555664,7.776639307521664,7.632626925914184,7.719034171758158,246147254
2025-12-08,7.671030044555664,7.719034171758158,7.632626925914184,7.671030044555664,213082015
2025-12-09,7.776638984680176,7.82464219428728,7.6614291757373,7.690231742423336,265490103
2025-12-10,7.623025894165039,7.79583991714767,7.603824336055858,7.767037808884527,308417560
2025-12-11,7.680630683898926,7.680630683898926,7.584622891910442,7.632626559004052,262175952
2025-12-12,7.651828289031982,7.661429297346813,7.527018385548104,7.651828289031982,519110533
2025-12-15,7.63364839553833,7.682519570772162,7.594551641779291,7.643422817013124,250971265
2025-12-16,7.614099979400635,7.653196732958092,7.555454849064451,7.633648356179363,193438893
2025-12-17,7.63364839553833,7.692293526176888,7.575003264899772,7.604326063254085,220686117
2025-12-18,7.809584140777588,7.819358562694599,7.614100363138259,7.633648740902191,241748413
2025-12-19,7.702067852020264,7.799809735204264,7.682519475383463,7.780261358567464,235588226
2025-12-22,7.711842060089111,7.731390437366685,7.65319692825639,7.68251972720779,166891534
2025-12-23,7.741164684295654,7.7704870165150695,7.692293509169872,7.711841886006171,200056954
2025-12-24,7.731390476226807,7.78026165270142,7.702068143198103,7.741164897949761,173667076
2025-12-25,7.682519912719727,7.731390624058717,7.653197113060261,7.721616668218955,165519023
2025-12-26,7.63364839553833,7.682519570772162,7.614100018658811,7.662971193892643,150069730
2025-12-29,7.692293643951416,7.721616442754683,7.594551758057322,7.633648512414959,270638611
2025-12-30,7.672745227813721,7.6922936048932815,7.614100096575038,7.662971272308977,208754643
