Date,Close,High,Low,Open,Volume
2000-01-04,6.9477667808532715,7.002689784926553,6.792151384401023,6.8287667204498765,901000
2000-01-05,6.892843246459961,7.204073578929854,6.865381528291546,6.966073912923465,1836200
2000-01-06,7.487842559814453,7.551919170391981,6.80130401692601,6.874535114926171,4799500
2000-01-07,7.963842391967773,8.229303775934087,7.496996238895789,7.506150290441139,20803300
2000-01-10,8.76022720336914,8.76022720336914,8.421535127498842,8.76022720336914,34659400
2000-01-11,8.375764846801758,9.153841744254764,8.174380956972584,8.851765036532626,20944200
2000-01-12,7.927227020263672,8.458149785617701,7.927227020263672,8.247611838967627,10305000
2000-01-13,7.71668815612793,8.037072063761023,7.707534105715422,7.872303521227371,3783500
2000-01-14,7.762458324432373,7.872305206947712,7.6709204196409,7.707535756153186,3206900
2000-01-17,8.009611129760742,8.055380510812185,7.670919106745402,7.6892263353789785,2388000
2000-01-18,8.000457763671875,8.073688430430277,7.890611763534273,8.009611815261279,2527500
2000-01-19,7.936382293701172,8.119458987014644,7.844843510555169,7.963843579453559,2047400
2000-01-20,8.375764846801758,8.467303613435657,8.009611526222919,8.009611526222919,7153900
2000-01-21,8.28422737121582,8.558842811997808,8.229303933868055,8.375765269490868,5515300
2000-01-24,8.05538272857666,8.375766738186485,7.918074547619385,8.284228823860209,4050100
2000-01-25,8.247612953186035,8.467304981016483,7.890612753227668,8.055382210589764,5317100
2000-01-26,8.165226936340332,8.375764878218273,8.128611604145108,8.265918881632603,1902900
2000-01-27,8.091996192932129,8.311688183958196,7.9638420950110715,8.238457520282841,3551500
2000-01-28,8.238458633422852,8.604612001272471,8.055381949498042,8.128612623067966,5166100
2000-01-31,8.238458633422852,8.238458633422852,8.238458633422852,8.238458633422852,0
2000-02-01,8.238458633422852,8.238458633422852,8.238458633422852,8.238458633422852,0
2000-02-02,8.238458633422852,8.238458633422852,8.238458633422852,8.238458633422852,0
2000-02-03,8.238458633422852,8.238458633422852,8.238458633422852,8.238458633422852,0
2000-02-04,8.238458633422852,8.238458633422852,8.238458633422852,8.238458633422852,0
2000-02-07,8.238458633422852,8.238458633422852,8.238458633422852,8.238458633422852,0
2000-02-08,8.238458633422852,8.238458633422852,8.238458633422852,8.238458633422852,0
2000-02-09,8.238458633422852,8.238458633422852,8.238458633422852,8.238458633422852,0
2000-02-10,8.238458633422852,8.238458633422852,8.238458633422852,8.238458633422852,0
2000-02-11,8.238458633422852,8.238458633422852,8.238458633422852,8.238458633422852,0
2000-02-14,9.062304496765137,9.062304496765137,8.329997732848437,8.51307442382761,10152300
2000-02-15,8.522226333618164,9.437610431309647,8.494764182143042,9.245379735875304,11955100
2000-02-16,8.192687034606934,8.604609680585714,7.991302300114411,8.485610522862853,9516900
2000-02-17,7.744151592254639,8.513074581595722,7.37799820351057,8.2384591035484,9147900
2000-02-18,7.753304958343506,8.037073591236128,7.487843556776958,7.6892274662560895,5461400
2000-02-21,7.9455366134643555,8.018767293249216,7.460382268666455,7.689228361238783,5485400
2000-02-22,7.597689151763916,7.963842488219212,7.551919766462401,7.945535257885655,3294500
2000-02-23,7.387150287628174,7.670919776542167,7.304766005626916,7.524458442771748,5093200
2000-02-24,7.570228099822998,7.588535330712887,7.304766268092084,7.387150553053465,3492300
2000-02-25,7.442074775695801,7.551920791542633,7.341382812747504,7.551920791542633,2580900
2000-02-28,7.615995407104492,7.615995407104492,7.3047651109609175,7.414611534324272,3368800
2000-02-29,7.551919937133789,7.734996609498922,7.414612651104549,7.68922722316303,2653000
2000-03-01,7.661766529083252,7.853997268077248,7.442074505369686,7.597689907078087,2807200
2000-03-02,7.5610737800598145,7.6892270106849026,7.432919676456315,7.661765728833585,2338900
2000-03-03,7.597689151763916,7.66176576739899,7.460380995859369,7.597689151763916,3020900
2000-03-06,7.789920330047607,8.311689083444637,7.698381554057951,7.73499688985812,8279500
2000-03-07,7.991304874420166,8.037074266045941,7.670920878996812,7.78076689511155,3272800
2000-03-08,7.872304916381836,8.082842875311924,7.799074246060201,8.055381592185924,2801400
2000-03-09,7.6892266273498535,7.945534821778984,7.670919398021125,7.872304158507337,2021000
2000-03-10,7.524458885192871,7.7349968466224,7.323074102928372,7.689227458883406,2435300
2000-03-13,7.634305953979492,7.689228528523738,7.432921143700568,7.5244599319124195,1269000
2000-03-14,7.50615119934082,7.615997212250763,7.350535796140441,7.597689979921694,2234300
2000-03-15,7.707533836364746,7.918071750625095,7.487841872011791,7.506149099218739,2909400
2000-03-16,7.423766136169434,7.716689697013208,7.396304852426679,7.643459025046882,1729300
2000-03-17,7.50615119934082,7.579381874614116,7.414613291738457,7.414613291738457,1229000
2000-03-20,7.890612602233887,8.037073951318186,7.50615112439835,7.551920514231819,4006300
2000-03-21,8.037073135375977,8.128611905749686,7.707535133391761,7.8906118011607695,5774300
2000-03-22,7.9455366134643555,8.192689939493617,7.881459113918681,8.064536686359393,3528100
2000-03-23,8.037073135375977,8.183534469591184,7.936381186347624,7.972996519901426,3707800
2000-03-24,7.77161169052124,8.146919074874704,7.744150408806656,8.101150563009867,3865500
2000-03-27,7.972998142242432,8.037074770755257,7.698382648221113,7.771613330229652,3286900
2000-03-28,8.25676441192627,8.329995064863148,8.009610303530625,8.14691755954271,5590800
2000-03-29,8.13776683807373,8.49476616061412,8.018766772900765,8.31168947303206,6028100
2000-03-30,8.375764846801758,8.421534230118707,8.146918803195389,8.192688186512338,7387600
2000-03-31,8.494765281677246,8.787688824478817,8.366612050118825,8.46730399962593,16016000
2000-04-03,8.741920471191406,9.016535943062369,8.549689728179585,8.586305066230478,12742600
2000-04-04,8.311688423156738,8.842611186571451,8.284227141732776,8.787688623723527,7775800
2000-04-05,9.144689559936523,9.144689559936523,8.329998037080063,8.329998037080063,15641400
2000-04-06,9.629842758178711,10.032611445287355,9.062303753239764,9.236227250134153,29503900
2000-04-07,9.666458129882812,9.858688858609922,9.51999591558436,9.703073465212812,16262600
2000-04-10,9.867842674255371,10.572689016048582,9.785457946203852,10.06922746805036,27663400
2000-04-11,9.812918663024902,10.14245665385462,9.62068795012964,9.86784122500733,12259700
2000-04-12,9.93191909790039,10.069226381179655,9.684764940423614,9.721380274163312,7935400
2000-04-13,10.188225746154785,10.572687160951446,10.0234563189624,10.050917599168345,9994000
2000-04-14,9.895304679870605,10.325534672880872,9.840381237689243,10.252303998624722,7490500
2000-04-17,9.474226951599121,9.959380339945465,9.41014946307829,9.886149672760297,8540900
2000-04-18,9.565764427185059,9.67561042311796,9.199611107408725,9.474226533730164,5445600
2000-04-19,9.556611061096191,9.693919220590248,9.419303774580573,9.611534499489501,3635700
2000-04-20,10.343840599060059,10.508609144939548,9.428456490700379,9.611533137776652,10114800
2000-04-21,10.206533432006836,10.526918249666299,10.078380203325768,10.398764148006833,10132200
2000-04-24,11.048687934875488,11.222611436229219,10.252303719303255,10.352996548395986,16356200
2000-04-25,10.920533180236816,11.213455828652629,10.801533136073305,11.131071115541094,7418000
2000-04-26,11.030380249023438,11.68945714520744,10.902226141355358,10.984610862500665,11824500
2000-04-27,10.590994834899902,11.167686981314992,10.444533503679256,10.984610317289185,9075800
2000-04-28,10.590994834899902,10.590994834899902,10.590994834899902,10.590994834899902,0
2000-05-01,10.590994834899902,10.590994834899902,10.590994834899902,10.590994834899902,0
2000-05-02,10.590994834899902,10.590994834899902,10.590994834899902,10.590994834899902,0
2000-05-03,10.590994834899902,10.590994834899902,10.590994834899902,10.590994834899902,0
2000-05-04,10.590994834899902,10.590994834899902,10.590994834899902,10.590994834899902,0
2000-05-05,10.590994834899902,10.590994834899902,10.590994834899902,10.590994834899902,0
2000-05-08,10.590994834899902,10.590994834899902,10.590994834899902,10.590994834899902,0
2000-05-09,10.590994834899902,10.590994834899902,10.590994834899902,10.590994834899902,0
2000-05-10,10.590994834899902,10.590994834899902,10.590994834899902,10.590994834899902,0
2000-05-11,9.785457611083984,10.060073070858198,9.629843085956361,9.703073758832353,4297200
2000-05-12,9.886149406433105,9.995995404251671,9.785456587032296,9.785456587032296,2816900
2000-05-15,10.243148803710938,10.481148904989254,9.895303576277582,10.06922618999426,5557900
2000-05-16,10.288919448852539,10.389612281795475,10.179073436260841,10.298073501479807,2380100
2000-05-17,10.07837963104248,10.343840997780298,9.977686816535426,10.343840997780298,2503600
2000-05-18,10.307228088378906,10.343843427807416,9.895305301563532,10.06007389250255,2347200
2000-05-19,10.691688537597656,10.874765216739027,10.179072963023351,10.325534306336447,6003900
2000-05-22,10.893070220947266,11.066993685304714,10.554378215540687,10.709993579238073,5987700
2000-05-23,10.819843292236328,11.0303821574767,10.645920640932188,10.893073974151608,4017300
2000-05-24,11.112765312194824,11.533842109802956,10.893072424719541,10.893072424719541,8052700
2000-05-25,12.137994766235352,12.137994766235352,11.121917740111389,11.240917791503312,12723400
2000-05-26,11.780996322631836,12.266149777227863,11.5796115238835,12.137996528643177,9982200
2000-05-29,12.723841667175293,12.769611057657206,11.945765520896812,11.964072753302469,13313800
2000-05-30,12.339378356933594,12.806224499366897,12.220379181469466,12.678071272566026,8991800
2000-05-31,12.375995635986328,12.494994821774482,12.128841466322177,12.284456860634021,5820200
2000-06-01,11.991535186767578,12.494995874695201,11.909150456603848,12.449227356140714,6504300
2000-06-02,12.083070755004883,12.46753217260317,11.982378811530422,11.991532862658564,5751700
2000-06-05,11.661995887756348,12.000687977346677,11.533842643195873,12.000687977346677,8600300
2000-06-06,12.1196870803833,12.192917749456797,11.350764182133155,11.625379627647984,5492800
2000-06-07,11.890841484069824,12.302764231884684,11.808456759911158,12.17461099250762,3420000
2000-06-08,11.945764541625977,12.083071828837246,11.62537970749509,11.881687051012735,2924900
2000-06-09,11.661995887756348,11.918304122834304,11.607073318081431,11.899996017623662,2580800
2000-06-12,11.927456855773926,11.991534348632944,11.442303434581637,11.625380114939249,2230900
2000-06-13,12.375995635986328,12.531610157319712,11.92745668433418,12.037302690969872,6575700
2000-06-14,12.17461109161377,12.531610401902812,12.018995694264735,12.430918445432809,4962300
2000-06-15,12.568224906921387,12.7055330635484,12.183764338109643,12.183764338109643,6143300
2000-06-16,12.632303237915039,12.99845660070392,12.577379797007469,12.705533910472814,9175600
2000-06-19,12.787918090820312,13.13576420714729,12.632302700016707,12.815379373615526,6863500
2000-06-20,12.275301933288574,12.90691751763343,12.266147881810324,12.81537874880773,5691600
2000-06-21,12.4949951171875,12.522457274229541,12.192918373552882,12.247841814658486,2438500
2000-06-22,12.339378356933594,12.62314783752395,12.302763024565005,12.522455891754925,2654900
2000-06-23,12.385149002075195,12.494995010368859,12.220380426123938,12.339379613708218,3219800
2000-06-26,12.632303237915039,12.888610591867256,12.4492265565206,12.4492265565206,3502000
2000-06-27,12.586533546447754,12.769610223436757,12.467533488160287,12.723840835944893,2506100
2000-06-28,12.980149269104004,12.99845650061324,12.540764364162222,12.540764364162222,4207800
2000-06-29,12.824533462524414,13.135764245029177,12.778764075748105,13.071686754350969,4128700
2000-06-30,12.678071022033691,12.906917063059726,12.63230163923281,12.824532348613815,2845700
2000-07-03,12.211226463317871,12.586533879315448,12.128841738249433,12.35768780878244,3495300
2000-07-04,12.330224990844727,12.348532220261097,12.064763616969568,12.08307084638594,1776200
2000-07-05,12.485841751098633,12.742149102142037,12.266148862940105,12.339379534666792,2188800
2000-07-06,12.87945556640625,13.035070952078147,12.522456282905884,12.522456282905884,5504500
2000-07-07,13.007609367370605,13.12660941675987,12.815378652661547,12.952685931891564,4490600
2000-07-10,13.511069297790527,13.639222510924435,13.181530468638671,13.181530468638671,6021900
2000-07-11,13.620916366577148,13.776531743170077,13.346300944767368,13.538531652736378,5422400
2000-07-12,13.630073547363281,13.813150246281216,13.364612115687637,13.639226727575258,3499100
2000-07-13,13.263916969299316,13.730763125066392,13.227301635884942,13.712455021870001,5085400
2000-07-14,13.72160816192627,13.730762212916352,13.19983947718852,13.263916088162391,4477000
2000-07-17,14.14268684387207,14.554609592144368,13.639225319104384,13.922994827857305,9057100
2000-07-18,14.353225708007812,15.286918087319863,14.334917603482413,15.112994586242456,20095600
2000-07-19,14.014533996582031,14.508841482938829,13.895533932998923,14.426456756382947,10355300
2000-07-20,14.435608863830566,14.46307014465623,14.005378056996086,14.014532108264099,7130300
2000-07-21,14.151840209960938,14.463070987380966,14.087763593308024,14.463070987380966,3933200
2000-07-24,13.849762916564941,14.206763065378137,13.712454764108301,14.151839629799802,5359500
2000-07-25,13.895533561706543,14.051148958158791,13.7124560084838,13.849764173400857,2403800
2000-07-26,13.959609031677246,14.032839697742855,13.813147699546029,13.895532417114438,3267400
2000-07-27,13.813148498535156,14.060301792557988,13.758225059319832,13.987071122256523,3622800
2000-07-28,13.73991584777832,13.89553121798333,13.556839198413114,13.813146507524404,4199000
2000-07-31,14.371532440185547,14.463071213674894,13.758224927550875,13.767378979495499,5215300
2000-08-01,14.225069999694824,14.463070093958645,14.142685284528243,14.444761991486795,2337500
2000-08-02,14.179302215576172,14.279995044570324,14.01453363963947,14.23422565620739,1762400
2000-08-03,14.032841682434082,14.234226479085937,13.95961100601132,14.18845708807708,2012100
2000-08-04,13.822301864624023,14.005378531292349,13.730763094800656,14.005378531292349,3082300
2000-08-07,13.776534080505371,13.913841378216722,13.593457392564067,13.730764690275418,2436000
2000-08-08,13.913839340209961,13.922993391510829,13.73076267908451,13.895532110586606,1996800
2000-08-09,13.822301864624023,13.987070428136313,13.739917146378673,13.959609146380666,2350200
2000-08-10,14.197609901428223,14.279994623456302,13.730763725254734,13.822302499281145,3344000
2000-08-11,13.97791862487793,14.261687267890323,13.941302414963047,14.234225983432655,1543800
2000-08-14,13.98707103729248,14.051148528150863,13.803994362650911,14.005379141245859,2110300
2000-08-15,14.12437915802002,14.234225162493976,13.849763710345908,13.987070997693742,3625400
2000-08-16,14.096916198730469,14.261685632539782,13.959608919208302,14.124378353017615,2988400
2000-08-17,14.20676326751709,14.417301215443134,14.078609164663147,14.096916394797478,4591500
2000-08-18,13.895533561706543,14.334917594292795,13.858918225657689,14.234225638403064,3459300
2000-08-21,13.80399227142334,13.895531031365737,13.593454345725466,13.895531031365737,5512200
2000-08-22,13.620916366577148,13.822301125634768,13.620916366577148,13.822301125634768,2879500
2000-08-23,13.401224136352539,13.620916120642331,12.815377971934746,13.529377357365746,6935200
2000-08-24,13.72160816192627,13.987069529790185,13.401224234078565,13.401224234078565,4050600
2000-08-25,13.666687965393066,13.822303367222425,13.547687900877763,13.77653397733523,1810500
2000-08-28,13.474456787109375,13.666687519987878,13.456148682559768,13.666687519987878,2426100
2000-08-29,13.364609718322754,13.501916999636165,13.172379000696933,13.474455717969164,3997900
2000-08-30,13.410378456115723,13.684993896349093,13.199840504823136,13.392071225688655,2147900
2000-08-31,13.025917053222656,13.4103784961,12.998455771010967,13.318840597734894,2171100
2000-09-01,12.8611478805542,13.099147976442621,12.833686599637344,12.952685774603175,2638700
2000-09-04,13.089994430541992,13.135763815822802,12.787917709858426,12.824533043487392,1829100
2000-09-05,12.613993644714355,13.163224497061655,12.549917032032575,13.108301062635576,2488100
2000-09-06,12.092225074768066,12.58653249795025,12.083071023436563,12.540763114271117,2359100
2000-09-07,12.266148567199707,12.522456785041912,12.092225944286769,12.110533175287813,1461400
2000-09-08,12.229532241821289,12.421762953146086,12.137994348272285,12.284455676333392,1091400
2000-09-11,12.083070755004883,12.266147412675885,11.899994097333881,12.256994234526108,1499800
2000-09-12,12.348533630371094,12.35768768261379,12.128841614417237,12.147149718902627,900400
2000-09-13,12.586533546447754,12.687225500547092,12.229533371585354,12.357687481966886,2074100
2000-09-14,12.797069549560547,12.952684919446046,12.632301001959323,12.65976228106314,2876800
2000-09-15,12.613993644714355,12.81537840697215,12.522455751308723,12.797070304503997,1004700
2000-09-18,12.192917823791504,12.61399461002044,12.174610592900736,12.586533327195069,1267800
2000-09-19,12.018994331359863,12.14714843022647,11.89999428376481,12.128840327683363,1202800
2000-09-20,12.247841835021973,12.311918455602978,11.99153447971947,12.018995763828688,999900
2000-09-21,12.037302017211914,12.266148069805132,12.028148838571777,12.266148069805132,596100
2000-09-22,12.009841918945312,12.137996035299766,11.909149960152991,11.909149960152991,551300
2000-09-25,12.037302017211914,12.128840787440566,11.954918171580221,11.982379453457451,513400
2000-09-26,12.229532241821289,12.348532289115532,12.064763684241731,12.064763684241731,551500
2000-09-27,12.339378356933594,12.522455891754925,12.174609797764134,12.174609797764134,870800
2000-09-28,12.101380348205566,12.403457088824522,12.083072243693644,12.403457088824522,631600
2000-09-29,12.17461109161377,12.247841764133495,11.991534410314456,12.083072314474874,671600
2000-10-02,12.17461109161377,12.17461109161377,12.17461109161377,12.17461109161377,0
2000-10-03,12.17461109161377,12.17461109161377,12.17461109161377,12.17461109161377,0
2000-10-04,12.17461109161377,12.17461109161377,12.17461109161377,12.17461109161377,0
2000-10-05,12.17461109161377,12.17461109161377,12.17461109161377,12.17461109161377,0
2000-10-06,12.17461109161377,12.17461109161377,12.17461109161377,12.17461109161377,0
2000-10-09,12.128841400146484,12.266148689447327,12.046456677374596,12.174610787572917,453500
2000-10-10,12.284456253051758,12.35768692052027,12.092225532702306,12.174610251848987,616000
2000-10-11,12.220379829406738,12.440071835266574,12.174610443274664,12.311917728692455,728600
2000-10-12,12.073918342590332,12.27530312985025,12.046457058457133,12.174611172709533,688700
2000-10-13,11.991535186767578,12.247842557182546,11.973227080962957,12.037303705322065,771000
2000-10-16,11.964071273803711,12.165456043233418,11.918302761960128,11.945764043661958,647400
2000-10-17,12.147148132324219,12.156301310392918,11.92745527208669,11.945763374180798,463600
2000-10-18,12.192917823791504,12.211225927660712,12.083071819511577,12.174610592900736,325700
2000-10-19,12.083070755004883,12.211224851863767,11.991532862658564,12.174609520329566,408600
2000-10-20,12.330224990844727,12.39430160326958,11.991532953347344,12.08307084638594,968100
2000-10-23,12.641456604003906,12.705533220769023,12.266148336295343,12.357687108512735,1980600
2000-10-24,12.485841751098633,12.659764378204898,12.39430297495104,12.650610325994444,827600
2000-10-25,12.467533111572266,12.61399444873953,12.449225880915574,12.49499439404652,1158700
2000-10-26,12.311918258666992,12.586533714302002,12.284456974997031,12.49499493809751,785500
2000-10-27,12.357686996459961,12.449225767847329,12.174610326663647,12.311917610766278,702900
2000-10-30,12.202071189880371,12.357686572108154,12.092225191774595,12.348532520688074,761500
2000-10-31,12.202071189880371,12.357686572108154,12.174609908598526,12.174609908598526,664100
2000-11-01,12.293610572814941,12.321071855469874,12.128841130928473,12.174610517338985,615300
2000-11-02,12.751303672790527,12.88861096961604,12.247842129466143,12.357688141522253,4436700
2000-11-03,12.705533981323242,12.797071886041671,12.549918583025583,12.751303370171698,1445700
2000-11-06,13.016762733459473,13.0716852930685,12.714686036674784,12.714686036674784,2526200
2000-11-07,12.989302635192871,13.089995465366568,12.906918782748686,13.053380128842992,1380700
2000-11-08,13.199841499328613,13.318841561494752,12.778764692040157,13.044226100571239,2116000
2000-11-09,13.181533813476562,13.282226647036525,13.089995905578476,13.199841918843287,1611000
2000-11-10,13.071688652038574,13.346304139585392,13.025919258617677,13.273073459303385,2600500
2000-11-13,13.318840026855469,13.355455359227768,12.906917319422492,13.071685878608653,2964200
2000-11-14,13.428686141967773,13.501916807355839,13.016763430915306,13.3463014251616,2159400
2000-11-15,13.282225608825684,13.52937890110804,13.227302169997136,13.419532896429388,1799900
2000-11-16,13.218149185180664,13.364611409555096,13.181533847331686,13.254764523029644,1290700
2000-11-17,13.29137897491455,13.511070972935023,13.190686154421368,13.236455538920232,1585400
2000-11-20,13.25476360321045,13.364610482113036,13.12661036612152,13.327995146804993,1246600
2000-11-21,13.263916969299316,13.630071176421465,13.263916969299316,13.273071020897513,2179600
2000-11-22,13.456148147583008,13.51107158606976,13.24561019150374,13.282225526168762,1615500
2000-11-23,13.401224136352539,13.547685459212401,13.291378144207643,13.47445479778247,1839100
2000-11-24,12.8703031539917,13.401225958017651,12.815379713964186,13.364610622325465,2726300
2000-11-27,12.961840629577637,13.0442253504147,12.678072005559345,12.815379291635494,1390000
2000-11-28,13.016762733459473,13.0716852930685,12.906916741263071,12.961839300872098,1167900
2000-11-29,12.769610404968262,13.071687144539023,12.723841016825743,13.025917756396506,1540300
2000-11-30,12.769610404968262,12.888610464947421,12.687225680907423,12.742149121274139,801500
2000-12-01,12.925224304199219,13.044224350398858,12.769608926321103,12.797070206835368,705200
2000-12-04,12.87945556640625,12.943533054786592,12.797070847758961,12.925224951541233,748500
2000-12-05,12.824533462524414,12.906918184126079,12.815379410573463,12.906918184126079,790000
2000-12-06,12.595687866210938,12.897764607906796,12.540764425457839,12.842841167153697,1161700
2000-12-07,12.613993644714355,12.67807113037451,12.5407629807985,12.549917032032575,871500
2000-12-08,12.604841232299805,12.678071900664989,12.522456512144366,12.632302514692142,657100
2000-12-11,12.348533630371094,12.604841855295732,12.293611062871864,12.604841855295732,1172900
2000-12-12,12.604841232299805,12.632302514692142,12.311917685860644,12.35768707183349,661100
2000-12-13,12.705533981323242,12.806225938407058,12.568225814777877,12.632303308357107,616900
2000-12-14,12.595687866210938,12.769610494801881,12.595687866210938,12.705533874738661,370400
2000-12-15,12.540763854980469,12.678072014127853,12.494994468598007,12.678072014127853,368200
2000-12-18,12.412610054016113,12.540763282462358,12.302763182521625,12.540763282462358,991900
2000-12-19,12.385149002075195,12.522457167176128,12.339379613708218,12.430918390442173,1415300
2000-12-20,12.540763854980469,12.632302627745391,12.403456568811519,12.403456568811519,516700
2000-12-21,12.623149871826172,12.8428419014425,12.559073248099375,12.559073248099375,757500
2000-12-22,12.778763771057129,12.93437915859909,12.540763663877847,12.623148383515169,1228700
2000-12-25,12.778763771057129,12.778763771057129,12.778763771057129,12.778763771057129,0
2000-12-26,12.980149269104004,13.089995277094832,12.723841044146935,13.089995277094832,850900
2000-12-27,12.83368968963623,13.07168896984994,12.797073475626409,13.044227682321164,847500
2000-12-28,12.8703031539917,12.961841056732936,12.723840938244484,12.79707160962886,482600
2000-12-29,12.952686309814453,12.989301643542683,12.87030246365975,12.87030246365975,608600
2001-01-01,12.952686309814453,12.952686309814453,12.952686309814453,12.952686309814453,0
2001-01-02,13.154069900512695,13.181531180098114,12.952685146603505,12.980147299167262,1267900
2001-01-03,13.135765075683594,13.227302982046266,13.071687580953375,13.163226360294546,1226200
2001-01-04,12.934379577636719,13.135764357387984,12.906918294527417,13.135764357387984,1037400
2001-01-05,13.044224739074707,13.080840071844202,12.934378740766222,12.934378740766222,1041500
2001-01-08,12.980149269104004,13.163225949088718,12.906918597110119,13.089995277094832,1319800
2001-01-09,13.126609802246094,13.163225135981264,12.88860969647827,12.952686312270215,987900
2001-01-10,13.75822639465332,13.987072479801146,13.126611583755874,13.126611583755874,6453200
2001-01-11,13.730764389038086,13.89553384105966,13.6209183786832,13.877225736177934,2815400
2001-01-12,13.694149017333984,13.785687795552217,13.501918281458487,13.73076435402558,2138400
2001-01-15,13.218149185180664,13.694149450195908,13.089995939198495,13.694149450195908,1902800
2001-01-16,13.364609718322754,13.364609718322754,12.998455513189645,13.089994282717523,1306600
2001-01-17,13.57514762878418,13.730763012767145,13.364609681618049,13.364609681618049,2151300
2001-01-18,13.547686576843262,13.684993860107108,13.47445590937209,13.584301910578848,1092600
2001-01-19,13.630073547363281,13.684996120549382,13.593458207579696,13.593458207579696,1498000
2001-01-22,13.630073547363281,13.630073547363281,13.630073547363281,13.630073547363281,0
2001-01-23,13.630073547363281,13.630073547363281,13.630073547363281,13.630073547363281,0
2001-01-24,13.630073547363281,13.630073547363281,13.630073547363281,13.630073547363281,0
2001-01-25,13.630073547363281,13.630073547363281,13.630073547363281,13.630073547363281,0
2001-01-26,13.630073547363281,13.630073547363281,13.630073547363281,13.630073547363281,0
2001-01-29,13.630073547363281,13.630073547363281,13.630073547363281,13.630073547363281,0
2001-01-30,13.630073547363281,13.630073547363281,13.630073547363281,13.630073547363281,0
2001-01-31,13.630073547363281,13.630073547363281,13.630073547363281,13.630073547363281,0
2001-02-01,13.630073547363281,13.630073547363281,13.630073547363281,13.630073547363281,0
2001-02-02,13.630073547363281,13.630073547363281,13.630073547363281,13.630073547363281,0
2001-02-05,13.29137897491455,13.776532355454359,13.199840205916821,13.694147637952083,916400
2001-02-06,13.227302551269531,13.291380043912923,12.906918579966453,13.236456603501226,993800
2001-02-07,13.144916534423828,13.364609401486776,13.13576335607076,13.318840017807897,648100
2001-02-08,12.998456001281738,13.318840833681358,12.998456001281738,13.163225443427649,649600
2001-02-09,13.208993911743164,13.263916473321801,13.089993864351614,13.089993864351614,620300
2001-02-12,13.59345531463623,13.620916595385003,13.27307050497985,13.27307050497985,2105700
2001-02-13,13.59345531463623,13.68499320812493,13.511070599411541,13.59345531463623,1229500
2001-02-14,13.65753173828125,13.66668578939689,13.46530102974462,13.593455126428495,770500
2001-02-15,13.556839942932129,13.72160849992047,13.501916508617102,13.694147219252141,802600
2001-02-16,13.465301513671875,13.483608743582733,13.208994184071104,13.45614746222725,776200
2001-02-19,13.611762046813965,13.684992708120667,13.364608783148428,13.50191605485391,874600
2001-02-20,13.849762916564941,13.913839530591005,13.529378100477839,13.547686203330082,4925800
2001-02-21,13.913839340209961,14.197608819688195,13.73076267908451,14.197608819688195,11129600
2001-02-22,13.941301345825195,14.10607078589227,13.822302164641671,13.904686011696782,4122500
2001-02-23,14.041994094848633,14.060301325326414,13.730763319920554,13.959609375252562,3657600
2001-02-26,14.398992538452148,14.426454692026736,14.051147322957725,14.12437798653322,6172000
2001-02-27,14.36237907409668,14.609533250533358,14.344071842311639,14.389841231241967,4590400
2001-02-28,14.179302215576172,14.417302336680654,14.12437964792343,14.37153294831772,2578900
2001-03-01,14.225069999694824,14.353224098062661,14.160993387000094,14.17930061649357,1661300
2001-03-02,14.188454627990723,14.398992567957096,14.179300576780436,14.27999339413685,2391400
2001-03-05,14.023685455322266,14.279993656040928,13.99622417416612,14.243378323506603,2634200
2001-03-06,14.133532524108887,14.188455963562227,13.922994564324394,14.023686518180657,1652900
2001-03-07,14.023685455322266,14.234224272128426,13.959608841631795,14.188454888215922,1732100
2001-03-08,14.023685455322266,14.096916120390915,13.959608841631795,14.014532276922475,1029300
2001-03-09,14.060301780700684,14.170147786060244,14.005379214510127,14.023686445580829,1439400
2001-03-12,14.188454627990723,14.30745467478934,14.041993300539616,14.060300529981818,1379400
2001-03-13,13.968762397766113,14.21591566536572,13.95960834671248,14.188454385183176,1303300
2001-03-14,13.968762397766113,13.968762397766113,13.968762397766113,13.968762397766113,0
2001-03-15,14.07861042022705,14.243379871022594,13.987071642456531,14.133532988506577,1235500
2001-03-16,13.941301345825195,14.09691673411556,13.932148167026913,14.078609503540566,1434300
2001-03-19,13.97791862487793,14.005379909335598,13.868071741090267,13.941302414963047,1583100
2001-03-20,14.179302215576172,14.215917551670826,13.904686758377037,13.977918303544817,1715500
2001-03-21,14.170146942138672,14.20676314805625,14.07860904627992,14.188455045097461,1110000
2001-03-22,14.160994529724121,14.23422519956414,14.078609807909489,14.188455812669517,1718700
2001-03-23,13.822301864624023,14.188455197960677,13.803993761467986,14.16099391620503,2729100
2001-03-26,13.88637924194336,13.996225247973856,13.776533235912863,13.785687287993351,1620900
2001-03-27,13.913839340209961,13.99622405596101,13.877224007984871,13.959608723735919,1786800
2001-03-28,14.115226745605469,14.179303370746737,13.877226605111405,13.922995997203117,1860600
2001-03-29,14.041994094848633,14.261686098452541,13.987070657458446,14.115224762716602,1640100
2001-03-30,14.170146942138672,14.188455045097461,14.023685610381952,14.04199371334074,1542800
2001-04-02,14.298299789428711,14.307453840104959,14.142684419845782,14.1884538002487,2401100
2001-04-03,14.06945514678955,14.35322463486749,14.041993865033106,14.325762480132639,1869100
2001-04-04,13.83145523071289,14.09691661922497,13.822302051989206,14.078609388799181,2303600
2001-04-05,13.895533561706543,13.932148897755397,13.776533501303149,13.822302889608833,1245900
2001-04-06,13.813148498535156,13.959609839138086,13.776533163384425,13.913840451955059,1886400
2001-04-09,13.666687965393066,13.822303367222425,13.611764522932733,13.803995262076146,2068100
2001-04-10,13.6849946975708,13.749072190263162,13.63922530935582,13.67584064533211,1512600
2001-04-11,13.730764389038086,13.77653377826391,13.446994874220763,13.71245628415636,3585100
2001-04-12,13.694149017333984,13.849764416517887,13.620918343950793,13.74907245886062,1365700
2001-04-13,13.675838470458984,13.712453800612327,13.620915911718138,13.69414657202482,1067000
2001-04-16,13.73991584777832,13.785685228364205,13.602607706020672,13.657531137319395,1986700
2001-04-17,13.840611457824707,13.987072816164881,13.730765439069577,13.822304224521464,1735500
2001-04-18,13.840611457824707,13.840611457824707,13.840611457824707,13.840611457824707,0
2001-04-19,13.712456703186035,13.840610822338823,13.639226027378305,13.639226027378305,803200
2001-04-20,13.465301513671875,13.767378227517383,13.45614746222725,13.730762894717273,2393000
2001-04-23,13.282225608825684,13.419532896429388,13.199840887072085,13.410378844461556,1855200
2001-04-24,13.327996253967285,13.410380110520206,13.236457471603781,13.282226862785533,811700
2001-04-25,13.181533813476562,13.456149283127848,13.172380633771713,13.337149217179673,1135100
2001-04-26,13.227302551269531,13.327995379861232,13.18153316308953,13.18153316308953,674100
2001-04-27,13.373764038085938,13.446994710765706,13.227302692726402,13.227302692726402,594900
2001-04-30,13.245611190795898,13.419533825331436,13.227303085592945,13.39207254050551,675800
2001-05-01,13.245611190795898,13.245611190795898,13.245611190795898,13.245611190795898,0
2001-05-02,13.245611190795898,13.245611190795898,13.245611190795898,13.245611190795898,0
2001-05-03,13.245611190795898,13.245611190795898,13.245611190795898,13.245611190795898,0
2001-05-04,13.245611190795898,13.245611190795898,13.245611190795898,13.245611190795898,0
2001-05-07,13.245611190795898,13.245611190795898,13.245611190795898,13.245611190795898,0
2001-05-08,13.154069900512695,13.273069942687293,13.135762671781864,13.263915891832708,819800
2001-05-09,13.547686576843262,13.712455142164194,13.19068641818748,13.19068641818748,1549600
2001-05-10,13.57514762878418,13.666686398060653,13.50191696255436,13.63922424349067,701100
2001-05-11,13.6849946975708,13.6849946975708,13.547687405904332,13.59345679411931,740300
2001-05-14,13.72160816192627,13.749070314896516,13.648377499962317,13.712454110936187,1075700
2001-05-15,13.822301864624023,13.913839761468983,13.739917146378673,13.776532479712339,2483500
2001-05-16,13.227302551269531,13.456148619191074,13.18153316308953,13.456148619191074,950300
2001-05-17,13.053380012512207,13.227302641204588,13.007610624021009,13.227302641204588,1212500
2001-05-18,13.108302116394043,13.254763455999583,12.998456111689888,13.04422549856123,856800
2001-05-21,13.025917053222656,13.108301772836148,12.998455771010967,13.089994542354495,1226400
2001-05-22,12.934379577636719,13.025917478993875,12.916071473578217,13.025917478993875,1131000
2001-05-23,12.824533462524414,12.934379467000488,12.797071306671564,12.925225415049537,1562300
2001-05-24,12.943534851074219,13.154072829743564,12.842842015207546,12.861150120993681,784800
2001-05-25,12.83368968963623,12.998458287787477,12.797073475626409,12.980151053761157,1000300
2001-05-28,12.54991626739502,12.833685727513325,12.54076221671868,12.815377626160643,1404500
2001-05-29,12.595687866210938,12.705533874738661,12.540764425457839,12.540764425457839,642200
2001-05-30,12.787918090820312,12.806225321690976,12.540763926728076,12.613994596167604,714000
2001-05-31,12.623149871826172,12.870304059878434,12.586534533556785,12.797072510361133,731800
2001-06-01,12.88861083984375,12.88861083984375,12.540764702012526,12.632303480960188,1072600
2001-06-04,12.714686393737793,12.906917103724442,12.687224240183722,12.88860900135506,820400
2001-06-05,12.769610404968262,12.797071688662385,12.723841016825743,12.723841016825743,755600
2001-06-06,12.714686393737793,12.797070235464897,12.64145573021701,12.778763006073886,719600
2001-06-07,12.83368968963623,12.989304234285022,12.723842793563945,12.742150900568856,1195100
2001-06-08,12.787918090820312,12.897764094979605,12.723840600326897,12.85199470833529,587200
2001-06-11,12.714686393737793,12.815378337834279,12.705532342553102,12.787917057258577,607100
2001-06-12,12.659762382507324,12.714685814133388,12.632301103183456,12.714685814133388,862800
2001-06-13,12.696379661560059,12.797071616523207,12.65061027367555,12.678072430193334,760900
2001-06-14,12.73299503326416,12.980149204752054,12.696379697448746,12.696379697448746,1163500
2001-06-15,12.851994514465332,12.925225182800189,12.76960979434401,12.815379180297903,770500
2001-06-18,12.540763854980469,12.906918073061723,12.494994468598007,12.888609969317365,820100
2001-06-19,12.485841751098633,12.595687758688664,12.44922641523529,12.540764318404413,591500
2001-06-20,12.256994247436523,12.540762848880883,12.238686145160958,12.494993466170332,1121800
2001-06-21,12.412610054016113,12.540763282462358,12.266147849682927,12.266147849682927,627000
2001-06-22,12.421762466430664,12.49499312759186,12.339377754379734,12.4309165173204,576700
2001-06-25,12.4949951171875,12.4949951171875,12.357687823891212,12.421764444365683,844800
2001-06-26,12.485841751098633,12.531610266193962,12.412611079371946,12.504148982541071,687600
2001-06-27,12.430917739868164,12.522456511811423,12.412610509266568,12.494994356441389,598400
2001-06-28,12.311918258666992,12.449226422973732,12.311918258666992,12.430918318541446,838000
2001-06-29,12.375995635986328,12.494994821774482,12.293610912764944,12.31191814404833,467900
2001-07-02,12.540763854980469,12.623148575873211,12.440071903321801,12.440071903321801,648000
2001-07-03,12.522456169128418,12.613994065588273,12.430917399690161,12.55907150230804,381200
2001-07-04,12.4949951171875,12.613995178767574,12.45837978077659,12.586533894704013,255300
2001-07-05,12.330224990844727,12.52245570109766,12.302762837252613,12.494993547505548,544500
2001-07-06,12.275301933288574,12.348532599157776,12.247840651832224,12.330225369179674,596700
2001-07-09,12.092225074768066,12.31191706885384,12.07391697210506,12.31191706885384,634800
2001-07-10,12.302763938903809,12.31191799092088,12.09222598038188,12.09222598038188,397300
2001-07-11,12.156301498413086,12.357686259671302,12.1196861666369,12.357686259671302,426300
2001-07-12,12.083070755004883,12.183763571457707,12.083070755004883,12.183763571457707,440500
2001-07-13,12.083070755004883,12.174609520329566,12.083070755004883,12.083070755004883,499900
2001-07-16,12.211226463317871,12.266149031377845,12.083072349547134,12.17461112695173,575600
2001-07-17,12.440072059631348,12.449226111618547,12.211225997822025,12.266148563788333,1572500
2001-07-18,12.037302017211914,12.36684089165233,11.85422534973302,12.33937873679669,1216800
2001-07-19,11.744379043579102,12.02814852551963,11.716917762416594,12.018994474139332,1205700
2001-07-20,11.808457374572754,11.808457374572754,11.7169194663927,11.744380751548865,1104400
2001-07-23,11.552148818969727,11.817610209397726,11.533841588411809,11.808456157629555,1293000
2001-07-24,11.25007152557373,11.515532902578348,11.213456193330968,11.515532902578348,1567400
2001-07-25,10.99376392364502,11.213455911581608,10.99376392364502,11.213455911581608,1167000
2001-07-26,10.74660873413086,10.993762851182945,10.673378078629117,10.98460880100066,1648900
2001-07-27,10.874764442443848,10.9663023390077,10.709995006459145,10.737456288130462,739600
2001-07-30,10.417074203491211,10.801535707553414,10.417074203491211,10.801535707553414,824900
2001-07-31,10.050917625427246,10.526917806125125,10.050917625427246,10.334687098224576,860900
2001-08-01,10.407917976379395,10.417072027654221,10.069225936016254,10.069225936016254,848700
2001-08-02,10.160764694213867,10.435379248399341,9.931918650407054,10.417072018843552,631200
2001-08-03,10.206533432006836,10.206533432006836,10.096687433289464,10.160764920608395,348300
2001-08-06,9.611534118652344,10.20653350061565,9.593226015587183,10.20653350061565,640100
2001-08-07,9.886149406433105,9.950226020249337,9.59322587260521,9.6115339753975,582700
2001-08-08,9.91361141204834,9.977688030546764,9.886150128831652,9.886150128831652,326700
2001-08-09,10.252305030822754,10.298074425085519,9.968536357755072,9.968536357755072,530400
2001-08-10,10.444533348083496,10.517764012602878,10.298072019044735,10.298072019044735,777600
2001-08-13,10.325531959533691,10.499455419922253,10.252301304521119,10.444531992173689,452500
2001-08-14,10.142457008361816,10.417072446807682,10.105841674767595,10.417072446807682,432100
2001-08-15,10.261456489562988,10.261456489562988,10.160764546028703,10.160764546028703,204800
2001-08-16,10.069226264953613,10.27061103468664,10.069226264953613,10.27061103468664,293400
2001-08-17,10.041765213012695,10.060072443600975,9.977687723507646,10.023457109445987,280900
2001-08-20,10.114997863769531,10.160767258678254,10.069228468860809,10.160767258678254,210200
2001-08-21,10.215688705444336,10.343842822433167,10.114996746153578,10.114996746153578,127100
2001-08-22,9.97768783569336,10.252303281432663,9.92276527033256,10.233996050638542,416400
2001-08-23,9.995996475219727,10.023457759371965,9.794611687820192,9.977688370465913,180000
2001-08-24,9.959380149841309,10.069226148522327,9.941072046905274,9.995995482734982,179800
2001-08-27,9.657304763793945,9.931920234764954,9.638996658339236,9.931920234764954,441600
2001-08-28,9.574917793273926,9.62984122379942,9.42845647584369,9.59322502146355,394300
2001-08-29,9.620688438415527,9.776303826894441,9.611534386627726,9.611534386627726,179500
2001-08-30,9.510842323303223,9.629842376200578,9.510842323303223,9.620688324521147,210000
2001-08-31,9.53830337524414,9.61153404095601,9.43761142813492,9.474226760990854,167100
2001-09-03,9.373533248901367,9.47422606155533,9.35522602031413,9.42845668061974,248100
2001-09-04,9.602380752563477,9.62068885693552,9.373534685783726,9.373534685783726,295900
2001-09-05,9.684764862060547,9.803764913996297,9.611534195173686,9.611534195173686,326800
2001-09-06,9.59322738647461,9.703074274606069,9.547458868228116,9.666458936221757,175400
2001-09-07,9.336918830871582,9.584072988281239,9.336918830871582,9.584072988281239,367800
2001-09-10,9.455918312072754,9.46507236319638,9.153841608819963,9.162995659943592,347300
2001-09-11,9.400996208190918,9.455918771645276,9.364380001916803,9.41014938678104,335000
2001-09-12,9.638995170593262,9.886149318213326,9.437611279545486,9.886149318213326,502300
2001-09-13,9.483378410339355,9.721378472016202,9.483378410339355,9.65730186809484,267700
2001-09-14,9.327764511108398,9.56576461000073,9.300303229844943,9.483379893231971,294700
2001-09-17,9.162997245788574,9.327765829638635,9.15384319308065,9.309458597201301,426000
2001-09-18,9.227073669433594,9.474227849336625,9.153842995309398,9.162997047819546,142300
2001-09-19,9.364378929138184,9.364378929138184,9.190456334152659,9.245379764293423,168500
2001-09-20,9.400996208190918,9.483380053372455,9.38268810505386,9.428457489918097,293600
2001-09-21,9.364378929138184,9.465071738899868,9.336917650556954,9.382687030177873,214600
2001-09-24,9.364378929138184,9.364378929138184,9.364378929138184,9.364378929138184,0
2001-09-25,9.327764511108398,9.49253394464592,9.300303229844943,9.373533895199754,169800
2001-09-26,9.20876693725586,9.336920187440281,9.20876693725586,9.336920187440281,170900
2001-09-27,9.20876693725586,9.291150795383611,9.16299754519919,9.172151598206232,216700
2001-09-28,9.20876693725586,9.20876693725586,9.20876693725586,9.20876693725586,0
2001-10-01,9.20876693725586,9.20876693725586,9.20876693725586,9.20876693725586,0
2001-10-02,9.20876693725586,9.20876693725586,9.20876693725586,9.20876693725586,0
2001-10-03,9.20876693725586,9.20876693725586,9.20876693725586,9.20876693725586,0
2001-10-04,9.20876693725586,9.20876693725586,9.20876693725586,9.20876693725586,0
2001-10-05,9.20876693725586,9.20876693725586,9.20876693725586,9.20876693725586,0
2001-10-08,8.970766067504883,9.245381524536572,8.970766067504883,9.199612136201546,250400
2001-10-09,9.025688171386719,9.080611609162494,8.93415027239833,8.952457503004636,159600
2001-10-10,8.567996978759766,9.016535962050973,8.567996978759766,9.016535962050973,352000
2001-10-11,8.26591968536377,8.659535199469152,8.238458401791767,8.522227908630676,413500
2001-10-12,8.604610443115234,8.677841103424258,8.265918420941418,8.28422652250784,655700
2001-10-15,8.467305183410645,8.650381877645437,8.421535791607312,8.604612485842104,235300
2001-10-16,8.35745906829834,8.513074474807155,8.329997782731645,8.513074474807155,148800
2001-10-17,8.348305702209473,8.421536385063876,8.265920965753617,8.32999846798517,165900
2001-10-18,8.320841789245605,8.595457199800647,8.284226459370155,8.348303068407612,157800
2001-10-19,8.000457763671875,8.311688533884288,7.963842430292675,8.25676597030469,529300
2001-10-22,7.597689151763916,7.954688436563226,7.551919766462401,7.954688436563226,381800
2001-10-23,8.35745906829834,8.35745906829834,8.073689540847406,8.073689540847406,946500
2001-10-24,8.650381088256836,8.78768925113681,8.43068907522303,8.696150475883494,1803100
2001-10-25,8.302533149719238,8.604609819858249,8.284225922457194,8.439841282586777,595700
2001-10-26,8.238458633422852,8.329997411874501,8.146919854971202,8.256766738304577,391600
2001-10-29,8.329997062683105,8.329997062683105,8.146919513454371,8.229304236011611,292000
2001-10-30,8.494765281677246,8.5130733850304,8.311688613037774,8.32999671639093,472000
2001-10-31,8.549689292907715,8.595458681385804,8.421535179764762,8.58630462909449,578400
2001-11-01,8.732766151428223,8.769381488359596,8.558843519248823,8.668689530042943,955700
2001-11-02,8.943305015563965,8.970766300085566,8.696150835934056,8.860920289020662,1590200
2001-11-05,9.245382308959961,9.29115082819974,8.888382097231275,8.970766828628554,4352100
2001-11-06,9.098918914794922,9.236227073877336,9.089765735905509,9.21791897014164,1207300
2001-11-07,8.5863037109375,9.053149852131613,8.558842429978547,9.016534519860215,1308600
2001-11-08,8.860919952392578,8.870073131566384,8.339150328433288,8.394073768368436,938300
2001-11-09,8.860919952392578,8.860919952392578,8.860919952392578,8.860919952392578,0
2001-11-12,8.815149307250977,9.043995340545203,8.796841205557836,8.970764679729317,366800
2001-11-13,8.677841186523438,8.81514933065147,8.632072678125766,8.75107272051206,440700
2001-11-14,8.778533935546875,8.833456494411253,8.696149224271975,8.741918605311179,259900
2001-11-15,8.970766067504883,9.208766188464246,8.769381282617847,8.787689387143248,828700
2001-11-16,9.135533332824707,9.776302931638048,9.117226103904,9.61153350645995,2165100
2001-11-19,9.272843360900879,9.291150593538706,9.153843293330164,9.153843293330164,572700
2001-11-20,9.382686614990234,9.474225370181447,9.291147859799022,9.291147859799022,1184300
2001-11-21,9.382686614990234,9.42845599258584,9.245379355181685,9.382686614990234,808400
2001-11-22,9.410150527954102,9.410150527954102,9.29115046206726,9.38268924289668,719400
2001-11-23,9.28199577331543,9.382687717474651,9.254533619744247,9.382687717474651,593500
2001-11-26,9.263687133789062,9.291148412789559,9.16299519546836,9.16299519546836,370200
2001-11-27,9.28199577331543,9.346072385691446,9.199611058558625,9.208765109749018,562300
2001-11-28,9.410150527954102,9.428458633311392,9.29115046206726,9.29115046206726,779600
2001-11-29,9.43761157989502,9.50168819517868,9.336918758188226,9.41014942507767,650000
2001-11-30,9.519996643066406,9.519996643066406,9.428458734235656,9.437612787012288,633100
2001-12-03,9.547457695007324,9.63899559323038,9.483380205974923,9.51999553985983,902800
2001-12-04,9.547457695007324,9.565764925460567,9.419303589920942,9.565764925460567,554200
2001-12-05,9.58407211303711,9.812918146193823,9.474226121879287,9.60237934174091,1591600
2001-12-06,9.840380668640137,9.84953472063742,9.5199958325628,9.584073323565336,1451000
2001-12-07,9.767149925231934,9.904457212245717,9.712226486639356,9.88614998136715,736200
2001-12-10,9.748842239379883,9.840381016632977,9.666458387426273,9.767150344021893,466400
2001-12-11,9.53830337524414,9.73968814244098,9.529149323785559,9.73968814244098,544100
2001-12-12,9.391843795776367,9.519997048188667,9.382689742610186,9.519997048188667,539900
2001-12-13,9.30030345916748,9.446764793488478,9.291149407527815,9.33691879274773,490400
2001-12-14,9.21791934967041,9.300304073916193,9.181304013669893,9.245381506404652,391000
2001-12-17,9.181303024291992,9.263687739659991,9.108072360182298,9.153841743495452,310900
2001-12-18,9.419303894042969,9.428457946054358,9.181303779617533,9.181303779617533,318100
2001-12-19,9.236226081848145,9.455918065209575,9.199610751287906,9.428456785533982,291000
2001-12-20,9.043996810913086,9.217919440382472,9.016535526887074,9.217919440382472,480000
2001-12-21,9.144689559936523,9.144689559936523,8.92499752273783,8.970766915398864,265800
2001-12-24,8.870073318481445,9.181304114389299,8.833457982079254,9.153842830332277,258900
2001-12-25,8.888381004333496,8.924996339010299,8.77853500030309,8.888381004333496,222500
2001-12-26,8.943305015563965,8.943305015563965,8.796842794498929,8.842612184020597,345800
2001-12-27,8.90668773651123,9.016534607369923,8.897534558088331,8.961611171940577,240500
2001-12-28,8.924995422363281,8.970764804253122,8.842610709557238,8.970764804253122,306100
2001-12-31,8.83345890045166,8.961613027672135,8.83345890045166,8.879228293957443,265200
2002-01-01,8.83345890045166,8.83345890045166,8.83345890045166,8.83345890045166,0
2002-01-02,8.83345890045166,8.83345890045166,8.83345890045166,8.83345890045166,0
2002-01-03,8.83345890045166,8.83345890045166,8.83345890045166,8.83345890045166,0
2002-01-04,8.824304580688477,8.924996535016415,8.796842424343936,8.851765864054558,177100
2002-01-07,8.5863037109375,8.824303807190779,8.558842429978547,8.824303807190779,288000
2002-01-08,8.558841705322266,8.696148971469942,8.522226376150998,8.58630298395614,118500
2002-01-09,8.311688423156738,8.513073190548718,8.29338119320023,8.513073190548718,340300
2002-01-10,8.513073921203613,8.58630459327164,8.220150359953035,8.329997241033546,364700
2002-01-11,8.201842308044434,8.540534350726354,8.192688256706937,8.513073069692247,484000
2002-01-14,7.936382293701172,8.14692027276703,7.936382293701172,8.064536415509869,409200
2002-01-15,7.799074649810791,7.963843230075156,7.780766544793364,7.8723053239235075,397300
2002-01-16,7.991304874420166,8.082843657671717,7.771612842190688,7.799075000953274,354200
2002-01-17,7.542766094207764,7.991304172171583,7.506150758720482,7.991304172171583,316800
2002-01-18,7.5610737800598145,7.7258423441461295,7.368843061143771,7.487843113137361,561800
2002-01-21,7.21322774887085,7.551919805068004,7.194920081954495,7.506150419532514,444200
2002-01-22,7.249843597412109,7.487843720710934,7.048458810545529,7.185766540411063,590500
2002-01-23,7.780765533447266,7.808226814425486,7.231535112501768,7.2498427786503115,541800
2002-01-24,7.872304916381836,7.982150921864289,7.5244587958648435,7.643458853382113,858800
2002-01-25,7.808228015899658,7.945536187875519,7.7441513927647,7.872305512013134,475300
2002-01-28,7.304766654968262,7.7807664685242965,7.231535981573371,7.597689785037069,632800
2002-01-29,7.597689151763916,7.689227049388533,7.139997044705589,7.231535378819413,498300
2002-01-30,7.643459796905518,7.7716130492986375,7.4695362786883415,7.606844457224832,371600
2002-01-31,7.643459796905518,7.643459796905518,7.643459796905518,7.643459796905518,0
2002-02-01,8.009611129760742,8.192687780988178,7.963841748709299,8.192687780988178,851300
2002-02-04,8.091996192932129,8.110303422361783,7.8997654825397285,8.00045742684875,444100
2002-02-05,8.2201509475708,8.2384590533858,8.03707425431349,8.110304931616414,703900
2002-02-06,8.000457763671875,8.201842533746685,7.982150533471479,8.192688482157282,359700
2002-02-07,8.192687034606934,8.220148311544651,8.009610400058392,8.009610400058392,606800
2002-02-08,8.25676441192627,8.439841044268464,8.20184098573449,8.20184098573449,1263300
2002-02-11,8.25676441192627,8.25676441192627,8.25676441192627,8.25676441192627,0
2002-02-12,8.25676441192627,8.25676441192627,8.25676441192627,8.25676441192627,0
2002-02-13,8.25676441192627,8.25676441192627,8.25676441192627,8.25676441192627,0
2002-02-14,8.25676441192627,8.25676441192627,8.25676441192627,8.25676441192627,0
2002-02-15,8.25676441192627,8.25676441192627,8.25676441192627,8.25676441192627,0
2002-02-18,8.25676441192627,8.25676441192627,8.25676441192627,8.25676441192627,0
2002-02-19,8.25676441192627,8.25676441192627,8.25676441192627,8.25676441192627,0
2002-02-20,8.25676441192627,8.25676441192627,8.25676441192627,8.25676441192627,0
2002-02-21,8.25676441192627,8.25676441192627,8.25676441192627,8.25676441192627,0
2002-02-22,8.25676441192627,8.25676441192627,8.25676441192627,8.25676441192627,0
2002-02-25,8.35745906829834,8.567997045940542,8.284228391468137,8.503920421958746,581600
2002-02-26,8.183536529541016,8.329998773601933,7.899767841313747,8.329998773601933,1030400
2002-02-27,8.238458633422852,8.302535254551913,8.119458570627103,8.192689244197027,685700
2002-02-28,8.201842308044434,8.284227024125135,8.082842259592129,8.238457640416035,512100
2002-03-01,8.12861156463623,8.156072845404578,8.064534951850627,8.14691879415567,413500
2002-03-04,8.293380737304688,8.320842017219075,8.055380650104398,8.101150031947277,708700
2002-03-05,8.458150863647461,8.513074306674644,8.311689512879653,8.32084356554727,1164900
2002-03-06,8.467305183410645,8.604612485842104,8.403228558673103,8.467305183410645,1452100
2002-03-07,8.677841186523438,8.696149288265177,8.430687923858322,8.467303254363463,1367800
2002-03-08,8.696151733398438,8.751075181088373,8.513075029396292,8.696151733398438,2112200
2002-03-11,8.90668773651123,8.924995839313809,8.613765075497094,8.696149792151918,2070600
2002-03-12,8.696151733398438,8.970767225890947,8.696151733398438,8.970767225890947,1729700
2002-03-13,8.970766067504883,8.98907329905181,8.567996497730812,8.677842505947792,2619600
2002-03-14,9.373533248901367,9.483379239359783,9.043995277526124,9.043995277526124,5562100
2002-03-15,9.034842491149902,9.501688670666022,9.016535260000609,9.428458000111938,3072900
2002-03-18,9.108073234558105,9.309458016681907,8.970765944415513,9.162996674402219,1248600
2002-03-19,9.263687133789062,9.291148412789559,8.97991854716785,9.153841144808755,1120200
2002-03-20,9.28199577331543,9.382687717474651,9.199611058558625,9.300303002717847,1277700
2002-03-21,9.227073669433594,9.318612448578087,9.153842995309398,9.281997111515988,999300
2002-03-22,9.108073234558105,9.245381397679159,9.062303846851089,9.227073293404969,836000
2002-03-25,9.108073234558105,9.108073234558105,9.016535332122531,9.108073234558105,655200
2002-03-26,8.998229026794434,9.135536344387813,8.97992179183868,9.108075055464864,623900
2002-03-27,8.998229026794434,9.053152477618966,8.934152394981341,8.998229026794434,656200
2002-03-28,8.998229026794434,8.998229026794434,8.998229026794434,8.998229026794434,0
2002-03-29,8.787688255310059,8.98907214128086,8.622918827717257,8.98907214128086,868300
2002-04-01,8.65953540802002,8.751074186102544,8.549689398108082,8.741920133698594,437600
2002-04-02,8.403227806091309,8.650381102928927,8.375765649681659,8.613765767361189,479000
2002-04-03,8.43984317779541,8.513073849244433,8.394073789895154,8.421535073443922,378600
2002-04-04,8.65953540802002,8.696150744657333,8.403228051558832,8.448996567621608,413100
2002-04-05,8.531381607055664,8.76938174044028,8.430689645844565,8.659535726488578,508200
2002-04-08,8.5863037109375,8.641226272855407,8.476457714123306,8.531380276041212,259500
2002-04-09,8.83345890045166,8.851767007045401,8.58630557228615,8.58630557228615,590800
2002-04-10,8.87922477722168,8.906686053257314,8.769378800100915,8.897532876564254,477700
2002-04-11,8.65953540802002,8.906688712077257,8.65038135561607,8.879227427843894,400000
2002-04-12,8.66868782043457,8.723610378510749,8.604610338707936,8.604610338707936,255000
2002-04-15,8.604610443115234,8.732764535145192,8.540533833589421,8.677841103424258,264200
2002-04-16,8.531381607055664,8.61376633576407,8.513074374552973,8.61376633576407,241200
2002-04-17,8.577150344848633,8.604611628001452,8.494765622411723,8.540535009652057,236400
2002-04-18,8.522226333618164,8.577148890611804,8.494764182143042,8.577148890611804,200500
2002-04-19,8.531381607055664,8.558843765277478,8.394074307860663,8.513074374552973,430400
2002-04-22,8.421533584594727,8.522226394769426,8.375764204786073,8.522226394769426,171400
2002-04-23,8.522226333618164,8.531379511131568,8.394072245669168,8.467302903646221,223300
2002-04-24,8.458150863647461,8.595459034726163,8.448996810979844,8.52222835934226,197800
2002-04-25,8.467305183410645,8.49476646930123,8.403228558673103,8.430689844563686,257600
2002-04-26,8.595459938049316,8.61376717233,8.46730580617012,8.46730580617012,409000
2002-04-29,8.723612785339355,8.741920891734802,8.577151426090035,8.586305479287757,547400
2002-04-30,8.632074356079102,8.732766316296749,8.595459018456456,8.72361226364646,430300
2002-05-01,8.632074356079102,8.632074356079102,8.632074356079102,8.632074356079102,0
2002-05-02,8.632074356079102,8.632074356079102,8.632074356079102,8.632074356079102,0
2002-05-03,8.632074356079102,8.632074356079102,8.632074356079102,8.632074356079102,0
2002-05-06,8.632074356079102,8.632074356079102,8.632074356079102,8.632074356079102,0
2002-05-07,8.632074356079102,8.632074356079102,8.632074356079102,8.632074356079102,0
2002-05-08,8.558841705322266,8.686994920932548,8.558841705322266,8.677840870395155,194600
2002-05-09,8.540534019470215,8.604610630390626,8.513072739501231,8.540534019470215,295900
2002-05-10,8.467305183410645,8.567997146995147,8.448997077497896,8.540535861104562,286600
2002-05-13,8.311688423156738,8.46730380618985,8.311688423156738,8.430688473298435,295500
2002-05-14,8.238458633422852,8.403228085444425,8.210997349078752,8.302535254551913,386400
2002-05-15,8.201842308044434,8.320842356496737,8.201842308044434,8.238457640416035,623100
2002-05-16,7.908919811248779,8.165227143105733,7.890611708198366,8.156073091580527,466200
2002-05-17,8.05538272857666,8.13776746255531,7.90892136727176,7.90892136727176,496500
2002-05-20,7.615995407104492,7.826534203347109,7.561072850156542,7.826534203347109,215100
2002-05-21,7.918072700500488,7.982150185857391,7.7349960415772765,7.835688858718821,469200
2002-05-22,7.844841957092285,7.918072619916284,7.826534727875466,7.918072619916284,308000
2002-05-23,8.009611129760742,8.037072409200274,7.88145703741237,7.88145703741237,402200
2002-05-24,7.972998142242432,8.119459506259512,7.881459353242462,8.055382877746686,253500
2002-05-27,8.101151466369629,8.110304645976225,8.00045863389055,8.064536129007738,434200
2002-05-28,8.101151466369629,8.192689373285106,8.082843361199432,8.101151466369629,400100
2002-05-29,7.927227020263672,8.110303685389475,7.872304457215131,8.101150506866984,413000
2002-05-30,7.853996753692627,7.927227423467693,7.762457979984572,7.927227423467693,321600
2002-05-31,7.835689544677734,7.890612110673593,7.780766105703429,7.780766105703429,182900
2002-06-03,7.615995407104492,7.734995444462788,7.615995407104492,7.734995444462788,210300
2002-06-04,7.634305953979492,7.707536635357541,7.551921219184543,7.615997847145689,178400
2002-06-05,7.368843078613281,7.643458516712725,7.332227745065249,7.643458516712725,281400
2002-06-06,7.698380947113037,7.780765664412774,7.332227617979089,7.368842950892484,381600
2002-06-07,7.734997749328613,7.780767142409085,7.606844496277568,7.698382409459949,427000
2002-06-10,7.6800737380981445,7.771611634142165,7.643458405084856,7.734996301128876,231400
2002-06-11,7.71668815612793,7.7533034847996625,7.643457498784462,7.707534105715422,225400
2002-06-12,7.615995407104492,7.69838011550472,7.561072850156542,7.69838011550472,136700
2002-06-13,7.579381942749023,7.6800747768888655,7.579381942749023,7.643459438923064,138100
2002-06-14,7.542766094207764,7.615996765182328,7.4695354232332,7.506150758720482,184200
2002-06-17,7.542766094207764,7.615996765182328,7.4695354232332,7.496996706604047,70500
2002-06-18,7.670919418334961,7.725841979444956,7.561073423136601,7.561073423136601,248700
2002-06-19,7.588535308837891,7.670920030051007,7.4786893048798815,7.670920030051007,196800
2002-06-20,7.643459796905518,7.707536423102077,7.59769040406002,7.59769040406002,145400
2002-06-21,7.643459796905518,7.643459796905518,7.643459796905518,7.643459796905518,0
2002-06-24,8.41238021850586,8.41238021850586,8.220149506051422,8.41238021850586,5055900
2002-06-25,8.952458381652832,9.217919798836471,8.485613043142651,8.714459122541598,6578400
2002-06-26,8.9890718460083,9.053149328510887,8.705303255562315,8.86091862695979,2670900
2002-06-27,8.952458381652832,9.062304395006905,8.86092047368036,8.952458381652832,1696600
2002-06-28,9.172149658203125,9.181302836295632,8.952456797394099,8.952456797394099,3361000
2002-07-01,8.970766067504883,9.309458144418526,8.961612015242183,9.245381524536572,1697600
2002-07-02,8.91584300994873,8.952458347594122,8.714459089388331,8.952458347594122,1204700
2002-07-03,8.90668773651123,8.970765223341866,8.79684173863093,8.961611171940577,643600
2002-07-04,8.824304580688477,8.906688430786723,8.805996476458782,8.833457759824865,622600
2002-07-05,8.787688255310059,8.84261081585542,8.723610770702658,8.805995484499059,598600
2002-07-08,8.842612266540527,8.879227603903859,8.78768969698478,8.78768969698478,367300
2002-07-09,8.769380569458008,8.860919338683777,8.769380569458008,8.851765287165518,447900
2002-07-10,8.604610443115234,8.778533916082914,8.604610443115234,8.769379865299703,667000
2002-07-11,8.567996978759766,8.659535760569039,8.51307440805702,8.60461231688777,392700
2002-07-12,8.503918647766113,8.604610589155413,8.494764596827537,8.604610589155413,468400
2002-07-15,8.43984317779541,8.494765744892945,8.421535073443922,8.485612565695666,374200
2002-07-16,8.448996543884277,8.558843426466087,8.430689312106297,8.43984336448453,480900
2002-07-17,8.558841705322266,8.558841705322266,8.421533566196283,8.43984166727107,345300
2002-07-18,8.5863037109375,8.6229190432089,8.531380276041212,8.558842429978547,366600
2002-07-19,8.577150344848633,8.650381015241784,8.55884311373957,8.595458448936146,228000
2002-07-22,8.458150863647461,8.549689644366596,8.43984363129074,8.52222835934226,293600
2002-07-23,8.329997062683105,8.494765634819132,8.293381727433049,8.439843068433275,387600
2002-07-24,8.339151382446289,8.384920776014114,8.284228808547757,8.284228808547757,185400
2002-07-25,8.329997062683105,8.42153496431902,8.293381727433049,8.293381727433049,165600
2002-07-26,8.329997062683105,8.366612397933162,8.293381727433049,8.357458345876035,170700
2002-07-29,8.467305183410645,8.604612485842104,8.265920383263104,8.284228489175852,914300
2002-07-30,8.421533584594727,8.513072344212032,8.357456976649598,8.476457014960772,147500
2002-07-31,8.348305702209473,8.467305780092529,8.320844414383721,8.439844492266777,238600
2002-08-01,8.36661148071289,8.421534041077663,8.284226767187375,8.284226767187375,197900
2002-08-02,8.403227806091309,8.439843141659047,8.36661247052357,8.384919701818209,186400
2002-08-05,8.384919166564941,8.46730388457792,8.375765115012744,8.412380448243132,129600
2002-08-06,8.43984317779541,8.513073849244433,8.329997170621875,8.348304401994898,235600
2002-08-07,8.421533584594727,8.439841685709512,8.403226356458251,8.43068763515212,141100
2002-08-08,8.375764846801758,8.485611715953787,8.375764846801758,8.403227000578953,112900
2002-08-09,8.339151382446289,8.375766722704835,8.329998202115583,8.366613542374127,172000
2002-08-12,8.183536529541016,8.30253661179003,8.146921186770445,8.30253661179003,387800
2002-08-13,8.12861156463623,8.22930350943909,8.018765568584461,8.14691879415567,378100
2002-08-14,8.21099853515625,8.21099853515625,8.119459743481835,8.19269042762992,117700
2002-08-15,8.146920204162598,8.2018436481834,8.037074189099517,8.037074189099517,160400
2002-08-16,8.238458633422852,8.284228022648676,8.11030451818624,8.20184329663789,166000
2002-08-19,8.165226936340332,8.284226984219405,8.165226936340332,8.229303549437379,99800
2002-08-20,8.293380737304688,8.320842017219075,8.174380693704544,8.220149202569074,195900
2002-08-21,8.25676441192627,8.348302291608245,8.238456312202928,8.311686965139806,251200
2002-08-22,8.329997062683105,8.366612397933162,8.229304236011611,8.238458288068738,359600
2002-08-23,8.329997062683105,8.329997062683105,8.329997062683105,8.329997062683105,0
2002-08-26,8.238458633422852,8.329997411874501,8.229304580981989,8.329997411874501,198000
2002-08-27,8.247612953186035,8.302535523654388,8.229304847710905,8.238458900448471,265100
2002-08-28,8.247612953186035,8.293382343895342,8.238458900448471,8.2567670059236,215100
2002-08-29,8.192687034606934,8.265917688426349,8.183532984634942,8.229302361516641,163400
2002-08-30,8.165226936340332,8.23845760073078,8.101150323243285,8.192688217242155,203100
2002-09-02,8.165226936340332,8.201842268535556,8.101150323243285,8.165226936340332,81700
2002-09-03,8.21099853515625,8.238459823467128,8.165229139319042,8.183536373866756,114100
2002-09-04,8.146920204162598,8.229304933704539,8.12861297147468,8.229304933704539,119300
2002-09-05,8.082843780517578,8.146920405980401,8.064536547376148,8.146920405980401,185700
2002-09-06,8.027918815612793,8.08284137164746,8.009610714949044,8.064534143962,231500
2002-09-09,7.954688549041748,8.009611986775862,7.945535370234752,8.009611986775862,169200
2002-09-10,7.927227020263672,7.972996404789723,7.881457635737622,7.890611687238511,154500
2002-09-11,7.872304916381836,7.963842817794655,7.853996812312202,7.963842817794655,186800
2002-09-12,7.789920330047607,7.918073568858967,7.73499688985812,7.744150942052779,232400
2002-09-13,8.037073135375977,8.082842520562831,7.808227082420113,7.82653518568622,546200
2002-09-16,8.027918815612793,8.110302649664792,7.8906106795695505,8.037071992966379,213000
2002-09-17,7.963842391967773,8.037073058373762,7.890611725561784,8.009611776716119,139800
2002-09-18,7.863151550292969,7.963843512524518,7.853997497459593,7.963843512524518,113700
2002-09-19,8.009611129760742,8.009611129760742,7.789919148287819,7.799073199093774,161100
2002-09-20,7.918072700500488,8.009611466451279,7.908919522288105,8.009611466451279,92700
2002-09-23,7.853996753692627,7.899766140546655,7.8356895227380825,7.863150805659122,99200
2002-09-24,7.799074649810791,7.8539972189060805,7.7899205973020775,7.835689986867149,125600
2002-09-25,7.853996753692627,7.881458036613666,7.780766083917561,7.799074187850549,109200
2002-09-26,7.835689544677734,7.899766162665719,7.826535492685609,7.872304879667789,90100
2002-09-27,7.817380905151367,7.863150288998043,7.789919624034717,7.835689007881393,137500
2002-09-30,7.817380905151367,7.817380905151367,7.817380905151367,7.817380905151367,0
2002-10-01,7.817380905151367,7.817380905151367,7.817380905151367,7.817380905151367,0
2002-10-02,7.817380905151367,7.817380905151367,7.817380905151367,7.817380905151367,0
2002-10-03,7.817380905151367,7.817380905151367,7.817380905151367,7.817380905151367,0
2002-10-04,7.817380905151367,7.817380905151367,7.817380905151367,7.817380905151367,0
2002-10-07,7.817380905151367,7.817380905151367,7.817380905151367,7.817380905151367,0
2002-10-08,7.734997749328613,7.7899211956208925,7.725843696116807,7.7899211956208925,97500
2002-10-09,7.661766529083252,7.744151256220465,7.6251511917976575,7.7075359189348704,151000
2002-10-10,7.625150680541992,7.734996685033754,7.615996628589734,7.643458784446507,117500
2002-10-11,7.551919937133789,7.652611888690004,7.551919937133789,7.643458709805572,131600
2002-10-14,7.551919937133789,7.579381219743951,7.405458599241683,7.542765885270924,154100
2002-10-15,7.524458885192871,7.5976895563838776,7.4695354453103855,7.551920168644883,132800
2002-10-16,7.5336127281188965,7.643459617562104,7.52445954814741,7.52445954814741,98800
2002-10-17,7.469534873962402,7.634304308028112,7.414612311259428,7.579380872346744,115600
2002-10-18,7.50615119934082,7.570228694938836,7.414613291738457,7.460381809050384,110800
2002-10-21,7.496995449066162,7.496995449066162,7.414611612772597,7.432918840956174,82000
2002-10-22,7.652612209320068,7.707535649820014,7.487843633777173,7.496996813045104,165300
2002-10-23,7.597689151763916,7.643458537065432,7.579381048451944,7.597689151763916,73800
2002-10-24,7.5336127281188965,7.597690225790523,7.515305495197387,7.597690225790523,67200
2002-10-25,7.524458885192871,7.579381452096896,7.506150780905889,7.524458885192871,135800
2002-10-28,7.487842559814453,7.579380450214016,7.469534457947534,7.551919170391981,129600
2002-10-29,7.50615119934082,7.50615119934082,7.414613291738457,7.487843967011751,135700
2002-10-30,7.478689193725586,7.5244585796057715,7.460381090182142,7.506150476062326,92200
2002-10-31,7.50615119934082,7.51530525199461,7.451228629375104,7.478689914357963,117700
2002-11-01,7.469534873962402,7.506150206757183,7.414612311259428,7.460380822519109,124500
2002-11-04,7.634305953979492,7.6617672412516145,7.4603824309726905,7.506151825078616,454200
2002-11-05,7.734997749328613,7.771613089197278,7.551921049985289,7.634305782934426,545900
2002-11-06,7.6892266273498535,7.734996010139224,7.670919398021125,7.734996010139224,148100
2002-11-07,7.808228015899658,8.009612811010477,7.707536054833507,7.707536054833507,546500
2002-11-08,7.6800737380981445,7.963842350706526,7.6709196866002225,7.936381069191159,723800
2002-11-11,7.515304088592529,7.707534799671397,7.496995986119125,7.661765416466262,228400
2002-11-12,7.405457973480225,7.579380579286025,7.368842642101194,7.506149916527966,317800
2002-11-13,7.432919979095459,7.451228083060711,7.304766306763254,7.368843361173967,347000
2002-11-14,7.377997875213623,7.442074497147999,7.368843822657713,7.442074497147999,281200
2002-11-15,7.277304649353027,7.460381325674286,7.185766311192398,7.231535698517326,260400
2002-11-18,7.3505353927612305,7.368843497064106,7.2773047215066535,7.2773047215066535,278400
2002-11-19,7.396304607391357,7.432919942161475,7.277304551143863,7.350535220684099,132400
2002-11-20,7.359689235687256,7.368843287578457,7.231535564634972,7.3047662338077055,399700
2002-11-21,7.268150329589844,7.359688658881568,7.231534997873154,7.323073327164878,434800
2002-11-22,7.2864580154418945,7.323073347259055,7.048457922141166,7.231535017716154,424300
2002-11-25,7.359689235687256,7.377997339469658,7.1399972281690545,7.185766178157404,246600
2002-11-26,7.341381072998047,7.396303631416731,7.139996321846777,7.368842352207389,374300
2002-11-27,7.158304691314697,7.350534974166304,7.121689357772563,7.341381795514579,972000
2002-11-28,7.313920021057129,7.323074073163413,7.085073956270772,7.185766346993754,527700
2002-11-29,7.414612293243408,7.515304239939795,7.231535193225148,7.341381627831782,1076000
2002-12-02,7.414612293243408,7.414612293243408,7.414612293243408,7.414612293243408,0
2002-12-03,7.304766654968262,7.323074323316985,7.139997639829757,7.15830530817848,226000
2002-12-04,7.3505353927612305,7.387150728388519,7.2773047215066535,7.32307410928538,245500
2002-12-05,7.405457973480225,7.414612024569572,7.31391920854347,7.323073259632817,329400
2002-12-06,7.359689235687256,7.414612674056025,7.359689235687256,7.368843287578457,211100
2002-12-09,7.323073863983154,7.377997302073538,7.286458529582376,7.359689198383933,102000
2002-12-10,7.222381591796875,7.32307398125613,7.185766256809733,7.32307398125613,231600
2002-12-11,7.139997959136963,7.194920966639338,7.1216902899695045,7.194920966639338,189000
2002-12-12,7.139997959136963,7.231536304974254,7.1216902899695045,7.14915157547606,180500
2002-12-13,7.231534957885742,7.249842623642853,7.048457863825451,7.121688963343077,279700
2002-12-16,7.249843597412109,7.323074270276597,7.204074208627184,7.240689545059428,146000
2002-12-17,7.33222770690918,7.350534937098721,7.240688937026252,7.249842988610226,228900
2002-12-18,7.258996486663818,7.359688870017993,7.258996486663818,7.323073537250874,199800
2002-12-19,7.240689277648926,7.277304612728905,7.204073942568946,7.231535662123543,165900
2002-12-20,7.304766654968262,7.368843712433414,7.240689597503111,7.240689597503111,278000
2002-12-23,7.414612293243408,7.469534855812931,7.304765858636774,7.304765858636774,474000
2002-12-24,7.442074775695801,7.469536061412875,7.341382812747504,7.341382812747504,287600
2002-12-25,7.387150287628174,7.432919672676032,7.368843057396076,7.414612442443935,254100
2002-12-26,7.240689277648926,7.414612774012665,7.231535662123543,7.359689334903471,588000
2002-12-27,7.377997875213623,7.396305107346945,7.249843758366372,7.323074432856658,569900
2002-12-30,7.414612293243408,7.451227625949221,7.32307352498968,7.432919523107119,531600
2002-12-31,7.158304691314697,7.478689078052982,7.13999702454363,7.368843077426577,716600
2003-01-01,7.158304691314697,7.158304691314697,7.158304691314697,7.158304691314697,0
2003-01-02,6.911150932312012,7.258996598981833,6.865381547400328,7.158304650558855,465700
2003-01-03,6.9569196701049805,7.002689053630938,6.92030433787989,6.9569196701049805,381100
2003-01-06,7.011842727661133,7.030150393928295,6.938612062592483,6.938612062592483,199800
2003-01-07,7.103381633758545,7.231535300123285,7.094227582202176,7.094227582202176,673900
2003-01-08,7.268150329589844,7.277303944274424,7.057611953974286,7.094227285690976,279200
2003-01-09,7.341381072998047,7.368842352207389,7.185765266025402,7.286457641601037,415800
2003-01-10,7.323073863983154,7.4420739190302925,7.277304477737573,7.34138196767276,649400
2003-01-13,7.478689193725586,7.506150476062326,7.268150804357317,7.30476613846578,902700
2003-01-14,7.71668815612793,7.8631494708148635,7.423764653775765,7.478688083272513,1598300
2003-01-15,7.597689151763916,7.762457716679592,7.570227869774373,7.734996434690048,979300
2003-01-16,7.744151592254639,7.789920984092282,7.561074897882604,7.588536183793774,1001300
2003-01-17,7.780765533447266,7.780765533447266,7.680073587874872,7.744150201150179,602600
2003-01-20,7.670919418334961,7.762457311177743,7.542765320781022,7.725841979444956,522400
2003-01-21,7.734997749328613,7.7990752488326995,7.597690443065761,7.680075176014898,851200
2003-01-22,7.725842475891113,7.771611861742731,7.643458628932309,7.689227141805503,308700
2003-01-23,7.643459796905518,7.689228316772455,7.615997637411084,7.689228316772455,316200
2003-01-24,7.707533836364746,7.762456390963852,7.588533804095663,7.597687854188269,437700
2003-01-27,8.101151466369629,8.229304710646998,7.780766609719202,7.780766609719202,4528500
2003-01-28,8.13776683807373,8.201843460482824,7.9729973827606235,8.064536163040906,1125200
2003-01-29,8.238458633422852,8.339150591336875,8.08284323384214,8.11030451818624,1923800
2003-01-30,8.238458633422852,8.238458633422852,8.238458633422852,8.238458633422852,0
2003-01-31,8.238458633422852,8.238458633422852,8.238458633422852,8.238458633422852,0
2003-02-03,8.238458633422852,8.238458633422852,8.238458633422852,8.238458633422852,0
2003-02-04,8.238458633422852,8.238458633422852,8.238458633422852,8.238458633422852,0
2003-02-05,8.238458633422852,8.238458633422852,8.238458633422852,8.238458633422852,0
2003-02-06,8.238458633422852,8.238458633422852,8.238458633422852,8.238458633422852,0
2003-02-07,8.238458633422852,8.238458633422852,8.238458633422852,8.238458633422852,0
2003-02-10,8.28422737121582,8.3849193212119,8.146919214335616,8.238457985589086,2019300
2003-02-11,8.28422737121582,8.329996756842554,8.19268859996235,8.19268859996235,672600
2003-02-12,8.329997062683105,8.375765577011837,8.238458288068738,8.284227675375922,882500
2003-02-13,8.384919166564941,8.476457936130119,8.238457833643382,8.32999660320856,1655500
2003-02-14,8.741920471191406,8.787689861999654,8.375766217703951,8.375766217703951,4040400
2003-02-17,8.613765716552734,8.714458543503921,8.577150381200973,8.696150439338812,1414500
2003-02-18,8.540534019470215,8.61376468137307,8.503918688518787,8.604610630390626,800100
2003-02-19,8.577150344848633,8.58630439689239,8.458150287215148,8.513073726499238,579300
2003-02-20,8.613765716552734,8.668689156069604,8.558843150014319,8.60461166447018,581900
2003-02-21,8.604610443115234,8.650379824052957,8.412379741559464,8.604610443115234,1160500
2003-02-24,8.485613822937012,8.577151739321456,8.467305715872968,8.558844505236005,691400
2003-02-25,8.485613822937012,8.485613822937012,8.485613822937012,8.485613822937012,0
2003-02-26,8.558841705322266,8.650379591761281,8.540533604247479,8.6320723636648,859600
2003-02-27,8.43068790435791,8.577149226039705,8.357457243517013,8.558841997318648,636200
2003-02-28,8.604610443115234,8.632072595464866,8.421533792342675,8.421533792342675,627700
2003-03-03,8.778533935546875,8.805995214979063,8.467303192054292,8.60461046219357,1796500
2003-03-04,8.787688255310059,8.84261081585542,8.714457592597338,8.84261081585542,1072400
2003-03-05,8.970766067504883,9.00738140357721,8.787689387143248,8.796842566427474,2260700
2003-03-06,8.924995422363281,9.062302695054454,8.888380091447079,8.906687320416005,1725400
2003-03-07,8.860919952392578,8.897535288023189,8.80599651245743,8.888381235870922,1065500
2003-03-10,8.696151733398438,8.897536544290089,8.604612944908073,8.787690521888802,1413600
2003-03-11,8.787688255310059,8.815149535582739,8.613764776633577,8.677841388262618,705300
2003-03-12,8.815149307250977,8.815149307250977,8.723610544741952,8.741918646435092,577500
2003-03-13,8.998229026794434,9.135536344387813,8.879228944156809,8.879228944156809,2104000
2003-03-14,8.952458381652832,8.998227772128324,8.82430513589567,8.970766487034435,1483700
2003-03-17,8.89753532409668,8.93415065987574,8.787689316759494,8.787689316759494,475300
2003-03-18,8.860919952392578,8.998227242762756,8.833457795935773,8.879227183718653,359200
2003-03-19,8.842612266540527,8.879227603903859,8.741920307035988,8.78768969698478,451500
2003-03-20,8.870073318481445,8.989073380033183,8.77853541396521,8.787689466310379,970100
2003-03-21,9.117226600646973,9.190457266276395,8.796841783784457,8.842611168047444,2350900
2003-03-24,9.080613136291504,9.15384381698913,9.053151849274538,9.15384381698913,408700
2003-03-25,9.062304496765137,9.117227940548151,9.04399726415648,9.062304496765137,584700
2003-03-26,9.153841972351074,9.172150075325408,9.04399597344027,9.062303203436205,871700
2003-03-27,9.318610191345215,9.36437869685253,9.117225449795551,9.153840777988373,1643400
2003-03-28,9.391843795776367,9.428459135462532,9.199613044179356,9.318613116404036,1197600
2003-03-31,9.501688003540039,9.684764667071194,9.318611340008886,9.382687954000192,2912200
2003-04-01,9.703073501586914,9.748842016187146,9.391842713625977,9.428458049093235,2486900
2003-04-02,9.666458129882812,9.721380696388584,9.611534690398587,9.693919413135697,566000
2003-04-03,9.648150444030762,9.684765780948243,9.602381054639284,9.629843212061266,701300
2003-04-04,9.602380752563477,9.703073580652784,9.474227513873034,9.62068885693552,876900
2003-04-07,9.465072631835938,9.776303395045767,9.41930324789713,9.565764578118605,1491700
2003-04-08,9.53830337524414,9.61153404095601,9.446764606615107,9.455918658073688,866000
2003-04-09,9.565764427185059,9.629841912879698,9.474226533730164,9.510841865707796,971600
2003-04-10,9.638995170593262,9.831225883304961,9.593225786999355,9.657303273222176,1921700
2003-04-11,10.069226264953613,10.114995649844538,9.60238011042731,9.60238011042731,3530900
2003-04-14,10.810688018798828,11.07614940759346,10.252303086074022,10.261457137785868,7028600
2003-04-15,10.737458229064941,11.268381966211603,10.343843544030458,10.984612427718313,5925700
2003-04-16,10.288919448852539,10.755765657101131,10.252304111321973,10.728304372197835,4412300
2003-04-17,10.352996826171875,10.435380679942044,10.023457919177213,10.252303994377508,2072600
2003-04-18,10.014304161071777,10.243150243000075,9.913612199295594,10.23399706318662,1169200
2003-04-21,10.160764694213867,10.206533204592528,9.794610500335938,9.959379931229925,1773200
2003-04-22,10.389612197875977,10.481150104473762,10.078381394890803,10.160766121913761,1020300
2003-04-23,10.279764175415039,10.435379559683907,10.197380330488935,10.343841663217658,1316800
2003-04-24,9.757996559143066,10.252304049304845,9.62984331505055,10.206534659423875,3644000
2003-04-25,9.785457611083984,9.904457672752093,9.584073697164245,9.712226938207992,1198800
2003-04-28,10.655073165893555,10.737457016495934,9.611534788833655,9.611534788833655,3551100
2003-04-29,10.774072647094727,10.856456493276786,10.352995872591059,10.526918489613296,4883400
2003-04-30,10.85645580291748,11.030379281858385,10.67337914585734,10.774071961974188,4546300
2003-05-01,10.85645580291748,10.85645580291748,10.85645580291748,10.85645580291748,0
2003-05-02,10.85645580291748,10.85645580291748,10.85645580291748,10.85645580291748,0
2003-05-05,10.85645580291748,10.85645580291748,10.85645580291748,10.85645580291748,0
2003-05-06,10.85645580291748,10.85645580291748,10.85645580291748,10.85645580291748,0
2003-05-07,10.85645580291748,10.85645580291748,10.85645580291748,10.85645580291748,0
2003-05-08,10.85645580291748,10.85645580291748,10.85645580291748,10.85645580291748,0
2003-05-09,10.85645580291748,10.85645580291748,10.85645580291748,10.85645580291748,0
2003-05-12,11.030380249023438,11.057841531745726,10.691688185520412,10.984610862500665,2500700
2003-05-13,10.74660873413086,11.103608834435558,10.719147456562274,11.076147556866974,2156300
2003-05-14,10.883919715881348,10.929688232812293,10.636765534157432,10.719150261398738,1051700
2003-05-15,11.48807144165039,11.497225492812255,10.874763981459399,10.883918032621263,5172500
2003-05-16,11.506380081176758,11.625380141930108,11.37822684111813,11.488072849587729,2059200
2003-05-19,11.39653491973877,11.61622695300627,11.341612347911164,11.607073773020696,1104200
2003-05-20,11.341609954833984,11.396532515072941,11.27753247058406,11.396532515072941,829100
2003-05-21,11.460612297058105,11.52468892117638,11.28668878448203,11.34161222871093,888400
2003-05-22,11.533841133117676,11.533841133117676,11.350763596894863,11.460610467819908,1130600
2003-05-23,11.7169189453125,11.872534342574362,11.451457539332587,11.460611591637043,1464100
2003-05-26,11.69861125946045,11.790150039824734,11.625380584360423,11.790150039824734,837600
2003-05-27,11.634533882141113,11.698610500451702,11.48807254144351,11.698610500451702,934600
2003-05-28,11.39653491973877,11.671150397812417,11.332458294947049,11.542996275250438,2475800
2003-05-29,11.423995971679688,11.43315002445632,11.286688671944301,11.35076529542368,795700
2003-05-30,11.799304008483887,11.854226577928781,11.304996518587334,11.433149762611087,2197000
2003-06-02,11.588765144348145,11.680303923903088,11.57961109179695,11.671149871351894,568200
2003-06-03,11.259225845336914,11.561302561786821,11.259225845336914,11.49722594707878,590900
2003-06-04,11.25007152557373,11.396532854544777,10.98461014856911,11.259225576879016,1584300
2003-06-05,11.076149940490723,11.25922661864378,11.076149940490723,11.25922661864378,839800
2003-06-06,11.460612297058105,11.707765613641833,10.993766076537309,11.076150806391395,3314100
2003-06-09,11.286687850952148,11.53384202007211,11.094457121518332,11.53384202007211,1222000
2003-06-10,11.25007152557373,11.396532854544777,11.213456193330968,11.396532854544777,451200
2003-06-11,11.350763320922852,11.405686755050017,11.149379432739446,11.195147942703985,808800
2003-06-12,11.39653491973877,11.607073773020696,11.195150119420957,11.350765527896739,914300
2003-06-13,11.204303741455078,11.579611168763622,11.167688403985428,11.396534481415369,1799800
2003-06-16,11.066996574401855,11.204303873283964,11.030381236501393,11.167688535383501,956700
2003-06-17,11.094457626342773,11.11276573139737,11.021226952081383,11.057842289212077,482300
2003-06-18,11.167688369750977,11.195149654524405,11.076150462846712,11.076150462846712,503500
2003-06-19,11.14937973022461,11.167686960103222,11.07614906475338,11.167686960103222,521500
2003-06-20,11.167688369750977,11.21345775969236,11.094457695036164,11.094457695036164,506900
2003-06-23,10.920533180236816,11.195147726637463,10.920533180236816,11.12191706453351,896600
2003-06-24,10.728302955627441,10.938840900384033,10.673379520094457,10.874764286410878,2446600
2003-06-25,10.74660873413086,10.792378112064016,10.581840195741075,10.709993406379988,713200
2003-06-26,10.810688018798828,10.893071865270194,10.627610476475562,10.728303299349042,606900
2003-06-27,10.700840950012207,11.021225770285087,10.655072438240428,10.847303155808476,401900
2003-06-30,10.545226097106934,10.655072093162834,10.343841334515261,10.343841334515261,1000800
2003-07-01,10.5543794631958,10.80153361345353,10.43537941377301,10.43537941377301,293200
2003-07-02,10.755764961242676,10.78322624436933,10.499457615110858,10.499457615110858,280000
2003-07-03,10.755764961242676,10.893072249854393,10.618457672630958,10.893072249854393,816400
2003-07-04,11.01207447052002,11.076151974373811,10.755767074040723,10.755767074040723,835600
2003-07-07,11.277533531188965,11.332456969571597,11.002918958211112,11.002918958211112,904500
2003-07-08,11.259225845336914,11.28668712692916,11.012071692071498,11.012071692071498,622400
2003-07-09,11.259225845336914,11.3507637416372,11.131071742942432,11.131071742942432,807900
2003-07-10,11.350763320922852,11.442302086808668,11.167686662129586,11.167686662129586,834100
2003-07-11,11.341609954833984,11.442301897257643,11.268379292529804,11.332455903801373,592800
2003-07-14,11.121917724609375,11.350763775510625,11.076149212811849,11.350763775510625,791900
2003-07-15,11.17684268951416,11.185996742316963,11.039535389386222,11.094457960245988,551300
2003-07-16,11.332456588745117,11.341610640331007,11.121917767161678,11.158533100526832,403000
2003-07-17,11.524688720703125,11.552150005850617,11.350765211152467,11.350765211152467,1377500
2003-07-18,11.076149940490723,11.579610587167014,11.076149940490723,11.56130335584094,872000
2003-07-21,10.957148551940918,11.149379258921579,10.819840405252814,11.057840494462843,663600
2003-07-22,11.030380249023438,11.19514881833561,10.920534245155844,11.076149635546212,536400
2003-07-23,11.066996574401855,11.076150627121601,10.893073064640767,11.030381236501393,343100
2003-07-24,10.957148551940918,11.02122516327502,10.847302558377448,10.847302558377448,351000
2003-07-25,10.645917892456055,10.957148646734273,10.618456612072201,10.893071161867462,1036000
2003-07-28,10.755764961242676,10.78322624436933,10.536072950272546,10.618457672630958,264000
2003-07-29,10.755764961242676,10.755764961242676,10.755764961242676,10.755764961242676,0
2003-07-30,10.920533180236816,10.920533180236816,10.700840320946604,10.746609703006163,243100
2003-07-31,10.893070220947266,11.066993685304714,10.874762993265492,10.92053237193736,1095200
2003-08-01,10.920533180236816,10.975455740325604,10.874763798177257,10.938840409273627,776400
2003-08-04,10.957148551940918,10.984609832087196,10.847302558377448,10.929686398816283,222800
2003-08-05,11.030380249023438,11.085302814468015,10.755764802865233,10.755764802865233,664400
2003-08-06,10.938840866088867,11.021225582640858,10.902225533507803,11.021225582640858,106700
2003-08-07,10.865612030029297,10.938842707518978,10.8381507442153,10.893073315843294,198300
2003-08-08,10.801536560058594,11.085305247418823,10.755767163490567,10.865613191466654,421400
2003-08-11,10.85645580291748,10.874763905112674,10.709994477269369,10.755763859778993,121600
2003-08-12,11.002918243408203,11.066994856543184,10.755764096210344,10.755764096210344,480200
2003-08-13,10.94799518585205,11.012071801195056,10.80153385193752,10.984610519330683,167400
2003-08-14,10.911380767822266,10.947996104372871,10.728304085069238,10.89307266305772,291100
2003-08-15,10.902228355407715,10.911382409166986,10.719151645115373,10.893074301648443,297900
2003-08-18,10.801536560058594,10.911382588034678,10.728305874741205,10.84730595662662,120500
2003-08-19,10.801536560058594,10.84730595662662,10.728305874741205,10.728305874741205,127200
2003-08-20,10.755764961242676,10.78322624436933,10.664226186849229,10.755764961242676,212100
2003-08-21,10.700840950012207,10.737456283216673,10.618457105035962,10.664225616807741,185500
2003-08-22,10.737458229064941,10.957151141083015,10.618459029319128,10.618459029319128,486900
2003-08-25,10.5269193649292,10.801534827305659,10.444534638918412,10.801534827305659,220500
2003-08-26,10.5269193649292,10.636765375284085,10.5269193649292,10.581842806595887,355000
2003-08-27,10.563533782958984,10.57268783460368,10.517764397713917,10.526918449358613,106500
2003-08-28,10.481149673461914,10.600149732826097,10.453688389909706,10.50861095701412,190500
2003-08-29,10.5269193649292,10.609304090939986,10.25230390255274,10.471995923262511,323900
2003-09-01,10.645917892456055,10.691687275081385,10.41707185230776,10.435379081570874,478800
2003-09-02,10.5269193649292,10.673380712069047,10.426227407015176,10.627611322843222,291500
2003-09-03,10.481149673461914,10.618457837179879,10.37130366627462,10.526919061367902,328400
2003-09-04,10.499458312988281,10.746611623512836,10.325534804676087,10.43538081746239,473400
2003-09-05,10.453688621520996,10.499458010441048,10.343842611899962,10.362149843680893,211100
2003-09-08,10.041765213012695,10.417072606345926,9.968534544702718,10.417072606345926,1745600
2003-09-09,9.812918663024902,10.060071937902595,9.785456509055306,10.060071937902595,567400
2003-09-10,9.886149406433105,9.968534123041627,9.776303408614542,9.812918741220729,561500
2003-09-11,9.794611930847168,9.96853543840991,9.712227203367817,9.96853543840991,270200
2003-09-12,9.748842239379883,9.840381016632977,9.703073723731814,9.748842239379883,599700
2003-09-15,9.840380668640137,9.876996003650824,9.611534606578738,9.721380611610796,666500
2003-09-16,9.840380668640137,9.840380668640137,9.721380611610796,9.785457229634885,361700
2003-09-17,9.776304244995117,9.886150252211207,9.730534857077132,9.794611476375234,261600
2003-09-18,9.7396879196167,9.794610481154887,9.721379817118386,9.767149200385793,73300
2003-09-19,9.748842239379883,9.776304396342898,9.730535007716352,9.730535007716352,204100
2003-09-22,9.703073501586914,9.794611403765835,9.703073501586914,9.794611403765835,123700
2003-09-23,9.748842239379883,9.849535068953982,9.703073723731814,9.703073723731814,294900
2003-09-24,9.812918663024902,9.88614932765373,9.712225844426479,9.757995228064091,321800
2003-09-25,9.794611930847168,9.88615071093056,9.776304698617594,9.812920036055248,329400
2003-09-26,9.803765296936035,9.886150018646342,9.70307334427813,9.70307334427813,325500
2003-09-29,9.657304763793945,9.794612062790192,9.437612736208544,9.794612062790192,141200
2003-09-30,9.803765296936035,9.840380631809678,9.611534570604801,9.611534570604801,92300
2003-10-01,9.803765296936035,9.803765296936035,9.803765296936035,9.803765296936035,0
2003-10-02,9.803765296936035,9.803765296936035,9.803765296936035,9.803765296936035,0
2003-10-03,9.803765296936035,9.803765296936035,9.803765296936035,9.803765296936035,0
2003-10-06,9.803765296936035,9.803765296936035,9.803765296936035,9.803765296936035,0
2003-10-07,9.803765296936035,9.803765296936035,9.803765296936035,9.803765296936035,0
2003-10-08,9.91361141204834,9.941072695265028,9.794611354138084,9.91361141204834,231800
2003-10-09,10.050917625427246,10.233995155220805,9.904456299975086,9.922764402145786,1437400
2003-10-10,10.444533348083496,10.453687399393015,9.959379977398003,9.986841258348175,1323100
2003-10-13,10.371304512023926,10.66422722174369,10.298073834593984,10.426227956585649,928500
2003-10-14,10.334688186645508,10.389611625963633,10.252303464157546,10.380457573914203,480900
2003-10-15,10.407917976379395,10.526918024016993,10.352995414687198,10.426226078929046,514100
2003-10-16,10.389612197875977,10.490304157027092,10.380458145322647,10.398765377450806,408900
2003-10-17,10.426225662231445,10.46284099288899,10.371302229755957,10.426225662231445,696700
2003-10-20,10.29807186126709,10.47199446859134,10.197379917340246,10.426225958701737,487500
2003-10-21,10.270610809326172,10.307226141839807,10.142456709039255,10.27976398772079,763400
2003-10-22,10.618456840515137,10.755764118366764,10.270610747248849,10.3438414118335,2405000
2003-10-23,10.600149154663086,10.75576454126865,10.572687872608697,10.664225770449466,899500
2003-10-24,11.076149940490723,11.140226559599677,10.57268842083597,10.61845780861885,4874300
2003-10-27,11.195148468017578,11.240917853108138,11.048687134110514,11.121917801064047,1982700
2003-10-28,11.17684268951416,11.48807350098125,11.012073230977814,11.149381404084277,1898700
2003-10-29,11.423995971679688,11.460612182786214,11.240919281039664,11.35076529542368,4454700
2003-10-30,11.835917472839355,12.03730135957467,11.442302004530433,11.442302004530433,5421000
2003-10-31,11.808457374572754,11.927457440887489,11.7169194663927,11.808457374572754,1941000
2003-11-03,12.073918342590332,12.073918342590332,11.625380252174658,11.762688418797618,2766100
2003-11-04,12.000686645507812,12.522456237384437,11.973225363718015,12.083071363855618,5993000
2003-11-05,11.890841484069824,12.064764984622224,11.762688244692761,11.982380260463557,2700600
2003-11-06,12.293610572814941,12.421763807190251,11.85422568544384,11.899995071854352,3647300
2003-11-07,11.863380432128906,12.449226691942384,11.854226379714987,12.266149135577963,2130600
2003-11-10,11.964071273803711,11.97322532536379,11.680302659268511,11.808455889195992,1419300
2003-11-11,12.54991626739502,12.568223495769379,12.000685448511092,12.083070158641513,6393800
2003-11-12,12.385149002075195,12.659764459298588,12.220380426123938,12.559072503274017,2291100
2003-11-13,12.156301498413086,12.421762872035039,12.12884021782554,12.266147493741649,1796700
2003-11-14,12.321072578430176,12.476687977569858,12.128841842609305,12.220380620801524,1097600
2003-11-17,11.936610221862793,12.311917613266045,11.881686784423536,12.311917613266045,3350300
2003-11-18,11.854225158691406,12.03730182321985,11.817609825785716,11.854225158691406,2231200
2003-11-19,11.945764541625977,11.954918593567646,11.799303202473038,11.808456381436265,1015200
2003-11-20,12.101380348205566,12.183765072552276,11.918303667978694,11.95491900402407,1311800
2003-11-21,12.137994766235352,12.412610202295298,11.94576404829123,12.083071329832,1698400
2003-11-24,12.256994247436523,12.293609579009292,11.991532875289366,12.137994201580437,1125900
2003-11-25,12.147148132324219,12.348532017489283,12.110531928136,12.311916686279421,737700
2003-11-26,12.256994247436523,12.256994247436523,12.000686053448785,12.119686099304872,1043000
2003-11-27,12.17461109161377,12.348533720603498,12.128841703044323,12.348533720603498,962300
2003-11-28,12.238688468933105,12.275303807458064,12.083073061957396,12.17461184475906,3754300
2003-12-01,12.925224304199219,12.943532406527641,12.174609568301275,12.20207084881554,5540100
2003-12-02,13.172379493713379,13.273071445580024,12.81537932676692,12.906918099720915,3602600
2003-12-03,12.998456001281738,13.254763343414373,12.897764049402811,13.135764160729478,2380200
2003-12-04,12.998456001281738,12.998456001281738,12.998456001281738,12.998456001281738,0
2003-12-05,13.007609367370605,13.364609515538397,12.906917420800486,13.181531979260521,1661200
2003-12-08,12.815380096435547,13.07168745393028,12.815380096435547,13.00761083280122,1597500
2003-12-09,13.007609367370605,13.117455365350297,12.705532654681855,12.705532654681855,1717000
2003-12-10,13.437841415405273,13.501918035202277,12.98930245789085,12.98930245789085,2123200
2003-12-11,13.410378456115723,13.565993843148686,13.318840558023544,13.547686612721618,1596400
2003-12-12,13.556839942932129,13.657531887368247,13.410377742418179,13.410377742418179,1606200
2003-12-15,14.005379676818848,14.188456358461362,13.565994767898331,13.565994767898331,3704100
2003-12-16,13.959609031677246,13.98707031320725,13.547686316813598,13.959609031677246,2146100
2003-12-17,13.98707103729248,14.29830182067237,13.813148414627602,13.86807098053085,3309600
2003-12-18,15.195378303527832,15.387608150433051,14.188455318808145,14.188455318808145,13132400
2003-12-19,15.836145401000977,16.019222932902558,15.213685633640425,15.213685633640425,8229300
2003-12-22,16.504377365112305,16.907145146519824,15.927684354983965,15.927684354983965,7240700
2003-12-23,16.71491813659668,16.751532602033254,16.293840435355218,16.476918000409256,6014200
2003-12-24,16.72406768798828,16.94375965934651,16.522682071442464,16.65999108125337,3429100
2003-12-25,16.73322296142578,16.843068082155327,16.156529966747176,16.751529317576228,6951300
2003-12-26,16.962068557739258,16.980374913412508,16.486068391101384,16.495222441916344,4938000
2003-12-29,16.65999412536621,16.952916807366663,16.49522468025173,16.934608703252408,2750800
2003-12-30,16.669147491455078,16.769840324529614,16.302994115670877,16.6416870794944,4827500
2003-12-31,16.330453872680664,16.659992735416058,16.037531215118875,16.659992735416058,3963000
2004-01-01,16.330453872680664,16.330453872680664,16.330453872680664,16.330453872680664,0
2004-01-02,16.147377014160156,16.49522399403256,16.11991660508806,16.293838349067432,3168300
2004-01-05,16.65999412536621,16.925454651195277,16.00091634490829,16.092455119522658,4663400
2004-01-06,17.300762176513672,17.55707039803157,16.641686137412254,16.659994241654303,6051900
2004-01-07,17.33737564086914,17.529605467114084,16.90714398906193,17.245836880104417,2824300
2004-01-08,18.014760971069336,18.051375430431403,17.218375964952365,17.3282228349521,4852200
2004-01-09,18.884376525878906,19.57091472125336,17.941531854977086,17.996454421739102,5515500
2004-01-12,19.241376876831055,19.45191483007992,18.655529784109753,18.820299224376466,4056800
2004-01-13,19.351221084594727,19.46106795485904,18.875222636000753,19.314606625144467,3186500
2004-01-14,18.838607788085938,19.314608016936806,18.81114563205177,19.314608016936806,2773000
2004-01-15,17.611995697021484,18.6738414643918,17.392303649905955,18.6738414643918,4981300
2004-01-16,17.74014663696289,17.859147571493107,17.11768679110414,17.41060948232166,2892100
2004-01-19,17.74014663696289,17.74014663696289,17.74014663696289,17.74014663696289,0
2004-01-20,17.74014663696289,17.74014663696289,17.74014663696289,17.74014663696289,0
2004-01-21,17.74014663696289,17.74014663696289,17.74014663696289,17.74014663696289,0
2004-01-22,17.74014663696289,17.74014663696289,17.74014663696289,17.74014663696289,0
2004-01-23,17.74014663696289,17.74014663696289,17.74014663696289,17.74014663696289,0
2004-01-26,17.74014663696289,17.74014663696289,17.74014663696289,17.74014663696289,0
2004-01-27,17.74014663696289,17.74014663696289,17.74014663696289,17.74014663696289,0
2004-01-28,17.74014663696289,17.74014663696289,17.74014663696289,17.74014663696289,0
2004-01-29,17.30991554260254,17.666914831389146,16.824761275157602,17.300761490844312,3858100
2004-01-30,16.53183937072754,17.273301883977787,16.458608699216555,17.273301883977787,3778600
2004-02-02,16.550146102905273,16.7057614852085,15.634761911934946,16.229761286874304,9755800
2004-02-03,17.20922088623047,17.300759648105913,16.302990810172556,16.57760709579889,3987100
2004-02-04,18.197837829589844,18.380915375033062,17.254993184640814,17.392300470744793,8871700
2004-02-05,18.0056095123291,18.316840318525585,17.84999410923086,18.19783938006145,5504900
2004-02-06,18.15206527709961,18.545680690047366,17.40145065052783,18.005603971717626,7708500
2004-02-09,18.078838348388672,18.399223174640092,17.959839167987376,18.124606861014513,2829000
2004-02-10,17.2183780670166,18.35345438112201,17.20922401456934,18.124608307811478,4238300
2004-02-11,16.778993606567383,17.21837763732903,16.486070919392954,17.209223585110212,4672400
2004-02-12,16.833913803100586,17.282451822910705,16.56845330996903,17.154298601809725,5435000
2004-02-13,16.742380142211914,16.989532583033125,16.641687307756246,16.83391717794575,2176900
2004-02-16,17.108530044555664,17.20922111258204,16.788145246755942,16.916298467493156,2334100
2004-02-17,16.742380142211914,17.117687575783165,16.60507109669708,17.081071364724,3308300
2004-02-18,17.40145492553711,17.438069387899425,16.550147287641096,16.742378889403216,4323900
2004-02-19,17.282455444335938,17.566225844745606,17.09937962525173,17.419764491095414,1835000
2004-02-20,17.172607421875,17.319068750960593,17.117684859957095,17.209221881168016,1850400
2004-02-23,16.769838333129883,17.37399176792052,16.65999320641712,17.30076110145974,1583800
2004-02-24,16.87053680419922,17.00784413155288,16.6142285127703,16.65999878585978,1219900
2004-02-25,16.87968635559082,17.181763093562658,16.78814757979031,16.934608922688355,1214600
2004-02-26,17.483840942382812,17.57537972399931,16.69660986482082,16.843071217024395,2575300
2004-02-27,17.932376861572266,18.17037696632409,17.46553070370794,17.758453372338852,4482200
2004-03-01,18.444995880126953,18.54568872594121,17.94153514297014,17.95068919676755,3748000
2004-03-02,18.115453720092773,18.472452990795052,17.868299573011154,18.399222326395694,2604300
2004-03-03,18.252763748168945,18.490763879821113,17.95068699375601,18.03307172186472,2630700
2004-03-04,17.9232234954834,18.225300227307848,17.648608919627314,18.152069557349098,2006800
2004-03-05,17.9232234954834,17.9232234954834,17.9232234954834,17.9232234954834,0
2004-03-08,17.895763397216797,18.21614826985885,17.57538027053184,17.57538027053184,3253100
2004-03-09,17.88661003112793,18.06968584325761,17.703532473041257,17.99645516921434,1152700
2004-03-10,18.06053352355957,18.170380418142134,17.84999553372991,17.87745769386484,1134800
2004-03-11,19.86383819580078,19.86383819580078,18.2161455585791,18.307684329417555,12408700
2004-03-12,19.891298294067383,20.66937521510101,19.7906072190796,20.120144344609226,4664900
2004-03-15,19.763147354125977,20.403917068262118,19.598377899293425,19.8913005985704,3757700
2004-03-16,19.973684310913086,20.04691498201071,19.680761626522603,19.818068916586025,3544200
2004-03-17,20.403915405273438,20.67852997697433,19.79060789891504,20.019453957318074,2739600
2004-03-18,19.90045166015625,20.733451115760328,19.781452486194272,20.605297890577162,2076500
2004-03-19,20.248302459716797,20.321533137406526,19.818070700577188,19.9553780030008,1683200
2004-03-22,20.229995727539062,20.385611146441562,19.955379358086724,20.294072356624117,1707600
2004-03-23,19.973684310913086,20.257452943171753,19.84553107298148,20.22999253273322,2215300
2004-03-24,16.852222442626953,17.1542991491146,16.495223174766117,16.57760788980427,2506800
2004-03-25,17.053606033325195,17.163452900106833,16.7881455363677,16.84306809678016,3138200
2004-03-26,17.83168601989746,17.93237885315617,17.081071161677674,17.117687372301578,5425400
2004-03-29,17.355682373046875,17.94152940708581,17.300759813778335,17.795068085065246,2151000
2004-03-30,17.355682373046875,17.392298576530354,16.934606508726926,17.282451712036593,2079200
2004-03-31,17.172607421875,17.383145364190945,16.980375836227182,17.35568321025361,1568400
2004-04-01,17.291610717773438,17.483842349231825,16.980379882808187,17.181765567760515,4023800
2004-04-02,17.74014663696289,17.895762034916817,17.209223822641896,17.245840032022567,3336200
2004-04-05,18.115453720092773,18.188684384492134,17.758452703433736,17.758452703433736,5050700
2004-04-06,18.536531448364258,18.554839552775025,17.84999324657299,18.087993366042127,2837100
2004-04-07,18.271066665649414,18.68299022859466,18.12460534237037,18.536528905315617,2157900
2004-04-08,17.88661003112793,18.261917453844312,17.8499938211278,18.216147191344152,3221100
2004-04-09,17.245838165283203,18.033069122185854,17.108530886882146,17.941530354599557,3527800
2004-04-12,16.49522590637207,17.264148876757158,16.38537901947833,17.062763208444803,4136800
2004-04-13,15.863608360290527,17.026146731210737,15.836146205323457,16.824761086699212,2852200
2004-04-14,15.927684783935547,16.284685810376953,15.51576294013566,15.863608169074908,3444400
2004-04-15,15.836145401000977,16.16568426004113,15.64391556386538,16.019222932902558,1252100
2004-04-16,15.900225639343262,16.00091672243355,15.607301204474652,15.836147273431507,1189400
2004-04-19,15.817839622497559,16.293838080110643,15.653070186957457,16.01922351818168,2548600
2004-04-20,14.920761108398438,16.064991308304965,14.746839375101489,15.817838912052268,3552900
2004-04-21,14.646147727966309,15.16791646142201,14.48137828667359,15.16791646142201,2245900
2004-04-22,14.646147727966309,14.78345501372462,14.188455611467361,14.554608955475146,6482400
2004-04-23,14.636994361877441,14.737687190930952,14.353225725221208,14.508841121959842,2420100
2004-04-26,14.627840042114258,14.966532986219109,14.463071469093432,14.527148087880507,1901100
2004-04-27,13.922994613647461,14.737686918390988,13.684994496803942,14.627840039095165,3687000
2004-04-28,13.602608680725098,13.922993494805354,13.538532067100402,13.73991683232166,3021400
2004-04-29,12.760455131530762,13.547686087902028,12.732993850464764,13.547686087902028,3267900
2004-04-30,13.309686660766602,13.428686715347888,12.74214854328707,12.74214854328707,3238200
2004-05-03,13.309686660766602,13.309686660766602,13.309686660766602,13.309686660766602,0
2004-05-04,13.309686660766602,13.309686660766602,13.309686660766602,13.309686660766602,0
2004-05-05,13.309686660766602,13.309686660766602,13.309686660766602,13.309686660766602,0
2004-05-06,13.309686660766602,13.309686660766602,13.309686660766602,13.309686660766602,0
2004-05-07,13.309686660766602,13.309686660766602,13.309686660766602,13.309686660766602,0
2004-05-10,12.467533111572266,13.309686673262473,12.449225880915574,13.309686673262473,1469600
2004-05-11,12.668916702270508,12.906916789406297,12.311916571566826,12.43091661513472,1495500
2004-05-12,12.998456001281738,13.07168667046249,12.632302655377973,12.632302655377973,2510800
2004-05-13,12.723841667175293,13.062534632954348,12.632303759189979,13.025918422186006,2563500
2004-05-14,12.430917739868164,12.906917957207629,12.357687071504927,12.72384041332111,2538700
2004-05-17,12.293610572814941,12.80622525627305,12.23868713452664,12.385148472657528,1990300
2004-05-18,12.50414752960205,12.540762861210817,11.716917463524366,12.202070825585126,4332500
2004-05-19,12.659762382507324,12.723838991922456,12.357685691009795,12.586531722324791,7087500
2004-05-20,12.989302635192871,13.27307214798445,12.732995279527836,12.732995279527836,7671100
2004-05-21,12.989302635192871,12.989302635192871,12.989302635192871,12.989302635192871,0
2004-05-24,12.559072494506836,13.089995304044816,12.549918442244136,13.04422591570979,3593000
2004-05-25,12.028148651123047,12.632302080877366,11.909148600871681,12.54076331207527,3933000
2004-05-26,12.018994331359863,12.220379094442137,11.762687006605029,12.037301560924591,3014900
2004-05-27,12.668916702270508,12.742147364007929,11.945763262879726,12.083070535392801,4760300
2004-05-28,12.595687866210938,12.650610433985563,12.449226521507306,12.62314915009825,2177600
2004-05-31,12.73299503326416,12.842841040710402,12.53161024979015,12.53161024979015,1807800
2004-06-01,13.181533813476562,13.2181491512315,12.751303813100678,12.751303813100678,4512500
2004-06-02,13.071688652038574,13.428688873147296,12.943535398034344,13.254765352743597,4474600
2004-06-03,12.668916702270508,12.943532120275007,12.57737793860956,12.925224018351479,3334300
2004-06-04,12.650609016418457,12.778763115163033,12.540763020199554,12.595686454798194,2003700
2004-06-07,12.275301933288574,12.678071468547577,12.083071217137324,12.632302084134727,1674400
2004-06-08,12.430917739868164,12.476687125839794,12.083071628653576,12.266148299561667,1169200
2004-06-09,12.073918342590332,12.504149201243367,12.046457058457133,12.40345724410265,1011400
2004-06-10,12.275301933288574,12.430917316505226,11.982379269811771,12.064763987159221,3013900
2004-06-11,12.311918258666992,12.668918438290353,12.293611027213174,12.293611027213174,1649300
2004-06-14,12.147148132324219,12.266147304022505,12.009839985553468,12.266147304022505,846100
2004-06-15,12.4949951171875,12.540764505945756,12.147149857773107,12.147149857773107,906200
2004-06-16,12.8611478805542,13.08999392514421,12.449225174887859,12.494993685423157,3553100
2004-06-17,12.723841667175293,13.08999591805209,12.687226329385465,12.888611123718777,2665500
2004-06-18,12.531607627868652,12.879453681826343,12.40345441581675,12.678069813465273,1927600
2004-06-21,11.277533531188965,12.613994553396367,11.277533531188965,12.531609832311636,6699000
2004-06-22,10.85645580291748,11.066994613270413,10.206533015620211,11.066994613270413,8229800
2004-06-23,10.490301132202148,10.728301192091587,10.343839825494262,10.655070538737643,2665500
2004-06-24,9.776304244995117,10.490303728388934,9.703073573517724,10.490303728388934,8847300
2004-06-25,9.84953498840332,10.25230368447039,9.7488421596527,9.776304316391126,4670900
2004-06-28,10.041765213012695,10.133303111910951,9.794611052732707,9.794611052732707,3518300
2004-06-29,10.810688018798828,10.938841250851011,10.142457084467113,10.352995908947502,7097600
2004-06-30,10.343840599060059,11.066994009745075,10.343840599060059,10.865609261472017,6978900
2004-07-01,11.14937973022461,11.304995112595572,10.453687535269536,10.453687535269536,9695300
2004-07-02,11.41484260559082,11.515534565554905,11.140227137623262,11.18599652778094,10080000
2004-07-05,11.359917640686035,11.47891768995973,11.066994979691334,11.423994254534028,4231100
2004-07-06,11.405688285827637,11.70776503162337,11.31414950765624,11.359918896741938,4983400
2004-07-07,11.140225410461426,11.414840835853068,10.966301929422757,11.405686784645061,4729500
2004-07-08,11.185996055603027,11.24091862309107,10.947995935212257,11.030380659422791,2457800
2004-07-09,11.076149940490723,11.323303237752734,11.030380552707843,11.2134572308609,2942900
2004-07-12,10.636763572692871,11.057840310850139,10.636763572692871,11.057840310850139,3939700
2004-07-13,10.682533264160156,10.801533310242482,10.554379166922642,10.618456652030583,2504100
2004-07-14,10.801536560058594,10.83815190271729,10.40792097174365,10.600151738946456,2832900
2004-07-15,11.497224807739258,11.515532035993763,10.691686686039715,10.8015326745017,7128100
2004-07-16,11.954917907714844,12.202071185111652,11.533841145318066,11.533841145318066,12501300
2004-07-19,12.165456771850586,12.284456830323581,11.8084565964316,11.964071990359482,7746400
2004-07-20,11.881686210632324,12.302762967403886,11.735224881838457,12.192916970808485,10737000
2004-07-21,11.570457458496094,11.872534197011761,11.506379966128991,11.872534197011761,5617900
2004-07-22,11.14937973022461,11.570456493173376,11.121917575939104,11.552148390316372,8012600
2004-07-23,11.41484260559082,11.42399578523955,11.021227072404704,11.131073084996025,4888700
2004-07-26,10.700840950012207,11.35076376912528,10.636764335148992,11.35076376912528,6931800
2004-07-27,10.709996223449707,10.856457572977186,10.572688926512322,10.709996223449707,3883800
2004-07-28,10.874764442443848,10.883918493993754,10.618457109895292,10.709995006459145,3006600
2004-07-29,11.039534568786621,11.057841800052874,10.80153445147612,10.883919174620406,4224200
2004-07-30,10.581842422485352,11.121918402214689,10.581842422485352,11.076149887628706,4303000
2004-08-02,10.636763572692871,10.73745551354283,10.252302165115438,10.563532911533203,2368600
2004-08-03,10.36214828491211,10.746609697240782,10.343841055885118,10.526917711046783,3265100
2004-08-04,9.876995086669922,10.435379111987082,9.327764239521816,10.069225795873923,14351200
2004-08-05,9.803765296936035,10.023457306177889,9.629842674530844,9.794611244973014,5282700
2004-08-06,9.465072631835938,9.858688111539944,9.336918531402953,9.803764676217698,5340700
2004-08-09,9.574917793273926,9.611533122631485,9.245379829055896,9.382687095902163,2781500
2004-08-10,9.648150444030762,9.757996454783209,9.519996328330327,9.565765717721803,2306000
2004-08-11,9.428458213806152,9.693919618825948,9.382688825427882,9.648150230447678,1882800
2004-08-12,9.565764427185059,9.59322570792369,9.254533668885989,9.336918384080256,2124500
2004-08-13,9.620688438415527,9.757995723318839,9.474227101724416,9.565765000667147,2795300
2004-08-16,9.657304763793945,9.712227334201037,9.57492003520479,9.584074087932146,1443900
2004-08-17,9.44676399230957,9.693918127748951,9.263687339935032,9.657302797274044,3312900
2004-08-18,9.355228424072266,9.519997015606817,9.336920317802562,9.428459103193967,2344900
2004-08-19,9.336918830871582,9.400996319632466,9.20876559930665,9.318611600495913,2197800
2004-08-20,9.30030345916748,9.419303511547895,9.199611510066399,9.309457510807146,2290200
2004-08-23,8.87922477722168,9.300301459340393,8.815148175479123,9.300301459340393,3990600
2004-08-24,9.153841972351074,9.199611356808509,8.78768864264839,8.879226538584863,3400100
2004-08-25,9.117226600646973,9.236226650539383,9.09891849775042,9.144687882013407,1524000
2004-08-26,9.44676399230957,9.556609983734294,9.153841348510309,9.153841348510309,4582900
2004-08-27,9.455918312072754,9.675610301169625,9.382687649040463,9.4925336435889,4100700
2004-08-30,9.510842323303223,9.519995502004237,9.346072884987128,9.437611655824607,1800100
2004-08-31,9.666458129882812,9.922765477192808,9.59322658624436,9.6206887424757,4802100
2004-09-01,9.44676399230957,9.666456848137356,9.428456763561286,9.657302797274044,1591300
2004-09-02,9.638995170593262,9.693918605501626,9.364379742008206,9.382687844637122,2050600
2004-09-03,9.510842323303223,9.648149606581024,9.501688271623792,9.593226169482854,1339900
2004-09-06,9.519996643066406,9.519996643066406,9.346074005203015,9.510843463268296,922000
2004-09-07,9.483378410339355,9.529147787273866,9.391840529448592,9.519993737291312,886200
2004-09-08,9.391843795776367,9.510843868001045,9.3552284560902,9.510843868001045,925300
2004-09-09,9.336918830871582,9.41014949833109,9.172150265576896,9.391842267955422,1312200
2004-09-10,9.43761157989502,9.446764758522392,9.272842142904565,9.272842142904565,1378700
2004-09-13,9.364378929138184,9.437610460318638,9.227071663253732,9.419302359278948,1631500
2004-09-14,9.785457611083984,9.794611663438104,9.410150194349901,9.410150194349901,5467600
2004-09-15,10.105841636657715,10.380457074067985,9.693918917031514,9.785456814182664,11579700
2004-09-16,10.29807186126709,10.389610627003034,10.01430238586836,10.179071815001711,8175300
2004-09-17,11.14937973022461,11.167686960103222,10.26145682016296,10.417072202533921,12618100
2004-09-20,11.991535186767578,12.037303705322065,11.259227541174853,11.396534842795381,16731100
2004-09-21,12.339378356933594,12.952685828841254,11.62537893925691,12.064763800658367,21277200
2004-09-22,11.899993896484375,12.449224733205762,11.808455132704694,12.330224689483517,11740300
2004-09-23,13.089994430541992,13.089994430541992,12.083071446277833,12.083071446277833,16964800
2004-09-24,12.916070938110352,13.895532640172906,12.8611483741687,13.273071095644749,24713600
2004-09-27,12.659762382507324,13.483607746049978,12.366839741777193,13.27306981626978,11702800
2004-09-28,12.613993644714355,12.861147790164154,12.22037904441122,12.67807113037451,8134700
2004-09-29,12.723841667175293,12.998457137088263,12.504149640436323,12.623149706497893,7197200
2004-09-30,12.842840194702148,13.02591686171924,12.641456297472551,12.687224809493017,7649900
2004-10-01,12.842840194702148,12.842840194702148,12.842840194702148,12.842840194702148,0
2004-10-04,12.842840194702148,12.842840194702148,12.842840194702148,12.842840194702148,0
2004-10-05,12.842840194702148,12.842840194702148,12.842840194702148,12.842840194702148,0
2004-10-06,12.842840194702148,12.842840194702148,12.842840194702148,12.842840194702148,0
2004-10-07,12.842840194702148,12.842840194702148,12.842840194702148,12.842840194702148,0
2004-10-08,14.12437915802002,14.12437915802002,12.851994745151083,13.071686754098996,16754000
2004-10-11,13.822301864624023,14.490531916208019,13.758224376556303,14.444762531296336,17785000
2004-10-12,13.282225608825684,13.877225019079658,13.18153278313642,13.730763679508122,11171400
2004-10-13,12.934379577636719,13.392071703357855,12.494994682995634,13.263917593883695,11377600
2004-10-14,11.689456939697266,12.586533058667175,11.643687553979156,11.899994891830783,15771800
2004-10-15,11.927456855773926,12.064765020775988,11.103611357675437,11.488072822915658,10735400
2004-10-18,11.643686294555664,11.945762985451688,11.442301542965538,11.79930166537826,6230100
2004-10-19,12.055610656738281,12.357687389760827,11.735225819664214,11.735225819664214,11552400
2004-10-20,12.064764022827148,12.174610021955695,11.716917922430882,11.90914863915044,5805000
2004-10-21,12.302763938903809,12.339379273993643,12.037302541257906,12.156302598544476,9237900
2004-10-22,12.000686645507812,12.43091746744723,11.735225260264004,12.357686800688828,10493000
2004-10-25,11.872533798217773,12.357687199389472,11.835918463657238,12.220379913032074,10049900
2004-10-26,11.32330322265625,11.881687308523238,10.88391919567471,11.826764741639778,15263700
2004-10-27,12.064764022827148,12.128840637407533,11.54299443574355,11.616225101829247,11695600
2004-10-28,11.753533363342285,12.174610133688699,11.671148644995185,12.064764133552035,7333600
2004-10-29,11.378226280212402,11.588764234489082,10.947995446848122,11.350764124714933,6826000
2004-11-01,11.158534049987793,11.350764784756041,11.149380870601481,11.350764784756041,2842800
2004-11-02,11.25007152557373,11.33245624136454,10.98461014856911,11.076148915665208,1867500
2004-11-03,11.442302703857422,11.442302703857422,11.16768726436916,11.259226035191388,3100700
2004-11-04,11.295842170715332,11.726073027352566,11.25922683438313,11.515534188708545,4331800
2004-11-05,11.167688369750977,11.497227278946136,10.966303577795989,11.29584248699115,4967900
2004-11-08,11.204303741455078,11.250073131536768,11.002919821861255,11.112765834270206,1415800
2004-11-09,11.10361099243164,11.259226383861392,11.030380322697455,11.204302945071532,1257700
2004-11-10,11.744379043579102,11.863379092587815,11.085302184830226,11.167686901296134,6854200
2004-11-11,11.579608917236328,11.881685610870086,11.57045573938253,11.808454950169681,7614700
2004-11-12,11.616225242614746,11.698609961204237,11.41484134492756,11.533841397003666,3352300
2004-11-15,12.083070755004883,12.238686132269825,11.83591748539362,11.86337876579968,9393200
2004-11-16,11.991535186767578,12.174611879921127,11.817611673537808,12.128842488388106,3139800
2004-11-17,11.661995887756348,11.973226692509218,11.625380550313569,11.973226692509218,3898400
2004-11-18,11.780996322631836,11.808457608331622,11.616226862476058,11.625380915368831,2247100
2004-11-19,11.899993896484375,12.092224602039025,11.790147903735766,11.790147903735766,3309400
2004-11-22,12.018994331359863,12.092224995575531,11.81760956827759,11.973224947980476,3041400
2004-11-23,11.790148735046387,12.037302017912676,11.716918068050566,12.009840736033846,3253200
2004-11-24,11.616225242614746,11.854225346766961,11.6070720639769,11.780994679793729,2323200
2004-11-25,11.680303573608398,11.762688298141413,11.579610744522057,11.616226080650234,1902500
2004-11-26,11.588765144348145,11.79014993558192,11.57961109179695,11.72607331368056,1284100
2004-11-29,11.259225845336914,11.579609791855518,11.21345646069757,11.579609791855518,2631700
2004-11-30,11.350763320922852,11.396532703865761,11.222610096256751,11.259225428015403,1133700
2004-12-01,11.3049955368042,11.369072153251338,11.213456765041066,11.35076404970734,1858900
2004-12-02,10.911380767822266,11.295842238092865,10.902226715439992,11.25922690154226,5078500
2004-12-03,10.792379379272461,10.975456039523122,10.709994663915069,10.89307132416573,4607000
2004-12-06,10.426225662231445,10.774071739967294,10.343840950007383,10.75576363814935,3678800
2004-12-07,10.5269193649292,10.600150038499123,10.169919176541953,10.417073354574313,4509200
2004-12-08,10.453688621520996,10.645919356602427,10.343842611899962,10.590995915302669,2007100
2004-12-09,11.030380249023438,11.304995695181642,10.343842070117146,10.435379970184256,7061400
2004-12-10,10.838149070739746,10.984610403104597,10.664225583822684,10.984610403104597,3227200
2004-12-13,10.801536560058594,10.810690613967925,10.618459846765118,10.755767163490567,2078400
2004-12-14,10.636763572692871,10.856455556171879,10.618456343892126,10.838148327371131,1393400
2004-12-15,10.929688453674316,11.103611964249081,10.536073787647492,10.63676574910021,3587800
2004-12-16,10.755764961242676,11.057841694571215,10.709995574045953,10.893072249854393,2523400
2004-12-17,9.7396879196167,10.44453327921261,9.71222576586923,10.252302567872203,7669600
2004-12-20,9.327764511108398,9.684764659446897,9.272841948581487,9.611533994092087,4023200
2004-12-21,9.382686614990234,9.483378547317953,9.327763187279853,9.327763187279853,2130300
2004-12-22,9.730535507202148,9.794612130781395,9.382689357954698,9.382689357954698,3924600
2004-12-23,9.43761157989502,9.730534247452796,9.41014942507767,9.730534247452796,1990800
2004-12-24,9.492535591125488,9.611535661212207,9.43761301907226,9.43761301907226,1046600
2004-12-27,9.44676399230957,9.574918085460917,9.428456763561286,9.54745680584932,1031800
2004-12-28,9.382686614990234,9.58407135262394,9.346071287509403,9.446763219837122,1664100
2004-12-29,9.419303894042969,9.492534564177188,9.34607322390875,9.38268855897586,1886700
2004-12-30,9.620688438415527,9.703073158548886,9.373534278015455,9.419303663976034,2084800
2004-12-31,9.620688438415527,9.776303826894441,9.611534386627726,9.657303772588305,2073600
2005-01-03,9.620688438415527,9.620688438415527,9.620688438415527,9.620688438415527,0
2005-01-04,9.291150093078613,9.529150215400364,9.245381577460066,9.529150215400364,2206600
2005-01-05,9.419303894042969,9.510842668199967,9.153842496561813,9.245381270718811,1430500
2005-01-06,9.089765548706055,9.382688218617105,9.016534881228292,9.062303393668081,3309300
2005-01-07,9.071455955505371,9.245379416934714,9.025686577604056,9.062301905329454,2468800
2005-01-10,9.291150093078613,9.318612250023916,9.04399679142024,9.05315084373534,1604400
2005-01-11,9.52915096282959,9.638996980291255,9.30030487487315,9.318612980939367,2903500
2005-01-12,9.7396879196167,9.757995149136637,9.519995054528822,9.529149105777979,3300000
2005-01-13,9.59322738647461,9.767150898533979,9.565766100931008,9.75799684569327,1632700
2005-01-14,9.501688003540039,9.703072769913506,9.492533952118883,9.565764617531345,1691500
2005-01-17,9.236226081848145,9.36437930231981,9.162995420727668,9.162995420727668,2554000
2005-01-18,9.327764511108398,9.364379843785803,9.208765334640624,9.254533845753587,1696500
2005-01-19,9.28199577331543,9.410148998067463,9.254533619744247,9.346072385691446,839000
2005-01-20,9.190457344055176,9.327764625027774,9.117226677806004,9.227072677179763,989400
2005-01-21,9.565764427185059,9.611533810401694,9.108072340975454,9.162995775431092,4295500
2005-01-24,9.840380668640137,9.931919442656076,9.638995889592142,9.886150055648107,5121300
2005-01-25,10.243148803710938,10.444533571944774,9.675610705032305,9.812918858682904,8461700
2005-01-26,9.986842155456543,10.288918891978845,9.959380872039551,10.243149504298218,3218000
2005-01-27,9.629842758178711,10.014303341202282,9.611534654093639,9.886150104520576,3539300
2005-01-28,9.730535507202148,9.794612130781395,9.501689425300814,9.611535439856032,2482600
2005-01-31,9.519996643066406,9.785458062739071,9.483381304938401,9.730535492036324,2136000
2005-02-01,9.565764427185059,9.693918525595963,9.483379711990791,9.519995043968423,2050900
2005-02-02,10.142457008361816,10.25230300914448,9.519995464281642,9.519995464281642,4908300
2005-02-03,9.84953498840332,10.15161172869824,9.812919652397223,10.142457676452098,5786700
2005-02-04,10.050917625427246,10.169917670601716,9.776303076693626,9.812918408056666,4954500
2005-02-07,10.050917625427246,10.050917625427246,10.050917625427246,10.050917625427246,0
2005-02-08,10.050917625427246,10.050917625427246,10.050917625427246,10.050917625427246,0
2005-02-09,10.050917625427246,10.050917625427246,10.050917625427246,10.050917625427246,0
2005-02-10,10.050917625427246,10.050917625427246,10.050917625427246,10.050917625427246,0
2005-02-11,10.050917625427246,10.050917625427246,10.050917625427246,10.050917625427246,0
2005-02-14,10.050917625427246,10.050917625427246,10.050917625427246,10.050917625427246,0
2005-02-15,10.050917625427246,10.050917625427246,10.050917625427246,10.050917625427246,0
2005-02-16,10.307228088378906,10.471996679317925,10.087536051807847,10.160766730664866,5773400
2005-02-17,10.325531959533691,10.325531959533691,10.105839994495973,10.252301304521119,2271300
2005-02-18,10.096688270568848,10.31638115920027,10.087535091317159,10.25230366656764,2515800
2005-02-21,10.23399543762207,10.298072051030957,10.05091790277659,10.133302618861379,4017700
2005-02-22,10.618456840515137,10.728302837392116,10.206533261003491,10.252302644613495,7686200
2005-02-23,10.709996223449707,10.847304393365597,10.444534809186525,10.618458316484285,5734800
2005-02-24,10.636763572692871,10.709994233852541,10.490302250373533,10.709994233852541,2930400
2005-02-25,10.783226013183594,11.012072071282438,10.636764675676883,10.636764675676883,6092500
2005-02-28,11.048687934875488,11.140226711690975,10.709995857423744,10.755765245831487,5248800
2005-03-01,11.030380249023438,11.250072256758626,10.93884147597789,11.06699558364597,3654900
2005-03-02,10.700840950012207,11.167687103102951,10.664225616807741,11.030379821830804,6880900
2005-03-03,10.545226097106934,10.691687425181467,10.389610717783148,10.673379322682962,3769200
2005-03-04,10.380457878112793,10.618458000501827,10.33468848950283,10.554380507256486,3204800
2005-03-07,10.426225662231445,10.517763552386135,10.334686899098411,10.362148178846985,2944400
2005-03-08,10.865612030029297,10.911381421704982,10.4811505367192,10.4811505367192,4936200
2005-03-09,10.810688018798828,10.984610636431828,10.719149247637194,10.957149354274705,4422600
2005-03-10,10.5269193649292,10.938842122004644,10.471995923262511,10.911380837660545,4874300
2005-03-11,10.481149673461914,10.609303785002988,10.417073054180609,10.481149673461914,3578200
2005-03-14,10.71915054321289,10.819842505278137,10.435381016696612,10.490304460627627,6140600
2005-03-15,10.288919448852539,10.755765657101131,10.169919383633573,10.728304372197835,5647600
2005-03-16,9.721381187438965,10.2889193502109,9.70307395533845,10.252304013031372,7217300
2005-03-17,9.492535591125488,9.858689854387364,9.419304913068821,9.721381678297208,5582100
2005-03-18,9.59322738647461,9.78545813123687,9.492535424162387,9.78545813123687,2037500
2005-03-21,9.53830337524414,9.657303425270527,9.346072659505884,9.593225938038845,1559000
2005-03-22,9.419303894042969,9.611534621389904,9.36438045495308,9.584073338334184,1975000
2005-03-23,9.43761157989502,9.638995477351786,9.162996142570398,9.382688143238731,2769300
2005-03-24,9.602380752563477,9.611534804749498,9.336919350018105,9.437612178107413,1677700
2005-03-25,9.465072631835938,9.666457397379661,9.41014919651369,9.602379910673974,1649400
2005-03-28,9.391843795776367,9.565766441041013,9.263689670385508,9.519997048188667,2232100
2005-03-29,9.28199577331543,9.501687764014662,9.245380441532225,9.391841768665046,1564800
2005-03-30,8.632074356079102,9.236227863342004,8.549689628183522,9.236227863342004,6376000
2005-03-31,8.558841705322266,8.668687692836068,8.165226261997411,8.650379591761281,4559100
2005-04-01,8.751072883605957,8.970764870731205,8.302533985335629,8.485611514251692,5134400
2005-04-04,8.320841789245605,8.696149138713553,8.2933805100836,8.696149138713553,4812600
2005-04-05,8.41238021850586,8.494764934268959,8.238457608655835,8.247611659958043,2096600
2005-04-06,8.622919082641602,8.67784164481067,8.256765758253197,8.41238026638448,3611500
2005-04-07,8.751072883605957,8.915841437460715,8.567995354689893,8.65038006810645,5323600
2005-04-08,9.108073234558105,9.108073234558105,8.75107393099598,8.75107393099598,5458200
2005-04-11,8.90668773651123,9.199611270503759,8.78768856020803,9.144687835074413,4625600
2005-04-12,8.870073318481445,8.979920200666495,8.824304802712568,8.879227370826612,1685400
2005-04-13,9.016533851623535,9.153841119220516,8.952456370163736,9.117225789662767,3176800
2005-04-14,8.805997848510742,9.098920577998113,8.787690614407078,9.0348439491674,2213500
2005-04-15,8.5863037109375,8.787688474919381,8.531380276041212,8.787688474919381,2065500
2005-04-18,8.5863037109375,8.5863037109375,8.5863037109375,8.5863037109375,0
2005-04-19,8.824304580688477,9.126381316650756,8.65038108242022,8.924996535016415,2250500
2005-04-20,8.632074356079102,8.870073614137041,8.604612198128235,8.833458276514396,1389700
2005-04-21,8.458150863647461,8.622920319750499,8.357458903239221,8.604612214415267,1618400
2005-04-22,8.485613822937012,8.577151739321456,8.37576692650993,8.458151662340944,1467600
2005-04-25,8.531381607055664,8.61376633576407,8.42153559310396,8.485613089309675,1931100
2005-04-26,8.851765632629395,8.934150353552191,8.513073570041128,8.558842956440285,2890300
2005-04-27,8.613765716552734,8.915842451449384,8.60461166447018,8.90668839936683,1760300
2005-04-28,8.815149307250977,8.879225917220293,8.531379841855669,8.586303273956752,2708200
2005-04-29,8.696151733398438,8.851767150044907,8.6412282857085,8.824305862689231,1513500
2005-05-02,8.696151733398438,8.696151733398438,8.696151733398438,8.696151733398438,0
2005-05-03,8.696151733398438,8.696151733398438,8.696151733398438,8.696151733398438,0
2005-05-04,8.696151733398438,8.696151733398438,8.696151733398438,8.696151733398438,0
2005-05-05,8.696151733398438,8.696151733398438,8.696151733398438,8.696151733398438,0
2005-05-06,8.696151733398438,8.696151733398438,8.696151733398438,8.696151733398438,0
2005-05-09,8.650381088256836,8.924996541038322,8.55884318598198,8.696150475883494,1099100
2005-05-10,8.183536529541016,8.622921515766501,7.863152498543177,8.622921515766501,3314100
2005-05-11,7.936382293701172,8.275074394575729,7.918074187880557,8.238459055913033,1704400
2005-05-12,7.954688549041748,8.027920090346708,7.826535315959528,7.918073214878481,1356800
2005-05-13,7.615995407104492,8.037072126611422,7.469534091272222,7.918072089253126,2416900
2005-05-16,7.222381591796875,7.5976894301489235,7.185766256809733,7.5976894301489235,2838500
2005-05-17,7.313920021057129,7.414612848269339,7.130843343823735,7.213228066823377,1969700
2005-05-18,7.515304088592529,7.533611318087559,7.313919326276959,7.313919326276959,1673700
2005-05-19,7.570228099822998,7.597689382647052,7.460381222569902,7.524458713130615,1506900
2005-05-20,7.176612854003906,7.3047665302570515,7.048458741261525,7.167458801741207,940900
2005-05-23,7.039305210113525,7.139997603767552,7.02099754185727,7.139997603767552,982600
2005-05-24,6.99353551864624,7.048458521038711,6.718920506683888,7.0026895706229295,2794100
2005-05-25,7.048458099365234,7.0576121507942835,6.8653814356762135,6.9569197675207235,1332500
2005-05-26,7.039305210113525,7.130843551394803,6.911151532319736,7.039305210113525,1548700
2005-05-27,6.984381198883057,7.2040731863001195,6.975227147829424,7.002688864501145,1136300
2005-05-30,7.048458099365234,7.075919817163185,6.819612051509361,6.984381485318675,1032100
2005-05-31,7.085073471069336,7.176612239906485,7.030150471660566,7.048458138130155,1350300
2005-06-01,6.87453556060791,7.075919892819037,6.87453556060791,7.075919892819037,1049800
2005-06-02,6.563304901123047,6.847073955815231,6.5083819005202885,6.728073902931319,1962600
2005-06-03,6.453458786010742,6.636535451455205,6.38938173486058,6.544997118732974,2075900
2005-06-06,6.810458183288574,6.819611797888004,6.371073770286435,6.4534584841272045,3398100
2005-06-07,6.773843288421631,7.0393046762492375,6.718920287818252,6.810458622157218,4358500
2005-06-08,7.442074775695801,7.451228828594337,6.7738441912270035,6.7738441912270035,9343000
2005-06-09,7.853996753692627,7.954688706388732,7.50615063577184,7.524458739704829,13819900
2005-06-10,7.50615119934082,7.8265360583953685,7.478689914357963,7.8265360583953685,5113500
2005-06-13,7.414612293243408,7.625150238057233,7.185765809098284,7.46038080439188,3778800
2005-06-14,7.249843597412109,7.570228445928103,7.222381876843306,7.4603815636528905,2095000
2005-06-15,6.966073989868164,7.231535376975157,6.956919938214512,7.231535376975157,2484000
2005-06-16,7.094227313995361,7.103381365205649,6.865381271608414,6.9386119353339675,2198100
2005-06-17,7.020997047424316,7.2315354357893336,6.984381713490332,7.139997100954372,1603100
2005-06-20,7.33222770690918,7.414612425208134,6.773843218473656,7.048458218654829,3966500
2005-06-21,7.139997959136963,7.350535936318102,7.094228567973685,7.332228703639907,2316200
2005-06-22,7.030150890350342,7.121689664639201,6.911151269455429,7.121689664639201,2127600
2005-06-23,7.066766262054443,7.231535707436013,6.97522792378092,7.0209973111622945,1959400
2005-06-24,7.112534999847412,7.139996717066002,7.002689003951428,7.066765616646158,1196600
2005-06-27,7.3505353927612305,7.460381399643096,7.149151046811144,7.149151046811144,3386100
2005-06-28,7.112534999847412,7.323073376892643,7.085073282628822,7.323073376892643,2116500
2005-06-29,7.020997047424316,7.213227768822341,7.020997047424316,7.139997100954372,1453300
2005-06-30,6.865382194519043,7.011843541658891,6.819612805293218,7.002689925707273,2292200
2005-07-01,6.782997131347656,6.865381853263369,6.691458793935323,6.837920133795056,2427500
2005-07-04,6.90199613571167,6.90199613571167,6.682304159423893,6.764688432287231,2280200
2005-07-05,6.87453556060791,6.9386121753395775,6.7921508428223945,6.9019968422102815,1479300
2005-07-06,6.90199613571167,6.938611465092967,6.828765476949078,6.874534856920277,1022100
2005-07-07,6.929459095001221,6.97522804669992,6.792151366926655,6.792151366926655,779800
2005-07-08,6.865382194519043,6.883689862911524,6.737228515771676,6.865382194519043,1163600
2005-07-11,6.966073989868164,7.1308429912310265,6.865381604124034,6.911150989413876,2410900
2005-07-12,7.176612854003906,7.231535858112397,6.911151449234916,6.966074453343407,2728100
2005-07-13,7.094227313995361,7.176612028931202,7.048457930922297,7.176612028931202,1370800
2005-07-14,7.1491498947143555,7.167457559577691,6.993534525131427,7.103380950800598,1706900
2005-07-15,7.1491498947143555,7.158303945390603,7.066765184584767,7.1491498947143555,1639600
2005-07-18,6.966073989868164,7.121689376066582,6.956919938214512,7.121689376066582,1214700
2005-07-19,6.673151016235352,6.9569200757713086,6.636535681875177,6.874535791705524,3710500
2005-07-20,6.755534648895264,6.773842313127129,6.636534613143571,6.682303991967805,1033000
2005-07-21,6.718920707702637,6.782997327499639,6.673151319428291,6.728074323463965,986700
2005-07-22,6.773843288421631,6.956919957099563,6.682304954082665,6.7097662361397505,2451300
2005-07-25,6.590766906738281,6.856228323706204,6.590766906738281,6.819612985951267,1913900
2005-07-26,6.7646894454956055,6.80130478036111,6.544997436302581,6.59076638663985,1969600
2005-07-27,7.048458099365234,7.048458099365234,6.755535437462801,6.782996718771556,3438800
2005-07-28,7.176612854003906,7.258997141922024,7.020997457451897,7.0942281295965515,4984300
2005-07-29,7.020997047424316,7.167458383160255,6.97522766176223,7.167458383160255,2552600
2005-08-01,7.204073429107666,7.240688761577934,7.030150381629298,7.030150381629298,2873100
2005-08-02,7.359689235687256,7.368843287578457,7.094227841691486,7.204073845450587,4623800
2005-08-03,7.304766654968262,7.496996954385229,7.295612602549279,7.3963049967118755,4711500
2005-08-04,7.1674580574035645,7.277304054213083,7.158304442580699,7.240688721943243,2741600
2005-08-05,7.3505353927612305,7.387150728388519,7.121689763335294,7.158305098962582,3696800
2005-08-08,7.478689193725586,7.579381144279253,7.368843191400197,7.368843191400197,4924100
2005-08-09,7.625150680541992,7.661766015372579,7.368843336727879,7.451228058341312,5609300
2005-08-10,7.615995407104492,7.725841393978695,7.515303470714382,7.625149457588585,3186500
2005-08-11,7.670919418334961,7.716688801245536,7.551919371958811,7.57938065251381,4532000
2005-08-12,7.515304088592529,7.872304230018535,7.4878428078607975,7.689226697197993,6191300
2005-08-15,7.661766529083252,7.7075359189348704,7.442074505369686,7.506151127374851,3307600
2005-08-16,7.6800737380981445,7.918072966195316,7.561073687560358,7.6800737380981445,5132700
2005-08-17,7.789920330047607,7.7990743822422655,7.487843591451593,7.67092027045244,4123700
2005-08-18,7.368843078613281,7.8356892360844945,7.3230736934336385,7.826535184452884,4592300
2005-08-19,7.268150329589844,7.506149985748326,7.14915028326601,7.368842710055333,4587100
2005-08-22,7.396304607391357,7.469535276931593,7.268150935695944,7.268150935695944,2421800
2005-08-23,7.258996486663818,7.43291953555223,7.231535205333078,7.396304202785111,1935700
2005-08-24,7.313920021057129,7.405458796163055,7.249843402270056,7.258997017887111,1751800
2005-08-25,7.2864580154418945,7.368842730275099,7.213227351807574,7.323073347259055,1179100
2005-08-26,7.304766654968262,7.323074323316985,7.185766592456942,7.258997265851834,1260300
2005-08-29,7.066766262054443,7.304766378054832,7.057612646471704,7.304766378054832,1980000
2005-08-30,7.030150890350342,7.094227945054699,6.9752278876705605,7.048458557910268,1353000
2005-08-31,7.1674580574035645,7.185765723538484,6.9752273447423105,7.03015034314707,1907200
2005-09-01,7.323073863983154,7.359689198383933,7.094227805733681,7.149150807334848,3151900
2005-09-02,7.268150329589844,7.368842710055333,7.231534997873154,7.323073327164878,1829300
2005-09-05,7.432919979095459,7.4603812620648915,7.249843304335166,7.286458639287225,3315800
2005-09-06,7.588535308837891,7.881457986059248,7.442073970227212,7.460381201064328,11579100
2005-09-07,7.863151550292969,7.918074121336168,7.542766684953043,7.588536076141394,9645800
2005-09-08,8.082843780517578,8.348305208407405,7.863151744949144,7.863151744949144,15174200
2005-09-09,8.05538272857666,8.11945935590291,7.89061326061936,8.082844015576685,4854800
2005-09-12,8.082843780517578,8.220151084503211,8.018767155054755,8.101151886637554,3248800
2005-09-13,8.229303359985352,8.238457411068012,7.991303269706358,8.091996085658895,5118200
2005-09-14,8.11030387878418,8.284227369534795,8.018765980527705,8.256766087355695,4774500
2005-09-15,7.991304874420166,8.110304943455766,7.972997641556977,8.110304943455766,3376200
2005-09-16,8.073688507080078,8.146919174533716,7.991303787950132,7.991303787950132,3282500
2005-09-19,8.009611129760742,8.073687739445761,7.890611088218325,8.073687739445761,3032600
2005-09-20,7.780765533447266,8.009611578548656,7.734996149831312,8.009611578548656,5871800
2005-09-21,7.744151592254639,7.927228286626673,7.716690306343469,7.780766931129046,3336300
2005-09-22,7.670919418334961,7.89976545990947,7.615995984246596,7.744150081800535,3796900
2005-09-23,7.670919418334961,7.670919418334961,7.670919418334961,7.670919418334961,0
2005-09-26,7.661766529083252,7.7075359189348704,7.515305179940874,7.643459296929706,1479500
2005-09-27,7.652612209320068,7.817381657841435,7.652612209320068,7.707535649820014,2535100
2005-09-28,7.597689151763916,7.680073870710961,7.515304432816871,7.652611715743003,1392400
2005-09-29,7.734997749328613,7.74415180254042,7.597690443065761,7.597690443065761,1932600
2005-09-30,7.780765533447266,7.826534917063221,7.744150201150179,7.799073636085001,2034200
2005-10-03,7.780765533447266,7.780765533447266,7.780765533447266,7.780765533447266,0
2005-10-04,7.780765533447266,7.780765533447266,7.780765533447266,7.780765533447266,0
2005-10-05,7.780765533447266,7.780765533447266,7.780765533447266,7.780765533447266,0
2005-10-06,7.780765533447266,7.780765533447266,7.780765533447266,7.780765533447266,0
2005-10-07,7.780765533447266,7.780765533447266,7.780765533447266,7.780765533447266,0
2005-10-10,7.707533836364746,7.8723032461185944,7.661764458879981,7.780764491149064,1342000
2005-10-11,8.009611129760742,8.009611129760742,7.652611005133491,7.698380386184934,3741500
2005-10-12,8.13776683807373,8.201843460482824,7.9729973827606235,8.009612720277035,4494300
2005-10-13,8.000457763671875,8.29338130368389,7.982150533471479,8.201842533746685,4283500
2005-10-14,8.037073135375977,8.220149803144984,7.972996519901426,8.000457801822174,3815500
2005-10-17,8.04622745513916,8.137766228563281,7.853996729331258,8.03707340320106,2333800
2005-10-18,8.43984317779541,8.494765744892945,8.000458276122803,8.055381716198802,8700300
2005-10-19,8.21099853515625,8.494767217985427,8.156075085555878,8.467305929674549,4343400
2005-10-20,8.165226936340332,8.229303549437379,7.982150275364213,8.14691883375353,2740000
2005-10-21,8.174379348754883,8.238455949005232,8.08284060013021,8.137764023900655,2241000
2005-10-24,8.403227806091309,8.448996320817136,8.19268897184297,8.247612411683805,3486100
2005-10-25,8.12861156463623,8.421534220774278,8.12861156463623,8.403226991254838,2822300
2005-10-26,8.000457763671875,8.22014976394708,7.963842430292675,8.101150585198484,2605100
2005-10-27,7.780765533447266,8.091996294461698,7.680073587874872,7.963842194932702,3840100
2005-10-28,7.808228015899658,7.899766797216899,7.680074769629742,7.78992078342332,2270700
2005-10-31,7.982150077819824,8.027919460175736,7.8265347015967395,7.954687924619262,2476800
2005-11-01,8.000457763671875,8.137765918577685,7.872304533333876,7.982150533471479,2356900
2005-11-02,8.04622745513916,8.091996841851222,7.94553550275538,8.000458068427099,2481300
2005-11-03,8.174379348754883,8.366610022484133,8.009609950421753,8.046225275275981,5380300
2005-11-04,8.13776683807373,8.320843525655789,8.082843395309858,8.165228122966413,2943700
2005-11-07,8.04622745513916,8.192688794235002,7.963842733653139,8.14691940752294,1966600
2005-11-08,8.091996192932129,8.14691875419946,7.9638420950110715,8.009611478052761,1350000
2005-11-09,8.13776683807373,8.238458797999236,8.073689342686128,8.146920017718953,2944900
2005-11-10,7.844841957092285,8.12861143026905,7.817380676777876,8.12861143026905,2990800
2005-11-11,7.918072700500488,7.972996134666637,7.789919475743425,7.8173807563373146,1200400
2005-11-14,8.027918815612793,8.037071992966379,7.82653407320301,7.8723034518840915,1201500
2005-11-15,7.899765491485596,8.055380870216542,7.844842057177697,8.046226819002163,1378800
2005-11-16,7.808228015899658,7.963843420351858,7.597690041039928,7.918074029693237,2292700
2005-11-17,7.881457805633545,7.899765909029982,7.643458572328792,7.799073959284834,1299100
2005-11-18,8.66868782043457,8.66868782043457,7.890610972869372,7.918072251907462,23955400
2005-11-21,8.677841186523438,8.81514933065147,8.485611356105203,8.641225856018297,12045900
2005-11-22,8.531381607055664,8.833458363667479,8.522228427293577,8.650381673747972,6092000
2005-11-23,8.815149307250977,9.01653406098383,8.476457282732923,8.513072613140865,6749100
2005-11-24,8.860919952392578,9.007381294915024,8.72361178904394,8.787689281131355,5059700
2005-11-25,8.805997848510742,8.86092129677892,8.751075273221158,8.86092129677892,3770300
2005-11-28,8.851765632629395,8.952457584324792,8.751073680933997,8.787689015457635,2914900
2005-11-29,8.851765632629395,9.108072974294865,8.851765632629395,8.888380967153033,4014600
2005-11-30,8.769380569458008,9.071457285733281,8.677841800232239,8.879226568741888,5892000
2005-12-01,8.751072883605957,8.870072055231699,8.577149405731367,8.787688214793498,3950100
2005-12-02,9.144689559936523,9.18130489946964,8.705305485539137,8.787690217733285,8324300
2005-12-05,9.126381874084473,9.272843224953958,8.970766470541019,9.153843159127874,3935300
2005-12-06,9.016533851623535,9.135533017952483,8.924995091240003,9.062302358836984,2916700
2005-12-07,9.44676399230957,9.565764034597604,8.979918746999083,9.06230258583387,5460600
2005-12-08,9.703073501586914,9.776304172521433,9.355227378158716,9.428458049093235,7885700
2005-12-09,9.684764862060547,9.941072196164557,9.593226091962766,9.593226091962766,6442200
2005-12-12,9.831225395202637,9.886148827384153,9.593225310713299,9.675610022496404,3688400
2005-12-13,10.014304161071777,10.06922760484512,9.75799679374607,9.794612131935457,4474500
2005-12-14,9.867842674255371,10.215688818818169,9.757996661179515,10.005150845334073,6053700
2005-12-15,9.666458129882812,9.986842095775692,9.6206887424757,9.840380754455696,5389500
2005-12-16,9.785457611083984,9.794611663438104,9.584073697164245,9.611534981248122,6113000
2005-12-19,9.69391918182373,9.767149850736331,9.593226357335078,9.748841747018965,4555200
2005-12-20,9.886149406433105,9.959380071645482,9.6115339753975,9.657303359399831,2854800
2005-12-21,9.684764862060547,9.941072196164557,9.629842298384606,9.886149632488618,1884100
2005-12-22,9.82207202911377,9.849534183608293,9.611534082526163,9.648149415540459,1565800
2005-12-23,9.886149406433105,9.93191879043544,9.785456587032296,9.840380022430773,2387900
2005-12-26,9.959380149841309,10.133302762841655,9.849534151160292,9.886149484053965,3933200
2005-12-27,9.858689308166504,9.959381266670945,9.721381139683908,9.959381266670945,1769400
2005-12-28,9.721381187438965,9.840381251517057,9.666458618158922,9.840381251517057,2916600
2005-12-29,10.252305030822754,10.298074425085519,9.721382152523299,9.721382152523299,10144600
2005-12-30,10.069226264953613,10.52691836790605,10.060072213379746,10.252302931538907,4898500
2006-01-04,10.215688705444336,10.343842822433167,9.977688576598721,10.114996746153578,3516700
2006-01-05,10.343840599060059,10.554378524953195,10.160763951983785,10.224840560215902,5693000
2006-01-06,10.325531959533691,10.490301369801115,10.23399407725711,10.371301337161116,4454200
2006-01-09,10.352996826171875,10.37130405823908,10.151612035561637,10.325534668603321,3914100
2006-01-10,10.755764961242676,10.819841579531017,10.325534118359002,10.398764788682378,6528200
2006-01-11,10.783226013183594,11.09445679187457,10.609303393138982,10.709995344430238,6051700
2006-01-12,10.755764961242676,10.911380353924462,10.636764903722575,10.801534348439398,3568800
2006-01-13,11.497224807739258,11.716916784663228,10.764917345014371,10.984609321938343,11100900
2006-01-16,11.616225242614746,12.046456065816303,11.359917908208429,11.460610730030433,10897000
2006-01-17,11.570457458496094,11.790149473238676,11.250072615595977,11.542995301919422,5586800
2006-01-18,11.918303489685059,11.973226056442263,11.442303255237519,11.570457365968423,5930200
2006-01-19,11.854225158691406,12.24784064216136,11.726071930010692,11.91830264601016,4822000
2006-01-20,12.000686645507812,12.137994800413622,11.698609926884803,11.881686593780808,7644400
2006-01-23,11.881686210632324,11.982379028911895,11.607071655633012,11.982379028911895,6015600
2006-01-24,11.25007152557373,11.899994327616538,11.23176429594154,11.899994327616538,7628500
2006-01-25,11.240917205810547,11.387378531283774,10.874763892127477,11.213455925528907,9557900
2006-02-06,12.156301498413086,12.165455549601726,11.304994816372133,11.35076332635859,9459700
2006-02-07,11.863380432128906,12.37599601858801,11.69861098059232,12.17461123037424,13089400
2006-02-08,11.707763671875,12.613993804011962,11.304995015251368,12.613993804011962,10347200
2006-02-09,11.451456069946289,11.680302110322618,11.341610075323056,11.671148059192758,5163700
2006-02-10,11.753533363342285,11.90914874844716,11.442302593132535,11.51553325989031,6177200
2006-02-13,11.433148384094238,11.515533101306795,10.957149056723813,11.515533101306795,7014300
2006-02-14,12.54991626739502,12.577377546445721,11.259224803293945,11.396532071525765,19314900
2006-02-15,12.311918258666992,12.540764326199756,12.202072251008682,12.46753365442755,6261100
2006-02-16,13.03507137298584,13.144917377069726,12.339379140809463,12.449226017871787,19710500
2006-02-17,12.714686393737793,12.980147767245226,12.549916964326846,12.88860900135506,7554600
2006-02-20,12.559072494506836,12.842841130822753,12.3668417618825,12.714687891058844,5632800
2006-02-21,12.925224304199219,13.071685630913123,12.44922499237903,12.586532267928723,5152600
2006-02-22,13.511069297790527,13.886376632788327,12.732992476713413,12.815377184001377,14305300
2006-02-23,14.060301780700684,14.444763235948376,13.529378984973576,13.547687089022727,14134000
2006-02-24,13.950454711914062,14.142685424884384,13.456147288987294,13.758223998943743,7691800
2006-02-27,13.767379760742188,13.98707178200918,13.62091841323086,13.739918476328437,3817800
2006-02-28,13.6483793258667,13.730764049842307,13.144917802776787,13.730764049842307,7226400
2006-03-01,13.6392240524292,13.849762869624454,13.474455492209424,13.5934555414105,2587500
2006-03-02,13.65753173828125,13.80399306421804,13.364609086407667,13.602608304565772,7164600
2006-03-03,14.06945514678955,14.170147095215448,13.41953232536434,13.648378376950987,8751600
2006-03-06,13.611762046813965,13.987069404255402,13.50191605485391,13.987069404255402,6128600
2006-03-07,13.401224136352539,13.87722343564709,13.291378144207643,13.584300789927367,7803600
2006-03-08,12.925224304199219,13.3646091573193,12.641455701935621,13.282224442798137,12665100
2006-03-09,12.916070938110352,13.053379093921311,12.778763655277805,12.970994375030418,3557500
2006-03-10,13.227302551269531,13.300533223166148,12.916071759219676,12.916071759219676,4750900
2006-03-13,13.208993911743164,13.318839907878816,13.062532583562295,13.218147090020686,2456200
2006-03-14,13.154069900512695,13.273069942687293,12.842839155283494,13.172378002221867,2747800
2006-03-15,13.456148147583008,13.602609486243095,13.181532701106121,13.181532701106121,6929500
2006-03-16,13.565994262695312,13.868070994400625,13.32799502191247,13.501917644751291,7852500
2006-03-17,13.556839942932129,13.639223784937112,13.45614712551764,13.547685891716563,3870700
2006-03-20,13.602608680725098,13.639224013221837,13.410377966872622,13.511070785972445,4096200
2006-03-21,13.703301429748535,13.822301477998987,13.492762614235156,13.66668609743904,3939400
2006-03-22,13.6483793258667,13.75822533350802,13.474456698679223,13.639225273651972,4907600
2006-03-23,13.529378890991211,13.60260956072222,13.291379650854656,13.593456381739676,6210500
2006-03-24,13.364609718322754,13.584301717615576,13.300532230461878,13.547686384400105,3960500
2006-03-27,12.998456001281738,13.346302116379531,12.824533380222059,13.346302116379531,6029900
2006-03-28,13.218149185180664,13.34630330414135,13.025918443228896,13.27307262844339,3647000
2006-03-29,13.29137897491455,13.492762869944118,13.089994206906585,13.22730148742478,4620600
2006-03-30,13.016762733459473,13.282224099512026,12.980147402727338,13.282224099512026,3702400
2006-03-31,13.703301429748535,13.941300653271057,12.925224526948805,12.998455191567794,9375200
2006-04-03,14.27083969116211,14.362377586563563,13.53853216305851,13.565993444381109,12189700
2006-04-04,14.005379676818848,14.408148376432381,13.8680715108531,14.279995135771859,7565100
2006-04-05,15.094685554504395,15.34183971254466,14.106070668300173,14.17014728424613,13442000
2006-04-06,15.048917770385742,15.44253328277125,14.72853292919124,15.186225060624265,8875600
2006-04-07,15.048917770385742,15.048917770385742,15.048917770385742,15.048917770385742,0
2006-04-10,14.838377952575684,15.360148445130255,14.58207147829299,15.04891765839535,7257900
2006-04-11,14.719378471374512,15.048917355630252,14.554609029246642,14.87499386161118,6152500
2006-04-12,14.517992973327637,14.719377740035986,14.334916309492042,14.646147074501748,4804900
2006-04-13,14.014533996582031,14.609533441519078,14.005379944080602,14.463072093410174,6238300
2006-04-14,14.737686157226562,14.783454669427792,13.959609228107873,14.023685843572325,7415100
2006-04-17,14.591224670410156,14.710224728560776,14.426456097798761,14.646148109932925,5940100
2006-04-18,14.865839958190918,15.021455349981778,14.554609174609197,14.646147948478566,6620100
2006-04-19,14.966532707214355,15.094685942399481,14.499686534238263,15.01230122093565,6975300
2006-04-20,14.829224586486816,15.103839145291214,14.563762333146684,14.966531865889015,8207800
2006-04-21,15.781225204467773,16.019225333219012,14.426456852459504,14.673611033773135,12148200
2006-04-24,16.87968635559082,17.300762279933476,15.51576400862967,15.781224537898533,21551800
2006-04-25,16.888843536376953,17.804227972040586,16.110766416871414,16.733228112475846,15976900
2006-04-26,15.918533325195312,17.566226206640923,15.744611555375776,16.888841995564217,19949600
2006-04-27,16.26637840270996,16.40368568984678,15.836146691469208,15.881916951152737,8302600
2006-04-28,17.85914421081543,17.895758667349146,15.51576137608874,15.74460740378352,21214700
2006-05-08,19.067453384399414,19.387838213138703,18.18868536427012,18.307684545595475,16163500
2006-05-09,19.86383819580078,20.651067434715088,18.765376437652993,19.049145055891053,15588100
2006-05-10,19.918760299682617,20.55952818883269,19.451914150554494,19.955374759597895,16524000
2006-05-11,20.66022300720215,21.86852998253459,19.946224383209504,19.955376689605906,17902900
2006-05-12,22.728992462158203,22.728992462158203,20.824993157588402,20.824993157588402,14704200
2006-05-15,24.999141693115234,24.999141693115234,23.525374337231725,23.616911359294505,18195500
2006-05-16,22.50014305114746,24.59637365922531,22.50014305114746,23.433835332805458,15082100
2006-05-17,21.0538387298584,22.40860706388048,20.248301320589235,21.15453156075091,21461500
2006-05-18,20.15675926208496,20.7609126572139,19.00337503157789,19.32375983104486,16305800
2006-05-19,20.413066864013672,21.035528396390504,19.250530262499424,19.561761028687844,10430300
2006-05-22,18.37175941467285,19.01252901120292,18.37175941467285,18.37175941467285,15424100
2006-05-23,18.243608474731445,19.08576205885713,17.941531740531847,18.307685093204555,12920700
2006-05-24,18.811145782470703,19.927915693393647,17.95983989008698,19.223069396492594,13927600
2006-05-25,17.419763565063477,18.197838810233854,17.081070611529118,17.941532327949762,10109300
2006-05-26,18.335145950317383,18.67383712280904,17.20922206993138,17.72183847331047,10799000
2006-05-29,18.545686721801758,18.65553186358577,17.630302392468742,18.307686586660328,10135500
2006-05-30,19.451913833618164,19.763144594632596,18.527375601893738,18.74706759567626,16301900
2006-05-31,18.32599449157715,19.21391665276144,18.216147605039087,19.104071512180408,11569100
2006-06-01,18.56399154663086,18.847760149706108,17.758452501443603,17.941530033337997,8627600
2006-06-02,18.38091468811035,18.582298583806374,17.92322258756382,18.298529970335434,8221700
2006-06-05,18.655529022216797,18.838606558582217,17.849991703313872,18.31683784968459,7826800
2006-06-06,18.481611251831055,18.97591791263071,18.179534474132055,18.316841782912118,5798000
2006-06-07,17.090225219726562,18.53653236664369,16.861379141126022,18.30768628804315,8803300
2006-06-08,17.40145492553711,17.62114693758174,17.053607930332095,17.071916034491707,5497300
2006-06-09,15.973455429077148,17.09022355534341,15.927685170240304,16.98037668009183,10380700
2006-06-12,15.62560749053955,15.927684196569151,15.314376733302174,15.726300307868332,5545400
2006-06-13,15.955145835876465,16.10160715856618,15.46083756233116,15.607298885020874,5621400
2006-06-14,15.048917770385742,15.497455849675275,14.856686167286274,15.186225060624265,6392600
2006-06-15,15.103839874267578,15.460839167134978,14.975686640101204,15.131302029856174,4976700
2006-06-16,15.54322338104248,15.689684714158133,15.241146663246843,15.53406932947815,5657900
2006-06-19,16.074146270751953,16.321300426973924,15.259454880935262,15.36930175457508,7542000
2006-06-20,16.174840927124023,16.266379707879015,15.680532558621284,16.00091741828524,5634500
2006-06-21,16.614227294921875,16.92545814528708,15.95515112436117,16.20230534305541,8406800
2006-06-22,16.650840759277344,17.06276264307667,16.522685771154837,16.751531844140125,6365900
2006-06-23,16.339609146118164,16.47691643387575,16.15653159847012,16.47691643387575,4877700
2006-06-26,16.39453125,16.476915969524168,16.16568519486772,16.34876273735628,4469700
2006-06-27,16.476917266845703,16.65084077130814,16.302993762383267,16.476917266845703,3369400
2006-06-28,16.129070281982422,16.421992944990496,16.110762179055218,16.29383797045687,3493100
2006-06-29,16.449451446533203,16.56845235580813,16.119914361828872,16.129068412231298,5554300
2006-06-30,16.696611404418945,17.190919823154072,16.65999693597034,16.65999693597034,7244400
2006-07-03,17.502145767211914,17.63029898987913,16.614222021712735,17.00783748671257,8427700
2006-07-04,17.30991554260254,18.00560776261615,17.20922271921889,17.575377805720574,10851000
2006-07-05,16.49522590637207,17.31907144722551,16.293840238059715,17.309917394487947,7498900
2006-07-06,16.65999412536621,16.724070743809197,16.037532553136803,16.20230199825128,5685700
2006-07-07,16.550146102905273,16.952915635800117,16.449453283192366,16.88883902178528,5174400
2006-07-10,16.302995681762695,16.53184178185577,16.064995528151034,16.53184178185577,3821400
2006-07-11,16.65999412536621,16.724070743809197,16.00091634490829,16.293839026908742,4950500
2006-07-12,16.86137580871582,17.3739904346021,16.577607216201926,16.577607216201926,9318800
2006-07-13,15.671379089355469,17.016993304973816,15.634762881386967,16.86137791302147,9352300
2006-07-14,15.616456031799316,15.817841699888653,15.387609951484732,15.552379408664358,5468100
2006-07-17,15.671379089355469,15.781224221347186,15.424224923438764,15.561532211406858,2806400
2006-07-18,15.506609916687012,15.561532483643697,15.268609798598806,15.451685603773402,3634000
2006-07-19,14.939069747924805,15.46999250993832,14.865839082335244,15.46999250993832,4486200
2006-07-20,15.103839874267578,15.323531881105739,14.948224484512608,15.186224595076498,1995400
2006-07-21,15.360147476196289,15.534069216786406,14.874993222547223,15.030608606098298,2916500
2006-07-24,15.048917770385742,15.158762904193791,14.847532115142782,15.012301561811778,2147500
2006-07-25,15.378453254699707,15.515762276046186,15.067222499306023,15.067222499306023,2759300
2006-07-26,15.277764320373535,15.515764445777613,15.222840005771609,15.469994183609343,2332400
2006-07-27,15.735453605651855,15.97345368778817,15.369300304656242,15.515761625054488,6704400
2006-07-28,15.515763282775879,15.836146364154212,15.222838864726356,15.781223799626046,3352700
2006-07-31,14.884149551391602,15.424226450705762,14.847533339797458,15.424226450705762,3314900
2006-08-01,14.655302047729492,15.039763502455347,14.563763273564879,14.984840936339339,2995300
2006-08-02,14.21591567993164,14.755993343930754,14.142685017384254,14.682762681383366,4104400
2006-08-03,13.941301345825195,14.371532176567873,13.666686776351309,14.371532176567873,3707700
2006-08-04,13.556839942932129,14.032839257422758,13.529377789285428,13.95960859365497,3989200
2006-08-07,12.54991626739502,13.273069684237809,12.275300857953056,13.099147086278947,7219400
2006-08-08,12.797069549560547,12.815377650948639,12.440070302275961,12.568223520079322,4774300
2006-08-09,12.925224304199219,13.071685630913123,12.604840370257145,12.769608926321103,2719400
2006-08-10,13.483610153198242,13.575148931257443,12.94353415618011,13.071687397888809,4185500
2006-08-11,13.190686225891113,13.456147609848772,13.108301507942459,13.318840328586619,2891000
2006-08-14,12.613993644714355,13.163224497061655,12.595686415224579,13.089993833145797,3272700
2006-08-15,12.943534851074219,12.980150189667954,12.549919306457662,12.549919306457662,1989800
2006-08-16,13.675838470458984,13.858915994204025,12.842839054736709,12.93437781660923,6530000
2006-08-17,14.096916198730469,14.115224301588567,13.346301441116287,13.675839435756524,5715400
2006-08-18,13.65753173828125,14.078608486838707,13.565992973081574,13.941300339039193,5422200
2006-08-21,13.6849946975708,13.7124559813084,12.980149261782602,13.181533173162961,2867000
2006-08-22,13.90468692779541,14.05114914693703,13.620918287848955,13.72161024509149,3075000
2006-08-23,13.6392240524292,13.987070148637331,13.602608719827206,13.959608867430434,3003600
2006-08-24,13.73991584777832,13.813146507524404,13.53853109698743,13.630069858159196,1824200
2006-08-25,13.730764389038086,13.941302357306995,13.694149052253124,13.822303167489736,2373000
2006-08-28,13.950454711914062,14.00537814689632,13.639223950630841,13.749070820595353,3010200
2006-08-29,13.98707103729248,14.29830182067237,13.913840367435853,14.005379141245859,4031600
2006-08-30,13.959609031677246,14.032839697742855,13.831454929573232,14.005378416212851,2023200
2006-08-31,15.360147476196289,15.360147476196289,13.97791712723247,13.97791712723247,7970400
2006-09-01,15.405917167663574,16.202302249409676,14.572917623078293,14.646148294713583,20945600
2006-09-04,15.405917167663574,15.405917167663572,15.405917167663572,15.405917167663572,0
2006-09-05,15.405917167663574,15.405917167663572,15.405917167663572,15.405917167663572,0
2006-09-06,15.405917167663574,15.405917167663572,15.405917167663572,15.405917167663572,0
2006-09-07,15.405917167663574,15.405917167663572,15.405917167663572,15.405917167663572,0
2006-09-08,15.405917167663574,15.405917167663572,15.405917167663572,15.405917167663572,0
2006-09-11,15.405917167663574,15.405917167663572,15.405917167663572,15.405917167663572,0
2006-09-12,15.405917167663574,15.405917167663572,15.405917167663572,15.405917167663572,0
2006-09-13,15.405917167663574,15.405917167663572,15.405917167663572,15.405917167663572,0
2006-09-14,15.405917167663574,15.405917167663572,15.405917167663572,15.405917167663572,0
2006-09-15,15.405917167663574,15.405917167663572,15.405917167663572,15.405917167663572,0
2006-09-18,15.405917167663574,15.405917167663572,15.405917167663572,15.405917167663572,0
2006-09-19,15.506609916687012,15.836147064384052,15.286917902903344,15.561532483643697,12842500
2006-09-20,14.984840393066406,15.424224397978476,14.829225006415445,15.378454139577114,8784000
2006-09-21,14.737686157226562,15.250300826899005,14.664455490130498,15.103839492706879,7822200
2006-09-22,14.737686157226562,14.737686157226562,14.737686157226562,14.737686157226562,0
2006-09-25,14.737686157226562,14.737686157226562,14.737686157226562,14.737686157226562,0
2006-09-26,14.737686157226562,14.737686157226562,14.737686157226562,14.737686157226562,0
2006-09-27,14.737686157226562,14.737686157226562,14.737686157226562,14.737686157226562,0
2006-09-28,14.737686157226562,14.737686157226562,14.737686157226562,14.737686157226562,0
2006-09-29,14.737686157226562,14.737686157226562,14.737686157226562,14.737686157226562,0
2006-10-09,14.737686157226562,14.737686157226562,14.737686157226562,14.737686157226562,0
2006-10-10,14.261686325073242,14.874993832946865,14.170147552294504,14.234225042430996,7712000
2006-10-11,13.6849946975708,14.206764326456021,13.474456733951751,14.206764326456021,7076200
2006-10-12,13.90468692779541,13.996225705636613,13.547687614767385,13.547687614767385,3794700
2006-10-13,14.307456016540527,14.362378582996136,13.90468645529994,13.959609894734003,4320300
2006-10-16,14.032841682434082,14.334918440922602,13.831456885782227,14.325764388125126,3724700
2006-10-17,14.20676326751709,14.334916497392628,14.023685728303342,14.023685728303342,2808600
2006-10-18,14.179302215576172,14.307456328396695,14.051148975734122,14.188456267844455,2183600
2006-10-19,14.252533912658691,14.38068803469472,14.1793032352034,14.38068803469472,2753500
2006-10-20,14.646147727966309,14.829225272948634,14.215916894023337,14.215916894023337,5781800
2006-10-23,14.307456016540527,14.902456306332656,14.188455958582102,14.636994034209545,3841200
2006-10-24,14.398992538452148,14.582070070369259,14.298300594280432,14.316608696663492,2994900
2006-10-25,14.234225273132324,14.463071335809762,14.106071163760717,14.398993844634733,3164900
2006-10-26,14.170146942138672,14.417301094211936,14.142685660678886,14.26168571097582,2067000
2006-10-27,14.234225273132324,14.398993844634733,13.968763875345633,14.206763990044998,3049000
2006-10-30,14.106070518493652,14.24337867360617,13.95960918475636,14.234224622002987,2206100
2006-10-31,14.106070518493652,14.106070518493652,14.106070518493652,14.106070518493652,0
2006-11-01,14.554609298706055,14.719378743884413,14.234225333388466,14.270840668652717,5390000
2006-11-02,14.334916114807129,14.517992776156326,14.17014668310366,14.517992776156326,4228900
2006-11-03,14.234225273132324,14.34407127846008,14.106071163760717,14.279994660263501,3074200
2006-11-06,14.371532440185547,14.472225265619517,14.005379092185045,14.188455766185296,3443600
2006-11-07,14.966532707214355,15.01230122093565,14.36237837413906,14.426455864710064,8447800
2006-11-08,15.085532188415527,15.515763908103395,14.874994227608271,15.103840292648398,7727300
2006-11-09,14.939069747924805,15.058070670730833,14.71937775115612,14.993992310627778,3772300
2006-11-10,14.636994361877441,15.241147844284619,14.517994301255046,14.98484136444942,4284600
2006-11-13,13.932147979736328,14.536301421222696,13.822301978827753,14.453916702296661,3594200
2006-11-14,14.151840209960938,14.179301492386697,13.8589175361437,13.93214820459801,2632000
2006-11-15,14.160994529724121,14.225071147589526,13.977917855124074,14.188455812669517,1923900
2006-11-16,14.060301780700684,14.215917173204675,14.051148601654557,14.170147786060244,2705000
2006-11-17,14.14268684387207,14.197610284364997,13.950456111614534,14.051148940355153,2087000
2006-11-20,13.97791862487793,14.142687204602435,13.89553389852643,14.142687204602435,2940000
2006-11-21,14.481378555297852,14.536301994407044,13.950455760148923,13.968763864178138,2966500
2006-11-22,14.554609298706055,15.039763582180456,14.398993905588371,14.490532680238227,3957400
2006-11-23,14.600377082824707,14.627838363012875,14.444761706794498,14.58206985369205,2530800
2006-11-24,14.755995750427246,14.874994941740088,14.56376413866712,14.646148865713316,3681600
2006-11-27,15.2411470413208,15.506609305401023,14.783454927491606,14.783454927491606,7598200
2006-11-28,15.2411470413208,15.2411470413208,15.2411470413208,15.2411470413208,0
2006-11-29,15.2411470413208,15.2411470413208,15.2411470413208,15.2411470413208,0
2006-11-30,15.2411470413208,15.2411470413208,15.2411470413208,15.2411470413208,0
2006-12-01,15.2411470413208,15.2411470413208,15.2411470413208,15.2411470413208,0
2006-12-04,15.2411470413208,15.2411470413208,15.2411470413208,15.2411470413208,0
2006-12-05,15.2411470413208,15.2411470413208,15.2411470413208,15.2411470413208,0
2006-12-06,15.2411470413208,15.2411470413208,15.2411470413208,15.2411470413208,0
2006-12-07,15.2411470413208,15.2411470413208,15.2411470413208,15.2411470413208,0
2006-12-08,15.2411470413208,15.2411470413208,15.2411470413208,15.2411470413208,0
2006-12-11,15.2411470413208,15.2411470413208,15.2411470413208,15.2411470413208,0
2006-12-12,15.2411470413208,15.2411470413208,15.2411470413208,15.2411470413208,0
2006-12-13,15.2411470413208,15.2411470413208,15.2411470413208,15.2411470413208,0
2006-12-14,15.2411470413208,15.2411470413208,15.2411470413208,15.2411470413208,0
2006-12-15,15.2411470413208,15.2411470413208,15.2411470413208,15.2411470413208,0
2006-12-18,15.2411470413208,15.2411470413208,15.2411470413208,15.2411470413208,0
2006-12-19,15.2411470413208,15.2411470413208,15.2411470413208,15.2411470413208,0
2006-12-20,16.769838333129883,16.769838333129883,16.769838333129883,16.769838333129883,471100
2006-12-21,18.444995880126953,18.444995880126953,18.444995880126953,18.444995880126953,961600
2006-12-22,19.96453094482422,20.29406984906595,19.479378386864983,20.29406984906595,44423600
2006-12-25,19.82722282409668,20.083531044047284,19.552608245972888,20.001146321418766,12455600
2006-12-26,20.495454788208008,20.705994513071523,19.58922450225858,19.79976248116503,12205500
2006-12-27,20.12014389038086,20.541221521769227,19.964528509687277,20.46799085708735,5069500
2006-12-28,20.321529388427734,20.678528658060202,20.05606713955259,20.120143752465413,6648600
2006-12-29,20.678529739379883,20.77922256262646,20.41306747662321,20.43137558011474,11371700
2007-01-04,22.42691421508789,22.747299053066243,21.246067689785175,21.246067689785175,17371500
2007-01-05,21.99668312072754,22.509297787732397,21.612221683984693,22.152298505741474,10428800
2007-01-08,22.811376571655273,22.884607245001,21.14537744357232,21.960068902788123,14510800
2007-01-09,23.259910583496094,23.909834223131167,22.43606521640032,22.609988689817687,15634400
2007-01-10,23.259910583496094,23.259910583496094,23.259910583496094,23.259910583496094,0
2007-01-11,23.259910583496094,23.259910583496094,23.259910583496094,23.259910583496094,0
2007-01-12,23.259910583496094,23.259910583496094,23.259910583496094,23.259910583496094,0
2007-01-15,23.259910583496094,23.259910583496094,23.259910583496094,23.259910583496094,0
2007-01-16,23.259910583496094,23.259910583496094,23.259910583496094,23.259910583496094,0
2007-01-17,23.259910583496094,23.259910583496094,23.259910583496094,23.259910583496094,0
2007-01-18,23.259910583496094,23.259910583496094,23.259910583496094,23.259910583496094,0
2007-01-19,23.259910583496094,23.259910583496094,23.259910583496094,23.259910583496094,0
2007-01-22,23.259910583496094,23.259910583496094,23.259910583496094,23.259910583496094,0
2007-01-23,23.259910583496094,23.259910583496094,23.259910583496094,23.259910583496094,0
2007-01-24,23.259910583496094,23.259910583496094,23.259910583496094,23.259910583496094,0
2007-01-25,23.259910583496094,23.259910583496094,23.259910583496094,23.259910583496094,0
2007-01-26,23.259910583496094,23.259910583496094,23.259910583496094,23.259910583496094,0
2007-01-29,23.259910583496094,23.259910583496094,23.259910583496094,23.259910583496094,0
2007-01-30,23.259910583496094,23.259910583496094,23.259910583496094,23.259910583496094,0
2007-01-31,23.259910583496094,23.259910583496094,23.259910583496094,23.259910583496094,0
2007-02-01,23.259910583496094,23.259910583496094,23.259910583496094,23.259910583496094,0
2007-02-02,23.259910583496094,23.259910583496094,23.259910583496094,23.259910583496094,0
2007-02-05,23.259910583496094,23.259910583496094,23.259910583496094,23.259910583496094,0
2007-02-06,23.259910583496094,23.259910583496094,23.259910583496094,23.259910583496094,0
2007-02-07,23.259910583496094,23.259910583496094,23.259910583496094,23.259910583496094,0
2007-02-08,23.259910583496094,23.259910583496094,23.259910583496094,23.259910583496094,0
2007-02-09,23.259910583496094,23.259910583496094,23.259910583496094,23.259910583496094,0
2007-02-12,23.259910583496094,23.259910583496094,23.259910583496094,23.259910583496094,0
2007-02-13,23.259910583496094,23.259910583496094,23.259910583496094,23.259910583496094,0
2007-02-14,23.259910583496094,23.259910583496094,23.259910583496094,23.259910583496094,0
2007-02-15,23.259910583496094,23.259910583496094,23.259910583496094,23.259910583496094,0
2007-02-16,23.259910583496094,23.259910583496094,23.259910583496094,23.259910583496094,0
2007-02-26,23.259910583496094,23.259910583496094,23.259910583496094,23.259910583496094,0
2007-02-27,23.259910583496094,23.259910583496094,23.259910583496094,23.259910583496094,0
2007-02-28,23.259910583496094,23.259910583496094,23.259910583496094,23.259910583496094,0
2007-03-01,23.259910583496094,23.259910583496094,23.259910583496094,23.259910583496094,0
2007-03-02,23.259910583496094,23.259910583496094,23.259910583496094,23.259910583496094,0
2007-03-05,23.259910583496094,23.259910583496094,23.259910583496094,23.259910583496094,0
2007-03-06,23.259910583496094,23.259910583496094,23.259910583496094,23.259910583496094,0
2007-03-07,23.259910583496094,23.259910583496094,23.259910583496094,23.259910583496094,0
2007-03-08,23.259910583496094,23.259910583496094,23.259910583496094,23.259910583496094,0
2007-03-09,23.259910583496094,23.259910583496094,23.259910583496094,23.259910583496094,0
2007-03-12,23.259910583496094,23.259910583496094,23.259910583496094,23.259910583496094,0
2007-03-13,23.259910583496094,23.259910583496094,23.259910583496094,23.259910583496094,0
2007-03-14,23.259910583496094,23.259910583496094,23.259910583496094,23.259910583496094,0
2007-03-15,23.259910583496094,23.259910583496094,23.259910583496094,23.259910583496094,0
2007-03-16,23.259910583496094,23.259910583496094,23.259910583496094,23.259910583496094,0
2007-03-19,23.259910583496094,23.259910583496094,23.259910583496094,23.259910583496094,0
2007-03-20,23.259910583496094,23.259910583496094,23.259910583496094,23.259910583496094,0
2007-03-21,23.259910583496094,23.259910583496094,23.259910583496094,23.259910583496094,0
2007-03-22,23.259910583496094,23.259910583496094,23.259910583496094,23.259910583496094,0
2007-03-23,23.259910583496094,23.259910583496094,23.259910583496094,23.259910583496094,0
2007-03-26,23.259910583496094,23.259910583496094,23.259910583496094,23.259910583496094,0
2007-03-27,23.259910583496094,23.259910583496094,23.259910583496094,23.259910583496094,0
2007-03-28,23.259910583496094,23.259910583496094,23.259910583496094,23.259910583496094,0
2007-03-29,23.259910583496094,23.259910583496094,23.259910583496094,23.259910583496094,0
2007-03-30,23.259910583496094,23.259910583496094,23.259910583496094,23.259910583496094,0
2007-04-02,23.259910583496094,23.259910583496094,23.259910583496094,23.259910583496094,0
2007-04-03,23.259910583496094,23.259910583496094,23.259910583496094,23.259910583496094,0
2007-04-04,23.259910583496094,23.259910583496094,23.259910583496094,23.259910583496094,0
2007-04-05,23.259910583496094,23.259910583496094,23.259910583496094,23.259910583496094,0
2007-04-06,23.259910583496094,23.259910583496094,23.259910583496094,23.259910583496094,0
2007-04-09,23.259910583496094,23.259910583496094,23.259910583496094,23.259910583496094,0
2007-04-10,23.259910583496094,23.259910583496094,23.259910583496094,23.259910583496094,0
2007-04-11,23.259910583496094,23.259910583496094,23.259910583496094,23.259910583496094,0
2007-04-12,23.259910583496094,23.259910583496094,23.259910583496094,23.259910583496094,0
2007-04-13,23.259910583496094,23.259910583496094,23.259910583496094,23.259910583496094,0
2007-04-16,23.259910583496094,23.259910583496094,23.259910583496094,23.259910583496094,0
2007-04-17,23.259910583496094,23.259910583496094,23.259910583496094,23.259910583496094,0
2007-04-18,23.259910583496094,23.259910583496094,23.259910583496094,23.259910583496094,0
2007-04-19,23.259910583496094,23.259910583496094,23.259910583496094,23.259910583496094,0
2007-04-20,23.259910583496094,23.259910583496094,23.259910583496094,23.259910583496094,0
2007-04-23,23.259910583496094,23.259910583496094,23.259910583496094,23.259910583496094,0
2007-04-24,23.259910583496094,23.259910583496094,23.259910583496094,23.259910583496094,0
2007-04-25,23.259910583496094,23.259910583496094,23.259910583496094,23.259910583496094,0
2007-04-26,23.259910583496094,23.259910583496094,23.259910583496094,23.259910583496094,0
2007-04-27,23.259910583496094,23.259910583496094,23.259910583496094,23.259910583496094,0
2007-04-30,16.943761825561523,18.399222849598644,16.43114716018923,18.37176069493418,315671421
2007-05-03,16.943761825561523,16.943761825561523,16.943761825561523,16.943761825561523,0
2007-05-04,16.943761825561523,16.943761825561523,16.943761825561523,16.943761825561523,0
2007-05-08,16.852222442626953,17.33737668163422,16.48606912354446,16.92545310644345,117746799
2007-05-09,17.75844955444336,17.941527055956193,16.550142933136716,16.907142140534646,153883726
2007-05-10,17.611995697021484,17.84999585121927,17.300764860451856,17.65776596472713,85586060
2007-05-11,18.362606048583984,18.582298040913063,17.639453458745354,17.804222889481355,130493298
2007-05-14,18.087993621826172,18.353454155708427,17.849993498991452,17.941532276382798,70999685
2007-05-15,17.090225219726562,18.21614750741153,16.92545576378105,18.106302367419204,100875474
2007-05-16,17.502145767211914,17.648607091962077,16.751529295421424,17.090222200129126,64186539
2007-05-17,17.55706787109375,17.785913903311435,17.31906778807256,17.55706787109375,61632073
2007-05-18,17.55706787109375,17.55706787109375,17.55706787109375,17.55706787109375,0
2007-05-21,17.868301391601562,18.206992594185945,17.053608203039932,17.209223598971306,111524821
2007-05-22,17.749300003051758,18.033070376909414,17.72183959303494,17.89576134299776,83211584
2007-05-23,18.20699119567871,18.573146272773663,17.80422340440515,17.89576042772208,98791100
2007-05-24,17.95068359375,18.527374835323936,17.740143914040654,18.39922161407566,88128769
2007-05-25,17.959840774536133,18.280223883489715,17.7584551106716,17.84999389006848,61589476
2007-05-28,18.509069442749023,18.664684839596198,17.904915959920448,18.07883946132775,109528036
2007-05-29,19.241376876831055,19.479376985443327,18.399223317878732,18.56399275814545,121867742
2007-05-30,17.87745475769043,19.22306895607092,17.648608698689586,18.289376616317828,142369833
2007-05-31,19.204761505126953,19.451915676278745,17.25499378438453,18.097147379972288,142334941
2007-06-01,20.065223693847656,21.044684604170182,18.93014738448605,19.22307007774621,168136687
2007-06-04,18.188690185546875,20.028611433645178,18.06053517250699,19.662457994868333,126281192
2007-06-05,19.580066680908203,19.735682058401192,17.32822247878738,18.106299366252323,138903989
2007-06-06,20.20252799987793,20.550374956141454,19.094914011572428,19.75398997392272,136112137
2007-06-07,20.321529388427734,20.84329808895419,19.95537432157143,20.25745102955815,108790188
2007-06-08,20.95314598083496,21.355915560021753,19.772301146661466,20.37645464246316,138381108
2007-06-11,21.12706756591797,21.66714439125726,20.678529511068813,20.870759357736954,92610939
2007-06-12,21.12706756591797,21.12706756591797,21.12706756591797,21.12706756591797,0
2007-06-13,21.12706756591797,21.12706756591797,21.12706756591797,21.12706756591797,0
2007-06-14,21.12706756591797,21.12706756591797,21.12706756591797,21.12706756591797,0
2007-06-15,21.12706756591797,21.12706756591797,21.12706756591797,21.12706756591797,0
2007-06-18,21.12706756591797,21.12706756591797,21.12706756591797,21.12706756591797,0
2007-06-19,21.12706756591797,21.12706756591797,21.12706756591797,21.12706756591797,0
2007-06-20,21.12706756591797,21.12706756591797,21.12706756591797,21.12706756591797,0
2007-06-21,21.12706756591797,21.12706756591797,21.12706756591797,21.12706756591797,0
2007-06-22,21.12706756591797,21.12706756591797,21.12706756591797,21.12706756591797,0
2007-06-25,21.12706756591797,21.12706756591797,21.12706756591797,21.12706756591797,0
2007-06-26,21.12706756591797,21.12706756591797,21.12706756591797,21.12706756591797,0
2007-06-27,21.12706756591797,21.12706756591797,21.12706756591797,21.12706756591797,0
2007-06-28,21.12706756591797,21.12706756591797,21.12706756591797,21.12706756591797,0
2007-06-29,21.12706756591797,21.12706756591797,21.12706756591797,21.12706756591797,0
2007-07-02,21.12706756591797,21.12706756591797,21.12706756591797,21.12706756591797,0
2007-07-03,21.914297103881836,23.24160307768501,20.641911944414506,23.24160307768501,138093086
2007-07-04,20.303224563598633,22.051608480861155,20.13845510610465,21.978377804859054,97897329
2007-07-05,18.271066665649414,19.845528509834185,18.271066665649414,19.845528509834185,74359269
2007-07-06,19.23222541809082,19.406148933595144,17.666917270466104,18.023918354496775,79312936
2007-07-09,19.30545425415039,19.744838281538343,19.003377517076558,19.497684111398772,61926572
2007-07-10,19.30545425415039,19.30545425415039,19.30545425415039,19.30545425415039,0
2007-07-11,18.838607788085938,19.08576195452276,18.316839045135016,18.76537711795172,35236061
2007-07-12,18.664684295654297,19.039991698414614,18.490762545272517,18.866069948032838,24087066
2007-07-13,19.10407066345215,19.36037714405909,18.435838813117165,18.765377712134036,31319359
2007-07-16,18.47245216369629,19.223066876670348,18.463298112811646,19.131528113780583,20600417
2007-07-17,18.811145782470703,19.11322251743445,18.316839191601343,18.40837796649031,21700998
2007-07-18,18.811145782470703,19.195607240238832,18.362607706067372,18.582299718226743,26694764
2007-07-19,18.89352798461914,19.13152806919521,18.582297239093254,18.582297239093254,18291538
2007-07-20,19.223068237304688,19.45191428774879,18.62806885534138,18.7562220848839,41045936
2007-07-23,20.184221267700195,20.779222404962436,19.223068539126597,19.68076064720104,52805648
2007-07-24,20.354455947875977,21.026189354778232,20.326849816250117,20.3360518601254,42025262
2007-07-25,22.240833282470703,22.388062488936605,20.62131025623523,20.639714345821115,81960573
2007-07-26,21.973981857299805,22.388065146584356,21.697927501183962,22.388065146584356,55319371
2007-07-27,22.001583099365234,22.323647613244734,21.44947275487329,21.73473084851221,40686015
2007-07-30,22.33285140991211,22.728530550438688,21.900364091145597,22.010786870754856,50725426
2007-07-31,23.75913429260254,23.832748891874246,22.084400842838313,22.360455151329596,79017579
2007-08-01,22.424867630004883,24.01678430618991,22.084399039234796,23.87875716321676,83530723
2007-08-02,23.84195327758789,24.10880732309848,22.49848627016547,22.49848627016547,82578829
2007-08-03,25.470674514770508,25.99517872504219,24.016784943007963,24.016784943007963,82128656
2007-08-06,28.019582748413086,28.019582748413086,25.79273904759413,25.79273904759413,103124353
2007-08-07,29.271032333374023,30.798538333148795,27.51348224758426,28.709721674503,155451766
2007-08-08,28.488874435424805,29.335443150837477,27.605499300269173,28.332444957629242,86772125
2007-08-09,30.05318832397461,30.734125553212905,28.157611098423608,28.341646716908972,76716452
2007-08-10,33.025386810302734,33.04379090239695,30.366056931567584,30.366056931567584,110554312
2007-08-13,32.031585693359375,34.45166552882859,31.286235869264928,33.08059421675229,132429962
2007-08-14,32.206417083740234,32.94256305789583,30.91815899630227,31.37825066892713,53145213
2007-08-15,31.47027015686035,32.427261649401316,30.669711653590884,32.178811732478906,59229806
2007-08-16,31.810733795166016,32.206412862581075,30.642100678640194,31.2862296379359,59870609
2007-08-17,32.657310485839844,34.04678587854817,31.148206757772517,31.562289990772054,84804851
2007-08-20,33.39344787597656,34.138793992542666,32.66650233370328,33.67870241037783,58396791
2007-08-21,36.52207565307617,36.62329638253321,33.1266003780097,33.393454390174455,87479951
2007-08-22,40.175201416015625,40.175201416015625,35.42705588461615,35.8871475194813,103834735
2007-08-23,40.2672233581543,41.91435245873683,39.36544406263954,41.4082522993446,84000982
2007-08-24,42.34683609008789,44.168798611589466,39.567882089548895,40.3500364942075,73314183
2007-08-27,46.57968521118164,46.57968521118164,42.33763894914045,43.717914122808274,90974791
2007-08-28,51.23581314086914,51.23581314086914,45.19020834822171,47.38944616186511,89626790
2007-08-29,51.585487365722656,55.026971629425,48.76972464160321,51.530275093014716,121849124
2007-08-30,47.41704559326172,51.53026617748522,46.46925789219649,50.61008285288727,134900629
2007-08-31,47.89554214477539,48.76971701981628,44.17800060873639,46.009166999826675,108041142
2007-09-03,46.6348876953125,48.484454495391915,46.10117972192189,48.01516257932478,68306199
2007-09-04,45.20861053466797,46.92935247592327,44.62889402122114,46.56127771908251,63057049
2007-09-05,47.38024139404297,48.76971668335458,44.62889168193768,44.9969664194853,66467139
2007-09-06,46.22080993652344,47.94155184374702,46.009168184103075,47.29742629734635,40106573
2007-09-07,45.01536560058594,46.60728580740318,44.7209072237716,45.622689951763846,49711434
2007-09-10,43.45106506347656,44.1596067645413,42.926560760517965,44.076790110904604,58552970
2007-09-11,43.257816314697266,46.4232491810137,43.04617457239228,43.44185368068184,57411972
2007-09-12,45.199405670166016,45.273022023888075,43.34063486133534,43.34063486133534,52481260
2007-09-13,44.93255615234375,46.00916902256569,44.16880226166307,45.37424375373386,47466601
2007-09-14,43.28542709350586,44.62889398758634,42.788527225211645,44.62889398758634,62874230
2007-09-17,43.48786926269531,43.616697897125675,42.328439634592996,42.77933107954584,59801569
2007-09-18,45.55828094482422,46.74531843464604,42.788530312127925,43.58908892865417,82509680
2007-09-19,43.708717346191406,45.73312179900669,43.524679939531545,45.73312179900669,31463930
2007-09-20,43.5430793762207,44.628896098190246,43.31303352004446,43.32223732001538,24963161
2007-09-21,43.570682525634766,44.62889483825925,42.60449065901564,43.59829041454692,33109088
2007-09-24,45.1165885925293,46.46925924225779,42.92655474371858,43.34063444364118,73929012
2007-09-25,44.09518814086914,45.57668402010675,43.96636302271303,45.17180457587025,27417349
2007-09-26,42.98175811767578,44.159595046885705,42.889741198149906,44.12278687498716,25197372
2007-09-27,43.48786926269531,43.76392711196758,42.44806446859622,42.972568765859336,22386857
2007-09-28,43.938758850097656,45.04297966984069,43.35904230544385,43.938758850097656,34758193
2007-10-08,43.78232955932617,45.59508854086265,43.598292170125895,45.27302574242808,34569380
2007-10-09,44.35283660888672,44.90494519534001,42.88054119464329,43.76391984727766,30669729
2007-10-10,48.78812026977539,48.78812026977539,43.809928626316825,44.58288275904518,135651879
2007-10-11,51.5302734375,53.17740266304463,48.15320184534149,48.769723074776785,111527776
2007-10-12,51.5302734375,51.5302734375,51.5302734375,51.5302734375,0
2007-10-15,52.83693313598633,55.76311684993602,51.57628276558076,54.38284164562848,79793836
2007-10-16,50.62848663330078,52.91054084322558,48.999761737421956,52.67129472477945,48033503
2007-10-17,49.77271270751953,51.98115393710352,48.843329158787114,49.70830016009355,32763641
2007-10-18,46.671695709228516,50.24200420303528,46.469254270324846,49.77271228856468,49319900
2007-10-19,46.16560363769531,48.033578494346514,45.82513673199118,46.67170736130858,33017649
2007-10-22,43.6442985534668,45.714711184996645,43.24861941417897,45.549077893656566,28703874
2007-10-23,45.696311950683594,46.15640369545899,42.880549208978444,43.322240372957694,32813632
2007-10-24,46.04703140258789,47.53301555913262,44.302616443463414,46.14855879527439,30060928
2007-10-25,43.47194290161133,45.59477951687118,43.19505224075093,44.985618654636,28869199
2007-10-26,43.37964630126953,44.28415765270822,42.641270047121196,42.91816070231986,21841076
2007-10-29,44.36722946166992,44.57951243506834,42.91816482349149,43.53655389545348,22815062
2007-10-30,46.15778732299805,47.0253824885601,44.5979672908865,44.5979672908865,28149997
2007-10-31,45.853214263916016,47.89297998293566,45.373268767525026,47.533021740856434,32939262
2007-11-01,44.358001708984375,46.14856475392862,44.302622163771474,45.91782193015897,27199528
2007-11-02,42.99199676513672,44.265694384772466,42.73356245551846,43.6380737370438,34077774
2007-11-05,40.9430046081543,43.47194382409449,40.42613944828601,42.64127182388628,37219082
2007-11-06,37.84181213378906,41.32141333054496,37.564921529664055,40.61072521674924,41212766
2007-11-07,39.22627258300781,39.22627258300781,37.380330343807444,38.026410831698655,27129140
2007-11-08,35.682064056396484,39.20781352210056,35.626684520605174,39.20781352210056,31693967
2007-11-09,34.75909423828125,36.02356375959484,33.22696223176201,35.349795225731235,37798375
2007-11-12,31.694833755493164,34.057641489324176,31.27949597716365,33.319261651913486,48552175
2007-11-13,32.12863540649414,33.17159054390077,31.38102731185056,32.479362000257005,36812410
2007-11-14,35.3405647277832,35.3405647277832,32.184001693514524,33.02390526470246,54278238
2007-11-15,36.66964340209961,38.16485568069137,35.02675588020071,35.9958748844573,85017261
2007-11-16,36.26353454589844,36.91884316710937,34.7498625393838,35.2574959287605,31773039
2007-11-19,35.86666488647461,36.641960910773484,35.44209893815419,36.235851289896516,16232407
2007-11-20,36.13431930541992,36.73424839681738,34.33452498951702,35.48823884319128,25309705
2007-11-21,35.56208419799805,37.42648670604031,35.53439618478778,36.365071789657776,22176132
2007-11-22,32.756256103515625,34.94369730684976,32.2855387240391,34.47297992737324,25715358
2007-11-23,34.14070510864258,34.21454097135693,31.916344731003882,32.303990932179346,19532581
2007-11-26,33.226966857910156,35.312880450368944,33.05160357811271,34.546816100878964,20290048
2007-11-27,34.002262115478516,35.1652043797669,32.48858977874988,32.931615570900505,28626525
2007-11-28,34.75909423828125,35.257499516763026,34.0576376958983,34.888309639178985,30188926
2007-11-29,35.903587341308594,36.226625909226684,34.334535323871464,35.14675110716651,36576085
2007-11-30,34.14070510864258,35.820512355447455,34.05763756255418,35.820512355447455,23621517
2007-12-03,33.679222106933594,34.334530842525815,33.22696465002062,33.5961545544743,11963708
2007-12-04,34.002262115478516,34.592963171679344,33.73459959912001,33.743831283604656,9505960
2007-12-05,35.174434661865234,35.8666630946623,33.393099879798974,34.00226075982616,29658506
2007-12-06,34.59295654296875,35.46054811290861,34.334525760615456,35.27595670885932,15718668
2007-12-07,34.59295654296875,34.59295654296875,34.59295654296875,34.59295654296875,0
2007-12-10,37.592620849609375,37.694148256548914,34.96215403734,35.51593541228425,54083749
2007-12-11,36.715797424316406,37.93411926651185,36.189704061589104,37.93411926651185,34297211
2007-12-12,35.663604736328125,36.45736049008199,35.34979440393371,36.45736049008199,23011113
2007-12-13,34.04841232299805,35.44210102437032,33.96534476118873,35.44210102437032,22241067
2007-12-14,34.70372009277344,34.74063979043967,33.22696739468543,33.642305191290234,14691517
2007-12-17,33.41156005859375,34.8790844915145,33.39310021103335,34.740637395239446,19810514
2007-12-18,33.50385284423828,33.96533843030453,32.931611703355706,33.36540928093177,8016691
2007-12-19,34.509891510009766,35.026756633122865,34.14070515423378,34.602190739595464,15378535
2007-12-20,34.80524444580078,35.239042053160915,33.96534076232757,34.61142133135062,16773365
2007-12-21,35.9774169921875,36.272767494836664,34.9344585492263,34.9344585492263,29253760
2007-12-24,36.17124557495117,36.73425865612181,35.70975990459573,36.28200467085298,34970928
2007-12-25,36.01433563232422,36.90038711436728,35.728213300873485,36.22661857984356,20843926
2007-12-26,36.900390625,37.00191802713699,35.903583493081136,36.088174928760075,28771980
2007-12-27,37.40802001953125,38.303303172156646,36.59580793306538,37.22342860406073,33144805
2007-12-28,36.35584259033203,37.823367245366185,36.189707457999376,37.435720950494286,25388943
2008-01-02,35.53438949584961,35.98664691133686,34.888308982663055,35.97741522810039,30310011
2008-01-03,36.20816421508789,36.27277192538043,34.24223433100529,35.53439557856842,40467290
2008-01-04,37.214195251464844,37.93411159790232,35.3590248507008,35.700523179029425,62601711
2008-01-07,37.27880859375,37.83259346175384,36.91885036601827,37.260348746064274,50219501
2008-01-08,36.90962219238281,38.28484739645686,36.45736472634771,37.38956414865493,49561838
2008-01-09,39.06013870239258,39.1247464010853,36.475820192117304,36.81731853104389,58804256
2008-01-10,40.112335205078125,41.293740961987275,39.42010667223038,39.42010667223038,74358947
2008-01-11,39.51240158081055,40.40768132407073,39.235507381411644,40.14925049354483,31278314
2008-01-14,39.51240158081055,40.29692575682477,39.31857493706011,39.53086142882754,25829511
2008-01-15,39.70622253417969,40.14924829981286,38.12794258395106,39.530859268884,42690537
2008-01-16,37.48186111450195,39.04168117995299,37.426481574817835,38.94938546800184,35737340
2008-01-17,35.50670623779297,37.8049027513407,34.79601793030034,36.82655544872841,39724065
2008-01-18,36.069725036621094,36.45737134572908,35.0821423711057,35.53439991925493,23954806
2008-01-21,33.2361946105957,36.18047527965238,33.02391163635453,36.08817603811966,31819642
2008-01-22,29.91349983215332,32.193240080495876,29.91349983215332,31.84250999901484,45568134
2008-01-23,30.873388290405273,31.65791242610776,29.33202626874717,29.811969969531727,35962431
2008-01-24,30.107318878173828,31.28872438167317,29.535077732937737,31.10412944167118,35917213
2008-01-25,30.86415672302246,31.611764688267694,30.125780441774236,30.125780441774236,28588359
2008-01-28,27.781435012817383,31.05798401078837,27.781435012817383,30.937996762294393,31826341
2008-01-29,27.43070411682129,28.796702864936652,26.766165469942283,27.689136693043743,25502324
2008-01-30,28.076786041259766,28.796704264009804,27.43070544952809,28.32598870610724,25418225
2008-01-31,27.836811065673828,28.612107009341834,27.458393017029664,28.0767837873261,15478110
2008-02-01,27.135353088378906,28.418284261056442,25.94472114876061,28.15062176646825,18326280
2008-02-04,29.84889030456543,29.848890304565433,28.888999361530317,28.888999361530317,14801965
2008-02-05,31.916343688964844,32.74701560187257,31.1964238060849,31.81481630029873,51013714
2008-02-13,30.716476440429688,31.750206585876835,29.996560124124382,31.750206585876835,18969967
2008-02-14,31.187198638916016,31.408709761955272,30.458050523795514,30.97491567898014,11021140
2008-02-15,30.33806037902832,31.085668269765467,29.904266337509167,30.642642545169355,11836900
2008-02-18,30.458053588867188,31.187201777363732,30.439593739946954,30.91953924930457,13561982
2008-02-19,31.565610885620117,31.916340873475665,30.098086762665908,30.550340609376196,24108860
2008-02-20,31.288724899291992,33.00544836340054,31.214885513727396,32.29476364204761,30043899
2008-02-21,30.79954719543457,31.371791860279508,30.227306051445257,30.92876259689774,15516504
2008-02-22,30.448823928833008,31.57484649079463,30.070405846700922,30.688794911293552,18183163
2008-02-25,28.54749870300293,30.82723863021653,28.51980893401969,30.781087254816658,19612408
2008-02-26,28.778240203857422,29.719671181864655,27.716823753168196,29.304333467912134,14015840
2008-02-27,29.322797775268555,29.710444020044008,28.316758946536464,28.89823007412764,10233730
2008-02-28,29.479700088500977,30.227306254079018,29.341254763086944,29.627373576571834,13515666
2008-02-29,29.535078048706055,29.98733548050336,29.11974030947499,29.507388279281372,9612755
2008-03-03,29.793506622314453,30.181156323499263,28.298294393985415,29.239725358742337,24118688
2008-03-04,29.322797775268555,30.7164828487761,29.156662664405935,30.070405774150345,23267058
2008-03-05,28.25214958190918,29.073593403627115,28.030636700561463,28.87054036916535,19029549
2008-03-06,28.529041290283203,29.193579958709808,27.99371803394367,28.538271214064846,17291926
2008-03-07,28.39982795715332,29.11051629651277,27.87373458608373,28.058327793945505,12656848
2008-03-10,27.144582748413086,28.19676934909324,26.950759642152153,28.07678386813569,16137663
2008-03-11,26.858463287353516,27.043056478074547,26.10162715641306,26.766165811779036,12050817
2008-03-12,26.415435791015625,27.79066262988577,26.313908398475125,27.70759508333951,12610781
2008-03-13,24.855613708496094,25.944719962821676,24.458735826622082,25.944719962821676,22734537
2008-03-14,24.920223236083984,25.38170885156702,24.467967544161958,24.846385608023816,11591308
2008-03-17,22.70509147644043,24.92022196575534,22.566646150938464,24.92022196575534,16241354
2008-03-18,20.489959716796875,22.142077118158255,20.434580181687227,21.329863301254978,21386069
2008-03-19,21.172962188720703,21.6805957013189,20.536111496581032,20.932989438632884,21243138
2008-03-20,21.3114070892334,22.040553488199542,19.3823969647632,20.582258929839238,27094946
2008-03-21,22.289752960205078,22.52049574811699,20.68378336758951,21.219106565128033,27439715
2008-03-24,20.79454231262207,22.640484760812754,20.72070468511156,22.50203766885613,20395872
2008-03-25,20.78531265258789,21.136040947601398,19.75158409391011,20.240759482635085,17178580
2008-03-26,21.025283813476562,21.985172911526956,20.794541021776357,20.932986344710923,18069547
2008-03-27,19.30855941772461,20.5545710087617,19.290099569459638,20.5545710087617,19044310
2008-03-28,20.130001068115234,20.296136163217263,18.357896321073305,19.15165210414841,24311947
2008-03-31,18.791696548461914,19.69620801522354,18.717858913632966,19.382397627093493,18588456
2008-04-01,17.34263038635254,19.14242324205038,17.222643139715927,18.791694946616747,19149498
2008-04-02,17.43492889404297,18.136387357682324,16.844227771158543,17.684131590420414,24051899
2008-04-03,19.179346084594727,19.179346084594727,17.22264596660968,17.49030851424967,37697645
2008-04-07,21.099123001098633,21.099123001098633,19.105505273797903,19.382395940201036,61543681
2008-04-08,21.385244369506836,22.151310452229314,20.77608347290477,21.228339183386424,63506672
2008-04-09,20.056167602539062,21.459084518279912,20.028479587899195,21.11758433415329,32790727
2008-04-10,21.366783142089844,21.39447291212143,19.843880998910215,19.936178471920957,27678937
2008-04-11,21.080663681030273,21.486771527614128,20.766853312364745,21.283716724108217,21192649
2008-04-14,19.10550308227539,20.286905001204232,19.068583392095004,19.84387928160592,28150725
2008-04-15,20.157691955566406,20.213069736862884,18.92091035723487,19.1055053087937,18868672
2008-04-16,19.24394989013672,20.166921091002482,19.197800273836716,20.166921091002482,13795304
2008-04-17,18.57018280029297,19.742354979894774,18.274830513967572,19.18857362405115,13119509
2008-04-18,17.517995834350586,18.367129548408656,17.407240257976312,18.367129548408656,16045430
2008-04-21,18.08100700378418,19.271639005830014,17.573373518337064,19.253180918678236,22574978
2008-04-22,17.850265502929688,18.09023825782867,16.918064256739516,17.5364551127101,19122104
2008-04-23,18.939373016357422,19.38239885336003,16.318134173449717,16.33659402343187,46546007
2008-04-24,20.83146095275879,20.83146095275879,19.93617946877274,20.813001105148036,62764032
2008-04-25,21.22833824157715,22.502037761483496,20.397664488557535,21.1360407667021,66624411
2008-04-28,19.7515869140625,20.84992333439904,19.733127064208198,20.489965064381018,43204149
2008-04-29,19.48392105102539,20.19460748077063,19.243948346794483,19.428541515906762,32105927
2008-04-30,20.111541748046875,20.351512692435914,18.82861068151005,19.36393386596968,49177819
2008-05-05,21.376014709472656,21.41293440568761,19.89926030900661,20.139233053119796,59269974
2008-05-06,20.628406524658203,21.30217507334022,20.406893649492655,21.1360399768591,43389355
2008-05-07,20.083852767944336,21.182188947558267,20.028474990946766,20.56379819639739,30958347
2008-05-08,20.443811416625977,20.582256742432364,19.382394904873248,19.779272796498628,28182438
2008-05-09,20.443811416625977,20.443811416625977,20.443811416625977,20.443811416625977,0
2008-05-12,20.905296325683594,21.40370159479468,19.566989206100732,19.936177316315735,32087482
2008-05-13,20.065393447875977,21.209877511570262,19.751583102621176,20.010015669427435,27553671
2008-05-14,21.34832191467285,21.505227080514707,20.065392580125042,20.065392580125042,63931723
2008-05-15,20.822229385375977,22.012863055868987,20.776081530419678,21.431390225023808,53385490
2008-05-16,20.75762176513672,21.19141758887058,20.30536609517729,20.78531153447507,20945011
2008-05-19,20.526880264282227,21.04374366822836,20.30536737687674,20.859150475604423,13365417
2008-05-20,19.17011260986328,20.813000250329626,18.920909958637075,20.582257445956007,24495619
2008-05-21,19.456235885620117,19.797736057918826,17.99794123067961,18.920912575842667,26985090
2008-05-22,18.708627700805664,19.327018510071472,18.64401999483323,19.197801337698646,18464281
2008-05-23,18.542491912841797,19.225490402998396,18.274829414581944,18.81015265067376,12920110
2008-05-26,17.64720916748047,18.50557085845911,17.610289476464906,18.50557085845911,14143347
2008-05-27,17.822572708129883,18.090235191058806,17.564141908532623,17.647209454239682,10176797
2008-05-28,18.367124557495117,18.487111786462524,17.77642361620224,18.07177408684868,11450801
2008-05-29,17.71181869506836,18.376357358111953,17.702588771361484,18.376357358111953,10983951
2008-05-30,17.721046447753906,17.979477238174077,17.536451517087162,17.73027460990229,11126283
2008-06-02,17.99793815612793,18.256370722380197,17.545682485507335,17.60106026383717,10054482
2008-06-03,17.721046447753906,18.173302091416932,17.582599369539984,17.905639617992925,8892300
2008-06-04,17.167264938354492,17.54568299538963,17.019589684898236,17.53645307199513,16338653
2008-06-05,16.871915817260742,17.24110398122561,16.79807818446777,16.982671386236188,9684436
2008-06-06,16.881145477294922,17.11188829621632,16.687320593978388,16.936523260916218,6866957
2008-06-10,15.192107200622559,16.355051284139503,15.192107200622559,16.336593195520962,16849659
2008-06-11,14.204526901245117,14.859836479982027,13.899946479599755,14.859836479982027,15526674
2008-06-12,14.389120101928711,14.675240660191712,14.047620888400752,14.121458508611454,17028565
2008-06-13,13.364622116088867,14.490647189695284,13.336933227454992,14.379890754945883,14696175
2008-06-16,13.060042381286621,13.659974201053993,12.74623290657824,13.364622812778538,14019811
2008-06-17,12.017085075378418,13.263095628769452,11.869408948559407,13.106190459198048,15032005
2008-06-18,13.207717895507812,13.216946938291027,11.721733741100051,11.998625269516284,37134346
2008-06-19,11.887868881225586,13.152339289774753,11.887868881225586,13.152339289774753,29314984
2008-06-20,12.026313781738281,12.617015631849876,11.149491369385949,11.887868461971973,23257737
2008-06-23,11.398911476135254,11.79740940024528,11.120889072559496,11.565724211233624,20699825
2008-06-24,11.389642715454102,11.556456317650056,10.898470411421172,11.139423195968938,25311257
2008-06-25,11.9549560546875,12.112502062554684,11.195028875899135,11.306237666662634,27691493
2008-06-26,13.150449752807617,13.150449752807617,11.732536771466764,11.908617994160064,38190760
2008-06-27,12.223711013793945,12.937301868655721,11.862282660019883,12.511001056561277,42806632
2008-06-30,12.084699630737305,12.529535660848826,11.658398840292831,12.112501606429003,20595782
2008-07-01,12.029095649719238,12.464664090926522,11.649132047652667,12.09396810935156,22618990
2008-07-02,12.409059524536133,12.714883915228018,11.78814312311712,12.056897917476924,24889062
2008-07-03,12.798290252685547,13.25239301184345,11.862281875296421,12.121769039985386,43296533
2008-07-04,12.168107032775879,12.75195385351938,12.001293402903759,12.603675464214792,33613317
2008-07-07,12.826092720031738,13.067045538391667,12.047630312289748,12.12176950504528,37950700
2008-07-08,13.085577964782715,13.660157065802196,12.863160419318804,13.06704361123177,56987455
2008-07-09,13.474809646606445,13.576750804708695,12.83535895703998,12.974369707525664,52145828
2008-07-10,12.992907524108887,13.493347562503711,12.974372282334388,13.168987901921762,38370152
2008-07-11,13.363601684570312,13.901111248819976,13.206055686378978,13.280194875667977,46726174
2008-07-14,13.243125915527344,13.35433470478907,12.974371120525948,13.35433470478907,24878427
2008-07-15,12.742685317993164,13.3450664522293,12.520267750011408,13.224590932429155,29565086
2008-07-16,11.936420440673828,12.585138760358628,11.695467644165275,12.557336786548815,20252421
2008-07-17,12.093968391418457,12.2793163865288,11.723271517388818,12.02909593027312,18458859
2008-07-18,13.14118480682373,13.298730813288726,12.14957155134248,12.14957155134248,57477284
2008-07-21,13.419205665588379,13.511880094317835,12.724150101544009,13.141184147017713,38273660
2008-07-22,13.270926475524902,13.762099680437222,13.168985317200413,13.465542056914417,33095694
2008-07-23,13.131916999816895,13.447009008262176,13.113381759880637,13.280195384071407,17843311
2008-07-24,13.345067977905273,13.465544395287747,13.057778807370026,13.122650384495607,19929607
2008-07-25,12.98363971710205,13.243126911562495,12.881697656421585,13.243126911562495,17243315
2008-07-28,13.029977798461914,13.224593428125303,12.98364057543558,13.048512157387037,11914338
2008-07-29,12.603673934936523,12.872428703893714,12.510999510961435,12.872428703893714,12841945
2008-07-30,12.464662551879883,12.863161345725912,12.40905860341368,12.631476164896142,11313549
2008-07-31,12.279314994812012,12.668546182333403,12.093967020708696,12.51100018339337,14149085
2008-08-01,12.325652122497559,12.418325666992217,11.954955293092377,12.279314908345805,12238823
2008-08-04,11.871549606323242,12.307117130183844,11.86228198654522,12.307117130183844,9535123
2008-08-05,11.241366386413574,11.954956366723657,11.120889972323003,11.862282813906322,14400909
2008-08-06,11.51012134552002,11.676934980147799,11.120890120594497,11.324773353605233,11212826
2008-08-07,11.435981750488281,11.676934573490628,11.287703362120348,11.491585704221801,6485535
2008-08-08,10.685319900512695,11.547189024408752,10.41656513595924,11.3989106555253,12405751
2008-08-11,9.619568824768066,10.657518329978476,9.619568824768066,10.657518329978476,15893697
2008-08-12,9.443488121032715,9.712242910790616,9.202536190904473,9.499092956483157,10102926
2008-08-13,9.619568824768066,9.702975631368615,9.146930843237511,9.45275521156697,14166022
2008-08-14,9.452754974365234,9.647370556946672,9.332278577166363,9.499092186181539,7530518
2008-08-15,9.582499504089355,9.8790562615082,9.304477102104762,9.499092695113093,12941311
2008-08-18,8.739165306091309,9.601033578022136,8.729897686741483,9.591766842481135,13135119
2008-08-19,8.850374221801758,8.9893849789333,8.516746990591912,8.655758631532294,8427539
2008-08-20,9.601034164428711,9.647371380199173,8.553816976775323,8.757700195880032,17368181
2008-08-21,9.341546058654785,9.730777218082801,9.258139255376097,9.46202245407858,15152607
2008-08-22,9.128396034240723,9.434220387357003,8.896710864679372,9.26740678245402,7438593
2008-08-25,9.184000968933105,9.41568616344225,9.1376637532695,9.258140160471322,6483090
2008-08-26,9.230338096618652,10.008800484158964,8.943048069289683,9.128396930177466,19837526
2008-08-27,9.239606857299805,9.452756836307369,8.915247194504232,9.239606857299805,13443750
2008-08-28,9.193268775939941,9.387884378641028,9.082059986369163,9.230338372463534,7257823
2008-08-29,9.443488121032715,9.563964528001273,9.202536190904473,9.202536190904473,13277316
2008-09-01,9.091325759887695,9.313743293853404,8.998651345497626,9.313743293853404,8334208
2008-09-02,9.054259300231934,9.17473484324565,8.989386834214137,9.17473484324565,5513147
2008-09-03,8.905978202819824,9.156198627117536,8.804037039481225,9.007920249967267,6571835
2008-09-04,9.00792121887207,9.221071188000085,8.80403798645606,8.905979160759596,7024197
2008-09-05,8.61868953704834,8.868909091153455,8.600154296991498,8.804037518572294,6760958
2008-09-08,8.044110298156738,8.711363027141909,8.02557505822493,8.609421858943618,8215537
2008-09-09,8.099714279174805,8.192388711546059,8.025575086801355,8.090446659175901,5401076
2008-09-10,8.062644004821777,8.247991970165383,7.812424472560113,8.0997135978905,6602814
2008-09-11,7.673413276672363,8.053376848414748,7.599274086274281,8.044110112471635,7739113
2008-09-12,7.710482120513916,7.942167288883289,7.6363429373404195,7.654878175038182,7029196
2008-09-16,7.552937030792236,7.710483034666724,7.413926266813045,7.710483034666724,8705917
2008-09-17,7.562204837799072,7.729018465747521,7.432461690558195,7.599274434697739,8199486
2008-09-18,7.163706302642822,7.580739922020286,6.820812317440166,7.478797869791871,13195714
2008-09-19,7.877296447753906,7.877296447753906,7.691948472803821,7.877296447753906,10543913
2008-09-22,8.646491050720215,8.665026289785382,7.997772708189652,8.572351862077227,35191369
2008-09-23,8.201656341552734,8.526015087630137,8.136783885290143,8.34066710647035,21838395
2008-09-24,8.201656341552734,8.220190697764268,7.923633927908612,8.108981909068397,8766057
2008-09-25,8.590888023376465,8.794770372127083,8.164587201011361,8.29433035316013,26908744
2008-09-26,8.590888023376465,8.804037992654548,8.46114398741876,8.665027219978315,21482070
2008-10-06,7.979238510131836,8.433342204575599,7.969971773199115,8.433342204575599,16673983
2008-10-07,7.710482120513916,7.849493751820806,7.413925387819928,7.654878175038182,11338049
2008-10-08,7.525135040283203,7.840227047426084,7.432461492411632,7.580739876053251,10329069
2008-10-09,7.42319393157959,7.7475526774257055,7.42319393157959,7.691948725021864,8388311
2008-10-10,6.765207290649414,7.182240429127303,6.681800486192075,7.135903217338914,13416727
2008-10-13,6.941287994384766,6.959823233583638,6.403778430941362,6.75594002144029,11167987
2008-10-14,6.8671488761901855,7.311984457759455,6.839346900913348,7.154438458175942,15913794
2008-10-15,6.663265705108643,6.820811695264476,6.607661315977949,6.820811695264476,8286608
2008-10-16,6.181361198425293,6.477917971209233,6.162826400126297,6.41304639811497,10373990
2008-10-17,6.292570114135742,6.422313704824929,6.172093701829268,6.190628500499152,8322444
2008-10-20,6.533522129058838,6.552056925431732,6.135023344185021,6.301836953445466,9614830
2008-10-21,6.589127063751221,6.811544638641916,6.496453074213431,6.626196659566336,14437707
2008-10-22,6.301836967468262,6.533522143597177,6.283302171054125,6.487184931609633,8549550
2008-10-23,6.218430519104004,6.255500114057174,6.070152139291325,6.1720933044603274,6789425
2008-10-24,6.088686943054199,6.3481741079942955,6.070152145558478,6.236965323019969,7899201
2008-10-27,5.4770379066467285,6.014547492096428,5.4770379066467285,6.014547492096428,11039448
2008-10-28,5.4770379066467285,5.4770379066467285,5.4770379066467285,5.4770379066467285,0
2008-10-29,5.4770379066467285,5.838467131542445,5.467770728572307,5.745792699371578,15444875
2008-10-30,5.671653747558594,5.745792942914216,5.495572937636762,5.551177334153478,11156181
2008-10-31,5.625317096710205,5.755060691472413,5.5604450783768655,5.625317096710205,6763307
2008-11-03,5.65311861038208,5.764327396759697,5.569712241551085,5.569712241551085,6384037
2008-11-04,5.643850803375244,5.727257162909313,5.578978797600403,5.653117980254858,5313622
2008-11-05,5.829199314117432,5.931140920909762,5.680920934713627,5.727257707325101,11450027
2008-11-06,5.643850803375244,5.736524781693313,5.606781212048016,5.653117980254858,6674241
2008-11-07,5.708723068237305,5.745792664116422,5.560444684720837,5.606781900521953,6719759
2008-11-10,6.2833027839660645,6.2833027839660645,5.792129968222813,5.819932386508239,21100345
2008-11-11,6.3759765625,6.635463728958521,6.162826169099713,6.30183737208328,22836447
2008-11-12,6.4501166343688965,6.561325435191414,6.153559390271025,6.190628990545197,11156307
2008-11-13,6.811544895172119,6.904218888200112,6.2184308978885054,6.394511705593921,27244740
2008-11-14,7.330519676208496,7.367589273309328,6.857882092220666,6.904218867644478,32047977
2008-11-17,7.47879695892334,7.562203761021319,7.182240225960553,7.330518592441946,27470613
2008-11-18,6.728138446807861,7.469531266511098,6.728138446807861,7.469531266511098,26324029
2008-11-19,7.080299377441406,7.154438568529101,6.542789800151182,6.561324597923106,23117140
2008-11-20,7.080299377441406,7.41392617924047,6.783742613090626,6.950555793037941,24739999
2008-11-21,6.932021141052246,7.135903920831233,6.681801144916721,6.774475135725352,16274997
2008-11-24,6.746673583984375,7.126637191162035,6.728138784656306,6.932021577265069,10644814
2008-11-25,6.70033597946167,6.996893193564056,6.589127189887443,6.857881985644049,9075039
2008-11-26,6.811544895172119,6.848614492383316,6.691068483283499,6.691068483283499,8163464
2008-11-27,6.932021141052246,7.367589118805032,6.894951544728794,7.274915127996402,18564950
2008-11-28,6.737404823303223,6.93202040426846,6.718870027111505,6.84861360045353,7802920
2008-12-01,6.904218673706055,6.950555889732716,6.4871854970838685,6.653998679351854,14383461
2008-12-02,6.92275333404541,7.033962561916609,6.663266166789625,6.718870559773007,14688102
2008-12-03,7.256380081176758,7.274914878703343,6.959823320751395,6.959823320751395,23101516
2008-12-04,7.265648365020752,7.691949189003366,7.228578766579174,7.395391959566274,37798742
2008-12-05,7.34905481338501,7.441728810407275,7.145172019936026,7.237846016958291,22054185
2008-12-08,7.766088008880615,7.784622365297181,7.321252407271824,7.441728375406192,35868053
2008-12-09,7.691948413848877,8.155318789577017,7.673413174591502,7.7660876032606705,48200933
2008-12-10,7.7012152671813965,7.784621184113863,7.413925273940351,7.664145676164045,21685286
2008-12-11,7.506600379943848,7.877296324021313,7.460263165981954,7.691948351982581,21732267
2008-12-12,7.117369174957275,7.5066008230219055,7.043229981765707,7.488065582819565,20183808
2008-12-15,7.172973155975342,7.274914761684012,7.043229575376213,7.182240775541777,11254103
2008-12-16,7.163706302642822,7.182241100710414,6.876416711642939,7.163706302642822,11841025
2008-12-17,7.17490291595459,7.3428458657086,7.146912201880268,7.18423285738116,12376664
2008-12-18,7.296194553375244,7.314854879296009,6.98829850833673,7.184232152953392,14637866
2008-12-19,7.268204212188721,7.361505846544058,7.19356290470445,7.277534598072897,15765474
2008-12-22,7.081601142883301,7.324185399037918,7.062940815486792,7.268204416848391,13641091
2008-12-23,6.568441390991211,7.146911978034249,6.559111449856862,7.137582036899899,19861074
2008-12-24,6.279205799102783,6.531120426322176,6.2232248202648375,6.531120426322176,18714156
2008-12-25,6.073942184448242,6.3538470774590765,6.036621087149528,6.325856810606628,40429955
2008-12-26,5.961979866027832,6.0926025961635535,5.878008619394612,6.073942269700918,29121080
2008-12-29,5.961979866027832,5.961979866027832,5.961979866027832,5.961979866027832,0
2008-12-30,5.73805570602417,6.008630650748319,5.728725320738454,6.008630650748319,37454083
2008-12-31,5.73805570602417,5.840687719680755,5.71006499506428,5.747385646412628,24589679
2009-01-05,6.101932525634766,6.120592852062809,5.868678222835586,5.878008608498245,29562945
2009-01-06,6.2698750495910645,6.325856470076943,5.980639786601172,6.101932122825166,38085939
2009-01-07,6.213893890380859,6.391167196955031,6.213893890380859,6.260544924441464,28198024
2009-01-08,5.943319797515869,6.064612147235939,5.915329529055727,6.064612147235939,25700951
2009-01-09,6.0832719802856445,6.120592631798659,5.887338337393692,5.943319314663213,17081556
2009-01-12,6.241885662078857,6.391168284643047,6.055281938976312,6.0926030395146675,31716744
2009-01-13,6.008630752563477,6.18590407192062,5.999300367119659,6.157913360486433,19354718
2009-01-14,6.204564571380615,6.223224897892698,5.9713102675309475,5.9713102675309475,20964103
2009-01-15,6.204564571380615,6.279205877428945,6.083272226603442,6.1392532061396885,26397403
2009-01-16,6.25121545791626,6.381838194514334,6.185904534514521,6.232555130530435,35193693
2009-01-19,6.391168117523193,6.484469754186108,6.251215440080172,6.363177848972967,33750154
2009-01-20,6.419158458709717,6.503129704388016,6.3071965012071365,6.4098280731358654,23761539
2009-01-21,6.325857162475586,6.419158798669,6.25121540862356,6.33518710364628,20157280
2009-01-22,6.633752346038818,6.643082286593039,6.325856744496037,6.353847011055963,44222337
2009-01-23,6.493800163269043,6.624422455059124,6.46580944972252,6.577771859011316,28272397
2009-02-02,6.605762004852295,6.6617429860072965,6.50312998361948,6.624422331903962,21100694
2009-02-03,7.268204212188721,7.268204212188721,6.63375265367514,6.63375265367514,73362846
2009-02-04,7.482798099517822,7.613419933308477,7.324184665193766,7.464137329093724,102704453
2009-02-05,7.6227498054504395,7.883994345242477,7.3708352053452195,7.529447739198916,86365663
2009-02-06,8.107918739318848,8.247871847375558,7.585429627331742,7.585429627331742,87689396
2009-02-09,8.919645309448242,8.919645309448242,8.26653252203129,8.26653252203129,111512005
2009-02-10,8.919645309448242,8.919645309448242,8.919645309448242,8.919645309448242,0
2009-02-11,9.264861106872559,9.778019856484665,8.956965501187478,9.34883279747659,152220682
2009-02-12,9.78735065460205,9.852662466599513,8.677060528180133,9.283521379535827,119320641
2009-02-13,10.64572525024414,10.76701758322802,10.29117863608999,10.328499285485455,159204800
2009-02-16,10.440463066101074,10.701708547515581,10.07658689307918,10.701708547515581,112238390
2009-02-17,10.132566452026367,10.701707512391277,9.936632804814511,10.421802174975122,105662148
2009-02-18,9.39548397064209,10.057926292362696,9.3301730440679,9.806012082866076,86098635
2009-02-19,9.479455947875977,9.610078694642414,9.218211344137767,9.451465677066977,68409173
2009-02-20,9.694050788879395,9.778021604702067,9.199550942420352,9.479456331213363,65642487
2009-02-23,9.78735065460205,9.955294042888985,9.414144113736175,9.600747384169113,63253547
2009-02-24,9.339502334594727,9.9739534220729,9.330171949094943,9.703378471140926,65220606
2009-02-25,9.694050788879395,9.778021604702067,9.320843307223813,9.610079083262022,58722924
2009-02-26,9.386154174804688,10.123237786211224,9.087588041846299,9.796681384154882,84791190
2009-02-27,8.453136444091797,9.171559244145675,8.443806058297634,8.86366363129479,57899457
2009-03-02,8.313183784484863,8.378494709052456,7.893326188360351,8.36916521253895,42648198
2009-03-03,8.229211807250977,8.313183501577143,7.949307345889865,8.061269308393227,32371479
2009-03-04,8.966294288635254,9.050265972605544,8.247871562056769,8.247871562056769,64138515
2009-03-05,9.012946128845215,9.414143814886025,8.86366351723781,9.143568858898968,66595442
2009-03-06,8.761033058166504,8.956966733262709,8.67706135601175,8.770362555232293,30219408
2009-03-09,8.415815353393555,9.05026642792072,8.39715458277491,8.7890218678213,33951985
2009-03-10,8.56509780883789,8.61174795497671,8.210551181456953,8.303852363529092,27589311
2009-03-11,8.490457534790039,8.919645515687451,8.453136879485681,8.817013046254512,27088417
2009-03-12,8.48112678527832,8.555768092690233,8.19189105171123,8.397155091991277,22300453
2009-03-13,8.490457534790039,8.723711852890924,8.397155451631841,8.574428341878885,26188551
2009-03-16,8.74237060546875,8.789021641017,8.359833715603203,8.4904564371794,27967880
2009-03-17,9.180890083312988,9.274191276478357,8.602419482427118,8.714381448102325,65992966
2009-03-18,9.367493629455566,9.638068610085268,9.087588262301997,9.227541390776098,74279013
2009-03-19,9.78735065460205,9.973953925034989,9.208880071362652,9.423474499706467,93943611
2009-03-20,10.244528770446777,10.449792810432664,9.796680926617103,9.983284194879467,147848809
2009-03-23,10.244528770446777,10.6737167323475,9.89931250171276,10.216538502656064,141321193
2009-03-24,9.973954200744629,10.431133338186338,9.964624704311023,10.281850717713374,93884922
2009-03-25,9.712709426879883,10.253859360515074,9.684719158531742,9.787350735671318,67274302
2009-03-26,10.41247272491455,10.459123766974198,9.722040149774537,9.787351074781274,100915007
2009-03-27,10.16988754272461,10.561754854039352,10.104576620770345,10.543094971964381,91464702
2009-03-30,9.78735065460205,9.955294042888985,9.6380680382557,9.945963656918693,61306531
2009-03-31,9.67538833618164,9.796680679946803,9.423474152819031,9.507444954076869,42042638
2009-04-01,9.973954200744629,10.207208517682286,9.722040001145153,9.722040001145153,58336643
2009-04-02,10.263188362121582,10.589744711379602,9.843330834357321,10.085915500103594,94801602
2009-04-03,9.955292701721191,10.393810995507753,9.889981788316934,10.393810995507753,58186665
2009-04-07,10.132566452026367,10.225868527763266,9.834001233339555,9.964623961412304,39981644
2009-04-08,9.628737449645996,10.039265525753365,9.610077567892695,10.029935139979434,36871788
2009-04-09,9.815340995788574,9.824670491187987,9.470123861969574,9.591416200107018,25904212
2009-04-10,10.095246315002441,10.309840744233467,9.852662507333983,9.945963698038902,74217718
2009-04-13,10.785679817199707,11.018934130039025,10.095246374951437,10.16988768387645,131841128
2009-04-14,10.533764839172363,10.720368113379328,10.431133260807183,10.683047458537935,71328094
2009-04-15,10.580416679382324,10.823001399072721,10.328501572828142,10.496444977197596,62533410
2009-04-16,10.636395454406738,10.990942088192899,10.543094270649023,10.645725839720866,70767629
2009-04-17,10.244528770446777,10.617736196766076,10.076586273907935,10.617736196766076,63768838
2009-04-20,10.36582088470459,10.40314153751976,10.0392653950205,10.188548006281176,41072141
2009-04-21,10.067255020141602,10.216537621881743,9.899311648286696,10.13256593595429,47448766
2009-04-22,9.647397994995117,10.263189204923394,9.516775266606421,10.085916328347952,46547341
2009-04-23,9.768689155578613,9.871320714880886,9.51677411484426,9.647396827424418,35238622
2009-04-24,9.59141731262207,9.843332403310685,9.526106388278182,9.768691092690638,25128066
2009-04-27,9.292851448059082,9.628737323364392,9.274190676755955,9.610077441855816,28370993
2009-04-28,9.302183151245117,9.348834196315902,9.096919086810475,9.23687133222815,20713467
2009-04-29,9.572758674621582,9.610079334784455,9.236871843360998,9.283522891013272,23484153
2009-04-30,9.656726837158203,9.927301746451425,9.563424776107686,9.572755160171617,28293178
2009-05-04,10.048595428466797,10.169886878518883,9.712708675108653,9.712708675108653,37630487
2009-05-05,9.917972564697266,10.160557241000506,9.880651913711729,10.076585553834422,31365857
2009-05-06,10.076586723327637,10.095246606088827,9.675389011324052,9.889983446742693,41895372
2009-05-07,10.113906860351562,10.356491552377898,9.936633089334407,10.08591659274685,53232005
2009-05-08,10.14189624786377,10.263188583351443,9.806010396371011,10.048595067346358,42559867
2009-05-11,10.468452453613281,10.804338300275639,10.15122648686826,10.263188435755714,122550176
2009-05-12,10.356491088867188,10.431132392335513,9.973953296348864,10.27251940001669,65610922
2009-05-13,10.477782249450684,10.608404971799615,10.085915861992891,10.39381145272048,72437930
2009-05-14,10.207208633422852,10.487113994880838,10.1139074394666,10.263190061632296,50458860
2009-05-15,10.14189624786377,10.32849949869308,10.057924562541958,10.263188583351443,32313622
2009-05-18,10.188549041748047,10.253859968363534,9.983284985506263,10.169888268546684,34866799
2009-05-19,10.6830472946167,10.729698334901274,10.141897362822636,10.291179979897608,107530449
2009-05-20,10.272520065307617,10.589746070490131,10.26318967932117,10.543095030352482,78442625
2009-05-21,10.011273384094238,10.356490505430465,9.98328311931909,10.16988636747754,45479943
2009-05-22,9.908642768859863,9.992614461020512,9.778020037743904,9.964624193565149,32368224
2009-05-25,10.029934883117676,10.113906573343462,9.666057855404116,9.731369664354471,26737463
2009-05-26,10.029934883117676,10.029934883117676,10.029934883117676,10.029934883117676,0
2009-05-27,9.955292701721191,10.076585033610856,9.796679720772742,9.983282966066664,28607925
2009-06-01,10.235198020935059,10.337829583462032,10.067254655168682,10.076585039887807,49671318
2009-06-02,10.328499794006348,10.71103669159258,10.23519861082126,10.43113225224281,68187575
2009-06-03,10.739027976989746,10.804338894987099,10.291179266994183,10.365820570361022,107560037
2009-06-04,11.550752639770508,11.811997197513234,10.459122482673832,10.533763784886041,172679590
2009-06-05,11.634724617004395,12.353147391139922,11.550752927475475,11.550752927475475,195051083
2009-06-08,11.97994327545166,11.989273662782052,11.224198807789461,11.476113926941764,104567961
2009-06-09,11.914629936218262,12.035921387825951,11.382809533178607,11.849318127897357,85678894
2009-06-10,11.830657958984375,12.269175386699644,11.662714584237117,12.063912250669118,65555839
2009-06-11,11.364148139953613,11.746684994354977,11.336156987342969,11.737354610151428,59887835
2009-06-12,11.373480796813965,11.672046945784388,11.261518824623055,11.39214157040978,61953042
2009-06-15,11.196206092834473,11.289508166192565,10.76701815701737,11.242857129513519,52352743
2009-06-16,11.29883861541748,11.317499387582044,10.869650643373012,10.953622338524367,39801502
2009-06-17,11.317500114440918,11.476113128848162,10.962953428694998,11.186877370283586,41934632
2009-06-18,11.382810592651367,11.578744256261853,11.252188743440785,11.326830054359577,41051990
2009-06-19,11.224196434020996,11.45745072918233,11.093574598199142,11.392139811271404,41196863
2009-06-22,11.242856979370117,11.364149317198027,11.112234256372098,11.336158161687699,35801910
2009-06-23,11.056253433227539,11.196205647908604,10.916300328751992,11.009602398402357,35440534
2009-06-24,11.532093048095703,11.569413703016611,11.028263761766148,11.102905071607964,60268044
2009-06-25,11.261517524719238,11.662715212772884,11.196206604261969,11.588073906594701,45416532
2009-06-26,11.140225410461426,11.345489451600022,11.084244874565629,11.336159065685864,30934616
2009-06-29,11.261517524719238,11.336158830897421,11.037593606184693,11.177545832820146,34146811
2009-06-30,11.354818344116211,11.44812041139745,11.102903296333539,11.242856397255398,49552137
2009-07-01,11.32682991027832,11.429461489037498,11.112235476770545,11.270848482904022,49109230
2009-07-02,11.830657958984375,11.94261991221771,11.382809256256525,11.382809256256525,114558681
2009-07-03,11.737357139587402,11.839988718560614,11.532093091846376,11.66271582946241,65743531
2009-07-06,12.315827369689941,12.670374027079424,11.560083904823724,11.746687174556458,121448690
2009-07-07,12.119894981384277,12.595734036306581,12.054584052596983,12.129225368295225,85955584
2009-07-08,12.129223823547363,12.353147742123697,11.867979251874972,11.905299904971029,60331642
2009-07-09,12.166543960571289,12.231854878270434,11.877308243999542,12.082572272218378,70838998
2009-07-10,12.091903686523438,12.502430888101001,11.989272108577696,12.166544995901177,76239477
2009-07-13,11.849318504333496,12.138554233757327,11.830658622645105,11.933290196417659,52193967
2009-07-14,11.998601913452148,12.119894266758697,11.867980063579417,11.867980063579417,38054466
2009-07-15,12.707695007324219,12.856977626943568,12.082573370322244,12.082573370322244,139704117
2009-07-16,12.773003578186035,13.482096780558368,12.605061106946383,13.062239267767584,133055307
2009-07-17,14.051240921020508,14.051240921020508,12.922289953110784,12.922289953110784,189935534
2009-07-20,15.46009635925293,15.46009635925293,14.293824735536333,14.293824735536333,173414822
2009-07-21,14.965596199035645,15.814641677852935,14.834972585655972,15.814641677852935,130381876
2009-07-22,15.068227767944336,15.394784151314282,14.64837019632195,14.788323313392453,93533799
2009-07-23,15.170860290527344,15.674688666590406,14.98425613371043,14.98425613371043,72156343
2009-07-24,16.691679000854492,16.691679000854492,14.984257405537717,15.385455131034378,161419521
2009-07-27,18.03522300720215,18.27780770085529,16.355792702943948,16.607706002870277,176029860
2009-07-28,17.624696731567383,18.28713995889854,17.260820543629716,17.72732920697106,119307894
2009-07-29,16.150527954101562,17.634025510639383,15.861293107485324,17.35412104999001,120400229
2009-07-30,16.94359016418457,17.01823145999023,15.432103479222743,16.18784682170366,141194267
2009-07-31,18.324459075927734,18.399100388228465,16.794311283968092,17.456752708188436,171839326
2009-08-03,18.427091598510742,19.434750207144468,17.73665901292738,18.287139360009526,143739509
2009-08-04,18.371110916137695,19.126854421837503,17.96058281074985,18.473741607792718,105777698
2009-08-05,18.595035552978516,18.940250966305655,17.634027068558595,18.296470294017965,93195069
2009-08-06,17.643356323242188,18.483071505084705,17.59670617186896,18.333788885183335,79614025
2009-08-07,16.309141159057617,17.54072364856419,16.187849699159198,17.260819184436034,90398662
2009-08-10,16.887611389160156,17.06488515243493,16.187848501042378,16.54239424800287,70889174
2009-08-11,16.327800750732422,16.69167688370882,16.15985737256207,16.69167688370882,39560169
2009-08-12,15.180191993713379,16.23450076633463,15.021578980530789,16.23450076633463,66282231
2009-08-13,15.833300590515137,16.047895890154724,15.124207334201518,15.254830946936268,61418005
2009-08-14,15.581389427185059,16.46775478335857,15.488087342432781,15.954595986604918,63025926
2009-08-17,14.023248672485352,14.834973553189458,14.023248672485352,14.834973553189458,67433441
2009-08-18,14.61104965209961,14.751002770214537,13.817985541959956,13.855306195498356,58983739
2009-08-19,14.61104965209961,14.751002770214537,13.817985541959956,13.855306195498356,58983740
2009-08-20,14.14454174041748,14.247174210090932,13.342147204596127,13.538080867851816,50412150
2009-08-21,14.536408424377441,14.573729078119575,13.5380802694294,13.957937846477062,68802131
2009-08-24,14.536408424377441,14.573729078119575,13.5380802694294,13.957937846477062,68802128
2009-08-25,14.11655044555664,14.601718930395947,13.080901666342212,14.555068781891924,69961899
2009-08-26,14.051240921020508,14.461768141262846,13.584732271302352,13.836646479456945,86289255
2009-08-27,13.63138198852539,14.060569968133033,13.491429754003281,13.808655768034312,57109645
2009-08-28,13.202193260192871,13.957937597218354,13.183533378552315,13.734013678764343,50772134
2009-08-31,11.886639595031738,12.987600238802687,11.886639595031738,12.987600238802687,55534706
2009-09-01,11.448121070861816,11.88663849887867,11.028262633704921,11.756016664913867,49388958
2009-09-02,11.466780662536621,11.68137506831922,11.1962057264069,11.42012962738436,47058459
2009-09-03,12.567740440368652,12.614391472786433,11.485440759289407,11.60673219786343,69099397
2009-09-04,12.679703712463379,13.136881920498208,12.409128763851488,12.66104294162382,68983212
2009-09-07,12.679703712463379,13.136881920498208,12.409128763851488,12.66104294162382,68983216
2009-09-08,13.230184555053711,13.295495476167288,12.502430477811414,12.866307516432562,51388585
2009-09-09,13.37946605682373,13.715351910082397,13.118221504289211,13.38879644186287,60702161
2009-09-10,13.416787147521973,13.789993663391275,12.931617787097357,13.258174155828888,53209406
2009-09-11,13.407456398010254,13.724682372780094,12.96893808642874,13.062240157759103,42552174
2009-09-14,13.482099533081055,13.575401617102985,13.10889297658257,13.295496254831813,41864511
2009-09-15,14.088560104370117,14.452436243636472,13.426117855440513,13.528749427321745,69736844
2009-09-16,13.827314376831055,14.265832702284971,13.44477747390521,14.00458814000785,58434411
2009-09-17,14.060568809509277,14.265832841049463,13.911286201041701,14.08855996594285,46866457
2009-09-18,13.248844146728516,14.135210314435314,13.062240883494644,14.088560165972757,50836323
2009-09-21,13.043580055236816,13.136882131343032,12.437119229930039,13.062240826375877,40667680
2009-09-22,12.61439323425293,13.136882378867744,12.586402077016931,12.968938994629989,28779109
2009-09-23,12.185205459594727,12.85697722698408,12.007931686965497,12.614393422546323,35072629
2009-09-24,12.241186141967773,12.474440453109983,11.756017637485161,12.129224179394862,26107159
2009-09-25,12.035922050476074,12.241186092595816,11.88663943431429,12.045252436434831,18232799
2009-09-28,11.56008243560791,12.269174770470999,11.373478299796844,12.17587359235993,21553992
2009-09-29,11.550752639770508,11.653384207863665,11.214866779815573,11.476111337558299,19762857
2009-09-30,11.905301094055176,12.119894648342148,11.57874467950279,11.662716379804525,23524512
2009-10-09,13.099560737609863,13.099560737609863,12.595731512693888,12.922287870792637,47480820
2009-10-12,12.595732688903809,13.17420326858182,12.483770727333345,13.12755222881215,48377576
2009-10-13,12.791666030883789,12.875637722454147,12.409129115769538,12.530421460282883,27101571
2009-10-14,12.92228889465332,13.220854121283347,12.689034588899972,12.74501512399582,40488035
2009-10-15,12.847647666931152,13.192863934791752,12.791666241696795,13.015590163045092,25644948
2009-10-16,12.707695007324219,12.95961009527782,12.399799381910661,12.847648130563309,23426880
2009-10-19,13.435447692871094,13.528749771349954,12.633053199172243,12.679704238411674,55250962
2009-10-20,13.47276782989502,13.696692631702374,13.248843917882196,13.52874925279549,48858657
2009-10-21,13.482099533081055,13.715353853341261,13.230185329893231,13.416788608142474,41755236
2009-10-22,13.388798713684082,13.75267489400846,13.35147805698941,13.575401997157435,34892143
2009-10-23,13.836645126342773,13.995258122919424,13.32348548387682,13.351476640774733,69877100
2009-10-26,14.069900512695312,14.08856128539869,13.594061486294589,13.817986309762034,58020219
2009-10-27,13.444778442382812,13.985928376692303,13.426118560058995,13.90195668174866,56598708
2009-10-28,13.47276782989502,13.706022127357011,13.136881961875783,13.444777563342049,41119032
2009-10-29,12.61439323425293,13.09023133993564,12.502430384898053,13.0622410724942,68473229
2009-10-30,12.707695007324219,13.006260246562919,12.670374352419381,12.866308013118427,33611441
2009-11-02,12.978270530700684,13.03425196034002,12.129224928100772,12.36247925364117,38261391
2009-11-03,13.192864418029785,13.286165610445131,13.052911294714866,13.052911294714866,32263050
2009-11-04,13.715353965759277,14.088561415111378,13.155544126423065,13.23018543833456,64528203
2009-11-05,13.696693420410156,13.855306423001414,13.454108723530046,13.696693420410156,34453906
2009-11-06,13.752673149108887,13.976597060866089,13.63138080779177,13.808654571945452,39455634
2009-11-09,13.901956558227539,14.0232489065357,13.724683673650736,13.762004327761357,42043650
2009-11-10,13.789995193481445,14.116551598446543,13.762004924134173,14.041910286990742,33160618
2009-11-11,13.63138198852539,13.855306809473218,13.584731836881092,13.762004726595407,25640476
2009-11-12,13.668702125549316,13.901956434106776,13.60339120388749,13.696693283228305,24075197
2009-11-13,14.172530174255371,14.209850824814389,13.528748729663711,13.528748729663711,56314689
2009-11-16,14.536408424377441,14.788323504482781,14.247173580324537,14.247173580324537,70575039
2009-11-17,14.396456718444824,14.788324041874565,14.359136063346497,14.71368273167791,46746400
2009-11-18,14.424446105957031,14.517748182899206,14.275163494685192,14.433776491610159,37574223
2009-11-19,14.545738220214844,14.58305887244307,14.275163269111575,14.443105759241321,38910961
2009-11-20,14.303154945373535,14.461767955423035,14.181862591230116,14.368465870760522,36626149
2009-11-23,14.72301197052002,14.778993397085388,14.275164117175414,14.303154385560804,50241627
2009-11-24,14.023248672485352,14.9189452459855,13.817985523200106,14.72301159272626,76844267
2009-11-25,14.303154945373535,14.321815718223888,13.72468433393197,13.985928925274536,46284414
2009-11-26,13.72468376159668,14.620380355785656,13.715353375560593,14.452436966314414,57005936
2009-11-27,13.136882781982422,13.528750097365542,13.062241473318455,13.360806707974323,42545351
2009-11-30,13.584733009338379,13.678034210474127,13.174204876998092,13.174204876998092,31882249
2009-12-01,13.78066349029541,13.789992985387554,13.435446367846223,13.594059351740883,26210707
2009-12-02,14.648369789123535,14.732341479072662,13.84597532144378,13.967267663615347,75744146
2009-12-03,14.545738220214844,14.741671866861662,14.284493654617265,14.536407834709154,58736577
2009-12-04,14.713682174682617,14.741672442498123,14.004588864862946,14.368465015848237,69891401
2009-12-07,14.760333061218262,14.816314489438206,14.555069900599236,14.732342792005596,61232632
2009-12-08,14.853633880615234,15.282820937991533,14.293823205246477,14.788322961413543,67559320
2009-12-09,14.415116310119629,14.741672702984227,14.37779565577464,14.536408659189492,43839195
2009-12-10,14.639039039611816,14.657699810156295,14.349804214528508,14.648369424884056,30955787
2009-12-11,14.732341766357422,15.08688841428164,14.667030846143202,14.695021113407218,56171210
2009-12-14,15.385452270507812,15.525404484184246,14.52707643914634,14.928274090050683,91064787
2009-12-15,15.086888313293457,15.469425225921075,15.030907779140147,15.245501309718744,61781267
2009-12-16,14.797654151916504,15.002918208366278,14.555070328615471,14.974927048535871,43230655
2009-12-17,14.14454174041748,14.918946007143623,14.135211354120873,14.909615620847017,35398202
2009-12-18,12.95960807800293,13.9579361086549,12.726353798707088,13.883294810463788,59646526
2009-12-21,13.15554141998291,13.220852332020643,12.856975343965182,12.95027740955718,43735123
2009-12-22,12.567740440368652,13.248842488367185,12.502428639065984,13.202191455949404,34554404
2009-12-23,12.735684394836426,12.819656085010722,12.502430095372063,12.530421251959853,18685962
2009-12-24,13.295494079589844,13.482097327309402,12.76367460114048,12.86630616493762,30970392
2009-12-25,13.146211624145508,13.323484488955163,13.06223993931139,13.314154993813746,19680697
2009-12-28,13.342146873474121,13.622052226863428,13.146213215081065,13.146213215081065,23278340
2009-12-29,13.510087966918945,13.556739002592003,13.155542231310497,13.370135749694269,24214170
2009-12-30,13.510087966918945,13.510087966918945,13.510087966918945,13.510087966918945,0
2009-12-31,13.50075912475586,13.706022267976282,13.314155862830685,13.668701615591246,30370031
2010-01-04,13.50075912475586,13.612721081910964,13.388797167600755,13.528749391596001,24190957
2010-01-05,13.901956558227539,13.99525863840138,13.407457668813173,13.566070671231955,40419630
2010-01-06,14.004589080810547,14.461767317956536,13.789994651463815,13.892627118027523,43099530
2010-01-07,14.11655044555664,14.72301127405441,14.004588487516802,14.237842789215104,76905051
2010-01-08,13.97659683227539,14.01391837341905,13.547409786657477,14.01391837341905,28384698
2010-01-11,14.172530174255371,14.536407184551656,13.976596536371911,14.461765883433623,26187376
2010-01-12,14.415116310119629,14.508418390879397,14.060569648944936,14.172531611979904,34354461
2010-01-13,13.286164283752441,14.069898848713287,13.2301837518521,13.948606509869869,66265066
2010-01-14,13.426117897033691,13.528749469232869,13.230184248439226,13.435447392837583,26458070
2010-01-15,13.435447692871094,13.510088999736356,13.248844425707938,13.435447692871094,19260710
2010-01-18,13.426117897033691,13.435447392837583,13.220853862840789,13.342146206236842,20250048
2010-01-19,13.426117897033691,13.696692850826567,13.37013647323761,13.435447392837583,28047283
2010-01-20,12.978270530700684,13.510090108198511,12.968940144128355,13.454109568353811,29575993
2010-01-21,12.800995826721191,13.099561036507735,12.65171322182792,12.95960881686892,25388578
2010-01-22,12.577072143554688,12.651714342406994,12.362478602462405,12.651714342406994,26532985
2010-01-25,12.605063438415527,12.754346058148936,12.502430970002857,12.577072279869562,11071183
2010-01-26,12.175875663757324,12.773006152596125,12.119894235531378,12.735685497043699,18558863
2010-01-27,11.961278915405273,12.20386357451259,11.849316970385228,12.129222277832561,15709387
2010-01-28,11.905301094055176,11.951952137533322,11.718697809937233,11.951952137533322,15358087
2010-01-29,11.839988708496094,12.054583142268982,11.718697246992038,11.784008170847239,11903145
2010-02-01,11.354818344116211,11.867977934574114,11.252186781942413,11.858647549887097,18908836
2010-02-02,11.513433456420898,11.80266831691684,11.420131371864041,11.532093339455496,14279065
2010-02-03,11.886639595031738,11.92396024957679,11.410800582236371,11.672046053846332,16164457
2010-02-04,11.690705299377441,11.80266725691354,11.5694129562647,11.73735633746612,15378994
2010-02-05,11.33615779876709,11.42012948302076,11.196205584873956,11.42012948302076,22792945
2010-02-08,11.29883861541748,11.41080057902109,11.252188464595253,11.336159269952017,7260764
2010-02-09,11.47611141204834,11.485441797334055,11.261516999449455,11.298837650797802,8996484
2010-02-10,11.56008243560791,11.662713998468426,11.457449982952932,11.61606296451566,8611738
2010-02-11,11.690705299377441,11.79333776113144,11.513432422393922,11.5694129562647,9172684
2010-02-12,11.867979049682617,11.895969316579157,11.765346588071075,11.811997626095,9308062
2010-02-22,11.802667617797852,11.989271775858262,11.784007735868553,11.933290350481224,9865245
2010-02-23,11.653385162353516,11.849318819157459,11.485442663517693,11.79333828281038,8669755
2010-02-24,11.793338775634766,11.802668272219423,11.410800942236039,11.532093295782763,9400879
2010-02-25,11.97994327545166,11.989273662782052,11.793339977817386,11.793339977817386,13191996
2010-02-26,11.830657958984375,11.933289526999639,11.811997188548231,11.923959141781566,9570033
2010-03-01,12.091903686523438,12.19453526446918,12.035922259592835,12.035922259592835,19476182
2010-03-02,11.886639595031738,12.129224294471879,11.849318940486686,12.091903639926825,11723839
2010-03-03,11.942620277404785,11.970610544120392,11.774676897522076,11.877308468675656,10643471
2010-03-04,11.550752639770508,11.979940572387957,11.504101603439251,11.923959150831546,17447771
2010-03-05,11.616064071655273,11.718696534092263,11.550753151773224,11.550753151773224,9585053
2010-03-08,11.709366798400879,11.793338494221384,11.653385371255677,11.662715757412311,7378713
2010-03-09,11.728026390075684,11.83998835179494,11.504102466637171,11.709366508019762,10499581
2010-03-10,11.802667617797852,11.90530008268999,11.662715389047113,11.756017468077319,11156813
2010-03-11,11.672045707702637,11.830658707263966,11.588074015017867,11.774677282209264,8344529
2010-03-12,11.47611141204834,11.718696090709857,11.429460375414276,11.68137543936151,11261258
2010-03-15,11.308168411254883,11.560083483559907,11.261517373073076,11.50410205978283,11139944
2010-03-16,11.364148139953613,11.382808018566298,11.24285581469072,11.336156987342969,6186731
2010-03-17,11.616064071655273,11.644054338776929,11.429460807853312,11.429460807853312,9819375
2010-03-18,11.578744888305664,11.73735790511489,11.513433960135274,11.662716590121686,10049329
2010-03-19,12.735684394836426,12.735684394836426,11.569412897514608,11.606733549837125,82046827
2010-03-22,12.390469551086426,12.595733607160428,12.25984769796222,12.577072833974318,64888011
2010-03-23,12.073243141174316,12.437120198575085,11.989272333892242,12.315827846108162,45293377
2010-03-24,12.026592254638672,12.231855401849181,12.007931483186141,12.073242403680888,20873168
2010-03-25,11.867979049682617,12.035921540856387,11.839987892991537,11.942620354603081,18050028
2010-03-26,11.998601913452148,12.054583341822331,11.867980063579417,11.867980063579417,16382215
2010-03-29,12.222525596618652,12.315826782136593,11.895969222819518,11.97994091264184,35664509
2010-03-30,12.15721321105957,12.269175162244649,12.091902295316897,12.185204366201708,20555108
2010-03-31,11.97994327545166,12.21319761994318,11.923961841264022,12.157216185755544,21224471
2010-04-01,12.110563278198242,12.222526129371238,11.970611048923857,11.979941434820702,21429751
2010-04-02,12.278507232666016,12.409129971875409,12.13855499692315,12.1665452661128,24684228
2010-04-06,12.21319580078125,12.427789338648168,12.119893720964152,12.278506722776473,21898818
2010-04-07,12.446450233459473,12.586402464772812,12.185205653103766,12.222526307440296,32220886
2010-04-08,12.175875663757324,12.390469210735114,12.147885394541658,12.381139714192969,18825888
2010-04-09,12.287836074829102,12.390467642156915,12.166543737190137,12.175874122345713,14132599
2010-04-12,12.241186141967773,12.4464501849154,12.138554565391251,12.315827450349714,18374993
2010-04-13,12.371808052062988,12.409128703766871,12.045251682308127,12.26917559253142,23514733
2010-04-14,12.539750099182129,12.642382555107158,12.269175161388446,12.409128267705897,36683200
2010-04-15,12.521090507507324,12.633052461265429,12.409128553749218,12.539750388236419,22302540
2010-04-16,12.175875663757324,12.521091950065909,12.110563849194618,12.502431177392388,14795864
2010-04-19,11.457450866699219,12.026591923192429,11.4387909855555,12.026591923192429,27684539
2010-04-20,11.494771957397461,11.634725075391064,11.261517650536021,11.457451303891412,19580001
2010-04-21,11.597404479980469,11.644054629750789,11.392140439771683,11.56941332236479,17683969
2010-04-22,11.401471138000488,11.653385334881085,11.298838670187072,11.588074411577708,19117597
2010-04-23,11.410799980163574,11.55075309466906,11.289508526637848,11.410799980163574,13519450
2010-04-26,11.354818344116211,11.532091204197217,11.33615757474218,11.392138993069816,11430538
2010-04-27,10.860321044921875,11.457451511857236,10.683047270204503,11.457451511857236,24578891
2010-04-28,10.767019271850586,10.878981237596298,10.589746381868528,10.77634965811138,14024840
2010-04-29,10.6830472946167,11.009603686814136,10.6830472946167,10.78567976120168,13699586
2010-04-30,10.739027976989746,10.776348628673166,10.496443296150254,10.711036820881288,13289823
2010-05-04,10.580416679382324,10.66438838156705,10.496444977197596,10.589747066246108,9212526
2010-05-05,10.36582088470459,10.440462190334928,9.703378629889428,10.431132694477048,26061223
2010-05-06,9.815340995788574,10.347160494718944,9.796680225400733,10.347160494718944,15340296
2010-05-07,9.507445335388184,9.712709378438175,9.339502836342357,9.516775721389225,14349750
2010-05-10,9.759360313415527,9.768690699315961,9.516775618771696,9.516775618771696,11801280
2010-05-11,9.712709426879883,10.029935434140771,9.6567288901836,9.973954007649903,14512857
2010-05-12,9.731369972229004,9.78735050762091,9.50744516127768,9.656728665176752,10538973
2010-05-13,9.973954200744629,9.98328458697284,9.750030270035182,9.778020538925212,11691393
2010-05-14,9.889983177185059,9.936633327713858,9.768690828262091,9.889983177185059,8824386
2010-05-17,9.339502334594727,9.787350161049908,9.330171949094943,9.731369627640277,13730645
2010-05-18,9.51677417755127,9.563425210194032,9.143567695998058,9.339501321262105,12193356
2010-05-19,9.451464653015137,9.647398307038346,9.292851652625178,9.460795038872092,10279375
2010-05-20,9.367493629455566,9.591417567260567,9.330172973154733,9.395483899232532,8846170
2010-05-21,9.376823425292969,9.395483307370602,8.910314806022617,9.180889769607639,14162316
2010-05-24,9.722039222717285,9.824670793626254,9.414143620195846,9.44213388684474,17998004
2010-05-25,9.535436630249023,9.778020441195707,9.498115975503795,9.647398594484708,14047101
2010-05-26,9.544764518737793,9.666056848676282,9.507443870279369,9.535435023969022,8762685
2010-05-27,9.843332290649414,10.00194529635027,9.376823659716216,9.554096547961207,22519165
2010-05-28,9.936634063720703,10.21653943659903,9.861992749592437,10.10457746540663,25451228
2010-05-31,9.59141731262207,9.889983444896865,9.582087816140522,9.796681361724502,11724828
2010-06-01,9.563425064086914,9.694047775532143,9.414142473746324,9.535434800846659,9102630
2010-06-02,9.526106834411621,9.638068805585174,9.348833935835492,9.516776447698495,11295172
2010-06-03,9.507445335388184,9.768690804649841,9.470124681178602,9.61007780181047,11341404
2010-06-04,9.535436630249023,9.563426898859296,9.376823625133156,9.404813893743427,6442586
2010-06-07,9.404812812805176,9.460794233386116,9.320841126831015,9.386152932474525,10768741
2010-06-08,9.386154174804688,9.470124982098541,9.330172746814174,9.395483671307597,6208168
2010-06-09,9.600747108459473,9.64739814717665,9.339502537355655,9.423474229087663,10777705
2010-06-10,9.498116493225098,9.63806873369954,9.488786106581562,9.516776376717521,7999843
2010-06-11,9.628737449645996,9.778020062850654,9.535436261290366,9.610077567892695,12474656
2010-06-15,9.628737449645996,9.628737449645996,9.628737449645996,9.628737449645996,0
2010-06-17,9.638068199157715,9.787350817996254,9.610077930574137,9.638068199157715,7950258
2010-06-18,9.320841789245605,9.600747132453655,9.274190750411838,9.600747132453655,9796625
2010-06-21,9.554095268249512,9.563425653169132,9.28352033414187,9.320840984025875,10515916
2010-06-22,9.554095268249512,9.554095268249512,9.554095268249512,9.554095268249512,0
2010-06-23,9.39548397064209,9.460795787010921,9.3301730440679,9.3301730440679,9294702
2010-06-24,9.339502334594727,9.442133905708738,9.330171949094943,9.386153372299109,5792797
2010-06-25,9.292851448059082,9.386153524985609,9.236870023944254,9.330172100870783,6432042
2010-06-28,9.274191856384277,9.386154718855018,9.264862359340603,9.292852630060956,4701223
2010-06-29,8.817011833190918,9.386152860521971,8.80768144819987,9.27419002021838,9964147
2010-06-30,8.555768013000488,8.8916538932256,8.490457092072024,8.798352704727018,7042584
2010-07-01,8.313183784484863,8.63040980060393,8.294523901663243,8.555768489728221,8619426
2010-07-02,8.173232078552246,8.3411745940056,7.930647357592804,8.303853936149892,13396359
2010-07-05,8.014617919921875,8.135910263144499,7.85600492415341,8.135910263144499,10108324
2010-07-06,8.154570579528809,8.201221620148365,7.893325997771722,7.977297692928005,7264779
2010-07-07,8.238541603088379,8.257202373732833,8.07059822646637,8.163900300099602,6904764
2010-07-08,8.294524192810059,8.481127476549307,8.210552492678735,8.285193806174435,8882623
2010-07-09,8.490457534790039,8.611748997183243,8.117250091951858,8.294523871993512,11377791
2010-07-12,8.527777671813965,8.658399512543296,8.453136365741617,8.5091169003986,8978617
2010-07-13,8.34117317199707,8.49045666776463,8.313182905825755,8.49045666776463,6626056
2010-07-14,8.490457534790039,8.639740156007468,8.415816224181325,8.415816224181325,8656456
2010-07-15,8.331842422485352,8.611746821660521,8.331842422485352,8.471794622072936,6361924
2010-07-16,8.378494262695312,8.406485420128458,8.21055176706927,8.397155034317409,4635277
2010-07-19,8.54643726348877,8.593088300649946,8.247872049328489,8.285192701098524,9841451
2010-07-20,8.807682991027832,8.93830573440001,8.499787350745581,8.565099167328992,16387502
2010-07-21,8.77036190032959,8.863663982377721,8.71438136293639,8.817012941353656,12370841
2010-07-22,8.900984764099121,8.984956461180325,8.714381487137898,8.742371756233428,10798793
2010-07-23,8.919645309448242,9.012946500654529,8.789022574005934,8.88232465500681,12506598
2010-07-26,9.488785743713379,9.694049793048254,9.050267375978065,9.050267375978065,33120758
2010-07-27,9.526106834411621,9.6660590759299,9.358163432753967,9.48878617735377,28407558
2010-07-28,9.526106834411621,9.526106834411621,9.526106834411621,9.526106834411621,0
2010-07-29,9.526106834411621,9.526106834411621,9.526106834411621,9.526106834411621,0
2010-07-30,10.160558700561523,10.47778383461062,10.029935958450977,10.47778383461062,62585937
2010-08-02,10.160558700561523,10.235200013254797,9.964625032293021,10.067256614797614,30354031
2010-08-03,9.992615699768066,10.440463593750156,9.983285312861438,10.197879762740525,26982156
2010-08-04,9.927302360534668,9.992613273433394,9.647397049863127,9.936631855381306,21836906
2010-08-05,9.843332290649414,10.085916992285382,9.759360594714302,9.871322559362918,15014676
2010-08-06,9.983284950256348,9.992615336824084,9.750030624830757,9.80601205444254,14329236
2010-08-09,10.10457706451416,10.11390745085868,9.908643400252336,9.955294442180316,16765706
2010-08-10,9.703378677368164,10.095245978742124,9.703378677368164,10.095245978742124,15322421
2010-08-11,9.712709426879883,9.778020349623741,9.591417077645156,9.628737732040873,8494429
2010-08-12,9.460794448852539,9.63806732010627,9.45146406357747,9.610077054075578,10850757
2010-08-13,9.600747108459473,9.61007749416182,9.460794882102494,9.470124378010286,8602204
2010-08-16,9.899312973022461,10.011274939310427,9.47012499068795,9.600747729587884,16655304
2010-08-17,9.899312973022461,9.992615056493072,9.8340020484698,9.871322703899121,11055941
2010-08-18,10.095246315002441,10.263189703983715,9.871322389557132,9.936633312030036,25426037
2010-08-19,10.011273384094238,10.216537401965772,9.889981940137101,10.076585188295551,20542631
2010-08-20,9.694050788879395,9.945965015936814,9.656730129693306,9.86199331031944,14274801
2010-08-23,9.694050788879395,9.694050788879395,9.694050788879395,9.694050788879395,0
2010-08-24,9.582088470458984,9.71271032806635,9.3581636335134,9.684720057121154,18405769
2010-08-25,9.330172538757324,9.563426852226257,9.330172538757324,9.470124770920847,13778647
2010-08-26,9.376823425292969,9.470124615270294,9.311511613534808,9.330172385407018,9010128
2010-08-27,9.376823425292969,9.432803961320447,9.30218211739328,9.376823425292969,6169042
2010-08-30,9.51677417755127,9.628736122017234,9.414142617572747,9.423473002060186,12724010
2010-08-31,9.423474311828613,9.516775500287626,9.395483154475803,9.516775500287626,10550710
2010-09-01,9.255531311035156,9.53543666761862,9.171559615080657,9.423474702944155,13152032
2010-09-02,9.414143562316895,9.516775132594876,9.330171873091942,9.376822910416308,12300407
2010-09-03,9.39548397064209,9.442135013821359,9.218211074314441,9.423475130426436,14536908
2010-09-06,9.582088470458984,9.628738625436089,9.330173362568202,9.395484291371885,21344476
2010-09-07,9.768689155578613,9.92730213164222,9.488783851360811,9.563425147179634,26319820
2010-09-08,9.983284950256348,10.095246919685275,9.544766569313738,9.703379581786711,33246695
2010-09-09,9.600747108459473,9.973953638607783,9.544765684039948,9.973953638607783,24401891
2010-09-10,9.498116493225098,9.694050163766104,9.34883386610712,9.63806873369954,13776935
2010-09-13,9.554095268249512,9.582086423008374,9.330171368945495,9.488784353401126,15463807
2010-09-14,9.442134857177734,9.610078253919086,9.395483814772401,9.563427211513751,13628976
2010-09-15,9.311511039733887,9.488784802417486,9.292851158806126,9.386153232828496,14482176
2010-09-16,9.115580558776855,9.35816441009023,9.031608849178296,9.311513361447169,13698589
2010-09-17,9.14356803894043,9.311510517041075,9.050265970155483,9.115577774222734,9721866
2010-09-20,9.022276878356934,9.171559495984395,9.003616106256207,9.143569227627893,7556968
2010-09-21,8.975626945495605,9.13423996874634,8.96629655829387,9.050268263520104,5341306
2010-09-27,9.22754192352295,9.29285285337144,9.068928902638316,9.068928902638316,10659896
2010-09-28,10.151226043701172,10.151226043701172,10.067254363252873,10.151226043701172,76106944
2010-09-29,10.916301727294922,11.168216813748339,10.253859439333032,10.44979309886527,197148311
2010-09-30,10.393813133239746,10.58041641691302,9.889983822424584,10.552426146810689,133546445
2010-10-08,10.561753273010254,11.00960194309889,10.085915228896285,10.356490151939305,115897923
2010-10-11,10.748356819152832,11.168214312758465,10.54309281946775,10.683045020738163,100681388
2010-10-12,11.317500114440918,11.569414326279416,10.431133844973443,10.60840674294908,225827937
2010-10-13,10.916301727294922,11.476112437328341,10.776349494683863,11.308169046359396,147920522
2010-10-14,11.15888500213623,11.476110971311467,10.69237643330076,11.186875267123904,156158631
2010-10-15,11.56008243560791,12.119892173657716,10.71103610909206,11.065582721420835,178589967
2010-10-18,11.70003604888916,12.409129358469006,11.298838354559459,11.802667624041018,206390803
2010-10-19,11.923959732055664,12.222525845252376,11.466781511272469,11.662715161578774,122610664
2010-10-20,11.47611141204834,11.802666888897752,11.158885430690127,11.448121145985708,109571916
2010-10-21,11.597404479980469,11.90530009539636,11.289508864564578,11.522763172594468,77239467
2010-10-22,11.494771957397461,11.830658728746455,11.252188154505435,11.410800264560212,86739277
2010-10-25,11.998601913452148,12.045252955461532,11.382810650353221,11.457451961650387,129514127
2010-10-26,11.905301094055176,12.035922948040414,11.588075066157348,11.933291364224205,112578779
2010-10-27,11.634724617004395,12.222525553912298,11.569412808596052,11.802667106267702,100341659
2010-10-28,12.259846687316895,12.614393340474017,11.485442459824478,11.653384955681855,174751297
2010-10-29,12.00793170928955,12.614393445997855,11.485442555904244,11.65338505316652,89449007
2010-11-01,12.390469551086426,12.567743337175903,11.99860221212453,12.063914028481273,110516413
2010-11-02,12.399799346923828,13.136882946560588,12.241186341577157,12.38113946442136,159709013
2010-11-03,11.56008243560791,12.549080084393132,11.466780367702377,12.437118136783171,109805141
2010-11-04,11.718696594238281,11.895969473311357,11.392140213562893,11.476111905153395,72171135
2010-11-05,11.756017684936523,12.166544882694225,11.690705872492767,12.063913305703446,63026160
2010-11-08,11.681376457214355,11.78400803491645,11.49477229441841,11.78400803491645,58392919
2010-11-09,11.774677276611328,11.895969622676713,11.560083741891884,11.672045702153493,53568766
2010-11-10,11.672045707702637,11.756017400387409,11.457451283086606,11.746687014579196,43768797
2010-11-11,11.718696594238281,11.998601046480552,11.578743478322592,11.625394516961155,83258159
2010-11-12,10.767019271850586,11.830659281126758,10.70170834761424,11.494772494095015,84540806
2010-11-15,10.58974552154541,10.906970620489224,10.263189147304278,10.813669434844996,46862682
2010-11-16,10.0579252243042,10.599075132211459,9.936632880836083,10.599075132211459,45070582
2010-11-17,9.778020858764648,10.011275183332064,9.330172982696634,9.796681631831465,37639708
2010-11-18,9.983284950256348,10.104577306253011,9.84333271091885,9.84333271091885,31733784
2010-11-19,9.964624404907227,10.10457663494688,9.582087478990566,10.039265712900987,32093264
2010-11-22,9.927302360534668,10.029933922203304,9.759358996172853,9.768689380813942,30531569
2010-11-23,9.51677417755127,9.834000131768718,9.348831705749545,9.796679483613397,35211485
2010-11-24,9.684718132019043,9.731369167517652,9.33950189300053,9.442133459261875,24798973
2010-11-25,9.806011199951172,9.852662238930067,9.572756894851256,9.731369893502764,35438457
2010-11-26,9.666057586669922,9.787349925868957,9.507444596163069,9.731369393804489,27414266
2010-11-29,9.535436630249023,9.656728980619665,9.42347466601334,9.619408325874437,23659941
2010-11-30,9.423474311828613,9.63806784609945,9.162228848636428,9.516775500287626,35289960
2010-12-01,9.488785743713379,9.554096668131226,9.34883350859096,9.414144433008808,16758381
2010-12-02,9.554095268249512,9.694048372660381,9.54476488332989,9.65672772277638,23500004
2010-12-03,9.470125198364258,9.563427283880948,9.376824002642199,9.563427283880948,17415972
2010-12-06,9.479455947875977,9.591417920906638,9.376824361713204,9.563427650097639,20156099
2010-12-07,9.582088470458984,9.656729786175957,9.283522317796427,9.479455994002146,20945074
2010-12-08,9.535436630249023,9.722039903975164,9.51677585797911,9.61007793973948,24526773
2010-12-09,9.386154174804688,9.526106410089056,9.376823788507167,9.498116140991105,15506224
2010-12-10,9.51677417755127,9.591415473861913,9.302180673106783,9.330170936774664,16202140
2010-12-13,9.824670791625977,9.852661948063705,9.526105574646467,9.591416493412101,35869451
2010-12-14,9.759360313415527,9.843332006930282,9.684719005801206,9.824671235129415,27326163
2010-12-15,9.694050788879395,9.824672651133351,9.666059627143802,9.759361720006373,25642965
2010-12-16,9.554095268249512,9.684717987740761,9.52610500328513,9.67538760282114,17392920
2010-12-17,9.684718132019043,9.815340853456247,9.535435530259091,9.591416061021826,23324583
2010-12-20,9.507445335388184,9.806011458859423,9.330172450341315,9.79668107285838,26070757
2010-12-21,9.67538833618164,9.73136976014808,9.451464419904976,9.535436110957363,22324327
2010-12-22,9.712709426879883,9.973954007649903,9.694049544579318,9.796681121718894,37239009
2010-12-23,9.880653381347656,10.179218633579733,9.628738282430863,9.69405009870261,51665821
2010-12-24,9.619407653808594,9.834001181152296,9.498115311912118,9.750029491393619,22825376
2010-12-27,9.39548397064209,9.787351309676513,9.3301730440679,9.610078413348864,25543755
2010-12-28,9.199548721313477,9.386152861985567,9.190219226115461,9.386152861985567,21388269
2010-12-29,9.246199607849121,9.320840907000306,9.14356804396486,9.236869223006606,14004294
2010-12-30,9.236869812011719,9.302181620279582,9.0782568187526,9.246200197449204,15666526
2010-12-31,9.460794448852539,9.48878471488323,9.171558733887014,9.218209770467842,21267451
2011-01-04,9.694050788879395,9.796682379192461,9.51677699039945,9.563428036830736,30983549
2011-01-05,9.544764518737793,9.638066584781077,9.48878399094738,9.638066584781077,19085013
2011-01-06,9.59141731262207,9.722040051104456,9.516776002002024,9.526106388278182,16016043
2011-01-07,9.638068199157715,9.85266263108406,9.498115966445235,9.591417158322024,27700883
2011-01-10,9.39548397064209,9.675389339923056,9.3301730440679,9.563427370169597,21860975
2011-01-11,9.460794448852539,9.48878471488323,9.292851073079362,9.320841339110054,12651304
2011-01-12,9.498116493225098,9.56342742014055,9.386154522886613,9.498116493225098,10656916
2011-01-13,9.488785743713379,9.600747709770236,9.451465088361093,9.544766281844502,12735544
2011-01-14,9.302183151245117,9.526107099831268,9.283522377298933,9.451465783635886,16610937
2011-01-17,9.068927764892578,9.376823380972134,9.05026699310857,9.292851687533242,18622666
2011-01-18,9.134238243103027,9.19021966594272,8.984955635256549,9.022276287218169,10795077
2011-01-19,9.339502334594727,9.358162215799759,9.040936227163405,9.134238302572168,15991740
2011-01-20,9.74069881439209,10.263188818478774,9.339502038366367,9.38615307459108,82867779
2011-01-21,9.889983177185059,10.029935408360629,9.488785476116366,9.60074743901574,55808725
2011-01-24,9.722039222717285,9.917972868848613,9.610077266327174,9.79668052697736,25006352
2011-01-25,9.460794448852539,9.778019540054242,9.423473797546778,9.722039007992858,20726207
2011-01-26,9.694050788879395,9.796682379192461,9.432805284782077,9.498117105703757,19453321
2011-01-27,9.834002494812012,9.9366340794522,9.535437237826262,9.60074816534323,35094137
2011-01-28,9.74069881439209,9.843331272045363,9.610076980716299,9.843331272045363,22217479
2011-01-31,9.694050788879395,9.768692107251571,9.58208881132113,9.731371448065483,24993721
2011-02-01,9.964624404907227,10.113907020894745,9.731370094978084,9.843332056968723,42328012
2011-02-09,9.666057586669922,10.048595374818197,9.591416284054286,9.964623686926977,27455796
2011-02-10,9.936634063720703,9.964625223864791,9.51677644930054,9.62873842049294,27708632
2011-02-11,9.917972564697266,10.0579247834444,9.843331262726192,9.945962830487792,27948916
2011-02-14,10.179218292236328,10.225869333781883,9.871322663748114,9.917973705293669,53376125
2011-02-15,10.617735862731934,11.065583692472307,10.104576223808515,10.188547914333471,97739172
2011-02-16,10.664387702941895,10.683047585687381,10.43113338495835,10.599075888846167,54503012
2011-02-17,10.636395454406738,10.990942088192899,10.56175415148276,10.711036757330717,47176004
2011-02-18,10.403141021728516,10.617735432121986,10.235198537284175,10.617735432121986,42405467
2011-02-21,10.524434089660645,10.599075396766462,10.319170940016928,10.356491593569837,30674152
2011-02-22,10.10457706451416,10.627067132477228,10.09524667816964,10.599075973443671,43768214
2011-02-23,10.0579252243042,10.197878338980276,9.899312228214704,10.06725560990818,26628696
2011-02-24,10.113906860351562,10.216538434765214,9.964624246733683,10.020604781943105,20920947
2011-02-25,10.029934883117676,10.160557611223847,9.880652273736073,10.151227225688862,26088523
2011-02-28,10.029934883117676,10.029934883117676,10.029934883117676,10.029934883117676,0
2011-03-01,10.235198020935059,10.440461145989007,10.15122633805187,10.216537251496812,37649402
2011-03-02,10.095246315002441,10.216538663733962,9.983284352279787,10.169887623484211,22662228
2011-03-03,10.011273384094238,10.197877522047163,9.992613504175631,10.09524506821416,20933302
2011-03-04,10.347161293029785,10.35649167894357,10.001945022370943,10.076586330092066,35584262
2011-03-07,10.524434089660645,10.627066554277071,10.272519900627149,10.365821089612139,48918440
2011-03-08,10.459122657775879,10.52443357585634,10.356491087964509,10.44979227239452,31880520
2011-03-09,10.403141021728516,10.54309413019239,10.375150755953543,10.496443094037765,23804970
2011-03-10,10.123236656188965,10.356490948821941,10.104575885676962,10.356490948821941,27195323
2011-03-11,10.039265632629395,10.337830862217174,10.011274475009612,10.076586286327867,24331990
2011-03-14,10.001944541931152,10.048595579464633,9.889982585727518,9.955293504397671,20936939
2011-03-15,9.74069881439209,9.964623610311817,9.516774908266871,9.964623610311817,30737769
2011-03-16,10.711038589477539,10.711038589477539,9.815342801179044,9.815342801179044,95595068
2011-03-17,10.403141021728516,10.953621290805172,10.300509454023945,10.822999457325631,125225054
2011-03-18,10.30984115600586,10.636396671207496,10.263190113892877,10.449793392550188,46864314
2011-03-21,10.524434089660645,10.571085129050424,10.23519924707424,10.375151475449007,42390005
2011-03-22,10.393813133239746,10.543095760178364,10.235200119668802,10.50577510344371,31991460
2011-03-23,10.41247272491455,10.496444422662993,10.244529329417665,10.319171530589873,30655377
2011-03-24,10.356491088867188,10.720367220826644,10.319170437133025,10.477782539657323,38528596
2011-03-25,10.533764839172363,10.673717072378937,10.337831178806402,10.412472488489186,45111588
2011-03-28,10.888310432434082,11.382809282817135,10.533763801470634,10.58041483787534,114735760
2011-03-29,10.850990295410156,11.252187981787833,10.72969795092866,10.860320681092091,84568345
2011-03-30,10.8976411819458,11.149555363280648,10.72036741564115,10.850990143981706,71159550
2011-03-31,10.608405113220215,11.084244083340618,10.543094196072339,10.916300708052356,52908474
2011-04-01,10.655056953430176,10.673716835539528,10.431133029350473,10.543094991390324,36364773
2011-04-06,10.729697227478027,10.860319948834212,10.412471254037644,10.561753855705003,49035086
2011-04-07,10.850990295410156,11.065583827327343,10.72969795092866,10.804339256795034,45927634
2011-04-08,11.000272750854492,11.056254174356184,10.748358569583235,10.897641179195023,55971718
2011-04-11,11.186877250671387,11.532093546044669,10.888311998412254,11.102905551024845,103384537
2011-04-12,11.233528137207031,11.466782459731924,10.916302116206037,11.02826408424263,89705263
2011-04-13,11.121565818786621,11.205537514617204,10.990943081961873,11.102905046471115,46088983
2011-04-14,11.121565818786621,11.121565818786621,11.121565818786621,11.121565818786621,0
2011-04-15,11.037593841552734,11.392140498356806,10.916301493978086,11.112235149322583,47274053
2011-04-18,10.906972885131836,11.140227232365401,10.804341292675167,10.962954319977568,37864238
2011-04-19,10.477782249450684,10.82299938067325,10.356490802019998,10.776348344849024,48947996
2011-04-20,10.608405113220215,10.67371603036809,10.477782389129953,10.505773544874337,25884070
2011-04-21,10.580416679382324,10.711038536296641,10.524435247994283,10.66438838156705,30883167
2011-04-22,10.421801567077637,10.561753782725116,10.337829881771354,10.496442867395558,32151040
2011-04-25,10.085917472839355,10.384482726127782,9.983284999675478,10.375152339513859,40865388
2011-04-26,10.095246315002441,10.207208277725096,10.02993539252954,10.07658643277929,19719864
2011-04-27,9.973954200744629,10.235199676366921,9.843332352728087,10.151227979902227,21261938
2011-04-28,9.712709426879883,10.067256088536489,9.694049544579318,9.992614779745054,20881025
2011-04-29,9.917972564697266,9.93663244529278,9.712708539379562,9.787349841350634,13709898
2011-05-03,9.917972564697266,9.917972564697266,9.917972564697266,9.917972564697266,0
2011-05-04,9.647397994995117,9.973953481275046,9.572756690142874,9.964623985514422,21544043
2011-05-05,9.656726837158203,9.69404748361953,9.544764007979822,9.610075806632944,15834941
2011-05-06,9.507445335388184,9.572757147600889,9.339502836342357,9.479455067179643,20801034
2011-05-09,9.526106834411621,9.600748148527323,9.479455790640644,9.50744606098537,13105736
2011-05-10,9.656726837158203,9.69404748361953,9.535434513710289,9.535434513710289,14047948
2011-05-11,9.582088470458984,9.703379941153061,9.53543742568721,9.647399399262667,11369749
2011-05-12,9.367493629455566,9.4981163714058,9.320842586630866,9.4981163714058,19337760
2011-05-13,9.535436630249023,9.544766126589384,9.348833356522883,9.386154011268111,12345651
2011-05-16,9.432804107666016,9.55409645733345,9.423474611379746,9.526106188885455,10729011
2011-05-17,9.498116493225098,9.65672950698661,9.264862165904596,9.470125333294494,19557830
2011-05-18,9.544764518737793,9.55409490330101,9.43280257336252,9.43280257336252,10874029
2011-05-19,9.442134857177734,9.600747867479093,9.414144587652384,9.582087984393736,10523760
2011-05-20,9.554095268249512,9.647397337856757,9.488784353401126,9.516774618365508,15393134
2011-05-23,9.255531311035156,9.48878562655561,9.236870538692113,9.470124854212566,20237272
2011-05-24,9.376823425292969,9.442134347256554,9.068927807758104,9.255531077507328,16196494
2011-05-25,9.255531311035156,9.451464971664121,9.22754104231519,9.311511848475089,12009257
2011-05-26,9.246199607849121,9.451463625412115,9.236869223006606,9.376822326260932,9861850
2011-05-27,9.190218925476074,9.358161400874776,9.162227771414242,9.283520102965474,11173447
2011-05-30,9.078256607055664,9.218209715970762,9.068927111630265,9.190219450105545,10106700
2011-05-31,9.078256607055664,9.078256607055664,9.078256607055664,9.078256607055664,0
2011-06-01,9.190218925476074,9.227539574430725,9.124907122459591,9.152898276521423,11315939
2011-06-02,9.218210220336914,9.274190755130272,9.087587489494819,9.134238528352322,13941792
2011-06-03,9.358162879943848,9.395483534797075,9.152899723148401,9.218210646692897,14267136
2011-06-07,9.451464653015137,9.498115692505342,9.292851652625178,9.33017230625843,14064018
2011-06-08,10.393813133239746,10.393813133239746,10.179218689669499,10.393813133239746,85486340
2011-06-09,10.151226043701172,10.832328092147256,10.085915132150022,10.580413940596799,151931412
2011-06-10,9.796680450439453,9.983283709631776,9.61007719124713,9.94596305779331,65861602
2011-06-13,10.776350021362305,10.776350021362305,9.806012062396556,9.871322988834415,129106108
2011-06-14,10.776350021362305,10.776350021362305,10.776350021362305,10.776350021362305,0
2011-06-15,10.776350021362305,10.776350021362305,10.776350021362305,10.776350021362305,0
2011-06-16,10.776350021362305,10.776350021362305,10.776350021362305,10.776350021362305,0
2011-06-17,9.889983177185059,10.47778325995812,9.843332136861672,10.412472337382132,77239712
2011-06-20,9.936634063720703,10.095247078691933,9.703379734621207,9.750030778400037,43389486
2011-06-21,9.778020858764648,10.029935956398882,9.507445877858231,10.029935956398882,56202222
2011-06-22,9.74069881439209,9.927302959290946,9.666057512350351,9.759359584799778,41946222
2011-06-23,9.796680450439453,9.824670716869669,9.43280342766853,9.638067457677346,48849913
2011-06-24,10.001944541931152,10.384481448075535,9.61940763578677,9.67538816899132,71665061
2011-06-27,10.076586723327637,10.132567261405814,9.917973715781782,9.98328464013786,40217637
2011-06-28,10.33782958984375,10.40314050332901,10.076585046108253,10.076585046108253,62862574
2011-06-29,10.048595428466797,10.403141172886697,10.029934657816002,10.403141172886697,44283852
2011-06-30,10.272520065307617,10.384482027761225,10.0485961404004,10.0485961404004,44932517
2011-07-01,10.179218292236328,10.384482341160005,10.151228023226837,10.30984103060496,34327191
2011-07-04,10.403141021728516,10.496443094037765,10.179217115939725,10.197877886319377,53524571
2011-07-05,10.50577449798584,10.571085421058893,10.281850570482861,10.384482148139744,54558514
2011-07-06,10.36582088470459,10.533764267270126,10.291179579074253,10.41247192317219,35385655
2011-07-07,10.123236656188965,10.431132251280932,10.104575885676962,10.36582044428343,42975911
2011-07-08,10.085917472839355,10.188549056208592,10.020605656336532,10.169888282980745,24947508
2011-07-11,10.16988754272461,10.225868968538677,9.973953887067239,10.011274541011758,19956323
2011-07-12,9.78735065460205,10.048596123002744,9.768690772456047,10.048596123002744,33619219
2011-07-13,9.973954200744629,10.029935628319294,9.815342083838058,9.815342083838058,20125291
2011-07-14,10.076586723327637,10.179218303000702,9.98328464013786,10.011274909176949,22959153
2011-07-15,10.244528770446777,10.337830849475244,10.029935234393701,10.076586273907935,32633005
2011-07-18,10.347161293029785,10.48711352255825,10.216538559620531,10.253859213481093,39000693
2011-07-19,10.160558700561523,10.375152252106027,10.029935958450977,10.375152252106027,27268244
2011-07-20,10.067255020141602,10.32849957318685,9.955293068836495,10.291178922751815,27024153
2011-07-21,9.88176441192627,10.218005604866917,9.835064023556113,10.133945974683622,25248881
2011-07-22,9.88176441192627,10.003185065394348,9.825724658470739,9.891104667747465,17158834
2011-07-25,9.55486011505127,9.853741988946329,9.526840245563967,9.835061482131067,25961096
2011-07-26,9.694962501525879,9.704302756145067,9.536181735942515,9.554861354445183,13646348
2011-07-27,9.984503746032715,10.133945154874976,9.508162317252149,9.545522446778776,37447133
2011-07-28,9.9378023147583,10.171303301461625,9.89110193927052,9.92846206151363,33067331
2011-07-29,9.676280975341797,9.984502219496287,9.63892085152718,9.90044260896511,18395565
2011-08-01,9.751001358032227,9.928462616661381,9.713641233700136,9.713641233700136,11947634
2011-08-02,9.610901832580566,9.713641959486475,9.489481196745025,9.713641959486475,14468562
2011-08-03,9.55486011505127,9.769681489748832,9.470800506589363,9.508160629484296,13184218
2011-08-04,9.582881927490234,9.666942435917713,9.526841291626685,9.610901800054165,10149787
2011-08-05,9.284000396728516,9.340041034861402,9.069179880479851,9.340041034861402,26033717
2011-08-08,8.611517906188965,9.209279950037972,8.359336375888386,9.209279950037972,35101948
2011-08-09,8.592836380004883,8.639536756837613,8.041773892997004,8.387355256382236,32198858
2011-08-10,8.667557716369629,8.807658864481999,8.630197588353473,8.760958481777875,24716310
2011-08-11,8.760957717895508,8.770297971769082,8.406036087320372,8.480756336837702,16758942
2011-08-12,8.798318862915039,8.975779253413254,8.77963835300168,8.807659117871719,14474509
2011-08-15,8.901058197021484,8.966439085119415,8.75161769405877,8.798318073918534,12192772
2011-08-16,8.835678100585938,8.966438984579938,8.807658229278527,8.94775847655123,10696372
2011-08-17,8.873037338256836,9.013137571514035,8.863697085176874,8.873037338256836,8860617
2011-08-18,8.64887809753418,8.919739248329126,8.630197588158667,8.873038865626055,11460709
2011-08-19,8.527456283569336,8.583496022501203,8.406035661569506,8.452736037836454,11058565
2011-08-22,8.452736854553223,8.61151761476114,8.415376728076987,8.53679736180867,9042280
2011-08-23,8.546135902404785,8.57415666261539,8.452736040576205,8.452736040576205,9171867
2011-08-24,8.508777618408203,8.639538522110431,8.499438253721873,8.583497880313539,7619281
2011-08-25,8.816998481750488,8.835678991663123,8.527457703990574,8.54613732316747,16301436
2011-08-26,8.751617431640625,8.798317810100073,8.676897182399763,8.77963730242204,11778676
2011-08-29,8.555475234985352,8.686236096354325,8.555475234985352,8.686236096354325,10745670
2011-08-30,8.555475234985352,8.742275829272817,8.51811511612786,8.676895843956077,10992129
2011-08-31,8.583497047424316,8.676897811110848,8.499437428989273,8.592837301940108,7551736
2011-09-01,8.574156761169434,8.676896877582477,8.546136000636748,8.592836377455622,7629566
2011-09-02,8.499438285827637,8.620858043830621,8.45273789927645,8.536798416921428,6244079
2011-09-05,8.209896087646484,8.471416988925037,8.107155956256701,8.471416988925037,16465065
2011-09-06,8.21923542022705,8.275275161702007,8.0791342850684,8.172535041840835,8482775
2011-09-07,8.349995613098145,8.378016375250034,8.20055511123067,8.293955870265668,8094519
2011-09-08,8.265935897827148,8.434056015005547,8.265935897827148,8.406036143931754,7105695
2011-09-09,8.284616470336914,8.406037113306295,8.23791608600473,8.378017239001283,7055141
2011-09-13,8.144515991210938,8.200555738328784,8.088475353357369,8.200555738328784,6069697
2011-09-14,8.088475227355957,8.209895865200775,7.845633951666321,8.172535737458961,12818802
2011-09-15,8.032435417175293,8.163195417862973,8.02309516263026,8.088475162974099,9498442
2011-09-16,8.069795608520508,8.125835354763066,8.004414716923248,8.107155736260781,7969734
2011-09-19,7.901674270629883,8.02309490358791,7.8923340163864175,8.02309490358791,5839801
2011-09-20,7.929694175720215,7.96705430211433,7.8269540508203175,7.8269540508203175,4748307
2011-09-21,8.181875228881836,8.284615347904406,7.864313727330369,7.939033975844171,13602163
2011-09-22,7.901674270629883,8.163195154297195,7.8923340163864175,8.116494773815544,9507137
2011-09-23,7.808273792266846,7.9016745566105495,7.612132899733631,7.836294556011379,10356969
2011-09-26,7.780254364013672,8.144516296894183,7.724214614792518,7.733553979172208,9461030
2011-09-27,7.854973316192627,7.929693563209263,7.770912815615009,7.873653823314589,8094078
2011-09-28,7.686853408813477,7.929694691539667,7.668173789769164,7.892334562715309,11439645
2011-09-29,7.574772357940674,7.724213750866007,7.56543299460556,7.640153245700399,10552550
2011-09-30,7.565433025360107,7.6681731483492515,7.5467525171426315,7.584112642841926,7957798
2011-10-10,7.593453884124756,7.6681741452372245,7.584113628801753,7.593453884124756,7445469
2011-10-11,7.658833026885986,7.798934168736533,7.602793282734306,7.733553279578675,7981648
2011-10-12,7.854973316192627,7.864313569753608,7.602792705195381,7.612132068020756,16860214
2011-10-13,7.957714557647705,8.032434806859225,7.798933805389314,7.854973546930139,18439021
2011-10-14,7.892333984375,7.9483746188728155,7.808273477996111,7.9203538562560745,8953360
2011-10-17,7.882994174957275,7.957715322082296,7.864314556227808,7.939034812617112,6824531
2011-10-18,7.677513599395752,7.901674359341517,7.6588330906990985,7.845633723987236,10414523
2011-10-19,7.658833026885986,7.845633658617708,7.640153409080651,7.677513535426995,6082437
2011-10-20,7.453352451324463,7.649492895099461,7.406652069959845,7.621473022574966,9854210
2011-10-21,7.415992736816406,7.55609344333404,7.3973126723052465,7.4720329303498865,6554038
2011-10-24,7.6027936935424805,7.6494931859470086,7.406652351574146,7.4626925441217296,7789183
2011-10-25,7.6027936935424805,7.6027936935424805,7.6027936935424805,7.6027936935424805,0
2011-10-26,7.798933982849121,7.864313979712975,7.705533223841628,7.705533223841628,19302678
2011-10-27,7.808273792266846,7.854974174438698,7.742893791667675,7.780253919258016,11894602
2011-10-28,7.920353412628174,8.00441391429874,7.854973418322452,7.939033919993018,15711794
2011-10-31,7.845633506774902,7.957714774380411,7.780253509618069,7.892333886487921,10723260
2011-11-01,7.780254364013672,7.920354627802309,7.724214614792518,7.7522344894030955,16660857
2011-11-02,7.873653888702393,7.882993251605328,7.630812638513814,7.686852378873878,13737280
2011-11-03,7.957714557647705,8.125834673005812,7.864313800765487,7.901673925371248,21978454
2011-11-04,8.02309513092041,8.135175512810743,7.976394749115514,8.01375487641229,15548210
2011-11-07,7.967053413391113,8.079133780070917,7.939033544405056,7.957714050886144,10004235
2011-11-08,7.939034461975098,8.079134713833328,7.920353953334971,8.013754715064245,10080841
2011-11-09,7.967053413391113,8.05111391108486,7.826953177725255,7.995074173112745,8763358
2011-11-10,7.761573791503906,7.864313912951448,7.752233537535318,7.8362940417813265,11926299
2011-11-11,7.798933982849121,7.854973725665094,7.7428933492974945,7.808273346161348,6873701
2011-11-14,7.920353412628174,7.985734297669512,7.836293801693225,7.836293801693225,10568838
2011-11-15,7.929694175720215,7.9763945563967775,7.882993795043653,7.939034430002662,8833250
2011-11-16,7.696194171905518,7.939035470667222,7.668174296120949,7.939035470667222,11843030
2011-11-17,7.705533504486084,7.789594012507278,7.6961932500980215,7.752233885690712,7784921
2011-11-18,7.565433025360107,7.68685276583107,7.537412263033894,7.6681731483492515,9600194
2011-11-21,7.593453884124756,7.612133504034986,7.537413242922518,7.565434008891524,4908054
2011-11-22,7.528072834014893,7.649492573427056,7.472032200586805,7.556092705361111,6953322
2011-11-23,7.472032070159912,7.5747721904597825,7.434671945438538,7.537412065738408,7839254
2011-11-24,7.453352451324463,7.500052387321236,7.397312260907628,7.444012196904402,8346610
2011-11-25,7.397312164306641,7.500052289378572,7.387971910008553,7.45335235399165,5694324
2011-11-28,7.406651973724365,7.528073052768301,7.3879719104948,7.4346722912526335,5283055
2011-11-29,7.481372356414795,7.500051973488538,7.415991915185416,7.472032102510104,5975281
2011-11-30,7.173151016235352,7.481372729962485,7.098430762738292,7.472032475591432,10817322
2011-12-01,7.378632068634033,7.490712892879064,7.173150928658007,7.378632068634033,12731891
2011-12-02,7.294571399688721,7.350611587881966,7.238531211495475,7.331931525150884,7456181
2011-12-05,7.210511207580566,7.369291970368206,7.201171398493682,7.369291970368206,7236611
2011-12-06,7.154470920562744,7.2291911737224845,7.0984307306929395,7.191831047142615,4970022
2011-12-07,7.163811206817627,7.210511142566666,7.117110825700746,7.210511142566666,4899191
2011-12-08,7.173151016235352,7.275891587477729,7.08909095373508,7.173151016235352,5143093
2011-12-09,7.145130634307861,7.210510628771339,7.126450572265752,7.163810696349971,4188728
2011-12-12,7.033050060272217,7.173150298884561,7.023709806835236,7.145130429309211,4352380
2011-12-13,6.836909770965576,7.061070528029447,6.836909770965576,6.977010021446578,7837010
2011-12-14,6.6314287185668945,6.846249669586863,6.6314287185668945,6.836909860603998,5356572
2011-12-15,6.332547187805176,6.538027867684866,6.332547187805176,6.538027867684866,11003283
2011-12-16,6.388587951660156,6.435287887722655,6.248487252736973,6.248487252736973,9157121
2011-12-19,6.17376708984375,6.369907982156923,5.921586006207934,6.351227918382709,15435030
2011-12-20,6.136406898498535,6.2204669619246475,6.071026453284584,6.1644267711846235,8951666
2011-12-21,5.96828556060791,6.211126819483187,5.958945752003073,6.164426440355534,6439178
2011-12-22,6.014986038208008,6.108386352624564,5.818845155249325,5.9309255325491925,10149830
2011-12-23,6.09904670715332,6.183106769694801,5.95894600909373,5.977626072477153,7983842
2011-12-26,6.089705944061279,6.1924465067713745,5.986965381351183,6.014985696769502,6429871
2011-12-27,5.986965179443359,6.1177260531619195,5.97762537153077,6.089705738688574,5213069
2011-12-28,6.014986038208008,6.024325846965748,5.884225598024829,6.0056457840824375,8030934
2011-12-29,5.930925369262695,6.005645618738789,5.902905498393069,5.968285494000742,7816418
2011-12-30,5.996306419372559,6.024326293088582,5.930925971755399,5.9682861002886725,8906071
2012-01-04,5.8935651779174805,6.071025991101508,5.884225369522433,6.043005675180741,10124853
2012-01-05,5.762804985046387,5.949605614477456,5.753464730890918,5.902905679803604,9909301
2012-01-06,5.837525367736816,5.846865622101759,5.706764924202507,5.790824986647785,7287228
2012-01-09,6.04300594329834,6.108386386435738,5.7441249355109925,5.837525250444538,13704514
2012-01-10,6.360568046569824,6.388588366320296,6.005646371692502,6.024326436403526,23513177
2012-01-11,6.369907855987549,6.444628109604414,6.3138676657749,6.332547729179116,14249251
2012-01-12,6.379248142242432,6.472648466250867,6.304527883035684,6.332548202922152,10997029
2012-01-13,6.332547187805176,6.4446275586486435,6.248486686988673,6.388587373226909,14321585
2012-01-16,6.211127758026123,6.332548405811233,6.173767627225764,6.173767627225764,7708866
2012-01-17,6.836909770965576,6.836909770965576,6.211126989443852,6.211126989443852,28580724
2012-01-18,6.696808815002441,7.163810819447601,6.659448690276253,6.911629754861927,33942777
2012-01-19,6.743509292602539,6.808889738835175,6.584728972382457,6.63142890937618,17484209
2012-01-20,6.743509292602539,6.808889738835175,6.687469100989359,6.743509292602539,10634638
2012-01-30,6.668788909912109,6.7995497998831365,6.650108846397369,6.790209545441844,10211457
2012-01-31,6.659449100494385,6.724829100108673,6.622088973466836,6.631428782539801,7255665
2012-02-01,6.4352874755859375,6.6687884770478,6.407267604816491,6.6314283524433275,11486353
2012-02-02,6.575388431549072,6.584728685761966,6.425947927085449,6.463308053201355,9108011
2012-02-03,6.5940680503845215,6.631428173983588,6.491327487803186,6.538027864985922,9252406
2012-02-06,6.575388431549072,6.640768874935824,6.528688051220273,6.603408748819918,7274888
2012-02-07,6.500668048858643,6.594068362274003,6.425947798126354,6.547368428250236,7631372
2012-02-08,6.76218843460083,6.82756887192031,6.472647261387923,6.500667576058498,17400851
2012-02-09,6.715489387512207,6.771529578858619,6.640769132383658,6.7435092605014875,13704007
2012-02-10,6.734169960021973,6.790210155601897,6.678129764442048,6.706149639548068,11031852
2012-02-13,6.724828720092773,6.790209161380298,6.6594487241730675,6.69680884908942,10257596
2012-02-14,6.687468528747559,6.7808692854784764,6.678128720295156,6.734168907113017,7662753
2012-02-15,6.808889865875244,6.86493005853402,6.678129416338101,6.678129416338101,16953812
2012-02-16,6.76218843460083,6.808888810595858,6.724828311951926,6.76218843460083,12629427
2012-02-17,6.752849578857422,6.827569834691706,6.724829260235637,6.808889770733136,8771658
2012-02-20,6.76218843460083,6.855589186590884,6.752848626622501,6.836909125266432,8517683
2012-02-21,6.79020881652832,6.818229131476436,6.678128447471452,6.818229131476436,9887320
2012-02-22,6.855589866638184,6.855589866638184,6.762189105383144,6.799549677105862,12521911
2012-02-23,6.902290344238281,6.911630599244821,6.818230276018784,6.8275700856574515,17954635
2012-02-24,6.93964958190918,6.958329644154337,6.827569208438237,6.902289457418866,18721649
2012-02-27,7.051730632781982,7.210510944406506,6.948990064369079,6.958329873115073,28606226
2012-02-28,7.0890913009643555,7.0890913009643555,6.977010469861117,7.042390917557351,16555381
2012-02-29,7.014369964599609,7.173150263944712,6.9956894578166375,7.070410148845139,14167648
2012-03-01,6.958329677581787,7.0050300561029335,6.911629744428458,6.986349993768038,7591208
2012-03-02,7.0423903465271,7.061070409301661,6.948990032654292,6.948990032654292,10505531
2012-03-05,6.9863505363464355,7.079750855274626,6.977010281769691,7.023710663917711,13996239
2012-03-06,6.846249580383301,6.977010022014536,6.8275695172931234,6.967670213153365,10872543
2012-03-07,6.752849578857422,6.818230025396349,6.706149196277066,6.799549961437777,11928012
2012-03-08,6.855589866638184,6.930310119347945,6.734169233300903,6.752849296478343,12631768
2012-03-09,6.846249580383301,6.911630023882836,6.734169201842241,6.883609706563654,11136672
2012-03-12,6.892950057983398,6.958330057036958,6.780869677862004,6.855589931276267,14710864
2012-03-13,6.9489898681640625,6.967669930496447,6.836909494169759,6.902289489649195,15369186
2012-03-14,6.678128719329834,7.1544705298967095,6.351227406922321,6.977009715648559,47154904
2012-03-15,6.49132776260376,6.659448771284513,6.472647700013434,6.603408583513536,23198687
2012-03-16,6.575388431549072,6.603408748819918,6.4446279901434025,6.5380283054331665,12931663
2012-03-19,6.612748622894287,6.64076894044153,6.45396786265153,6.584728750714882,17739260
2012-03-20,6.4446282386779785,6.5753886851263745,6.425948174899637,6.528688302996593,16066136
2012-03-21,7.0890913009643555,7.0890913009643555,6.397928031527149,6.491328352973295,127921025
2012-03-22,6.892950057983398,7.0517308191726285,6.771529423501301,7.0517308191726285,61955592
2012-03-23,6.780869007110596,6.892949376145202,6.687468254213961,6.818229130122131,44719790
2012-03-26,6.752849578857422,6.855590153313491,6.659449259064565,6.752849578857422,21928413
2012-03-27,6.584728240966797,7.070410293033819,6.566048179170673,6.780869112509999,40678713
2012-03-28,6.20178747177124,6.622089609234957,6.16442734115685,6.603409543927762,33451336
2012-03-29,6.080366134643555,6.201786313785023,6.024325503817887,6.192446505559282,21717013
2012-03-30,6.136406898498535,6.173767025658551,6.071026453284584,6.145746707604616,12333571
2012-04-05,6.360568046569824,6.369908301609272,6.192447464170612,6.2578274679752575,25730831
2012-04-06,6.304527282714844,6.3979275978296455,6.267167156668924,6.351227662956161,16935603
2012-04-09,6.257826805114746,6.351227564144259,6.239146742382409,6.313867438679584,12126914
2012-04-10,6.313868045806885,6.323207855387236,6.117727145572964,6.239147342324735,12547598
2012-04-11,6.2391462326049805,6.323206730716141,6.1831060489868035,6.2391462326049805,11506570
2012-04-12,6.379248142242432,6.388588397327212,6.248487688630623,6.267167753432309,18683381
2012-04-13,6.41660737991333,6.453967504323507,6.360567193298065,6.397927317708242,16941076
2012-04-16,6.379248142242432,6.4166082718458055,6.332548202922152,6.3512282677238385,9644216
2012-04-17,6.313868045806885,6.397928113501516,6.304527790858665,6.397928113501516,9235343
2012-04-18,6.453968048095703,6.47264811187466,6.313867792437449,6.360567729200917,14924527
2012-04-19,6.4352874755859375,6.4726476001904105,6.388587542514255,6.453967537888174,10053031
2012-04-20,6.538028240203857,6.575388365947025,6.397927545983066,6.425947862974357,16657336
2012-04-23,6.472647666931152,6.594068295831589,6.444627795872787,6.519348045852188,11796368
2012-04-24,6.538028240203857,6.631428554561776,6.351227611488022,6.4726477974694,23379487
2012-04-25,6.547369003295898,6.566049067619613,6.425948362507824,6.52868849360432,15259167
2012-04-26,6.706149101257324,6.883609929033228,6.556708591706183,6.566048846237054,34164604
2012-04-27,6.612748622894287,6.715489193410396,6.566048687472666,6.715489193410396,14744480
2012-05-02,6.752849578857422,6.902290090525992,6.622089131147423,6.687469132318494,32359906
2012-05-03,6.724828720092773,6.892949727584176,6.69680884908942,6.752849036463947,27302140
2012-05-04,6.724828720092773,6.724828720092773,6.724828720092773,6.724828720092773,0
2012-05-07,7.005030632019043,7.369292100181035,6.818229993312343,6.8369100571830135,75243771
2012-05-08,6.902290344238281,7.033051242122605,6.771529891721829,6.939650473528696,49425778
2012-05-09,6.678128719329834,6.818229409038144,6.640768594789994,6.818229409038144,36074748
2012-05-10,6.715489387512207,6.8742701523443,6.603409004819383,6.622089068601521,30691762
2012-05-11,6.6314287185668945,6.827569606253293,6.62208890958403,6.706148971901173,22430565
2012-05-14,6.510007858276367,6.706148739155438,6.491327795591114,6.6687886137849315,23298266
2012-05-15,6.453968048095703,6.510008239432574,6.369907983774321,6.425948175111192,15543494
2012-05-16,6.276507377624512,6.46330846548768,6.248487503934147,6.453968210678984,20943613
2012-05-17,6.388587951660156,6.435287887722655,6.211127125739836,6.276507125300903,16425435
2012-05-18,6.360568046569824,6.444628560453367,6.295187597397305,6.351228236898249,16500972
2012-05-21,6.49132776260376,6.500668016582834,6.304527136700504,6.36056732447148,18421977
2012-05-22,6.472647666931152,6.519348045852188,6.4352875419414515,6.491327729426002,11790388
2012-05-23,6.360568046569824,6.463308625164391,6.323207917147777,6.453968370124942,12101169
2012-05-24,6.332547187805176,6.416607243253874,6.31386712599793,6.323206934217651,8236417
2012-05-25,6.295187473297119,6.388588240378854,6.276507408954345,6.360567921180761,7319942
2012-05-28,6.388587951660156,6.425948078657293,6.1737669987427,6.285847379734109,13677718
2012-05-29,6.481987953186035,6.510007824384126,6.379247386268116,6.397927448856117,17105065
2012-05-30,6.472647666931152,6.500667983357338,6.3979274169517515,6.472647666931152,12813551
2012-05-31,6.41660737991333,6.444627695904869,6.351227384879428,6.379247255503153,10204164
2012-06-01,6.4446282386779785,6.5753886851263745,6.407268111121295,6.407268111121295,17063243
2012-06-04,6.211127758026123,6.332548405811233,6.211127758026123,6.332548405811233,15145316
2012-06-05,6.211127758026123,6.2765077642428055,6.183107437241909,6.211127758026123,7383285
2012-06-06,6.229806900024414,6.285847087918496,6.201786583393461,6.2391467086561825,6003409
2012-06-07,6.164426326751709,6.32320707841818,6.155086518318995,6.304527016184937,7394153
2012-06-08,6.136406898498535,6.248487279978582,6.136406898498535,6.2204669619246475,6971577
2012-06-11,6.276507377624512,6.2951874418740426,6.173767246936024,6.173767246936024,6773308
2012-06-12,6.20178747177124,6.276507733000019,6.16442734115685,6.220467537078435,5736780
2012-06-13,6.2391462326049805,6.257826293811039,6.15508617986161,6.220466171398921,8071924
2012-06-14,6.211127758026123,6.248487888826482,6.192447692625944,6.229807823426302,5979759
2012-06-15,6.2391462326049805,6.257826293811039,6.192446302273727,6.192446302273727,6954594
2012-06-18,6.267166614532471,6.323206798753638,6.23914629973799,6.276506422552101,7533623
2012-06-19,6.192446708679199,6.257826704507349,6.1737666462471825,6.239146642075332,4829154
2012-06-20,6.2391462326049805,6.2858466083040225,6.201786110192862,6.229806424685846,6258785
2012-06-21,6.1177263259887695,6.239146506474031,6.071025948239801,6.239146506474031,7473202
2012-06-25,5.986965179443359,6.1177260531619195,5.97762537153077,6.099045991968952,8240650
2012-06-26,5.96828556060791,6.0243257483404,5.930925435452917,5.986965623185406,6462456
2012-06-27,5.856205940246582,6.024326525121647,5.846866130437463,5.98696639514941,6827104
2012-06-28,5.762804985046387,5.921585742746711,5.753464730890918,5.884225616860498,10227101
2012-06-29,5.762804985046387,5.762804985046387,5.762804985046387,5.762804985046387,0
2012-07-02,5.800165176391602,5.884225683268181,5.772144858976796,5.856205365853376,9324966
2012-07-03,5.800165176391602,5.884225683268181,5.6040242905914734,5.809504985284646,9853636
2012-07-04,5.846866130828857,5.8655461958162265,5.8001657456764955,5.8188458106638645,5940202
2012-07-05,5.781485080718994,5.837525269865564,5.716104637364079,5.809504952608362,6742020
2012-07-06,5.902905464172363,5.930925334879551,5.762804774532979,5.781484836793709,8562176
2012-07-09,5.753465175628662,5.87488581682848,5.744125366119065,5.846865942931824,7246780
2012-07-10,5.790824890136719,5.865545587707426,5.753464764035281,5.781485081295276,5970768
2012-07-11,5.865545272827148,5.90290539692298,5.7721445172197585,5.7908245792676745,8219051
2012-07-12,5.865545272827148,5.921585458970896,5.762804708879705,5.83752495707137,13307641
2012-07-13,5.828185081481934,5.921585843148937,5.8188452725359365,5.846865590109605,7069662
2012-07-16,5.706765174865723,5.8562056883260825,5.69742492009052,5.8562056883260825,8467446
2012-07-17,5.762804985046387,5.809504919720238,5.706764796217065,5.706764796217065,5462469
2012-07-18,5.762804985046387,5.800165110932601,5.67874447911849,5.800165110932601,5897066
2012-07-19,5.800165176391602,5.874885429007301,5.753464795822872,5.781485113237677,8143142
2012-07-20,5.725444316864014,5.818844622732964,5.725444316864014,5.790824308288385,5788729
2012-07-23,5.641384124755859,5.716104373502112,5.622704062569296,5.697424311315549,6519047
2012-07-24,5.641384124755859,5.678744249128986,5.594683746605544,5.650724378533048,8151403
2012-07-25,5.6133646965026855,5.669404887478438,5.594684187476253,5.641384569306638,5363442
2012-07-26,5.6133646965026855,5.688084951137023,5.60402444198947,5.60402444198947,7301774
2012-07-27,5.6507248878479,5.688085015588395,5.632044823977654,5.660064697099098,5418054
2012-07-30,5.576003551483154,5.6974241754849695,5.519963366259502,5.669404305557044,7107748
2012-07-31,5.435903549194336,5.6133643661923855,5.40788323267135,5.5946838582651806,9593074
2012-08-01,5.510623455047607,5.55732338584366,5.445243017491781,5.491943393655628,6364649
2012-08-02,5.473263740539551,5.529303928895786,5.445243423677519,5.510623866110374,3755787
2012-08-03,5.5479841232299805,5.576003995388566,5.4452435527902106,5.510623996773307,6320614
2012-08-06,5.6507248878479,5.669404951718148,5.547984313877615,5.5573241231288115,8181844
2012-08-07,5.725444316864014,5.8281844306359645,5.622703757724274,5.641383818898064,12490971
2012-08-08,5.772144794464111,5.8935654262914765,5.73478466857382,5.744124922730308,13652157
2012-08-09,5.762804985046387,5.809504919720238,5.697424542061596,5.790824856777132,8834464
2012-08-10,5.7441253662109375,5.781485494985653,5.716105046945968,5.753465175720684,5264408
2012-08-13,5.734784126281738,5.800164563091167,5.716104065103014,5.744124379554995,7740898
2012-08-14,5.734784126281738,5.809504370996634,5.678743942745566,5.79082430981791,8145492
2012-08-15,5.641384124755859,5.744124689465864,5.632044316346485,5.725444627279301,4927920
2012-08-16,5.566664218902588,5.6694047899411615,5.557323964550063,5.6133645999295325,4908754
2012-08-17,5.604024887084961,5.613365142340021,5.510624561373788,5.566664756800492,5448197
2012-08-20,5.557323455810547,5.604023832562353,5.491943462799378,5.538643394183384,5200233
2012-08-21,5.529304027557373,5.576003962670274,5.482603647076637,5.538643836432819,8088900
2012-08-22,5.445243835449219,5.519964092241244,5.407883707053206,5.519964092241244,10260619
2012-08-23,5.510623455047607,5.529303516439588,5.407882894707821,5.473263332263648,12198008
2012-08-24,5.435903549194336,5.482603482908883,5.417223486634953,5.4639234203494995,8888628
2012-08-27,5.1930623054504395,5.435903564786813,5.137022117611543,5.435903564786813,13627760
2012-08-28,5.1930623054504395,5.23042243067637,5.1463623716019375,5.183722496827868,6191503
2012-08-29,5.099662780761719,5.193063108265655,5.099662780761719,5.183723298199207,5079406
2012-08-30,4.996922016143799,5.137022724989824,4.9502220767737075,5.137022724989824,9374663
2012-08-31,4.819460391998291,5.015601263334761,4.79144052201754,4.996921201558326,12094180
2012-09-03,4.800780296325684,4.838140419614771,4.78210023468114,4.828800611476399,13860888
2012-09-04,4.707380294799805,4.819460671969364,4.670020169076618,4.800780609107771,12950334
2012-09-05,4.642000198364258,4.660680262619266,4.567279941344224,4.660680262619266,11497288
2012-09-06,4.670019626617432,4.68869968730919,4.613979444542156,4.613979444542156,8363853
2012-09-07,4.9035210609436035,4.987581564506053,4.698040374351617,4.71672043676907,26570497
2012-09-10,4.996922016143799,5.034282145787022,4.894181436940997,4.9315420119520965,21956517
2012-09-11,4.9128618240356445,4.959561762235639,4.856821185607067,4.950221952742786,10261832
2012-09-12,4.96890115737915,5.0436214018653684,4.903520720769816,4.959560904134479,16291872
2012-09-13,4.884840488433838,4.959560730301099,4.884840488433838,4.959560730301099,8793480
2012-09-14,4.978240966796875,5.062301464553782,4.931541036662428,4.978240966796875,15478084
2012-09-17,4.875500679016113,5.04362168387834,4.866160870616997,4.95022137304811,12238474
2012-09-18,4.7167205810546875,4.856820830787379,4.68870026388745,4.819460704809617,11618487
2012-09-19,4.763421058654785,4.772761313897503,4.698041053427292,4.726060928419679,10010653
2012-09-20,4.632659435272217,4.744739797730149,4.632659435272217,4.7167199297995515,11217610
2012-09-21,4.660679817199707,4.70738019605802,4.623319692260185,4.6326599461789755,11755414
2012-09-24,4.613979816436768,4.670020003028978,4.464539318857541,4.585959500456756,16517126
2012-09-25,4.539260387420654,4.642000525376952,4.5205803218497005,4.576620518562561,7179189
2012-09-26,4.455199241638184,4.576619873417213,4.408498861609994,4.539259747541793,8180669
2012-09-27,4.613979816436768,4.670020003028978,4.4178389406801255,4.4178389406801255,12952995
2012-09-28,4.651340007781982,4.670020070248262,4.548599441533531,4.548599441533531,13491962
2012-10-08,4.604640007019043,4.707380581703516,4.5953001977029215,4.651340389703219,8238647
2012-10-09,4.7540812492370605,4.800781189351492,4.604640282914387,4.623320348033736,15808417
2012-10-10,4.7540812492370605,4.772761314356409,4.679360988759665,4.7540812492370605,9508365
2012-10-11,4.735400199890137,4.85682037524543,4.688699824114246,4.726059946587843,14859193
2012-10-12,4.744740962982178,4.80078115797395,4.707380832987663,4.754081218164747,10499685
2012-10-15,4.670019626617432,4.744739869384466,4.641999312895905,4.744739869384466,7917573
2012-10-16,4.660679817199707,4.70738019605802,4.641999754729945,4.679360325037288,6187589
2012-10-17,4.679360866546631,4.707380740809905,4.651340546915486,4.679360866546631,6856304
2012-10-18,4.763421058654785,4.791441379015056,4.698041053427292,4.707380863302126,10204275
2012-10-19,4.782100200653076,4.819460323676319,4.7540803310695425,4.763420139141455,9673313
2012-10-22,4.772761344909668,4.800781220084121,4.7167211491928756,4.763421089606259,7862297
2012-10-23,4.726060390472412,4.8007806424375365,4.716720581660688,4.782100579446255,5748518
2012-10-24,4.763421058654785,4.772761313897503,4.698041053427292,4.726060928419679,8157439
2012-10-25,4.772761344909668,4.838141350561983,4.735401214431806,4.772761344909668,11010458
2012-10-26,4.576620101928711,4.7634207406328,4.576620101928711,4.7634207406328,12952419
2012-10-29,4.483219146728516,4.595299514054781,4.4458590242864275,4.576619452833737,7519701
2012-10-30,4.511239528656006,4.548599655344714,4.473879401967298,4.501899719667749,7954002
2012-10-31,4.5205793380737305,4.529919146142716,4.483219215062196,4.511239084636948,5511979
2012-11-01,4.623319625854492,4.6419996880559475,4.511239252645758,4.5299193148472146,7988587
2012-11-02,4.632659435272217,4.660679303202815,4.595299314452906,4.623319182383504,8541096
2012-11-05,4.613979816436768,4.641999687048966,4.585959500456756,4.632659878634171,7959330
2012-11-06,4.567279815673828,4.6326602614513215,4.492559560709751,4.623320006896886,11064696
2012-11-07,4.539260387420654,4.613980649704469,4.511240066380277,4.557940452991608,9882288
2012-11-08,4.436518669128418,4.511238912296999,4.427178416048455,4.511238912296999,9494454
2012-11-09,4.436518669128418,4.473878790712709,4.417838608336273,4.44585892220838,4793800
2012-11-12,4.492559432983398,4.501899687272283,4.436519243353598,4.445859497642484,6160976
2012-11-13,4.417839050292969,4.492559300936498,4.408498796278615,4.492559300936498,5870037
2012-11-14,4.623319625854492,4.856820626056594,4.427178750055302,4.436519003839936,31322982
2012-11-15,4.5019001960754395,4.5859602673366595,4.464540065433145,4.567280202015512,15201236
2012-11-16,4.464539527893066,4.539259780181179,4.445859464821038,4.501899654037123,10857788
2012-11-19,4.445858955383301,4.483219077246372,4.39915858037057,4.464539016314836,7134617
2012-11-20,4.3991594314575195,4.492559754184967,4.3991594314575195,4.473879689639477,7273511
2012-11-21,4.511239528656006,4.660680035410839,4.3711388308894294,4.380479085245527,12250679
2012-11-22,4.464539527893066,4.539259780181179,4.445859464821038,4.483219590965095,5825532
2012-11-23,4.492559432983398,4.548599622613198,4.40849892585478,4.5112394961933315,6720887
2012-11-26,4.427178859710693,4.5112393643832185,4.417839051062537,4.501899555735062,7058904
2012-11-27,4.3617987632751465,4.436519012222143,4.343118701038398,4.417838949985394,10758633
2012-11-28,4.268398284912109,4.38047865394278,4.259058031475655,4.352458339001214,7173308
2012-11-29,4.268398284912109,4.31509821599099,4.2497182234069975,4.268398284912109,5722868
2012-11-30,4.287078380584717,4.361798627200676,4.259058065419833,4.259058065419833,6731271
2012-12-03,4.277737617492676,4.352457855207661,4.25905755806393,4.287077869890923,6706629
2012-12-04,4.352458477020264,4.38047879285037,4.249718358168097,4.249718358168097,8419084
2012-12-05,4.436518669128418,4.520579165376962,4.315098051295584,4.343118365167691,25570118
2012-12-06,4.417839050292969,4.473879238275615,4.371138670956851,4.427178858939498,11192088
2012-12-07,4.5019001960754395,4.529920071373217,4.3991596141251845,4.4271794894229615,17929939
2012-12-10,4.539260387420654,4.557940452991608,4.492560000809323,4.529920131951231,17840369
2012-12-11,4.5205793380737305,4.557939461085266,4.483219215062196,4.5205793380737305,12976616
2012-12-12,4.5019001960754395,4.529920071373217,4.445860000111997,4.511240006052069,10552140
2012-12-13,4.436518669128418,4.520579165376962,4.37113823367202,4.473878790712709,10283772
2012-12-14,4.623319625854492,4.632659879639127,4.417838941638481,4.436519003839936,27112239
2012-12-17,4.7167205810546875,4.800780641820736,4.595299948943045,4.613980011931926,28707216
2012-12-18,4.800780296325684,5.024941481428006,4.660679611307708,4.707379988102966,36105909
2012-12-19,4.772761344909668,4.847481605865392,4.735401214431806,4.782101154845191,16763454
2012-12-20,4.800780296325684,4.819460357970227,4.716720241609138,4.754080364898225,14832677
2012-12-21,4.726060390472412,4.87550089440266,4.716720581660688,4.8007806424375365,21638361
2012-12-24,4.670019626617432,4.782099990767983,4.651339565925673,4.726059808692708,16866743
2012-12-25,4.7540812492370605,4.800781189351492,4.613980538158002,4.660680478272433,24297396
2012-12-26,4.772761344909668,4.800781220084121,4.7260609591283975,4.7540812796707375,21367571
2012-12-27,4.735400199890137,4.838140314008632,4.6980400774165405,4.7914403836005315,20947999
2012-12-28,4.791440963745117,4.810121027243685,4.735400773249412,4.735400773249412,22131330
2012-12-31,4.791440963745117,4.856820963306184,4.763420645813342,4.810121027243685,26293045
2013-01-04,4.856821537017822,4.9222019896697935,4.8288016611440465,4.866161792554346,28565359
2013-01-07,4.819460391998291,4.884840830899716,4.763420206668986,4.86616076912328,24701774
2013-01-08,4.819460391998291,4.828800645570411,4.75408039846467,4.819460391998291,16448946
2013-01-09,4.838140487670898,4.875500611485515,4.772760493679223,4.81012061749384,26445756
2013-01-10,4.9035210609436035,4.9689015020886,4.819460557381154,4.866160936108697,42682121
2013-01-11,4.772761344909668,4.959561997298978,4.735401214431806,4.922201866821116,32519683
2013-01-14,4.8474812507629395,4.8661613146334615,4.7073805490500975,4.772760995280851,33904074
2013-01-15,4.875500679016113,4.89418074118216,4.810120684118859,4.8381405546840215,36449628
2013-01-16,4.894181251525879,4.959561698608532,4.782100866842353,4.866161378038927,41616641
2013-01-17,4.828800678253174,4.912861179499981,4.80078036271497,4.894180672229306,23346590
2013-01-18,4.9128618240356445,4.931541888389215,4.810121247407072,4.875501249960638,29890700
2013-01-21,4.884840488433838,4.912860801817947,4.847480367500207,4.903520548900653,25876928
2013-01-22,4.791440963745117,4.89418109030332,4.763420645813342,4.89418109030332,23487586
2013-01-23,4.800780296325684,4.828800611476399,4.754080364898225,4.800780296325684,15792465
2013-01-24,4.7540812492370605,4.856821384709538,4.716721118998363,4.791441379475758,22460095
2013-01-25,4.791440963745117,4.819460836309047,4.735400773249412,4.744740582314774,16102582
2013-01-28,4.819460391998291,4.819460391998291,4.772760460241105,4.810120583793975,19201754
2013-01-29,4.875500679016113,4.884840932783042,4.791440621952813,4.8381405546840215,33723942
2013-01-30,4.800780296325684,4.875500542903858,4.772760426542768,4.838140419614771,35577857
2013-01-31,4.828800678253174,4.875500610326439,4.80078036271497,4.819460424617837,25080289
2013-02-01,4.800780296325684,4.810120549831855,4.744740111392053,4.810120549831855,27144242
2013-02-04,4.922201633453369,4.987582081373802,4.782100928119794,4.800780992473079,58432949
2013-02-05,4.940882205963135,4.959562272237616,4.856821685044018,4.875501751318498,34656026
2013-02-06,4.922201633453369,4.987582081373802,4.903521569100084,4.940881697806655,24953923
2013-02-07,4.959561347961426,4.996921473547861,4.903521159581773,4.903521159581773,27827270
2013-02-08,4.950221538543701,5.015601535626737,4.940881284464509,4.968901601334258,22470692
2013-02-18,4.9035210609436035,4.996921373030871,4.894180807050968,4.959561248195964,20508894
2013-02-19,4.819460391998291,4.90352089267615,4.810120583793975,4.875500577327596,17498697
2013-02-20,4.838140487670898,4.856820549578207,4.81012061749384,4.81946042576359,13009628
2013-02-21,4.660679817199707,4.810120762325616,4.641999754729945,4.810120762325616,28712367
2013-02-22,4.660679817199707,4.6887001335882585,4.6326599461789755,4.679360325037288,13245768
2013-02-25,4.642000198364258,4.726060710195727,4.62332013410925,4.660680262619266,13390606
2013-02-26,4.5019001960754395,4.642000463300103,4.483220130754292,4.632660653323472,25779115
2013-02-27,4.5205793380737305,4.5766195225910336,4.483219215062196,4.511239084636948,16425079
2013-02-28,4.576620101928711,4.585959911179989,4.492559591827945,4.539259974187893,18389845
2013-03-01,4.539260387420654,4.576620518562561,4.501900256278748,4.576620518562561,14642467
2013-03-04,4.417839050292969,4.5392596802726155,4.389818733617734,4.5112393635973795,20777011
2013-03-05,4.445858955383301,4.464539016314836,4.35245820535784,4.436518702233641,20106852
2013-03-06,4.483219146728516,4.483219146728516,4.427178517697593,4.455198832213054,16023447
2013-03-07,4.492559432983398,4.548599622613198,4.417839180143665,4.464539560852417,18923544
2013-03-08,4.445858955383301,4.520579199109443,4.436518702233641,4.511238945959784,19968194
2013-03-11,4.380478858947754,4.445859299959327,4.3711386050741785,4.436519046085752,18075654
2013-03-12,4.32443904876709,4.427179178125272,4.296418730071677,4.399159304797715,22042559
2013-03-13,4.32443904876709,4.389819050109959,4.296418730071677,4.33377885808699,24315540
2013-03-14,4.259057998657227,4.324438436105224,4.249718190660538,4.315098182740741,18591392
2013-03-15,4.128297328948975,4.28707806396513,4.090937208400205,4.277737811144054,72546155
2013-03-18,4.034897804260254,4.128298123610938,4.006877485771121,4.118957868991943,25162909
2013-03-19,4.081597805023193,4.090938059788122,4.006877548375205,4.0255576125372015,19933100
2013-03-20,4.128297328948975,4.137637136402283,4.062916895304744,4.07225714812582,22272177
2013-03-21,4.128297328948975,4.165657449497744,4.10961726867459,4.137637136402283,17222810
2013-03-22,4.137637615203857,4.146977869105775,4.109617744233744,4.128297806669759,12394662
2013-03-25,4.146978855133057,4.165658922010632,4.128298788255481,4.146978855133057,12282193
2013-03-26,4.109617710113525,4.17499770541285,4.090937647832602,4.146977834675373,15649529
2013-03-27,4.109617710113525,4.146977834675373,4.100277456289156,4.109617710113525,10081330
2013-03-28,3.932157039642334,4.0722577345595905,3.9228167854761953,4.062917480393452,24024626
2013-03-29,3.848097085952759,3.9601774798268243,3.8387572758138675,3.9414974141811467,19957575
2013-04-01,3.7920565605163574,3.8574370072963804,3.7733764964889014,3.848096752598724,18140486
2013-04-02,3.7920565605163574,3.838756943268925,3.7640366871591024,3.782716751186558,13988520
2013-04-03,3.838756799697876,3.8947969896843175,3.7920564186919217,3.8013966730402484,16410036
2013-04-08,3.8107361793518066,3.820076432958281,3.754695993816375,3.8107361793518066,13357878
2013-04-09,3.838756799697876,3.8761169263555035,3.8013966730402484,3.8107364820207352,12011137
2013-04-10,4.053577899932861,4.174998093357431,3.8294166863647012,3.8574370050736677,48354941
2013-04-11,3.9414970874786377,4.044237662697859,3.932157278113904,4.025557598600534,21281770
2013-04-12,3.922816753387451,3.96951713310047,3.913476944665544,3.941496816199093,9141174
2013-04-15,3.8107361793518066,3.9228165504226706,3.782716309267993,3.9041364885775267,17185293
2013-04-16,3.829416513442993,3.8387567677134977,3.764036515020809,3.782716578193981,12252292
2013-04-17,3.8200764656066895,3.8574365896162766,3.7920561499155943,3.829416273925182,9144258
2013-04-18,3.8013968467712402,3.820076910953768,3.7640367184061843,3.7920565919960456,10598292
2013-04-19,3.8761167526245117,3.8854565611863796,3.7920562487285956,3.8013965026582843,16510128
2013-04-22,3.866776704788208,3.8947970227028943,3.8480966413010322,3.8761169592157185,11773882
2013-04-23,3.7920565605163574,3.8854568806536354,3.782716751186558,3.8761170713238364,13702968
2013-04-24,3.8200764656066895,3.838756527611483,3.782716341597102,3.7920561499155943,12269592
2013-04-25,3.7640364170074463,3.8294164137271727,3.7546961629801565,3.8294164137271727,13204176
2013-04-26,3.7173361778259277,3.792056431391419,3.7079961461302413,3.764036558988281,15985511
2013-05-02,3.6332759857177734,3.707996241199006,3.6239359537826195,3.707996241199006,15231961
2013-05-03,3.6986560821533203,3.726676176995825,3.6239358292399744,3.6332758608541424,11585308
2013-05-06,3.7827165126800537,3.792056321420963,3.717336070022375,3.7266761014471985,15376614
2013-05-07,3.8013968467712402,3.8574370393188238,3.7453566542236563,3.7827167825887122,13634123
2013-05-08,3.7827165126800537,3.8480965099699036,3.7733762585713158,3.81073638427061,10764370
2013-05-09,3.7546963691711426,3.8013967511365143,3.7453565599987777,3.7827166874239353,9879485
2013-05-10,3.8200764656066895,3.838756527611483,3.764036279592308,3.7733760879108007,12923913
2013-05-13,3.8200764656066895,3.8480963359299754,3.7920561499155943,3.838756527611483,9346077
2013-05-14,3.829416513442993,3.8387567677134977,3.7453564518476368,3.810736450269821,16132793
2013-05-15,3.7827165126800537,3.838756701228995,3.764036449830407,3.820076638379348,11819026
2013-05-16,3.8107361793518066,3.820076432958281,3.7453561855777053,3.773376055661519,14075229
2013-05-17,3.866776704788208,3.8761169592157185,3.7920564508395036,3.81073651432668,20566244
2013-05-20,3.894796848297119,3.9228167195892545,3.8480964689864607,3.8574367229957223,20249305
2013-05-21,3.8854565620422363,3.8947968159739825,3.8574366909826394,3.8947968159739825,17008757
2013-05-22,3.904136896133423,3.932157214510104,3.8854568323382526,3.8854568323382526,17870476
2013-05-23,3.866776704788208,3.9041368317625604,3.838756832241366,3.8947970227028943,16964582
2013-05-24,3.8761167526245117,3.8854565611863796,3.848096436203266,3.866776498694823,12275544
2013-05-27,3.838756799697876,3.8854567353359903,3.8294165453495492,3.8761169263555035,10272740
2013-05-28,3.8854565620422363,3.8854565620422363,3.8107363120595505,3.838756628486968,15168741
2013-05-29,3.866776704788208,3.8947970227028943,3.8574368957285423,3.885456768275384,13859194
2013-05-30,3.8761167526245117,3.9041366236779367,3.848096436203266,3.8574366901329546,14568835
2013-05-31,3.838756799697876,3.913477053013131,3.838756799697876,3.9041367986648043,13697233
2013-06-03,3.838756799697876,3.8854567353359903,3.838756799697876,3.848096608678363,9506368
2013-06-04,3.7827165126800537,3.8480965099699036,3.7733762585713158,3.838756701228995,11315495
2013-06-05,3.7827165126800537,3.801396575529701,3.764036449830407,3.792056321420963,6840663
2013-06-06,3.7266762256622314,3.7827166387629876,3.7266762256622314,3.7733763843429267,8761189
2013-06-07,3.6519558429718018,3.7546961884457684,3.6426158115650775,3.7266760942255956,10997299
2013-06-13,3.5398752689361572,3.642615837834985,3.5025151430398256,3.642615837834985,15427400
2013-06-14,3.52119517326355,3.5678953301999536,3.502515110488988,3.5585552988126725,16298281
2013-06-17,3.483835220336914,3.53053537958729,3.474495188486839,3.5211953477372147,14360542
2013-06-18,3.4931752681732178,3.530535395744494,3.4744952043875794,3.5025153000660367,13010599
2013-06-19,3.52119517326355,3.5305352046508305,3.4651549849398653,3.4931750791017073,18203212
2013-06-20,3.3343944549560547,3.51185528103001,3.3250544231986847,3.51185528103001,19346353
2013-06-21,3.3157143592834473,3.3530744859505863,3.2503341376159547,3.2783542326163086,16395867
2013-06-24,3.072873592376709,3.3063746279394852,3.054193527346402,3.3063746279394852,18230033
2013-06-25,3.007493019104004,3.0635332077539377,2.8113521361453206,3.0635332077539377,24288007
2013-06-26,2.942112684249878,3.007492901791191,2.895412306179319,3.007492901791191,23088907
2013-06-27,2.932772636413574,2.988812822557322,2.904752320657795,2.942112667437532,23101317
2013-06-28,2.942112684249878,2.9794728085592,2.8767322440246583,2.90475233725665,16430927
2013-07-01,2.9514527320861816,2.9888128566076424,2.9140923848808136,2.9421127009558163,12574244
2013-07-02,2.9514527320861816,2.970132794346912,2.9327726698254515,2.970132794346912,9816285
2013-07-03,2.904752492904663,2.942112841899805,2.8767323981712454,2.942112841899805,10192518
2013-07-04,2.9607930183410645,2.998153146081759,2.858052444370229,2.9047526040460965,21191856
2013-07-05,3.0168330669403076,3.0448531614175467,2.932772783508591,2.96079287798583,23116910
2013-07-08,2.8860723972320557,2.9514528402239826,2.8860723972320557,2.9514528402239826,13444247
2013-07-09,2.9514527320861816,2.979472825477277,2.8767322603593533,2.886072291489718,17603180
2013-07-10,3.0541932582855225,3.0635332899778605,2.9327728462851277,2.9421128779774657,21348770
2013-07-11,3.128913402557373,3.222313938902973,3.0355130888956863,3.0541931516280236,33945448
2013-07-12,3.0168330669403076,3.119573413356851,2.9981530039554816,3.119573413356851,21115934
2013-07-15,3.0448529720306396,3.1008931574994723,2.998152817473279,3.0168328792962233,13396049
2013-07-16,3.035512924194336,3.0822130784913147,3.0168328624755443,3.035512924194336,12337194
2013-07-17,3.0261731147766113,3.0822133040337536,3.0261731147766113,3.0355131463194684,16136667
2013-07-18,2.9607930183410645,3.072873401563147,2.951452986405891,3.035513273822453,12729876
2013-07-19,2.8954124450683594,2.9981530145312276,2.8954124450683594,2.97013291995515,11770732
2013-07-22,2.914092540740967,2.9234327950548025,2.8673923825913845,2.8954124774811336,9379030
2013-07-23,2.9888131618499756,3.0355133222712083,2.914092682492073,2.9327729693444966,14739756
2013-07-24,2.942112684249878,2.9981528707138607,2.9140923683339803,2.9794728085592,12196241
2013-07-25,2.9234330654144287,2.9888132928702196,2.9234330654144287,2.951453162895482,11167390
2013-07-26,2.9234330654144287,2.9421131304017973,2.895412745249436,2.9234330654144287,7169625
2013-07-29,2.8580522537231445,2.9047524102838667,2.830032159786711,2.9047524102838667,12310554
2013-07-30,2.914092540740967,2.9421128583146356,2.858052350961468,2.8860724458512172,10272649
2013-07-31,2.8954124450683594,2.97013291995515,2.8767323820176407,2.8954124450683594,7686456
2013-08-01,2.932772636413574,2.960792729485448,2.8954122896338372,2.8954122896338372,10205607
2013-08-02,2.979473114013672,3.044853338257741,2.9234329218044692,2.9514530179090706,21025857
2013-08-05,2.9888131618499756,2.9981531939342223,2.942113001428743,2.9794731297657293,14189583
2013-08-06,2.9888131618499756,3.0074932260184686,2.9327729693444966,2.9701330976814826,14221002
2013-08-07,2.979473114013672,3.0074932101182728,2.9607930499439377,2.9701330819788048,13280288
2013-08-08,2.9607930183410645,3.0074931780169325,2.9607930183410645,2.9794730822114115,12814896
2013-08-09,3.035512924194336,3.0728730476319193,2.9794727390379614,2.9794727390379614,32408495
2013-08-12,3.1569340229034424,3.1756140874320127,3.026173348519517,3.0448534130480867,38207104
2013-08-13,3.138253688812256,3.1756140399952484,3.1102335924379596,3.1475937209370213,23057275
2013-08-14,3.10089373588562,3.1569341544911484,3.0915537032320226,3.128913833846412,15866560
2013-08-15,3.091553211212158,3.1382533670478283,3.082213180045024,3.11957330471356,11409096
2013-08-16,3.063533306121826,3.399774894185738,3.035513210897154,3.0728733378633835,33445243
2013-08-19,3.072873592376709,3.1102337224373224,3.0168333972857884,3.035513462316095,14562130
2013-08-20,3.0261731147766113,3.0822133040337536,3.016833083233754,3.0728732724908965,13625481
2013-08-21,3.0448529720306396,3.0635330338535836,3.0168328792962233,3.0448529720306396,8686674
2013-08-22,3.0168330669403076,3.0635332244023727,3.0074930354478946,3.0448531614175467,10058391
2013-08-23,2.9981532096862793,3.0635334346195076,2.9794731454196426,3.016833273952916,12721456
2013-08-26,3.0448529720306396,3.0635330338535836,2.998152817473279,2.998152817473279,13957132
2013-08-27,3.0541932582855225,3.072873321670199,3.0261731632085085,3.0448532265931845,13147163
2013-08-28,3.1102333068847656,3.1382534006865126,3.016832994212275,3.0355130567467734,30179201
2013-08-29,3.091553211212158,3.1382533670478283,3.0728731488778904,3.1102332735464264,17167528
2013-08-30,3.10089373588562,3.128913833846412,3.06353360527123,3.0915537032320226,17272074
2013-09-02,3.1102333068847656,3.1475934319537617,3.0728731818157695,3.1289133694192635,17784524
2013-09-03,3.1475937366485596,3.156933991503879,3.1102336079630115,3.1289136723057855,17670614
2013-09-04,3.1849539279937744,3.2036339913979908,3.1195734833950963,3.1382535467993127,20552727
2013-09-05,3.1195731163024902,3.175613522604562,3.082212993890372,3.175613522604562,14410503
2013-09-06,3.128913402557373,3.1382534339235417,3.100893308458867,3.100893308458867,12286607
2013-09-09,3.231654167175293,3.306374422657381,3.1289135932034946,3.1289135932034946,43548536
2013-09-10,3.381094217300415,3.3904344706465377,3.231653726704797,3.240993757367023,52443150
2013-09-11,3.7173361778259277,3.7173361778259277,3.4558150676627872,3.4558150676627872,96229899
2013-09-12,3.6612958908081055,3.745356396529748,3.55855532218919,3.698656016602651,89840712
2013-09-13,3.5305354595184326,3.6332760348792257,3.5211954274568997,3.6332760348792257,36764744
2013-09-16,3.5025153160095215,3.6145956992335417,3.474495220203517,3.5305354118155265,25772993
2013-09-17,3.3717546463012695,3.521195379953675,3.3717546463012695,3.493175284147085,24263961
2013-09-18,3.390434503555298,3.4184545958139494,3.353074157859864,3.353074157859864,14319830
2013-09-23,3.483835220336914,3.5025152840370644,3.390434901836162,3.4091149655363124,23138730
2013-09-24,3.455815315246582,3.502515477070738,3.4184551857872574,3.4931754447059067,18885145
2013-09-25,3.8013968467712402,3.8013968467712402,3.493175342391669,3.5025153744829334,128753318
2013-09-26,3.6986560821533203,3.80139665259309,3.689316050539152,3.736016208609993,56576158
2013-09-27,4.072257995605469,4.072257995605469,3.6706361707567066,3.69865626699956,98797960
2013-09-30,4.109617710113525,4.24971839990436,4.025557207165462,4.203018021518144,80652679
2013-10-08,4.025557041168213,4.081597225700119,3.941496541686455,4.016217233096794,55828467
2013-10-09,3.9414970874786377,3.997537725138474,3.866776831089334,3.988197470405882,47545647
2013-10-10,4.19367790222168,4.259058344986142,3.810736390494557,3.9041367048953393,106366773
2013-10-11,4.212358474731445,4.445859486979499,4.072257778309046,4.090937841474177,89711635
2013-10-14,4.221698760986328,4.38047953852753,4.025557852890477,4.137638244554425,57447640
2013-10-15,4.184338092803955,4.324438787066893,4.137637712927033,4.156317775804236,41316689
2013-10-16,3.997537851333618,4.174998243176393,3.9414972119046787,4.174998243176393,42581533
2013-10-17,3.9788572788238525,4.118957523411547,3.9414967088502757,4.0162174034296125,32465782
2013-10-18,3.9134769439697266,4.034897574907725,3.8854566270733315,3.9695171323946887,32753157
2013-10-21,4.0442376136779785,4.109618059910077,3.848096720349535,3.9414970397040667,46377886
2013-10-22,4.072257995605469,4.146978252253079,3.922817036942389,3.997537738957859,44018879
2013-10-23,3.9881973266601562,4.193678024324646,3.978857517632055,4.062917580356334,38087256
2013-10-24,3.904136896133423,4.006877469690786,3.8854568323382526,3.9508372783052748,26910836
2013-10-25,3.7640364170074463,3.9228167271609427,3.7360161002934027,3.904136664474189,30366161
2013-10-28,3.8200764656066895,3.8761166516210706,3.7453562175875144,3.764036279592308,20677412
2013-10-29,3.707996368408203,3.8761171716925773,3.5492155973794093,3.8200769781590975,25740089
2013-10-30,3.904136896133423,3.978857596681956,3.623935939205867,3.6893161624889634,47427903
2013-10-31,3.904136896133423,3.978857596681956,3.838756895534252,3.8480967047479115,21566511
2013-11-01,3.8854565620422363,3.9975373823840856,3.848096437050893,3.932156940965325,29613548
2013-11-04,3.7827165126800537,3.9134769526275828,3.736016132872022,3.8761168269282886,22580568
2013-11-05,3.8200764656066895,3.838756527611483,3.736015963901213,3.7453562175875144,16566678
2013-11-06,3.7266762256622314,3.866776701704317,3.707996162189953,3.7827166387629876,23997788
2013-11-07,3.7546963691711426,3.8013967511365143,3.698656178033406,3.7173362417459845,18372643
2013-11-08,3.6706361770629883,3.7920565943239586,3.6145957617970716,3.7453566565229006,14417108
2013-11-11,3.614595413208008,3.6986559166581814,3.5772352884230014,3.661295791873175,12148955
2013-11-12,3.6239359378814697,3.670636097352329,3.595915619515029,3.6332759697756414,9030409
2013-11-13,3.52119517326355,3.6239357412075517,3.511855141876269,3.5959154243617957,13148310
2013-11-14,3.483835220336914,3.5678955069875906,3.4651551566367638,3.5211953477372147,12861526
2013-11-15,3.6519558429718018,3.6893159685986987,3.4838350549668515,3.4838350549668515,27081050
2013-11-18,3.7173361778259277,3.726676209521614,3.63327589256475,3.6519559559561228,21513784
2013-11-19,3.707996368408203,3.754696529686103,3.670636239385883,3.7266764329193633,17727766
2013-11-20,3.6893160343170166,3.7173361290363154,3.6519559080246187,3.707996097463216,15438694
2013-11-21,3.6706361770629883,3.679976209159986,3.6332760486749978,3.679976209159986,11999047
2013-11-22,3.6519558429718018,3.6893159685986987,3.6332757801583533,3.6893159685986987,8436572
2013-11-25,3.6239359378814697,3.670636097352329,3.614595683303372,3.6239359378814697,8199171
2013-11-26,3.6239359378814697,3.6426160016698135,3.595915619515029,3.6239359378814697,8078285
2013-11-27,3.6706361770629883,3.6706361770629883,3.605255729700074,3.623936016578,9788025
2013-11-28,3.773375988006592,3.8107361110270292,3.6426155574350596,3.679975680455497,37676434
2013-11-29,3.7266762256622314,3.7546963208706483,3.7173361939260925,3.7360162573983704,19165824
2013-12-02,3.5959153175354004,3.7173359446468353,3.5678952242059707,3.6519557268781666,23253268
2013-12-03,3.6332759857177734,3.6519560495880814,3.5772355714229223,3.5772355714229223,13470648
2013-12-04,3.6893160343170166,3.726676160609415,3.595915495902103,3.6332758448784195,22355288
2013-12-05,3.7173361778259277,3.745356495596908,3.6893160827388685,3.698656114434555,15232984
2013-12-06,3.7266762256622314,3.810736511287483,3.698656130453814,3.7173361939260925,27745062
2013-12-09,3.679975986480713,3.7733763017989372,3.6706359549488905,3.7546962387352925,15922835
2013-12-10,3.6239359378814697,3.6986561930348443,3.595915619515029,3.6799761292465005,17306248
2013-12-11,3.5585553646087646,3.6145955539686074,3.549215333048791,3.5959154908486597,14186533
2013-12-12,3.5678951740264893,3.586575235983389,3.549215112069589,3.549215112069589,8895469
2013-12-13,3.549215316772461,3.5865754428410264,3.4744950646353305,3.511855190703896,8125594
2013-12-16,3.4371347427368164,3.56789517652675,3.427794711751821,3.56789517652675,13480353
2013-12-17,3.427794933319092,3.5025151860288535,3.4091148701416514,3.446474996496532,10936073
2013-12-18,3.4091150760650635,3.4558152368295305,3.3904350117592768,3.4558152368295305,9083311
2013-12-19,3.4091150760650635,3.4558152368295305,3.3904350117592768,3.418455108217957,12648495
2013-12-20,3.325054407119751,3.409114915213514,3.2316540899977046,3.3997748835013097,26543472
2013-12-23,3.2690141201019287,3.3250543087166795,3.2503340572303454,3.3063742458450958,9773087
2013-12-24,3.231654167175293,3.306374422657381,3.222314135240032,3.259674262981076,14547620
2013-12-25,3.194293975830078,3.240994134576499,3.1569338488329417,3.2316541028272145,25322062
2013-12-26,3.1102333068847656,3.1942938109739174,3.082213213083018,3.1849537797066683,20574054
2013-12-27,3.1569340229034424,3.1849541196962976,3.091553574369512,3.1195736711623674,14072936
2013-12-30,3.1569340229034424,3.222314248753438,3.1475937679552226,3.1942941519605825,9746280
2013-12-31,3.17561411857605,3.19429418328782,3.1102336694009174,3.138253766468573,11682232
2014-01-02,3.138253688812256,3.1756140399952484,3.1102335924379596,3.1756140399952484,14487576
2014-01-03,3.1569340229034424,3.1942941519605825,3.1102336388980825,3.1569340229034424,23068014
2014-01-06,3.0541932582855225,3.1756138929698383,3.0261731632085085,3.1756138929698383,15981089
2014-01-07,3.0448529720306396,3.0635330338535836,2.988812786561807,3.0261729102076953,8948135
2014-01-08,3.007493019104004,3.082213270637249,3.007493019104004,3.054193176312282,8615416
2014-01-09,2.932772636413574,3.0355129776771124,2.932772636413574,3.007492884605238,10919653
2014-01-10,2.979473114013672,2.9981531780834056,2.9234329218044692,2.9421129858742034,19789016
2014-01-13,3.2690141201019287,3.278354151537721,3.0915533001379703,3.1195733944453456,95045703
2014-01-14,3.1102333068847656,3.2129738735084157,3.0635331505485204,3.1942938109739174,64680434
2014-01-15,3.0261731147766113,3.0915533355766107,2.979472957062326,3.0822133040337536,52090697
2014-01-16,3.072873592376709,3.1382538199827827,2.970133234710021,3.0261734298009415,56889651
2014-01-17,2.9888131618499756,3.0448533543554546,2.9701330976814826,3.0448533543554546,36293187
2014-01-20,2.979473114013672,2.9981531780834056,2.9421129858742034,2.9607930499439377,23153750
2014-01-21,2.9981532096862793,3.016833273952916,2.9701331132863245,2.9794731454196426,19757548
2014-01-22,3.0822131633758545,3.091553194492476,2.9888128522096404,2.998152883326262,30234865
2014-01-23,3.063533306121826,3.0915534013464985,3.044853242638711,3.082213369604941,20834770
2014-01-24,3.091553211212158,3.128913335880694,3.0448530553764885,3.0448530553764885,20236726
2014-01-27,3.0168330669403076,3.082213287387199,3.0074930354478946,3.0541931929099597,23306052
2014-01-28,3.063533306121826,3.082213369604941,3.016833147414039,3.0261731791555966,19715365
2014-01-29,3.035512924194336,3.0728730476319193,3.02617289333494,3.0448529550537318,14209790
2014-01-30,3.0168330669403076,3.0635332244023727,3.0074930354478946,3.0355131299251337,13289075
2014-02-07,3.0261731147766113,3.0261731147766113,2.9888129886051833,3.007493051690897,12674340
2014-02-10,3.091553211212158,3.1102332735464264,3.0355130242093544,3.0355130242093544,27754939
2014-02-11,3.2036337852478027,3.2596739718543293,3.082213158249755,3.091553189350843,46668448
2014-02-12,3.1569340229034424,3.1849541196962976,3.1195736711623674,3.1756140874320127,31130711
2014-02-13,3.1569340229034424,3.2596743778105783,3.1289137034266528,3.1475937679552226,34934667
2014-02-14,3.166273593902588,3.1849536557098324,3.1382532785078188,3.156933562998965,18958699
2014-02-17,3.17561411857605,3.2223142803554756,3.15693405386428,3.21297424799959,25790859
2014-02-18,3.138253688812256,3.1849540721200134,3.1289136566874904,3.1756140399952484,23471158
2014-02-19,3.17561411857605,3.203634215643705,3.128913734112688,3.138253766468573,20648385
2014-02-20,3.166273593902588,3.343734181071411,3.166273593902588,3.166273593902588,59518177
2014-02-21,3.1102333068847656,3.2036338422411665,3.0915532443502673,3.1569336859049213,36383297
2014-02-24,3.0168330669403076,3.091553318879612,2.979472940970656,3.082213287387199,35700145
2014-02-25,2.9514527320861816,3.035513012259468,2.9421127009558163,3.016832949998738,27260577
2014-02-26,2.9888131618499756,2.9981531939342223,2.904752650407827,2.9514530335129896,33412489
2014-02-27,2.932772636413574,2.979472791533364,2.9234326053896162,2.970132760509406,38089159
2014-02-28,2.9981532096862793,3.1008935631527805,2.923432952619733,2.923432952619733,42654423
2014-03-03,3.1102333068847656,3.1849537797066683,2.9981529316777773,3.044853088014022,61977470
2014-03-04,3.0822131633758545,3.11957328784234,3.0355130077927477,3.091553194492476,38536548
2014-03-05,3.1102333068847656,3.2316539360429135,3.1008932756175165,3.1102333068847656,47371163
2014-03-06,3.0822131633758545,3.11957328784234,3.0074929144428832,3.1008932256090973,28934252
2014-03-07,3.1195731163024902,3.1942935838106212,3.0915530244934017,3.1102330856994604,33531996
2014-03-10,3.007493019104004,3.082213270637249,2.9701328933373814,3.082213270637249,29078053
2014-03-11,2.9888131618499756,3.0074932260184686,2.9514530335129896,2.9981531939342223,17226343
2014-03-12,3.007493019104004,3.0448531448706264,2.95145283045407,2.9701328933373814,22527383
2014-03-13,3.0168330669403076,3.0541931929099597,2.988812972463069,3.0074930354478946,18032029
2014-03-14,2.9981532096862793,3.016833273952916,2.9701331132863245,2.988813177552961,16233805
2014-03-17,3.035512924194336,3.0635330167725234,2.998152800756753,3.007492831616149,20124359
2014-03-18,3.035512924194336,3.0541929859131276,3.0168328624755443,3.035512924194336,16213964
2014-03-19,3.0448529720306396,3.082213095676528,3.0168328792962233,3.0448529720306396,27527837
2014-03-20,2.9607930183410645,3.0448533057576266,2.951452986405891,3.0448533057576266,31204620
2014-03-21,3.0448529720306396,3.0635330338535836,2.932772601092974,2.9607926938273903,37645401
2014-03-24,3.10089373588562,3.128913833846412,3.0261734746568405,3.0448535399640355,46207783
2014-03-25,3.128913402557373,3.2036338761706356,3.072873214360361,3.0822132457265297,51982607
2014-03-26,3.091553211212158,3.1382533670478283,3.0728731488778904,3.128913335880694,31716623
2014-03-27,3.072873592376709,3.1289137874676296,3.0635335598615554,3.082213624891862,24285243
2014-03-28,3.2409939765930176,3.362414383415027,3.054193128029091,3.054193128029091,109140040
2014-03-31,3.166273593902588,3.203633717517077,3.147593309411441,3.17561362480621,47311817
2014-04-01,3.1475937366485596,3.175614055846653,3.1195736401343983,3.166274023675266,32069039
2014-04-02,3.17561411857605,3.19429418328782,3.138253766468573,3.15693405386428,35273055
2014-04-03,3.128913402557373,3.259674064367647,3.100893308458867,3.1756137820721295,67364604
2014-04-04,3.166273593902588,3.1849536557098324,3.1008931548933294,3.1195732167005743,37472856
2014-04-08,3.194293975830078,3.2223140710779306,3.1289135309011673,3.1475935943997353,45959277
2014-04-09,3.1849539279937744,3.2129740231000987,3.166273864589558,3.2036339913979908,26898004
2014-04-10,3.2223141193389893,3.269014278784845,3.1382536096525238,3.184953991782305,75767547
2014-04-11,3.194293975830078,3.2223140710779306,3.1662738805822257,3.194293975830078,47683693
2014-04-14,3.166273593902588,3.203633717517077,3.156933562998965,3.1849536557098324,29096622
2014-04-15,3.128913402557373,3.166273750705961,3.1195733711912044,3.156933719339792,24298275
2014-04-16,3.1195731163024902,3.1475932081115787,3.100893055096431,3.1289131469055196,19652910
2014-04-17,3.1102333068847656,3.1475934319537617,3.0915532443502673,3.1289133694192635,19435077
2014-04-18,3.091553211212158,3.11957330471356,3.0728731488778904,3.091553211212158,18252650
2014-04-21,3.0168330669403076,3.091553318879612,3.0074930354478946,3.082213287387199,24179247
2014-04-22,3.0261731147766113,3.0355131463194684,2.9981530201480404,3.007493051690897,17378850
2014-04-23,3.0448529720306396,3.0541930029421116,3.007492848384751,3.0261729102076953,16274078
2014-04-24,3.035512924194336,3.0541929859131276,3.02617289333494,3.035512924194336,15084663
2014-04-25,2.970132827758789,3.0448530776422595,2.951452765287921,3.035513046406826,19823945
2014-04-28,2.914092540740967,2.979472984834301,2.9047525091110504,2.9607929215744684,26732349
2014-04-29,2.970132827758789,2.970132827758789,2.914092417662276,2.932772702817054,13000676
2014-04-30,2.9234330654144287,2.9421131304017973,2.90475277774312,2.9234330654144287,17516516
2014-05-05,2.8580522537231445,2.9047524102838667,2.8206921284745667,2.9047524102838667,36516694
2014-05-06,2.867392063140869,2.904752185498317,2.839371971372783,2.848712001962145,22993980
2014-05-07,2.8206920623779297,2.8487121556577746,2.811352031284648,2.8487121556577746,18028701
2014-05-08,2.839372158050537,2.8580522204574033,2.8113520644402383,2.830032126847104,19957240
2014-05-09,2.848712205886841,2.8767322996607416,2.82069211211294,2.8393721746288736,22978918
2014-05-12,2.9607930183410645,2.9794730822114115,2.858052444370229,2.8673924763054024,58123828
2014-05-13,2.914092540740967,2.9701329532043848,2.8860724458512172,2.951452889944552,46509155
2014-05-14,2.904752492904663,2.923432778744193,2.8860724297490514,2.904752492904663,14678492
2014-05-15,2.839372158050537,2.9047523764745677,2.830032126847104,2.886072314067702,25999166
2014-05-16,2.8580522537231445,2.8580522537231445,2.8206921284745667,2.8393721910988554,15507979
2014-05-19,2.8300321102142334,2.848712172511312,2.8113520479171554,2.8393721413627726,16102330
2014-05-20,2.8300321102142334,2.8580522036598506,2.8113520479171554,2.8393721413627726,17263770
2014-05-21,2.8300321102142334,2.8393721413627726,2.7833319544715382,2.8206920790656946,24795649
2014-05-22,2.8020124435424805,2.848712606398067,2.792672410971363,2.8300325412558323,33132025
2014-05-23,2.839372158050537,2.84871218925397,2.792672002033372,2.8113520644402383,22666676
2014-05-26,2.839372158050537,2.867392251660836,2.830032126847104,2.84871218925397,14928352
2014-05-27,2.8206920623779297,2.8487121556577746,2.811352031284648,2.839372124564493,11847032
2014-05-28,2.839372158050537,2.84871218925397,2.8113520644402383,2.830032126847104,14586096
2014-05-29,2.8206920623779297,2.8487121556577746,2.811352031284648,2.8487121556577746,14863873
2014-05-30,2.8206920623779297,2.839372124564493,2.8020120001913664,2.8206920623779297,19337357
2014-06-03,2.8020124435424805,2.8393725738269495,2.8020124435424805,2.820692508684715,18365319
2014-06-04,2.783332109451294,2.802012172788504,2.773992077782689,2.802012172788504,16543845
2014-06-05,2.7926719188690186,2.80201194979431,2.7739918570184354,2.783331887943727,11227118
2014-06-06,2.7739920616149902,2.811352188071663,2.7739920616149902,2.802012156457495,12955117
2014-06-09,2.8020124435424805,2.820692508684715,2.783332378400246,2.783332378400246,17312234
2014-06-10,2.848712205886841,2.848712205886841,2.802012049597006,2.811352080854973,24710863
2014-06-11,2.8954124450683594,2.9514528569044316,2.839372255916204,2.8487122874415634,64550323
2014-06-12,2.867392063140869,2.9327724999502975,2.858052032551507,2.867392063140869,31290897
2014-06-13,2.8580522537231445,2.9047524102838667,2.848712222411,2.886072347659578,36008834
2014-06-16,2.848712205886841,2.8767322996607416,2.830032143370907,2.8580522371448076,20831994
2014-06-17,2.8206920623779297,2.8487121556577746,2.8020120001913664,2.8487121556577746,17657362
2014-06-18,2.839372158050537,2.867392251660836,2.8020120332368053,2.820692095643671,20970389
2014-06-19,2.7739920616149902,2.8487123145283357,2.7739920616149902,2.8487123145283357,21269768
2014-06-20,2.7926719188690186,2.80201194979431,2.7739918570184354,2.783331887943727,14719106
2014-06-23,2.8206920623779297,2.8487121556577746,2.792671969098085,2.792671969098085,15914840
2014-06-24,2.876732587814331,2.8860726200078606,2.8020123302660935,2.820692394653153,37380791
2014-06-25,2.848712205886841,2.8673922684027744,2.830032143370907,2.8673922684027744,15692831
2014-06-26,2.848712205886841,2.8673922684027744,2.8393721746288736,2.848712205886841,10840367
2014-06-27,2.848712205886841,2.8767322996607416,2.82069211211294,2.8393721746288736,34550888
2014-06-30,2.839372158050537,2.8580522204574033,2.8113520644402383,2.839372158050537,32442060
2014-07-01,2.8580522537231445,2.9047524102838667,2.830032159786711,2.8393721910988554,39613917
2014-07-02,2.867392063140869,2.876732093730231,2.839371971372783,2.858052032551507,19703849
2014-07-03,2.904752492904663,2.951452873477611,2.8860724297490514,2.895412461326857,56239135
2014-07-04,2.8954124450683594,2.9140925081190776,2.8767323820176407,2.9047524765937185,17354451
2014-07-07,2.867392063140869,2.895412154908955,2.858052032551507,2.895412154908955,16926523
2014-07-08,2.8860723972320557,2.8860723972320557,2.8487122713417636,2.86739233428691,13754566
2014-07-09,2.839372158050537,2.895412345271135,2.839372158050537,2.876732282864269,25992877
2014-07-10,2.904752492904663,2.932772810321999,2.8393722718600216,2.8393722718600216,43075176
2014-07-11,2.932772636413574,2.979472791533364,2.8860722586098793,2.8954122896338372,71198066
2014-07-14,2.932772636413574,2.942112667437532,2.914092351681753,2.942112667437532,27493255
2014-07-15,2.942112684249878,2.9514527153272083,2.9140923683339803,2.9327726531725475,28010347
2014-07-16,3.0168330669403076,3.0541931929099597,2.932772783508591,2.942112815001004,83030677
2014-07-17,2.9888131618499756,3.0261732901869616,2.9607930655972363,3.0261732901869616,39114165
2014-07-18,3.0541932582855225,3.1289135118242273,2.97013297305448,2.979473004746818,77307119
2014-07-21,3.1569340229034424,3.1942941519605825,3.0168333162552314,3.026173348519517,109322870
2014-07-22,3.325054407119751,3.4558150737745374,3.1475935819039416,3.1569338363000674,161280002
2014-07-23,3.2690141201019287,3.418454845758512,3.2409940257945533,3.3250543087166795,112638915
2014-07-24,3.2783544063568115,3.3063745028421256,3.1942941169008687,3.26901437419504,84908796
2014-07-25,3.3437342643737793,3.3904346427392382,3.259673984146987,3.269014015283297,93136139
2014-07-28,3.52119517326355,3.679975929531236,3.3250542914467403,3.3250542914467403,160448516
2014-07-29,3.455815315246582,3.5398756065300625,3.4277952181520885,3.5398756065300625,133682668
2014-07-30,3.381094217300415,3.4464746546198946,3.334394063989284,3.418454562633216,110485126
2014-07-31,3.418454885482788,3.437134948571444,3.3624144735329033,3.399774822394132,78436305
2014-08-01,3.3157143592834473,3.390434835301645,3.297034295949878,3.390434835301645,94581248
2014-08-04,3.5025153160095215,3.5492154756861964,3.2970343907482254,3.3157144546188952,138908840
2014-08-05,3.455815315246582,3.558555671259725,3.409115153422426,3.5211955418004,129160796
2014-08-06,3.8013968467712402,3.8013968467712402,3.3437346062475157,3.4184550856615576,190934609
2014-08-07,3.8200764656066895,3.9881970236498328,3.7920561499155943,3.9788572153313404,382231213
2014-08-08,3.6239359378814697,3.7173362568231876,3.577235555726685,3.6426160016698135,217188722
2014-08-11,3.6332759857177734,3.661296081523236,3.567895539487768,3.6332759857177734,117292894
2014-08-12,3.7453560829162598,3.8107360748982737,3.577235085550411,3.6145952082166457,174900702
2014-08-13,3.6986560821533203,3.782716589364753,3.6332758608541424,3.6986560821533203,118994514
2014-08-14,3.586575508117676,3.6893160793600535,3.5772354764305434,3.6893160793600535,86506271
2014-08-15,3.586575508117676,3.6052555714919405,3.511855254620616,3.549215381369146,75838222
2014-08-18,3.642615795135498,3.764036425559174,3.6052554469931963,3.6239357324063035,98894100
2014-08-19,3.6239359378814697,3.6799761292465005,3.577235555726685,3.6426160016698135,78484725
2014-08-20,3.614595413208008,3.661295791873175,3.595915350815505,3.614595413208008,61045859
2014-08-21,3.642615795135498,3.6986559833230808,3.586575384264002,3.651955826500095,101340804
2014-08-22,3.614595413208008,3.6426157294806716,3.595915350815505,3.6239356670881686,67299951
2014-08-25,3.52119517326355,3.6332757725948324,3.502515110488988,3.6239357412075517,62026392
2014-08-26,3.381094217300415,3.539874961242156,3.362414155975963,3.4931748079310254,70859762
2014-08-27,3.4091150760650635,3.4558152368295305,3.381094756922452,3.3997750439121703,47180258
2014-08-28,3.3717546463012695,3.4371350925339055,3.3624146143657394,3.390434932856256,35694353
2014-08-29,3.3624143600463867,3.3624143600463867,3.2876941102136836,3.315714203900947,61691991
2014-09-01,3.3997747898101807,3.4277948841746158,3.325054315487772,3.3437343783973956,47451101
2014-09-02,3.5398752689361572,3.5398752689361572,3.3997747968249135,3.3997747968249135,88414496
2014-09-03,3.5585553646087646,3.586575459288686,3.5211952383688696,3.5398753014888173,85907725
2014-09-04,3.5305354595184326,3.5585555557030317,3.4838352992107677,3.5585555557030317,60522366
2014-09-05,3.5959153175354004,3.6426156957683564,3.511855037547112,3.539875130876541,87549263
2014-09-09,3.5398752689361572,3.5865754263065717,3.5211952059879916,3.577235394832489,57178149
2014-09-10,3.511855125427246,3.5398752194578464,3.4744950000531123,3.5025150940837126,52375526
2014-09-11,3.511855125427246,3.5959154075190467,3.493175062740179,3.5025150940837126,72606934
2014-09-12,3.5678951740264893,3.6052552979402894,3.4558148022850883,3.5025149571773384,77286775
2014-09-15,3.577235460281372,3.5959155235713074,3.539875333701502,3.5492153653464698,72303348
2014-09-16,3.6332759857177734,3.866776784096626,3.5305354117471515,3.558555507552614,254226481
2014-09-17,3.614595413208008,3.6519557606769233,3.558555226030498,3.605255382011756,123216177
2014-09-18,3.6612958908081055,3.7173360794999235,3.586575416535099,3.614595510881008,106168295
2014-09-19,3.642615795135498,3.661295857864692,3.586575384264002,3.651955826500095,66563063
2014-09-22,3.5025153160095215,3.6239359538528033,3.4838352521388516,3.6145956992335417,74283698
2014-09-23,3.52119517326355,3.539875236038111,3.4651549849398653,3.4931750791017073,55050469
2014-09-24,3.5959153175354004,3.60525534864521,3.493174975327492,3.5025150064373016,79556814
2014-09-25,3.577235460281372,3.689316062704903,3.5678954286364046,3.605255555216275,96797315
2014-09-26,3.5678951740264893,3.5959152669618395,3.549215112069589,3.558555143048039,51969787
2014-09-29,3.5959153175354004,3.60525534864521,3.558555193096161,3.5772352553157805,59181402
2014-09-30,3.6239359378814697,3.6799761292465005,3.595915619515029,3.595915619515029,81206168
2014-10-08,3.6239359378814697,3.6426160016698135,3.5865755876208567,3.6239359378814697,58816001
2014-10-09,3.679975986480713,3.717336112608003,3.614595543074039,3.614595543074039,140111638
2014-10-10,3.614595413208008,3.661295791873175,3.595915350815505,3.6519557606769233,89696553
2014-10-13,3.605255603790283,3.61459563556109,3.5398753813946353,3.605255603790283,57242226
2014-10-14,3.577235460281372,3.642615904480065,3.558555396991437,3.58657549192634,58876908
2014-10-15,3.642615795135498,3.707996014687678,3.5585552901702107,3.5678953215348077,120844992
2014-10-16,3.614595413208008,3.6986559166581814,3.595915350815505,3.614595413208008,136410484
2014-10-17,3.511855125427246,3.6145954702061136,3.4651549687095793,3.60525543886258,95544937
2014-10-20,3.549215316772461,3.577235411323885,3.511855190703896,3.511855190703896,54106226
2014-10-21,3.4931752681732178,3.5865755871014087,3.4931752681732178,3.549215459530132,49299880
2014-10-22,3.4091150760650635,3.539875526205571,3.3997750439121703,3.5025153975939975,58142883
2014-10-23,3.3343944549560547,3.4277949952136786,3.3157143914413147,3.4184549634563086,52468119
2014-10-24,3.325054407119751,3.3624145339685696,3.306374343695342,3.325054407119751,44369355
2014-10-27,3.287694215774536,3.3250543418904415,3.2316540266006775,3.3157143103614652,41788999
2014-10-28,3.390434503555298,3.3997745343081816,3.2876939425896774,3.2876939425896774,55039552
2014-10-29,3.4651548862457275,3.493174979609505,3.3717543523492295,3.399774668396914,83428041
2014-10-30,3.5585553646087646,3.586575459288686,3.4277949227691322,3.4558150174490536,128396503
2014-10-31,3.5959153175354004,3.6332756646585467,3.511855037547112,3.5305350997667313,144710856
2014-11-03,3.6239359378814697,3.670636097352329,3.5678955238325134,3.5865755876208567,129557471
2014-11-04,3.736016035079956,3.8200765383869566,3.6145954070515813,3.633275692096177,233598779
2014-11-05,3.605255603790283,3.7173362077238883,3.5959155720194764,3.6986561441822743,126703248
2014-11-06,3.6612958908081055,3.6893159851540145,3.5678953536378266,3.605255479432372,107161922
2014-11-07,3.605255603790283,3.7173362077238883,3.577235508477863,3.6519559853282404,99975061
2014-11-10,3.7827165126800537,3.9601768870677856,3.5959154388157555,3.5959154388157555,200718506
2014-11-11,3.7173361778259277,3.820076749162399,3.6239358608690635,3.782716622379654,197888635
2014-11-12,3.8013968467712402,3.820076910953768,3.6706361748096143,3.698656271083406,130577836
2014-11-13,3.829416513442993,3.904136766135682,3.707996102817374,3.801396641367153,182819994
2014-11-14,3.7546963691711426,3.8107365603088788,3.698656178033406,3.7920564965963,116740760
2014-11-17,3.679975986480713,3.7827165560146767,3.6706359549488905,3.7827165560146767,77436127
2014-11-18,3.6332759857177734,3.67063611345839,3.59591563529323,3.661296081523236,75255982
2014-11-19,3.614595413208008,3.6426157294806716,3.5772352884230014,3.63327569828442,48849906
2014-11-20,3.605255603790283,3.670636048869854,3.567895476707056,3.5865755402486696,46742693
2014-11-21,3.6612958908081055,3.6612958908081055,3.5959154479837356,3.5959154479837356,66447845
2014-11-24,3.7453560829162598,3.8107360748982737,3.6799756455664525,3.7079957375661285,140024886
2014-11-25,3.848097085952759,3.857437341459545,3.726676659255854,3.7453569475854795,150281979
2014-11-26,3.848097085952759,3.9134775383965783,3.7920568890157256,3.829417020307081,143128722
2014-11-27,3.8854565620422363,3.9975373823840856,3.8294163745552217,3.8574366909826394,171085166
2014-11-28,4.062917232513428,4.072257486109714,3.8480962988446907,3.866776360669459,262552758
2014-12-01,4.128297328948975,4.343118244788285,3.9788568467538954,4.03489702757705,297326440
2014-12-02,4.184338092803955,4.259058344312767,4.016217526909127,4.09093777841794,205166418
2014-12-03,4.427178859710693,4.576619806391608,4.1376376657326706,4.146977919748651,316328370
2014-12-04,4.613979816436768,4.66067974924637,4.296418313713097,4.436519002877529,273496246
2014-12-05,4.436518669128418,4.744739894882705,4.231038000414819,4.632659530129834,266587435
2014-12-08,4.772761344909668,4.828801540626461,4.305759268568508,4.34311939904637,290477250
2014-12-09,4.595300197601318,5.090322116276925,4.492559622919117,4.6700204536000625,390947088
2014-12-10,4.744740962982178,4.754081218164747,4.464539988023317,4.595300443004119,210286002
2014-12-11,4.819460391998291,4.8941806391040314,4.651339836010375,4.7167202749118,186260426
2014-12-12,4.819460391998291,4.940881016229021,4.735400336688235,4.819460391998291,149511937
2014-12-15,4.744740962982178,4.810121413156519,4.651340637995891,4.810121413156519,123078731
2014-12-16,4.884840488433838,4.903520548900653,4.679359823298868,4.68869963084839,175821914
2014-12-17,4.7540812492370605,4.866161639953154,4.698041053879014,4.856821384709538,157020499
2014-12-18,4.922201633453369,5.062302338786945,4.726060735059937,4.754081054273798,234744403
2014-12-19,5.4172234535217285,5.4172234535217285,4.931541384578718,4.931541384578718,175800897
2014-12-22,5.958946228027344,5.958946228027344,5.669405012262535,5.958946228027344,507980002
2014-12-23,5.529304027557373,5.912245544175205,5.36118301412099,5.77214484810083,361969500
2014-12-24,5.604024887084961,5.865546244444128,5.379864105378147,5.473264431089319,288315971
2014-12-25,5.7441253662109375,5.7908253044954,5.2864631206688655,5.566664531847103,271246928
2014-12-26,5.753465175628662,5.8842260717059425,5.501284083719428,5.697424982467484,278814976
2014-12-29,5.958946228027344,6.220467125003621,5.622704629404271,5.725445204471738,345679750
2014-12-30,5.790824890136719,5.96828571180246,5.762805018244558,5.8935654595995866,165200042
2014-12-31,5.837525367736816,5.893565557822948,5.6787446064755205,5.828185113371874,153590757
2015-01-05,6.257826805114746,6.3232072473618395,5.912245421882592,6.005645735544279,368073698
2015-01-06,6.136406898498535,6.510008170098694,6.033666326124568,6.323207534298614,307210638
2015-01-07,6.145747184753418,6.295187704995873,5.977626599480656,6.052346859601883,228494364
2015-01-08,5.762804985046387,6.145746498063994,5.744124922103279,6.1083863721777805,225592434
2015-01-09,5.688084602355957,5.930925415027079,5.65072447732963,5.70676466486912,178664566
2015-01-12,5.342502593994141,5.6227039674186745,5.258442538261026,5.604023905548226,211338262
2015-01-13,5.361182689666748,5.426563129309443,5.277122633403636,5.286462441713844,105578194
2015-01-14,5.22108268737793,5.40788331584476,5.137022181883942,5.370523190151394,118985979
2015-01-15,5.435903549194336,5.445243357790116,5.1183420403170015,5.2304224156733,142572569
2015-01-16,5.454584121704102,5.585344571844609,5.379863864480955,5.491944250315675,153312310
2015-01-19,4.9128618240356445,5.31448343032135,4.9128618240356445,5.193062789339207,169683978
2015-01-20,4.996922016143799,5.034282145787022,4.8288014327492945,4.922201756857352,111316405
2015-01-21,5.239762306213379,5.249102114161362,4.978241003152992,5.006261317732523,151746312
2015-01-22,5.491944313049316,5.688085213184497,5.23042296441312,5.239763219356637,259890698
2015-01-23,5.407883167266846,5.5853439821186335,5.379863296450562,5.473263608117867,147449920
2015-01-26,5.538643836975098,5.557323900095654,5.342502951525337,5.3798635231342855,124705861
2015-01-27,5.473263740539551,5.669404622470287,5.342502855673842,5.566664054466609,132653989
2015-01-28,5.323822498321533,5.445243122392425,5.305142436569689,5.407882998888735,86792255
2015-01-29,5.277122974395752,5.398543607848968,5.230422593723642,5.277122974395752,72805224
2015-01-30,5.165042400360107,5.389203150246408,5.118342021449885,5.305142646355135,90701951
2015-02-02,4.800780296325684,4.9035208580545735,4.670019864813879,4.707379988102966,150562412
2015-02-03,4.875500679016113,4.903520994949089,4.772760559786767,4.819460492517976,83034664
2015-02-04,4.8474812507629395,5.024942080216825,4.838140996143752,4.9222015062450275,95045519
2015-02-05,4.7540812492370605,5.024942416151561,4.744740993993445,4.950222155674165,85053432
2015-02-06,4.567279815673828,4.744740643897438,4.501899815264185,4.726060580156418,104198161
2015-02-09,4.613979816436768,4.670020003028978,4.4178389406801255,4.5392595676471545,103740022
2015-02-10,4.660679817199707,4.670020071118498,4.585959567320662,4.585959567320662,59087597
2015-02-11,4.707380294799805,4.763420483384585,4.651340106215025,4.698040486052922,55077081
2015-02-12,4.744740962982178,4.763421027979436,4.651340637995891,4.707380832987663,55202308
2015-02-13,4.800780296325684,4.894180604548401,4.72606004974751,4.72606004974751,84770144
2015-02-16,4.828800678253174,4.856820548423572,4.80078036271497,4.810120616350307,45397549
2015-02-17,4.894181251525879,4.9035215062667685,4.828801249811085,4.856821123298037,56512994
2015-02-25,4.894181251525879,4.894181251525879,4.894181251525879,4.894181251525879,0
2015-02-26,5.043622016906738,5.062302080306222,4.763420620546648,4.819460810745097,121111089
2015-02-27,5.052961349487305,5.080981664628462,4.987581356437604,5.043621541352119,82829093
2015-03-02,5.24910306930542,5.3238233279567915,5.062302422676992,5.118342616665521,143585186
2015-03-03,5.305142879486084,5.501283766939787,5.090321928720973,5.230422626240452,184745858
2015-03-04,5.267782688140869,5.37986351200008,5.230422561977077,5.258442879283838,78300186
2015-03-05,5.127681732177734,5.25844261248438,5.0529614836412575,5.230422296599296,82304102
2015-03-06,5.641384124755859,5.641384124755859,5.090321622200523,5.118341938164275,155981249
2015-03-09,5.828185081481934,5.930925652094934,5.54798413258444,5.6413844488836045,350790818
2015-03-10,5.7441253662109375,5.865546007412698,5.678744918171251,5.697424982558609,175924091
2015-03-11,5.585343837738037,5.846865149014008,5.4919435284851215,5.71610427069212,161716169
2015-03-12,5.62270450592041,5.81884539702897,5.576004124087763,5.604024442260921,134818785
2015-03-13,5.641384124755859,5.734784435688676,5.5106236894499165,5.641384124755859,109960152
2015-03-16,5.725444316864014,5.734784124767015,5.557323320932115,5.632044010995064,148429778
2015-03-17,5.865545272827148,5.93092526731095,5.688084460688041,5.725444584783873,255943856
2015-03-18,5.958946228027344,6.071026612445748,5.818845524820408,5.865545907678673,276087215
2015-03-19,6.033666133880615,6.29518701566818,5.884225630002008,5.968285690749808,321972088
2015-03-20,5.921586036682129,6.052346483774559,5.809505208092193,5.977626228293171,234480899
2015-03-23,6.127066612243652,6.192447057118477,5.9215859139293885,5.986965913436369,307573921
2015-03-24,6.052346229553223,6.22046679732465,5.90290572486751,6.145746544981793,321469517
2015-03-25,5.856205940246582,6.024326525121647,5.8095055550973465,6.024326525121647,242692425
2015-03-26,5.940265655517578,6.099046409203863,5.688084589476954,5.7534645854410815,243514406
2015-03-27,5.884225368499756,6.014985803582382,5.846865244190433,5.9589456171184,160391213
2015-03-30,6.09904670715332,6.145746642927956,5.865545692176618,5.902905818943463,278601814
2015-03-31,5.8935651779174805,6.164426301891046,5.865545307364525,6.1177263691801835,281693560
2015-04-01,5.949605464935303,5.9963058438031815,5.837525090093779,5.884225468961658,208176838
2015-04-02,6.09904670715332,6.117726770536743,5.902905818943463,5.977626072477153,312712461
2015-04-03,6.155086517333984,6.201786450225711,6.014985827923177,6.0430056985846505,286323404
2015-04-07,6.612748622894287,6.650108749378719,6.192446977260503,6.229807103744935,478325027
2015-04-08,6.6034088134765625,6.706148938617356,6.369907800281933,6.6687888121356425,358059521
2015-04-09,6.463308334350586,6.687469100796851,6.257827186406989,6.687469100796851,328254983
2015-04-10,6.538028240203857,6.631428554561776,6.379247483111483,6.425947862974357,245736163
2015-04-13,6.659449100494385,6.66878890956735,6.45396795647502,6.538028464970928,306795490
2015-04-14,6.538028240203857,6.668788680304942,6.491327860340984,6.6127484916901915,247868690
2015-04-15,6.696808815002441,7.005030066677396,6.472647621277499,6.538028062232236,425962188
2015-04-16,6.911630630493164,7.033051273919906,6.575389019991368,6.631429214180355,293291778
2015-04-17,7.4907121658325195,7.602792533831223,6.911629373770297,6.977009365752311,526388216
2015-04-20,7.826953887939453,8.19121578075345,7.322591746746967,7.518732628918248,686256109
2015-04-21,7.733553409576416,7.798934299833299,7.387972012379736,7.658833155627712,380987497
2015-04-22,8.107155799865723,8.359336441407136,7.6401537540805675,7.752234138180719,404288260
2015-04-23,8.919739723205566,8.919739723205566,8.032435967551097,8.116495592009,551234110
2015-04-24,8.835678100585938,9.321359729768874,8.639537219962763,8.873038225907703,591982787
2015-04-27,9.498821258544922,9.666942272558853,8.695578096312417,8.93841847232227,525267818
2015-04-28,9.694962501525879,10.161964543656785,9.153240203912885,9.25598033251683,569102183
2015-04-29,9.340039253234863,9.666940983392305,9.227958889084311,9.666940983392305,366962904
2015-04-30,8.873037338256836,9.340039303428249,8.788976842008292,9.265319060259667,411430167
2015-05-04,8.929079055786133,9.125219940726346,8.452736779397664,8.798318168914102,317531559
2015-05-05,8.21923542022705,8.89171855307593,8.125834663454619,8.89171855307593,328195354
2015-05-06,8.17253589630127,8.546137180980752,7.9577153802944975,8.312636155372145,270157694
2015-05-07,7.780254364013672,8.153855661273873,7.696193849446188,7.995075777990103,241462505
2015-05-08,7.911014080047607,8.013754198741767,7.565432709092033,7.93903395046681,245585624
2015-05-11,8.247255325317383,8.265935833043933,7.854973570416175,8.004414069286039,258591331
2015-05-12,8.359334945678711,8.39669506702728,8.13517421758729,8.265935087675063,251890624
2015-05-13,8.069795608520508,8.321976248083429,7.99507535303996,8.303296629581146,266497904
2015-05-14,8.873037338256836,8.873037338256836,7.780252668496886,7.985733782578264,481693191
2015-05-15,9.741661071777344,9.760340686805298,9.227958742843267,9.51749945629311,1019013679
2015-05-18,8.901058197021484,9.3400403425262,8.87303832539989,9.246639582806674,649803960
2015-05-19,9.097199440002441,9.190600203419706,8.704917658827037,8.779637913266573,398801529
2015-05-20,8.929079055786133,9.199940193014458,8.826338040838227,9.097199178066552,403085221
2015-05-21,8.86369800567627,8.95709876470449,8.695577886455384,8.901058131140427,297997997
2015-05-22,9.097199440002441,9.199940457908571,8.798318422244302,8.891719185661568,437660898
2015-05-25,9.442780494689941,9.573541380552571,8.985118730274232,9.069179236133374,535761911
2015-05-26,9.470800399780273,9.592221020503358,9.181258782558217,9.442779639873391,544539294
2015-05-27,9.424100875854492,9.592221887550025,9.19994012075089,9.470801255851658,494178343
2015-05-28,8.480756759643555,9.470801451210047,8.480756759643555,9.433441324588802,513709440
2015-05-29,8.265935897827148,8.658217655802815,7.7335530030112345,8.396695889995275,434084556
2015-06-01,8.676898002624512,8.686238257346458,8.191216336647553,8.2659365929517,316446999
2015-06-02,8.71425724029541,8.854357483865376,8.499436748056713,8.667556862193546,382013151
2015-06-03,8.985118865966797,9.097199245226395,8.611517601768131,8.69557810889675,399511994
2015-06-04,8.854357719421387,8.985118603438165,8.125834830152252,8.985118603438165,345141076
2015-06-05,9.218620300292969,9.480141197189983,8.85435838299177,8.910399020551845,575550020
2015-06-08,9.704303741455078,10.068564801230961,9.227961396340373,9.321361279808329,708691390
2015-06-09,9.872422218322754,10.087243606365497,9.255979706893779,9.610901341811964,640108077
2015-06-10,9.52684211730957,9.947143805138449,9.480141731831747,9.620242888265217,420413034
2015-06-11,9.741661071777344,9.947141290762541,9.358719610981108,9.433439852564007,446381895
2015-06-12,9.666942596435547,9.881763107552215,9.442780939994876,9.788362343140626,389806237
2015-06-15,9.377401351928711,9.77902340953885,9.340041222667471,9.713642515279872,372842969
2015-06-16,8.630196571350098,9.302679687129572,8.499436584070482,9.246639056341445,369803933
2015-06-17,9.050498008728027,9.125219145238015,8.574156664600146,8.630196403563147,278988471
2015-06-18,8.71425724029541,9.293339612845896,8.686237369728543,8.9664387476041,270154649
2015-06-19,7.939034461975098,8.676897629282179,7.845633700245825,8.48075674223925,271984183
2015-06-23,8.116494178771973,8.125834432330677,7.219850769423146,7.93903381483463,262537027
2015-06-24,8.546135902404785,8.57415666261539,8.116494043933661,8.209894796497833,304020767
2015-06-25,8.247255325317383,8.845018211532471,8.041774194003503,8.527456706066195,318158545
2015-06-26,8.09781551361084,8.863698580677907,7.658833342877802,8.041774876411335,500239270
2015-06-29,8.536796569824219,8.76095730788556,7.864313464904601,8.29395532488997,636649724
2015-06-30,8.71425724029541,8.742277110862279,7.686852484996907,8.546136235422951,662831234
2015-07-01,7.920353412628174,8.602176788939508,7.864313672004874,8.312635159933738,439388535
2015-07-02,7.126451015472412,7.8736544343623125,7.126451015472412,7.7522338008533325,383515288
2015-07-03,6.41660737991333,6.967669883015157,6.41660737991333,6.650108380160841,305432890
2015-07-06,5.949605464935303,6.892949733271012,5.790824711225901,6.883609479350308,420589540
2015-07-07,5.501283645629883,5.846865477322194,5.351843142433962,5.790824843255894,521100302
2015-07-08,4.950221538543701,5.1090018495795215,4.950221538543701,4.950221538543701,272654033
2015-07-09,5.445243835449219,5.445243835449219,4.4645397970021,4.950221911518123,439262298
2015-07-10,5.986965179443359,5.986965179443359,5.445242959479521,5.613363955584015,393005806
2015-07-13,6.575388431549072,6.584728685761966,6.033666157500606,6.071026283616511,569440689
2015-07-14,6.089705944061279,6.603408312243952,6.033665758592447,6.351227254950303,436965210
2015-07-15,5.482603549957275,5.977625881886436,5.482603549957275,5.940265756310781,292377963
2015-07-16,5.641384124755859,5.83752500039868,5.146362254128027,5.482603373486165,234206594
2015-07-17,6.0616865158081055,6.071026770770484,5.6413848405942195,5.660064905151106,253178001
2015-07-20,6.20178747177124,6.351228439596687,5.921586492163317,6.080367269958417,321794597
2015-07-21,6.192446708679199,6.3418872081353355,6.0056456389912105,6.1177264589511315,264244684
2015-07-22,6.304527282714844,6.388587789002082,5.977625957129122,6.117726652485241,324076800
2015-07-23,6.584728240966797,6.724828481753823,6.211126559676517,6.285846806861012,424699549
2015-07-24,6.566049098968506,7.051731219071779,6.42594839318782,6.519348715252322,541035217
2015-07-27,5.912245273590088,6.491327649135673,5.912245273590088,6.332547342577289,359784934
2015-07-28,5.6133646965026855,5.89356565138145,5.323823041742856,5.510624123696548,325974556
2015-07-29,5.96828556060791,6.005645685762903,5.5666639925078245,5.706764684522959,214400760
2015-07-30,5.669405460357666,6.164427420014804,5.613365263719192,5.921586567914748,229354520
2015-07-31,5.837525367736816,5.856205431098861,5.576004035300357,5.576004035300357,197022338
2015-08-03,5.958946228027344,6.00564616551775,5.510624244985866,5.725445204471738,230684561
2015-08-04,6.211127758026123,6.239147633442447,5.977626717839937,6.02432665865644,176619922
2015-08-05,6.04300594329834,6.239146827342703,5.977625945528774,6.164426575395866,149717302
2015-08-06,5.930925369262695,6.07102605971428,5.837525057417578,5.884225436024045,93193688
2015-08-07,6.1177263259887695,6.201786382421979,5.940265514057622,5.940265514057622,135679195
2015-08-10,6.734169960021973,6.734169960021973,6.276507694734092,6.397928341174538,400574070
2015-08-11,6.724828720092773,6.986350039875055,6.631428407801894,6.724828720092773,417781595
2015-08-12,6.687468528747559,6.799549347751097,6.538028030566594,6.612748279657076,239279639
2015-08-13,6.930309772491455,6.995689767656362,6.603408460563481,6.631428331243351,285728465
2015-08-14,6.827569484710693,7.09843062090957,6.78086954989203,6.98635024290338,273162640
2015-08-17,7.051730632781982,7.135790692967241,6.743508927543271,6.790209307376726,237173351
2015-08-18,6.3512282371521,7.051731331895293,6.3512282371521,7.005030947431931,311364824
2015-08-19,6.397927761077881,6.519348396509184,5.772144965789614,6.07102642715101,218827702
2015-08-20,6.20178747177124,6.55670915797583,6.16442734115685,6.267167923030366,195797986
2015-08-21,5.781485080718994,6.164426595904469,5.697424574315224,6.0710262806601865,175322698
2015-08-24,5.202402591705322,5.557323783552831,5.202402591705322,5.510623849414703,164016621
2015-08-25,4.679360866546631,4.884841577492834,4.679360866546631,4.688700676178432,144661986
2015-08-26,4.352458477020264,4.847480790654873,4.259058166532925,4.679360231777664,236310060
2015-08-27,4.660679817199707,4.670020071118498,4.2310383803952,4.483219446420885,181709871
2015-08-28,5.07164192199707,5.090321985516903,4.679360588080574,4.77276090567974,222533859
2015-08-31,5.006261825561523,5.043621951878802,4.763420559131377,4.9502216360856055,186966851
2015-09-01,5.183722496032715,5.258442746473115,4.679360360192192,4.866160986293192,275877745
2015-09-02,4.7167205810546875,5.183722601144544,4.68870026388745,4.94088133692126,139925185
2015-09-07,4.763421058654785,4.996922095308136,4.726060928419679,4.838141319124996,98189472
2015-09-08,4.931541919708252,4.968902048652659,4.660680316809501,4.68870063620174,93209664
2015-09-09,5.109002113342285,5.118342367903687,4.922201475792748,4.978241667057609,143408731
2015-09-10,4.894181251525879,5.118342466260789,4.828801249811085,5.006262081577264,125006360
2015-09-11,4.894181251525879,4.9875820174633425,4.791441121583243,4.875501187411958,84587365
2015-09-14,4.735400199890137,5.043621432981202,4.408498460194483,4.950221126797211,155077526
2015-09-15,4.32443904876709,4.660680200904904,4.296418730071677,4.576620135554379,87959990
2015-09-16,4.707380294799805,4.754080674637702,4.333778592200109,4.333778592200109,108781315
2015-09-17,4.632659435272217,4.894180281007391,4.623319182383504,4.698039869389896,121130105
2015-09-18,4.69804048538208,4.74474041984548,4.604639725719621,4.670020168409776,72926275
2015-09-21,4.763421058654785,4.791441379015056,4.6326606028319155,4.688700798184574,87313479
2015-09-22,4.828800678253174,4.931541241402847,4.735400368738837,4.772760492544572,123145704
2015-09-23,4.623319625854492,4.716720382229584,4.567279439250125,4.670020004042038,102409144
2015-09-24,4.679360866546631,4.7167209958095775,4.62332022728434,4.62332022728434,61802861
2015-09-25,4.5019001960754395,4.716721169952581,4.445860000111997,4.66068052862125,70014444
2015-09-28,4.529919147491455,4.557939462442348,4.445859093374371,4.511239085980126,44770589
2015-09-29,4.371138572692871,4.464539329265441,4.3244386397744,4.455199075461058,52236382
2015-09-30,4.3617987632751465,4.427178758419861,4.352458509472865,4.417838949985394,44167053
2015-10-08,4.529919147491455,4.604639393536773,4.511239085980126,4.576619523953677,77057038
2015-10-09,4.670019626617432,4.707379748000949,4.5018990803916035,4.529918948745353,98019568
2015-10-12,4.894181251525879,4.968901953349421,4.679360736899717,4.726060674500591,145031480
2015-10-13,4.838140487670898,4.884840865123072,4.791440555586531,4.838140487670898,90800586
2015-10-14,4.8474812507629395,5.099662335698914,4.782100804532186,4.81946093227323,183922107
2015-10-15,4.978240966796875,4.9875812200444365,4.763420041148614,4.7914403555235126,138076381
2015-10-16,5.015601634979248,5.052961761300417,4.903521256015741,4.996921571818664,155175436
2015-10-19,5.043622016906738,5.090321952721526,4.9035213187266935,4.959561508925143,170620056
2015-10-20,5.024941921234131,5.062302047793149,4.931541604836586,5.024941921234131,126248772
2015-10-21,4.660679817199707,5.062301828351303,4.613979883709214,5.01560144949299,185293607
2015-10-22,4.838140487670898,4.856820549578207,4.6233195530529505,4.660679676867567,152690681
2015-10-23,4.9035210609436035,4.950221439671147,4.7821004325462475,4.894180807050968,142764482
2015-10-26,5.043622016906738,5.137022333904155,4.856820937544064,4.9502216999093225,233166794
2015-10-27,4.950221538543701,4.987581664124815,4.763420465270304,4.9595613472550655,132118984
2015-10-28,4.978240966796875,5.174381831317799,4.828800477778185,4.922200783414866,220351021
2015-10-29,4.9035210609436035,4.996921373030871,4.847480873691244,4.9689015020886,130218863
2015-10-30,4.800780296325684,4.894180604548401,4.772760426542768,4.856820481259314,86793370
2015-11-02,4.651340007781982,4.791440698962994,4.6419997538649325,4.726060257647103,92313177
2015-11-03,4.6887006759643555,4.772761189486082,4.651340546703116,4.698040930963601,62713176
2015-11-04,4.9035210609436035,4.91286131483624,4.698040374351617,4.71672043676907,130624628
2015-11-05,5.090322017669678,5.305142972188587,4.875501063150768,4.894181126788593,341285594
2015-11-06,5.127681732177734,5.183722363947903,5.024941613123985,5.0436216752581045,217380013
2015-11-09,5.183722496032715,5.277122809083215,5.052961612394192,5.090321737614392,234407384
2015-11-10,5.305142879486084,5.361183069420308,5.062302056437781,5.127682055343789,262856189
2015-11-11,5.1930623054504395,5.286462618515266,5.1463623716019375,5.249102493289335,159059166
2015-11-12,5.174382209777832,5.389203151138333,5.165042401214934,5.202402526202167,194499826
2015-11-13,5.006261825561523,5.118342204513359,4.9969215712982855,5.09966214135472,133964874
2015-11-16,5.043622016906738,5.0529618259225595,4.88484125532721,4.922201382126176,85027173
2015-11-17,5.052961349487305,5.17438197281932,5.015601226210961,5.06230160299029,127388143
2015-11-18,4.96890115737915,5.118341646351586,4.950221096257596,5.034281148620697,79795200
2015-11-19,5.043622016906738,5.0529618259225595,4.959561508925143,4.996921635724109,64757412
2015-11-20,5.034281253814697,5.127681561374119,5.006261384230769,5.043621507254538,109567521
2015-11-23,4.922201633453369,5.099662467493516,4.903521569100084,5.062302338786945,119172740
2015-11-24,4.875500679016113,4.931541310882064,4.763420306019838,4.912861248716018,107671186
2015-11-25,4.9035210609436035,4.922201123361057,4.856820682216061,4.875500744633515,72220535
2015-11-26,4.996922016143799,5.080982530524989,4.922201756857352,4.959561886500576,151835448
2015-11-27,4.651340007781982,5.034281511024638,4.585959566466092,4.987581577542847,148906709
2015-11-30,4.660679817199707,4.735400512446572,4.455199130032334,4.595299821239453,119564143
2015-12-01,4.6887006759643555,4.744740869856216,4.60464016244263,4.642000291703869,59456854
2015-12-02,4.819460391998291,4.86616076912328,4.641999582438256,4.6886999595632455,99808605
2015-12-03,4.828800678253174,4.838140486520705,4.7634202389092355,4.79144055444744,66764364
2015-12-04,4.707380294799805,4.819460671969364,4.670020169076618,4.782100546246178,66652890
2015-12-07,4.7167205810546875,4.772760770021331,4.679360455076925,4.7167205810546875,48927256
2015-12-08,4.576620101928711,4.688700485151164,4.520579910317484,4.679360675899886,67312522
2015-12-09,4.576620101928711,4.6139802296695285,4.520579910317484,4.557940038058303,66398869
2015-12-10,4.539260387420654,4.595300584133515,4.483220190707794,4.576620518562561,66499326
2015-12-11,4.613979816436768,4.66067974924637,4.445859256660137,4.511239251667143,90503730
2015-12-14,4.772761344909668,4.800781220084121,4.529920051435679,4.548600116674611,120642833
2015-12-15,4.679360866546631,4.772761189703996,4.660680356547287,4.74474087007285,75381816
2015-12-16,4.735400199890137,4.7914403836005315,4.679360016179743,4.688699824114246,71873911
2015-12-17,4.791440963745117,4.838140899807616,4.754080836747981,4.782100709311911,98866347
2015-12-18,4.838140487670898,4.903520927030381,4.744740178134357,4.838140487670898,120505266
2015-12-21,4.894181251525879,4.92220157038069,4.791441121583243,4.8381410591841165,107695178
2015-12-22,4.96890115737915,5.024941340743814,4.884840659648261,4.884840659648261,124297515
2015-12-23,4.828800678253174,4.968901365208582,4.80078036271497,4.968901365208582,92306693
2015-12-24,4.819460391998291,4.9222009544525855,4.75408039846467,4.884840830899716,74338637
2015-12-25,4.828800678253174,4.856820548423572,4.754080430641705,4.80078036271497,54785919
2015-12-28,4.623319625854492,4.828800755438317,4.613979817437671,4.810120693236862,92227277
2015-12-29,4.707380294799805,4.716720548914516,4.613979980491838,4.641999852100313,53776413
2015-12-30,4.735400199890137,4.754080261126935,4.670019762877448,4.726059946587843,52566073
2015-12-31,4.642000198364258,4.744740774450735,4.57662019615566,4.735400965007162,58594658
2016-01-04,4.287078380584717,4.651339805521414,4.277738127073822,4.632659743867425,69012636
2016-01-05,4.315098285675049,4.371138471095371,4.128297667607308,4.203017914834404,88486927
2016-01-06,4.5859599113464355,4.670020421450253,4.305758953280132,4.324439017151219,122522862
2016-01-07,4.146978855133057,4.501900571174914,4.128298788255481,4.492560315052163,31712266
2016-01-08,4.5579400062561035,4.5579400062561035,4.156317967792777,4.259058541047099,211746481
2016-01-11,4.249719142913818,4.576620512668445,4.156318369811445,4.520580316027757,166166865
2016-01-12,4.287078380584717,4.333778312035791,4.15631750363899,4.221697942111853,75317313
2016-01-13,4.268398284912109,4.483219214904794,4.2497182234069975,4.296418154485878,120767959
2016-01-14,4.371138572692871,4.389818634933822,4.02555719855137,4.156317634238027,84837402
2016-01-15,4.109617710113525,4.352458519765532,4.034897460989831,4.2870785244662075,108015885
2016-01-18,4.090937614440918,4.193677733463489,3.9695169879220855,4.016217365927117,57705358
2016-01-19,4.212358474731445,4.240378346795223,4.062917524042562,4.081597587207693,59413204
2016-01-20,4.146978855133057,4.259059256398508,4.072258587622755,4.184338988888207,73358887
2016-01-21,4.072257995605469,4.24037857306259,4.062917740840588,4.08159780500249,78120332
2016-01-22,4.081597805023193,4.174998125833179,3.9601771652862814,4.100277869185191,84724442
2016-01-25,4.081597805023193,4.146978252274113,4.053577931464128,4.090938059788122,76400238
2016-01-26,3.7173361778259277,4.062917573250246,3.679976051043182,4.044237509858873,86314010
2016-01-27,3.5959153175354004,3.7733761313056946,3.4091146953392033,3.745356260660172,81486864
2016-01-28,3.3624143600463867,3.623935679828668,3.2596740165264197,3.5772353009993187,82159413
2016-01-29,3.511855125427246,3.558555282144913,3.381094463933866,3.418454811991912,66536548
2016-02-01,3.427794933319092,3.5398753123837343,3.315714331570531,3.530535280795014,59026336
2016-02-02,3.773375988006592,3.773375988006592,3.3997745351183153,3.3997745351183153,112907318
2016-02-03,3.8013968467712402,4.034897871736769,3.6893162389921423,3.773376527813518,150240938
2016-02-04,3.8013968467712402,3.922817041273741,3.7640367184061843,3.7640367184061843,93071098
2016-02-05,3.6986560821533203,3.820076715821426,3.689316050539152,3.80139665259309,66149249
2016-02-15,3.7546963691711426,3.8107365603088788,3.5492154456488505,3.605255636786587,62650952
2016-02-16,3.829416513442993,3.876116894059842,3.71733613440396,3.726676165990546,79476355
2016-02-17,3.8574368953704834,3.8947970223413675,3.7920564504875136,3.8107365139729557,74166395
2016-02-18,3.894796848297119,3.997537415559872,3.8480964689864607,3.8667765316371594,108368421
2016-02-19,3.922816753387451,3.9788573871902053,3.810736376517599,3.857436756230618,81995167
2016-02-22,4.240378379821777,4.315098633064266,3.8761169225807266,3.950837175823215,213502169
2016-02-23,4.240378379821777,4.2964185697536434,4.128297999958045,4.212358507539764,133087320
2016-02-24,4.249719142913818,4.315099149644007,4.174998435358341,4.203018756362631,138250670
2016-02-25,4.053577899932861,4.352458924199932,3.9975377078827856,4.212358666758671,168346786
2016-02-26,4.3337788581848145,4.371138986200971,4.016217770047488,4.0909380260798,156253948
2016-02-29,4.2030181884765625,4.240378314522483,3.9975374952239995,4.240378314522483,116082006
2016-03-01,4.128297328948975,4.296417871418439,3.9975369070282802,4.212357822867591,209208025
2016-03-02,4.371138572692871,4.427178759415725,3.9975373278738506,4.02555719855137,222133255
2016-03-03,4.305758953094482,4.539259974156927,4.305758953094482,4.343119080835046,193435419
2016-03-04,4.315098285675049,4.399158786489434,4.109617605800533,4.305758477455564,140560317
2016-03-07,4.389819622039795,4.492560210151442,4.277739223391406,4.399159877944451,130884269
2016-03-08,4.539260387420654,4.623320459805998,4.343119476241695,4.436519804096463,231101113
2016-03-09,4.19367790222168,4.417839102151387,4.174997839341523,4.343118850630761,172267690
2016-03-10,4.072257995605469,4.24037857306259,4.0535779314435665,4.2030184447387855,77610172
2016-03-11,4.146978855133057,4.184338988888207,3.969517997112128,4.016218386990029,100398777
2016-03-14,4.156318187713623,4.249718956723894,4.118958058256664,4.165658442761799,140283794
2016-03-15,4.062917232513428,4.137637479812501,4.006877047039123,4.137637479812501,72041261
2016-03-16,4.034897804260254,4.100277805121806,4.025557549641259,4.0535778681303904,44773462
2016-03-17,4.11895751953125,4.156317644101815,4.0348974619313855,4.090937648787234,67586155
2016-03-18,4.231038570404053,4.268398697021356,4.137637808492955,4.165658126139852,95154130
2016-03-21,4.277737617492676,4.315097736350169,4.193677127379443,4.2310376916046835,111605414
2016-03-22,4.19367790222168,4.259058344986142,4.1843380934655166,4.240378282105985,80006500
2016-03-23,4.231038570404053,4.240378379374459,4.165658126139852,4.203018252757156,71725151
2016-03-24,4.072257995605469,4.174998125812002,4.062917740840588,4.165658316414981,89154500
2016-03-25,4.072257995605469,4.1189579333262945,4.034897867281664,4.072257995605469,48085752
2016-03-28,4.0162177085876465,4.1096180271987395,4.006877454042613,4.072257899754303,49801204
2016-03-29,4.053577899932861,4.109618091982937,3.9975377078827856,4.044237645240587,65183279
2016-03-30,4.146978855133057,4.146978855133057,4.053578520745179,4.072258587622755,70733418
2016-03-31,4.100277423858643,4.1563176102581725,4.100277423858643,4.137637548124996,52369674
2016-04-01,4.19367790222168,4.212358410469665,4.081597524940741,4.090937779064734,79727457
2016-04-05,4.296418190002441,4.333778313321504,4.165657758385721,4.193677628191118,139220415
2016-04-06,4.3337788581848145,4.464539751609217,4.2590586021525025,4.27773866616058,90132141
2016-04-07,4.221698760986328,4.389819348482249,4.221698760986328,4.315099087372951,66293942
2016-04-08,4.221698760986328,4.277738956818302,4.156318309831749,4.231039016308934,62069788
2016-04-11,4.287078380584717,4.333778312035791,4.2403780037658425,4.259058065419833,137631476
2016-04-12,4.240378379821777,4.2964185697536434,4.212358507539764,4.2870787607822525,50225233
2016-04-13,4.343119144439697,4.567279914165892,4.305759016151998,4.315098825539993,231488077
2016-04-14,4.32443904876709,4.371138986102302,4.27773866606402,4.352458922094646,82579062
2016-04-15,4.268398284912109,4.333778277496102,4.221697908465432,4.333778277496102,67889693
2016-04-18,4.296418190002441,4.352458374981036,4.193677628191118,4.249718258537513,74820605
2016-04-19,4.305758953094482,4.352458890086259,4.2403785068645705,4.296418698475415,72847834
2016-04-20,4.259057998657227,4.352458305463084,4.081597193042201,4.343118497466395,113200660
2016-04-21,4.3337788581848145,4.445859687601139,4.249718792832391,4.2590586021525025,194152114
2016-04-22,4.165658473968506,4.2777388631790245,4.090938214494827,4.259058798310605,116509898
2016-04-25,4.109617710113525,4.165657896956296,4.044237269446385,4.165657896956296,58803913
2016-04-26,4.156318187713623,4.174998252442102,4.034897989662443,4.118958058256664,68528519
2016-04-27,4.053577899932861,4.1469782200163205,4.053577899932861,4.137637965324046,50935065
2016-04-28,3.9414970874786377,4.090938045625103,3.88545689518666,4.072257981527778,75375175
2016-04-29,3.932157039642334,3.9881972285356704,3.90413672251175,3.9414968484406407,37454321
2016-05-03,4.0162177085876465,4.0162177085876465,3.913477135431519,3.9508372628759565,51373815
2016-05-04,3.9881973266601562,4.016217644480144,3.960177008840168,3.9975375810560996,42852142
2016-05-05,3.9881973266601562,3.9975375810560996,3.9508371998120673,3.978857517632055,30503329
2016-05-06,3.8107361793518066,4.006877051409721,3.773376055661519,3.9788571813259073,65518146
2016-05-09,3.642615795135498,3.8013965510175627,3.6145954783577934,3.8013965510175627,68940045
2016-05-10,3.6893160343170166,3.726676160609415,3.642615876451519,3.642615876451519,42244340
2016-05-11,3.6612958908081055,3.7173360794999235,3.633275796462196,3.7173360794999235,28902106
2016-05-12,3.679975986480713,3.698656049544358,3.577235416946749,3.6239357972897785,43900142
2016-05-13,3.6332759857177734,3.689316177328698,3.6145956991635386,3.6519560495880814,29069888
2016-05-16,3.6893160343170166,3.6893160343170166,3.595915495902103,3.6332758448784195,28324313
2016-05-17,3.707996368408203,3.7733765941972632,3.6799762716414635,3.6893163038970433,43038941
2016-05-18,3.605255603790283,3.6893161124114675,3.577235508477863,3.670636048869854,35940925
2016-05-19,3.6612958908081055,3.7360161423971965,3.5959154479837356,3.605255479432372,41443336
2016-05-20,3.6612958908081055,3.679975953705378,3.5772353850864627,3.605255479432372,32172778
2016-05-23,3.6706361770629883,3.7079963054509792,3.651956112868993,3.6706361770629883,27093235
2016-05-24,3.6239359378814697,3.661296065458157,3.6052556514092005,3.661296065458157,20230499
2016-05-25,3.614595413208008,3.661295791873175,3.605255382011756,3.6519557606769233,17095801
2016-05-26,3.7173361778259277,3.7360162412173006,3.558555416315338,3.6145956064894564,59506723
2016-05-27,3.707996368408203,3.7827168491367775,3.6612962071303032,3.6893163038970433,38645024
2016-05-30,3.7266762256622314,3.7453565118184313,3.661296003509258,3.7173361939260925,40145587
2016-05-31,3.838756799697876,3.85743686302669,3.7079961337122596,3.7079961337122596,103667439
2016-06-01,3.8107361793518066,3.8667763648872384,3.7920561175066627,3.8107361793518066,74643216
2016-06-02,3.8013968467712402,3.8387569751362958,3.773376527813518,3.7920565919960456,49736449
2016-06-03,3.7920565605163574,3.8013968152140136,3.7733764964889014,3.7920565605163574,41986788
2016-06-06,3.7920565605163574,3.8294166885712686,3.7640366871591024,3.8013968152140136,33660306
2016-06-07,3.838756799697876,3.8761169263555035,3.7733763553631077,3.8013966730402484,71460270
2016-06-08,3.7546963691711426,3.820076814849093,3.7173362417459845,3.820076814849093,64831159
2016-06-13,3.605255603790283,3.7546963348071154,3.5865755402486696,3.7173362077238883,51569190
2016-06-14,3.605255603790283,3.6239358900158196,3.5865755402486696,3.5959155720194764,29034904
2016-06-15,3.6519558429718018,3.6706359057852502,3.5678953376273697,3.586575400440818,40869503
2016-06-16,3.6893160343170166,3.698656065890116,3.6145955590483023,3.6519559080246187,48386253
2016-06-17,3.7640364170074463,3.7920562883536646,3.6612958495463865,3.679975912233141,69288754
2016-06-20,3.642615795135498,3.782716488288368,3.6052554469931963,3.782716488288368,112747144
2016-06-21,3.549215316772461,3.670635949179215,3.511855190703896,3.670635949179215,155598748
2016-06-22,3.5678951740264893,3.5678951740264893,3.4838348952204385,3.5025149571773384,80584459
2016-06-23,3.549215316772461,3.5865754428410264,3.493175127669613,3.5305352537381784,106872008
2016-06-24,3.4744949340820312,3.549215183411567,3.4184547470848794,3.539875152245375,123165261
2016-06-27,3.5025153160095215,3.5305354118155265,3.446475124397512,3.446475124397512,74040134
2016-06-28,3.511855125427246,3.5211951567707795,3.455814937366046,3.4838350313966457,51596256
2016-06-29,3.5305354595184326,3.549215523641499,3.5025153633338335,3.5211954274568997,101938091
2016-06-30,3.52119517326355,3.539875236038111,3.502515110488988,3.5305352046508305,60324521
2016-07-01,3.5398752689361572,3.54921530041024,3.5118551745139084,3.5211952059879916,56728719
2016-07-04,3.6519558429718018,3.6893159685986987,3.5305352120004727,3.5305352120004727,183617182
2016-07-05,3.6612958908081055,3.6893159851540145,3.614595510881008,3.62393576501356,107810777
2016-07-06,3.679975986480713,3.717336112608003,3.614595543074039,3.6426158603534233,105197038
2016-07-07,3.7173361778259277,3.7733763680000463,3.6706360193474956,3.6893160827388685,136103554
2016-07-08,3.642615795135498,3.6986559833230808,3.642615795135498,3.6799759205938867,81764511
2016-07-11,3.736016035079956,3.8200765383869566,3.6612957856372077,3.679975847997895,166690147
2016-07-12,3.8200764656066895,3.8480963359299754,3.7173359018964196,3.726675932898816,164063196
2016-07-13,3.8761167526245117,3.913476877607625,3.8013965026582843,3.838756627641398,192029947
2016-07-14,3.848097085952759,3.857437341459545,3.8013971445225123,3.848097085952759,100246980
2016-07-15,3.838756799697876,3.913477053013131,3.8107364820207352,3.848096608678363,95160555
2016-07-18,3.7827165126800537,3.838756701228995,3.7733762585713158,3.829416447120257,65210069
2016-07-19,3.7453560829162598,3.7827162055824943,3.717335768232687,3.773375952232039,75750328
2016-07-20,3.7173361778259277,3.7733763680000463,3.7173361778259277,3.745356495596908,51947747
2016-07-21,3.7266762256622314,3.7640365752907092,3.7173361939260925,3.7266762256622314,52061495
2016-07-22,3.679975986480713,3.745356429887387,3.6706359549488905,3.7266761441398253,64794852
2016-07-25,3.6893160343170166,3.7173361290363154,3.6706359711708174,3.6893160343170166,42932478
2016-07-26,3.7266762256622314,3.7360162573983704,3.689316098717675,3.689316098717675,48639336
2016-07-27,3.5959153175354004,3.745356260660172,3.5492151619863512,3.7266759757566454,123462338
2016-07-28,3.6332759857177734,3.6332759857177734,3.5772355714229223,3.5865756033580762,71513933
2016-07-29,3.5959153175354004,3.6332756646585467,3.5678952242059707,3.623935633548737,39610862
2016-08-01,3.577235460281372,3.605255555216275,3.5492153653464698,3.58657549192634,39613498
2016-08-02,3.5959153175354004,3.60525534864521,3.5678952242059707,3.5678952242059707,25603840
2016-08-03,3.614595413208008,3.6239356670881686,3.5772352884230014,3.586575319619253,36131881
2016-08-04,3.6239359378814697,3.6332759697756414,3.595915619515029,3.6332759697756414,31220977
2016-08-05,3.614595413208008,3.6239356670881686,3.595915350815505,3.614595413208008,30504733
2016-08-08,3.6706361770629883,3.679976209159986,3.5772356334090807,3.605255729700074,54514092
2016-08-09,3.679975986480713,3.698656049544358,3.6519558918852457,3.6706359549488905,49996159
2016-08-10,3.679975986480713,3.7360161756716477,3.6706359549488905,3.6893160180125353,75210330
2016-08-11,3.6332759857177734,3.689316177328698,3.6239359537826195,3.67063611345839,54768598
2016-08-12,3.6893160343170166,3.6893160343170166,3.62393581330532,3.642615876451519,37468362
2016-08-15,3.7546963691711426,3.7640366237113567,3.6706360824645374,3.679976114320827,88187856
2016-08-16,3.7640364170074463,3.7827164796942,3.7360161002934027,3.7546961629801565,65539312
2016-08-17,3.7640364170074463,3.7920562883536646,3.7266760689500256,3.7546961629801565,63383158
2016-08-18,3.7640364170074463,3.7827164796942,3.745356354320692,3.7546961629801565,54430466
2016-08-19,3.7827165126800537,3.792056321420963,3.7079960385975514,3.754696195721669,74507164
2016-08-22,3.707996368408203,3.7733765941972632,3.6986563361526232,3.7640367846256173,56732673
2016-08-23,3.707996368408203,3.7266764329193633,3.6799762716414635,3.6986563361526232,35428469
2016-08-24,3.707996368408203,3.7266764329193633,3.6893163038970433,3.707996368408203,30012993
2016-08-25,3.6612958908081055,3.679975953705378,3.633275796462196,3.679975953705378,55414260
2016-08-26,3.6612958908081055,3.7079960480512875,3.6612958908081055,3.670635922256742,42030063
2016-08-29,3.6706361770629883,3.689316241256984,3.642616080771995,3.661296144965991,27871499
2016-08-30,3.679975986480713,3.6893160180125353,3.6519558918852457,3.6706359549488905,29202703
2016-08-31,3.6612958908081055,3.679975953705378,3.6426158279108325,3.679975953705378,35711050
2016-09-01,3.6332759857177734,3.679976145393544,3.6332759857177734,3.661296081523236,40097592
2016-09-02,3.6239359378814697,3.651956033563985,3.614595683303372,3.6426160016698135,35569498
2016-09-05,3.6706361770629883,3.689316241256984,3.6332760486749978,3.6332760486749978,49771554
2016-09-06,3.679975986480713,3.6893160180125353,3.6426158603534233,3.661295923417068,33580460
2016-09-07,3.679975986480713,3.698656049544358,3.6706359549488905,3.679975986480713,45530435
2016-09-08,3.6612958908081055,3.679975953705378,3.651955859359469,3.670635922256742,34139306
2016-09-09,3.6612958908081055,3.6893159851540145,3.651955859359469,3.6612958908081055,37238080
2016-09-12,3.577235460281372,3.6145955868612423,3.5492153653464698,3.58657549192634,74120850
2016-09-13,3.5678951740264893,3.5959152669618395,3.549215112069589,3.577235205004939,47497095
2016-09-14,3.5305354595184326,3.5585555557030317,3.5211954274568997,3.549215523641499,42328555
2016-09-19,3.5585553646087646,3.5585553646087646,3.5398753014888173,3.5398753014888173,30686441
2016-09-20,3.549215316772461,3.5585553482896026,3.5305352537381784,3.5585553482896026,19997345
2016-09-21,3.5585553646087646,3.586575459288686,3.5305352699288437,3.5398753014888173,29691946
2016-09-22,3.5678951740264893,3.586575235983389,3.558555143048039,3.577235205004939,39216685
2016-09-23,3.5678951740264893,3.586575235983389,3.558555143048039,3.577235205004939,23006000
2016-09-26,3.483835220336914,3.5585554751375157,3.483835220336914,3.5585554751375157,50124488
2016-09-27,3.4931752681732178,3.5025153000660367,3.4651551724947605,3.4651551724947605,28261463
2016-09-28,3.483835220336914,3.5025152840370644,3.474495188486839,3.5025152840370644,19288587
2016-09-29,3.483835220336914,3.5211953477372147,3.483835220336914,3.4931752521869894,29302416
2016-09-30,3.4931752681732178,3.5025153000660367,3.483835236280399,3.483835236280399,22735969
2016-10-10,3.5398752689361572,3.5585553318843233,3.5025151430398256,3.5118551745139084,44285581
2016-10-11,3.6239359378814697,3.6332759697756414,3.539875428149998,3.5492154600441697,82461717
2016-10-12,3.605255603790283,3.61459563556109,3.577235508477863,3.605255603790283,35210763
2016-10-13,3.5959153175354004,3.623935633548737,3.5772352553157805,3.5959153175354004,52145318
2016-10-14,3.614595413208008,3.614595413208008,3.558555226030498,3.586575319619253,64167834
2016-10-17,3.5585553646087646,3.6239358082124986,3.549215333048791,3.6052555224086333,60731804
2016-10-18,3.6239359378814697,3.6332759697756414,3.5492154600441697,3.5492154600441697,100839557
2016-10-19,3.605255603790283,3.670636048869854,3.5959155720194764,3.61459563556109,96343588
2016-10-20,3.605255603790283,3.6239358900158196,3.5865755402486696,3.61459563556109,59959337
2016-10-21,3.6332759857177734,3.679976145393544,3.5865756033580762,3.6052556672283846,147332752
2016-10-24,3.7173361778259277,3.764036558988281,3.6145956064894564,3.6239358608690635,219329770
2016-10-25,3.7920565605163574,3.8013968152140136,3.689316208365351,3.689316208365351,185970414
2016-10-26,3.7920565605163574,3.9414970727360026,3.754696432461446,3.8013968152140136,300743517
2016-10-27,3.7453560829162598,3.8107360748982737,3.717335768232687,3.773375952232039,127023800
2016-10-28,3.707996368408203,3.7827168491367775,3.6986563361526232,3.7640367846256173,90486105
2016-10-31,3.7173361778259277,3.7360162412173006,3.6893160827388685,3.726676209521614,85949287
2016-11-01,3.707996368408203,3.7360164651749432,3.6799762716414635,3.7266764329193633,89992830
2016-11-02,3.6612958908081055,3.745356396529748,3.651955859359469,3.6893159851540145,102289812
2016-11-03,3.6893160343170166,3.7173361290363154,3.6332758448784195,3.6519559080246187,106501444
2016-11-04,3.679975986480713,3.717336112608003,3.6706359549488905,3.6893160180125353,84325427
2016-11-07,3.773375988006592,3.7827162414455997,3.6612956189452786,3.6706356497003876,176622239
2016-11-08,3.736016035079956,3.7733761598013302,3.717335972719269,3.7640363513048953,98714244
2016-11-09,3.7266762256622314,3.7640365752907092,3.661296003509258,3.7453565118184313,102980526
2016-11-10,3.866776704788208,3.978857531079109,3.81073651432668,3.81073651432668,279942603
2016-11-11,4.146978855133057,4.240379189520933,3.8387575289691003,3.8480973397239255,476899170
2016-11-14,4.109617710113525,4.212358275342513,4.006877144884538,4.0535775232707545,309602120
2016-11-15,4.006877422332764,4.156317930927862,3.9881973587583768,4.1002777402047,167475304
2016-11-16,3.9508371353149414,4.025557387791316,3.9321570721958476,3.9975375157965933,149472484
2016-11-17,4.006877422332764,4.044237549481538,3.9228169135640982,3.9321571680352148,129256701
2016-11-18,3.9881973266601562,4.034897707904189,3.9695172632361118,4.016217644480144,96952154
2016-11-21,4.006877422332764,4.062917613055926,3.9601770407128725,3.978857549655106,121648039
2016-11-22,4.081597805023193,4.128298188112116,4.016217803140133,4.0255576125372015,180265990
2016-11-23,4.053577899932861,4.2216984760830885,4.034897835916169,4.100277837290663,214897527
2016-11-24,4.174997806549072,4.26839856558407,4.090937746932531,4.090937746932531,244134489
2016-11-25,4.296418190002441,4.399158751813765,4.174997566531586,4.34311856683517,246801373
2016-11-28,4.5205793380737305,4.585959330660018,4.231038162050434,4.305758408073505,305670792
2016-11-29,4.5205793380737305,4.698040145062421,4.399158715602343,4.436518838613878,394115310
2016-11-30,4.352458477020264,4.520579481265283,4.277738228630393,4.473879103337708,221350097
2016-12-01,4.5579400062561035,4.642000070402503,4.352458859747459,4.361799114301421,268860450
2016-12-02,4.3991594314575195,4.71672097409871,4.38981917650084,4.5112398187304565,234691481
2016-12-05,4.380478858947754,4.464539362338659,4.249718422292426,4.296418355556849,156855840
2016-12-06,4.240378379821777,4.417839203956608,4.221698316511155,4.389818886306754,135816424
2016-12-07,4.315098285675049,4.333778347481823,4.165657791220856,4.249718292035241,133559428
2016-12-08,4.277737617492676,4.343118048177162,4.25905755806393,4.277737617492676,84964499
2016-12-09,4.32443904876709,4.380479240790059,4.231038728728808,4.259058602056364,125511643
2016-12-12,4.240378379821777,4.473879393888474,4.221698316511155,4.35245875968551,230168623
2016-12-13,4.436518669128418,4.511238912296999,4.165657564958421,4.203017686542712,188997943
2016-12-14,4.436518669128418,4.511238912296999,4.361798425959837,4.389818294464165,130647067
2016-12-15,4.315098285675049,4.417838848296208,4.231038230228467,4.389818532902145,144107706
2016-12-16,4.146978855133057,4.268399512521259,4.128298788255481,4.259059256398508,135467543
2016-12-19,4.081597805023193,4.165658316436111,4.062917740861196,4.109618123950119,75973329
2016-12-20,4.0162177085876465,4.062917645209268,3.9508372628759565,4.053577836032083,112678005
2016-12-21,4.081597805023193,4.100277869185191,4.006877548375205,4.016217803140133,85353553
2016-12-22,4.072257995605469,4.109618123929273,4.034897867281664,4.072257995605469,54247268
2016-12-23,4.025557041168213,4.062917164189484,3.9695168566363064,4.062917164189484,74304277
2016-12-26,4.034897804260254,4.044237613511395,3.932157230290574,3.988197421900985,92681419
2016-12-27,4.034897804260254,4.0535778681303904,3.99753767651998,4.025557549641259,70284020
2016-12-28,3.9881973266601562,4.053577771328233,3.960177008840168,4.04423751693229,44141850
2016-12-29,3.969517230987549,3.9975375485798983,3.941496913395199,3.969517230987549,44600603
2016-12-30,3.9414970874786377,3.978857661041148,3.9228170233813118,3.95083734221123,56704002
2017-01-03,3.960176706314087,3.9788572136789315,3.9414966443170507,3.9508368979994732,50611336
2017-01-04,4.0162177085876465,4.025557517764831,3.941497008330922,3.941497008330922,77118701
2017-01-05,4.025557041168213,4.062917164189484,3.988196918146942,4.016217233096794,93099222
2017-01-06,4.184338092803955,4.268398598435284,4.016217526909127,4.034897589786331,217569279
2017-01-09,4.212358474731445,4.277738473125485,4.128297967804438,4.137637776703086,148526618
2017-01-10,4.19367790222168,4.259058344986142,4.146977967705204,4.212358410469665,100069447
2017-01-11,4.249719142913818,4.333779215190903,4.184338690815736,4.1936785009052375,141815427
2017-01-12,4.146978855133057,4.240379189520933,4.100278465255156,4.231039378766108,87662582
2017-01-13,4.174997806549072,4.26839856558407,4.156317743815638,4.165657997866268,109693391
2017-01-16,4.268398284912109,4.352458339001214,4.165657723950097,4.193677593523866,181720366
2017-01-17,4.352458477020264,4.3898186012151985,4.212358233973162,4.249718358168097,136754114
2017-01-18,4.3337788581848145,4.371138986200971,4.305758984856626,4.305758984856626,78635263
2017-01-19,4.436518669128418,4.54859903388129,4.296417990503438,4.3057582435834005,149834450
2017-01-20,4.427178859710693,4.445859367742654,4.361798863070129,4.4084987970465574,83906334
2017-01-23,4.567279815673828,4.651340325192341,4.4365193694866925,4.501899815264185,142933011
2017-01-24,4.5019001960754395,4.5859602673366595,4.483220130754292,4.557940392038883,95252260
2017-01-25,4.651340007781982,4.735400511564153,4.595299820383142,4.595299820383142,158761849
2017-01-26,4.791440963745117,4.800780772810479,4.604639883391591,4.613980137824797,148972888
2017-02-03,4.6887006759643555,4.772761189486082,4.651340546703116,4.772761189486082,88618947
2017-02-06,4.623319625854492,4.670020004042038,4.539259568631849,4.670020004042038,100408076
2017-02-07,4.632659435272217,4.726059737320494,4.567279001154538,4.595299314452906,112574766
2017-02-08,4.642000198364258,4.642000198364258,4.539260067645643,4.62332013410925,106362127
2017-02-09,4.632659435272217,4.679359808980241,4.567279001154538,4.6513394956818725,99894390
2017-02-10,4.69804048538208,4.763420482704406,4.557939791256221,4.5952999169740725,140856420
2017-02-13,4.707380294799805,4.828800926084075,4.670020169076618,4.772760737499296,141548545
2017-02-14,4.987581253051758,5.03428118349526,4.679360019727039,4.707379888919582,238741753
2017-02-15,4.922201633453369,5.062302338786945,4.866161440393512,4.940881697806655,207789773
2017-02-16,4.9128618240356445,5.062302338864211,4.875501249960638,4.9222016335284975,142636841
2017-02-17,4.782100200653076,4.9035208231625145,4.763420139141455,4.884840761650893,142841826
2017-02-20,4.866160869598389,4.884840931760524,4.7540804966255745,4.763420305022736,107104827
2017-02-21,4.819460391998291,4.91286114624827,4.78210026844542,4.884840830899716,116894533
2017-02-22,4.782100200653076,4.819460323676319,4.7447400776298325,4.791440454092785,107039733
2017-02-23,4.782100200653076,4.810120515604407,4.73540026955792,4.782100200653076,105618733
2017-02-24,4.642000198364258,4.726060710195727,4.57662019615566,4.716720900752153,164354010
2017-02-27,4.613979816436768,4.6887000652263815,4.595299754239364,4.623319624851563,77939073
2017-02-28,4.613979816436768,4.6513399408315745,4.576619692041961,4.613979816436768,79116631
2017-03-01,4.772761344909668,4.838141350561983,4.623320377630335,4.642000442869265,164604867
2017-03-02,4.763421058654785,4.903521769720372,4.744740993537232,4.838141319124996,131676708
2017-03-03,4.679360866546631,4.707380740809905,4.61398041765254,4.660680356547287,100710507
2017-03-06,4.613979816436768,4.670020003028978,4.576619692041961,4.632659878634171,106218440
2017-03-07,4.5579400062561035,4.623320006662431,4.5018998150358875,4.61398019747632,106901112
2017-03-08,4.567279815673828,4.576620070228263,4.501899815264185,4.557940006487244,72548648
2017-03-09,4.473879337310791,4.5392597807550725,4.455199274236401,4.529919526533961,69380791
2017-03-10,4.5205793380737305,4.529919146142716,4.44585909205066,4.464539153556427,63915491
2017-03-13,4.576620101928711,4.585959911179989,4.483219782576667,4.520579910317484,75273484
2017-03-14,4.613979816436768,4.679360256811586,4.557939629844558,4.576619692041961,86424498
2017-03-15,4.5859599113464355,4.6513403575791665,4.557940038223732,4.613980229836993,53627403
2017-03-16,4.623319625854492,4.670020004042038,4.57661969303476,4.623319625854492,76310226
2017-03-17,4.5019001960754395,4.623320397978954,4.483220130754292,4.623320397978954,77865724
2017-03-20,4.511239528656006,4.539259846356457,4.464539592979041,4.511239528656006,55195320
2017-03-21,4.511239528656006,4.548599655344714,4.483219656323395,4.501899719667749,58388807
2017-03-22,4.473879337310791,4.529919526533961,4.455199274236401,4.483219591531903,76614736
2017-03-23,4.5205793380737305,4.5205793380737305,4.455198900119646,4.483219215062196,62277720
2017-03-24,4.492559432983398,4.529919559403265,4.417839180143665,4.529919559403265,120013218
2017-03-27,4.436518669128418,4.529918973089145,4.427178416048455,4.501899104584816,103235369
2017-03-28,4.3617987632751465,4.445859266024424,4.343118701038398,4.427178758419861,136790285
2017-03-29,4.389819622039795,4.436520010827247,4.361799745061655,4.389819622039795,73824149
2017-03-30,4.277737617492676,4.417838285892148,4.2403774986351825,4.389817974065155,132709241
2017-03-31,4.343119144439697,4.352458953827692,4.268398887864299,4.287078952008148,76032147
2017-04-05,4.642000198364258,4.688700581685709,4.436519491559166,4.483219874880619,253191096
2017-04-06,4.642000198364258,4.726060710195727,4.567279941344224,4.651340453175693,152310862
2017-04-07,4.613979816436768,4.707380127423785,4.604639562654159,4.613979816436768,99948499
2017-04-10,4.69804048538208,4.782100545563332,4.604639725719621,4.613979979832998,127533855
2017-04-11,4.670019626617432,4.698039940338958,4.5766193231586385,4.651339565925673,123511204
2017-04-12,4.679360866546631,4.726060805441378,4.61398041765254,4.651340546915486,110319781
2017-04-13,4.679360866546631,4.707380740809905,4.632660482284013,4.679360866546631,97797248
2017-04-14,4.670019626617432,4.782099990767983,4.660679373587663,4.679359879647199,167931952
2017-04-17,4.7540812492370605,4.866161639953154,4.716721118998363,4.810121444595107,212009363
2017-04-18,4.782100200653076,4.866160700139271,4.73540026955792,4.7540803310695425,132875328
2017-04-19,4.567279815673828,4.735400834710854,4.445859624041127,4.716720770969834,190383272
2017-04-20,4.436518669128418,4.604639216257725,4.37113823367202,4.5672790946734345,117465167
2017-04-21,4.511239528656006,4.539259846356457,4.445859529634687,4.483219656323395,115888419
2017-04-24,4.427178859710693,4.492559301719083,4.352458609054149,4.473879239054946,85290127
2017-04-25,4.511239528656006,4.539259846356457,4.389818894233784,4.408498957578138,55797520
2017-04-26,4.483219146728516,4.539259330391649,4.43651877099201,4.529919077097231,75513850
2017-04-27,4.5205793380737305,4.557939461085266,4.38981846216556,4.473878961625413,95161333
2017-04-28,4.529919147491455,4.529919147491455,4.427178586495245,4.492559024468796,81631862
2017-05-02,4.389819622039795,4.51124027659284,4.371139555598397,4.4832203996147,74402679
2017-05-03,4.231038570404053,4.408498949152323,4.193677998418909,4.408498949152323,155858374
2017-05-04,4.11895751953125,4.2216980847842125,4.090937648787234,4.212358276325478,122719038
2017-05-05,4.128297328948975,4.137637136402283,4.044236835030359,4.100277015853513,74181406
2017-05-08,4.100277423858643,4.118957485991819,4.044237237459113,4.100277423858643,56410830
2017-05-09,4.11895751953125,4.165657897928364,4.053577524216668,4.081597394960685,65456105
2017-05-10,4.0162177085876465,4.1376379000981425,4.006877454042613,4.118957836375924,65762063
2017-05-11,3.9788572788238525,4.062917336502906,3.7733761481243526,3.9695170249885043,147546521
2017-05-12,3.9508371353149414,3.988197261553129,3.8947969459576597,3.922816817952383,62680305
2017-05-15,3.9508371353149414,3.9788574526774996,3.922816817952383,3.9601769441905703,41806877
2017-05-16,3.9881973266601562,3.9881973266601562,3.8387568192678003,3.9414969454161235,67748952
2017-05-17,3.997537851333618,4.0255577256802155,3.960177276591701,3.978857786646596,77851248
2017-05-18,3.9414970874786377,3.978857661041148,3.9228170233813118,3.9601771515759636,47930363
2017-05-19,3.9414970874786377,3.9601771515759636,3.9228170233813118,3.932157278113904,36072935
2017-05-22,3.9134769439697266,4.016217512099405,3.8854566270733315,3.9601768783066147,73953942
2017-05-23,3.8854565620422363,3.8947968159739825,3.782716440999953,3.8947968159739825,99145615
2017-05-24,3.8854565620422363,3.8947968159739825,3.8013965034956247,3.848096437050893,53805437
2017-05-25,3.969517230987549,3.988197294259835,3.8574368513538286,3.8667766603060523,85988050
2017-05-26,3.9788572788238525,4.006877149594265,3.960176771153156,3.9695170249885043,57774599
2017-05-31,3.9508371353149414,4.025557387791316,3.9321570721958476,3.988197261553129,60234313
2017-06-01,3.997537851333618,3.997537851333618,3.913477337558082,3.9228171472176565,62979885
2017-06-02,3.9788572788238525,3.9975373411267325,3.913476838079863,3.9788572788238525,44057239
2017-06-05,3.9881973266601562,4.006877390084201,3.960177008840168,3.978857517632055,38352963
2017-06-06,3.9788572788238525,3.9975373411267325,3.9414967088502757,3.9695170249885043,37970272
2017-06-07,4.0442376136779785,4.0442376136779785,3.960177103574973,3.969517358194353,67921853
2017-06-08,4.0162177085876465,4.0442375814870495,3.997537644865428,4.025557517764831,49735478
2017-06-09,3.9881973266601562,4.016217644480144,3.9695172632361118,4.016217644480144,50419319
2017-06-12,3.922816753387451,3.9881971959121123,3.913476944665544,3.9881971959121123,59228268
2017-06-13,3.9881973266601562,3.9975375810560996,3.8854567551439905,3.894797009539934,65378279
2017-06-14,4.025557041168213,4.044237102678848,3.9695168566363064,3.978857110075523,75977974
2017-06-15,4.0162177085876465,4.025557517764831,3.978857581143209,4.0162177085876465,44394618
2017-06-16,4.025557041168213,4.0722574176287,3.997537171586158,4.006876979657577,49577173
2017-06-19,4.025557041168213,4.025557041168213,4.025557041168213,4.025557041168213,0
2017-06-20,4.174997806549072,4.221698186066571,4.062917430148467,4.072257684199097,138075905
2017-06-21,4.2030181884765625,4.26839863174084,4.156317808235245,4.1843381254536025,91031212
2017-06-22,4.146978855133057,4.259059256398508,4.137638599010306,4.2030190557657825,59027086
2017-06-23,4.156318187713623,4.165658442761799,4.072258119119402,4.128298313304841,56210245
2017-06-26,4.249719142913818,4.249719142913818,4.128298494175048,4.146978559721944,64219845
2017-06-27,4.249719142913818,4.268399208460714,4.203018756362631,4.259058953003319,51432732
2017-06-28,4.231038570404053,4.277738505991762,4.221698316065807,4.231038570404053,60168535
2017-06-29,4.268398284912109,4.333778277496102,4.2497182234069975,4.268398284912109,77930248
2017-06-30,4.221698760986328,4.3057592774182325,4.193678440386398,4.249719081586258,89642536
2017-07-03,4.296418190002441,4.324438505175639,4.203017881704784,4.231038196877981,140325835
2017-07-04,4.212358474731445,4.305758790557099,4.193677966198478,4.277738473125485,95244494
2017-07-05,4.352458477020264,4.399158854947838,4.212358233973162,4.212358233973162,205460701
2017-07-06,4.3991594314575195,4.427179305591819,4.315098918318882,4.3524590474098614,126404601
2017-07-07,4.576620101928711,4.642000102791216,4.352458890115951,4.380479208605491,214856533
2017-07-10,4.5859599113464355,4.679360676069724,4.548599783604262,4.576620102094819,192317351
2017-07-11,4.473879337310791,4.58595971575713,4.464539528457514,4.54859958960835,111496008
2017-07-12,4.529919147491455,4.548599209002784,4.399158716912149,4.473878962957467,94757041
2017-07-13,4.642000198364258,4.698040836497145,4.511239748579199,4.520580003390635,182606477
2017-07-14,4.660679817199707,4.70738019605802,4.623319692260185,4.660679817199707,125602406
2017-07-17,4.810120582580566,5.043621577411003,4.483219278891515,4.641999581267258,351721865
2017-07-18,4.922201633453369,5.015601955219798,4.772761118627083,4.8101212473336545,265779713
2017-07-19,5.295803546905518,5.314483611897316,4.903521736709867,4.950222121873304,490219835
2017-07-20,5.24910306930542,5.27712338898362,5.1650430010065635,5.230423004642577,279886592
2017-07-21,5.146362781524658,5.249102911395606,5.0529620156523665,5.2024029738273185,233936386
2017-07-24,5.174382209777832,5.2397626511894,5.080981897309749,5.12768183085988,245836134
2017-07-25,5.239762306213379,5.249102114161362,5.08098156278755,5.127681493263046,192050541
2017-07-26,5.183722496032715,5.510623814393377,5.1743822420437535,5.445243372574115,281711861
2017-07-27,4.96890115737915,5.202402144082475,4.884840659648261,5.165042021839366,259172297
2017-07-28,5.080982208251953,5.109002081023207,4.940881508292139,4.968901826431241,144414703
2017-07-31,5.585343837738037,5.585343837738037,5.034281345094125,5.062301660553903,376407671
2017-08-01,5.604024887084961,5.753465408222837,5.547984691658257,5.678745147653899,360537328
2017-08-02,5.996306419372559,6.164426997772288,5.501284048254895,5.538644176788169,521088672
2017-08-03,6.267166614532471,6.538027727618678,6.033665624260375,6.117726123276023,605464931
2017-08-04,6.2391462326049805,6.594067840887892,6.192446302273727,6.220466171398921,552809738
2017-08-07,6.622088432312012,6.6781286182737505,6.071025935636535,6.351227310813036,534239441
2017-08-08,6.9489898681640625,7.1264506830056185,6.612748300813336,6.72482867480764,622529739
2017-08-09,7.1357903480529785,7.378631598860488,6.799549232828776,7.285231289075988,531986464
2017-08-10,6.827569484710693,6.995690051719979,6.668788726518007,6.911629990899252,499205384
2017-08-11,6.183106422424316,6.6687884884831,6.145746297755781,6.547368305994267,616642919
2017-08-14,6.313868045806885,6.369908239392595,6.108386890624744,6.192447403687244,417499967
2017-08-15,6.257826805114746,6.3792474355588515,6.052346115059035,6.192446808235478,335697447
2017-08-16,6.528688430786133,6.584729068585924,6.127066829006694,6.388588172390234,480009848
2017-08-17,6.6034088134765625,6.8182297634303355,6.50066824296793,6.7621891283399265,389687263
2017-08-18,6.313868045806885,6.435288242558657,6.1550872746301035,6.388588303921165,317855579
2017-08-21,6.79020881652832,6.799549069966957,6.239146333947023,6.351227148371688,437568798
2017-08-22,6.827569484710693,7.09843062090957,6.631428600515943,6.69680904370347,420977708
2017-08-23,6.538028240203857,6.808889374525734,6.481988051589107,6.678128934424649,303289636
2017-08-24,6.575388431549072,6.855589822786198,6.500668179317261,6.7621890621286,339095292
2017-08-25,7.0423903465271,7.154470723174469,6.510007889400355,6.584728585866428,522204858
2017-08-28,7.145130634307861,7.163810696349971,6.874269512013372,6.902289382392631,459008974
2017-08-29,7.014369964599609,7.500051561394199,6.977009396401461,7.079749956868829,459173133
2017-08-30,7.556092739105225,7.705533241266631,6.986350156563125,6.986350156563125,560901353
2017-08-31,7.481372356414795,7.59345273106417,7.257211161748225,7.51873248129792,485206405
2017-09-01,7.556092739105225,7.7709132382783315,7.490712742093523,7.584112610576574,449970395
2017-09-04,7.584113121032715,7.761574397345329,7.500052610225236,7.640153758482938,320675306
2017-09-05,7.378632068634033,7.546752636949826,7.201171246061223,7.528073019171463,325629194
2017-09-06,7.359951972961426,7.5467526035978745,7.163811088109238,7.210511023084433,254025809
2017-09-07,7.154470920562744,7.453352378569546,7.0984307306929395,7.303911872250065,285308648
2017-09-08,7.061070919036865,7.22919149614446,6.948990534298469,7.1171111114060635,274066454
2017-09-11,7.556092739105225,7.668173115726279,6.87426977994207,7.0050302193333005,533611604
2017-09-12,7.556092739105225,7.556092739105225,7.556092739105225,7.556092739105225,0
2017-09-13,7.556092739105225,7.556092739105225,7.556092739105225,7.556092739105225,0
2017-09-14,7.556092739105225,7.556092739105225,7.556092739105225,7.556092739105225,0
2017-09-15,7.556092739105225,7.556092739105225,7.556092739105225,7.556092739105225,0
2017-09-18,7.556092739105225,7.556092739105225,7.556092739105225,7.556092739105225,0
2017-09-19,7.556092739105225,7.556092739105225,7.556092739105225,7.556092739105225,0
2017-09-20,7.556092739105225,7.556092739105225,7.556092739105225,7.556092739105225,0
2017-09-21,7.556092739105225,7.556092739105225,7.556092739105225,7.556092739105225,0
2017-09-22,7.556092739105225,7.556092739105225,7.556092739105225,7.556092739105225,0
2017-09-25,7.556092739105225,7.556092739105225,7.556092739105225,7.556092739105225,0
2017-09-26,7.556092739105225,7.556092739105225,7.556092739105225,7.556092739105225,0
2017-09-27,7.556092739105225,7.556092739105225,7.556092739105225,7.556092739105225,0
2017-09-28,7.556092739105225,7.556092739105225,7.556092739105225,7.556092739105225,0
2017-09-29,7.556092739105225,7.556092739105225,7.556092739105225,7.556092739105225,0
2017-10-09,7.556092739105225,7.556092739105225,7.556092739105225,7.556092739105225,0
2017-10-10,7.556092739105225,7.556092739105225,7.556092739105225,7.556092739105225,0
2017-10-11,7.556092739105225,7.556092739105225,7.556092739105225,7.556092739105225,0
2017-10-12,7.556092739105225,7.556092739105225,7.556092739105225,7.556092739105225,0
2017-10-13,7.556092739105225,7.556092739105225,7.556092739105225,7.556092739105225,0
2017-10-16,7.556092739105225,7.556092739105225,7.556092739105225,7.556092739105225,0
2017-10-17,7.556092739105225,7.556092739105225,7.556092739105225,7.556092739105225,0
2017-10-18,7.556092739105225,7.556092739105225,7.556092739105225,7.556092739105225,0
2017-10-19,7.556092739105225,7.556092739105225,7.556092739105225,7.556092739105225,0
2017-10-20,7.556092739105225,7.556092739105225,7.556092739105225,7.556092739105225,0
2017-10-23,7.556092739105225,7.556092739105225,7.556092739105225,7.556092739105225,0
2017-10-24,7.556092739105225,7.556092739105225,7.556092739105225,7.556092739105225,0
2017-10-25,7.556092739105225,7.556092739105225,7.556092739105225,7.556092739105225,0
2017-10-26,7.556092739105225,7.556092739105225,7.556092739105225,7.556092739105225,0
2017-10-27,7.556092739105225,7.556092739105225,7.556092739105225,7.556092739105225,0
2017-10-30,7.556092739105225,7.556092739105225,7.556092739105225,7.556092739105225,0
2017-10-31,7.556092739105225,7.556092739105225,7.556092739105225,7.556092739105225,0
2017-11-01,7.556092739105225,7.556092739105225,7.556092739105225,7.556092739105225,0
2017-11-02,7.556092739105225,7.556092739105225,7.556092739105225,7.556092739105225,0
2017-11-03,7.556092739105225,7.556092739105225,7.556092739105225,7.556092739105225,0
2017-11-06,7.556092739105225,7.556092739105225,7.556092739105225,7.556092739105225,0
2017-11-07,7.556092739105225,7.556092739105225,7.556092739105225,7.556092739105225,0
2017-11-08,7.556092739105225,7.556092739105225,7.556092739105225,7.556092739105225,0
2017-11-09,7.556092739105225,7.556092739105225,7.556092739105225,7.556092739105225,0
2017-11-10,7.556092739105225,7.556092739105225,7.556092739105225,7.556092739105225,0
2017-11-13,7.556092739105225,7.556092739105225,7.556092739105225,7.556092739105225,0
2017-11-14,7.556092739105225,7.556092739105225,7.556092739105225,7.556092739105225,0
2017-11-15,7.556092739105225,7.556092739105225,7.556092739105225,7.556092739105225,0
2017-11-16,7.556092739105225,7.556092739105225,7.556092739105225,7.556092739105225,0
2017-11-17,7.556092739105225,7.556092739105225,7.556092739105225,7.556092739105225,0
2017-11-20,7.556092739105225,7.556092739105225,7.556092739105225,7.556092739105225,0
2017-11-21,7.556092739105225,7.556092739105225,7.556092739105225,7.556092739105225,0
2017-11-22,7.556092739105225,7.556092739105225,7.556092739105225,7.556092739105225,0
2017-11-23,7.556092739105225,7.556092739105225,7.556092739105225,7.556092739105225,0
2017-11-24,7.556092739105225,7.556092739105225,7.556092739105225,7.556092739105225,0
2017-11-27,7.556092739105225,7.556092739105225,7.556092739105225,7.556092739105225,0
2017-11-28,7.556092739105225,7.556092739105225,7.556092739105225,7.556092739105225,0
2017-11-29,7.556092739105225,7.556092739105225,7.556092739105225,7.556092739105225,0
2017-11-30,7.556092739105225,7.556092739105225,7.556092739105225,7.556092739105225,0
2017-12-01,7.556092739105225,7.556092739105225,7.556092739105225,7.556092739105225,0
2017-12-04,7.556092739105225,7.556092739105225,7.556092739105225,7.556092739105225,0
2017-12-05,7.556092739105225,7.556092739105225,7.556092739105225,7.556092739105225,0
2017-12-06,7.556092739105225,7.556092739105225,7.556092739105225,7.556092739105225,0
2017-12-07,7.556092739105225,7.556092739105225,7.556092739105225,7.556092739105225,0
2017-12-08,7.556092739105225,7.556092739105225,7.556092739105225,7.556092739105225,0
2017-12-11,7.556092739105225,7.556092739105225,7.556092739105225,7.556092739105225,0
2017-12-12,7.556092739105225,7.556092739105225,7.556092739105225,7.556092739105225,0
2017-12-13,7.556092739105225,7.556092739105225,7.556092739105225,7.556092739105225,0
2017-12-14,7.556092739105225,7.556092739105225,7.556092739105225,7.556092739105225,0
2017-12-15,7.556092739105225,7.556092739105225,7.556092739105225,7.556092739105225,0
2017-12-18,7.556092739105225,7.556092739105225,7.556092739105225,7.556092739105225,0
2017-12-19,7.556092739105225,7.556092739105225,7.556092739105225,7.556092739105225,0
2017-12-20,7.556092739105225,7.556092739105225,7.556092739105225,7.556092739105225,0
2017-12-21,7.556092739105225,7.556092739105225,7.556092739105225,7.556092739105225,0
2017-12-22,7.556092739105225,7.556092739105225,7.556092739105225,7.556092739105225,0
2017-12-25,7.556092739105225,7.556092739105225,7.556092739105225,7.556092739105225,0
2017-12-26,7.556092739105225,7.556092739105225,7.556092739105225,7.556092739105225,0
2017-12-27,7.556092739105225,7.556092739105225,7.556092739105225,7.556092739105225,0
2017-12-28,7.556092739105225,7.556092739105225,7.556092739105225,7.556092739105225,0
2017-12-29,7.556092739105225,7.556092739105225,7.556092739105225,7.556092739105225,0
2018-01-02,7.556092739105225,7.556092739105225,7.556092739105225,7.556092739105225,0
2018-01-03,7.556092739105225,7.556092739105225,7.556092739105225,7.556092739105225,0
2018-01-04,7.556092739105225,7.556092739105225,7.556092739105225,7.556092739105225,0
2018-01-05,7.556092739105225,7.556092739105225,7.556092739105225,7.556092739105225,0
2018-01-08,7.556092739105225,7.556092739105225,7.556092739105225,7.556092739105225,0
2018-01-09,7.556092739105225,7.556092739105225,7.556092739105225,7.556092739105225,0
2018-01-10,7.556092739105225,7.556092739105225,7.556092739105225,7.556092739105225,0
2018-01-11,7.556092739105225,7.556092739105225,7.556092739105225,7.556092739105225,0
2018-01-12,7.556092739105225,7.556092739105225,7.556092739105225,7.556092739105225,0
2018-01-15,7.556092739105225,7.556092739105225,7.556092739105225,7.556092739105225,0
2018-01-16,7.556092739105225,7.556092739105225,7.556092739105225,7.556092739105225,0
2018-01-17,7.556092739105225,7.556092739105225,7.556092739105225,7.556092739105225,0
2018-01-18,7.556092739105225,7.556092739105225,7.556092739105225,7.556092739105225,0
2018-01-19,7.556092739105225,7.556092739105225,7.556092739105225,7.556092739105225,0
2018-01-22,7.556092739105225,7.556092739105225,7.556092739105225,7.556092739105225,0
2018-01-23,7.556092739105225,7.556092739105225,7.556092739105225,7.556092739105225,0
2018-01-24,7.556092739105225,7.556092739105225,7.556092739105225,7.556092739105225,0
2018-01-25,7.556092739105225,7.556092739105225,7.556092739105225,7.556092739105225,0
2018-01-26,7.556092739105225,7.556092739105225,7.556092739105225,7.556092739105225,0
2018-01-29,7.556092739105225,7.556092739105225,7.556092739105225,7.556092739105225,0
2018-01-30,7.556092739105225,7.556092739105225,7.556092739105225,7.556092739105225,0
2018-01-31,7.556092739105225,7.556092739105225,7.556092739105225,7.556092739105225,0
2018-02-01,7.556092739105225,7.556092739105225,7.556092739105225,7.556092739105225,0
2018-02-02,7.556092739105225,7.556092739105225,7.556092739105225,7.556092739105225,0
2018-02-05,7.556092739105225,7.556092739105225,7.556092739105225,7.556092739105225,0
2018-02-06,7.556092739105225,7.556092739105225,7.556092739105225,7.556092739105225,0
2018-02-07,7.556092739105225,7.556092739105225,7.556092739105225,7.556092739105225,0
2018-02-08,7.556092739105225,7.556092739105225,7.556092739105225,7.556092739105225,0
2018-02-09,7.556092739105225,7.556092739105225,7.556092739105225,7.556092739105225,0
2018-02-12,7.556092739105225,7.556092739105225,7.556092739105225,7.556092739105225,0
2018-02-13,7.556092739105225,7.556092739105225,7.556092739105225,7.556092739105225,0
2018-02-14,7.556092739105225,7.556092739105225,7.556092739105225,7.556092739105225,0
2018-02-22,7.556092739105225,7.556092739105225,7.556092739105225,7.556092739105225,0
2018-02-23,7.556092739105225,7.556092739105225,7.556092739105225,7.556092739105225,0
2018-02-26,6.799549579620361,6.799549579620361,6.799549579620361,6.799549579620361,14609400
2018-02-27,6.1177263259887695,6.1177263259887695,6.1177263259887695,6.1177263259887695,12186800
2018-02-28,5.510623455047607,5.510623455047607,5.510623455047607,5.510623455047607,60526400
2018-03-01,5.090322017669678,5.267782844912937,4.96890182670774,5.090322017669678,1148956807
2018-03-02,4.987581253051758,5.071641305997177,4.903520754738547,4.931541069298881,423957265
2018-03-05,4.838140487670898,5.0249415521117875,4.81012061749384,4.959561112752305,422689603
2018-03-06,5.155702114105225,5.183722430349238,4.772760612766554,4.856820670762959,712403733
2018-03-07,4.96890115737915,5.080981524108477,4.940880843012924,5.0436214018653684,419578002
2018-03-08,4.940882205963135,5.006262660607772,4.903522073414174,4.922202139688655,243098494
2018-03-09,4.931541919708252,4.9595617937326235,4.875501280923774,4.903521600316013,270133582
2018-03-12,5.006261825561523,5.0249418887201625,4.894181001241852,4.9502216360856055,374210909
2018-03-13,4.931541919708252,4.978241858204827,4.922201664788217,4.9595617937326235,247260493
2018-03-14,5.034281253814697,5.127681561374119,4.922200884743392,4.931541138183232,445712305
2018-03-15,4.978240966796875,5.034281150178884,4.922200783414866,4.996921027924211,229943304
2018-03-16,4.884840488433838,4.959560730301099,4.8661604279670225,4.950220922751578,221497636
2018-03-19,4.838140487670898,4.894180673392823,4.791440555586531,4.856820549578207,209099972
2018-03-20,4.763421058654785,4.819461254007443,4.726060928419679,4.791441379015056,239716168
2018-03-21,4.772761344909668,4.81012147538753,4.688700828650536,4.763421089606259,217204229
2018-03-22,4.791440963745117,4.791440963745117,4.735400773249412,4.763420645813342,157523684
2018-03-23,4.623319625854492,4.6419996880559475,4.343118692832658,4.623319625854492,466911284
2018-03-26,4.492559432983398,4.548599622613198,4.436519243353598,4.5112394961933315,193894830
2018-03-27,4.5205793380737305,4.567279269154251,4.4925590231311805,4.548599207648484,184851492
2018-03-28,4.3991594314575195,4.501900009141647,4.371139111955351,4.455199625093988,203834190
2018-03-29,4.483219146728516,4.511239015876187,4.361798526107833,4.399158648549922,223346067
2018-03-30,4.417839050292969,4.473879238275615,4.408498796278615,4.445859366968205,183587993
2018-04-02,4.371138572692871,4.473879137702009,4.361798764256303,4.417838950979156,191351885
2018-04-03,4.231038570404053,4.305758823638659,4.212358507095401,4.296418569300413,209916480
2018-04-04,4.137637615203857,4.268398497623783,4.128297806669759,4.240378181285851,184537314
2018-04-09,4.212358474731445,4.249718601061707,4.128297967804438,4.137637776703086,176876367
2018-04-10,4.389819622039795,4.408499688481193,4.268399412854664,4.305759545737461,304510593
2018-04-11,4.408499240875244,4.5579402026012295,4.371139111785715,4.529919883100148,273641766
2018-04-12,4.287078380584717,4.389818496997759,4.277738127073822,4.361798627200676,179590515
2018-04-13,4.315098285675049,4.399158786489434,4.305758477455564,4.371138471095371,130986808
2018-04-16,4.249719142913818,4.268399208460714,4.174998435358341,4.268399208460714,170693391
2018-04-17,4.315098285675049,4.436518910102982,4.240378038447952,4.305758477455564,228319992
2018-04-18,4.343119144439697,4.417839401015096,4.259058633108444,4.371139017971542,209441805
2018-04-19,4.782100200653076,4.782100200653076,4.501899277978754,4.501899277978754,719997202
2018-04-20,4.791440963745117,4.86616121773939,4.6700203283205015,4.791440963745117,484106187
2018-04-23,4.6887006759643555,4.744740869856216,4.595300352811255,4.744740869856216,242029944
2018-04-24,4.464539527893066,4.4738793367451635,4.277738451804951,4.380479021385023,399882358
2018-04-25,4.380478858947754,4.417838983706419,4.343118734189089,4.389818667453511,158779025
2018-04-26,4.352458477020264,4.399158854947838,4.277738228630393,4.3898186012151985,174167719
2018-04-27,4.380478858947754,4.3991589213270865,4.333778480315513,4.352458542694846,115681744
2018-05-02,4.231038570404053,4.371138822535019,4.212358507095401,4.361799013564614,159331984
2018-05-03,4.296418190002441,4.315098251661973,4.203017881704784,4.240378005023847,106219685
2018-05-04,4.240378379821777,4.277738506443022,4.221698316511155,4.2590584431324,92006773
2018-05-07,4.287078380584717,4.315098250381801,4.2403780037658425,4.259058065419833,115238311
2018-05-08,4.32443904876709,4.352458922094646,4.2683988567441205,4.287078920751777,124268475
2018-05-09,4.268398284912109,4.31509821599099,4.2497182234069975,4.31509821599099,108183599
2018-05-10,4.287078380584717,4.287078380584717,4.249718257276737,4.277738127073822,82208641
2018-05-11,4.259057998657227,4.287078313382881,4.231038129299367,4.2777380600183985,99884475
2018-05-14,4.240378379821777,4.268398697471631,4.231038570850386,4.2590584431324,86807125
2018-05-15,4.212358474731445,4.240378346795223,4.156317839868216,4.240378346795223,137530665
2018-05-16,4.137637615203857,4.184337993977805,4.128297806669759,4.184337993977805,89347423
2018-05-17,4.156318187713623,4.174998252442102,4.137638122985144,4.156318187713623,64195680
2018-05-18,4.184338092803955,4.184338092803955,4.09093777841794,4.146977967049549,98339223
2018-05-21,4.240378379821777,4.277738506443022,4.221698316511155,4.249718634161009,141470642
2018-05-22,4.212358474731445,4.231038537896576,4.18433815729983,4.231038537896576,85333381
2018-05-23,4.109617710113525,4.212358275342513,4.090937647832602,4.203018021518144,110580249
2018-05-24,4.090937614440918,4.128297738697818,4.072257552312468,4.109617676569369,71338186
2018-05-25,4.100277423858643,4.109617677609137,4.016217366943255,4.09093761547596,100017124
2018-05-28,4.062917232513428,4.090937547934482,4.025557108863891,4.081597294338196,64894344
2018-05-29,4.090937614440918,4.1189574849496875,4.016217365927117,4.053577490184018,83834511
2018-05-30,3.866776704788208,4.006877403625951,3.8574368957285423,3.9601770222240886,122201720
2018-05-31,3.894796848297119,3.9321569735985156,3.8667765316371594,3.894796848297119,80005837
2018-06-01,3.904136896133423,3.9508372783052748,3.8667767685430823,3.8854568323382526,74232374
2018-06-04,3.9414970874786377,3.978857661041148,3.8761170858219263,3.913477214016578,92690965
2018-06-05,3.932157039642334,3.932157039642334,3.885456659547305,3.932157039642334,87467703
2018-06-06,3.960176706314087,3.9788572136789315,3.9134767740054013,3.932156836002437,105029239
2018-06-07,3.9881973266601562,4.034897707904189,3.960177008840168,3.978857517632055,129701978
2018-06-08,3.866776704788208,3.9321571496772467,3.8480966413010322,3.9228168952497366,132185965
2018-06-11,3.8574368953704834,3.8947970223413675,3.84809664094384,3.8574368953704834,59451918
2018-06-12,3.848097085952759,3.876117407105223,3.7920568890157256,3.8667771515984364,67192603
2018-06-13,3.8013968467712402,3.820076910953768,3.75469646363099,3.820076910953768,95440315
2018-06-14,3.8013968467712402,3.820076910953768,3.7640367184061843,3.773376527813518,66497471
2018-06-15,3.829416513442993,3.8387567677134977,3.726676165990546,3.782716578193981,119980120
2018-06-19,3.577235460281372,3.810736474089481,3.5305353020565344,3.7360162209297405,197150082
2018-06-20,3.5585553646087646,3.6145955539686074,3.474495080569001,3.5398753014888173,108997526
2018-06-21,3.549215316772461,3.670635949179215,3.5398752852553197,3.5585553482896026,105155214
2018-06-22,3.577235460281372,3.577235460281372,3.455815048896794,3.521195270411567,71868537
2018-06-25,3.5585553646087646,3.6799759975723414,3.549215333048791,3.65195590289242,81572192
2018-06-26,3.5959153175354004,3.623935633548737,3.474494913107872,3.483834944217682,75257391
2018-06-27,3.5585553646087646,3.6145955539686074,3.5305352699288437,3.6052555224086333,61725239
2018-06-28,3.511855125427246,3.5678953134884464,3.5025150940837126,3.530535188114313,56162436
2018-06-29,3.586575508117676,3.586575508117676,3.4744951278720864,3.5211952863077483,84288156
2018-07-02,3.455815315246582,3.5865757683542183,3.4277952181520885,3.577235735989387,91680797
2018-07-03,3.4651548862457275,3.474494917366987,3.3810943834704887,3.4464748240032095,71066139
2018-07-04,3.3997747898101807,3.4651550099938624,3.390434758355369,3.4464749470842393,53324136
2018-07-05,3.231654167175293,3.4184550285644404,3.222314135240032,3.3997749646939184,106282014
2018-07-06,3.2036337852478027,3.250333940753242,3.1102332515530184,3.2316538785510662,108481135
2018-07-09,3.2690141201019287,3.278354151537721,3.1942938686155946,3.2129739314871784,76661467
2018-07-10,3.3157143592834473,3.334394422617017,3.2596741692827393,3.2783542326163086,80355093
2018-07-11,3.2036337852478027,3.2596739718543293,3.156933629742364,3.2316538785510662,82958498
2018-07-12,3.287694215774536,3.3063742788324886,3.1849538689557955,3.2036339320137484,78867711
2018-07-13,3.3157143592834473,3.334394422617017,3.2596741692827393,3.2783542326163086,78372944
2018-07-16,3.2970340251922607,3.315714086991794,3.259673901593194,3.2970340251922607,51097918
2018-07-17,3.259674072265625,3.287694166432022,3.2223139467104294,3.287694166432022,53052905
2018-07-18,3.2409939765930176,3.287694133063021,3.231653945299017,3.26901407047502,46587633
2018-07-19,3.231654167175293,3.287694358786859,3.20363407136951,3.259674262981076,66038506
2018-07-20,3.2690141201019287,3.278354151537721,3.1569337428724276,3.22231396292297,97236565
2018-07-23,3.446475028991699,3.4744951240220483,3.240994109418555,3.259674172772121,191200013
2018-07-24,3.6893160343170166,3.7546962553287138,3.4184548960132113,3.4184548960132113,314911869
2018-07-25,3.6239359378814697,3.7173362568231876,3.5865755876208567,3.689316161140672,151793887
2018-07-26,3.586575508117676,3.642615920924391,3.558555413056278,3.6239358575501264,82656039
2018-07-27,3.5959153175354004,3.6332756646585467,3.558555193096161,3.5772352553157805,67307371
2018-07-30,3.605255603790283,3.6799760806406607,3.567895476707056,3.577235508477863,72420735
2018-07-31,3.614595413208008,3.6706358230694267,3.558555226030498,3.6426157294806716,78819688
2018-08-01,3.455815315246582,3.642616185227142,3.4371352505169197,3.6052558330838806,131093648
2018-08-02,3.325054407119751,3.4464750420623327,3.2316540899977046,3.437135010350128,143666283
2018-08-03,3.325054407119751,3.390434851789105,3.306374343695342,3.315714375407546,78648123
2018-08-06,3.2690141201019287,3.3624144344598466,3.2503340572303454,3.3063742458450958,58878457
2018-08-07,3.427794933319092,3.427794933319092,3.2596741420382096,3.27835420521565,102206290
2018-08-08,3.3997747898101807,3.4744950414486744,3.3624144413070187,3.4091148212649927,102176932
2018-08-09,3.5678951740264893,3.6145953289187394,3.4651548332635382,3.4651548332635382,176033690
2018-08-10,3.5305354595184326,3.549215523641499,3.4931753312723006,3.5025153633338335,73292339
2018-08-13,3.511855125427246,3.511855125427246,3.418454811991912,3.5025150940837126,68337878
2018-08-14,3.511855125427246,3.54921525080138,3.4651549687095793,3.4838350313966457,50899287
2018-08-15,3.418454885482788,3.5025151693817396,3.40911485393846,3.4931751378374116,59653796
2018-08-16,3.3997747898101807,3.4371349156294273,3.2876941896685254,3.3624144413070187,74701886
2018-08-17,3.4091150760650635,3.483835333288211,3.3904350117592768,3.4558152368295305,73335271
2018-08-20,3.511855125427246,3.5211951567707795,3.418454811991912,3.4277948433354455,84414392
2018-08-21,3.6612958908081055,3.698656016602651,3.5305352278432807,3.539875259291917,169301887
2018-08-22,3.6519558429718018,3.661295874378526,3.6052554632542666,3.6332757801583533,75071502
2018-08-23,3.6332759857177734,3.67063611345839,3.59591563529323,3.67063611345839,72192647
2018-08-24,3.707996368408203,3.754696529686103,3.605255790912889,3.6332761103635636,129565076
2018-08-27,3.7266762256622314,3.7920564478152046,3.707996162189953,3.7546963208706483,107849251
2018-08-28,3.8854565620422363,3.9601768120249226,3.707995968333357,3.7266760308290285,210479899
2018-08-29,3.8574368953704834,4.006877403254021,3.8294165774583977,3.8854567679147243,197180682
2018-08-30,3.8761167526245117,3.9228166861694933,3.8574366901329546,3.8947968151160683,99653522
2018-08-31,3.773375988006592,3.848096234047467,3.7266758342310444,3.848096234047467,110291385
2018-09-03,3.7920565605163574,3.810736624543813,3.6612961123241674,3.782716751186558,81071509
2018-09-04,3.7827165126800537,3.820076638379348,3.736016132872022,3.764036449830407,67877914
2018-09-05,3.707996368408203,3.8013969136479373,3.6986563361526232,3.7827168491367775,65989800
2018-09-06,3.6986560821533203,3.7546962718383297,3.6799760189249837,3.7173361453816565,54707325
2018-09-07,3.736016035079956,3.7733761598013302,3.679975847997895,3.698655910358582,55892576
2018-09-10,3.642615795135498,3.7266760774168723,3.6145954783577934,3.7173360460522753,72617171
2018-09-11,3.6239359378814697,3.6799761292465005,3.6052556514092005,3.651956033563985,60896994
2018-09-12,3.586575508117676,3.614595603179073,3.558555413056278,3.6052555714919405,48333044
2018-09-13,3.707996368408203,3.707996368408203,3.5865757264017293,3.6239360781079832,60783541
2018-09-14,3.736016035079956,3.8013964760262695,3.679975847997895,3.698655910358582,89371807
2018-09-17,3.7173361778259277,3.7546963046086734,3.661295987651809,3.7173361778259277,40948262
2018-09-18,3.7920565605163574,3.7920565605163574,3.679976176351623,3.689316208365351,66113933
2018-09-19,3.829416513442993,3.85743683088667,3.7453564518476368,3.782716578193981,87115502
2018-09-20,3.8013968467712402,3.866776848726157,3.773376527813518,3.8294167203611016,68124858
2018-09-21,3.8574368953704834,3.8854567679147243,3.7827166414287143,3.801396704914157,104021917
2018-09-25,3.8013968467712402,3.8294167203611016,3.7920565919960456,3.8294167203611016,55358570
2018-09-26,3.773375988006592,3.838756425976256,3.754695926496373,3.8013963029558187,70248179
2018-09-27,3.707996368408203,3.792056658708423,3.707996368408203,3.7733765941972632,57502982
2018-09-28,3.7640364170074463,3.7733762256669108,3.6893159435765175,3.6986559749198946,67850074
2018-10-08,3.6706361770629883,3.838756977492878,3.6145957617970716,3.7827167849108916,148502783
2018-10-09,3.707996368408203,3.7266764329193633,3.6239360781079832,3.6239360781079832,69221904
2018-10-10,3.6893160343170166,3.7546962553287138,3.6706359711708174,3.707996097463216,60112923
2018-10-11,3.3997747898101807,3.5865754189064143,3.3343943469425836,3.5865754189064143,135191267
2018-10-12,3.4091150760650635,3.418455108217957,3.2503343067819443,3.3624146926166647,81653602
2018-10-15,3.3063743114471436,3.4277949452054686,3.3063743114471436,3.4277949452054686,57190945
2018-10-16,3.2783544063568115,3.353074663650983,3.2503343098714974,3.287694438518583,41906643
2018-10-17,3.3343944549560547,3.353074518470795,3.278354264411834,3.3343944549560547,38436897
2018-10-18,3.2036337852478027,3.3063741273597684,3.184953723045627,3.2970340962586806,58729263
2018-10-19,3.2690141201019287,3.297034214409304,3.110233363009554,3.147593488752721,59658306
2018-10-22,3.483835220336914,3.483835220336914,3.2783542969513353,3.2970343606514856,106911313
2018-10-23,3.390434503555298,3.483834811084136,3.371754219365632,3.4651547495783683,70088974
2018-10-24,3.4091150760650635,3.4744953011353172,3.3717547247695583,3.381094756922452,50197449
2018-10-25,3.427794933319092,3.437134964907812,3.27835420521565,3.3063742999818104,54364538
2018-10-26,3.4651548862457275,3.5678952285795775,3.4371347928819502,3.4558148551244687,82378960
2018-10-29,3.455815315246582,3.502515477070738,3.4184551857872574,3.4371352505169197,47805632
2018-10-30,3.4744949340820312,3.511855058746799,3.3904346535863037,3.4277947782510716,53007843
2018-10-31,3.549215316772461,3.577235411323885,3.465155033118189,3.465155033118189,87047525
2018-11-01,3.5305354595184326,3.586575651887631,3.5211954274568997,3.539875491579966,66223010
2018-11-02,3.605255603790283,3.642615953557433,3.567895476707056,3.6239358900158196,62840060
2018-11-05,3.586575508117676,3.614595603179073,3.530535317994881,3.586575508117676,48137109
2018-11-06,3.5959153175354004,3.5959153175354004,3.5492151619863512,3.5865752864255906,37643776
2018-11-07,3.549215316772461,3.6519558861449326,3.549215316772461,3.595915474358168,61930225
2018-11-08,3.5025153160095215,3.5959156353628714,3.5025153160095215,3.5772355714922015,46643794
2018-11-09,3.418454885482788,3.5025151693817396,3.399774822394132,3.4838351062930837,57500858
2018-11-12,3.4931752681732178,3.4931752681732178,3.399774949245027,3.4184550130306652,52412363
2018-11-13,3.5585553646087646,3.5959154908486597,3.437134954329106,3.437134954329106,89888895
2018-11-14,3.5398752689361572,3.595915457780655,3.5398752689361572,3.5585553318843233,65864596
2018-11-15,3.586575508117676,3.595915539804808,3.5211952863077483,3.549215381369146,58986125
2018-11-16,3.577235460281372,3.6145955868612423,3.558555396991437,3.577235460281372,63803670
2018-11-19,3.605255603790283,3.605255603790283,3.5305353496238285,3.577235508477863,69829611
2018-11-20,3.605255603790283,3.605255603790283,3.605255603790283,3.605255603790283,0
2018-11-21,3.52119517326355,3.5305352046508305,3.4464749221653035,3.502515110488988,71551368
2018-11-22,3.5585553646087646,3.5959154908486597,3.4838351121289746,3.5305352699288437,64157007
2018-11-23,3.418454885482788,3.5585553586477072,3.3904347908498043,3.5585553586477072,64128652
2018-11-26,3.3717546463012695,3.4558151564049653,3.3437345504946796,3.4184550286628457,49089890
2018-11-27,3.381094217300415,3.4091145319709897,3.362414155975963,3.3904344706465377,27881578
2018-11-28,3.4091150760650635,3.418455108217957,3.334394596157985,3.3717547247695583,33734979
2018-11-29,3.3717546463012695,3.4464751244694356,3.3624146143657394,3.4371350925339055,31086829
2018-11-30,3.3997747898101807,3.4091148212649927,3.3343943469425836,3.3717544727618307,37741276
2018-12-03,3.4651548862457275,3.502515010730764,3.4464748240032095,3.474494917366987,58853828
2018-12-04,3.4744949340820312,3.4838349652482234,3.4464748405834555,3.4558148717496473,32717562
2018-12-05,3.455815315246582,3.4838354123410755,3.4184551857872574,3.4277952181520885,45103136
2018-12-06,3.381094217300415,3.4464746546198946,3.381094217300415,3.427794593295442,36965400
2018-12-07,3.3997747898101807,3.418454852719804,3.3717544727618307,3.3810945042166423,25494801
2018-12-10,3.353074550628662,3.381094646169501,3.325054455087823,3.381094646169501,32281696
2018-12-11,3.3624143600463867,3.371754391275475,3.343734297588211,3.3624143600463867,23280425
2018-12-12,3.353074550628662,3.381094646169501,3.343734518781716,3.3717546143225547,19917214
2018-12-13,3.4091150760650635,3.437135172523744,3.334394596157985,3.3624146926166647,43983622
2018-12-14,3.3437342643737793,3.4091147050118584,3.3437342643737793,3.3997746738755485,33544257
2018-12-17,3.3437342643737793,3.3624143266463995,3.306374139828538,3.3437342643737793,27632850
2018-12-18,3.3157143592834473,3.3530744859505863,3.297034295949878,3.325054390950232,28972920
2018-12-19,3.259674072265625,3.3250542919872177,3.250334040876826,3.3157142605984187,30665367
2018-12-20,3.2690141201019287,3.2876941829735125,3.2409940257945533,3.259674088666137,24131481
2018-12-21,3.2503340244293213,3.2596740557708572,3.2316539617462494,3.2596740557708572,22714565
2018-12-24,3.2503340244293213,3.2783541184539295,3.222313930404713,3.2409939930877854,23873610
2018-12-25,3.2036337852478027,3.2223138474499784,3.166273660843452,3.2129738163488906,40880922
2018-12-26,3.2129735946655273,3.2223136251221876,3.1756134728388874,3.2036335642088676,28814212
2018-12-27,3.2783544063568115,3.3250545671656684,3.212974181224412,3.259674342033269,61362905
2018-12-28,3.3157143592834473,3.325054390950232,3.2316540742823854,3.2503341376159547,39448817
2019-01-02,3.2690141201019287,3.297034214409304,3.259674088666137,3.297034214409304,25246903
2019-01-03,3.287694215774536,3.3157143103614652,3.2503340896586304,3.2783541842455595,26714991
2019-01-04,3.3343944549560547,3.353074518470795,3.240994137382353,3.2503341691397236,41628622
2019-01-07,3.381094217300415,3.3997745013087637,3.3437340946515106,3.250333788029249,49944608
2019-01-08,3.3717546463012695,3.399774964791786,3.3530745824302097,3.3717546463012695,38167573
2019-01-09,3.353074550628662,3.409114964394264,3.353074550628662,3.3717546143225547,36529269
2019-01-10,3.325054407119751,3.3624145339685696,3.325054407119751,3.353074502256365,30785563
2019-01-11,3.3624143600463867,3.39043467641756,3.325054235130035,3.325054235130035,34248200
2019-01-14,3.353074550628662,3.3904349007003716,3.343734518781716,3.3624145824756084,27062912
2019-01-15,3.381094217300415,3.3997745013087637,3.334394063989284,3.3530741253137366,28127124
2019-01-16,3.3624143600463867,3.39043467641756,3.353074328817299,3.3810944225045625,25550645
2019-01-17,3.325054407119751,3.381094597392979,3.315714375407546,3.3624145339685696,40483563
2019-01-18,3.4371347427368164,3.465154835691802,3.325054148232969,3.3343941792179645,97138532
2019-01-21,3.455815315246582,3.4838354123410755,3.4277952181520885,3.446475282881751,65104022
2019-01-22,3.427794933319092,3.4744950912626926,3.4091148701416514,3.4744950912626926,34459596
2019-01-23,3.4371347427368164,3.4558148047068067,3.3997746187968354,3.427794711751821,25867882
2019-01-24,3.418454885482788,3.446474980115772,3.3904347908498043,3.437134948571444,26116405
2019-01-25,3.427794933319092,3.446474996496532,3.4184549017303714,3.427794933319092,21864863
2019-01-28,3.390434503555298,3.4651547495783683,3.390434503555298,3.4558147188254846,25861697
2019-01-29,3.325054407119751,3.390434851789105,3.297034311983137,3.3717545656807744,33909985
2019-01-30,3.325054407119751,3.353074502256365,3.315714375407546,3.325054407119751,19757695
2019-01-31,3.2970340251922607,3.3904345568738297,3.2783539633927274,3.3343941487913273,44954879
2019-02-01,3.381094217300415,3.381094217300415,3.3063739720026057,3.3063739720026057,29532691
2019-02-11,3.4371347427368164,3.4371347427368164,3.381094334142941,3.381094334142941,31041098
2019-02-12,3.455815315246582,3.4744953799762444,3.4277952181520885,3.4744953799762444,43519594
2019-02-13,3.5959153175354004,3.623935633548737,3.4464748197784427,3.465154881998062,134559834
2019-02-14,3.5959153175354004,3.6519557268781666,3.5678952242059707,3.5772352553157805,85523287
2019-02-15,3.5398752689361572,3.623935774886819,3.5305352374620744,3.595915457780655,53403961
2019-02-18,3.614595413208008,3.6239356670881686,3.5492151948342467,3.5492151948342467,82111428
2019-02-19,3.605255603790283,3.6519559853282404,3.558555444936249,3.605255603790283,85321743
2019-02-20,3.679975986480713,3.679975986480713,3.5678953854149267,3.6052555115422167,109491312
2019-02-21,3.614595413208008,3.679975854265678,3.595915350815505,3.6706358230694267,99316555
2019-02-22,3.6332759857177734,3.6332759857177734,3.567895539487768,3.6052556672283846,80770926
2019-02-25,3.8574368953704834,3.8761169588559254,3.651955974346697,3.651955974346697,252537144
2019-02-26,3.922816753387451,4.109617826871699,3.801396567795692,3.866776564952525,286798900
2019-02-27,3.932157039642334,4.0162175456662546,3.8667765965828593,3.9508371026067794,195960158
2019-02-28,3.9788572788238525,4.062917336502906,3.9228166465473953,3.9321569003827435,161314326
2019-03-01,3.969517230987549,4.006877357532122,3.904136786850626,3.9975375485798983,106104920
2019-03-04,4.0162177085876465,4.1096180271987395,3.960177072053141,3.9695173265981754,200958678
2019-03-05,4.100277423858643,4.137637548124996,3.932156864660054,3.9788572426769013,194903652
2019-03-06,4.277737617492676,4.305757929319669,4.0909370232052105,4.14697720149145,257585665
2019-03-07,4.380478858947754,4.567279482741079,4.184337981280853,4.249718422292426,281891231
2019-03-08,4.034897804260254,4.277738634572033,3.9601771034118527,4.221698442961623,248618956
2019-03-11,4.11895751953125,4.128297773357799,4.006877145819554,4.006877145819554,130943476
2019-03-12,4.090937614440918,4.1749976713350385,4.034897428055567,4.128297738697818,165532518
2019-03-13,4.0162177085876465,4.1096180271987395,4.0162177085876465,4.081597708931486,120128847
2019-03-14,3.960176706314087,4.100277393975761,3.9134767740054013,3.9975372756759673,114530680
2019-03-15,4.006877422332764,4.025557485907151,3.941496977138485,3.9695172951839894,99099535
2019-03-18,4.109617710113525,4.109617710113525,4.016217398708908,4.025557207165462,116287004
2019-03-19,4.081597805023193,4.137637997509184,4.044237676699199,4.118957933347188,91124737
2019-03-20,4.090937614440918,4.100277422821238,3.9788572416702164,4.053577490184018,116931033
2019-03-21,4.072257995605469,4.1189579333262945,4.0535779314435665,4.08159780500249,113081076
2019-03-22,4.034897804260254,4.081597741251669,3.988197421900985,4.072257932000528,92148438
2019-03-25,3.922816753387451,3.9975374500018472,3.922816753387451,3.950837070288828,89085578
2019-03-26,3.8107361793518066,3.9601766741129585,3.801396371113137,3.9414966122678146,88432865
2019-03-27,3.8200764656066895,3.8480963359299754,3.782716341597102,3.829416273925182,67134931
2019-03-28,3.7920565605163574,3.8574370072963804,3.7733764964889014,3.810736624543813,57988759
2019-03-29,3.9134769439697266,3.922816752689973,3.7733762502234076,3.792056313031728,100936918
2019-04-01,4.146978855133057,4.174998732765457,3.9414976741118024,3.9414976741118024,210473010
2019-04-02,4.165658473968506,4.193678348587197,4.081597959376678,4.184338538836926,176524259
2019-04-03,4.184338092803955,4.193677901558642,4.109617841295143,4.146977967049549,129886997
2019-04-04,4.249719142913818,4.47387992947657,4.203018756362631,4.3711393462846955,219960793
2019-04-08,4.3337788581848145,4.473879560929328,4.249718792832391,4.27773866616058,258055998
2019-04-09,4.2030181884765625,4.30575875778676,4.109617873361761,4.296418503591364,144269647
2019-04-10,4.174997806549072,4.203018123333137,4.1282978723994,4.1843380605997025,104904499
2019-04-11,4.053577899932861,4.174998093357431,4.034897835916169,4.165658284033013,118305939
2019-04-12,4.0162177085876465,4.072257899754303,3.978857581143209,4.0442375814870495,79485961
2019-04-15,4.062917232513428,4.165657795233555,4.053577424284946,4.090937547934482,130959688
2019-04-16,4.221698760986328,4.231039016308934,4.006877787613153,4.025557852890477,167780074
2019-04-17,4.221698760986328,4.333779152650275,4.174998375109073,4.203018695709003,143357811
2019-04-18,4.174997806549072,4.296418437000308,4.174997806549072,4.240378248800005,99701840
2019-04-19,4.240378379821777,4.240378379821777,4.08159761899757,4.17499793555068,101876562
2019-04-22,4.128297328948975,4.259057750869669,4.10961726867459,4.231037883141975,90226511
2019-04-23,4.081597805023193,4.146978252274113,4.044237676699199,4.118957933347188,85126744
2019-04-24,4.081597805023193,4.109618123950119,4.016217803140133,4.090938059788122,69066611
2019-04-25,3.960176706314087,4.118957455972796,3.9508368979994732,4.072257523664111,89587374
2019-04-26,3.8854565620422363,3.9695170659566683,3.8574366909826394,3.9508370034609968,77913323
2019-05-06,3.614595413208008,3.7920562286206976,3.5211951012454916,3.7360160414431878,133673225
2019-05-07,3.605255603790283,3.661296017099047,3.558555444936249,3.61459563556109,71127409
2019-05-08,3.5398752689361572,3.5865754263065717,3.493175111565743,3.5398752689361572,66485805
2019-05-09,3.511855125427246,3.558555282144913,3.4838350313966457,3.5211951567707795,62201190
2019-05-10,3.5959153175354004,3.60525534864521,3.4558148508882525,3.5305350997667313,79154376
2019-05-13,3.5305354595184326,3.586575651887631,3.5305354595184326,3.549215523641499,48104189
2019-05-14,3.5398752689361572,3.577235394832489,3.48383508009166,3.48383508009166,56915245
2019-05-15,3.6519558429718018,3.6799759371919745,3.5678953376273697,3.5959154318475424,85969244
2019-05-16,3.848097085952759,3.922817348535469,3.6612964294959824,3.6612964294959824,151271459
2019-05-17,3.707996368408203,3.829416787730743,3.6426161426191435,3.8013969136479373,114022501
2019-05-20,3.7640364170074463,3.7827164796942,3.605255438802212,3.6612958495463865,90235086
2019-05-21,3.932157039642334,4.044237417429007,3.7173360928672956,3.736016155831741,163906289
2019-05-22,3.7920565605163574,3.9134771993787476,3.754696432461446,3.848096752598724,106965208
2019-05-23,3.707996368408203,3.792056658708423,3.6986563361526232,3.7733765941972632,63026714
2019-05-24,3.6706361770629883,3.7827167849108916,3.661296144965991,3.679976209159986,65349469
2019-05-27,3.7920565605163574,3.8294166885712686,3.65195608031044,3.698656240379079,94200024
2019-05-28,3.7827165126800537,3.81073638427061,3.7266761014471985,3.7733762585713158,85123570
2019-05-29,3.838756799697876,3.8947969896843175,3.764036546382621,3.782716609711435,129959168
2019-05-30,3.8013968467712402,3.8387569751362958,3.717336335265934,3.7920565919960456,115834161
2019-05-31,3.7546963691711426,3.820076814849093,3.7453565599987777,3.7827166874239353,93441823
2019-06-03,3.642615795135498,3.7546961715106635,3.6332757637709006,3.7360161087814694,99755074
2019-06-04,3.5959153175354004,3.670635789097786,3.558555193096161,3.6519557268781666,64116993
2019-06-05,3.5959153175354004,3.6519557268781666,3.5865752864255906,3.6332756646585467,53364715
2019-06-06,3.549215316772461,3.6239357915935084,3.511855190703896,3.5865754428410264,67032846
2019-06-10,3.577235460281372,3.6145955868612423,3.511855238766599,3.558555396991437,71981935
2019-06-11,3.707996368408203,3.7173364006637835,3.567895661890569,3.5772356941461494,112328356
2019-06-12,3.7640364170074463,3.8667765391006808,3.6893159435765175,3.7079960062632717,189334948
2019-06-13,3.736016035079956,3.754696097440643,3.6893158791782383,3.717335972719269,89265156
2019-06-14,3.6612958908081055,3.7546962052944695,3.651955859359469,3.7360161423971965,75802696
2019-06-17,3.6519558429718018,3.73601612563232,3.6332757801583533,3.661295874378526,57670103
2019-06-18,3.614595413208008,3.661295791873175,3.586575319619253,3.6519557606769233,59756828
2019-06-19,3.642615795135498,3.7173360460522753,3.6332757637709006,3.6893159519584837,63121826
2019-06-20,3.7173361778259277,3.726676209521614,3.6145956064894564,3.6519559559561228,93089849
2019-06-21,3.7453560829162598,3.7920560135651566,3.69865570689957,3.717335768232687,112687061
2019-06-24,3.7453560829162598,3.7827162055824943,3.7360158295658046,3.7453560829162598,57022334
2019-06-25,3.7266762256622314,3.7640365752907092,3.661296003509258,3.7546963208706483,62479915
2019-06-26,3.6986560821533203,3.726676176995825,3.6799760189249837,3.689316050539152,41511931
2019-06-27,3.707996368408203,3.7453567201144575,3.6893163038970433,3.707996368408203,47789387
2019-06-28,3.6612958908081055,3.7079960480512875,3.633275796462196,3.698656016602651,51556379
2019-07-01,3.7453560829162598,3.764036144249377,3.6799756455664525,3.7079957375661285,91233775
2019-07-02,3.7266762256622314,3.7453565118184313,3.7173361939260925,3.7360162573983704,58567305
2019-07-03,3.679975986480713,3.7266761441398253,3.661295923417068,3.717336112608003,48613782
2019-07-04,3.6706361770629883,3.7079963054509792,3.642616080771995,3.6986562733539814,47324805
2019-07-05,3.6612958908081055,3.6893159851540145,3.6426158279108325,3.679975953705378,38509093
2019-07-08,3.5305354595184326,3.642616066940759,3.511855395395367,3.642616066940759,89534297
2019-07-09,3.5398752689361572,3.54921530041024,3.5025151430398256,3.5305352374620744,35768453
2019-07-10,3.52119517326355,3.549215267425392,3.502515110488988,3.539875236038111,32370491
2019-07-11,3.5305354595184326,3.586575651887631,3.5211954274568997,3.549215523641499,36292016
2019-07-12,3.549215316772461,3.5585553482896026,3.521195222221037,3.5305352537381784,30098194
2019-07-15,3.586575508117676,3.595915539804808,3.5025152229334835,3.549215381369146,43824859
2019-07-16,3.5678951740264893,3.6052552979402894,3.558555143048039,3.5678951740264893,29345958
2019-07-17,3.5585553646087646,3.5772354277287124,3.549215333048791,3.5678953961687383,33276334
2019-07-18,3.5305354595184326,3.586575651887631,3.5305354595184326,3.5585555557030317,39964120
2019-07-19,3.5585553646087646,3.5959154908486597,3.5398753014888173,3.549215333048791,57197679
2019-07-22,3.4744949340820312,3.558555214577759,3.4651549029158395,3.558555214577759,55778137
2019-07-23,3.4931752681732178,3.4931752681732178,3.4464751087091225,3.4464751087091225,29401735
2019-07-24,3.511855125427246,3.5398752194578464,3.4838350313966457,3.493175062740179,32663179
2019-07-25,3.511855125427246,3.530535188114313,3.493175062740179,3.5211951567707795,25954443
2019-07-26,3.511855125427246,3.5211951567707795,3.493175062740179,3.5025150940837126,21354931
2019-07-29,3.4931752681732178,3.521195363851675,3.4744952043875794,3.5118553319588557,24941814
2019-07-30,3.52119517326355,3.539875236038111,3.4931750791017073,3.502515110488988,29905109
2019-07-31,3.5025153160095215,3.521195379880192,3.4931752840741868,3.5118553479448567,19900474
2019-08-01,3.4651548862457275,3.502515010730764,3.4558148551244687,3.493174979609505,44827846
2019-08-02,3.418454885482788,3.446474980115772,3.40911485393846,3.427794917027116,49229222
2019-08-05,3.3717546463012695,3.4184550286628457,3.3717546463012695,3.409114996727316,36809220
2019-08-06,3.2690141201019287,3.334394340152471,3.2503340572303454,3.315714277280888,63844040
2019-08-07,3.287694215774536,3.3157143103614652,3.2783541842455595,3.2970342473035124,34046127
2019-08-08,3.2970340251922607,3.3250541178915607,3.287693994292494,3.3063740560920274,29896050
2019-08-09,3.2503340244293213,3.3250542751616097,3.2503340244293213,3.3157142438200737,37939664
2019-08-12,3.2970340251922607,3.2970340251922607,3.231653808893894,3.231653808893894,35238705
2019-08-13,3.2970340251922607,3.315714086991794,3.269013932492961,3.269013932492961,32327816
2019-08-14,3.2970340251922607,3.3343941487913273,3.287693994292494,3.3250541178915607,28878003
2019-08-15,3.2970340251922607,3.2970340251922607,3.2223137779941275,3.2503338706934275,33907975
2019-08-16,3.287694215774536,3.3157143103614652,3.2690141527165832,3.287694215774536,31559071
2019-08-19,3.3717546463012695,3.3717546463012695,3.2970343908170303,3.30637442275256,47459561
2019-08-20,3.446475028991699,3.5305353140827456,3.3624145212167327,3.3717545528935156,110688559
2019-08-21,3.455815315246582,3.4838354123410755,3.4184551857872574,3.4277952181520885,48032401
2019-08-22,3.4744949340820312,3.4838349652482234,3.4277947782510716,3.4744949340820312,34189875
2019-08-23,3.427794933319092,3.483835122851413,3.427794933319092,3.4744950912626926,29141962
2019-08-26,3.4091150760650635,3.483835333288211,3.3530746604637716,3.3624146926166647,51212926
2019-08-27,3.455815315246582,3.4838354123410755,3.409115153422426,3.4184551857872574,54289181
2019-08-28,3.455815315246582,3.4838354123410755,3.4371352505169197,3.4744953799762444,30003936
2019-08-29,3.390434503555298,3.4558147188254846,3.3810942501185157,3.4558147188254846,37912447
2019-08-30,3.3624143600463867,3.427794801333912,3.325054235130035,3.418454770104824,36180659
2019-09-02,3.427794933319092,3.437134964907812,3.3437344263366913,3.3530744579254117,40528332
2019-09-03,3.3997747898101807,3.4371349156294273,3.3810945042166423,3.4371349156294273,32876520
2019-09-04,3.455815315246582,3.4838354123410755,3.390435088692764,3.399775121057595,63974634
2019-09-05,3.4744949340820312,3.521195089912991,3.4558148717496473,3.4744949340820312,78418422
2019-09-06,3.4651548862457275,3.502515010730764,3.4371347928819502,3.493174979609505,42675197
2019-09-09,3.577235460281372,3.5959155235713074,3.455815048896794,3.483835143831697,118345666
2019-09-10,3.5398752689361572,3.567895363358406,3.5211952059879916,3.54921530041024,70780338
2019-09-11,3.549215316772461,3.567895379806744,3.5305352537381784,3.549215316772461,49612701
2019-09-12,3.5585553646087646,3.5959154908486597,3.5305352699288437,3.586575459288686,55695010
2019-09-16,3.5398752689361572,3.567895363358406,3.5211952059879916,3.5585553318843233,43596809
2019-09-17,3.4371347427368164,3.521195021601774,3.427794711751821,3.521195021601774,59394928
2019-09-18,3.4091150760650635,3.4558152368295305,3.3904350117592768,3.4464752046766374,39693761
2019-09-19,3.3997747898101807,3.418454852719804,3.3624144413070187,3.4091148212649927,54302268
2019-09-20,3.390434503555298,3.427794626566833,3.371754219365632,3.3997745343081816,47770305
2019-09-23,3.353074550628662,3.3904349007003716,3.325054455087823,3.3904349007003716,49049026
2019-09-24,3.3624143600463867,3.3810944225045625,3.334394266359123,3.353074328817299,39507926
2019-09-25,3.325054407119751,3.353074502256365,3.306374343695342,3.353074502256365,39159006
2019-09-26,3.287694215774536,3.334394373419418,3.2783541842455595,3.334394373419418,48066196
2019-09-27,3.3063743114471436,3.3250543746893597,3.2876942482049274,3.2876942482049274,26677406
2019-09-30,3.287694215774536,3.3157143103614652,3.2783541842455595,3.2970342473035124,21386612
2019-10-08,3.2970340251922607,3.315714086991794,3.2783539633927274,3.2783539633927274,22075293
2019-10-09,3.3157143592834473,3.3157143592834473,3.2596741692827393,3.2876942642830933,23700712
2019-10-10,3.325054407119751,3.3343944388319557,3.306374343695342,3.315714375407546,25926914
2019-10-11,3.3437342643737793,3.3530742955100896,3.306374139828538,3.334394233237469,32124768
2019-10-14,3.3717546463012695,3.390434932856256,3.3530745824302097,3.3717546463012695,36860786
2019-10-15,3.325054407119751,3.3624145339685696,3.315714375407546,3.3624145339685696,28884661
2019-10-16,3.287694215774536,3.3437344049483944,3.287694215774536,3.3250543418904415,23648419
2019-10-17,3.3157143592834473,3.3157143592834473,3.2783542326163086,3.2876942642830933,21027511
2019-10-18,3.259674072265625,3.3250542919872177,3.250334040876826,3.3157142605984187,30859298
2019-10-21,3.2690141201019287,3.278354151537721,3.2409940257945533,3.2690141201019287,18315878
2019-10-22,3.287694215774536,3.287694215774536,3.2596741211876066,3.2690141527165832,22694873
2019-10-23,3.2503340244293213,3.2876941497954655,3.2503340244293213,3.2783541184539295,21782569
2019-10-24,3.2690141201019287,3.278354151537721,3.2409940257945533,3.2503340572303454,23546870
2019-10-25,3.2690141201019287,3.2690141201019287,3.22231396292297,3.2690141201019287,31705026
2019-10-28,3.287694215774536,3.287694215774536,3.2596741211876066,3.2690141527165832,31330333
2019-10-29,3.231654167175293,3.287694358786859,3.222314135240032,3.278354326851598,31023009
2019-10-30,3.194293975830078,3.2316541028272145,3.184953944080794,3.2316541028272145,32159380
2019-10-31,3.166273593902588,3.203633717517077,3.156933562998965,3.1849536557098324,24068796
2019-11-01,3.194293975830078,3.203634007579362,3.1475935943997353,3.1662738805822257,24793153
2019-11-04,3.2129735946655273,3.2316536555788473,3.1942935337522074,3.2036335642088676,26397340
2019-11-05,3.2409939765930176,3.250334007887018,3.194293820123014,3.222313914005016,38230635
2019-11-06,3.194293975830078,3.240994134576499,3.184953944080794,3.2316541028272145,25708730
2019-11-07,3.2129735946655273,3.2316536555788473,3.1942935337522074,3.2036335642088676,18057732
2019-11-08,3.194293975830078,3.240994134576499,3.184953944080794,3.2316541028272145,22150927
2019-11-11,3.128913402557373,3.184953813438298,3.1195733711912044,3.1756137820721295,33179358
2019-11-12,3.138253688812256,3.1475937209370213,3.1102335924379596,3.119573624562725,18676450
2019-11-13,3.1195731163024902,3.138253177508549,3.1102330856994604,3.138253177508549,17103768
2019-11-14,3.128913402557373,3.128913402557373,3.1102333398250357,3.1195733711912044,17023419
2019-11-15,3.091553211212158,3.1382533670478283,3.082213180045024,3.11957330471356,24535340
2019-11-18,3.091553211212158,3.1008932423792923,3.0635331177107563,3.082213180045024,20958063
2019-11-19,3.128913402557373,3.128913402557373,3.0822132457265297,3.0915532770926983,17179535
2019-11-20,3.091553211212158,3.128913335880694,3.082213180045024,3.11957330471356,31089716
2019-11-21,3.0822131633758545,3.0822131633758545,3.0541930700259905,3.0822131633758545,34035267
2019-11-22,3.10089373588562,3.1195738011928147,3.06353360527123,3.0728736379248276,32919076
2019-11-25,3.194293975830078,3.203634007579362,3.100893435653315,3.100893435653315,66916346
2019-11-26,3.138253688812256,3.1849540721200134,3.138253688812256,3.1849540721200134,46473532
2019-11-27,3.1475937366485596,3.156933991503879,3.1289136723057855,3.1382537044771723,25677422
2019-11-28,3.1195731163024902,3.1475932081115787,3.1195731163024902,3.1475932081115787,16268579
2019-11-29,3.063533306121826,3.128913528312728,3.054193274380269,3.119573496571171,56823501
2019-12-02,3.0541932582855225,3.082213353362537,3.0448532265931845,3.0635332899778605,45986936
2019-12-03,3.072873592376709,3.0915536574070157,3.035513462316095,3.035513462316095,28597651
2019-12-04,3.091553211212158,3.1008932423792923,3.0448530553764885,3.054193086543622,35481859
2019-12-05,3.10089373588562,3.1195738011928147,3.082213670578425,3.10089373588562,31573755
2019-12-06,3.1102333068847656,3.1289133694192635,3.0915532443502673,3.1102333068847656,34076738
2019-12-09,3.128913402557373,3.1382534339235417,3.100893308458867,3.1102333398250357,28957427
2019-12-10,3.1475937366485596,3.166274023675266,3.1102336079630115,3.1289136723057855,41821263
2019-12-11,3.128913402557373,3.166273750705961,3.1195733711912044,3.166273750705961,27703963
2019-12-12,3.10089373588562,3.1382538665000097,3.0915537032320226,3.128913833846412,23352444
2019-12-13,3.1475937366485596,3.1475937366485596,3.1195736401343983,3.1195736401343983,44526760
2019-12-16,3.17561411857605,3.17561411857605,3.128913734112688,3.147593798824458,45979596
2019-12-17,3.231654167175293,3.250334231045815,3.1569339116932045,3.1662739436284655,78162762
2019-12-18,3.2223141193389893,3.2409941831173317,3.2036340555606473,3.2223141193389893,53001874
2019-12-19,3.231654167175293,3.250334231045815,3.212974103304771,3.222314135240032,37867883
2019-12-20,3.2036337852478027,3.250333940753242,3.184953723045627,3.240993909652154,38655387
2019-12-23,3.1195731163024902,3.2036336144136506,3.1102330856994604,3.2036336144136506,63913681
2019-12-24,3.1849539279937744,3.2036339913979908,3.1195734833950963,3.1289135150972043,65740920
2019-12-25,3.138253688812256,3.1849540721200134,3.119573624562725,3.1756140399952484,59387619
2019-12-26,3.1569340229034424,3.1849541196962976,3.1195736711623674,3.1382537356909377,62995141
2019-12-27,3.2690141201019287,3.3437343715882633,3.1569337428724276,3.166273774308219,177268255
2019-12-30,3.3063743114471436,3.3250543746893597,3.2409940900993868,3.250334121720495,99352913
2019-12-31,3.3063743114471436,3.334394406310468,3.278354216583819,3.3063743114471436,64905752
2020-01-02,3.3624143600463867,3.4838349887084394,3.334394266359123,3.343734297588211,132363940
2020-01-03,3.3624143600463867,3.3997747076466482,3.343734297588211,3.3810944225045625,62282697
2020-01-06,3.390434503555298,3.4184545958139494,3.334394096354097,3.3437341271069805,93818885
2020-01-07,3.3717546463012695,3.427795060598376,3.3530745824302097,3.390434932856256,78296791
2020-01-08,3.287694215774536,3.287694215774536,3.287694215774536,3.287694215774536,80758192
2020-01-09,3.3063743114471436,3.334394406310468,3.278354216583819,3.315714343068252,55905406
2020-01-10,3.287694215774536,3.334394373419418,3.2690141527165832,3.3157143103614652,47382264
2020-01-13,3.287694215774536,3.287694215774536,3.287694215774536,3.287694215774536,55701893
2020-01-14,3.325054407119751,3.325054407119751,3.325054407119751,3.325054407119751,77241501
2020-01-15,3.2690141201019287,3.315714277280888,3.2503340572303454,3.315714277280888,52918942
2020-01-16,3.259674072265625,3.287694166432022,3.250334040876826,3.278354135043223,41871987
2020-01-17,3.2409939765930176,3.297034164357022,3.231653945299017,3.2783541017690205,51109253
2020-01-20,3.231654167175293,3.240994199110554,3.194294039434249,3.240994199110554,45705964
2020-01-21,3.166273593902588,3.231653810227944,3.147593309411441,3.2223137793243217,67654746
2020-01-22,3.1569340229034424,3.1662740551677273,3.1102336388980825,3.1569340229034424,47592567
2020-01-23,3.0822131633758545,3.138253350075583,3.0728731322592333,3.138253350075583,73309576
2020-02-03,2.7739920616149902,2.802012156457495,2.7739920616149902,2.7739920616149902,97356210
2020-02-04,2.783332109451294,2.8113522044571084,2.71795188777106,2.71795188777106,100047867
2020-02-05,2.8300321102142334,2.8580522036598506,2.7833319544715382,2.7833319544715382,69025106
2020-02-06,2.8580522537231445,2.886072347659578,2.8020120658502776,2.848712222411,64865706
2020-02-07,2.839372158050537,2.84871218925397,2.792672002033372,2.839372158050537,69016517
2020-02-10,2.867392063140869,2.867392063140869,2.8113518796046972,2.820691910194059,57215662
2020-02-11,2.876732587814331,2.9140927165884496,2.8393724590402125,2.8580525234272716,62473822
2020-02-12,2.904752492904663,2.914092524482469,2.8487123034378277,2.8580523350156333,60770125
2020-02-13,2.867392063140869,2.914092216087679,2.867392063140869,2.895412154908955,56295585
2020-02-14,2.904752492904663,2.932772810321999,2.8487123034378277,2.8580523350156333,64021670
2020-02-17,2.9607930183410645,2.970133050276238,2.895412572110923,2.9047526040460965,65849949
2020-02-18,2.9607930183410645,2.9888131141465855,2.9421129544707174,2.970133050276238,60033004
2020-02-19,2.970132827758789,3.0541931088776937,2.9421127340524875,2.951452765287921,71166625
2020-02-20,3.0168330669403076,3.0261730984327206,2.96079287798583,2.988812972463069,63800566
2020-02-21,3.0168330669403076,3.0541931929099597,2.9981530039554816,3.0074930354478946,68130302
2020-02-24,2.9607930183410645,3.0074931780169325,2.932772922535544,2.998153146081759,75147413
2020-02-25,2.904752492904663,2.914092524482469,2.8580523350156333,2.895412461326857,83512585
2020-02-26,2.979473114013672,3.035513306222874,2.867392506911338,2.867392506911338,119322368
2020-02-27,2.942112684249878,3.007492901791191,2.942112684249878,2.970132777481869,65441455
2020-02-28,2.8580522537231445,2.914092441596011,2.8393721910988554,2.886072347659578,87041869
2020-03-02,2.9607930183410645,2.9888131141465855,2.8673924763054024,2.8673924763054024,84778318
2020-03-03,2.9607930183410645,3.0074931780169325,2.9421129544707174,2.9888131141465855,78591409
2020-03-04,2.979473114013672,2.988813146048539,2.9327729538393363,2.9421129858742034,65972247
2020-03-05,3.0261731147766113,3.06353324094804,2.970132925519469,2.9981530201480404,114511546
2020-03-06,2.970132827758789,2.9981529214650906,2.951452765287921,2.988812890229657,83583245
2020-03-09,2.8954124450683594,2.923432762328354,2.8767323820176407,2.9047524765937185,80914196
2020-03-10,2.9234330654144287,2.9327730979081132,2.858052615274698,2.8673926477683827,67331242
2020-03-11,2.8954124450683594,2.942112825379072,2.8860724135430003,2.923432762328354,53603578
2020-03-12,2.876732587814331,2.90475268439492,2.8580525234272716,2.8673925556208015,53488742
2020-03-13,2.848712205886841,2.8767322996607416,2.755311893307171,2.802012049597006,60867099
2020-03-16,2.811352252960205,2.8860725075981617,2.792672189300716,2.8860725075981617,57932825
2020-03-17,2.811352252960205,2.8393723484494386,2.7553120619817375,2.811352252960205,54781498
2020-03-18,2.7739920616149902,2.8300322512999996,2.7646520300008217,2.802012156457495,42833240
2020-03-19,2.7553117275238037,2.7833318196117736,2.717951604739844,2.7553117275238037,61719214
2020-03-20,2.7646520137786865,2.792672108456778,2.7272918875412313,2.7739920453380504,47684623
2020-03-23,2.7086117267608643,2.7366318204286637,2.6992716955382647,2.7179517579834642,55995725
2020-03-24,2.745972156524658,2.7553121887842416,2.7179520597459086,2.745972156524658,37908451
2020-03-25,2.7739920616149902,2.7926721248433264,2.7553119983866536,2.7833320932291583,39838817
2020-03-26,2.727292060852051,2.7646521894636247,2.727292060852051,2.7646521894636247,28939638
2020-03-27,2.727292060852051,2.7646521894636247,2.727292060852051,2.755312157310731,42294159
2020-03-30,2.689931631088257,2.717951724409938,2.680591377297123,2.6992716621954838,43415964
2020-03-31,2.689931631088257,2.717951724409938,2.671251346189896,2.708611693302711,32467216
2020-04-01,2.689931631088257,2.717951724409938,2.680591377297123,2.680591377297123,26997413
2020-04-02,2.727292060852051,2.727292060852051,2.671251645250759,2.680591677403652,33097431
2020-04-03,2.6992719173431396,2.7366320453035,2.6899318853530496,2.7366320453035,26373122
2020-04-07,2.745972156524658,2.745972156524658,2.7179520597459086,2.727292092005492,46178724
2020-04-08,2.745972156524658,2.7646522210438245,2.7179520597459086,2.736632124265075,36745277
2020-04-09,2.7366318702697754,2.773991995840599,2.7366318702697754,2.764651964447893,23066845
2020-04-10,2.7086117267608643,2.7459718516512637,2.6992716955382647,2.7459718516512637,29327345
2020-04-13,2.7086117267608643,2.7179517579834642,2.6899316643156648,2.6992716955382647,26129609
2020-04-14,2.745972156524658,2.745972156524658,2.6992719952267423,2.7086120274863257,33367358
2020-04-15,2.717951774597168,2.755311899715934,2.717951774597168,2.755311899715934,34530044
2020-04-16,2.717951774597168,2.7272918058768596,2.689931680758093,2.7086117433174763,25047356
2020-04-17,2.717951774597168,2.736631837156551,2.7086117433174763,2.7272918058768596,33043457
2020-04-20,2.7086117267608643,2.727291789206064,2.6992716955382647,2.7179517579834642,18468923
2020-04-21,2.689931631088257,2.708611693302711,2.680591377297123,2.6992716621954838,27181831
2020-04-22,2.6992719173431396,2.7086119493332297,2.671251598688942,2.671251598688942,23409940
2020-04-23,2.689931631088257,2.708611693302711,2.680591377297123,2.6992716621954838,29489652
2020-04-24,2.6712512969970703,2.6899315815514218,2.6619112660618462,2.680591327932295,33339187
2020-04-27,2.6619112491607666,2.6805913109126114,2.6525712182848444,2.6712512800366888,23782460
2020-04-28,2.587191104888916,2.6619113548633826,2.559171011148491,2.652571323616574,45711872
2020-04-29,2.615211248397827,2.633891311246933,2.5685110912750635,2.587191154124169,27035252
2020-04-30,2.6619112491607666,2.6712512800366888,2.6152110947811553,2.6245511256570775,32865083
2020-05-06,2.6712512969970703,2.680591327932295,2.624551142320949,2.624551142320949,33986569
2020-05-07,2.6432316303253174,2.6619116952073103,2.633891597884321,2.6619116952073103,20499717
2020-05-08,2.652571439743042,2.661911471398746,2.6432314080873383,2.6432314080873383,22108682
2020-05-11,2.6432316303253174,2.6712517276483068,2.633891597884321,2.6619116952073103,26666477
2020-05-12,2.6058714389801025,2.6432315678612044,2.6058714389801025,2.6432315678612044,24433554
2020-05-13,2.6058714389801025,2.6152114712003782,2.5965314067598273,2.6058714389801025,12549933
2020-05-14,2.5778510570526123,2.605871150612717,2.5778510570526123,2.605871150612717,21226562
2020-05-15,2.5778510570526123,2.5965311194260154,2.5778510570526123,2.587191088239314,18639573
2020-05-18,2.615211248397827,2.633891311246933,2.5685110912750635,2.587191154124169,35496108
2020-05-19,2.652571439743042,2.67125150305445,2.633891376431634,2.633891376431634,40666035
2020-05-20,2.615211248397827,2.6432313426714855,2.596531185548722,2.6432313426714855,25061203
2020-05-21,2.62455153465271,2.6525716316469743,2.6152115023212885,2.62455153465271,24752878
2020-05-22,2.5778510570526123,2.6152111817994186,2.5778510570526123,2.605871150612717,30679853
2020-05-25,2.5778510570526123,2.5965311194260154,2.5685110258659107,2.5778510570526123,17161114
2020-05-26,2.5965311527252197,2.5965311527252197,2.5778510901122544,2.5778510901122544,19028218
2020-05-27,2.5965311527252197,2.5965311527252197,2.5591710274992887,2.587191121418737,26938977
2020-05-28,2.62455153465271,2.6338915669841314,2.577851372995603,2.5965314376584456,50857137
2020-05-29,2.615211248397827,2.615211248397827,2.587191154124169,2.615211248397827,30205672
2020-06-01,2.652571439743042,2.652571439743042,2.6058712814645224,2.6058712814645224,39965942
2020-06-02,2.6432316303253174,2.652571662766314,2.6245515654433245,2.6432316303253174,30439269
2020-06-03,2.6338913440704346,2.671251470234227,2.6338913440704346,2.6432313756113825,44498525
2020-06-04,2.6338913440704346,2.652571407152331,2.6245513125294866,2.652571407152331,31554658
2020-06-05,2.6338913440704346,2.6338913440704346,2.6152112809885386,2.6338913440704346,31109501
2020-06-08,2.6619112491607666,2.6992715953483573,2.6432311874089223,2.6525712182848444,58143405
2020-06-09,2.6712512969970703,2.6899315815514218,2.6525712351266217,2.680591327932295,39957782
2020-06-10,2.6338913440704346,2.680591501775175,2.6245513125294866,2.661911438693279,38197167
2020-06-11,2.615211248397827,2.652571374096038,2.6058712169732745,2.633891311246933,39157860
2020-06-12,2.5965311527252197,2.5965311527252197,2.5685110588057714,2.587191121418737,78428330
2020-06-15,2.5685110092163086,2.5871910714686237,2.5685110092163086,2.5871910714686237,43984395
2020-06-16,2.615211248397827,2.615211248397827,2.5685110912750635,2.577851122699616,50064146
2020-06-17,2.6058714389801025,2.6245515034206535,2.587191374539552,2.6058714389801025,45678449
2020-06-18,2.6432316303253174,2.6619116952073103,2.5871914356793386,2.596531468120335,72571109
2020-06-19,2.6338913440704346,2.652571407152331,2.6152112809885386,2.6432313756113825,49398025
2020-06-22,2.6338913440704346,2.652571407152331,2.6245513125294866,2.6245513125294866,42909025
2020-06-23,2.5965311527252197,2.6338912779511503,2.5965311527252197,2.6245512466446677,35964703
2020-06-24,2.587191104888916,2.615211198629341,2.577851073642108,2.6058711673825328,40042974
2020-06-29,2.5685110092163086,2.5871910714686237,2.559170978090151,2.5871910714686237,37766088
2020-06-30,2.5778510570526123,2.587191088239314,2.5685110258659107,2.5778510570526123,46284175
2020-07-01,2.62455153465271,2.62455153465271,2.5591713083327603,2.577851372995603,63146234
2020-07-02,2.689931631088257,2.689931631088257,2.6058711284393072,2.6058711284393072,120947006
2020-07-03,2.7926719188690186,2.8206920116448932,2.680591325081617,2.689931578690811,156812489
2020-07-06,3.072873592376709,3.072873592376709,2.8300325242987787,2.8300325242987787,277125899
2020-07-07,3.063533306121826,3.250334163636897,3.044853242638711,3.1942939731875524,306241908
2020-07-08,3.1849539279937744,3.222314054802207,3.007493102969798,3.035513198076123,264228051
2020-07-09,3.3343944549560547,3.3717545819855355,3.156933851566022,3.1849539468381325,292143069
2020-07-10,3.1475937366485596,3.278354409731911,3.1289136723057855,3.2690143775605236,188436739
2020-07-13,3.231654167175293,3.278354326851598,3.1569339116932045,3.1756139755637265,170681217
2020-07-14,3.194293975830078,3.3063743568214874,3.1475935943997353,3.194293975830078,154191701
2020-07-15,3.1475937366485596,3.278354409731911,3.1382537044771723,3.2690143775605236,131217759
2020-07-16,3.007493019104004,3.2036339020626867,2.979472924779037,3.1382534592871827,132967591
2020-07-17,2.942112684249878,3.026172963945852,2.895412306179319,2.9981528707138607,136416448
2020-07-20,3.2409939765930176,3.2409939765930176,2.9514527837950832,2.9514527837950832,205915950
2020-07-21,3.2036337852478027,3.334394220663032,3.166273660843452,3.334394220663032,186785855
2020-07-22,3.17561411857605,3.3157146039143264,3.15693405386428,3.2876945068466714,157432848
2020-07-23,3.166273593902588,3.1942936866134546,3.0728730621824627,3.156933562998965,133096173
2020-07-24,3.0168330669403076,3.175613824995245,2.9981530039554816,3.138253476341677,144489288
2020-07-27,3.0448529720306396,3.1289132502338886,3.0168328792962233,3.0355129411191673,120105857
2020-07-28,3.0541932582855225,3.2036339880468527,3.01683313151617,3.1195734801318893,175860833
2020-07-29,3.072873592376709,3.0915536574070157,2.9794732672251745,3.0448534948312487,153067623
2020-07-30,3.0822131633758545,3.156933634992733,3.044853038909369,3.1008932256090973,145619546
2020-07-31,3.072873592376709,3.119573754952476,3.0261734298009415,3.0635335598615554,128601320
2020-08-03,3.1475937366485596,3.1475937366485596,3.054193414934689,3.0822135114488503,153158723
2020-08-04,3.17561411857605,3.21297424799959,3.128913734112688,3.147593798824458,175073668
2020-08-05,3.2036337852478027,3.2223138474499784,3.1195732826541063,3.194293754146715,152678834
2020-08-06,3.2503340244293213,3.2970341811370014,3.175613773697033,3.1942938363801052,189120878
2020-08-07,3.1475937366485596,3.2316542488749755,3.1102336079630115,3.2316542488749755,145797169
2020-08-10,3.138253688812256,3.23165423274384,3.063533431814133,3.1102335924379596,106106435
2020-08-11,3.063533306121826,3.184953941445995,3.054193274380269,3.147593591795843,109744166
2020-08-12,3.0168330669403076,3.0541931929099597,2.970132909478243,3.0355131299251337,100584911
2020-08-13,3.007493019104004,3.0355131134289706,2.998152987662348,3.026173081987315,62045025
2020-08-14,3.035512924194336,3.0448529550537318,2.9701327081785656,3.0168328624755443,69844584
2020-08-17,3.091553211212158,3.1102332735464264,3.0261729930422203,3.0355130242093544,97503613
2020-08-18,3.1102333068847656,3.1475934319537617,3.082213213083018,3.1008932756175165,81817575
2020-08-19,3.091553211212158,3.1382533670478283,3.082213180045024,3.128913335880694,76207021
2020-08-20,3.0448529720306396,3.082213095676528,3.0355129411191673,3.082213095676528,60712031
2020-08-21,3.072873592376709,3.119573754952476,3.0448534948312487,3.054193527346402,65141795
2020-08-24,3.0541932582855225,3.072873321670199,3.0448532265931845,3.072873321670199,44452778
2020-08-25,3.007493019104004,3.0635332077539377,2.998152987662348,3.0635332077539377,55182048
2020-08-26,2.979473114013672,3.044853338257741,2.9701330819788048,3.0074932101182728,63525364
2020-08-27,2.970132827758789,2.9981529214650906,2.951452765287921,2.970132827758789,53755309
2020-08-28,2.9888131618499756,2.9888131618499756,2.904752650407827,2.942113001428743,80409193
2020-08-31,2.9514527320861816,3.0261729811291027,2.9421127009558163,2.9888128566076424,81121486
2020-09-01,2.9607930183410645,2.970133050276238,2.9421129544707174,2.951452986405891,49580093
2020-09-02,2.904752492904663,2.960792905055417,2.8860724297490514,2.951452873477611,72694144
2020-09-03,2.876732587814331,2.9327730036594417,2.8580525234272716,2.90475268439492,57471067
2020-09-04,2.8580522537231445,2.867392285035289,2.8206921284745667,2.830032159786711,45302113
2020-09-07,2.8580522537231445,2.9234326955920675,2.848712222411,2.867392285035289,59695959
2020-09-08,2.914092540740967,2.9234327950548025,2.8487123193315513,2.8673923825913845,49182798
2020-09-09,2.932772636413574,2.95145269846149,2.8767322275859213,2.8860722586098793,83414360
2020-09-10,2.839372158050537,2.951452755175642,2.839372158050537,2.942112723972209,74105697
2020-09-11,2.848712205886841,2.8580522371448076,2.82069211211294,2.848712205886841,40287352
2020-09-14,2.8580522537231445,2.886072347659578,2.848712222411,2.8580522537231445,32843848
2020-09-15,2.848712205886841,2.8673922684027744,2.830032143370907,2.8580522371448076,32220719
2020-09-16,2.848712205886841,2.8673922684027744,2.830032143370907,2.8393721746288736,32741220
2020-09-17,2.8206920623779297,2.8487121556577746,2.8020120001913664,2.8487121556577746,36644218
2020-09-18,2.904752492904663,2.914092524482469,2.8206922087044095,2.8206922087044095,67486252
2020-09-21,2.904752492904663,2.942112841899805,2.895412461326857,2.914092524482469,43063240
2020-09-22,2.848712205886841,2.8860723309187084,2.830032143370907,2.8673922684027744,45949974
2020-09-23,2.8206920623779297,2.858052186751056,2.8206920623779297,2.8487121556577746,42028768
2020-09-24,2.7646520137786865,2.8020121400161413,2.7553119822193226,2.8020121400161413,54720315
2020-09-25,2.7553117275238037,2.7833318196117736,2.736631666131824,2.773991788915784,34138572
2020-09-28,2.745972156524658,2.773992253303408,2.736632124265075,2.7553121887842416,26637192
2020-09-29,2.745972156524658,2.773992253303408,2.736632124265075,2.7553121887842416,31032114
2020-09-30,2.717951774597168,2.755311899715934,2.689931680758093,2.7459718684362424,45029490
2020-10-09,2.7926719188690186,2.8113519807196017,2.7553117951678523,2.7553117951678523,45752036
2020-10-12,2.839372158050537,2.84871218925397,2.792672002033372,2.8020120332368053,51370327
2020-10-13,2.8206920623779297,2.839372124564493,2.811352031284648,2.839372124564493,28250466
2020-10-14,2.7739920616149902,2.820692219685831,2.7739920616149902,2.820692219685831,39715107
2020-10-15,2.7739920616149902,2.811352188071663,2.7646520300008217,2.7739920616149902,30044845
2020-10-16,2.7926719188690186,2.8206920116448932,2.7739918570184354,2.7739918570184354,34677328
2020-10-19,2.7926719188690186,2.85805213534606,2.783331887943727,2.8206920116448932,42665865
2020-10-20,2.7926719188690186,2.80201194979431,2.764651826093144,2.783331887943727,26295307
2020-10-21,2.7739920616149902,2.7926721248433264,2.7553119983866536,2.7926721248433264,24074804
2020-10-22,2.7646520137786865,2.7739920453380504,2.745971950659959,2.7646520137786865,25299914
2020-10-23,2.7553117275238037,2.7833318196117736,2.736631666131824,2.7553117275238037,27231599
2020-10-26,2.7366318702697754,2.764651964447893,2.7179518074843636,2.755311933055187,30979688
2020-10-27,2.7366318702697754,2.745971901662481,2.7179518074843636,2.7272918388770697,22376819
2020-10-28,2.7553117275238037,2.773991788915784,2.717951604739844,2.736631666131824,38335053
2020-10-29,2.7366318702697754,2.745971901662481,2.708611776091658,2.7179518074843636,34747349
2020-10-30,2.680591344833374,2.7553118154701823,2.661911282845148,2.7366317534819564,48905970
2020-11-02,2.7086117267608643,2.7366318204286637,2.6899316643156648,2.6992716955382647,41551369
2020-11-03,2.8206920623779297,2.8300320934712113,2.7272917514451134,2.7272917514451134,84693516
2020-11-04,2.8020124435424805,2.848712606398067,2.792672410971363,2.8300325412558323,49982525
2020-11-05,2.8300321102142334,2.8393721413627726,2.802012016768616,2.8206920790656946,47804317
2020-11-06,2.867392063140869,2.876732093730231,2.820691910194059,2.830031940783421,74498784
2020-11-09,3.072873592376709,3.15693410769703,2.8860727193896993,2.8860727193896993,251350061
2020-11-10,3.063533306121826,3.1756139097044374,3.063533306121826,3.0728733378633835,214319835
2020-11-11,3.1102333068847656,3.1569336859049213,3.0541931192812712,3.0635331505485204,167168774
2020-11-12,3.063533306121826,3.128913528312728,3.044853242638711,3.0915534013464985,105404093
2020-11-13,3.091553211212158,3.1382533670478283,3.0261729930422203,3.0728731488778904,129435549
2020-11-16,3.2223141193389893,3.2876943425631873,3.072873386428326,3.0822134183174974,267361687
2020-11-17,3.128913402557373,3.231653970269141,3.100893308458867,3.194293844804467,179454022
2020-11-18,3.231654167175293,3.287694358786859,3.1289135932034946,3.1289135932034946,221952998
2020-11-19,3.1569340229034424,3.2876944746034336,3.1102336388980825,3.222314248753438,182785500
2020-11-20,3.381094217300415,3.427794593295442,3.1195731360741865,3.147593228060865,320464350
2020-11-23,3.614595413208008,3.7173359790506844,3.3530743170290536,3.3624143482253053,538563114
2020-11-24,3.848097085952759,3.857437341459545,3.511855681646613,3.5959159770521625,526321401
2020-11-25,3.8107361793518066,4.0348973668613395,3.801396371113137,3.8574365566485693,496613819
2020-11-26,3.8013968467712402,3.8387569751362958,3.7079963031746703,3.7827167825887122,327716550
2020-11-27,3.8013968467712402,3.820076910953768,3.6239360143532946,3.820076910953768,303875725
2020-11-30,3.8574368953704834,4.006877403254021,3.7733763870020716,3.801396704914157,399280539
2020-12-01,3.8200764656066895,3.8667763979347693,3.736015963901213,3.7920561499155943,236219317
2020-12-02,3.904136896133423,4.006877469690786,3.838756895534252,3.904136896133423,256016094
2020-12-03,3.6893160343170166,3.810736444767311,3.6612959395977183,3.792056381621112,289357208
2020-12-04,3.7266762256622314,3.7266762256622314,3.6239358765647016,3.633275908300841,155520237
2020-12-07,3.6332759857177734,3.7640366554938574,3.567895539487768,3.7360163370044686,210908725
2020-12-08,3.605255603790283,3.661296017099047,3.558555444936249,3.6519559853282404,126445896
2020-12-09,3.5398752689361572,3.651955869309068,3.5305352374620744,3.5865754263065717,133930988
2020-12-10,3.549215316772461,3.5585553482896026,3.4838350961524718,3.549215316772461,137059399
2020-12-11,3.455815315246582,3.651956217591973,3.399775121057595,3.6239361204974796,190981418
2020-12-14,3.427794933319092,3.455815028085252,3.3530744579254117,3.390434806964211,106070504
2020-12-15,3.3717546463012695,3.4184550286628457,3.33439451855915,3.4184550286628457,89028757
2020-12-16,3.353074550628662,3.437135059935103,3.315714423240877,3.399774932547318,94548423
2020-12-17,3.5398752689361572,3.567895363358406,3.3437343852965005,3.3717544797187493,180601937
2020-12-18,3.549215316772461,3.63327582311065,3.5305352537381784,3.595915474358168,174432582
2020-12-21,3.4931752681732178,3.539875427637313,3.4464751087091225,3.5118553319588557,150456020
2020-12-22,3.287694215774536,3.4371349429220754,3.2503340896586304,3.427794911393099,183326058
2020-12-23,3.353074550628662,3.3904349007003716,3.2690142640061453,3.2783542958530916,122713511
2020-12-24,3.3437342643737793,3.3997746738755485,3.306374139828538,3.3624143266463995,98453730
2020-12-25,3.4651548862457275,3.502515010730764,3.297034103379157,3.325054196742934,129379154
2020-12-28,3.4744949340820312,3.558555214577759,3.4277947782510716,3.4464748405834555,145962253
2020-12-29,3.3063743114471436,3.4277949452054686,3.2970342798260357,3.4277949452054686,139560483
2020-12-30,3.381094217300415,3.4464746546198946,3.3063739720026057,3.325054033327058,113678951
2020-12-31,3.390434503555298,3.437134657319717,3.3437341271069805,3.3810942501185157,93121951
2021-01-04,3.5305354595184326,3.567895587764565,3.3717546917884413,3.3810947238499747,174121671
2021-01-05,3.549215316772461,3.595915474358168,3.4744950646353305,3.511855190703896,157460268
2021-01-06,3.483835220336914,3.5865755706877414,3.474495188486839,3.5492154432874403,129338950
2021-01-07,3.736016035079956,3.8294163468833915,3.4464748458053975,3.4651549081660846,347012719
2021-01-08,3.6706361770629883,3.7079963054509792,3.5772356334090807,3.7079963054509792,221534844
2021-01-11,3.3624143600463867,3.605255394686582,3.325054235130035,3.605255394686582,268370552
2021-01-12,3.3997747898101807,3.3997747898101807,3.297034221123337,3.3343943469425836,137948615
2021-01-13,3.4091150760650635,3.5211954618997843,3.3530746604637716,3.381094756922452,160066088
2021-01-14,3.325054407119751,3.493175200623356,3.325054407119751,3.3717545656807744,150476329
2021-01-15,3.3157143592834473,3.4091148986352144,3.2783542326163086,3.3437344542838017,130263658
2021-01-18,3.353074550628662,3.3717546143225547,3.2783542958530916,3.315714423240877,94455015
2021-01-19,3.231654167175293,3.3343945184631645,3.194294039434249,3.3343945184631645,138341101
2021-01-20,3.287694215774536,3.2970342473035124,3.2036339320137484,3.2223139950717012,104374658
2021-01-21,3.4371347427368164,3.502514959631783,3.259673931338002,3.287694024292988,236748838
2021-01-22,3.2970340251922607,3.4184546495731296,3.2970340251922607,3.3997745877735963,173015475
2021-01-25,3.2503340244293213,3.3250542751616097,3.222313930404713,3.2783541184539295,129022933
2021-01-26,3.166273593902588,3.278353964746055,3.1289132476041965,3.2223137793243217,119000521
2021-01-27,3.1102333068847656,3.1849537797066683,3.1102333068847656,3.1662737171721704,83415238
2021-01-28,3.0261731147766113,3.110233398662325,3.007493051690897,3.0728732724908965,101216073
2021-01-29,2.9888131618499756,3.0728734506081943,2.942113001428743,3.0355133222712083,91488572
2021-02-01,3.0541932582855225,3.0635332899778605,2.97013297305448,2.988813036439156,74474559
2021-02-02,3.0448529720306396,3.072873064765056,3.007492848384751,3.0448529720306396,78608569
2021-02-03,3.1102333068847656,3.1849537797066683,3.016832994212275,3.044853088014022,130026158
2021-02-04,3.063533306121826,3.119573496571171,2.9888130521893665,3.082213369604941,102775315
2021-02-05,3.10089373588562,3.212974350412733,3.082213670578425,3.10089373588562,162419742
2021-02-08,3.231654167175293,3.269014294916337,3.1008934973977116,3.1102335293329726,159648099
2021-02-09,3.325054407119751,3.3437344705441605,3.2503341534221137,3.2690142168465233,161670314
2021-02-10,3.353074550628662,3.3904349007003716,3.2503342003122526,3.315714423240877,155562015
2021-02-18,3.6893160343170166,3.6893160343170166,3.6145955590483023,3.642615876451519,373887728
2021-02-19,3.7546963691711426,3.8013967511365143,3.6239359231830903,3.6893161461771165,395068401
2021-02-22,4.072257995605469,4.1282981880911755,3.8854569086185844,3.8947971633834655,494584679
2021-02-23,4.090937614440918,4.212358240959751,4.016217365927117,4.044237236435887,427676594
2021-02-24,3.969517230987549,4.212358498895115,3.904136786850626,4.044237484076695,380399198
2021-02-25,4.221698760986328,4.324439342695556,4.100278113999775,4.212358951031609,473177090
2021-02-26,3.969517230987549,4.128297991485905,3.9228168501229126,3.941496913395199,338546474
2021-03-01,4.081597805023193,4.100277869185191,3.9414971011242845,4.016217803140133,268609821
2021-03-02,3.866776704788208,4.062917594087479,3.829416577813856,4.034897721540637,267744568
2021-03-03,4.128297328948975,4.128297328948975,3.969516593932819,3.9788568467538954,288805267
2021-03-04,4.053577899932861,4.249718794792055,4.016217771899478,4.0815977732739706,328065763
2021-03-05,3.8013968467712402,3.8480967845436296,3.7453566542236563,3.8294167203611016,233536305
2021-03-08,3.7546963691711426,3.9695173245497237,3.7453565599987777,3.8947970696994085,202397738
2021-03-09,3.7546963691711426,3.8761170059868295,3.5959156049302976,3.7920564965963,220369799
2021-03-10,3.707996368408203,3.7827168491367775,3.6519561748747233,3.7640367846256173,143004485
2021-03-11,4.081597805023193,4.081597805023193,3.7640367142692415,3.8013968425932356,353709076
2021-03-12,4.146978855133057,4.268399512521259,4.08159839837758,4.184338988888207,408403664
2021-03-15,4.231038570404053,4.427179012460974,4.165658126139852,4.240378379374459,338894329
2021-03-16,4.146978855133057,4.34311978003156,4.109618721377906,4.259059256398508,241197574
2021-03-17,4.025557041168213,4.090937479139336,3.978857110075523,4.053577356118065,159142877
2021-03-18,3.9881973266601562,4.1469780884484555,3.978857517632055,4.1096179616003665,154011525
2021-03-19,3.8761167526245117,3.932156940099182,3.8013965026582843,3.8761167526245117,183499682
2021-03-22,3.8761167526245117,3.9881971275738524,3.8294163737117093,3.8947968151160683,196445926
2021-03-23,3.679975986480713,3.8947969343965463,3.6426158603534233,3.885456680180807,239458169
2021-03-24,3.455815315246582,3.614595865448712,3.446475282881751,3.577235735989387,223260385
2021-03-25,3.4931752681732178,3.5585554914229514,3.4464751087091225,3.4651551724947605,139412907
2021-03-26,3.549215316772461,3.567895379806744,3.5025151591867543,3.511855190703896,113221142
2021-03-29,3.577235460281372,3.642615904480065,3.558555396991437,3.6145955868612423,125397599
2021-03-30,3.5678951740264893,3.6052552979402894,3.4838348952204385,3.5678951740264893,104217079
2021-03-31,3.52119517326355,3.539875236038111,3.4651549849398653,3.511855141876269,106610577
2021-04-01,3.577235460281372,3.5959155235713074,3.483835143831697,3.539875333701502,90173567
2021-04-02,3.5585553646087646,3.6052555224086333,3.511855206808896,3.5772354277287124,82559680
2021-04-06,3.5585553646087646,3.6052555224086333,3.5585553646087646,3.5678953961687383,66916178
2021-04-07,3.642615795135498,3.670635889229289,3.5025151019826275,3.539875227441016,135970301
2021-04-08,3.736016035079956,3.8294163468833915,3.6426157232765206,3.6612957856372077,232439051
2021-04-09,3.969517230987549,4.034897675124472,3.8574368513538286,3.9228168501229126,355448346
2021-04-12,3.8200764656066895,3.941496645953944,3.810736211920388,3.9228165839491504,211306994
2021-04-13,3.866776704788208,3.9228168952497366,3.7546963238651516,3.81073651432668,165182923
2021-04-14,3.894796848297119,3.9881971615506107,3.8387566603450236,3.9134769109478174,150038096
2021-04-15,4.034897804260254,4.072257932000528,3.885456847931305,3.9134771664204373,256706728
2021-04-16,3.9508371353149414,4.062917514029504,3.922816817952383,4.034897642034781,192383983
2021-04-19,3.969517230987549,3.9788574853076115,3.8761169146261154,3.9228168501229126,149721262
2021-04-20,3.9508371353149414,4.04423745091041,3.876116882838566,3.922816817952383,164576722
2021-04-21,3.932157039642334,3.969517165571225,3.857436787784552,3.894796913713443,126192269
2021-04-22,3.9788572788238525,4.062917336502906,3.9695170249885043,3.9881970872913843,150707879
2021-04-23,3.997537851333618,4.016217916020641,3.9228171472176565,3.978857786646596,112109965
2021-04-26,4.090937614440918,4.249718365216651,4.006877112178986,4.016217365927117,224715843
2021-04-27,4.146978855133057,4.212359311888533,4.072258587622755,4.137638599010306,163507932
2021-04-28,4.109617710113525,4.146977834675373,4.025557207165462,4.109617710113525,145335428
2021-04-29,4.240378379821777,4.315098633064266,4.08159761899757,4.146978063268667,269789707
2021-04-30,4.146978855133057,4.231039378766108,4.072258587622755,4.221699122643358,182677865
2021-05-06,4.5579400062561035,4.5579400062561035,4.361799114301421,4.371138923487532,365865141
2021-05-07,4.9035210609436035,4.9035210609436035,4.632659933206621,4.698040374351617,495169760
2021-05-10,5.398543834686279,5.398543834686279,4.922201535139907,5.043622173695004,505298291
2021-05-11,5.398543834686279,5.585344474488079,5.0529619830011665,5.1650428122501015,569276266
2021-05-12,5.463923454284668,5.482603516960069,5.2117423854828475,5.2677825735090495,394583412
2021-05-13,4.959561347961426,5.239762735227515,4.922201222374991,5.230422481146992,491544481
2021-05-14,4.931541919708252,5.062302371013676,4.838141151979367,4.968902048652659,333568830
2021-05-17,5.015601634979248,5.118342205046382,4.856820875430361,4.94088138233691,350771010
2021-05-18,5.090322017669678,5.211742653999464,5.052961890394028,5.118342335810339,256868956
2021-05-19,4.931541919708252,5.015601987149234,4.875501280923774,4.978241858204827,217388658
2021-05-20,4.838140487670898,4.884840865123072,4.613979744783199,4.660679676867567,261317567
2021-05-21,4.987581253051758,5.080981559306553,4.772760325981833,4.791440387232792,228748239
2021-05-24,4.875500679016113,4.978241243613272,4.782100368185883,4.856820616850068,194817029
2021-05-25,4.987581253051758,5.062301498055594,4.782100133923418,4.866160632236628,209433583
2021-05-26,4.9035210609436035,5.08098187659332,4.88484099852615,4.959561248195964,232054440
2021-05-27,4.931541919708252,5.015601987149234,4.8568212164515705,4.903521600316013,188575362
2021-05-28,5.006261825561523,5.137022267671998,4.9969215712982855,5.090321887091482,273262137
2021-05-31,4.884840488433838,5.1743816483533625,4.875500235516544,4.99692085123473,262034738
2021-06-01,5.015601634979248,5.0436219524040435,4.716720624409894,4.838140812269776,259701647
2021-06-02,4.9035210609436035,5.05296156028323,4.88484099852615,4.950221439671147,142369253
2021-06-03,4.884840488433838,4.987581043685209,4.847480367500207,4.856820175049728,117960250
2021-06-04,4.819460391998291,4.90352089267615,4.726060083116115,4.763420206668986,160215936
2021-06-07,4.828800678253174,4.950221303305715,4.819460424617837,4.856820548423572,111314845
2021-06-08,4.735400199890137,4.85682037524543,4.726059946587843,4.800780191535035,126538501
2021-06-09,4.8474812507629395,4.9035214423745055,4.7447406767911415,4.7447406767911415,130898453
2021-06-10,4.800780296325684,4.9035208580545735,4.78210023468114,4.819460357970227,103874140
2021-06-11,5.090322017669678,5.155702463085989,4.810121063102304,4.903521381291429,333828399
2021-06-15,4.763421058654785,5.165043126733994,4.726060928419679,5.080982611021065,282324683
2021-06-16,4.473879337310791,4.698040539571303,4.464539528457514,4.670020222275801,222739973
2021-06-17,4.529919147491455,4.604639393536773,4.4551989014461375,4.464539154885701,120295866
2021-06-18,4.5579400062561035,4.585959879182287,4.305758923081204,4.380479178041493,147590699
2021-06-21,4.5205793380737305,4.604639392165787,4.455198900119646,4.5205793380737305,116517311
2021-06-22,4.5579400062561035,4.604639942922359,4.4551994330017815,4.576620069996176,113981308
2021-06-23,4.828800678253174,4.884840863961776,4.567279366245225,4.576619619880562,231769747
2021-06-24,4.838140487670898,4.968901366389862,4.81946042576359,4.856820549578207,172508499
2021-06-25,5.052961349487305,5.127681596039991,4.828800609829246,4.847480671467418,202870925
2021-06-28,5.034281253814697,5.062301568766422,4.950221199695116,5.034281253814697,110399438
2021-06-29,4.866160869598389,5.043621682822584,4.828800745274117,4.978241242571203,167615951
2021-06-30,4.950221538543701,5.024941789705929,4.903521158883395,4.903521158883395,114527306
2021-07-01,4.772761344909668,4.940881932060047,4.772761344909668,4.940881932060047,124593031
2021-07-02,4.800780296325684,4.959561042988204,4.744740111392053,4.744740111392053,150674656
2021-07-05,5.015601634979248,5.146362522471176,4.903521256015741,4.903521256015741,224786830
2021-07-06,5.015601634979248,5.080982078725213,4.89418100175153,5.0436219524040435,153666919
2021-07-07,5.006261825561523,5.043621951878802,4.838140811765934,4.894181001241852,149407510
2021-07-08,4.978240966796875,5.258442329074706,4.959560905669538,5.006261281171773,229714037
2021-07-09,5.473263740539551,5.473263740539551,4.9035211575327535,4.940881283103577,387651421
2021-07-12,5.361182689666748,5.76280469046532,5.323822565690296,5.650724318535963,488997895
2021-07-13,5.389203071594238,5.463923320465842,5.277122698286834,5.407883133812139,266126517
2021-07-14,5.127681732177734,5.39854330117418,5.090321607909496,5.36118273153813,324766433
2021-07-15,5.22108268737793,5.258442813071296,5.024941804803844,5.099662056190576,243745709
2021-07-16,5.435903549194336,5.566663987110017,5.17438222799515,5.183722481958753,357009739
2021-07-19,5.435903549194336,5.650724491311152,5.361182853588981,5.5853440496694,381585842
2021-07-20,5.295803546905518,5.314483611897316,5.1463630269711285,5.239763351930121,240153413
2021-07-21,5.426563262939453,5.501283512732355,5.286462571893852,5.370523075594776,238322975
2021-07-22,5.762804985046387,5.846865490974284,5.445243469645737,5.454583723801206,386971564
2021-07-23,5.865545272827148,5.986965453454697,5.725444584783873,5.80950464131559,470211288
2021-07-26,5.781485080718994,6.024325900354128,5.622704322119797,5.9122455220609895,390315489
2021-07-27,5.277122974395752,5.986965821184097,5.258442911200476,5.912245568402992,468131946
2021-07-28,5.07164192199707,5.27712306608308,5.006261922361577,5.062302112921076,318862381
2021-07-29,5.267782688140869,5.323822877386558,5.118342183485701,5.305142814304662,228963278
2021-07-30,5.576003551483154,5.632044182074609,5.277122563623674,5.314482687106109,309806649
2021-08-02,5.491944313049316,5.5666645711259815,5.2584432838758035,5.491944313049316,305297391
2021-08-03,5.165042400360107,5.445243337717983,5.043621771487785,5.398543404175581,290101145
2021-08-04,5.277122974395752,5.3238229097000245,5.080982088161429,5.137022277747259,183308717
2021-08-05,5.109002113342285,5.2024028774849045,5.043622112883872,5.2024028774849045,181468117
2021-08-06,5.267782688140869,5.323822877386558,5.1090019292608355,5.118342183485701,179355236
2021-08-09,5.361182689666748,5.417223320999234,5.127681692130019,5.193062131772714,210601155
2021-08-10,5.342502593994141,5.435903348714189,5.211742160901001,5.3238225321236925,197898145
2021-08-11,5.5479841232299805,5.622704376143326,5.417223680631625,5.435903743859962,317229715
2021-08-12,5.809504985809326,5.921585810110834,5.5012837210578125,5.54798410163076,434718221
2021-08-13,5.884225368499756,5.902905430654417,5.678744239430673,5.772144550203977,280431940
2021-08-16,5.706765174865723,6.014986456561644,5.6507249823180885,5.958946264014009,304042017
2021-08-17,5.632044315338135,5.809504683394807,5.557323621237447,5.669404439704572,240078350
2021-08-18,5.660064220428467,5.846865288767065,5.491943659754764,5.5666639089430765,245660452
2021-08-19,5.491944313049316,5.529304442087649,5.2584432838758035,5.510624377568483,298966891
2021-08-20,5.482603549957275,5.529303929610757,5.323822793576832,5.426563361593795,216527558
2021-08-23,5.538643836975098,5.641384406822076,5.491943901857624,5.519963773854541,189828328
2021-08-24,5.6133646965026855,5.7161048239409755,5.566664314672301,5.60402444198947,235865872
2021-08-25,6.17376708984375,6.17376708984375,5.697424795549513,5.828185241969012,518667215
2021-08-26,6.743509292602539,6.790209674964116,6.173767121851288,6.276507250458191,889119329
2021-08-27,6.771529197692871,7.14513089767363,6.6874686927210485,6.790209260423518,688775549
2021-08-30,7.117110729217529,7.247871616424997,6.874269908658212,6.874269908658212,680549830
2021-08-31,7.285231590270996,7.359951841187773,6.977009887187551,7.051730583472154,574154681
2021-09-01,6.9863505363464355,7.5560931498601756,6.743509261765288,7.191831237988455,671871224
2021-09-02,7.359951972961426,7.462692097127556,7.014370583600079,7.089090835854658,507236209
2021-09-03,7.0890913009643555,7.453352777288257,7.023710853268121,7.350612201013564,350076478
2021-09-06,7.4346723556518555,7.798934259835389,7.257211530749893,7.472032482434601,580237545
2021-09-07,7.742893218994141,7.817613468648424,7.434671966486311,7.64015309840341,460223422
2021-09-08,8.38735580444336,8.490096818335964,7.528072911956162,7.780253538154359,568114513
2021-09-09,8.77963924407959,8.938420031515431,8.275277004793924,8.396697659346971,664421740
2021-09-10,8.686238288879395,9.349381234037844,8.630197651079985,8.91039905860559,696078622
2021-09-13,9.55486011505127,9.55486011505127,8.966438402139964,9.171918632694304,812389186
2021-09-14,9.022479057312012,9.498821340644803,8.910398677245887,9.199940327135137,720372927
2021-09-15,8.732937812805176,8.919738435866838,8.452736432844864,8.611517185131186,522980335
2021-09-16,8.938419342041016,9.284000767234051,8.70491830685093,8.99445998241037,541558765
2021-09-17,8.910398483276367,9.386740756239714,8.54613658793928,8.68623772802385,558983828
2021-09-22,9.153240203857422,9.274660841699006,8.40603675830536,8.826338418073487,497437298
2021-09-23,8.742277145385742,9.489480525759411,8.67689715022632,9.386740406118088,486313435
2021-09-24,8.284616470336914,9.153240590414002,8.200555956686133,8.975779308098854,574757341
2021-09-27,7.4626922607421875,8.26593632619302,7.453352451689513,8.219235944826114,531834681
2021-09-28,7.845633506774902,7.976394391824225,7.425331870829043,7.425331870829043,392744754
2021-09-29,7.397312164306641,7.873654444680977,7.341271974621631,7.845633681786715,308980733
2021-09-30,7.238531589508057,7.602793499838475,7.201171462094862,7.5654333724252805,316013986
2021-10-08,7.051730632781982,7.472032269811763,6.986350190088712,7.444011952838124,290719910
2021-10-11,6.93964958190918,7.107770587483409,6.724828643405966,6.958329644154337,283856817
2021-10-12,6.6314287185668945,7.051730811623966,6.48198821189834,6.9863503672725535,341979968
2021-10-13,6.6314287185668945,6.771529416252585,6.4913280208812045,6.734169289585447,278037834
2021-10-14,6.622088432312012,6.780869181887509,6.397927243097248,6.556707992672745,313283101
2021-10-15,6.734169960021973,6.818230476075802,6.510008732334388,6.678129764442048,395262353
2021-10-18,6.967670440673828,7.014370822608129,6.556708593902671,6.771529549138324,514529077
2021-10-19,6.818230152130127,6.902290218822236,6.678129447152795,6.892950409353275,319877713
2021-10-20,6.6314287185668945,6.724829035234742,6.369907831896923,6.538028401899048,379940375
2021-10-21,6.696808815002441,6.9022895009964715,6.603408503186973,6.734168939728629,365273500
2021-10-22,6.295187473297119,6.734169653404108,6.2484875351241165,6.603409203004689,467135420
2021-10-25,6.49132776260376,6.566048458332885,6.257826757540778,6.304527136700504,302320336
2021-10-26,6.463308334350586,6.59406878144424,6.40726814273902,6.491328207472442,199103937
2021-10-27,6.080366134643555,6.44462756280357,5.940265448314993,6.369907315526419,543829396
2021-10-28,5.753465175628662,6.0149865224153585,5.660064853693365,5.9776263936412395,482453821
2021-10-29,5.734784126281738,5.884225061079319,5.7067642571975465,5.856204746627339,274504727
2021-11-01,5.688084602355957,5.837525102461263,5.65072447732963,5.716104473441791,295615964
2021-11-02,5.51996374130249,5.725444879784694,5.379863491408427,5.688084753763899,391820617
2021-11-03,5.576003551483154,5.594683613224372,5.445243119294632,5.519963366259502,289904847
2021-11-04,5.435903549194336,5.547983924550634,5.40788323267135,5.529303861991251,251137505
2021-11-05,5.127681732177734,5.323822607269891,5.109001670043615,5.249102358733415,402749065
2021-11-08,5.146362781524658,5.258443166129979,5.127682272055913,5.174382654992059,273358952
2021-11-09,5.109002113342285,5.2210829412398585,5.071641985832378,5.193062622923502,191123202
2021-11-10,5.043622016906738,5.062302080306222,4.856820937544064,5.043622016906738,364883899
2021-11-11,5.109002113342285,5.146362686220043,4.996921730812563,5.043622112883872,276838281
2021-11-12,4.96890115737915,5.277122388568692,4.959560904134479,5.165042021839366,403563610
2021-11-15,4.96890115737915,5.006261279622259,4.866160598526707,4.912860974014487,238363654
2021-11-16,4.856821537017822,4.996922252490392,4.838141471312673,4.912862179501167,272133315
2021-11-17,4.9035210609436035,4.9035210609436035,4.791440686438883,4.791440686438883,240942645
2021-11-18,4.875500679016113,4.940881119281181,4.80078043035193,4.89418074118216,277928501
2021-11-19,4.987581253051758,5.015601122244301,4.8194602564253355,4.866160632236628,326153904
2021-11-22,4.96890115737915,4.996921026377588,4.884840659648261,4.96890115737915,265606387
2021-11-23,4.96890115737915,5.099661585230032,4.959560904134479,4.987581218500704,408894557
2021-11-24,5.043622016906738,5.090321952721526,4.9035213187266935,4.9502216999093225,404253423
2021-11-25,4.996922016143799,5.0903223402518565,4.968902141595319,5.0716422754302455,305796247
2021-11-26,4.922201633453369,5.034282019573084,4.903521569100084,4.95022195266723,255861478
2021-11-29,4.9035210609436035,4.931541377253693,4.71672043676907,4.819460557381154,333240543
2021-11-30,4.856821537017822,4.996922252490392,4.791441529733747,4.894181668428121,295382414
2021-12-01,4.931541919708252,4.9595617937326235,4.8101212779549956,4.828801342427199,217979299
2021-12-02,4.940882205963135,4.9782423385120955,4.856821685044018,4.903522073414174,219724659
2021-12-03,5.034281253814697,5.071641376838466,4.838140385256013,4.922200884743392,407186839
2021-12-06,5.538643836975098,5.538643836975098,5.043621941596434,5.043621941596434,661352239
2021-12-07,5.874885082244873,5.9402655221084775,5.52930371161113,5.604023959816501,1215150753
2021-12-08,6.024326324462891,6.220467222967995,5.68808516591231,5.893565873915443,855722767
2021-12-09,5.884225368499756,6.014985803582382,5.8375249904291975,5.930925301202502,589767655
2021-12-10,5.96828556060791,6.052346064890555,5.7441248096779525,5.8375251225654345,553095390
2021-12-13,5.96828556060791,6.136406569173201,5.856205185142931,5.96828556060791,509632742
2021-12-14,5.678744316101074,5.92158557275815,5.632044382767819,5.902905510351284,536345433
2021-12-15,5.6133646965026855,5.7347848875995595,5.60402444198947,5.6320447601612695,344518187
2021-12-16,5.734784126281738,5.7721442486391865,5.547983514494498,5.613363951303927,381602240
2021-12-17,5.753465175628662,5.912245945602599,5.725445301732006,5.753465175628662,365904006
2021-12-20,5.790824890136719,5.874885396548868,5.7721448270860005,5.818845207396713,381469013
2021-12-21,5.818845748901367,5.930926137635934,5.55732439648617,5.697425105088316,394018092
2021-12-22,5.772144794464111,6.005645803962353,5.697424542683527,5.930925552181769,311054130
2021-12-23,6.3512282371521,6.3512282371521,5.809505469775017,5.968286242509,984791631
2021-12-24,6.005646228790283,6.351228085773032,5.996306419340946,6.351228085773032,569159969
2021-12-27,5.753465175628662,5.902906136093002,5.716105046854543,5.893565881215539,375474853
2021-12-28,5.800165176391602,5.865545620114257,5.632044608006279,5.725444923775902,249659789
2021-12-29,5.6507248878479,5.753465016450333,5.6507248878479,5.753465016450333,236552200
2021-12-30,5.7441253662109375,5.809505368882758,5.632044979886789,5.678744918171251,254626925
2021-12-31,5.688084602355957,5.7347845359549545,5.660064285902302,5.70676466486912,165144391
2022-01-04,5.669405460357666,5.716105401539115,5.604025008262166,5.706765591449982,220686791
2022-01-05,5.435903549194336,5.650724491311152,5.3238227284702155,5.641384237347549,372622521
2022-01-06,5.473263740539551,5.538643737604578,5.389203235321284,5.417223552183316,185733531
2022-01-07,5.59468412399292,5.660064568740012,5.43590380738057,5.4732639342738105,276188816
2022-01-10,5.688084602355957,5.7628048524086095,5.53864365688283,5.576003781909157,228029209
2022-01-11,5.818845748901367,5.884226198347136,5.669405230588612,5.7067653601668,361285202
2022-01-12,5.837525367736816,5.958946002274024,5.7254449875645514,5.912245621184993,240480963
2022-01-13,5.688084602355957,5.884225481428081,5.678744348415465,5.8188450399480995,234814267
2022-01-14,5.538643836975098,5.660064469942633,5.510623964978181,5.622704343701519,208534811
2022-01-17,5.473263740539551,5.5199636748191665,5.379863426612492,5.473263740539551,179320758
2022-01-18,5.557323455810547,5.604023832562353,5.4265630244204095,5.463923147674734,172650863
2022-01-19,5.576003551483154,5.6974241754849695,5.501283304518284,5.594683613224372,192336343
2022-01-20,5.510623455047607,5.6320440767793745,5.473263332263648,5.55732338584366,133454033
2022-01-21,5.454584121704102,5.53864418839621,5.3892036739499165,5.491944250315675,146279871
2022-01-24,5.323822498321533,5.361182621825223,5.202402319618445,5.333162751881357,159748432
2022-01-25,5.052961349487305,5.389202904342192,5.043621541352119,5.305142404286521,191711295
2022-01-26,5.286463260650635,5.351843710421548,5.09032235670577,5.127682486469756,242659917
2022-01-27,5.165042400360107,5.333162962774833,5.155702146430935,5.295802837793783,146810134
2022-01-28,4.9128618240356445,5.062302338864211,4.763420863839213,5.02494221015707,314247242
2022-02-07,5.24910306930542,5.27712338898362,4.978241909010263,5.015602038335949,237406559
2022-02-08,5.501283645629883,5.557323834328353,5.239762765037021,5.277122890836002,280533973
2022-02-09,5.7441253662109375,5.81884562376037,5.641384789396535,5.725445301823579,422193165
2022-02-10,5.846866130828857,5.95894652075307,5.7534653605241335,5.8655461958162265,410583553
2022-02-11,5.7441253662109375,5.9309260100845185,5.697424982558609,5.725445301823579,300837715
2022-02-14,5.660064220428467,5.809504718805092,5.61336428736968,5.7628047857463045,213982094
2022-02-15,5.62270450592041,5.725445078731524,5.519963933109295,5.688084951412546,186994649
2022-02-16,5.632044315338135,5.669404439704572,5.557323621237447,5.585343937196181,168926306
2022-02-17,5.762804985046387,5.828184982663345,5.67874447911849,5.688084733273959,282292548
2022-02-18,5.846866130828857,5.921586390778333,5.678745100574659,5.706765420739652,243859362
2022-02-21,5.753465175628662,5.800165559280243,5.697424982467484,5.79082530440278,166341485
2022-02-22,5.856205940246582,5.856205940246582,5.6694052903853995,5.800165745288227,276026114
2022-02-23,5.7441253662109375,5.800165559373012,5.678744918171251,5.7441253662109375,243530613
2022-02-24,5.846866130828857,6.099047230842276,5.66006503558729,5.678745100574659,638787405
2022-02-25,5.912245273590088,6.06168577170048,5.8188449622710925,5.87488514906249,509890988
2022-02-28,6.052346229553223,6.089706355724651,5.884225661781795,6.033666166467508,357887440
2022-03-01,5.940265655517578,5.996305842930181,5.818845026773029,5.977625780459314,325702689
2022-03-02,6.453968048095703,6.538028557784935,6.024326135811836,6.061686263369751,841971473
2022-03-03,6.678128719329834,6.771529030679436,6.510007713532736,6.547368283440392,635083995
2022-03-04,6.640768527984619,7.005029961267545,6.491327585960801,6.734168838394624,539728943
2022-03-07,6.818230152130127,6.939650347433809,6.696809511458581,6.902290218822236,450227749
2022-03-08,6.267166614532471,6.538027727618678,6.1364061846830795,6.444627420583399,541151127
2022-03-09,5.902905464172363,6.089706086779667,5.660064209415054,6.043005708443933,472152124
2022-03-10,5.818845748901367,5.893566008057745,5.650725165799517,5.790825429033788,307215955
2022-03-11,5.949605464935303,5.968285527408891,5.5666639615428535,5.753464586278726,353134180
2022-03-14,5.62270450592041,5.884225842521106,5.604024442260921,5.772145015196323,278427858
2022-03-15,5.062302112579346,5.454583891837205,5.062302112579346,5.454583891837205,405053067
2022-03-16,5.2584428787231445,5.295803004882953,4.968901678300711,5.13702224601985,278728170
2022-03-17,5.398543834686279,5.510624218567359,5.258443132151002,5.407883643992442,283385847
2022-03-18,5.585343837738037,5.622703961439203,5.44524315117476,5.473263466634538,261385752
2022-03-21,5.753465175628662,5.800165559280243,5.669405108570828,5.706765237344946,268785378
2022-03-22,5.846866130828857,5.921586390778333,5.706765420739652,5.790825490498872,248896966
2022-03-23,5.716104507446289,5.762804886690923,5.65072451094519,5.697424444822,212134274
2022-03-24,5.734784126281738,5.828184432175358,5.678743942745566,5.7721442486391865,230905024
2022-03-25,5.604024887084961,5.753465408222837,5.585344821942726,5.65072527262449,184759985
2022-03-28,5.716104507446289,5.772144695319156,5.426563314085899,5.501283564583055,197157231
2022-03-29,5.632044315338135,5.716104372478713,5.6040239993794,5.70676456407101,128588668
2022-03-30,5.576003551483154,5.585343805037664,5.473263434590359,5.538643428000719,196458835
2022-03-31,5.435903549194336,5.6040241122287835,5.361182853588981,5.5853440496694,202690006
2022-04-01,5.426563262939453,5.463923387835904,5.305142634342077,5.379863329502799,135356528
2022-04-06,5.510623455047607,5.510623455047607,5.286462272976054,5.361182518543974,161248542
2022-04-07,5.323822498321533,5.473263437704093,5.314482690129513,5.445243122392425,149062264
2022-04-08,5.342502593994141,5.370522909483716,5.193062099030553,5.3051424702532435,129162598
2022-04-11,5.052961349487305,5.333162719427678,5.043621541352119,5.277122534513163,189814256
2022-04-12,5.286463260650635,5.286463260650635,4.968902157656756,4.978241967413814,159701998
2022-04-13,5.435903549194336,5.547983924550634,5.193062290554534,5.22108260707752,248184596
2022-04-14,5.482603549957275,5.566664055186411,5.38920323601814,5.473263741247276,186537042
2022-04-15,5.342502593994141,5.585343843677777,5.3238225321236925,5.519963404447305,155847177
2022-04-18,5.202402591705322,5.25844277989177,5.146362403518873,5.239762717162955,121314679
2022-04-19,5.314483642578125,5.361183582643283,5.211743061846166,5.249103192045445,138980509
2022-04-20,5.07164192199707,5.27712306608308,5.043622049401243,5.267782811639241,172668154
2022-04-21,4.931541919708252,5.109002309510251,4.903521600316013,5.05296211609364,151703803
2022-04-22,4.9035210609436035,4.950221439671147,4.763420370128794,4.828800811273791,115684288
2022-04-25,4.417839050292969,4.800780557524966,4.417839050292969,4.791440748878437,237782715
2022-04-26,4.137637615203857,4.408498743209989,4.109617744233744,4.389818680773974,219403655
2022-04-27,4.3617987632751465,4.399158887748644,4.025557197645849,4.072257575921628,241686459
2022-04-28,4.343119144439697,4.389819082115391,4.2310387595766,4.315098825539993,153489508
2022-04-29,4.445858955383301,4.464539016314836,4.3057582757128925,4.35245820535784,179647918
2022-05-05,4.3991594314575195,4.436519560548499,4.315098918318882,4.361799302366541,151331496
2022-05-06,4.165658473968506,4.240378733442185,4.137638153981937,4.240378733442185,157485776
2022-05-09,4.212358474731445,4.240378346795223,4.090937841474177,4.1096179046393075,102524500
2022-05-10,4.231038570404053,4.240378379374459,4.034897682979292,4.062917555258349,141330737
2022-05-11,4.296418190002441,4.3711384366405674,4.21235813521845,4.221697943364315,169644379
2022-05-12,4.221698760986328,4.333779152650275,4.156318309831749,4.268399146863583,139699777
2022-05-13,4.259057998657227,4.259057998657227,4.1656576918513695,4.2216978759348835,103986139
2022-05-16,4.277737617492676,4.352457855207661,4.25905755806393,4.315097736350169,123013019
2022-05-17,4.315098285675049,4.315098285675049,4.231038230228467,4.268398353842016,107954211
2022-05-18,4.277737617492676,4.333777795778915,4.2403774986351825,4.324437988748416,90333487
2022-05-19,4.305758953094482,4.305758953094482,4.156317996764377,4.203018379124008,116713685
2022-05-20,4.735400199890137,4.735400199890137,4.371138337720887,4.389818398957685,358185401
2022-05-23,4.894181251525879,5.015601890950295,4.716720865127559,4.8381410591841165,398579183
2022-05-24,4.604640007019043,4.875501157704407,4.604640007019043,4.810121156387988,250402984
2022-05-25,4.642000198364258,4.679360772242137,4.57662019615566,4.595300260410668,161442611
2022-05-26,4.6887006759643555,4.763420934486836,4.539260158919395,4.670020611333736,172714714
2022-05-27,4.6887006759643555,4.772761189486082,4.632660482072495,4.726060805225596,128059035
2022-05-30,4.726060390472412,4.744740453463693,4.613980012524726,4.698040518669407,121287849
2022-05-31,4.810120582580566,4.922200953210903,4.641999581267258,4.716720273721952,184589111
2022-06-01,4.6887006759643555,4.726060805225596,4.642000291703869,4.716720995594222,185412252
2022-06-02,4.707380294799805,4.726060357661398,4.62331978923872,4.651340106215025,157765886
2022-06-06,4.782100200653076,4.810120515604407,4.6980401465346775,4.70737995460659,239726348
2022-06-07,4.7167205810546875,4.782100578831855,4.68870026388745,4.744740452854093,188200038
2022-06-08,4.856821537017822,4.866161792554346,4.688700945671477,4.754081398323449,314602271
2022-06-09,4.735400199890137,4.847480567310926,4.6980400774165405,4.828800506074128,207816836
2022-06-10,4.810120582580566,4.838140452554249,4.623319519495535,4.651339834837021,265146587
2022-06-13,4.744740962982178,4.838141287968465,4.688700767990406,4.744740962982178,231602778
2022-06-14,4.642000198364258,4.716720900752153,4.408499172492722,4.688700581685709,373898128
2022-06-15,4.726060390472412,4.810120896617093,4.5952999495334454,4.613980012524726,344973071
2022-06-16,4.69804048538208,4.847480988253487,4.679360422523154,4.782100545563332,248663713
2022-06-17,4.660679817199707,4.6887001335882585,4.5766197587696915,4.613979883709214,226914949
2022-06-20,4.539260387420654,4.660680590947906,4.5205803218497005,4.651340780846375,262653684
2022-06-21,4.455199241638184,4.5485995563267325,4.427178924547703,4.5299194933890226,207410139
2022-06-22,4.389819622039795,4.501900466056099,4.380479811503053,4.464540333173302,173975979
2022-06-23,4.445858955383301,4.455198763165177,4.3057582757128925,4.380478519439035,221244478
2022-06-24,4.427178859710693,4.436519113726674,4.371138671718285,4.427178859710693,159601996
2022-06-27,4.483219146728516,4.539259330391649,4.417838709770966,4.43651877099201,196704591
2022-06-28,4.623319625854492,4.623319625854492,4.483219382027482,4.492559190444303,285856704
2022-06-29,4.445858955383301,4.660679433412068,4.436518702233641,4.623319311548997,324287084
2022-06-30,4.436518669128418,4.4645389830005255,4.4084983552563095,4.417838608336273,148137132
2022-07-01,4.427178859710693,4.445859367742654,4.361798863070129,4.399158988398401,113219382
2022-07-04,4.408499240875244,4.417839495831561,4.371139111785715,4.38981917633048,103995312
2022-07-05,4.483219146728516,4.557939391612693,4.389818395255505,4.399158648549922,237394129
2022-07-06,4.32443904876709,4.417839368805372,4.296418730071677,4.408499114117615,212180732
2022-07-07,4.3617987632751465,4.408498696183112,4.305758576564899,4.305758576564899,110572621
2022-07-08,4.3617987632751465,4.436519012222143,4.343118701038398,4.399158887748644,98126440
2022-07-11,4.268398284912109,4.333778277496102,4.2310381619018855,4.333778277496102,126474063
2022-07-12,4.259057998657227,4.315098182740741,4.231038129299367,4.231038129299367,86966586
2022-07-13,4.240378379821777,4.249718634161009,4.184338189889911,4.231038570850386,99344146
2022-07-14,4.2030181884765625,4.240378314522483,4.2030181884765625,4.240378314522483,71600478
2022-07-15,4.090937614440918,4.184337925083169,4.090937614440918,4.1749976713350385,113178151
2022-07-18,4.32443904876709,4.343119112774746,4.137637963322669,4.137637963322669,196320139
2022-07-19,4.343119144439697,4.408499146259241,4.2964187613961435,4.343119144439697,137278708
2022-07-20,4.305758953094482,4.343119080835046,4.277738634605134,4.343119080835046,82596831
2022-07-21,4.231038570404053,4.287078760330007,4.231038570404053,4.277738505991762,95477532
2022-07-22,4.231038570404053,4.268398697021356,4.174997935110258,4.231038570404053,87373332
2022-07-25,4.305758953094482,4.464539718675802,4.277738634605134,4.4365194001864525,203024804
2022-07-26,4.315098285675049,4.324438539262338,4.240378038447952,4.305758477455564,86368482
2022-07-27,4.287078380584717,4.315098250381801,4.277738127073822,4.296418188727811,64448477
2022-07-28,4.32443904876709,4.352458922094646,4.305758984759433,4.343119112774746,81638663
2022-07-29,4.3617987632751465,4.408498696183112,4.305758576564899,4.343118701038398,151523691
2022-08-01,4.32443904876709,4.343119112774746,4.287078920751777,4.32443904876709,100100680
2022-08-02,4.128297328948975,4.268398003690746,4.081596955579129,4.268398003690746,173585547
2022-08-03,4.090937614440918,4.184337925083169,4.0629172985643365,4.109617676569369,111901516
2022-08-04,4.109617710113525,4.118957518570079,4.062917331727309,4.081597394008233,78688312
2022-08-05,4.19367790222168,4.2030181563456726,4.10961784194489,4.10961784194489,93122517
2022-08-08,4.2030181884765625,4.2216982514995225,4.146977999407682,4.165658062430642,72050177
2022-08-09,4.212358474731445,4.221698283630093,4.174997903033347,4.193677966198478,80527166
2022-08-10,4.259057998657227,4.333778244101913,4.19367756120923,4.2030178145737125,137490723
2022-08-11,4.287078380584717,4.305758442238707,4.249718257276737,4.277738127073822,104409847
2022-08-12,4.352458477020264,4.38047879285037,4.268398420265565,4.277738228630393,148121410
2022-08-15,4.305758953094482,4.333778826215978,4.259058570734853,4.305758953094482,113966803
2022-08-16,4.268398284912109,4.305758407922333,4.259058031475655,4.287078346417221,94839022
2022-08-17,4.343119144439697,4.352458953827692,4.240378568964594,4.287078952008148,132462068
2022-08-18,4.268398284912109,4.352458339001214,4.259058031475655,4.333778277496102,102462683
2022-08-19,4.223063945770264,4.279497269095638,4.204252987491347,4.270091565711868,89315717
2022-08-22,4.354741096496582,4.364146351379387,4.1666310654656415,4.204252981974106,163089373
2022-08-23,4.335930347442627,4.364146561941042,4.288902725293744,4.326524643617393,90877018
2022-08-24,4.335930347442627,4.467607061575397,4.326524643617393,4.411174184089925,220083626
2022-08-25,4.486417770385742,4.505228728497876,4.28890248596403,4.345335360300431,333668549
2022-08-26,4.420579433441162,4.486418014662726,4.392363218980951,4.477012759338869,181191924
2022-08-29,4.420579433441162,4.4393903925775176,4.307713678623034,4.345335596895743,135506098
2022-08-30,4.345335483551025,4.420579318133767,4.317119269826813,4.401768359488082,110313390
2022-08-31,4.241874694824219,4.3171185162731405,4.204252335611205,4.29830756091091,138823806
2022-09-01,4.213658332824707,4.260685948770199,4.194847376144228,4.223063586920655,99657936
2022-09-02,4.1854424476623535,4.223064367981532,4.166631487502764,4.204253407821943,76625110
2022-09-05,4.223063945770264,4.223063945770264,4.166631070933511,4.176036774317281,71539512
2022-09-06,4.2983078956604,4.3077131498297145,4.213658365693635,4.223063619862949,102599377
2022-09-07,4.636905670166016,4.693338547361033,4.2606864888658995,4.279497447930906,578380659
2022-09-08,4.589878082275391,4.655716208813315,4.486417592516166,4.608689039641741,299344964
2022-09-09,4.7121500968933105,4.768582975788669,4.60868959467416,4.636905809877511,313783817
2022-09-13,4.6557159423828125,4.787393084900436,4.6274997321923035,4.768582128610571,233079383
2022-09-14,4.552255630493164,4.64631040622886,4.533444675346025,4.571066585640303,144238887
2022-09-15,4.458200931549072,4.589878081582237,4.4111737623846,4.571067124218727,156515262
2022-09-16,4.223063945770264,4.477012555268583,4.213658690875116,4.467606851884813,237260372
2022-09-19,4.1854424476623535,4.27009199262484,4.157226231667303,4.213659112146071,145093211
2022-09-20,4.204252243041992,4.251279854656391,4.185441288093942,4.213657944760289,115220708
2022-09-21,4.251280784606934,4.2700917436698065,4.100793112103954,4.176036948355444,139078073
2022-09-22,4.204252243041992,4.260685556374688,4.185441288093942,4.204252243041992,84270536
2022-09-23,4.13841438293457,4.241874865842291,4.119603426813946,4.204252505112471,109760207
2022-09-26,3.8844666481018066,4.072576228535151,3.875060944835831,4.072576228535151,228630302
2022-09-27,3.922088384628296,3.940899341810431,3.8092226415354835,3.884466470264025,126043159
2022-09-28,3.781006336212158,3.8938720898928465,3.7716010809830864,3.875061130946065,129185425
2022-09-29,3.799816846847534,3.8562497170297942,3.781005890120114,3.818627803574954,89395114
2022-09-30,3.8844666481018066,3.903277606145141,3.799817112662493,3.8092228159284685,110054651
2022-10-10,3.8374388217926025,3.9408993096955323,3.8280335675224775,3.8750607358502873,94811406
2022-10-11,3.8656556606292725,3.893871873235156,3.809222786928892,3.8656556606292725,69183766
2022-10-12,3.922088384628296,3.922088384628296,3.7998169387001175,3.8656555130818897,116004296
2022-10-13,3.9503045082092285,4.006737826987822,3.931493551445892,3.9691154649725644,132794040
2022-10-14,3.9973323345184326,4.01614329227074,3.9408994612615116,3.987926631397974,118544901
2022-10-17,3.969115734100342,3.9879266921391636,3.9032776052087734,3.95030477606152,122884972
2022-10-18,3.9314937591552734,3.987926632426753,3.9220885045209988,3.978521377792478,83930190
2022-10-19,3.8844666481018066,3.950304777009169,3.8844666481018066,3.9220885641884755,66922177
2022-10-20,3.8656556606292725,3.903277576429526,3.828033744829019,3.8656556606292725,65181257
2022-10-21,3.875061511993408,3.9220891382290595,3.8562505511968843,3.8844672166360112,60785863
2022-10-24,3.8186283111572266,3.9220888111545755,3.7998173519294034,3.884466892698929,79444655
2022-10-25,3.828033924102783,3.8468448828838615,3.752789864734154,3.8092229653217053,81610676
2022-10-26,3.828033924102783,3.8562501380300835,3.762195344124693,3.771601047759549,93585793
2022-10-27,3.828033924102783,3.8656558416649394,3.8186282204679274,3.8374391792490052,80483015
2022-10-28,3.686951160430908,3.799816902446893,3.686951160430908,3.799816902446893,127367537
2022-10-31,3.6305184364318848,3.686951537454967,3.6211129569687577,3.649329619602458,92600022
2022-11-01,3.7339789867401123,3.7339789867401123,3.630518486961431,3.6399239665554637,77388392
2022-11-02,3.7716004848480225,3.799816694564052,3.69635643670957,3.7151673926831124,76884286
2022-11-03,3.7716004848480225,3.828033352768649,3.7245728706698835,3.7433838266434254,86140144
2022-11-04,3.875061511993408,3.893872472789932,3.762195747214264,3.762195747214264,134707532
2022-11-07,3.987926721572876,4.034954341261336,3.912682888862236,3.931493847039896,181348567
2022-11-08,3.9973323345184326,4.0255489953911985,3.95030471589336,3.987926631397974,122495928
2022-11-09,3.9973323345184326,4.0819818686481195,3.987926631397974,4.0255489953911985,121698995
2022-11-10,3.9785213470458984,3.9973323046576845,3.92208847421054,3.9597103894341124,72938969
2022-11-11,4.081982135772705,4.119604053739295,4.034954514070149,4.0913873910200325,175229254
2022-11-14,4.07257604598999,4.176036534835227,4.05376508878982,4.157225577635056,122589444
2022-11-15,4.129008769989014,4.129008769989014,4.0255487333308055,4.044359689858532,93227794
2022-11-16,4.147819995880127,4.157225698999096,4.10079282575111,4.129009038130799,92396632
2022-11-17,4.10079288482666,4.138414800867294,4.044360010765709,4.119603842846977,95550157
2022-11-18,4.0443596839904785,4.10079255349178,4.0443596839904785,4.0913868509972735,71196656
2022-11-21,4.00673770904541,4.025548665255026,3.9597100942770833,4.00673770904541,68232774
2022-11-22,4.081982135772705,4.223064103903096,3.9973325961035595,4.006738299839526,154615805
2022-11-23,4.119604110717773,4.213658906935124,4.072576488364775,4.091387447608246,149121031
2022-11-24,4.157225608825684,4.204252777934645,4.10079273680177,4.166630863252036,112260425
2022-11-25,4.204252243041992,4.232468899708341,4.1007922150719835,4.157225079916136,119269069
2022-11-28,4.157225608825684,4.176036566166988,4.034954161862904,4.1478199059107315,107662597
2022-11-29,4.270091533660889,4.288902491798613,4.138414826696821,4.147820081521374,182725595
2022-11-30,4.204252243041992,4.270090809604442,4.1948469898122385,4.232468899708341,105262607
2022-12-01,4.23246955871582,4.317119093406492,4.21365860083885,4.307713390223701,115892236
2022-12-02,4.176036834716797,4.232469710369758,4.147820172646002,4.213658751818771,89449360
2022-12-05,4.589878082275391,4.589878082275391,4.213658486459791,4.232469443826141,443593750
2022-12-06,4.636905670166016,4.674527588296027,4.467607038580963,4.514634660487799,381721887
2022-12-07,4.514634132385254,4.589877959843577,4.467606515979508,4.561661300302411,232591244
2022-12-08,4.5052289962768555,4.524039955507063,4.439390414726806,4.4770127816758665,126046527
2022-12-09,4.618093967437744,4.646310625735774,4.477012021413302,4.477012021413302,206022656
2022-12-12,4.448795795440674,4.561661542623732,4.420579134400604,4.552256287936117,163791085
2022-12-13,4.439390659332275,4.495823988620956,4.401768738798935,4.439390659332275,107018586
2022-12-14,4.486417770385742,4.533445389910385,4.439390150861099,4.439390150861099,86982415
2022-12-15,4.448795795440674,4.458201050128289,4.364146260809075,4.439390092264446,93593244
2022-12-16,4.458200931549072,4.505228549202145,4.382957102095036,4.39236280502109,76017090
2022-12-19,4.326524257659912,4.477012366018515,4.307713300176163,4.467606663032338,104229728
2022-12-20,4.307713031768799,4.373551603103919,4.270091119145466,4.307713031768799,68229766
2022-12-21,4.26068639755249,4.345335487286529,4.251280693977246,4.326524528624672,62042912
2022-12-22,4.223063945770264,4.392363018769143,4.204252987491347,4.317119185653474,83063480
2022-12-23,4.23246955871582,4.2418752618986115,4.138414769330969,4.185441939779088,44471661
2022-12-26,4.213658332824707,4.241874992089719,4.166630716879216,4.232469289505187,51452004
2022-12-27,4.335930347442627,4.345335602779217,4.223064143983038,4.223064143983038,73441367
2022-12-28,4.326524257659912,4.420579045078662,4.288902342692412,4.317119003162339,76221116
2022-12-29,4.19484806060791,4.326524778856654,4.19484806060791,4.317119523226072,69057943
2022-12-30,4.204252243041992,4.260685556374688,4.1948469898122385,4.251279854656391,41828933
2023-01-03,4.270091533660889,4.27949723697406,4.138414826696821,4.213658659247717,81173834
2023-01-04,4.1854424476623535,4.260686736789379,4.166631487502764,4.241875776629789,71682106
2023-01-05,4.213658332824707,4.241874992089719,4.185441673559696,4.194847376144228,62669566
2023-01-06,4.23246955871582,4.279497177652552,4.1948476429618795,4.204252897656058,65085878
2023-01-09,4.4111738204956055,4.477012396379518,4.251280456555108,4.251280456555108,162783795
2023-01-10,4.486417770385742,4.561661602834277,4.392362979825074,4.411173937937208,153530929
2023-01-11,4.5052289962768555,4.561661873967479,4.495823740906074,4.514634700136282,111940609
2023-01-12,4.5052289962768555,4.552256618596697,4.4770127816758665,4.53344565936649,75718640
2023-01-13,4.580472946166992,4.59928390586114,4.5240400670845515,4.533445771175953,109636057
2023-01-16,4.627500057220459,4.66512197244269,4.561661481337252,4.618094354170598,108832829
2023-01-17,4.599283218383789,4.618094175266171,4.55225605042213,4.618094175266171,70285591
2023-01-18,4.7121500968933105,4.768582975788669,4.599283890613939,4.60868959467416,138751687
2023-01-19,4.730960369110107,4.730960369110107,4.674527049925933,4.693338006824462,70424422
2023-01-20,4.8908538818359375,4.9096648410549735,4.712149993499413,4.740366208083645,176522209
2023-01-30,4.947287082672119,5.003719958899843,4.872042799213187,4.975503296541665,167731544
2023-01-31,4.975503444671631,5.031936322579466,4.881448648158571,4.928475822170777,114165897
2023-02-01,5.210639953613281,5.304694737372105,5.003719429343869,5.022530386095633,232856636
2023-02-02,5.163612365722656,5.201234727920479,5.144801408868039,5.191829025248876,121273168
2023-02-03,5.0319366455078125,5.12599144805691,4.984909468477602,5.12599144805691,138976954
2023-02-06,4.984908580780029,5.041341452260092,4.900259049315639,4.975502877955721,104836072
2023-02-07,5.060152530670166,5.069557785231245,4.994313954788189,5.041341573059402,78196365
2023-02-08,4.994313716888428,5.08836850046203,4.975502760173708,5.0789632463489625,66199107
2023-02-09,5.013124465942383,5.041341124089926,4.928474939988321,4.975502554071371,57494233
2023-02-10,4.956692218780518,5.013125093653192,4.928475557099868,5.013125093653192,70340300
2023-02-13,5.003719329833984,5.031935540156198,4.909664099457069,4.937880758267858,71213174
2023-02-14,5.1165852546691895,5.2012347856996115,5.022530469351273,5.022530469351273,121625195
2023-02-15,5.163612365722656,5.229450938958111,5.088368538304186,5.097774240975789,119937206
2023-02-16,4.966097831726074,5.163612665938921,4.9190702126110155,5.154207411209079,126505707
2023-02-17,5.022530555725098,5.135396300047581,4.975502938013096,4.994313895400176,103833914
2023-02-20,5.3423171043396,5.426966641152014,5.116585604157991,5.125990859087913,232068926
2023-02-21,5.398749828338623,5.464588404960537,5.314100742383147,5.342316954872102,151786191
2023-02-22,5.31410026550293,5.398749343862112,5.295289309368826,5.332911221637033,89214733
2023-02-23,5.267073154449463,5.342316986179101,5.201235025930336,5.304695070314282,82113847
2023-02-24,5.163612365722656,5.248261895812728,5.135396154685024,5.229450938958111,88344165
2023-02-27,5.125990867614746,5.182424191242646,5.097774654289421,5.135396571048938,71311812
2023-02-28,5.201235294342041,5.210640549549301,5.107180051337623,5.163612928047091,84311785
2023-03-01,5.3423171043396,5.3423171043396,5.182424182621938,5.19182943755186,110597071
2023-03-02,5.361127853393555,5.417561174724465,5.285884022937149,5.342316895779454,102637444
2023-03-03,5.379939079284668,5.417561444877561,5.295289990044388,5.31410094859652,85697116
2023-03-06,5.351722240447998,5.530426550059172,5.2670727126088694,5.3893441531568165,131813200
2023-03-07,5.379939079284668,5.5022105341178404,5.30469524507614,5.3517228657007845,158924258
2023-03-08,5.31410026550293,5.3423164754598,5.267072650923384,5.31410026550293,92726919
2023-03-09,5.257667541503906,5.351722324757667,5.1824237149008985,5.351722324757667,81336647
2023-03-10,5.135396957397461,5.210640796577273,5.097775037807554,5.201235540924126,90663908
2023-03-13,5.257667541503906,5.276478498154659,5.116585142378974,5.116585142378974,107473778
2023-03-14,5.285883903503418,5.45518296669365,5.238856734775039,5.248261989125277,124712566
2023-03-15,5.379939079284668,5.426966699909312,5.191829493763348,5.31410094859652,107262118
2023-03-16,5.060152530670166,5.2952897250490185,5.050746827620481,5.285884021999333,175034784
2023-03-17,5.210639953613281,5.276478526488751,5.078963256350928,5.078963256350928,119693436
2023-03-20,5.229451656341553,5.3423174129523385,5.220046400868312,5.220046400868312,93640515
2023-03-21,5.210639953613281,5.267072823868576,5.182423742729927,5.229450910365046,56205700
2023-03-22,5.041341781616211,5.191829448727892,4.984908906449331,5.173018490338933,146434852
2023-03-23,5.31410026550293,5.3611274315939035,4.994313562734591,5.0319354750028,197094253
2023-03-24,5.285883903503418,5.34231677507063,5.191829117558065,5.285883903503418,103245022
2023-03-27,5.135396957397461,5.257668420308986,5.125991253255655,5.24826271616718,81137560
2023-03-28,5.078963279724121,5.220045680255906,5.069557577060661,5.135396150239117,72034045
2023-03-29,5.041341781616211,5.135396573561012,5.013125119788458,5.125990870122219,63982144
2023-03-30,5.069557189941406,5.078962891886632,4.947286204073344,5.060151936484734,65660719
2023-03-31,5.191829204559326,5.220045865060066,5.041341544524987,5.06015250202928,96139250
2023-04-03,5.182424068450928,5.220045984319036,5.125990746160152,5.15420740730554,58809972
2023-04-04,5.304695129394531,5.3799389619621865,5.12599080280204,5.163612719085867,137295257
2023-04-06,5.361127853393555,5.408155471673111,5.2576678107603,5.267073065323047,96859251
2023-04-07,5.379939079284668,5.464588617013576,5.31410094859652,5.361128120732536,100610156
2023-04-10,5.558643341064453,5.662103836066629,5.361128054464218,5.361128054464218,161499326
2023-04-11,5.6432929039001465,5.662103862306935,5.511616195052625,5.549238111866202,155478777
2023-04-12,5.83140230178833,5.878429920548159,5.652698426873643,5.652698426873643,163286883
2023-04-13,5.821997165679932,5.9630795763436,5.784375249301436,5.812591462340998,167945692
2023-04-14,5.9818902015686035,6.0289173701797845,5.86902401022686,5.9066463729998375,139803918
2023-04-17,6.235837936401367,6.245243190108526,5.906645983856631,5.944267895662397,200023552
2023-04-18,6.151188850402832,6.254649339510375,6.047728361295289,6.245243636642145,134382586
2023-04-19,6.207622051239014,6.35811016568853,6.132378218258566,6.141783921625433,137942431
2023-04-20,6.160594463348389,6.198216377294968,6.00070110483113,6.169999717590739,148148097
2023-04-21,5.963079452514648,6.151189030500854,5.953673749371032,6.141783775845848,102376923
2023-04-24,5.79378080368042,5.972485139961296,5.765564589182128,5.963079884624746,138434158
2023-04-25,5.79378080368042,5.869024640327391,5.709131711696901,5.8502136811656476,110242612
2023-04-26,5.88783597946167,6.000701733118719,5.699725941544617,5.784375481031723,148544728
2023-04-27,5.83140230178833,5.9160518361605785,5.756158470563491,5.878429920548159,74837591
2023-04-28,6.010106086730957,6.1135665696401285,5.803185569401186,5.803185569401186,137825240
2023-05-04,6.02891731262207,6.1417835028862875,5.878429656921236,5.953673484771653,151202428
2023-05-05,5.944268226623535,6.028917308655264,5.859618696103217,5.991295394754808,108685471
2023-05-08,6.141783714294434,6.207621841685487,5.934862732094707,5.944268435144061,164344773
2023-05-09,5.972484588623047,6.198216526214598,5.972484588623047,6.188810823257674,145551292
2023-05-10,5.916051864624023,6.01010665410759,5.859618990933883,5.934862822520737,86923636
2023-05-11,5.699725151062012,5.906646119224482,5.680914194728021,5.887835162890491,153493491
2023-05-12,5.445777416229248,5.643292696485323,5.398749797696427,5.643292696485323,185304453
2023-05-15,5.426966190338135,5.549237633690491,5.2576675792654335,5.51161572011878,166412030
2023-05-16,5.351722240447998,5.492804637350354,5.323505581672096,5.436371768287127,93975623
2023-05-17,5.31410026550293,5.379938387728008,5.257667397100618,5.3423164754598,95657060
2023-05-18,5.3423171043396,5.426966641152014,5.323506145991132,5.370533766106612,67542264
2023-05-19,5.257667541503906,5.351722324757667,5.2106399256327345,5.314100411456162,56668773
2023-05-22,5.2764787673950195,5.304694979566631,5.173018276292362,5.2388568521738,63768190
2023-05-23,5.097774982452393,5.2858845783593,5.088369278412721,5.248262659177919,113574484
2023-05-24,4.966097831726074,5.097774537364177,4.966097831726074,5.069557876197419,92661582
2023-05-25,4.8908538818359375,4.99431438178496,4.825015748813632,4.966098167200728,102558428
2023-05-26,4.947287082672119,4.966098041414694,4.825015626601067,4.881448502828791,69457540
2023-05-29,5.050746917724609,5.116585494781131,4.928475466829047,4.975503085939222,118129632
2023-05-30,5.135396957397461,5.163613172845562,4.9849092790378355,5.031936454280889,119087051
2023-05-31,5.0883684158325195,5.1259903286362345,5.050746503028805,5.07896316187588,75458904
2023-06-01,5.1165852546691895,5.154207168796356,5.0507466807023516,5.1165852546691895,98394898
2023-06-02,5.31410026550293,5.323505519325696,5.125990255673319,5.1542069141187605,134671062
2023-06-05,5.163612365722656,5.30469476637658,5.135396154685024,5.285883809521963,93211350
2023-06-06,5.191829204559326,5.323505907089372,5.125990629050001,5.135396332046449,99575537
2023-06-07,5.182424068450928,5.257667900187144,5.144801704094206,5.201235026384982,50320648
2023-06-08,5.267073154449463,5.304695070314282,5.144801703644493,5.154207406855004,70783662
2023-06-09,5.24826192855835,5.370533373120548,5.229450971586364,5.314100502204592,83838901
2023-06-12,5.267073154449463,5.295289815592384,5.201235025930336,5.257667899727565,74045451
2023-06-13,5.201235294342041,5.25766817105151,5.144801969143935,5.238857212148353,81091534
2023-06-14,5.31410026550293,5.379938387728008,5.229450738655176,5.248261694789281,105779009
2023-06-15,5.31410026550293,5.3423164754598,5.22004548483241,5.295289309368826,73195590
2023-06-16,5.5022101402282715,5.521021097433774,5.314100568173249,5.323505822531702,153593981
2023-06-19,5.304695129394531,5.455183243018461,5.24826225496879,5.455183243018461,153546122
2023-06-20,5.210639953613281,5.304694737372105,5.210639953613281,5.2952894832405155,86662220
2023-06-21,5.125990867614746,5.229451362947731,5.116585612669179,5.182424191242646,59209697
2023-06-26,5.013124465942383,5.135395903767457,4.966097300347901,5.03193542187789,76444941
2023-06-27,5.182424068450928,5.23885694225309,5.013124998555829,5.041341659701216,84847808
2023-06-28,5.182424068450928,5.23885694225309,5.097774533503378,5.23885694225309,57239372
2023-06-29,5.135396957397461,5.19182983678232,5.107180293460702,5.19182983678232,50479899
2023-06-30,5.163612365722656,5.201234727920479,5.116585197830407,5.116585197830407,51279444
2023-07-03,5.2764787673950195,5.285884021956021,5.163612573242754,5.163612573242754,88549026
2023-07-04,5.285883903503418,5.558643006989241,5.248261989125277,5.502210135422029,171947784
2023-07-05,5.43637228012085,5.483399451190186,5.257667953684687,5.267073208503107,214223060
2023-07-06,5.31410026550293,5.502209826843969,5.295289309368826,5.502209826843969,135060694
2023-07-07,5.699725151062012,5.850212801733935,5.323505575893627,5.323505575893627,544356084
2023-07-10,5.511615753173828,5.821996766246203,5.511615753173828,5.643292451464529,375474768
2023-07-11,5.408155918121338,5.5022107139561545,5.342317336792645,5.483399754789191,223579764
2023-07-12,5.398749828338623,5.455183150293756,5.351722658027494,5.379938870516449,164783460
2023-07-13,5.5492377281188965,5.558642982427576,5.408155325579961,5.408155325579961,202021393
2023-07-14,5.53983211517334,5.718536434822623,5.52102115776229,5.596264987406492,205903554
2023-07-17,5.398749828338623,5.492805065938104,5.3611279126942755,5.464588404960537,113243627
2023-07-18,5.455183029174805,5.502210198441811,5.379938751068113,5.41756111436576,89491295
2023-07-19,5.455183029174805,5.473993986579328,5.389344454014675,5.42696636882372,77595046
2023-07-20,5.511615753173828,5.624481494565857,5.445777179784183,5.455182882477813,154519496
2023-07-21,5.511615753173828,5.549237666971171,5.464588136682854,5.511615753173828,77339524
2023-07-24,5.417560577392578,5.492804399552716,5.3893439198382485,5.492804399552716,90906181
2023-07-25,5.72794246673584,5.821997259192786,5.511616219840551,5.511616219840551,267747449
2023-07-26,5.746753215789795,5.831402301671741,5.680914639225072,5.756158470448407,116701557
2023-07-27,5.746753215789795,5.859618962624796,5.6997255970309055,5.746753215789795,125059118
2023-07-28,5.840807914733887,5.906646490283156,5.671509297092544,5.709131212123953,157191809
2023-07-31,5.99129581451416,6.104161564123071,5.8972410231734,5.8972410231734,148436183
2023-08-01,5.953673839569092,6.113567207524054,5.906646668604385,6.019512417106022,160503315
2023-08-02,5.99129581451416,6.019512476160699,5.869024361526861,5.916051981441552,117933486
2023-08-03,5.953673839569092,5.991295755736304,5.869024303948555,5.963079542855204,83972695
2023-08-04,5.9348626136779785,6.0759450171830665,5.916051656443207,6.019512145478751,110244673
2023-08-07,5.944268226623535,5.972484437804582,5.887835355772853,5.916051566953899,81062410
2023-08-08,6.010106086730957,6.057133701277464,5.906646052310357,5.906646052310357,80638267
2023-08-09,5.9348626136779785,6.010106442617066,5.869024039111979,6.010106442617066,89178717
2023-08-10,5.9348626136779785,5.991295485382294,5.925457359304891,5.972484528147523,56782553
2023-08-11,5.77496862411499,5.953672922630918,5.76556337076602,5.934861967444429,98130510
2023-08-14,5.756158828735352,5.812591705665466,5.615076412165746,5.643293074875123,92717441
2023-08-15,5.709131240844727,5.793780325846938,5.643292664964245,5.7467531560654,67476840
2023-08-16,5.63388729095459,5.7279425329880524,5.624482035844423,5.69032061557012,64853259
2023-08-17,5.680913925170898,5.699724880612316,5.539831535115986,5.6056701034052265,80302138
2023-08-18,5.60143518447876,5.743363529248697,5.60143518447876,5.705516030800416,72355494
2023-08-21,5.544663429260254,5.667667562368757,5.544663429260254,5.573048824909243,52825308
2023-08-22,5.648743629455566,5.658205728479786,5.544663247255428,5.554124895101934,86771093
2023-08-23,5.5068159103393555,5.6582058896165135,5.48789216292971,5.6108962955035375,92993382
2023-08-24,5.620359420776367,5.714978175096951,5.525740666455784,5.535202316298937,116716101
2023-08-25,5.5068159103393555,5.601434647387579,5.478430063636025,5.591972548093893,80422055
2023-08-28,5.620359420776367,5.885291932874001,5.591973568891287,5.885291932874001,106478315
2023-08-29,5.620359420776367,5.639283171640484,5.525740666455784,5.591973568891287,129784403
2023-08-30,5.573049068450928,5.724439506179626,5.53520157181319,5.620358664836973,110551989
2023-08-31,5.60143518447876,5.696053930599461,5.5541255858295235,5.582511435254619,107405157
2023-09-01,5.970448017120361,6.017757611785287,5.610896360964577,5.629820108595001,264599930
2023-09-04,6.453004837036133,6.471928586363251,5.989372301755077,6.008296051082196,335268521
2023-09-05,6.3867716789245605,6.415157529349118,6.3016145788286755,6.3867716789245605,166642634
2023-09-06,6.405694961547852,6.42461871005789,6.244842873623644,6.377309113193917,118367850
2023-09-07,6.339461326599121,6.5003134071759066,6.292152183073894,6.367847173656444,126972820
2023-09-08,6.216457843780518,6.358385740403511,6.159686594895764,6.33946199077526,97101391
2023-09-11,6.301614284515381,6.348923882620813,6.244843037495521,6.2732288865943335,97719819
2023-09-12,6.206995487213135,6.36784757800375,6.1975338383783845,6.339461729143975,73170142
2023-09-13,6.244843006134033,6.320538001780374,6.150224261576107,6.188071759399278,84619270
2023-09-14,6.3110761642456055,6.348923660937336,6.216457422516281,6.235381170862146,107560606
2023-09-15,6.320537567138672,6.481389647414781,6.282690071918144,6.377308809969463,163150856
2023-09-18,6.225919723510742,6.301614724826236,6.159686822948584,6.2826909744973625,89948617
2023-09-19,6.254304885864258,6.29215238235421,6.197533641129329,6.216457389374305,69217724
2023-09-20,6.206995487213135,6.2921525826146985,6.1975338383783845,6.225919236060398,53436622
2023-09-21,6.1407623291015625,6.263766925972318,6.112376930548481,6.235381527419236,74713393
2023-09-22,6.121838569641113,6.1786102690097895,5.989372323862342,6.102914820244146,102054079
2023-09-25,6.036681652069092,6.188071640451745,6.027219552206299,6.121838294945457,58792640
2023-09-26,6.017757892608643,6.1123766351762185,6.017757892608643,6.027219541276523,55983831
2023-09-27,5.960986614227295,6.046143256480084,5.932600766024531,6.008295759661566,71873831
2023-09-28,5.942062854766846,6.036681596637166,5.923139106392782,5.979910351514974,64509167
2023-10-09,5.970448017120361,5.9988338641548635,5.809595936672893,5.904214674825012,74126521
2023-10-10,5.932600975036621,6.008295971340475,5.913677225960658,5.979910573315413,46889633
2023-10-11,5.875829696655273,6.008295939484686,5.819058449728383,5.979910541610122,82953000
2023-10-12,5.960986614227295,5.970448262843049,5.8852911694125085,5.894753269206014,69135151
2023-10-13,5.781210899353027,5.923139240972129,5.762287150548998,5.9136771409812345,82669153
2023-10-16,5.733901023864746,5.837981862831587,5.7149772759778426,5.800134367057779,51887330
2023-10-17,5.714976787567139,5.7528242801064415,5.66766719630416,5.743362632560466,71241814
2023-10-18,5.714976787567139,5.790671772645744,5.705515140021163,5.724438886290814,66166035
2023-10-19,5.629820346832275,5.72443954016613,5.610896598401054,5.705515791734909,62469766
2023-10-20,5.591973304748535,5.67713040520348,5.582511655352313,5.629820804689002,61170258
2023-10-23,5.3838114738464355,5.573048953118929,5.317578130512193,5.573048953118929,92499088
2023-10-24,5.431120872497559,5.450045072489055,5.3648879772383635,5.3648879772383635,67787439
2023-10-25,5.582510948181152,5.771748423911606,5.544663453035062,5.582510948181152,125226660
2023-10-26,5.677130222320557,5.686592322589755,5.487892728714314,5.563587726156811,85414902
2023-10-27,5.714976787567139,5.819057617639071,5.629819703764857,5.639281802488533,88195501
2023-10-30,5.809595584869385,5.875828923153935,5.705515204793569,5.724438951278055,84838871
2023-10-31,5.866367340087891,5.885291088236133,5.790672347494923,5.790672347494923,76440396
2023-11-01,5.932600975036621,5.942063075163486,5.76228723335295,5.866367627681866,85515560
2023-11-02,5.837982177734375,6.017758017946003,5.819058428826717,5.942063022315373,105316521
2023-11-03,5.7055158615112305,5.8758295994750895,5.6865921128485795,5.866367499554885,114815030
2023-11-06,5.5541253089904785,5.76228699125821,5.535201560709571,5.743363242977303,170539500
2023-11-07,5.516278266906738,5.544664117255643,5.4595070173867155,5.525740367415635,122421242
2023-11-08,5.450044631958008,5.51627752186355,5.412196686212052,5.51627752186355,106483608
2023-11-09,5.459506511688232,5.478430259775387,5.412196915881474,5.459506511688232,93023125
2023-11-10,5.374349594116211,5.440582940159537,5.336502096713669,5.431120840220023,90465755
2023-11-13,5.374349594116211,5.3838116940557255,5.308116699250642,5.364887945354455,101059039
2023-11-14,5.497354030609131,5.535201526940043,5.3648877934509365,5.374349441944792,153941572
2023-11-15,5.563587665557861,5.724439758960043,5.535201816237218,5.563587665557861,160768714
2023-11-16,5.4878926277160645,5.5446638747531285,5.431120929501235,5.5446638747531285,86315935
2023-11-17,5.5068159103393555,5.516277558455314,5.393272974703759,5.45004466811042,88316513
2023-11-20,5.450044631958008,5.535201269147667,5.402735038158856,5.535201269147667,89099081
2023-11-21,5.525740623474121,5.610897276111355,5.44058351965908,5.450045620606444,132460731
2023-11-22,5.374349594116211,5.506816286202864,5.374349594116211,5.497354186263349,120877328
2023-11-23,5.402735233306885,5.4121968817018375,5.317578141863609,5.3459639894039475,54622122
2023-11-24,5.35542631149292,5.421659663300476,5.327040911559537,5.393273812189296,65830546
2023-11-27,5.308116436004639,5.383811427055772,5.251345192716289,5.345963931530205,89763457
2023-11-28,5.3365020751953125,5.3365020751953125,5.24188333207049,5.308116677846744,72797069
2023-11-29,5.2891926765441895,5.374349315699512,5.279730577094857,5.33650182025765,63100346
2023-11-30,5.241883277893066,5.2986545231812014,5.20403578103431,5.2608070263224445,78514746
2023-12-01,5.2891926765441895,5.298654324815788,5.1945734867618,5.241883081652994,81105946
2023-12-04,5.185111999511719,5.374349482597722,5.156726151459944,5.2986544893633205,156042486
2023-12-05,5.052645683288574,5.147264423369724,5.033721935272344,5.118878575756509,101102457
2023-12-06,5.024259567260742,5.052645413357481,4.976950425336468,5.0337216663522275,86655093
2023-12-07,4.986412525177002,5.03372212256674,4.9296412790159705,5.0053362738973455,93062705
2023-12-08,4.948564529418945,5.005335769863148,4.920178683607988,4.9864120230484135,79494937
2023-12-11,4.948564529418945,4.958026177237456,4.8066362027195835,4.8917932889747435,121084596
2023-12-12,4.948564529418945,4.958026177237456,4.853945795345275,4.910717035789477,88005212
2023-12-13,4.816099166870117,4.948565418369225,4.797175416655959,4.948565418369225,94602417
2023-12-14,4.835022926330566,4.901255826617884,4.8255608256164955,4.872870426831261,61708719
2023-12-15,4.835022926330566,5.005336678583691,4.835022926330566,4.9201795768682315,99850457
2023-12-18,4.806636810302734,4.863408057923109,4.768789311889152,4.806636810302734,65790270
2023-12-19,4.816099166870117,4.8255608163882995,4.768789565745824,4.806637066174141,64559084
2023-12-20,4.816099166870117,4.872870417512591,4.806637066174141,4.816099166870117,90627879
2023-12-21,4.882331371307373,4.882331371307373,4.768788886202023,4.80663638123714,86638695
2023-12-22,5.099954605102539,5.137802099482772,4.853945891631022,4.882331286827336,241667114
2023-12-25,5.118878364562988,5.118878364562988,5.014797980356719,5.043183375621075,108885580
2023-12-26,5.081031322479248,5.1756500670809755,5.081031322479248,5.0904934225283025,80146378
2023-12-27,5.213498115539551,5.22295976459131,5.081031419392755,5.081031419392755,114492424
2023-12-28,5.279730796813965,5.336502042339327,5.251345399640161,5.270269148148614,154097107
2023-12-29,5.3365020751953125,5.345964175096673,5.222959583445525,5.25134543197185,128845776
2024-01-02,5.345963954925537,5.393273098950664,5.270268963543144,5.364887702771136,146857825
2024-01-03,5.327040672302246,5.393273569957238,5.29865482246598,5.317578571964232,129482523
2024-01-04,5.298654556274414,5.298654556274414,5.222959562084141,5.279730807726846,94306846
2024-01-05,5.260807514190674,5.336502514927868,5.232422114503123,5.27026961487172,83943121
2024-01-08,5.260807514190674,5.27026961487172,5.185112513453481,5.222960013822077,85618314
2024-01-09,5.241883277893066,5.2986545231812014,5.156726184371989,5.20403578103431,70040851
2024-01-10,5.213498115539551,5.289193112664708,5.1756501657992,5.22295976459131,69318568
2024-01-11,5.166188716888428,5.222959966931644,5.137802866277925,5.204036216917239,82603077
2024-01-12,5.222959518432617,5.3081166117738405,5.118878676701983,5.137802425091394,88945021
2024-01-15,5.213498115539551,5.270269363383418,5.166188516747442,5.185112266028731,58299283
2024-01-16,5.213498115539551,5.23242186482084,5.118878917955333,5.19457391508049,66380975
2024-01-17,5.033721923828125,5.213497755162459,5.024259824252652,5.213497755162459,74928189
2024-01-18,5.005336761474609,5.033722612909112,4.816099255837268,5.005336761474609,106538993
2024-01-19,4.9769511222839355,5.062107770143629,4.939103171795673,4.986412771522666,63440420
2024-01-22,4.749865531921387,4.967488871979006,4.702555933621908,4.9485651228947685,95501368
2024-01-23,4.74040412902832,4.7877132786057075,4.636323278073603,4.730942028406169,84214068
2024-01-24,4.986412525177002,4.995874625126053,4.759327540532879,4.835022535414253,108911132
2024-01-25,5.3365020751953125,5.345964175096673,4.948565002794662,4.967488751419626,190460217
2024-01-26,5.421659469604492,5.487892819045774,5.2797311214747635,5.2986548711468755,186148469
2024-01-29,5.440583229064941,5.629820726126522,5.421659479358783,5.535201977595731,179789877
2024-01-30,5.374349594116211,5.51627793496462,5.327040447951913,5.35542584541494,124595358
2024-01-31,5.3838114738464355,5.525739808889675,5.289192734210189,5.345963977991937,157047293
2024-02-01,5.279730796813965,5.412197036373143,5.204035802780148,5.345964142182431,124789948
2024-02-02,5.241883277893066,5.402735365131658,5.071569542028661,5.279730774751823,132343794
2024-02-05,5.204035758972168,5.29865450071793,5.090493268877253,5.13780241416126,140699489
2024-02-06,5.345963954925537,5.355425603259468,5.09995478175502,5.118878529600619,153604678
2024-02-07,5.421659469604492,5.421659469604492,5.251345722555486,5.327040721243933,167639690
2024-02-08,5.39327335357666,5.459506699752117,5.317578358620572,5.440582951013095,149812105
2024-02-19,5.582510948181152,5.582510948181152,5.402735120648356,5.4500447151698355,154047329
2024-02-20,5.582510948181152,5.667667586670992,5.487892210315926,5.554125101232719,121264519
2024-02-21,5.696053981781006,5.819058578432053,5.582511485415935,5.601435234810114,150359295
2024-02-22,5.762287139892578,5.771748788688215,5.639282547304983,5.677130044843049,112110981
2024-02-23,5.82852029800415,5.8663677972500645,5.733901549889365,5.781211149535648,116561071
2024-02-26,5.629820346832275,5.866367427811409,5.629820346832275,5.7717486856553055,143438024
2024-02-27,5.733901023864746,5.762286871283971,5.5919726891240975,5.601434788656419,105543739
2024-02-28,5.6392822265625,5.790672208104237,5.6392822265625,5.714977217333368,115782323
2024-02-29,5.72443962097168,5.72443962097168,5.591972928905499,5.591972928905499,91106682
2024-03-01,5.790672779083252,5.828520278200571,5.724439881216831,5.724439881216831,94927718
2024-03-04,5.88529109954834,5.913676947414135,5.781210710121828,5.819058206491059,117449745
2024-03-05,5.913676738739014,5.9420625856031615,5.837981748671591,5.885290891874865,87236598
2024-03-06,5.932600975036621,5.960986824239449,5.856905978732767,5.913677225960658,90769760
2024-03-07,6.131300926208496,6.292153028395004,5.923139674140999,5.942063424328953,210178253
2024-03-08,6.301614284515381,6.320538033522,6.065067196343749,6.178610141561234,164052809
2024-03-11,6.254304885864258,6.329999878844164,6.121838196971677,6.273228634109234,146579432
2024-03-12,6.017757892608643,6.22591912625731,5.951524547222462,6.216457477589429,178146653
2024-03-13,6.0934529304504395,6.159686276312574,5.913677092691294,5.99883418720293,138258834
2024-03-14,6.121838569641113,6.320538163898157,6.083991070847179,6.169148168722419,148849106
2024-03-15,6.367847442626953,6.377309091260555,6.017757870806413,6.074529116141277,202203104
2024-03-18,6.415156841278076,6.547623076303233,6.254304758872945,6.405694741758839,181763244
2024-03-19,6.329999923706055,6.528699507275401,6.3016140755485415,6.348923672085148,126451482
2024-03-20,6.3110761642456055,6.405694905974931,6.206995322754473,6.273228667553876,111587713
2024-03-21,6.538161277770996,6.651704221340151,6.348923790452002,6.434080885334428,181720038
2024-03-22,6.52869987487793,6.670628221301363,6.46246652623292,6.500314025122132,168083222
2024-03-25,6.774708271026611,6.926098710015271,6.51923744100683,6.528699540833888,257900076
2024-03-26,6.7936320304870605,6.8314795275009805,6.680089539445303,6.774708281980101,135164261
2024-03-27,6.717936992645264,6.85986533111069,6.680089495878184,6.746322840809449,128365687
2024-03-28,6.727398872375488,6.812555511727106,6.585470538552479,6.717936772904344,204696485
2024-03-29,7.00179386138916,7.011255510251256,6.774708423387958,6.774708423387958,143945679
2024-04-01,6.831479549407959,7.096412480532726,6.774708303705028,7.086950380660027,256024354
2024-04-02,6.840941905975342,6.926099003313991,6.755784808636693,6.784170658142166,167724771
2024-04-03,7.086950778961182,7.115336628996867,6.82201828412442,6.907175383053698,279016305
2024-04-08,6.93556022644043,7.3140356399299415,6.878788982093664,7.086950211365137,322542445
2024-04-09,6.81255578994751,6.992331626641554,6.736860795797965,6.840941638342466,214004409
2024-04-10,6.840941905975342,6.935560652363968,6.7273994103089905,6.850403555025319,174787412
2024-04-11,6.93556022644043,7.13425980724298,6.680089401291115,6.746322745284546,203420809
2024-04-12,7.020717144012451,7.115335882238145,6.8693271628513415,6.954483801665599,172512072
2024-04-15,7.172107696533203,7.191031445685886,6.8125560114544665,7.143722298393064,264034394
2024-04-16,6.784170627593994,7.17210771162942,6.765246878401481,7.049103116289193,217133914
2024-04-17,7.049102783203125,7.058564882941161,6.755784458990225,6.793631955586873,179229871
2024-04-18,6.9639458656311035,6.992331261365465,6.8220175334261,6.945022118082285,164961449
2024-04-19,6.907175540924072,7.124798892245729,6.850403839555127,6.9639467911152275,163596161
2024-04-22,6.916636943817139,7.209955284938066,6.907175294711443,6.992331941373794,264554051
2024-04-23,6.519237518310547,6.765246702598146,6.49085212084829,6.765246702598146,318619668
2024-04-24,6.6990132331848145,6.6990132331848145,6.490852001310071,6.52869949801457,155162693
2024-04-25,6.954483985900879,7.039641078148816,6.642241915895438,6.680089412188355,199554396
2024-04-26,7.124797821044922,7.172106963502476,6.859864908807271,6.869327008005415,227284602
2024-04-29,7.039641380310059,7.134260125103655,6.9071751375990225,7.096412627186217,161382875
2024-04-30,7.020717144012451,7.266725863399254,7.011255044601016,7.068026287536432,163583734
2024-05-06,7.049102783203125,7.068026531501449,6.765246558728261,7.0301790349048,179209511
2024-05-07,7.276188373565674,7.380269217078369,7.0207175403456095,7.0396412890590305,249547482
2024-05-08,7.219417095184326,7.3045737384255425,7.096412503507534,7.200493346555416,121745505
2024-05-09,7.49381160736084,7.550582852728391,7.20049328070628,7.2194170291621305,219478324
2024-05-10,7.474887847900391,7.616816186699197,7.370807005957565,7.531659093184363,169456723
2024-05-13,7.399193286895752,7.4465024351435085,7.219417440727612,7.33295993793556,164597271
2024-05-14,7.43704080581665,7.512735804157335,7.323497857127846,7.427578705435176,141601838
2024-05-15,7.200492858886719,7.389730332359306,7.162645364192201,7.351882837664789,144067679
2024-05-16,7.238340854644775,7.399192943820088,7.219417105987548,7.276188351959231,139492732
2024-05-17,7.351883411407471,7.351883411407471,7.153183823165829,7.238340918463035,99271446
2024-05-20,7.701973915100098,7.806054314444686,7.370807613545062,7.512735964043251,302824221
2024-05-21,7.635739326477051,8.070985982522469,7.569506433933884,8.033138486447019,318998086
2024-05-22,7.49381160736084,7.7776682853763495,7.427578262176486,7.692511191736146,199418581
2024-05-23,7.257264614105225,7.380269206149188,7.096412524690466,7.22887876548825,192760070
2024-05-24,7.1626458168029785,7.323497453830101,7.12479831971686,7.228878711114807,192021828
2024-05-27,7.578968524932861,7.597891821771349,7.191031013833533,7.200493113430519,213354160
2024-05-28,7.692511558532715,7.900673252650449,7.578969062383646,7.6546640598163584,205985942
2024-05-29,7.976367473602295,8.042600364319414,7.664125413999507,7.701972909031498,230531917
2024-05-30,7.834439277648926,8.298072254483952,7.768206381967719,8.118295962841353,262699900
2024-05-31,7.749281883239746,7.900672771235965,7.64520149370062,7.853363175134365,138938039
2024-06-03,7.560044288635254,7.7587438674193505,7.474887648569027,7.645201379879221,173951641
2024-06-04,7.654663562774658,7.730358555292254,7.418116485568299,7.560044370949919,196914912
2024-06-05,7.351883411407471,7.626278446123163,7.332959662583399,7.626278446123163,180195915
2024-06-06,7.512735843658447,7.607354592081797,7.370807495434533,7.380269595865758,158686803
2024-06-07,7.49381160736084,7.607354098095943,7.351883268353085,7.56004450136744,117557585
2024-06-11,7.276188373565674,7.39919296579179,7.1815696299985685,7.219417127425411,141423304
2024-06-12,7.43704080581665,7.484349954190688,7.247802858787162,7.247802858787162,106229633
2024-06-13,7.247802734375,7.484349825718077,7.162646088292377,7.389731079416401,131074539
2024-06-14,7.314035892486572,7.332959641255605,7.1910312998989765,7.20995504866801,116277062
2024-06-17,7.086950778961182,7.3234978749400375,7.058565380103276,7.209955377152854,147844239
2024-06-18,7.1437225341796875,7.209955432811284,7.001794185261179,7.105875034625123,108110629
2024-06-19,7.228878498077393,7.3613451851527225,7.153183506135913,7.191031002106653,117359463
2024-06-20,7.228878498077393,7.3613451851527225,7.191031002106653,7.228878498077393,98203695
2024-06-21,7.172107696533203,7.304573940601981,7.124798549240381,7.276188542461841,97464349
2024-06-24,7.011255741119385,7.115336589096206,6.945022843370499,7.011255741119385,119226555
2024-06-25,7.1437225341796875,7.228879182588566,6.982870435483897,7.001794185261179,121032612
2024-06-26,7.1437225341796875,7.16264628395697,6.963946685706614,7.1342604337021545,103366671
2024-06-27,6.954483985900879,7.115336070734651,6.9260985892700635,7.08695022292609,85925315
2024-06-28,7.219417095184326,7.2667262411677225,6.916636665944012,6.935560414572922,122653083
2024-07-01,7.484349250793457,7.484349250793457,7.228878429814525,7.238340529306729,121613859
2024-07-02,7.3802690505981445,7.4748877920308905,7.285649857987651,7.4748877920308905,110951752
2024-07-03,7.257264614105225,7.43704045220538,7.181569619363634,7.399192954834585,105558998
2024-07-04,7.181569576263428,7.389730810553521,7.172107476388637,7.295112067694388,104167389
2024-07-05,7.181569576263428,7.181569576263428,7.181569576263428,7.181569576263428,0
2024-07-08,7.323497295379639,7.427578135703457,7.2383406543671915,7.285649799112386,131477081
2024-07-09,7.626277923583984,7.645201219933705,7.3234970607893155,7.351882907669356,160513411
2024-07-10,7.153183937072754,7.607354367260442,7.077488940571101,7.560044768858024,228069835
2024-07-11,7.3802690505981445,7.4465019440121925,6.954484037384167,7.1626457197139555,185017198
2024-07-12,7.49381160736084,7.853363279199751,7.446502010632337,7.664125794641246,332400816
2024-07-15,7.616816520690918,7.758744414535406,7.370807329161967,7.474888175668659,167993312
2024-07-16,7.484349250793457,7.645201332739033,7.427578007373443,7.578968441004551,158129742
2024-07-17,6.9450225830078125,7.446502152211262,6.926098834192168,7.427578403395618,282183482
2024-07-18,6.9639458656311035,6.973407513816647,6.699012948769916,6.859865028523737,157482930
2024-07-19,6.869327068328857,6.926098310483097,6.708474989969649,6.840941221662875,124766237
2024-07-22,7.020717144012451,7.058564639302729,6.8220175681496285,6.8693271628513415,142417622
2024-07-23,6.6327805519104,7.049103028989778,6.623318451842441,7.001793882183277,164102107
2024-07-24,6.538161277770996,6.651704221340151,6.443542534111499,6.6327804726082515,140542204
2024-07-25,6.367847442626953,6.509775781552991,6.311076197292088,6.481389933296683,128144107
2024-07-26,6.530634880065918,6.645543299202387,6.406150531032008,6.4253019342214195,118168612
2024-07-29,6.54978609085083,6.616815771741993,6.463604550727386,6.54978609085083,72915007
2024-07-30,6.329544544219971,6.482755760681006,6.300817212830806,6.4731802879549125,126837639
2024-07-31,6.607240676879883,6.62639208060279,6.339120568153694,6.339120568153694,124475810
2024-08-01,6.54978609085083,6.817905727626393,6.492331882970353,6.693421382249296,179908834
2024-08-02,6.2912421226501465,6.444453348427347,6.233787912983696,6.434877418513537,203161273
2024-08-05,6.090151786804199,6.3008172093207655,6.051848982710278,6.195484269759762,184833616
2024-08-06,6.1093034744262695,6.166757683252809,5.994395056773193,6.1284548773684495,119496288
2024-08-07,6.147606372833252,6.205060582524487,6.061424829993665,6.1188790396848995,102740679
2024-08-08,6.1188788414001465,6.157181646619752,6.0518491605685645,6.099727438790343,79891596
2024-08-09,6.195484638214111,6.367847723492878,6.185909164923885,6.224211971295729,149345807
2024-08-12,6.281666278839111,6.38699922630747,6.185909261415819,6.195484734855411,119511703
2024-08-13,6.281666278839111,6.358271892777744,6.205060664900478,6.310393612368837,78988922
2024-08-14,6.157181739807129,6.281666086957612,6.147606266660032,6.272090613810517,71250281
2024-08-15,6.272090435028076,6.319968712609738,6.109303286718441,6.1380301619463475,105175998
2024-08-16,6.339119911193848,6.444452849056316,6.319968509455712,6.339119911193848,115971110
2024-08-19,6.521059036254883,6.6072405800476774,6.396574685577619,6.415726089019854,155711327
2024-08-20,6.4157257080078125,6.568937383052353,6.367847430548321,6.568937383052353,112943980
2024-08-21,6.501906871795654,6.511482800698693,6.377422535688685,6.415725338089995,118535116
2024-08-22,6.473180770874023,6.511483577846789,6.377423296836634,6.492332174360406,95051155
2024-08-23,6.492331504821777,6.540209780297424,6.377422639148281,6.434876843682315,78215335
2024-08-26,6.578512668609619,6.6168154721288985,6.473180187234318,6.578512668609619,101264778
2024-08-27,6.5976643562316895,6.645543091007988,6.5306346754714175,6.568937480650274,102305902
2024-08-28,6.5689377784729,6.702997602676905,6.49233216464204,6.597664655356735,126551654
2024-08-29,6.54978609085083,6.635967174368819,6.377423010603942,6.511483285597178,134711014
2024-08-30,6.540210247039795,6.626391788293908,6.406150426893199,6.5210588441617094,142225272
2024-09-02,6.4827561378479,6.540210347363475,6.396574595271803,6.473180664564706,115109414
2024-09-03,6.540210247039795,6.645543191171994,6.454028705785681,6.463604635527455,110398606
2024-09-04,6.329544544219971,6.45402842929184,6.243363006657918,6.444452956565747,133608780
2024-09-05,6.185908794403076,6.396574216829873,6.109303186247877,6.339120010713474,133551295
2024-09-06,6.185908794403076,6.243363000519476,6.157181463042155,6.224211598480675,68660307
2024-09-09,6.071000576019287,6.138030256992645,5.97524310616228,6.109303381319908,113028627
2024-09-10,6.032697677612305,6.109303287031244,5.936940209233181,6.080575955196417,97535765
2024-09-11,5.984818935394287,6.032697669519621,5.8699105214200245,6.013546267190577,100072391
2024-09-12,6.042273044586182,6.138030054681557,5.965667436509881,6.032697571879365,94821576
2024-09-13,6.051849365234375,6.19548466136273,6.042273435302901,6.099727645075337,105015541
2024-09-18,6.300817966461182,6.348696705634673,6.090152518629915,6.118879396849612,135340625
2024-09-19,6.6838459968566895,6.6838459968566895,6.262514676937861,6.3103934124352925,196312940
2024-09-20,6.760451316833496,6.7796027188855,6.568937296313459,6.616815573140747,162073786
2024-09-23,6.702997207641602,6.779602816957777,6.61681566885818,6.693421278174355,110779046
2024-09-24,6.942389965057373,7.028571503840794,6.760451414628733,6.779602816957777,196760119
2024-09-25,7.076450347900391,7.296691720619615,7.038147540175785,7.086026278134285,225547304
2024-09-26,7.507357120513916,7.516932593505611,7.028571599187375,7.066874404365062,199524272
2024-09-27,7.785053253173828,7.87123479940111,7.650992968685725,7.650992968685725,114575439
2024-09-30,8.522382736206055,8.541534597247313,8.043597168706592,8.043597168706592,325958617
2024-10-08,8.34044361114502,9.307590559404352,8.014869318605372,9.259711825817188,612233944
2024-10-09,7.650992393493652,8.139353843259862,7.593538185863296,8.139353843259862,365056483
2024-10-10,8.129777908325195,8.378746597831373,7.737173928140556,7.746749857708695,327788343
2024-10-11,8.1585054397583,8.426625066734934,7.947839561956936,8.215959188933569,264888863
2024-10-14,8.70432186126709,8.828806219804,8.350020646913277,8.350020646913277,423082173
2024-10-15,8.148929595947266,8.570260442757474,8.148929595947266,8.551109497235181,273428862
2024-10-16,8.282989501953125,8.378746975529268,7.976567047646986,7.9957189076465935,192436023
2024-10-17,8.148929595947266,8.522381709135411,8.139353666580675,8.359594562746926,183624360
2024-10-18,8.187232971191406,8.340444198898458,8.034021743484354,8.06274862037669,236161880
2024-10-21,8.388322830200195,8.493655319619286,8.158505991534394,8.263838480953485,228666561
2024-10-22,8.464927673339844,8.484078618215053,8.215958997486117,8.330867406369947,171198521
2024-10-23,8.350020408630371,8.52238258896888,8.244687001145246,8.484079780759101,189929305
2024-10-24,8.445775985717773,8.51280657716105,8.187232288813593,8.263837896282304,181203156
2024-10-25,8.129777908325195,8.340443792769724,8.072324157338173,8.321291933633445,279195839
2024-10-28,8.215959548950195,8.340443895232582,8.148929867571571,8.15850579725735,189761154
2024-10-29,7.995718479156494,8.168080643861344,7.957415674420872,8.168080643861344,169548815
2024-10-30,7.3637213706970215,7.612689604281059,7.287115760363472,7.612689604281059,523755239
2024-10-31,7.306267261505127,7.449903011120842,7.258388526098068,7.325418664346858,252052395
2024-11-01,7.603114604949951,7.804204116300241,7.33499449547376,7.33499449547376,397514759
2024-11-04,7.583962917327881,7.718023195351233,7.402024359958016,7.718023195351233,274049361
2024-11-05,7.7467498779296875,7.794628612684453,7.488205714785957,7.545659922528402,271729072
2024-11-06,7.89038610458374,8.024446395151067,7.77547767547361,7.832932346634183,302978368
2024-11-07,8.12020206451416,8.14892985352197,7.708447134055623,7.785052744987952,296238801
2024-11-08,8.13935375213623,8.426625243677336,8.034021267629214,8.330867775426668,301533713
2024-11-11,8.034021377563477,8.034021377563477,7.852082368039809,8.034021377563477,227550042
2024-11-12,7.71802282333374,8.024445257518998,7.660568160318561,7.966990594503819,290554646
2024-11-13,7.756325721740723,7.813779472242296,7.631840921434,7.670144182777464,121895960
2024-11-14,7.612689971923828,7.8520827440799925,7.593538568415554,7.756326183144099,136722142
2024-11-15,7.641417026519775,7.804203722094428,7.574386888385183,7.593538291194286,149878608
2024-11-18,7.469054222106934,7.650992316127254,7.220085534954159,7.26796426913137,250881808
2024-11-19,7.603114604949951,7.612690078535449,7.402024636994178,7.469054778514597,134919207
2024-11-20,7.5743865966796875,7.775476546733612,7.545659721875094,7.64141673223281,138271942
2024-11-21,7.593538284301758,7.650992492676919,7.459478464759715,7.564811408416907,113600942
2024-11-22,7.325418472290039,7.622265436856911,7.306267069950416,7.564811229838043,128124241
2024-11-25,7.248813152313232,7.430751710105585,7.181783013145903,7.315842834875095,108407114
2024-11-26,7.248813152313232,7.3445701678340845,7.162631610041733,7.210510346104892,79610605
2024-11-27,7.315842628479004,7.325418558063665,7.13390407581954,7.229661545244329,96307067
2024-11-28,7.200933933258057,7.334993745995385,7.1913584606509655,7.315842344175767,98575885
2024-11-29,7.200933933258057,7.287115469749057,7.086025522340346,7.1913584606509655,115711950
2024-12-02,7.2679643630981445,7.296691238691518,7.191358752708541,7.210510155305942,142230415
2024-12-03,7.2679643630981445,7.306267168292946,7.162631420509713,7.2775398360941175,123568957
2024-12-04,7.315842628479004,7.469054305595394,7.258388420787403,7.43075150046766,218884831
2024-12-05,7.220085620880127,7.325418563360284,7.191358745316283,7.2871157582048545,148401126
2024-12-06,7.315842628479004,7.325418558063665,7.181782810531935,7.200934213095802,155111815
2024-12-09,7.315842628479004,7.411599641298339,7.267964350372063,7.296691225915136,153599414
2024-12-10,7.344570159912109,7.650992609248323,7.325418756828596,7.497781384580216,238581656
2024-12-11,7.545660018920898,7.6509925061582305,7.306267255299845,7.315842728409848,265224566
2024-12-12,7.516932487487793,7.555235292125262,7.469054209993681,7.469054209993681,127995568
2024-12-13,7.2775397300720215,7.507357014498216,7.258388327753626,7.469054209861425,193760308
2024-12-16,7.133903980255127,7.2871156553191225,7.114752577947809,7.258388323555421,133375884
2024-12-17,7.076450347900391,7.143480489721193,6.99984473245118,7.095601751762693,124705223
2024-12-18,7.0668745040893555,7.1722069915116675,7.047723101230257,7.086025906948454,99188885
2024-12-19,7.076450347900391,7.086026278134285,6.904087713139666,6.99984473245118,97712112
2024-12-20,6.9711174964904785,7.124328719510447,6.951966093612983,7.076449984013976,88121486
2024-12-23,6.980693340301514,7.076450359773694,6.951966462762602,6.971117866657038,107860873
2024-12-24,7.114752292633057,7.114752292633057,6.951965607851621,6.961541080318562,99027637
2024-12-25,7.0668745040893555,7.124328712666651,7.038147171497976,7.124328712666651,60567506
2024-12-26,7.12432861328125,7.162631418465118,7.018995670722886,7.066874405505448,80820737
2024-12-27,7.048806190490723,7.21340704138321,7.03912354307079,7.126265523074021,111498955
2024-12-30,7.2424540519714355,7.271501530652243,7.029440901190221,7.039123086287817,152277560
2024-12-31,7.11658239364624,7.271501510014168,7.11658239364624,7.232771384651678,106095258
2025-01-02,6.971345901489258,7.203724344442371,6.903569221135689,7.1069001855844105,130703562
2025-01-03,7.068170547485352,7.2327713872894135,6.942298909669884,6.95198109474353,180001546
2025-01-06,6.951981544494629,7.145630337129562,6.893887045212361,7.019758691170962,135571631
2025-01-07,6.971345901489258,7.087535353812818,6.855156910859705,6.932616237946074,128898156
2025-01-08,6.845475196838379,6.961664195462562,6.738968383919191,6.961664195462562,144671025
2025-01-09,6.990710735321045,7.04880569234695,6.78738023250641,6.835792081102653,141622533
2025-01-10,7.048806190490723,7.145630356219845,6.932616729921735,7.03912354307079,135467479
2025-01-13,7.194041728973389,7.290866349946136,6.9810285785601645,7.01975824227166,180303312
2025-01-14,7.300548553466797,7.300548553466797,7.1165824195255265,7.155312083334845,144878113
2025-01-15,7.164994716644287,7.387690513975596,7.097217574258581,7.281183707853489,131471502
2025-01-16,7.523244380950928,7.5329270277885305,7.203724422414226,7.23277143953901,261282601
2025-01-17,7.5522918701171875,7.571656702124913,7.416737584369095,7.503879559250867,128245110
2025-01-20,7.5135626792907715,7.629751678654475,7.465150365375541,7.600704197966527,108302970
2025-01-21,7.426420211791992,7.552291850359927,7.397372733009387,7.532927018402861,92107408
2025-01-22,7.445785045623779,7.474832062719686,7.339278238986093,7.436102398795803,91781238
2025-01-23,7.378007888793945,7.5135621739622,7.358643056869054,7.4748320484184045,112247938
2025-01-24,7.6200690269470215,7.629751674402288,7.387691028349125,7.407055861565617,168465864
2025-01-27,7.5135626792907715,7.678163530875662,7.455467717914878,7.600704197966527,144903462
2025-02-05,7.591021537780762,7.639433386976335,7.474832083984556,7.57165670576373,137014704
2025-02-06,7.407055377960205,7.639433361386182,7.397372731137116,7.61038634430494,194998526
2025-02-07,7.571657180786133,7.629751680481898,7.310231701308166,7.416738053236715,205187467
2025-02-10,7.629751205444336,7.804035155374546,7.523244398452988,7.532927045313117,191160243
2025-02-11,7.600703716278076,7.716892708278395,7.56197405227797,7.610386363125109,125674256
2025-02-12,7.445785045623779,7.571656684223407,7.378007902909977,7.552291852261465,138858443
2025-02-13,7.319913387298584,7.4748320425766455,7.319913387298584,7.43610237875713,140124753
2025-02-14,7.416738033294678,7.465150347091334,7.300549034215554,7.300549034215554,127073227
2025-02-17,7.252136707305908,7.416738019884063,7.174677374726551,7.378008353594384,187001396
2025-02-18,7.213406562805176,7.290866351943396,7.184359545860603,7.252136226527281,105694441
2025-02-19,7.252136707305908,7.300549021015026,7.164995189001152,7.21340704101623,108054049
2025-02-20,7.271501541137695,7.281183726249252,7.174676919858058,7.242454062415002,88016869
2025-02-21,7.455467224121094,7.591021509428032,7.300548568563464,7.319913400508168,217378558
2025-02-24,7.445785045623779,7.465149877585721,7.281183743100269,7.397372734871919,138845207
2025-02-25,7.184359550476074,7.416737532957991,7.174676903692323,7.387690515994756,143614530
2025-02-26,7.174676895141602,7.300548533016299,7.116582399590358,7.184359541913813,126500058
2025-02-27,7.000393867492676,7.174677365573898,6.93261672072518,7.174677365573898,193040157
2025-02-28,6.922934055328369,7.039123045998555,6.922934055328369,6.981028550663463,112463845
2025-03-03,7.077852725982666,7.2037243636811805,6.932616256460841,6.97134592010746,202935602
2025-03-04,7.010075569152832,7.087535357978737,6.951981073803909,7.077852711240246,100915294
2025-03-05,7.174676895141602,7.184359541913813,6.9229340810862166,7.010075593566076,167596126
2025-03-06,7.407055377960205,7.416737563089281,7.23277142869671,7.242454075519798,217610917
2025-03-07,7.4845147132873535,7.561974041173824,7.3780079065964514,7.416737570539686,155591527
2025-03-10,7.542609214782715,7.581338878754605,7.436102408013012,7.5522918616226935,121477007
2025-03-11,7.474832057952881,7.474832057952881,7.319913402356141,7.455467226003289,128287939
2025-03-12,7.494196891784668,7.59102151325096,7.46514987469999,7.474832059830212,106268610
2025-03-13,7.5522918701171875,7.571656702124913,7.4457850632276905,7.465149895235416,105245411
2025-03-14,7.5522918701171875,7.668480862163541,7.532927038109462,7.62975119814809,119448142
2025-03-17,7.445785045623779,7.600703701319313,7.436102398795803,7.523244373471546,110546814
2025-03-18,7.503879547119141,7.581338875024812,7.4361024043546715,7.484514715142723,94567471
2025-03-19,7.445785045623779,7.484514709547663,7.378007902909977,7.465149877585721,85994739
2025-03-20,7.494196891784668,7.5813388664267265,7.46514987469999,7.484514706654446,106782404
2025-03-21,7.339278221130371,7.542609187083082,7.319913389215542,7.465149859423765,100001704
2025-03-24,7.581338882446289,7.620068546437038,7.319913419661728,7.368325730497171,185365945
2025-03-25,7.6200690269470215,7.726575840484745,7.552292341536323,7.610386841185798,125572009
2025-03-26,7.436102390289307,7.716892684263259,7.426420205166417,7.6491160033210015,150225928
2025-03-27,7.407055377960205,7.45546722699361,7.319913403328457,7.407055377960205,108694001
2025-03-28,7.339278221130371,7.436102380704516,7.271501540275475,7.3683256998496205,140304186
2025-03-31,7.223089218139648,7.329596024348617,7.1746769075826595,7.281183713791628,113849446
2025-04-01,7.368325710296631,7.387690542238916,7.194041761122054,7.252136256948909,124520998
2025-04-02,7.223089218139648,7.378007873211595,7.203724386255655,7.329596024348617,94661915
2025-04-03,6.9422993659973145,7.174677363367482,6.922934532883134,7.164995177657411,205172086
2025-04-07,6.245163917541504,6.3904003843505155,6.245163917541504,6.293576227042508,176584500
2025-04-08,6.080563545227051,6.351671206389039,5.935327067328967,6.322624187825843,358227054
2025-04-09,6.167705059051514,6.167705059051514,5.770725753160668,6.041833414166209,316222819
2025-04-10,6.419447898864746,6.42913008380356,6.225799121454433,6.32262374100659,252877632
2025-04-11,6.351670742034912,6.390400405083771,6.274211415937193,6.341988557119698,156217460
2025-04-14,6.371036052703857,6.46786021760783,6.351671219723063,6.409765718665446,175126488
2025-04-15,6.245163917541504,6.361353368005114,6.2064342546183005,6.361353368005114,168271933
2025-04-16,6.20643424987793,6.254846559341957,6.119292739214281,6.245163912771552,145291982
2025-04-17,6.196752071380615,6.2257990877337335,6.138657576980378,6.167704593333497,131056415
2025-04-18,6.196752071380615,6.216116902847361,6.138657576980378,6.167704593333497,91703054
2025-04-21,6.332306385040283,6.341989032375096,6.167705073900754,6.187069906876343,153169510
2025-04-22,6.274211883544922,6.322624196811095,6.274211883544922,6.312941549480246,113835251
2025-04-23,6.312941074371338,6.341988552483749,6.27421141135079,6.322623720973476,114372576
2025-04-24,6.274211883544922,6.341989029778756,6.235482217609598,6.322624196811095,120958178
2025-04-25,6.400083065032959,6.487224576227524,6.312941092144391,6.312941092144391,233590160
2025-04-28,6.274211883544922,6.38071869571408,6.225799570278749,6.371036048383231,169276050
2025-04-29,6.2161173820495605,6.254847047968733,6.177387716130388,6.235482215009147,111622090
2025-04-30,6.196752071380615,6.2354817343141065,6.187069424800242,6.2257990877337335,96450023
2025-05-06,6.283894062042236,6.283894062042236,6.216117377579443,6.225799563205255,137646880
2025-05-07,6.293576240539551,6.371035566552074,6.254846577533289,6.351670735048943,151953123
2025-05-08,6.293576240539551,6.3129410720426815,6.235481746030158,6.254846577533289,124127267
2025-05-09,6.2161173820495605,6.341989027133887,6.20643473472275,6.283894066561094,142009220
2025-05-12,6.38071870803833,6.38071870803833,6.24516441530884,6.264529248313905,215971703
2025-05-13,6.38071870803833,6.487225058719168,6.3710360606887795,6.448495392709038,178073655
2025-05-14,6.555001735687256,6.555001735687256,6.40976526770248,6.419447914358667,203691625
2025-05-15,6.477542877197266,6.574367042284377,6.458178044179843,6.555002209266955,144227710
2025-05-16,6.400083065032959,6.487224576227524,6.3807182334681665,6.448494913097939,112471900
2025-05-19,6.409765243530273,6.545319526041671,6.409765243530273,6.467859738166299,150769720
2025-05-20,6.419447898864746,6.448494915375191,6.380718235721484,6.409765252231929,102796980
2025-05-21,6.574366569519043,6.603414047803379,6.400083084895037,6.429130101485369,202522991
2025-05-22,6.45817756652832,6.555001724454247,6.448494919888725,6.516272061283876,122349669
2025-05-23,6.409765243530273,6.487224569711642,6.409765243530273,6.477542384785972,92665045
2025-05-26,6.400083065032959,6.448494913097939,6.351670755273976,6.400083065032959,88734683
2025-05-27,6.283894062042236,6.4000835214102345,6.245164396150916,6.4000835214102345,156715396
2025-05-28,6.312941074371338,6.332305905881611,6.283893596258926,6.283893596258926,80939369
2025-05-29,6.3904008865356445,6.409765719519018,6.293576721618779,6.312941554602152,104482714
2025-05-30,6.332306385040283,6.380718698326276,6.2935767190891045,6.3613538653506865,84273806
2025-06-03,6.467859745025635,6.516272054787334,6.37103558719624,6.419447896957939,173091398
2025-06-04,6.467859745025635,6.535636886353213,6.438812728523818,6.467859745025635,97249217
2025-06-05,6.467859745025635,6.496907223221455,6.429130081893876,6.477542391655576,98218698
2025-06-06,6.516272068023682,6.5550017312341105,6.467859758163644,6.477542404813253,112919480
2025-06-09,6.603414058685303,6.613096243666701,6.448494943736887,6.5162720853826945,154803144
2025-06-10,6.62277889251709,6.661508555843412,6.545319565864446,6.6130962458385065,132135364
2025-06-11,6.719603061676025,6.78738020345346,6.613096256509773,6.632461088204182,142208669
2025-06-12,6.700238227844238,6.758332722908933,6.680873396156007,6.71960305953247,118583099
2025-06-13,6.584049701690674,6.729285718740143,6.584049701690674,6.700238700007865,213356430
2025-06-16,6.680873870849609,6.729285722662975,6.584049705528841,6.603414538592994,130901041
2025-06-17,6.709920406341553,6.729285238011026,6.63246107966366,6.671190743002606,80897485
2025-06-18,6.700238227844238,6.7776975545971645,6.642143732779544,6.738967891220701,77258193
2025-06-19,6.574366569519043,6.69055555926838,6.555001737894154,6.680873374302937,93481019
2025-06-20,6.680873870849609,6.700238703913763,6.55500222508559,6.584049705528841,103966839
2025-06-23,6.690556049346924,6.729285715433623,6.632461550216874,6.651826383260223,81128394
2025-06-24,6.719603061676025,6.826109866842279,6.690555583287409,6.7002382299816166,133141100
2025-06-25,6.700238227844238,6.729285244529582,6.6324610860884246,6.71960305953247,129196589
2025-06-26,6.748650550842285,6.797062864314647,6.680873866013825,6.690556051691874,144982926
2025-06-27,6.893887042999268,6.951981542262885,6.797062877559903,6.797062877559903,194750211
2025-06-30,6.816427230834961,6.913251389458808,6.78738021409481,6.903569204443427,153432269
2025-07-01,6.855156898498535,6.855156898498535,6.729285261363154,6.826109881740528,132872891
2025-07-02,6.961663722991943,6.971345908039834,6.806745068673639,6.835792085511317,179127054
2025-07-03,6.951981544494629,7.0003938580768725,6.922934525700515,6.981029024982783,114311711
2025-07-04,6.932616233825684,7.000393375832977,6.8648395535123985,6.932616233825684,118088508
2025-07-07,6.816427230834961,6.903569204443427,6.8067450458195795,6.893886557734039,121982354
2025-07-08,6.835792064666748,6.84547471137912,6.7873802161869055,6.7873802161869055,104395093
2025-07-09,6.7583327293396,6.884204366279877,6.7486500826392675,6.864839534573219,151047107
2025-07-10,6.90356969833374,6.942299364554049,6.777698052270714,6.777698052270714,192319087
2025-07-11,7.039123058319092,7.155312049192643,6.893886588880148,6.913251420692407,231097691
2025-07-14,6.951981544494629,7.087535837847294,6.951981544494629,6.990711210682808,149718471
2025-07-15,6.922934055328369,7.019758214220191,6.835792081478726,6.951981072148912,111182283
2025-07-16,6.884204387664795,6.942298882965232,6.864839555897983,6.884204387664795,82993986
2025-07-17,6.9132513999938965,6.971345895256736,6.864839551455201,6.8842043832094815,87113385
2025-07-18,7.010075569152832,7.048805694412788,6.922934056976451,6.942298888759425,120837955
2025-07-21,7.387690544128418,7.455467225096744,7.126265081993701,7.184359577835415,299776452
2025-07-22,7.523244380950928,7.523244380950928,7.300548582320194,7.339278246282581,234178049
2025-07-23,7.397372722625732,7.561974024876749,7.387690537507797,7.532927007828929,170940205
2025-07-24,7.561974048614502,7.581338880605173,7.358643081865442,7.368325728707784,201978819
2025-07-25,7.474832057952881,7.678163024270608,7.455467226003289,7.552291847445264,179736175
2025-07-28,7.387690544128418,7.465149871917369,7.261818905624366,7.358643065360555,139916712
2025-07-29,7.465150356292725,7.484515189496447,7.378008376028951,7.387691023477834,125730597
2025-07-30,7.4845147132873535,7.591021519978256,7.455467234482921,7.474832066454538,134091168
2025-07-31,7.194041728973389,7.42642017293637,7.164994712036772,7.378007862449996,176504977
2025-08-01,7.155312538146973,7.281184184375027,7.126265519290677,7.174677371282517,95989393
2025-08-04,7.2037248611450195,7.213407046878287,7.087535862181561,7.116582881075405,97588218
2025-08-05,7.2424540519714355,7.2424540519714355,7.164994724414631,7.203724388193033,122327575
2025-08-06,7.290866374969482,7.339278223928003,7.213406585586629,7.23277141750884,124463211
2025-08-07,7.300548553466797,7.397372712990094,7.194041747144165,7.348960864075451,133016554
2025-08-08,7.4336442947387695,7.5026570771438035,7.256183458697263,7.285760029648621,144864137
2025-08-11,7.4040679931640625,7.473080307968801,7.374490951025506,7.4435037359413805,127724323
2025-08-12,7.48293924331665,7.5223749848533785,7.364631548595343,7.404067760243192,134185542
2025-08-13,7.620964527130127,7.680118140897845,7.502657299594693,7.522375170850599,196215199
2025-08-14,7.542092800140381,7.650541323624173,7.542092800140381,7.59138724164311,151020681
2025-08-15,7.847720146179199,7.926591629841523,7.512515870503199,7.522375041016552,273412177
2025-08-18,7.611105442047119,7.837861199095876,7.611105442047119,7.818143327618207,301586509
2025-08-19,7.522375106811523,7.689977246115467,7.492798065123892,7.620964462251747,195281739
2025-08-20,7.5618109703063965,7.620964584519568,7.45336244252668,7.473080313931071,159636196
2025-08-21,7.551951885223389,7.640682542605338,7.522375312836833,7.561811056093002,144437274
2025-08-22,7.611105442047119,7.630823313524788,7.492798213181108,7.551951827614113,152652770
2025-08-25,7.96602725982666,8.005463001104129,7.709694941523111,7.709694941523111,372089558
2025-08-26,8.064617156982422,8.10405289862102,7.8575788082130975,7.916732420670995,236324920
2025-08-27,7.857578754425049,8.153347754912133,7.847720054138447,8.064617101777118,268557416
2025-08-28,7.778707504272461,7.788566674964973,7.561810920259663,7.739271761724679,313492162
2025-08-29,7.7195539474487305,7.985745916778406,7.68997737537508,7.798425433126647,402046348
2025-09-01,7.739271640777588,7.857578866572061,7.660400156914606,7.81814312464057,325330613
2025-09-02,7.7195539474487305,7.8575790473850855,7.640682461770814,7.788566732472477,303494608
2025-09-03,7.689977169036865,7.867438007050531,7.60124651497447,7.778707352988135,315093733
2025-09-04,7.325195789337158,7.699835803140855,7.216747735429077,7.650541361394761,346255520
2025-09-05,7.5913872718811035,7.620964312989447,7.275901340651418,7.305477911648642,245718804
2025-09-08,7.512516021728516,7.640682420315316,7.453362407791023,7.581528806377824,189788544
2025-09-09,7.551951885223389,7.709695328359204,7.482939569580664,7.532234013595304,222453422
2025-09-10,7.492798328399658,7.532234071961408,7.374491097714409,7.492798328399658,155263979
2025-09-11,7.7195539474487305,7.73927181886821,7.4730803196496725,7.492798191069151,233402335
2025-09-12,7.926591873168945,8.074475674519919,7.857579087790322,7.867438258606328,414913973
2025-09-15,7.956168174743652,8.054757999105348,7.887155861823813,7.966027345224272,236710788
2025-09-16,7.768848896026611,8.054758267951728,7.601246753150963,8.01532252493524,360081667
2025-09-17,7.837861061096191,7.877296803357191,7.6702593915425075,7.729413004934007,207108749
2025-09-18,7.532233715057373,7.729412893634216,7.473080102517656,7.729412893634216,284197361
2025-09-19,7.630823135375977,7.729412960573784,7.532233780289296,7.5815286928882,188364671
2025-09-22,7.581528663635254,7.699835889282788,7.492798009344041,7.670259317926467,151440557
2025-09-23,7.473080158233643,7.6111052551887015,7.384349503706971,7.542092941766736,172444416
2025-09-24,7.492798328399658,7.502657499345669,7.335055354152659,7.423786012222169,168063192
2025-09-25,7.502657413482666,7.650541685202362,7.453362499539054,7.571669728870354,224439924
2025-09-26,7.512516021728516,7.611105378291003,7.423785835877845,7.453362407791023,226923259
2025-09-29,8.035039901733398,8.064617414071924,7.532233944756911,7.581528858432177,494872564
2025-09-30,8.123770713806152,8.153348226710838,7.975886910171899,8.015322653822519,317271927
2025-10-09,8.557564735412598,8.567422966044749,8.20264210643129,8.370244250067511,537060471
2025-10-10,8.49841022491455,8.695588931017232,8.360384660531556,8.458974483694014,369705241
2025-10-13,8.449115753173828,8.498410667321231,8.163206379385633,8.163206379385633,375291193
2025-10-14,8.518128395080566,9.139242012034357,8.458974314323065,8.695588756908638,624172965
2025-10-15,8.744884490966797,8.853332552308332,8.498410855008695,8.616718087441907,388002318
2025-10-16,8.597000122070312,8.853331972098896,8.498410298059305,8.675871605190222,309421379
2025-10-17,8.470000267028809,8.859999656677246,8.449999809265137,8.720000267028809,279847593
2025-10-20,8.369999885559082,8.569999694824219,8.319999694824219,8.510000228881836,233492875
2025-10-21,8.619999885559082,8.770000457763672,8.430000305175781,8.449999809265137,297020357
2025-10-22,8.75,8.800000190734863,8.390000343322754,8.420000076293945,282027131
2025-10-23,9.039999961853027,9.140000343322754,8.699999809265137,8.779999732971191,470458098
2025-10-24,9.229999542236328,9.479999542236328,9.020000457763672,9.199999809265137,415340618
2025-10-27,9.399999618530273,9.40999984741211,9.109999656677246,9.270000457763672,403775537
2025-10-28,9.260000228881836,9.720000267028809,9.239999771118164,9.350000381469727,461288635
2025-10-29,9.90999984741211,10.050000190734863,9.34000015258789,9.380000114440918,494031442
2025-10-30,10.3100004196167,10.5,9.779999732971191,9.8100004196167,550706179
2025-10-31,9.989999771118164,10.300000190734863,9.949999809265137,10.25,424832180
2025-11-03,10.170000076293945,10.220000267028809,9.75,10.140000343322754,402931315
2025-11-04,9.850000381469727,10.390000343322754,9.760000228881836,10.15999984741211,377335607
2025-11-05,9.869999885559082,9.899999618530273,9.460000038146973,9.510000228881836,286561284
2025-11-06,10.859999656677246,10.859999656677246,9.829999923706055,9.869999885559082,696823304
2025-11-07,10.75,10.989999771118164,10.649999618530273,10.699999809265137,499544339
2025-11-10,11.100000381469727,11.260000228881836,10.680000305175781,10.819999694824219,553630553
2025-11-11,10.979999542236328,11.220000267028809,10.899999618530273,11.100000381469727,338138628
2025-11-12,11.710000038146973,11.739999771118164,10.930000305175781,10.979999542236328,584617873
2025-11-13,12.170000076293945,12.300000190734863,11.550000190734863,11.699999809265137,616600654
2025-11-14,11.65999984741211,12.0600004196167,11.649999618530273,11.850000381469727,450046256
2025-11-17,11.15999984741211,11.489999771118164,11.029999732971191,11.40999984741211,511784258
2025-11-18,10.75,11.050000190734863,10.619999885559082,10.90999984741211,459397217
2025-11-19,10.979999542236328,11.109999656677246,10.779999732971191,10.779999732971191,352875653
2025-11-20,11.039999961853027,11.300000190734863,10.989999771118164,11.100000381469727,293002683
2025-11-21,10.520000457763672,10.90999984741211,10.5,10.720000267028809,370727747
2025-11-24,10.489999771118164,10.649999618530273,10.1899995803833,10.579999923706055,333719770
2025-11-25,10.550000190734863,10.699999809265137,10.420000076293945,10.670000076293945,255255830
2025-11-26,10.390000343322754,10.630000114440918,10.329999923706055,10.539999961853027,213504753
2025-11-27,10.4399995803833,10.760000228881836,10.420000076293945,10.609999656677246,244799497
2025-11-28,10.510000228881836,10.640000343322754,10.3100004196167,10.390000343322754,173393401
2025-12-01,10.6899995803833,10.920000076293945,10.569999694824219,10.779999732971191,357066076
2025-12-02,10.579999923706055,10.640000343322754,10.4399995803833,10.609999656677246,163313602
2025-12-03,11.029999732971191,11.270000457763672,10.550000190734863,10.550000190734863,402031691
2025-12-04,10.890000343322754,11.300000190734863,10.84000015258789,11.270000457763672,316820004
2025-12-05,11.399999618530273,11.489999771118164,10.920000076293945,10.920000076293945,385304366
2025-12-08,11.270000457763672,11.34000015258789,11.020000457763672,11.329999923706055,347288026
2025-12-09,10.59000015258789,11.149999618530273,10.479999542236328,11.140000343322754,406731192
2025-12-10,10.720000267028809,10.729999542236328,10.470000267028809,10.579999923706055,205557543
2025-12-11,10.470000267028809,10.880000114440918,10.460000038146973,10.800000190734863,238714984
2025-12-12,10.75,10.789999961853027,10.600000381469727,10.680000305175781,316042056
2025-12-15,10.539999961853027,10.800000190734863,10.470000267028809,10.529999732971191,204673974
2025-12-16,10.279999732971191,10.5,10.09000015258789,10.4399995803833,202540915
2025-12-17,10.59000015258789,10.65999984741211,10.319999694824219,10.380000114440918,180582240
2025-12-18,10.529999732971191,10.770000457763672,10.510000228881836,10.59000015258789,144878522
2025-12-19,10.850000381469727,10.930000305175781,10.430000305175781,10.579999923706055,228500452
2025-12-22,10.970000267028809,11.100000381469727,10.859999656677246,11.050000190734863,203505633
2025-12-23,10.970000267028809,11.25,10.850000381469727,10.890000343322754,226324631
2025-12-24,11.069999694824219,11.09000015258789,10.800000190734863,11.0,216217792
2025-12-25,10.960000038146973,10.979999542236328,10.819999694824219,10.970000267028809,161778236
2025-12-26,11.84000015258789,11.9399995803833,10.970000267028809,10.989999771118164,473629142
2025-12-29,11.449999809265137,11.9399995803833,11.40999984741211,11.869999885559082,425870836
2025-12-30,11.989999771118164,12.119999885559082,11.119999885559082,11.130000114440918,409754352
