Date,Close,High,Low,Open,Volume
2000-01-03,20.783519744873047,21.012990783065653,20.42292239914181,20.94742762929634,4520600
2000-01-04,20.35737419128418,20.75075340270996,20.12790298461914,20.619626998901367,4216500
2000-01-05,20.68518829345703,21.17691226239817,20.357372314162944,20.357372314162944,5231600
2000-01-06,20.390151977539062,20.65240473609262,20.29180719308148,20.52127835681584,4809400
2000-01-07,20.914653778076172,20.980216956063874,20.390148354174578,20.455711532162276,5124700
2000-01-10,21.01299285888672,21.504716560732742,20.84908495827138,20.98021127876365,4113900
2000-01-11,21.504735946655273,21.76698882405351,21.04579341120836,21.04579341120836,5440200
2000-01-12,22.42261505126953,22.586523056030273,21.308040618896484,21.471948623657227,8090000
2000-01-13,22.19314193725586,22.881555498086545,21.9636707503123,22.389831526064626,5700200
2000-01-14,22.348844528198242,22.455384674463946,21.963660922468385,22.455384674463946,3365400
2000-01-18,21.766977310180664,22.291482787534417,21.603069348507617,22.225919602865197,3401100
2000-01-19,22.225914001464844,22.357040337756672,21.50471915185979,21.50471915185979,3344700
2000-01-20,22.324268341064453,22.324268341064453,21.50472838728088,22.324268341064453,3309700
2000-01-21,21.537500381469727,21.96366096740444,21.209684546135332,21.832534633270683,3722600
2000-01-24,20.71797752380371,21.734207433990285,20.71797752380371,21.635862603972228,3593500
2000-01-25,20.88188362121582,21.111354869800607,20.554067551808977,20.849102014275136,3304500
2000-01-26,18.751079559326172,20.78353923184055,18.19379222976578,20.78353923184055,16703200
2000-01-27,19.734521865844727,19.8984298547637,18.81663712789846,18.88220032346605,12082200
2000-01-28,19.27557373046875,19.636171198215617,19.078884202606826,19.472263258330678,4444200
2000-01-31,19.6033935546875,19.931209500418063,19.472267176395277,19.53783036554139,4838300
2000-02-01,19.210020065307617,19.701744128412763,19.1444568568936,19.636180919998743,4679500
2000-02-02,18.619949340820312,19.27558135986328,18.554386138916016,19.210018157958984,5769100
2000-02-03,18.357690811157227,18.9805410351072,18.06265649454934,18.65272512776511,9225700
2000-02-04,18.423259735107422,18.816638946533203,18.161006927490234,18.816638946533203,7752200
2000-02-07,18.32491111755371,18.685508652961747,17.833187205633667,18.48881908819373,9992900
2000-02-08,19.046106338500977,19.734519820615468,18.619945611477718,18.882198366568954,12144800
2000-02-09,18.816640853881836,19.242801709457556,18.554388019681394,19.242801709457556,5915400
2000-02-10,18.619949340820312,19.013328552246094,18.423259735107422,18.619949340820312,5353400
2000-02-11,18.32491111755371,18.587163870577736,18.259347929297707,18.390474305809718,3920500
2000-02-14,17.76762580871582,18.521602549676086,17.472591431818323,18.521602549676086,4426400
2000-02-15,17.702064514160156,17.898754119873047,17.538156509399414,17.702064514160156,4669200
2000-02-16,17.505369186401367,18.06265622042538,17.439806005927956,17.70205872782161,3804900
2000-02-17,17.702064514160156,17.8659725189209,17.505374908447266,17.60371971130371,4272000
2000-02-18,17.046430587768555,17.669280936167787,16.948085795916043,17.603717741599446,5494900
2000-02-22,16.94808578491211,17.407028146592513,16.882522590386337,16.915304187649223,4479500
2000-02-23,17.11199188232422,17.50537100605581,16.980865507747023,17.01364710139132,4927400
2000-02-24,16.456363677978516,16.98086929321289,16.259674072265625,16.849742889404297,6154300
2000-02-25,16.259666442871094,16.685827055285053,16.128540100589877,16.52191912743353,4551200
2000-02-28,16.325233459472656,16.62026779910168,16.062980713135747,16.390796646056884,3880600
2000-02-29,16.653039932250977,17.013637253618615,16.554695208241622,16.653039932250977,4883900
2000-03-01,16.39080047607422,16.75139808654785,16.325237274169922,16.718616485595703,4969800
2000-03-02,16.194110870361328,16.489145278930664,16.12854766845703,16.325237274169922,4884600
2000-03-03,16.94808578491211,16.94808578491211,16.0302010615513,16.259672242391503,5193900
2000-03-06,16.554706573486328,17.046430531114634,16.325235393259785,17.046430531114634,4175100
2000-03-07,15.669607162475586,16.55471049592086,15.63682555753317,16.521928890978444,6183300
2000-03-08,16.1285400390625,16.390792722624493,15.735161013719512,15.931850526391006,4015900
2000-03-09,16.784175872802734,16.784175872802734,15.735164880752563,16.062980815768242,4779200
2000-03-10,16.653039932250977,16.98085567894883,16.25966103621355,16.48913205890205,4819200
2000-03-13,17.013639450073242,17.013639450073242,16.42357102983949,16.784168397760116,5659700
2000-03-14,15.997424125671387,17.0464355437482,15.767952877967083,17.0136539369333,5235700
2000-03-15,17.046430587768555,17.243120171473574,15.964637877390933,16.095764266527613,7044600
2000-03-16,17.8659725189209,18.02988052368164,17.17755889892578,17.505374908447266,8241900
2000-03-17,17.73484230041504,18.456037366235982,17.702060706514086,18.357692584533126,5463000
2000-03-20,18.12821388244629,18.29212178373423,17.89874282064317,17.964305981158347,2736000
2000-03-21,18.488821029663086,18.619947419944385,18.095441858819193,18.22656824910049,4239900
2000-03-22,18.488821029663086,18.751073810225684,18.35769463938179,18.488821029663086,3754000
2000-03-23,18.456039428710938,18.849418599482753,17.80040747742458,17.8331890749889,4034900
2000-03-24,18.259347915649414,18.84941660951241,18.193784727442413,18.423255886166913,3188100
2000-03-27,18.226564407348633,18.456035541973527,17.898748500741643,17.931530091402344,2189900
2000-03-28,18.423259735107422,18.554386138916016,17.83319091796875,17.83319091796875,2963500
2000-03-29,19.30835723876953,19.43948360371873,18.25934631917594,18.29212791041324,5292800
2000-03-30,19.734521865844727,20.062337843682677,19.30836109465539,19.30836109465539,4939100
2000-03-31,19.6033935546875,19.898427905845008,19.30835920353,19.86564631127195,3738300
2000-04-03,20.193470001220703,20.25903321551038,19.701745894048123,19.832872322627477,4459400
2000-04-04,20.209854125976562,20.619624079869034,19.767302575772696,20.291808116755057,5145500
2000-04-05,20.226242065429688,20.259023657107853,19.537828640188156,19.931207740326172,4143600
2000-04-06,19.40669059753418,19.96397732077418,19.341127453623592,19.800069460997708,4124100
2000-04-07,19.40669059753418,19.57059845731065,18.94774859016006,19.078874877981235,3155400
2000-04-10,19.078880310058594,19.373914541657438,18.81662765974851,19.34113296036868,3234600
2000-04-11,19.767311096191406,19.800092706632853,18.8166443933895,18.94777083515528,3354100
2000-04-12,19.046106338500977,20.02955417009311,19.046106338500977,19.53783025429704,4548200
2000-04-13,17.898754119873047,18.8822021484375,17.898754119873047,18.8822021484375,7400300
2000-04-14,17.603717803955078,18.25934975196085,17.308683427352477,17.603717803955078,5744700
2000-04-17,17.66928482055664,17.898756051992443,17.341468775648355,17.570940007084154,4728900
2000-04-18,17.046430587768555,17.73484413073613,16.75139621221102,17.702062533451958,5440000
2000-04-19,17.341461181640625,17.407024361911475,17.046426870421787,17.27589800136977,3473000
2000-04-20,18.783849716186523,18.882194479098494,17.70205732415484,17.833183674704134,7009700
2000-04-24,20.45570945739746,20.45570945739746,18.423251145925278,18.488814317263092,9601600
2000-04-25,20.324588775634766,20.685186318428283,20.029554422440064,20.422933560032998,3975100
2000-04-26,20.390151977539062,20.65240473609262,20.127899218985505,20.127899218985505,3479300
2000-04-27,20.35737419128418,20.521282196044922,19.9639949798584,19.996776580810547,2904600
2000-04-28,19.9639892578125,20.324586764932267,19.701736525361763,20.22624199026324,2936500
2000-05-01,20.390151977539062,20.619623141273426,19.931209650070336,19.931209650070336,3089100
2000-05-02,20.55405044555664,20.783521503162536,20.09510833034485,20.127889910002835,3129800
2000-05-03,19.570608139038086,20.291803078835134,19.439481786347713,20.06233196162698,5243800
2000-05-04,18.751079559326172,19.24280367364417,18.652734736462573,19.21002206602297,6515400
2000-05-05,18.71828842163086,18.980541149079276,18.35769092138928,18.6199436488377,4968100
2000-05-08,18.783849716186523,18.947757654373145,18.456033839813287,18.7510681285492,3115600
2000-05-09,19.40669059753418,19.50503531340006,18.980530162115354,19.013311734070648,3165700
2000-05-10,20.259021759033203,20.357366524853752,19.472263632468806,19.505045221075655,5995500
2000-05-11,20.029552459716797,20.357368375587775,19.9967708681297,20.193460417652286,3185200
2000-05-12,19.70174217224121,20.062339782714844,19.53783416748047,20.062339782714844,2410500
2000-05-15,20.029552459716797,20.226242009239385,19.603391769084524,19.636173360671624,2840100
2000-05-16,20.55405044555664,20.586832025214626,20.16067148966082,20.35736096760873,2753400
2000-05-17,20.488489151000977,20.619615481567383,20.095110159301758,20.291799655151365,2017900
2000-05-18,20.259021759033203,20.48849287928115,20.22624017042635,20.357366524853752,1933700
2000-05-19,19.832866668701172,20.324590635693763,19.734521875302654,19.832866668701172,2985300
2000-05-22,20.390151977539062,20.52127835681584,19.832864865612752,19.865646460431947,3145000
2000-05-23,20.521284103393555,20.58684731139162,19.800088815414867,20.12790485540518,2757100
2000-05-24,20.324588775634766,20.94743907682357,19.996772827640655,20.52127834443123,5108400
2000-05-25,19.570608139038086,20.226239902489947,19.472263374520306,19.931205608936608,3453100
2000-05-26,19.80008888244629,19.89843369477632,19.505054445456192,19.537836049566202,3130700
2000-05-30,19.177227020263672,19.43947969746386,18.84941117376344,19.406698112813835,4210200
2000-05-31,18.783849716186523,19.17722876783441,18.521597015087934,18.882194479098494,3880700
2000-06-01,18.685510635375977,18.783855428193746,18.48882104974044,18.652729037770055,2979100
2000-06-02,18.947763442993164,19.046108235949877,18.456039478209604,18.947763442993164,3701800
2000-06-05,18.619949340820312,18.8822021484375,18.48882293701172,18.8822021484375,1957900
2000-06-06,18.423259735107422,18.68551254272461,18.292133331298828,18.423259735107422,3577600
2000-06-07,18.29213523864746,18.52160646923981,17.997100799314435,18.4232616561288,2518000
2000-06-08,18.587169647216797,18.751077668797194,18.095445582475612,18.095445582475612,3312300
2000-06-09,17.76762580871582,18.88220012143969,16.587488301125838,18.61994734197525,15301500
2000-06-12,17.11199188232422,17.472589412411512,16.784175945881227,17.439807818767214,8145700
2000-06-13,16.980867385864258,17.407028150374366,16.816959399514218,16.915304191324243,6046900
2000-06-14,16.653039932250977,17.308671425646686,16.587476782911406,16.78416623093012,5941800
2000-06-15,16.8497371673584,16.94808193681769,16.587484448800293,16.65304762843982,6280100
2000-06-16,16.4235782623291,17.079210129088747,16.4235782623291,17.046428535750763,6858000
2000-06-19,16.521928787231445,16.81696322986058,16.292457554075455,16.71861841565087,4510500
2000-06-20,16.521928787231445,16.65305520617773,16.259675949338884,16.62027360144116,3930200
2000-06-21,16.4235782623291,16.653049415694976,16.292451888977173,16.39079666899112,4396800
2000-06-22,16.489139556884766,16.554702736037388,16.325231609003204,16.39079478815583,3928900
2000-06-23,17.11199188232422,17.407026225122912,16.52192319672683,16.62026797765973,7978700
2000-06-26,17.538156509399414,17.63650131225586,17.243122100830078,17.275903701782227,4887200
2000-06-27,17.144775390625,17.570936155592733,17.11199379331979,17.439809766371894,3422100
2000-06-28,16.898916244506836,17.210341471127233,16.78418063469932,17.0464334571165,3179800
2000-06-29,16.39080047607422,16.75139808654785,16.292455673217773,16.75139808654785,5545100
2000-06-30,17.275897979736328,17.333265762401485,16.489139817471294,16.52192140756567,6147600
2000-07-03,17.046430587768555,17.50537294974694,16.915304198631873,17.407028157894427,1681200
2000-07-05,16.685827255249023,17.079206286806954,16.587482497359538,17.046424700843794,5067000
2000-07-06,16.88251495361328,17.079204448218483,16.81695178874488,16.81695178874488,4010300
2000-07-07,17.046430587768555,17.570936144315276,16.78417780949519,16.915304198631873,3766600
2000-07-10,16.915302276611328,17.53815255423849,16.882520683052004,17.505370960679166,3013900
2000-07-11,17.079212188720703,17.34146496705039,16.91530420226465,17.243120175176756,3094500
2000-07-12,16.784175872802734,17.111991807818413,16.784175872802734,17.111991807818413,2893000
2000-07-13,16.521928787231445,17.01365285828,16.259675949338884,17.01365285828,6731700
2000-07-14,16.456363677978516,16.55470848083496,16.325237274169922,16.423582077026367,3143900
2000-07-17,16.4235782623291,16.55470463568103,16.325233482315156,16.521923042343047,2669400
2000-07-18,16.4235782623291,16.587486229019014,16.25967029563919,16.4235782623291,2651700
2000-07-19,16.456363677978516,16.489145278930664,16.259674072265625,16.423582077026367,3170500
2000-07-20,16.620269775390625,16.784177761341223,16.423580192249908,16.521924983820266,3266300
2000-07-21,16.194110870361328,16.718616485595703,16.030202865600586,16.718616485595703,4031800
2000-07-24,15.866293907165527,16.35801789189173,15.800730709202034,16.194109896982997,4192300
2000-07-25,16.4235782623291,16.456359855667085,15.767946395569457,16.25967029563919,6895700
2000-07-26,16.620269775390625,17.439809705143613,16.620269775390625,16.784177761341223,11296100
2000-07-27,16.88251495361328,17.702054514468294,16.81695178874488,17.30867552525789,6561400
2000-07-28,16.784175872802734,17.210336588323116,16.784175872802734,16.948083840310574,3092900
2000-07-31,16.620269775390625,17.111993733242418,16.489143386630147,17.01364894167206,4871300
2000-08-01,17.11199188232422,17.11199188232422,16.68583116494833,16.718612758592627,3134200
2000-08-02,17.538156509399414,17.60371971130371,17.079214096069336,17.079214096069336,4643100
2000-08-03,17.43981170654297,17.8004093170166,17.40703010559082,17.63650131225586,3805700
2000-08-04,17.505369186401367,17.669277137584903,17.308679644981126,17.37424282545454,2536600
2000-08-07,17.66928482055664,17.964319260974097,17.570940007084154,17.603721611574983,3078100
2000-08-08,17.570941925048828,17.89875800574004,17.34147066856498,17.833194789601798,2625500
2000-08-09,17.144775390625,17.40702816906668,16.91530420948853,17.21033858523542,3548300
2000-08-10,17.21033477783203,17.341461138044085,17.11199000767299,17.275897957938056,2316000
2000-08-11,17.538156509399414,17.63650131225586,17.243122100830078,17.275903701782227,2224100
2000-08-14,17.472593307495117,17.538156509399414,17.308685302734375,17.538156509399414,2457400
2000-08-15,17.013639450073242,17.63648944920887,16.915294713367615,17.538144712503247,2872800
2000-08-16,16.980867385864258,17.079212177674282,16.816959399514218,17.013648983134267,2087600
2000-08-17,16.39080047607422,16.98086929321289,16.259674072265625,16.849742889404297,4735200
2000-08-18,16.554706573486328,16.751396156537652,16.259672198909342,16.325235393259785,3335400
2000-08-21,16.554706573486328,16.751396156537652,16.390798587610227,16.68583296218721,2985800
2000-08-22,16.4235782623291,16.718612602370943,16.358015075653135,16.620267822356993,3485600
2000-08-23,16.35801124572754,16.653045516692565,16.226884903076417,16.4235744170531,3414800
2000-08-24,15.931852340698242,16.423576178374116,15.735162805627894,16.358013000017333,6604900
2000-08-25,15.931852340698242,16.030197108233416,15.669599627271111,15.997415519055027,4992100
2000-08-28,15.931852340698242,15.964633929876635,15.735162805627894,15.735162805627894,4056200
2000-08-29,15.964632034301758,16.259666301876123,15.833505693157594,16.095758375445918,4823800
2000-08-30,15.931852340698242,15.964633929876635,15.702381216449503,15.964633929876635,4095000
2000-08-31,15.677801132202148,15.931858547308403,15.538479323918072,15.800732139511625,6792600
2000-09-01,15.505687713623047,15.767940359942253,15.374561390463443,15.571250875202848,4717000
2000-09-05,15.571255683898926,15.63681886572587,15.407347729331569,15.505692502071984,5208100
2000-09-06,15.800734519958496,15.899079340622139,15.50570005796757,15.50570005796757,4009200
2000-09-07,15.472911834716797,15.931854134899075,15.243440684625657,15.86629094915875,6629500
2000-09-08,15.079536437988281,15.505697250366211,14.817283630371094,15.374570846557617,6268100
2000-09-11,14.882843017578125,15.112314165426245,14.718935054829466,15.079532572876513,4514600
2000-09-12,15.210657119750977,15.505691417332352,14.58780693596807,14.784496467688987,11730400
2000-09-13,14.259995460510254,15.47291461462262,14.161650664230873,15.440133015862827,7816400
2000-09-14,14.29277515411377,14.555027909235122,13.8338328326514,14.555027909235122,17827100
2000-09-15,14.686151504516602,15.11231215085302,14.194427681820732,15.11231215085302,10175900
2000-09-18,14.948409080505371,14.981190679366128,14.391121899872495,14.653374690758554,5527900
2000-09-19,14.620593070983887,15.013972256750268,14.456685076914559,14.948409059122538,5110200
2000-09-20,14.522245407104492,14.653371776468866,14.16164789135246,14.620590184127773,4793200
2000-09-21,14.16164493560791,14.817276645589759,14.161644935607912,14.587805547096112,4128100
2000-09-22,15.04675579071045,15.358181019494216,14.784502966471486,15.04675579071045,6886900
2000-09-25,15.44013500213623,15.44013500213623,15.177882178320752,15.341790193205426,4416800
2000-09-26,15.669607162475586,15.800733582245257,15.440135927878664,15.472917532821082,5603100
2000-09-27,15.669607162475586,15.702388767418004,15.472917532821082,15.538480742705916,3542400
2000-09-28,15.669607162475586,15.866296792130091,15.63682555753317,15.702388767418004,3317900
2000-09-29,15.833505630493164,15.931850385962065,15.604034534399059,15.833505630493162,3074500
2000-10-02,15.767949104309082,15.964638698125828,15.735167505339625,15.964638698125828,2161800
2000-10-03,15.866293907165527,15.997420303092515,15.702385912256792,15.800730709202034,3047300
2000-10-04,15.735162734985352,15.99741544723511,15.669599556922915,15.89907068014145,2199700
2000-10-05,15.800734519958496,15.9646425543979,15.571263271743332,15.866297733734257,5717500
2000-10-06,15.669607162475586,15.89907839707251,15.440135927878664,15.669607162475588,3540600
2000-10-09,15.767949104309082,15.80073070327854,15.472914713583965,15.735167505339625,2179400
2000-10-10,15.702387809753418,15.931859030355243,15.70238780975342,15.899077427412125,1944800
2000-10-11,15.735162734985352,15.96463385820389,15.702381145954133,15.735162734985353,2424100
2000-10-12,14.882843017578125,15.63681964622195,14.653371869730003,15.604038053672218,5741500
2000-10-13,15.145090103149414,15.30899800469865,14.686147978811553,14.850055880360788,2707100
2000-10-16,15.210657119750977,15.440128240092045,15.112312353890516,15.440128240092045,2694800
2000-10-17,14.686151504516602,14.948404209954397,14.489461975438253,14.882841033594948,4310200
2000-10-18,14.71893310546875,14.948404222925944,14.587806752636064,14.882841046509602,3077800
2000-10-19,14.620593070983887,15.145098652005728,14.456685076914559,15.145098652005728,6460600
2000-10-20,14.817280769348145,15.013970337082856,14.751717580103243,14.948407147837953,5199500
2000-10-23,15.276220321655273,15.309001910328355,15.112312378289875,15.177875555636035,3610200
2000-10-24,15.276220321655273,15.538473031039914,15.112312378289875,15.374565087674515,5020500
2000-10-25,15.210657119750977,15.341783474231587,15.112312353890516,15.14509394251067,4246900
2000-10-26,15.177874565124512,15.309000911259496,15.01396663245578,15.046748218989526,4074800
2000-10-27,15.604035377502441,15.604035377502443,15.046748399734499,15.046748399734499,3743900
2000-10-30,16.35801124572754,16.4235744170531,15.440126847169681,15.571253189820803,5916900
2000-10-31,16.259666442871094,16.52191912743353,16.095758515019572,16.45635595629292,4047100
2000-11-01,16.587482452392578,16.62026403826687,16.06297707840388,16.12854025015247,3181300
2000-11-02,16.751394271850586,16.784175865337573,16.42357833698071,16.489141523954686,3065700
2000-11-03,16.980867385864258,17.111993774944292,16.62026981589417,16.7513962049742,3794400
2000-11-06,16.784175872802734,16.915302246809006,16.620267905294895,16.784175872802734,2440600
2000-11-07,16.653039932250977,16.948074104279044,16.554695208241622,16.685821506920764,2333600
2000-11-08,16.587482452392578,16.653045624141164,16.390792937146816,16.554700866518285,2728400
2000-11-09,16.653039932250977,16.718603081590548,16.35800576022291,16.521913633571835,2431100
2000-11-10,17.341461181640625,17.439805952046903,16.42357665784868,16.45635824798411,6093400
2000-11-13,17.45496940612793,17.58695405192096,16.993023145852334,17.02601930730059,4603700
2000-11-14,17.6529483795166,17.68594454471196,17.32298672756302,17.454971388344454,4011100
2000-11-15,17.586956024169922,17.817929180209678,17.553959859021386,17.586956024169922,3670200
2000-11-16,17.256996154785156,17.65295017745709,17.256996154785156,17.65295017745709,2587800
2000-11-17,17.6529483795166,17.6529483795166,17.15800590158623,17.15800590158623,3465000
2000-11-20,17.685949325561523,17.883926370250645,17.158010539723865,17.158010539723865,3091600
2000-11-21,17.916919708251953,17.94991587714376,17.52096568155025,17.718942694901102,2471800
2000-11-22,18.08189582824707,18.18088430905864,17.58695342418921,17.58695342418921,3043000
2000-11-24,17.78493881225586,17.949919691775857,17.65295410863986,17.65295410863986,1475500
2000-11-27,16.861038208007812,17.619949908172547,16.63006508187072,17.487965264665636,5253000
2000-11-28,16.49808120727539,16.92703131866455,16.300104232788083,16.696058181762695,5332000
2000-11-29,17.158004760742188,17.553958716759315,16.498081500713642,16.53107766371507,5271600
2000-11-30,16.828039169311523,17.388973808288572,16.630062237907858,17.22399303211885,3794900
2000-12-01,16.333097457885742,16.96002443101671,16.168116675482857,16.96002443101671,5264000
2000-12-04,16.597068786621094,16.69605726844985,16.069130216867737,16.102126377477322,2857900
2000-12-05,16.102127075195312,16.498081019667328,15.904150102959305,16.498081019667328,3762800
2000-12-06,15.640185356140137,16.102131759064108,15.3432198114033,15.937150900876976,4859100
2000-12-07,15.970144271850586,16.168121266956174,15.475201784086623,15.574190281639416,3239200
2000-12-08,15.574183464050293,15.904144978119154,15.178229647167658,15.838152675305382,5463100
2000-12-11,15.80516529083252,15.904153799960906,15.31022274519058,15.442207424028432,12259000
2000-12-12,16.300106048583984,16.46508687903524,16.036136719861975,16.10212905204248,9798200
2000-12-13,16.43208885192871,16.630065826048334,16.13512339074928,16.43208885192871,7453800
2000-12-14,16.66306495666504,16.762053461358096,16.23411476966178,16.36609944258586,5369000
2000-12-15,16.63007164001465,17.026025726681663,16.59707546612573,16.63007164001465,7806700
2000-12-18,17.059011459350586,17.190996074123127,16.729049922419243,16.828038383498644,3202600
2000-12-19,17.355976104736328,17.520956866188193,17.09200688641334,17.15799919099409,4633800
2000-12-20,16.564075469970703,17.289991128017228,16.564075469970703,17.092014130368177,5257300
2000-12-21,17.256996154785156,17.256996154785156,16.795049795001233,16.861042132113223,4297600
2000-12-22,17.256996154785156,17.454973166121125,16.861042132113223,17.158007649117174,3214200
2000-12-26,17.158004760742188,17.289989412747897,16.927031619732197,17.223997086745044,3365100
2000-12-27,17.487964630126953,17.487964630126953,16.960026075255197,17.05901455429365,3865600
2000-12-28,17.883920669555664,17.9499129967496,17.125008906825443,17.322985888407242,3539400
2000-12-29,17.94991683959961,18.21388620488784,17.71894364497241,17.850928327616526,3338200
2001-01-02,17.685949325561523,17.850930196135792,17.421979932642696,17.850930196135792,3529800
2001-01-03,17.78493881225586,18.312877626719857,17.61995793273586,17.71894646044786,3265400
2001-01-04,17.421977996826172,17.883924383105654,17.355985655929103,17.55396267862031,5953800
2001-01-05,17.388973236083984,17.42196939023215,17.190996311194983,17.289984773639482,3999100
2001-01-08,17.421977996826172,17.586958849068843,17.289993315032035,17.355985655929103,2803600
2001-01-09,17.45496940612793,17.5539578904727,17.191000114541875,17.191000114541875,2778100
2001-01-10,17.52095603942871,17.586948340895486,17.059009929161288,17.355975285761772,3091800
2001-01-11,17.256996154785156,17.5869578403451,17.22399998622916,17.5869578403451,2179800
2001-01-12,17.751937866210938,17.91691870139877,17.1910030265723,17.3889800287977,3284200
2001-01-16,18.015907287597656,18.015907287597656,16.960029937408784,17.289991609342806,4546000
2001-01-17,18.312870025634766,18.510846998884873,17.7519352680928,17.883919916926203,5223100
2001-01-18,17.751937866210938,18.11489570362417,17.751937866210938,18.01590720251147,4744500
2001-01-19,17.32298469543457,17.685942470005582,17.256992372785298,17.652946308680946,5238500
2001-01-22,17.685949325561523,17.81793402202094,17.224002887953574,17.224002887953574,3267500
2001-01-23,17.355976104736328,17.68593762764006,17.223991495574836,17.68593762764006,3290600
2001-01-24,16.26711082458496,16.96003035260988,16.00314148057547,16.828045680605133,11006600
2001-01-25,15.607176780700684,16.432080416044272,14.91425772701207,16.267099688975552,20823700
2001-01-26,15.310220718383789,15.805163198503953,15.211232222359754,15.574190041114543,9631400
2001-01-29,15.584752082824707,15.685059719932413,14.782284944183562,15.41581184457673,8501700
2001-01-30,15.547796249389648,15.595310816404922,15.373576505988062,15.574192783525586,5582200
2001-01-31,15.494996070861816,15.568907142900342,15.283820860064,15.442202016421653,7850300
2001-02-01,15.32605266571045,15.706167964874826,15.28909613053273,15.574183360127979,6946800
2001-02-02,15.537239074707031,15.57947413850894,15.289107193777886,15.341901275271109,5769700
2001-02-05,15.500274658203125,15.590024243342528,15.389407049754324,15.44220110106505,4410000
2001-02-06,15.853998184204102,16.10212898973595,15.447485177874057,15.452764685263638,6791300
2001-02-07,15.452760696411133,15.964860697454156,15.410525655159779,15.843435079726865,6112900
2001-02-08,15.48971176147461,15.663931382228924,15.283816120663834,15.531946790537397,6959000
2001-02-09,15.711457252502441,15.890956507278814,15.45804689527577,15.484443429875663,3406200
2001-02-12,15.748403549194336,15.970137733206622,15.653374469337265,15.711448019686067,3865500
2001-02-13,15.838154792785645,16.022933466760694,15.69033165221305,15.785360742083805,5234600
2001-02-14,15.442195892333984,16.366087954268497,15.384122354784408,16.366087954268497,4888600
2001-02-15,15.880392074584961,15.927906626230348,15.442203103715316,15.463321129763447,7087000
2001-02-16,15.954303741455078,16.075730381793612,15.758967028105292,15.838157614786637,4590500
2001-02-20,16.070449829101562,16.281625048827934,15.87511212150287,15.87511212150287,3712700
2001-02-21,15.669221878051758,16.28691024072978,15.632266327569324,15.964867288874462,4261100
2001-02-22,15.869836807250977,16.02293951134738,15.626985492155749,15.653382023983268,4020300
2001-02-23,15.901509284973145,16.096845981084122,15.811759692798063,15.890950272490699,4653000
2001-02-26,15.774799346923828,15.943740485034668,15.706167796255837,15.864548917466651,2763600
2001-02-27,15.864553451538086,15.927906522306214,15.685054259151775,15.853995445545815,3666300
2001-02-28,15.521393775939941,15.838157119727066,15.310218549069498,15.838157119727066,4582200
2001-03-01,15.4210844039917,15.56362805270079,15.304938286689584,15.33133581809656,4732100
2001-03-02,15.23102855682373,15.421085764912329,15.0990439090297,15.421085764912329,4924700
2001-03-05,15.07792854309082,15.141281628276616,15.02513447326318,15.09904657380713,2781400
2001-03-06,15.23102855682373,15.262704590344672,14.703089965647608,14.83507461344164,5627300
2001-03-07,14.993454933166504,15.289100245419466,14.84035327407516,15.231027688435871,3803700
2001-03-08,15.468602180480957,15.468602180480959,14.87203194371226,14.887870465860535,4038800
2001-03-09,15.283824920654297,15.49500018755693,15.109605199589234,15.468602649842161,3745400
2001-03-12,14.813955307006836,15.125439129455678,14.745323739145181,15.125439129455678,4978100
2001-03-13,14.6766939163208,14.798120569864315,14.32825449146022,14.650297386877412,8211200
2001-03-14,14.544702529907227,14.835069254338164,13.879501031453822,13.884779529331354,9960400
2001-03-15,14.381041526794434,14.417997052733805,14.01148526043816,14.412717548033529,5756500
2001-03-16,13.990373611450195,14.491915709740221,13.784477869207961,14.14875479671914,8455500
2001-03-19,13.927019119262695,14.09596030855144,13.837269521531734,13.853108041235874,4393500
2001-03-20,13.60497760772705,13.979813520578078,13.562742561110557,13.937578473961583,4981800
2001-03-21,13.541624069213867,13.773917321107607,13.372683888550386,13.515227543596287,6182500
2001-03-22,13.25654125213623,13.451878009784684,13.135114584260437,13.277658276790824,7568600
2001-03-23,13.198465347290039,13.377964556570223,13.06648069381714,13.330450000762939,5210200
2001-03-26,13.35684585571289,13.457154469248072,13.06648003548724,13.198464682310343,5164300
2001-03-27,13.372681617736816,13.5152252485774,13.230137986896231,13.356843100878061,5708700
2001-03-28,13.346290588378906,13.467716246705795,13.198467391091942,13.346290588378906,4168800
2001-03-29,13.985090255737305,14.24377999086707,13.245976582943292,13.330446659436165,5678900
2001-03-30,14.01677131652832,14.043168854264211,13.472995129689302,13.541626713876413,5845400
2001-04-02,14.06428337097168,14.386326225213775,13.884784174210145,13.884784174210145,4560200
2001-04-03,13.615538597106934,14.027330109639175,13.525788984151404,14.016771094711917,5562400
2001-04-04,13.773919105529785,13.773919105529785,13.404361657229778,13.700008018654998,5456000
2001-04-05,13.726407051086426,14.011494450105182,13.57858384341412,13.900626792610147,4362000
2001-04-06,13.858390808105469,13.858390808105469,13.59442145937965,13.842552284675184,3312400
2001-04-09,14.09068489074707,14.222669572358138,13.694730845913874,13.700010354013902,3673600
2001-04-10,14.254337310791016,14.449674968854296,14.043162144616264,14.11707320103677,3751400
2001-04-11,14.11180305480957,14.386331456382369,14.022053423793974,14.169876641632394,3405000
2001-04-12,14.196271896362305,14.270184002094032,13.953420567858167,13.958700075907805,2872800
2001-04-16,14.370488166809082,14.4074447142396,14.132916403676345,14.227945511714623,2444300
2001-04-17,14.344093322753906,14.412724904965154,14.201549643973149,14.264902725752288,2844000
2001-04-18,14.513033866882324,14.755886177856727,14.180432949005299,14.227947509696746,4294700
2001-04-19,14.502473831176758,14.729487603622617,14.095961850595478,14.513032845467967,4907300
2001-04-20,14.301858901977539,14.502475157036315,14.101241639955647,14.386329010103669,4010000
2001-04-23,14.233222961425781,14.386325625739133,14.148752873171132,14.291296524711932,3437600
2001-04-24,14.169876098632812,14.391610413411783,14.138200055653888,14.365212871793304,5059300
2001-04-25,14.254337310791016,14.2754553308898,14.053721154665658,14.264896320840407,4285700
2001-04-26,14.26490306854248,14.354652682491178,14.090683348167135,14.180432962115832,3033100
2001-04-27,14.31241512298584,14.50247232568273,14.127636419923569,14.386326201425579,2824000
2001-04-30,14.518317222595215,14.61334636916634,14.201553736345918,14.465523140393104,5778400
2001-05-01,14.666138648986816,14.755888275611698,14.317699159022752,14.386330752576724,4017200
2001-05-02,14.544702529907227,14.671408632144871,14.386321412554052,14.671408632144871,3582800
2001-05-03,14.201553344726562,14.549992867903274,14.122362727088824,14.549992867903274,6436500
2001-05-04,14.159316062927246,14.180434094702147,13.94286127205041,13.95342028793786,6354700
2001-05-07,14.132913589477539,14.25961870597759,14.069560527746134,14.238500683079538,3380700
2001-05-08,14.01677131652832,14.227947590563037,13.990374785755533,14.138197976187213,4155100
2001-05-09,14.359933853149414,14.359933853149416,13.85839165706097,13.884788190765324,6109200
2001-05-10,14.206823348999023,14.365204478316032,14.206823348999023,14.359925980039772,5256700
2001-05-11,14.645023345947266,14.666141382954864,14.280745263273635,14.312422318785032,4851300
2001-05-14,14.650300025939941,14.72949063549832,14.444404239695505,14.518315341021562,6319700
2001-05-15,14.518317222595215,14.840360217761058,14.491920684975842,14.650301924618807,4320400
2001-05-16,14.623897552490234,14.771719695106858,14.465515390734506,14.57110349857166,4870500
2001-05-17,15.04625129699707,15.178235957497042,14.518312654997171,14.518312654997171,7799800
2001-05-18,15.732572555541992,15.785366625922295,15.056811676956157,15.072649193196051,8899900
2001-05-21,15.764250755310059,15.822323330710338,15.320782142810978,15.716736189187783,5809200
2001-05-22,16.102127075195312,16.344978344462596,15.943745900191686,16.207715196506363,6826700
2001-05-23,15.964861869812012,16.022935433408232,15.75896615446234,15.91734731904472,4142100
2001-05-24,16.239391326904297,16.239391326904297,15.901510947835826,15.91734846125281,2997300
2001-05-25,16.107412338256836,16.149647400482195,15.980707151580763,16.091573812311086,2056600
2001-05-29,16.234113693237305,16.255231722847206,16.00182040234376,16.112688043869596,2782100
2001-05-30,16.20244026184082,16.265792346934138,15.97542644183608,16.102131618985954,3601200
2001-05-31,15.985984802246094,16.191880580793907,15.753691483523438,15.880396655473106,5132400
2001-06-01,15.685052871704102,16.017654701630846,15.58474527839155,15.98597867253019,4096200
2001-06-04,15.431652069091797,15.626989883178021,15.352461444394354,15.600592336969923,3596600
2001-06-05,15.526673316955566,15.70617251193471,15.310218583062406,15.447482732573688,4723200
2001-06-06,15.679780960083008,16.075735014560223,15.632266392988683,15.890956254411542,5231300
2001-06-07,15.780086517333984,15.869836131474187,15.584749773416727,15.611146304120217,2525700
2001-06-08,15.547796249389648,15.838162152737885,15.262708847298017,15.658662901116463,2461900
2001-06-11,15.79064655303955,15.832881609072885,15.442207089023762,15.547795232588678,2642300
2001-06-12,15.737852096557617,15.864557261560407,15.563632368808387,15.663941002046773,3717600
2001-06-13,15.838154792785645,15.991257439124698,15.758964220214269,15.795919753616726,3222700
2001-06-14,15.817035675048828,16.04932887788263,15.732565602557028,15.838153696653126,4808100
2001-06-15,15.135998725891113,15.774803907341079,15.004014084405128,15.489717605352064,11853500
2001-06-18,15.04625129699707,15.072647826311846,14.85619306364893,15.004016245915599,5075800
2001-06-19,14.887870788574219,15.204633182701384,14.77172363756204,15.046251985637802,4407300
2001-06-20,14.898426055908203,15.05152872427309,14.67669181663131,14.782279933225224,3903200
2001-06-21,15.120159149169922,15.130718161421587,14.782278812819301,14.782278812819301,3504300
2001-06-22,14.845632553100586,15.00929322257742,14.681970876660875,14.993454703481127,4046300
2001-06-25,14.6766939163208,14.882590672438816,14.602782828308873,14.76644352617659,3658300
2001-06-26,14.539426803588867,14.77171901905891,14.25433952965366,14.761160007365877,9066300
2001-06-27,14.523589134216309,14.65029426104385,14.333530940493578,14.476074585785627,2946800
2001-06-28,14.613343238830566,14.777003952332189,14.534152635972564,14.549990152366275,2710400
2001-06-29,14.286014556884766,14.6714104009772,14.254338530987683,14.6714104009772,14439500
2001-07-02,14.465519905090332,14.539432006427734,14.35993277126469,14.35993277126469,3917800
2001-07-03,14.381041526794434,14.56582016345385,14.212101404235845,14.560540658753574,1709900
2001-07-05,14.286014556884766,14.460234209762772,14.270177047417578,14.423278678389059,2010900
2001-07-06,14.01677131652832,14.286020159655791,13.752801980948027,14.27018264397736,5248900
2001-07-09,14.027326583862305,14.106517161985977,13.884782939061996,14.006209566278649,2696000
2001-07-10,14.201553344726562,14.423287678290228,14.069568646342553,14.180436316606055,5415900
2001-07-11,14.06428337097168,14.275459607370845,13.826711615467005,13.831991122073276,5751000
2001-07-12,14.254337310791016,14.375762905471168,13.831986978441515,14.058999652727731,3423200
2001-07-13,14.597502708435059,14.61862073667398,14.164593199167271,14.164593199167271,4014100
2001-07-16,14.586945533752441,14.72420971372563,14.412725806663998,14.412725806663998,3607200
2001-07-17,14.634452819824219,14.724202392606196,14.423277650620344,14.571100772544375,2664800
2001-07-18,14.623897552490234,14.718925641188282,14.55526498030724,14.623897552490234,3068500
2001-07-19,14.608061790466309,14.750605460852672,14.523591691043949,14.718928418347026,3008600
2001-07-20,14.528877258300781,14.65030295099819,14.491921700259258,14.518318239727936,2961600
2001-07-23,14.660856246948242,15.141280327889294,14.61862119610605,14.766443370572196,6509700
2001-07-24,14.988171577453613,15.093759665336814,14.776996408649852,14.908981015022533,8264900
2001-07-25,15.468602180480957,15.542514276876505,15.01985512954028,15.062090181639276,7503800
2001-07-26,15.273261070251465,15.363010656141913,15.157113955003362,15.294378086774802,3571200
2001-07-27,15.120159149169922,15.267982299804734,15.099042131629425,15.151836185924916,2585100
2001-07-30,15.257420539855957,15.336611103556411,15.01984884875459,15.099039412455046,2095400
2001-07-31,15.384134292602539,15.574192557910353,15.315502700665395,15.378854784459188,4359300
2001-08-01,15.510833740234375,15.574186807600128,15.39468762485381,15.463320198413616,3745000
2001-08-02,15.389408111572266,15.563627788044297,15.257423477670336,15.442202166525604,2611000
2001-08-03,15.315497398376465,15.37884946023751,15.204629779675331,15.310217892060898,1728200
2001-08-06,15.204634666442871,15.352457869900448,15.09904752708448,15.257428739603663,2053300
2001-08-07,15.204634666442871,15.28910478071486,15.077929495034885,15.114885044158482,2104100
2001-08-08,15.004013061523438,15.25742331422947,14.935381495693282,15.10432166416397,2850400
2001-08-09,14.935385704040527,15.046252343227273,14.782283003872408,14.951223219945422,2872500
2001-08-10,14.829794883728027,14.898426456485348,14.618619651825192,14.808676857056275,3318800
2001-08-13,14.792840957641602,15.04097175632356,14.734767384922463,14.787561450397765,1861200
2001-08-14,14.777003288269043,14.872032410213395,14.660857143094338,14.872032410213395,3386800
2001-08-15,15.040969848632812,15.15183747276558,14.808676594181753,14.813956100755972,6460100
2001-08-16,15.679780960083008,15.732574028442716,15.099048145457111,15.125444679636965,7375200
2001-08-17,15.838154792785645,15.875110326188102,15.500274479434301,15.574185546239216,7711000
2001-08-20,15.864553451538086,15.88567147744843,15.732568810487145,15.838156926113058,2765900
2001-08-21,15.838154792785645,16.08628552203269,15.785360742083805,15.838154792785645,4782000
2001-08-22,15.970144271850586,16.075732405358796,15.827600593703428,15.838159608446864,3172700
2001-08-23,16.281618118286133,16.339691656601996,15.890943876348619,15.90150288458104,4080500
2001-08-24,16.096847534179688,16.366096336683256,15.94902436605137,16.20771516201666,4941600
2001-08-27,15.980696678161621,16.086283761043763,15.890947103882342,15.98069667816162,2890900
2001-08-28,15.780086517333984,15.890954161607459,15.690336903193783,15.83816009323738,4392400
2001-08-29,15.838154792785645,15.880389831954561,15.653376118810591,15.679773647642893,4995700
2001-08-30,15.848713874816895,15.890948914173682,15.711449745166641,15.737846267153596,3229100
2001-08-31,15.853998184204102,15.943747795900824,15.785365595102627,15.86455619202019,2814500
2001-09-04,16.249948501586914,16.297463050386867,15.859274105758407,15.959581702591334,4399200
2001-09-05,16.234113693237305,16.286907760298984,16.007099909746238,16.234113693237305,3711400
2001-09-06,16.04932975769043,16.234108429006632,16.001815213438757,16.223549417625648,4218000
2001-09-07,15.817035675048828,16.007093841636728,15.764242634963473,15.954299794588678,4083900
2001-09-10,15.267988204956055,15.949028647186978,15.099047971440266,15.838161996553449,8200600
2001-09-17,14.982895851135254,15.204630086042508,14.502471843330023,14.623898477108984,8336300
2001-09-18,14.787562370300293,15.014576161092,14.565828087080849,14.98289911565843,4637900
2001-09-19,15.04625129699707,15.363014683589617,14.78228197599712,15.083206840822974,11570600
2001-09-20,14.449678421020508,14.829793810948257,14.338810802939793,14.792838273908972,7941100
2001-09-21,14.296579360961914,14.518313646015955,13.805596229273458,14.095963106371647,7093300
2001-09-24,14.106512069702148,14.439113787504253,13.990365997512308,14.307129202622061,6082400
2001-09-25,13.905899047851562,14.407440985144225,13.726399891786567,14.09595721473513,6170800
2001-09-26,13.858390808105469,14.190991744436213,13.758082173639975,14.122360156831288,6052000
2001-09-27,14.254337310791016,14.254337310791014,13.953412573121668,14.227940792630154,10036500
2001-09-28,14.328256607055664,14.571108943037274,14.069566753854804,14.518314869392297,6373700
2001-10-01,14.428563117980957,14.507753713285709,14.09068270763372,14.507753713285709,4633400
2001-10-02,14.581663131713867,14.59750064368991,14.396884438611389,14.507751050295155,3640200
2001-10-03,15.125439643859863,15.1571156757223,14.528869510129988,14.618619106209303,5017900
2001-10-04,15.273261070251465,15.273261070251463,15.056806364332637,15.267981564379934,6536900
2001-10-05,15.252147674560547,15.331339279698977,15.004016865087657,15.310221249805238,4423000
2001-10-08,14.972347259521484,15.22575768533616,14.919553169069212,15.22047817559458,3588800
2001-10-09,15.199355125427246,15.241590179673445,14.808679614946003,14.829797645550665,2439700
2001-10-10,15.547796249389648,15.57947229174542,15.273267863737683,15.310223414313288,5326500
2001-10-11,15.864553451538086,15.890950983926015,15.505556073728359,15.547791118586145,5712500
2001-10-12,15.5689115524292,15.822321877159105,15.289103689521312,15.600587591279657,4605100
2001-10-15,15.5794677734375,15.822319039339506,15.505556693721747,15.700893406388502,4995600
2001-10-16,15.679780960083008,15.753692061357185,15.547796275257268,15.626986884760065,4784200
2001-10-17,15.521393775939941,15.838157119727066,15.479158730565853,15.790642567810853,4883500
2001-10-18,15.43692684173584,15.516117442134794,15.178237010052262,15.479161895746156,5027100
2001-10-19,15.088484764099121,15.104323284203096,14.78755993086416,15.046249717451458,6213900
2001-10-22,14.993454933166504,15.151837105667045,14.792838723021287,14.792838723021287,3753000
2001-10-23,14.602785110473633,14.993459647677192,14.544711528266616,14.940665573576558,4088200
2001-10-24,14.777003288269043,14.840356371886312,14.57110752869835,14.676694658776329,3648400
2001-10-25,14.967061042785645,14.9828985579498,14.45495990393241,14.650297648982596,3270500
2001-10-26,15.283824920654297,15.315500958948915,14.782282780667824,14.782282780667824,2986300
2001-10-29,14.402155876159668,15.25741528044693,14.402155876159666,15.072636690866103,7589000
2001-10-30,13.721120834350586,14.201544765691198,13.198461865319464,14.095957674946279,13766100
2001-10-31,13.763360023498535,13.921742217833001,13.64721388655702,13.700007951335175,6537500
2001-11-01,13.831995010375977,13.963979691746118,13.631377730793968,13.779200936435279,5004700
2001-11-02,14.14346694946289,14.243774497259365,13.916453328832974,13.990364365517188,3289300
2001-11-05,14.138197898864746,14.254344043378149,13.948139656058178,14.169873937011474,4099400
2001-11-06,14.254337310791016,14.333527872236218,14.074838167801822,14.106514190987378,3183600
2001-11-07,14.26490306854248,14.391608228182449,14.127638893858405,14.296579106711697,3400400
2001-11-08,13.884784698486328,14.32297369372322,13.66305044746507,14.254342119176076,8060900
2001-11-09,14.032604217529297,14.122353795950293,13.72112044577188,13.816149529625019,4726900
2001-11-12,14.127631187438965,14.227939761714886,13.789750946041188,14.138190196723283,3273200
2001-11-13,14.620121955871582,14.662716149815816,14.380535707944116,14.449749242100545,5343800
2001-11-14,14.66271686553955,14.737254677577384,14.48701885344775,14.48701885344775,5262300
2001-11-15,15.099297523498535,15.099297523498535,14.684013243430684,14.769199606187954,4550600
2001-11-16,14.912944793701172,15.173828030970004,14.90762052165474,15.173828030970004,5665800
2001-11-19,14.833085060119629,15.040726624847398,14.614794949636277,14.912947122284063,3379700
2001-11-20,14.492341041564941,14.705307929015943,14.465720688384257,14.604148759026856,5013400
2001-11-21,14.471040725708008,14.487012526740106,14.327288423412638,14.401826202898645,3011000
2001-11-23,14.652060508728027,14.694653666552778,14.534928563084224,14.577521720908974,1287400
2001-11-26,14.588179588317871,14.774525153717336,14.51364176835874,14.545586403269564,5095200
2001-11-27,14.3858642578125,14.497671003641793,14.321973963408777,14.492346727816335,5821200
2001-11-28,14.247429847717285,14.428451083919702,14.109001783827123,14.380533638130748,7836600
2001-11-29,14.26340103149414,14.348587366343947,14.140944786583978,14.162241878047038,2903400
2001-11-30,14.290020942687988,14.39118009303708,14.156917171623833,14.316641290700348,4178900
2001-12-03,14.226128578186035,14.566874872170242,14.162239346220955,14.385853689100797,5590900
2001-12-04,14.306000709533691,14.353917156129766,14.162248323240439,14.353917156129766,4188100
2001-12-05,14.630764961242676,14.64141350569435,14.194184793734872,14.32196428065171,4398400
2001-12-06,14.70530891418457,14.758549624112753,14.540259463802572,14.561556560175003,5010300
2001-12-07,14.32197093963623,14.731930952126387,14.274053482825611,14.731930952126387,4507800
2001-12-10,14.3858642578125,14.636099128598376,14.300677875608722,14.401836069787096,4267000
2001-12-11,14.109003067016602,14.247431143496557,14.055761342908706,14.109003067016602,6306900
2001-12-12,13.651123046875,14.242104141832947,13.549964907495761,14.215483792628142,8120000
2001-12-13,13.651123046875,13.746957928814258,13.390239765763253,13.44348147967409,6166700
2001-12-14,14.26872730255127,14.417803927775461,13.869415892791425,13.896037262742938,7769600
2001-12-17,13.874735832214355,14.321964552668025,13.874735832214355,14.284695661880404,5388700
2001-12-18,14.055757522583008,14.19418556143851,13.9120052112137,14.045108977555397,3427200
2001-12-19,13.933306694030762,14.098355131989063,13.906686338570264,13.91200959726119,4315500
2001-12-20,13.656448364257812,14.023815101287342,13.656448364257812,13.922655938670252,4533400
2001-12-21,13.789548873901367,13.90668082872322,13.683066478746396,13.816170234315909,6083900
2001-12-24,13.762935638427734,13.874742363420967,13.757611363594497,13.816177371258528,1280900
2001-12-26,13.896039962768555,14.023819516859332,13.693721573831938,13.709694398906395,3427100
2001-12-27,14.231466293334961,14.321976970367288,13.869423585205643,14.034473123942355,4841700
2001-12-28,14.162242889404297,14.337939844516589,14.119649718937719,14.321967024778639,3659600
2001-12-31,14.093033790588379,14.321972550996591,14.06108915428774,14.06108915428774,3051300
2002-01-02,14.103677749633789,14.183539822136542,13.970573956962083,14.093029202499729,3855800
2002-01-03,14.26340103149414,14.353910623708499,14.119648710622133,14.119648710622133,4813300
2002-01-04,14.369893074035645,14.401837717140602,14.268733852784397,14.364568797601168,4883600
2002-01-07,14.481687545776367,14.625438815454663,14.279369289116458,14.375204145902629,3683800
2002-01-08,14.566887855529785,14.630777144438914,14.375217957798517,14.561563578870366,3326000
2002-01-09,14.311318397521973,14.614795877822635,14.274049500511703,14.49233962485867,3219200
2002-01-10,14.274049758911133,14.524285527083668,14.242105134538512,14.311318656596072,3525600
2002-01-11,14.023819923400879,14.37521396121261,14.023819923400879,14.311323674564271,4397100
2002-01-14,13.853446006774902,14.162246832510398,13.853446006774904,14.119653650184867,3696400
2002-01-15,13.949275016784668,14.215482547521006,13.853440143239402,14.135619475899192,5553200
2002-01-16,13.874735832214355,14.103674464768151,13.874735832214355,14.045108484672683,4328600
2002-01-17,14.098352432250977,14.130298071287962,13.896035129189775,14.018490365661062,4294100
2002-01-18,14.071732521057129,14.295346923788506,13.97589763195778,14.082381067735124,3142300
2002-01-22,14.26872730255127,14.401831105804552,14.119651692828509,14.124975966818813,4561600
2002-01-23,14.588179588317871,14.588179588317873,14.306000118185938,14.439103948399609,5020200
2002-01-24,14.093033790588379,14.614801599507759,14.002523141485172,14.609477324207372,6085400
2002-01-25,13.64047908782959,14.071735153966037,13.512698534787724,13.959927423929775,7895500
2002-01-28,14.045110702514648,14.045110702514648,13.581910107437906,13.587234380605617,4459200
2002-01-29,13.981222152709961,14.375209247256079,13.768256292887912,13.991870699576394,5414200
2002-01-30,14.369893074035645,14.37521735047012,13.896043641888161,13.94928539073102,4966900
2002-01-31,14.471040725708008,14.481689270063463,14.252750643926632,14.375205857511096,4342400
2002-02-01,14.178211212158203,14.401825556074192,14.178211212158205,14.311314964120077,3430700
2002-02-04,14.162242889404297,14.455070809424354,14.162242889404297,14.252753503583433,4433200
2002-02-05,14.481687545776367,14.529604974169454,14.140941275480984,14.215480061592984,4835300
2002-02-06,14.47636604309082,14.561552373082803,14.343262275540706,14.518959208086812,4937000
2002-02-07,14.407153129577637,14.614795720762551,14.39650559876147,14.508312288590734,3398200
2002-02-08,14.226128578186035,14.481688552549448,14.039784138703693,14.38052941718687,4110800
2002-02-11,14.375208854675293,14.449746649702085,14.114325556580232,14.140945907518,2654000
2002-02-12,14.295350074768066,14.348591804392273,14.194190890032223,14.321970431829406,2965700
2002-02-13,14.337939262390137,14.417801326834875,14.215484029208124,14.295346093652862,4306500
2002-02-14,14.300676345825195,14.401834529182393,14.247434608767806,14.321972431347147,4358900
2002-02-15,14.242105484008789,14.524285883478038,14.242105484008789,14.337940374979528,3739900
2002-02-19,13.949275016784668,14.247427166869048,13.89603330753717,14.098350584076288,5129500
2002-02-20,14.35924243927002,14.364566714932547,13.94928336827289,13.97590373108378,3675000
2002-02-21,14.119648933410645,14.502987446283333,14.109000387511095,14.364559396092888,3173300
2002-02-22,14.348590850830078,14.407155835573288,14.050437590949453,14.109003591194123,2970200
2002-02-25,14.279379844665527,14.407159409670163,14.252759482769372,14.348594410398276,3466800
2002-02-26,14.109003067016602,14.359237850171855,14.082382712713365,14.274051497799793,3687000
2002-02-27,14.045110702514648,14.178214485203572,13.853441945983464,14.103676691858182,4837700
2002-02-28,13.896039962768555,14.188867980622216,13.896039962768555,14.12497871132764,4267500
2002-03-01,13.933306694030762,14.071734776528567,13.880064967608302,14.029141598490893,4336400
2002-03-04,14.295350074768066,14.42845389107782,13.975900712524346,14.002521069585686,5179900
2002-03-05,14.70530891418457,14.801142801356168,14.311320755306175,14.391183851201344,6318800
2002-03-06,14.939570426940918,15.227075126216663,14.790494818873274,14.822439446958995,5999500
2002-03-07,14.769200325012207,14.907628425105523,14.705311057585508,14.907628425105523,4185400
2002-03-08,14.859712600708008,15.014113542386196,14.769201948983275,14.80114658620915,4279800
2002-03-11,14.854381561279297,14.971513536940723,14.785168042889476,14.817112665569297,4396200
2002-03-12,15.093971252441406,15.195130425648639,14.721280203047234,14.747901572576197,5145800
2002-03-13,14.854381561279297,15.413418043433039,14.550905107067873,15.03007850927019,10266000
2002-03-14,14.9874849319458,15.136561526222966,14.902298596787766,15.024753826639786,3966500
2002-03-15,15.290966033935547,15.408098042070087,15.067351582180502,15.147214684272788,5927700
2002-03-18,15.141888618469238,15.32823414213721,15.051377993573448,15.28031669275112,2980600
2002-03-19,15.333560943603516,15.338885218710171,15.07800183149384,15.07800183149384,2600100
2002-03-20,15.306933403015137,15.440037171737005,15.125912196313298,15.131236468922312,3627900
2002-03-21,15.280318260192871,15.47198706189704,15.184483351590028,15.290965793536454,3336800
2002-03-22,14.721277236938477,15.189803091233404,14.721277236938477,14.90762272408984,7366800
2002-03-25,14.492341041564941,14.662714754626018,14.40183041904868,14.455072140911431,4641800
2002-03-26,14.636092185974121,14.74257562096936,14.439099151384616,14.449746682483102,3029300
2002-03-27,14.875677108764648,14.96086343739957,14.524283249270304,14.588172487995928,3057100
2002-03-28,14.774523735046387,15.056704193584581,14.758550911373892,14.88100719519328,2958000
2002-04-01,14.508307456970215,14.70530143623389,14.428445417187996,14.66803153653465,3040700
2002-04-02,14.641420364379883,14.763875636434319,14.375212721391156,14.375212721391156,2470600
2002-04-03,14.636092185974121,14.785168791867196,14.487015580081046,14.61479610827585,3165700
2002-04-04,14.79582405090332,14.817120138263007,14.64142310166312,14.747906584966827,3526100
2002-04-05,15.093971252441406,15.17383333002547,14.673362753396514,14.673362753396514,4274100
2002-04-08,15.16850757598877,15.227073567736253,14.9076242730702,14.9076242730702,2683300
2002-04-09,14.9874849319458,15.424065153506023,14.918271415442854,15.216423588495969,7697300
2002-04-10,14.88100528717041,15.035405167534769,14.726604391304647,14.987487718162733,7097800
2002-04-11,14.753223419189453,15.035403816185083,14.652065271163837,14.93424465265815,4989700
2002-04-12,14.801146507263184,15.014113462304314,14.694664045244322,15.014113462304314,3588800
2002-04-15,14.588179588317871,14.774525153717336,14.455075758104202,14.641421323503668,3445600
2002-04-16,14.641420364379883,14.742579553056036,14.598827182121749,14.684013546638015,3608400
2002-04-17,14.460396766662598,14.641418016101786,14.412479317369788,14.561555939114239,3556600
2002-04-18,15.237722396850586,15.38679799242269,15.019431245974674,15.093970059262059,15718100
2002-04-19,15.227071762084961,15.328230913425543,15.067346625941747,15.296285276896185,7898300
2002-04-22,15.173828125,15.381469658592293,15.125910691786231,15.173828125000002,5023300
2002-04-23,15.31757926940918,15.54651787405292,15.173826980609485,15.306930726053428,8090000
2002-04-24,15.173828125,15.333552225378522,15.173828125000002,15.306931880482457,6256200
2002-04-25,15.083313941955566,15.333548577145145,14.918265608766731,14.92358987957938,5446300
2002-04-26,15.03007984161377,15.163183632663488,14.955542043586357,15.157859359161339,4092200
2002-04-29,15.019431114196777,15.248369794532504,14.907624418498672,14.912948691936865,3755300
2002-04-30,15.120594024658203,15.243049297571082,14.91827666138917,14.94489701967403,5078200
2002-05-01,15.163182258605957,15.221748246321125,14.93956786928587,15.120589089949808,6365800
2002-05-02,15.173828125,15.290959064244179,15.099290346890166,15.168503852920574,5392800
2002-05-03,15.594442367553711,15.65300735153688,15.232399853469628,15.269668756595674,8193100
2002-05-06,15.493282318115234,15.839351990436251,15.493282318115233,15.626386116354194,6205300
2002-05-07,15.551850318908691,15.85532789084886,15.450692143763556,15.626389150938609,6536800
2002-05-08,15.37614917755127,15.647681027542648,15.285638560887477,15.610412129298966,6518900
2002-05-09,15.589119911193848,15.706250908319396,15.285642345706702,15.285642345706702,4266800
2002-05-10,15.871295928955078,15.956482274891329,15.653005790555763,15.668978611231816,6923800
2002-05-13,16.19074058532715,16.24930656215603,15.929857348863765,15.95647769351268,7737300
2002-05-14,15.96180248260498,16.2812517062454,15.887264702772617,16.23333427192428,6105500
2002-05-15,16.0044002532959,16.073614796357667,15.929862451999885,15.972455626383518,5150500
2002-05-16,15.95648193359375,16.110882816989022,15.818053870532879,16.004399379095638,3765000
2002-05-17,15.977781295776367,16.00972592547911,15.706249404549405,15.945836666073628,3457300
2002-05-20,16.041671752929688,16.052320302126162,15.76481658233216,15.865974753194036,3534200
2002-05-21,16.185420989990234,16.185420989990234,16.00439975066951,16.15347636408109,4969800
2002-05-22,16.318531036376953,16.3345038632034,16.02570298640432,16.078944726990727,4612800
2002-05-23,16.185420989990234,16.355793682174127,15.999075477101092,16.265283062513767,4911000
2002-05-24,16.110885620117188,16.25996225600546,16.02569926118146,16.18542343031057,3574200
2002-05-28,16.05231285095215,16.18541660761925,16.031016777945972,16.05231285095215,2732700
2002-05-29,15.977781295776367,16.18542291209638,15.876622116965978,16.180098637895682,4084200
2002-05-30,15.849994659423828,16.10555361353824,15.818049028533768,15.940505249276978,3611100
2002-05-31,15.940510749816895,16.03102137090225,15.796758407710508,15.945835023469135,4978700
2002-06-03,15.706255912780762,16.020381112276528,15.706255912780762,15.972463640116029,3481800
2002-06-04,15.589119911193848,15.764816914632952,15.519905355459361,15.690278084187998,3723200
2002-06-05,15.967134475708008,15.999079108868536,15.5731472817229,15.59976764010641,3446600
2002-06-06,15.97244930267334,16.105553046862283,15.871290172749468,15.967125031045665,3547600
2002-06-07,15.935186386108398,16.009724185815788,15.791434044814414,15.850000039156711,4744400
2002-06-10,16.137508392333984,16.20672295401945,15.977784199293394,16.05764629581369,3295600
2002-06-11,15.865975379943848,16.206721859180647,15.818057922168386,16.1002383940126,4383600
2002-06-12,15.839350700378418,16.052316557115176,15.732867264259385,15.839350700378418,4315500
2002-06-13,15.871295928955078,15.940510469716623,15.668978611231816,15.812730950812245,3260900
2002-06-14,15.50393009185791,15.812730847739287,15.200452593999172,15.770137675048797,6104400
2002-06-17,15.876619338989258,15.929861056178952,15.65300493919358,15.855323261414156,5793000
2002-06-18,15.865975379943848,15.972458845111895,15.727548296927607,15.887272479178092,4414200
2002-06-19,15.96180248260498,16.121527602175735,15.807402650737785,15.913885048283865,3921300
2002-06-20,15.716902732849121,15.983110430835717,15.663660990151445,15.945841515597877,4129200
2002-06-21,15.440037727355957,15.78610733538611,15.360175666349184,15.493279439860872,9333600
2002-06-24,15.525238990783691,15.684963266393765,15.312272951469534,15.456025408819908,4283900
2002-06-25,15.46666145324707,15.668979801844909,15.365503294449573,15.45601392082199,6270300
2002-06-26,15.322909355163574,15.381474334839949,14.838411619151405,15.253694812589622,6713700
2002-06-27,15.264342308044434,15.365501470334246,15.024755085647856,15.29628693253021,5165000
2002-06-28,15.147205352783203,15.344198310648768,14.987480262499364,15.31757797001858,5790500
2002-07-01,14.960866928100586,15.237723068511315,14.918273753845195,15.152535704499156,4421500
2002-07-02,14.753223419189453,15.035403816185083,14.699982716229156,14.960866019639614,3136900
2002-07-03,14.604141235351562,14.955534996914816,14.417795812582963,14.801134184606278,5867300
2002-07-05,14.822442054748535,14.870359513058196,14.684013954687476,14.870359513058196,2444000
2002-07-08,14.854381561279297,14.896974730019476,14.646739990608586,14.77451949682912,4038200
2002-07-09,14.801146507263184,14.982167809747123,14.614801944854749,14.886332883078955,6434300
2002-07-10,14.955545425415039,15.173835610857424,14.865034786414423,14.90762796856168,8584600
2002-07-11,14.582849502563477,15.008782198830959,14.540256334486852,14.881002694601083,10354400
2002-07-12,14.439108848571777,14.598833092832832,14.29535641943564,14.561564170205385,6179000
2002-07-15,14.135626792907715,14.417807287133416,13.810854127838446,14.375214100788183,7724700
2002-07-16,13.869414329528809,14.109001554580704,13.816173626629555,13.93862886809994,4513400
2002-07-17,13.683072090148926,14.109003876444778,13.5073751013642,13.981224340556022,6011600
2002-07-18,13.368949890136719,13.789557492561265,13.368949890136717,13.640481843069795,4569000
2002-07-19,12.8684663772583,13.310370641951048,12.831197501940947,13.310370641951048,5930600
2002-07-22,12.405269622802734,12.996250622964514,12.139062111450736,12.511753033543961,9788300
2002-07-23,12.692778587341309,13.001579366081097,12.458515612452066,12.469164160288262,5388100
2002-07-24,12.65550708770752,13.033521318787384,12.117767718374632,12.245547219676327,9107400
2002-07-25,11.633272171020508,12.86315098260212,11.580030448616247,12.58097056471051,12944500
2002-07-26,12.50643253326416,12.511756806957072,11.665216584310079,11.777024300858494,7833600
2002-07-29,13.140009880065918,13.246492331685422,12.756670210831208,13.017554603727765,5593600
2002-07-30,13.044168472290039,13.464776841081958,12.964306419437461,13.081437362587835,5802200
2002-07-31,13.177274703979492,13.305054215612472,12.93768748497935,13.17195043072379,4265400
2002-08-01,12.958985328674316,13.491400499070135,12.937688234417838,13.124033747156643,5755100
2002-08-02,12.671485900878906,12.958990699488787,12.421251032664273,12.836535403266845,4221600
2002-08-05,12.692778587341309,12.879124112469086,12.554350511975002,12.554350511975002,3880600
2002-08-06,12.234898567199707,12.836528189681056,12.22425002164224,12.692775871158837,5356100
2002-08-07,12.43721866607666,12.580969989847924,12.101796541107243,12.474487565406298,6070400
2002-08-08,11.979342460632324,12.618241131399959,11.750403753348898,12.511757681104871,11689500
2002-08-09,12.117772102355957,12.181661368370133,11.707812086008964,11.729109185014739,6870000
2002-08-12,12.20295238494873,12.399946390556355,11.85155855051443,12.059200084816224,5669900
2002-08-13,12.064529418945312,12.368005947334698,12.01661196546262,12.20295750506181,5200900
2002-08-14,12.245551109313965,12.378654925719552,11.878184291694119,11.963370652953571,5387700
2002-08-15,12.863147735595703,12.863147735595703,12.24554634880891,12.309436602666672,5306800
2002-08-16,12.671485900878906,12.964314975259537,12.628892710214675,12.964314975259537,5529700
2002-08-19,13.102739334106445,13.145332512532777,12.533055191841203,12.618241548693868,4797300
2002-08-20,12.974960327148438,13.108064142088198,12.80458659100427,13.108064142088198,6032500
2002-08-21,13.054821014404297,13.182600541196827,12.911068665949674,13.044172466629568,5060600
2002-08-22,12.990937232971191,13.150662482879778,12.761998418953556,13.14001392978549,3204800
2002-08-23,12.85782527923584,13.10273676886481,12.777963212259474,12.85782527923584,2833100
2002-08-26,12.756672859191895,12.980287374168634,12.431900146500825,12.964315561635749,3174500
2002-08-27,12.698103904724121,12.884449445164813,12.565000092338128,12.777965989055419,3663600
2002-08-28,12.549023628234863,12.815231175768062,12.495781915627981,12.522403279682024,5003900
2002-08-29,12.676800727844238,12.836525835408406,12.383972887228117,12.554345522895751,3714800
2002-08-30,12.650186538696289,12.831207806035916,12.549027356241439,12.687455443942419,2404600
2002-09-03,12.261521339416504,12.55967354076212,12.208279621015174,12.54902499398159,3968700
2002-09-04,11.840910911560059,12.261519299917964,11.713131417951633,12.256195027413302,6918100
2002-09-05,11.697158813476562,11.814290779710122,11.079557408703634,11.633269573259316,10084700
2002-09-06,11.37238883972168,11.819617682778244,11.164746224051667,11.686513884618584,8580300
2002-09-09,11.420307159423828,11.548086693543773,11.132802446027855,11.154099542798578,7200600
2002-09-10,11.340444564819336,11.606652193247033,11.09553403410658,11.494845476748127,6051600
2002-09-11,11.361740112304688,11.489519634655183,11.335119759294683,11.420306107528347,4819600
2002-09-12,10.813353538513184,11.031643711697976,10.589739090921261,11.031643711697976,15956100
2002-09-13,10.93048095703125,11.010343008617719,10.653624897063818,10.701542331115915,8307000
2002-09-16,11.548083305358887,11.68118707461913,11.154096270208713,11.287200039468955,8819100
2002-09-17,10.067968368530273,11.287199302822952,10.062644096247206,11.287199302822952,24164600
2002-09-18,9.668658256530762,9.95616290159229,9.530230206927198,9.9029211878215,19584200
2002-09-19,9.503610610961914,9.796438536656288,9.476989244216139,9.482313517565293,14969100
2002-09-20,9.556851387023926,9.711251236926463,9.476988310159257,9.583471735644679,13001200
2002-09-23,9.668658256530762,9.801762033207122,9.476988493156409,9.503609857792418,9294400
2002-09-24,9.530230522155762,9.626065407012838,9.42374810659332,9.562175145274367,9042300
2002-09-25,9.636716842651367,9.79644102163667,9.503613021663092,9.583475111155744,8970600
2002-09-26,9.823060035705566,9.902922106015911,9.60476990295667,9.626065981138813,7466000
2002-09-27,9.78046989440918,10.036029004790173,9.689959249211539,9.727228159204396,11367800
2002-09-30,9.402450561523438,9.599444594857136,9.274671059699367,9.530230063347508,10127700
2002-10-01,9.732550621032715,9.839033056102222,9.391804188506535,9.498287639077487,7175900
2002-10-02,9.684633255004883,10.051999030152714,9.5834740776229,9.604771174124982,7297300
2002-10-03,9.471664428710938,9.82838154492884,9.445043066343164,9.658008887779651,5072700
2002-10-04,9.317261695861816,9.604766258488858,9.18948222875011,9.556848831384352,5223500
2002-10-07,9.290642738342285,9.41842222448869,9.162862236694794,9.184159325469738,5395000
2002-10-08,9.349207878112793,9.503608728145089,9.157539153022388,9.317263259847909,5135300
2002-10-09,8.816797256469727,9.349212566905123,8.731610888040192,9.237405839154466,7750400
2002-10-10,9.141570091247559,9.216107902984092,8.385540378414856,8.63577518603145,11885600
2002-10-11,9.567498207092285,9.716574788607492,9.184159731697493,9.274670331992239,6815000
2002-10-14,9.567498207092285,9.583471024379993,9.397125551361267,9.48763615165601,3317500
2002-10-15,9.615419387817383,9.876302745434348,9.365184579205563,9.668661117341596,7869800
2002-10-16,9.317261695861816,9.461013977175337,9.216102570252199,9.343882037363905,4948600
2002-10-17,9.492962837219238,9.492962837219238,9.0989757168135,9.359859039156433,6647800
2002-10-18,9.306618690490723,9.386480778015796,9.189487696487383,9.301294415922179,5251500
2002-10-21,9.74319839477539,9.823061492430467,9.311942338744734,9.365184065347629,6977500
2002-10-22,10.08927059173584,10.621685904956694,9.934869663461015,10.08927059173584,16937000
2002-10-23,10.248992919921875,10.312883192736825,9.860330055510119,9.929543586849999,6447600
2002-10-24,9.9614896774292,10.280939057382643,9.886951861123977,10.264967248461,4563400
2002-10-25,9.849678039550781,9.97745752469023,9.73254709871489,9.812409149989412,5127400
2002-10-28,9.753849029541016,10.03070525469434,9.716580117597625,10.020056703995746,3868500
2002-10-29,9.807088851928711,9.876302386946826,9.530232680853278,9.673985040700309,3796300
2002-10-30,9.689956665039062,9.780467286098817,9.508935422919553,9.775143012448083,4758600
2002-10-31,9.642043113708496,9.796443049962146,9.530235352868056,9.636718837906402,5394100
2002-11-01,9.652684211730957,9.785787971501385,9.57282215896892,9.594119247972715,4333200
2002-11-04,9.812410354614258,9.988107295188145,9.689955126593317,9.753844369255892,7347800
2002-11-05,10.078621864318848,10.078621864318848,9.796441387698945,9.849683121184043,5764700
2002-11-06,10.147829055786133,10.233015369846171,9.950836085335153,10.025373856262446,7627900
2002-11-07,10.280936241149902,10.488578839766461,10.009404393344639,10.115887829327555,7843400
2002-11-08,9.471664428710938,9.535553667391314,8.784848512139485,9.317263573481272,19940700
2002-11-11,9.098977088928223,9.30661872025786,9.093652814342649,9.237405181648494,7006900
2002-11-12,9.098977088928223,9.184163451294307,8.651748178755506,9.051059633159607,10766200
2002-11-13,9.25822639465332,9.274421913903307,8.91812872768214,8.993705758195777,8041100
2002-11-14,9.339201927185059,9.3823889488382,9.15565682774426,9.258226390292899,6033100
2002-11-15,9.382389068603516,9.441771610257026,9.231235005717965,9.339202046399096,6561400
2002-11-18,9.582133293151855,9.668507370041251,9.38239259680749,9.463369194843988,8322800
2002-11-19,9.630717277526855,9.722489848039277,9.468766167050841,9.555140229926057,5145300
2002-11-20,9.7440824508667,9.825059032456732,9.582131347006646,9.598326869256654,4007200
2002-11-21,10.09497356414795,10.186746088536914,9.744077951704565,9.744077951704565,5377100
2002-11-22,10.06258487701416,10.283918482123521,9.997804862165443,10.003203368346131,5764200
2002-11-25,9.841252326965332,10.084179982841226,9.733285280755956,9.976211906971965,6269200
2002-11-26,9.835851669311523,9.933022710412613,9.684697631740635,9.700892118817713,4250500
2002-11-27,9.987008094787598,10.062585123851612,9.803462998780878,9.819658517720223,4094800
2002-11-29,9.987008094787598,10.062585123851612,9.841251513312885,9.922227048690015,2289200
2002-12-02,10.116569519042969,10.17595206095067,9.954618442498116,10.057186977135268,5120100
2002-12-03,9.846651077270508,10.100374723280986,9.792667038000642,10.094977246047916,4543000
2002-12-04,9.916828155517578,10.067982192054773,9.50115249572099,9.727884580186434,7108600
2002-12-05,10.138162612915039,10.348699198997545,9.598324367854469,9.808860953936975,14118700
2002-12-06,9.700896263122559,9.99780801884795,9.65770922970106,9.895238428349353,8393200
2002-12-09,9.393184661865234,9.695493771604571,9.274420626168268,9.636112268585926,9447700
2002-12-10,9.366194725036621,9.430974744524661,9.274422172712026,9.398584734780641,6246500
2002-12-11,9.285222053527832,9.360799109491984,9.139465420173973,9.231238000841941,6536300
2002-12-12,9.393184661865234,9.463364205877733,9.285217637502448,9.285217637502448,5779100
2002-12-13,9.360796928405762,9.549740553952024,9.242032863897219,9.263625862144261,5476300
2002-12-16,9.382389068603516,9.474161619495383,9.25282800199026,9.447170116740057,6332700
2002-12-17,8.632017135620117,9.004505973570605,8.410683442116538,8.934326394853755,35334900
2002-12-18,8.615821838378906,8.680602391770618,8.475463715281826,8.486260731595483,13276500
2002-12-19,8.443072319030762,8.578031911960622,8.372893268927637,8.49165734002832,11189100
2002-12-20,8.502453804016113,8.56183583572125,8.351299213874881,8.367494219825382,19431600
2002-12-23,8.394485473632812,8.394485473632812,8.1893468626022,8.205541867074906,11363100
2002-12-24,8.356698989868164,8.40528453292113,8.2703249199207,8.297316945486799,3861900
2002-12-26,8.410677909851074,8.453864918477468,8.345897396911486,8.367490901224683,5791900
2002-12-27,8.367494583129883,8.459267145550609,8.351299576476219,8.362096075968667,6064500
2002-12-30,8.502453804016113,8.502453804016113,8.313510180217106,8.437673265384156,7187600
2002-12-31,8.680601119995117,8.680601119995117,8.426876936927586,8.47546247356073,7717100
2003-01-02,8.934325218200684,8.955919248703523,8.610422483108437,8.729187076723939,8308500
2003-01-03,8.702189445495605,8.934318932117232,8.653603940708463,8.907327442639629,5714800
2003-01-06,8.98830795288086,8.999104966556368,8.729185802628054,8.772372827670189,7310900
2003-01-07,8.999103546142578,9.004502052128235,8.826355473240506,8.988306534171263,4952400
2003-01-08,9.090875625610352,9.134062641636493,8.885736527241411,8.923526067216507,5686000
2003-01-09,9.107077598571777,9.231240228955938,9.042296513780679,9.063890551931182,8273300
2003-01-10,9.306816101074219,9.312214609914562,8.988311287115913,9.031498328178381,7726900
2003-01-13,9.355401039123535,9.382392551899699,9.20424589046047,9.366198056098085,5546100
2003-01-14,9.155653953552246,9.306808996716743,9.09627246095792,9.258223483901709,7430300
2003-01-15,9.009904861450195,9.096278939155464,8.86954672776408,9.026099357482293,6401700
2003-01-16,8.556439399719238,9.117870836632813,8.448471300867347,9.026098261506736,17167700
2003-01-17,8.34050178527832,8.56183540997221,8.21094071445701,8.55643741814377,14052300
2003-01-21,8.28111743927002,8.448466980211633,8.26492243865659,8.432271979598204,6566700
2003-01-22,8.291915893554688,8.605022058472345,8.205541850105666,8.275720889115473,7321500
2003-01-23,8.097576141357422,8.248730751843686,7.908632492127071,8.059787617443362,14923500
2003-01-24,8.043588638305664,8.2649227235236,7.978808118789368,8.248727207522172,9160100
2003-01-27,7.935627460479736,8.09218063671641,7.903237432199164,7.903237432199164,6047700
2003-01-28,7.919428825378418,7.9788108599619925,7.827656262493817,7.935623832113942,6247000
2003-01-29,7.762876510620117,7.92482813894441,7.69269745451859,7.92482813894441,6954300
2003-01-30,7.806063175201416,7.860047220376907,7.665705069609147,7.800664667717864,7055600
2003-01-31,7.6872968673706055,7.768272917043785,7.509150278851461,7.69269537364813,8874300
2003-02-03,7.838456153869629,7.892439701078628,7.595528389523534,7.595528389523534,6697300
2003-02-04,7.7196879386901855,7.768273468980119,7.5847283611425595,7.708890925368008,6807300
2003-02-05,7.590125560760498,7.816857138353091,7.584727055029049,7.719686609336221,4762500
2003-02-06,7.384986400604248,7.622514971138918,7.384986400604249,7.536140945489947,5625100
2003-02-07,7.314809322357178,7.541541457428761,7.277020289958621,7.438971888556886,5469300
2003-02-10,7.395786762237549,7.428177296201628,7.320209707704817,7.363396743103541,4617300
2003-02-11,7.503754138946533,7.654909273405901,7.455169111616798,7.460567104766731,6907300
2003-02-12,7.465965747833252,7.584730351391624,7.379591677910825,7.455169246507982,5807600
2003-02-13,7.325605869293213,7.406581926540908,7.23923182009296,7.36879289389334,5902700
2003-02-14,7.352594375610352,7.363391384016991,7.104268845384318,7.190642853318644,7219000
2003-02-18,7.260826110839844,7.298615147538845,7.158257045125406,7.169053545017979,5558000
2003-02-19,7.287820816040039,7.352601383736328,7.2392352615602755,7.282422306691134,4610800
2003-02-20,7.223037242889404,7.42277737221673,7.17985021572836,7.42277737221673,3686300
2003-02-21,7.331004619598389,7.39038665168864,7.136663002442143,7.158256515459504,3961400
2003-02-24,7.163652420043945,7.347196956599349,7.104269894695934,7.341798966428435,4030900
2003-02-25,7.098873615264893,7.179849671172703,6.980109556994665,7.179849671172703,6676800
2003-02-26,6.915328502655029,7.10967009556816,6.893734992331348,7.044889564597116,5776300
2003-02-27,7.152859687805176,7.158258196034436,6.909932480619317,6.947721008563983,7317600
2003-02-28,7.3471999168396,7.390386944585918,7.163655306332739,7.206842334079057,9021200
2003-03-03,7.120466232299805,7.476759906820919,7.120466232299805,7.476759906820919,4813200
2003-03-04,6.96931266784668,7.071882237525708,6.96931266784668,7.023296706080899,3717900
2003-03-05,6.893735885620117,7.044890477472465,6.882938871644255,7.001703451228937,4830400
2003-03-06,6.807362079620361,6.936923687670733,6.753378548193559,6.758777055785245,6533900
2003-03-07,6.920727252960205,6.963914278342956,6.715588624977163,6.726385638737827,7185100
2003-03-10,6.74798059463501,6.915330739907185,6.699395051980828,6.88294020652771,5142700
2003-03-11,6.731784343719482,6.855946916641229,6.704792323353461,6.704792323353461,5086900
2003-03-12,6.683198928833008,6.77497149081093,6.542840832298539,6.720987449119219,8575400
2003-03-13,6.909928798675537,6.931522305256437,6.758774252609236,6.801961265771036,10172600
2003-03-14,7.309412002563477,7.309412002563477,6.88833818969504,6.909931705359319,13697400
2003-03-17,7.395786762237549,7.401185270369908,7.147461051279847,7.3094126914401,8290700
2003-03-18,7.7250895500183105,7.773674585004346,7.422779748289967,7.503755321430166,10155400
2003-03-19,7.865444183349609,7.924826728234765,7.622517041521992,7.676501079630326,7109700
2003-03-20,7.762876510620117,7.8654455834884835,7.541542841669932,7.8654455834884835,4927000
2003-03-21,7.908630847930908,7.951817870519875,7.66570371716049,7.779069780164007,6466700
2003-03-24,7.573934078216553,7.773674263213597,7.5253485304115735,7.730487224015865,4625800
2003-03-25,7.644111633300781,7.719689194359524,7.44976999535975,7.573932579781239,3991000
2003-03-26,7.681897163391113,7.762873200439136,7.600921641172905,7.692694174262775,4533600
2003-03-27,7.827653408050537,7.924824442689112,7.62251484316343,7.6387098439932615,7010500
2003-03-28,8.011202812194824,8.205544472053836,7.7466820909014285,7.827657653801832,8474800
2003-03-31,7.806063175201416,7.897835743101744,7.73048561492173,7.854648712893355,5990900
2003-04-01,7.584728240966797,7.897834414729902,7.563134729494511,7.881639409833169,6653500
2003-04-02,7.730486869812012,7.827657960969679,7.611722774874966,7.611722774874966,7613600
2003-04-03,7.600925445556641,7.795267105049313,7.492957856949601,7.789869111741515,6190900
2003-04-04,7.854645729064941,7.8546457290649405,7.638710145222751,7.638710145222751,6929300
2003-04-07,8.529444694519043,8.561834702131595,7.962614413000488,8.043589946861758,20227400
2003-04-08,8.55103874206543,8.66440429066554,8.432274172083988,8.610420769641191,14791600
2003-04-09,8.367494583129883,8.59422673560109,8.297315534524033,8.59422673560109,8911300
2003-04-10,8.529444694519043,8.529444694519043,8.27032205946918,8.448468645827885,6238700
2003-04-11,8.518651962280273,8.605026045752142,8.41068435794044,8.524050471204802,4512900
2003-04-14,8.475462913513184,8.578032499469657,8.340503311339948,8.47006440586705,5832800
2003-04-15,8.556439399719238,8.58343090960216,8.432276291971583,8.502455350293292,5099800
2003-04-16,8.502453804016113,8.556437843624389,8.38368922577588,8.51325081786975,5860300
2003-04-17,8.637414932250977,8.637414932250977,8.108373514769028,8.502455323934555,4660400
2003-04-21,8.64281177520752,8.739982839222105,8.529445705467156,8.664404772955262,4479400
2003-04-22,8.664406776428223,8.686000808829055,8.529447677733488,8.556439703404463,6030800
2003-04-23,8.556439399719238,8.669804976819634,8.54564238390203,8.664406468911029,5569900
2003-04-24,8.59422492980957,8.637411948365006,8.497053880644906,8.529444401976418,3824800
2003-04-25,8.534843444824219,8.637412491637253,8.524046432091318,8.594225470365458,4201900
2003-04-28,9.139463424682617,9.150260438794431,8.718389141261337,8.880341263958725,15176600
2003-04-29,9.328407287597656,9.3931873145778,9.204243681509116,9.296016244447621,9600800
2003-04-30,9.23123550415039,9.323008059997436,9.107072937316117,9.236634010924908,10335900
2003-05-01,9.263627052307129,9.28522108298843,9.020699355442758,9.204244497593605,5473300
2003-05-02,9.495757102966309,9.54434263911133,9.215040900719506,9.296016451074548,4660400
2003-05-05,9.441770553588867,9.544340105967807,9.312209501475332,9.544340105967807,5003300
2003-05-06,9.652304649353027,9.733281187026922,9.441768122583579,9.463362140539138,8195200
2003-05-07,9.387786865234375,9.619917478153136,9.312209839506314,9.522746428125771,7425000
2003-05-08,9.312214851379395,9.382393408803024,9.13946668265018,9.204246731093482,6003200
2003-05-09,9.490354537963867,9.501151547970839,9.371590516865817,9.447167527595527,6053800
2003-05-12,9.873644828796387,9.87904230669477,9.414781982931322,9.495757536987501,8589200
2003-05-13,9.862845420837402,9.949219461496641,9.71169033485384,9.873642433334753,8963800
2003-05-14,10.019400596618652,10.019400596618652,9.74408288408795,9.933026533431772,5266900
2003-05-15,10.040994644165039,10.154360216166328,9.954620580832612,9.98701059716726,8349000
2003-05-16,9.997810363769531,10.111175966967599,9.954623320218792,10.094981469173781,4385600
2003-05-19,9.803464889526367,9.94922149911243,9.771074875060574,9.94922149911243,3927000
2003-05-20,9.150262832641602,9.987012081674578,8.950522137957618,9.79806840392707,27215600
2003-05-21,9.339201927185059,9.447169996147817,9.128665325333477,9.436372983319579,22420100
2003-05-22,9.447175979614258,9.61452566580535,9.355403371768729,9.430980450114292,10871500
2003-05-23,9.609121322631836,9.636113855412281,9.387787702131407,9.447170244588541,6701700
2003-05-27,9.592926025390625,9.722487082854828,9.501153480979346,9.614519020138115,6552900
2003-05-28,9.85744857788086,9.960018154593156,9.641513439797041,9.668504945935034,9309600
2003-05-29,9.900633811950684,10.051788896056872,9.803462760000974,9.803462760000974,4557900
2003-05-30,10.111169815063477,10.16515384407167,9.889836222823623,9.900633234557205,6125000
2003-06-02,10.202949523925781,10.472868828948474,10.111176919031646,10.213746543245193,7648400
2003-06-03,10.348702430725098,10.354100938420737,10.105774732721668,10.20294581192304,4458900
2003-06-04,10.251527786254883,10.381088836911378,10.229934792641984,10.32710480838958,4967400
2003-06-05,10.408085823059082,10.46206884503834,10.148962581121985,10.251532176270834,6365700
2003-06-06,11.368995666503906,11.514752272017283,10.742783246142702,10.769775782159975,20814200
2003-06-09,11.266425132751465,11.298815140603029,11.012700487211486,11.109871540425964,8762500
2003-06-10,11.698294639587402,11.703693145517773,11.061285355039669,11.244830438033413,10202700
2003-06-11,11.682104110717773,11.844056268812517,11.455371913113261,11.687502618953614,8110500
2003-06-12,11.671304702758789,11.773873240193911,11.428377051654843,11.687499193059143,5308100
2003-06-13,11.584924697875977,11.746876739606103,11.503949191840626,11.606518715303764,3713000
2003-06-16,11.98441219329834,11.98441219329834,11.55793938792042,11.563337895164949,5991900
2003-06-17,11.98441219329834,12.049192220912724,11.833257079431489,11.98441219329834,6999500
2003-06-18,11.903432846069336,11.984409406245648,11.849449845498107,11.984409406245648,4387000
2003-06-19,11.638911247253418,11.871041836873266,11.471561694369669,11.698293778456536,7900900
2003-06-20,11.88724136352539,11.919631377990093,11.638915173536017,11.83865582699834,9686200
2003-06-23,12.07618522644043,12.108575241506365,11.757680494255377,11.8818430767248,6623700
2003-06-24,12.162556648254395,12.275922191225469,12.03839306305682,12.14636112940433,6590100
2003-06-25,12.006000518798828,12.200342585306476,11.930423506116774,12.173350059591762,5600400
2003-06-26,12.11937141418457,12.119371414184569,11.849452238186338,11.984411826185454,4332600
2003-06-27,12.07618522644043,12.389291451171161,11.968217136673966,12.065388211531781,5476700
2003-06-30,11.908835411071777,12.157161622909948,11.822461345126351,12.07618606479362,5748900
2003-07-01,11.844046592712402,11.914225083125064,11.55793206791763,11.768468568814935,6189300
2003-07-02,12.26512622833252,12.297517268804738,11.714491925883259,11.768474934017195,6537700
2003-07-03,12.211139678955078,12.416277727489472,12.0923746243187,12.146358646457092,4350100
2003-07-07,12.362300872802734,12.545846036693883,12.130170163783921,12.20034974215063,6528600
2003-07-08,12.308306694030762,12.39468069661166,12.243526706924753,12.292112212083925,7178500
2003-07-09,12.335302352905273,12.432473387955193,12.124764767077249,12.281318330137585,7697300
2003-07-10,12.016801834106445,12.335306544027437,11.941224794348901,12.335306544027437,5246200
2003-07-11,12.18955135345459,12.33530797243098,11.962819178266894,12.016803225627786,5054200
2003-07-14,11.833253860473633,12.373092082156445,11.800863855477377,12.329905065608207,14126000
2003-07-15,11.37979507446289,11.984414622841985,11.27182696700442,11.984414622841985,13689300
2003-07-16,11.401384353637695,11.42837585441723,11.174652246246442,11.39058734146198,10086600
2003-07-17,11.061285972595215,11.368993620187767,11.012700446169047,11.336603612456914,5163800
2003-07-18,11.54714298248291,11.611924043174133,11.244833768463947,11.282622291508813,7373900
2003-07-21,11.266425132751465,11.547140250231331,11.234034095240116,11.547140250231331,6023500
2003-07-22,11.37979507446289,11.471567656904533,11.223242451274311,11.234038438292012,4073800
2003-07-23,11.44997501373291,11.541747607317006,11.304219389525482,11.455373522727305,3731200
2003-07-24,11.37979507446289,11.682104333822346,11.368998057785006,11.525551710633767,3711200
2003-07-25,11.574135780334473,11.60112728892761,11.234037005964645,11.379793623551715,3978000
2003-07-28,11.476963996887207,11.552541040033166,11.309614388638302,11.487761011525198,4591600
2003-07-29,11.957419395446777,12.092378984627123,11.3905895327533,11.74688276581662,10748700
2003-07-30,12.092379570007324,12.151762121612512,11.83865590074334,11.860248900634316,7254500
2003-07-31,12.421682357788086,12.518853439620235,12.227340194123785,12.254332733332765,9256600
2003-08-01,12.4000883102417,12.454072358929134,12.238137193839483,12.421682341580707,4428600
2003-08-04,12.18955135345459,12.33530797243098,11.984413209075276,12.297519448176374,4703600
2003-08-05,11.87644100189209,12.189547132573765,11.83325398488978,12.189547132573765,3999600
2003-08-06,11.779273986816406,11.844055049316301,11.644314383796676,11.714493953976568,4300600
2003-08-07,11.908835411071777,12.000607984846306,11.811664329468151,11.876445393757264,3422400
2003-08-08,12.896742820739746,12.902141329878823,12.362302771895104,12.405489815347389,15961700
2003-08-11,12.826563835144043,12.945327943277306,12.572840091998316,12.794173811045937,6432400
2003-08-12,12.842751502990723,12.923727028513731,12.707791950565815,12.718587932218458,6500200
2003-08-13,12.508054733276367,12.875144979619765,12.432477693026826,12.848152444059252,6732300
2003-08-14,12.38929271697998,12.437878259372852,12.108576478634523,12.36230017695054,7330500
2003-08-15,12.405484199523926,12.416281212914395,12.281321634513152,12.416281212914395,2884300
2003-08-18,12.26512622833252,12.41628132822323,12.227337710774814,12.41628132822323,4503200
2003-08-19,12.351496696472168,12.389286232735278,12.173350144155824,12.275919683265107,3047300
2003-08-20,12.416281700134277,12.443273205009737,12.27052510262302,12.308313621312625,2740800
2003-08-21,12.146361351013184,12.459467513541798,12.119369848763744,12.41628049214681,5088900
2003-08-22,11.849453926086426,12.216543192819842,11.687501779622183,12.17875466754288,7953000
2003-08-25,11.98441219329834,12.011403699861004,11.76847602215713,11.833257079431489,4139100
2003-08-26,12.038395881652832,12.0707869269368,11.817062220512545,11.914233297044385,4326800
2003-08-27,12.178751945495605,12.297517032289797,12.09237789855066,12.09237789855066,4304200
2003-08-28,12.065384864807129,12.259725930955964,12.03299485872561,12.200344424749803,4295400
2003-08-29,12.103179931640625,12.200351032170472,11.908837730580935,11.962821789726437,4173500
2003-09-02,12.146361351013184,12.259726896052598,11.935824750420094,12.119369848763744,6850400
2003-09-03,12.248936653137207,12.254335162048946,12.086984474765902,12.146367043134743,6741300
2003-09-04,12.626815795898438,12.686198330340071,12.313709665527497,12.340702194664468,9658300
2003-09-05,12.578227996826172,12.707790053917346,12.443268464544092,12.626813510820483,5618500
2003-09-08,12.605226516723633,12.68080356125859,12.53504694994688,12.583632487050783,5213600
2003-09-09,12.73479175567627,13.091085124103794,12.707800239449472,13.091085124103794,10260200
2003-09-10,12.524246215820312,12.750978293112805,12.491855183593087,12.686197258317971,4910600
2003-09-11,12.794168472290039,12.864347000161862,12.632216360058342,12.653810386886516,5309800
2003-09-12,12.675408363342285,12.740189439614923,12.556644258112772,12.707799416308744,4965700
2003-09-15,12.680801391601562,12.767175436194536,12.648411382294155,12.659208395283233,5007600
2003-09-16,12.821163177490234,12.84815468810511,12.767179126600356,12.767179126600356,5930800
2003-09-17,12.821163177490234,12.90213873899499,12.767179126600356,12.79417166687536,4461000
2003-09-18,12.9075345993042,12.939924611329854,12.772575014594068,12.772575014594068,6326400
2003-09-19,12.912935256958008,12.966919305765325,12.767178634076277,12.923732272651488,7493300
2003-09-22,12.756377220153809,12.891336780809798,12.734784225871913,12.84814976258627,3400400
2003-09-23,12.902134895324707,12.988508939152801,12.84815086051719,12.885940405644327,4919900
2003-09-24,12.918328285217285,13.15585738142034,12.885938281535848,12.939921277785025,9402600
2003-09-25,12.610624313354492,12.934526502910693,12.578233270670912,12.912933504114921,5729200
2003-09-26,12.740182876586914,12.86974393272932,12.373092702686888,12.443271221974955,7932800
2003-09-29,12.810367584228516,12.821164601537742,12.57823686038135,12.686204974153135,5132500
2003-09-30,12.707793235778809,12.90753281695908,12.556638151098241,12.810361764640128,4417000
2003-10-01,13.069485664367676,13.118071197144204,12.804965002395427,12.821160523207574,6430900
2003-10-02,13.10727310180664,13.360996709038137,13.096476089670896,13.15585862675774,5702600
2003-10-03,13.096481323242188,13.371799064766712,12.999310234508807,13.107278339692598,6266900
2003-10-06,13.01010513305664,13.07488516189331,12.94532407455998,13.037096640128588,4453700
2003-10-07,13.344807624816895,13.425784225216782,13.139669443632455,13.32321461979444,8097900
2003-10-08,13.037095069885254,13.463567831943756,12.988509539279605,13.463567831943756,8898200
2003-10-09,13.069485664367676,13.27462480934855,13.0101041473763,13.199047771545027,6985000
2003-10-10,13.112671852111816,13.226037392669436,12.907532736350737,13.172053360644954,5703900
2003-10-13,13.215238571166992,13.220637076596363,13.085677529840998,13.150458565333809,2887100
2003-10-14,13.16666030883789,13.204448838011205,13.06948921687212,13.118074762855004,3653100
2003-10-15,12.912935256958008,13.22604150444834,12.885943747384394,13.2206429966016,6484100
2003-10-16,12.956120491027832,13.058690066553252,12.848152408405287,12.993909011047737,4880200
2003-10-17,13.037095069885254,13.047892083277592,12.858948467551166,12.983111032583436,4468800
2003-10-20,13.053291320800781,13.069485812136113,12.983111759481247,13.010104294473347,3551300
2003-10-21,12.815763473510742,13.03709713481101,12.696999396363779,12.966918595965085,5718700
2003-10-22,12.902134895324707,13.074882982980897,12.734785314115248,12.902134895324705,8938600
2003-10-23,12.956120491027832,13.037096038164766,12.74018535544269,12.74018535544269,6996900
2003-10-24,13.05868911743164,13.058689117431642,12.750981442879896,12.848151474585812,4622800
2003-10-27,13.091079711914062,13.220640789627424,13.010104167050702,13.04789268600961,4972500
2003-10-28,13.28002643585205,13.280026435852053,12.96152165934701,13.226042383456932,6690700
2003-10-29,13.285412788391113,13.301607268530184,13.096469292714653,13.301607268530184,5867100
2003-10-30,13.350201606750488,13.366397127270998,13.226039038406276,13.285421583988246,3854000
2003-10-31,13.49596118927002,13.53914822388928,13.355603069342397,13.382595609517011,7744100
2003-11-03,13.706500053405762,13.852256704753541,13.614727461408302,13.695704065263929,7350300
2003-11-04,14.09518051147461,14.143766048323798,13.657910679831911,13.765878768310108,10074300
2003-11-05,14.116774559020996,14.359702261295308,13.927830904992094,14.095181557518877,7599700
2003-11-06,14.024994850158691,14.143759901804428,13.91702783826022,14.116767376585145,8072500
2003-11-07,14.041193962097168,14.45686969001807,14.03039694924368,14.429877157884352,13722000
2003-11-10,14.035794258117676,14.240932336532193,13.981810228116048,14.08437978215317,7040800
2003-11-11,14.089783668518066,14.095182176545704,13.933230024696917,14.04119812592944,6605600
2003-11-12,14.38582992553711,14.517407513936098,14.210393141005124,14.226840731687142,6355000
2003-11-13,14.292631149291992,14.413244741033923,14.23780688447165,14.385832085780812,5809200
2003-11-14,14.078814506530762,14.303593000721728,13.985613590962386,14.254251278027551,4395400
2003-11-17,13.706013679504395,14.128159151797735,13.563471011755245,14.073334887942547,6134600
2003-11-18,13.541543006896973,13.854039976247742,13.51961288134242,13.733426377069591,5886900
2003-11-19,13.51413345336914,13.55251013621657,13.409967424435987,13.541546116607433,3862100
2003-11-20,13.530574798583984,13.662152384264822,13.464785482900716,13.519609738355824,3979300
2003-11-21,13.689573287963867,13.848563632211292,13.645714062944993,13.689573287963867,4474200
2003-11-24,14.056886672973633,14.117193465113967,13.80469653436098,13.815661595783917,4019600
2003-11-25,14.12267780303955,14.193948620037208,13.925310854913812,14.040441923215807,3154500
2003-11-26,13.919828414916992,14.10623030144081,13.843075066002228,14.007546826729854,4763700
2003-11-28,14.051397323608398,14.193939915878172,13.826618901944414,13.826618901944414,1889900
2003-12-01,14.446137428283691,14.500961687588385,14.199428784255456,14.22684143675069,5393100
2003-12-02,14.517412185668945,14.539342313635464,14.446141361149875,14.511929653677315,5465300
2003-12-03,14.506437301635742,14.720251721824614,14.446131581923542,14.572226595313552,3832600
2003-12-04,14.561263084411621,14.80797165478451,14.363897273798768,14.506438841474816,6235500
2003-12-05,14.248767852783203,14.500958980225818,14.215873721616106,14.424204613255156,3603500
2003-12-08,14.045920372009277,14.451618167479834,13.958200940583279,14.363899781739478,6459600
2003-12-09,13.936273574829102,14.172017157527916,13.908861968058167,14.150087035562553,4643000
2003-12-10,14.007549285888672,14.007549285888672,13.848560028698014,13.870489112658113,3227000
2003-12-11,14.144606590270996,14.265220187489831,14.002064959225702,14.002064959225702,4514200
2003-12-12,14.133637428283691,14.232319818694904,13.985612274138557,14.1774966170283,3826100
2003-12-15,13.936273574829102,14.320042343736814,13.914343452863736,14.309077282754133,4367900
2003-12-16,13.640219688415527,14.007540771219897,13.618290617785306,13.90337585577671,5742200
2003-12-17,13.43188762664795,13.673113656408233,13.37706338638169,13.568947704470887,6037700
2003-12-18,13.601848602294922,13.678602995155478,13.475753518883488,13.5141301924708,4668100
2003-12-19,13.322244644165039,13.716978500439216,12.932994364434489,13.706013438723636,11544700
2003-12-22,13.79372787475586,13.810175462599803,13.218075894129786,13.218075894129786,6964200
2003-12-23,13.859522819519043,13.892416962905152,13.766321875186769,13.815663613108912,5293900
2003-12-24,13.135845184326172,13.22904613461202,12.664358946720732,12.80141910621839,23082500
2003-12-26,13.207114219665527,13.294832619271839,13.113913289373096,13.157772489176253,7277700
2003-12-29,13.48671817779541,13.519612319073259,13.223562956200842,13.459305521992292,13575900
2003-12-30,13.585396766662598,13.634738483695948,13.34965323987782,13.366099781765257,6671200
2003-12-31,13.612811088562012,13.645705224598979,13.492198559302645,13.618293618849128,4572900
2004-01-02,13.590882301330566,13.722459893954623,13.519610451772273,13.67860069641327,4576400
2004-01-05,13.722456932067871,13.760833590922527,13.596360851378318,13.695044285967738,5455000
2004-01-06,13.886934280395508,13.969170160809579,13.684084799400578,13.695049862305375,5231300
2004-01-07,13.930788040161133,13.952718157397262,13.777280356564848,13.892411380683447,6675100
2004-01-08,13.98012924194336,14.013023370897166,13.799209964169158,13.886928338502983,5282400
2004-01-09,13.788248062133789,14.00754404816596,13.788248062133789,13.859519911147835,4583000
2004-01-12,13.766315460205078,13.788244530348408,13.547018484658913,13.72245627423294,5013800
2004-01-13,13.508647918701172,13.771804198876794,13.453824695780286,13.716979930269957,5628300
2004-01-14,13.744386672973633,13.755351731947972,13.579914971100877,13.596361513876806,6205000
2004-01-15,13.788248062133789,13.969167381321046,13.568952076101619,13.788248062133789,5403900
2004-01-16,13.87596607208252,13.897896192920987,13.706011818327262,13.760836074737716,4683100
2004-01-20,13.799214363098145,13.98013369854601,13.684083306529951,13.936274497397614,4128500
2004-01-21,13.99110221862793,14.051407981559931,13.826629389402047,13.881453665810675,3649300
2004-01-22,13.919828414916992,14.073336158432475,13.88145174045961,13.914345883467945,2965200
2004-01-23,13.843070030212402,13.980130129521434,13.64022062313338,13.8924117496185,4601300
2004-01-26,13.859522819519043,13.952723763851319,13.651190804806447,13.859522819519043,4841900
2004-01-27,13.952722549438477,14.062370033077357,13.92530989426435,13.991099220996377,4911700
2004-01-28,13.62925910949707,14.03495695237397,13.563469789661413,14.007544300073377,6016800
2004-01-29,13.98012924194336,14.018505900003719,13.782762376849503,13.870480751183326,6641400
2004-01-30,14.111711502075195,14.172018296641495,13.914344571266106,13.925309633130134,4962300
2004-02-02,14.248767852783203,14.391310482088059,14.100742694002902,14.155566943071781,5774000
2004-02-03,14.3364896774292,14.38034887808457,14.177500467185668,14.177500467185668,3297600
2004-02-04,14.47903060913086,14.53385486481395,14.407759808722831,14.446136473995285,5659000
2004-02-05,14.638020515441895,14.665432119821496,14.363900288903174,14.380346833256665,5668000
2004-02-06,14.89021110534668,14.950517891762505,14.621573400099555,14.912141226110874,8223100
2004-02-09,14.753152847290039,14.923107121892759,14.687364568076141,14.764117909054303,5984900
2004-02-10,14.681879043579102,14.813456620864255,14.621572261857962,14.681879043579102,3390600
2004-02-11,14.829899787902832,14.829899787902832,14.648980529617923,14.676393172197692,8295900
2004-02-12,14.627057075500488,14.818941464467736,14.610609483639594,14.764117203950551,3811200
2004-02-13,14.599641799926758,14.687361228409058,14.500959403544684,14.588677786341377,3257200
2004-02-17,14.802497863769531,14.829909478576155,14.659955166265718,14.687367826758418,3214300
2004-02-18,14.829899787902832,14.879241498861026,14.753146480050262,14.802488191008456,4258600
2004-02-19,14.939553260803223,15.076613382461966,14.879246472653936,14.895694063699853,5072000
2004-02-20,14.89021110534668,15.005342147987282,14.775081108391788,14.928587770998309,4831600
2004-02-23,15.224638938903809,15.323322396232582,14.873764307769747,14.879246838253097,6208800
2004-02-24,15.147884368896484,15.284944492213514,15.093061156118276,15.230121279435306,4923800
2004-02-25,15.31783676147461,15.378142493198522,15.136917474931765,15.22463585351705,4734300
2004-02-26,15.515206336975098,15.564548067554785,15.21915699918279,15.230122060575123,5509700
2004-02-27,15.515206336975098,15.767397520569697,14.97244834628436,14.97244834628436,5390300
2004-03-01,15.575515747070312,15.668716693199872,15.553586666285348,15.570033215452574,4812800
2004-03-02,15.5809907913208,15.652261576730593,15.52616654717493,15.52616654717493,3740800
2004-03-03,15.838665008544922,15.904454317424005,15.55906227575861,15.55906227575861,5100200
2004-03-04,15.811259269714355,15.992178629114365,15.761917531179265,15.816741801294475,5007600
2004-03-05,16.364986419677734,16.43625725630511,15.487801020025753,15.487801020025753,11285300
2004-03-08,16.06892967224121,16.43625086987118,16.063447141448428,16.36498006093663,5445100
2004-03-09,15.888007164001465,16.392388393605586,15.871560620595366,16.11278565316014,7616900
2004-03-10,15.849637031555176,16.24985245316414,15.844154499599238,15.915426369340372,4929300
2004-03-11,15.73450756072998,16.096346317284873,15.674200752742136,15.789330790879562,5398400
2004-03-12,15.904457092285156,15.948316290628158,15.707090176898767,15.877044439767175,3233300
2004-03-15,15.597434997558594,15.794800769745429,15.54809329309057,15.794800769745429,4228900
2004-03-16,15.712578773498535,15.909945765081659,15.619377810327192,15.80577973666988,3493700
2004-03-17,15.73450756072998,15.811260919488264,15.624859009058643,15.75095411150042,4023400
2004-03-18,15.361695289611816,15.663227072310347,15.230117727396886,15.613885355769058,6672200
2004-03-19,15.405556678771973,15.570028393625481,15.295908171745857,15.36169748509866,6240600
2004-03-22,15.54261302947998,15.739978830418256,15.158844393419571,15.158844393419571,6544400
2004-03-23,15.219154357910156,15.548098822791399,15.098541840584138,15.542616293046722,4426400
2004-03-24,15.18626880645752,15.383634760363666,15.114996925188624,15.153373609401312,3455300
2004-03-25,15.597434997558594,15.624846590847381,15.241078010692817,15.26849064966686,3400200
2004-03-26,15.279460906982422,15.526168467626182,15.252048258676043,15.46038020306209,4185000
2004-03-29,15.608413696289062,15.690650644917802,15.361705987461564,15.361705987461564,5874500
2004-03-30,15.712578773498535,15.789332138809227,15.504247762361155,15.5426244450165,2617200
2004-03-31,15.663229942321777,15.761913393486362,15.591959141861636,15.734501788467623,3228000
2004-04-01,15.849637031555176,15.909943837384434,15.712576869714894,15.761918611632279,3696600
2004-04-02,15.866076469421387,16.036030689924367,15.65774454495985,15.65774454495985,3369400
2004-04-05,16.096349716186523,16.134726403669276,15.772887570708578,15.78385263732831,2826000
2004-04-06,15.904457092285156,16.003140549978355,15.860597893942156,15.964763882138948,3871400
2004-04-07,15.844151496887207,16.079895097885196,15.756433093588306,15.84963402780412,5193400
2004-04-08,15.718056678771973,16.008624547984166,15.580996540675143,15.90994108124471,3395900
2004-04-12,15.909936904907227,15.986690227474327,15.778359332355512,15.800288404938,3120300
2004-04-13,15.498762130737305,16.019590077283418,15.493279599213327,15.920907646909752,4626600
2004-04-14,14.802497863769531,15.268502635284676,14.47355325765966,14.972452176079969,15812600
2004-04-15,14.764119148254395,14.829907432990115,14.539340591649808,14.797013290622255,6686700
2004-04-16,15.054683685302734,15.164332203993881,14.824423678285715,14.912142074964324,4317900
2004-04-19,14.66543197631836,14.87924541630695,14.500960260278775,14.500960260278775,15179300
2004-04-20,14.555780410766602,14.928584004206131,14.555780410766602,14.829900577038556,5193900
2004-04-21,14.775084495544434,14.802496107098014,14.555787420371999,14.665435957958216,5134400
2004-04-22,15.021796226501465,15.120479728059985,14.775088518291405,14.80250013730822,5902800
2004-04-23,14.988896369934082,15.104026380810975,14.884730375079391,14.994378900788101,3640400
2004-04-26,14.977932929992676,15.104028016230814,14.81346116930693,15.0546862788879,3956900
2004-04-27,14.912140846252441,15.24108428385047,14.829903941167249,15.065647504948672,3952000
2004-04-28,15.136917114257812,15.339765467770844,15.03275115003771,15.224635490752993,6286000
2004-04-29,14.901182174682617,15.241090818111303,14.868288025957357,15.235609331395539,3574200
2004-04-30,14.9285888671875,15.164332454284423,14.912142321092414,15.109508194033964,4072100
2004-05-03,15.219154357910156,15.284942623475027,14.93955161504538,15.038235059078316,3786300
2004-05-04,15.136917114257812,15.284941221039972,14.983409432548479,15.284941221039972,3017400
2004-05-05,15.246563911437988,15.284940568806343,14.994373851197091,15.06564463692611,3161100
2004-05-06,14.950515747070312,15.142400093487844,14.813455649012871,15.087575845127756,2731000
2004-05-07,14.643503189086914,14.961483681555853,14.610609052022657,14.79152837440471,3515500
2004-05-10,14.60512924194336,14.977933017063275,14.533858424081473,14.648988448093586,4418600
2004-05-11,14.50096321105957,14.638023350877956,14.380349618780427,14.572234023663343,5243700
2004-05-12,14.292631149291992,14.70929409796637,14.095264214213111,14.402279678932679,5934300
2004-05-13,14.303592681884766,14.391311065677858,14.144602457706277,14.331004284688001,3763200
2004-05-14,14.347452163696289,14.517406405018919,14.199426995922236,14.303592970913492,2746000
2004-05-17,14.182984352111816,14.281666778743826,13.980134876159847,14.117195022004552,2849700
2004-05-18,14.139128684997559,14.25425873438437,14.051409207677747,14.215882051255434,3529900
2004-05-19,14.117193222045898,14.270700942266487,14.04592241539557,14.259735881032345,3845100
2004-05-20,13.87596607208252,14.210393095069135,13.733423423689631,14.089780567514712,5335400
2004-05-21,13.952722549438477,14.002064283066028,13.886933222706448,13.886933222706448,4331500
2004-05-24,13.8978910446167,14.0185035274917,13.804690156949778,13.925302639824778,4298100
2004-05-25,13.952722549438477,14.01851083048463,13.810179879590644,13.815662410625468,5841400
2004-05-26,14.117193222045898,14.188464028696224,13.98013309367652,14.002063216144801,4708200
2004-05-27,14.4022798538208,14.500963322558563,14.182983837562375,14.22684304081406,6268000
2004-05-28,14.47354793548584,14.533854720707856,14.33648782047994,14.451618860841455,4617900
2004-06-01,14.511920928955078,14.60512182540729,14.336484193441605,14.369378319929023,3041300
2004-06-02,14.49000358581543,14.500968652079798,14.363908460834002,14.363908460834002,3638900
2004-06-03,14.539339065551758,14.818941860545348,14.479032272802407,14.489997334336074,4844100
2004-06-04,14.725741386413574,14.912143255534192,14.616092859041734,14.725741386413574,3533400
2004-06-07,14.588683128356934,14.802496634006399,14.533858857612305,14.786049039077213,5373200
2004-06-08,14.714773178100586,14.769597430063516,14.594160660330646,14.632537322999008,4501900
2004-06-09,14.572232246398926,14.76959915828554,14.539338109646408,14.742186506253647,3523100
2004-06-10,14.829899787902832,14.829899787902832,14.610603875691638,14.65994558664983,4980600
2004-06-14,14.802497863769531,14.917627900780644,14.698331845269422,14.709296909466502,4753000
2004-06-15,14.627057075500488,14.857318133124027,14.561267753742708,14.802493872606842,6445300
2004-06-16,14.643503189086914,14.692844917526179,14.583197445416738,14.659950780461923,3503200
2004-06-17,14.648983001708984,14.709289779876162,14.54481807938367,14.588677269227373,4083500
2004-06-18,14.758638381958008,14.764120913955985,14.577719008768991,14.64898983337058,4213700
2004-06-21,14.725741386413574,14.786047135350818,14.627057920916089,14.692846200790509,2389600
2004-06-22,14.74767017364502,14.79701190542072,14.638022694121336,14.64898671009362,3009300
2004-06-23,14.862800598144531,14.88472967484314,14.6709162100242,14.747669546998017,4084800
2004-06-24,14.846352577209473,15.010824307595104,14.791528318519008,14.802493379394253,3484500
2004-06-25,14.797015190124512,14.890216143535993,14.797015190124513,14.824427850354986,3542100
2004-06-28,14.572232246398926,14.80249329503806,14.473548790455618,14.692844778281994,6599400
2004-06-29,14.47903060913086,14.599643135085099,14.46258301872022,14.583196590360162,3617200
2004-06-30,14.25424861907959,14.495474657732862,14.144600134504799,14.484509600138294,7796100
2004-07-01,14.424206733703613,14.50644259655333,14.303594204569745,14.303594204569745,5094700
2004-07-02,14.320038795471191,14.517404615826678,14.276179608093805,14.41872118280618,2391600
2004-07-06,14.325523376464844,14.347453497738147,14.111709922478807,14.254252573698077,3250600
2004-07-07,14.484515190124512,14.588681186102637,14.27618424385411,14.281665729081407,3277600
2004-07-08,14.528377532958984,14.577719276159769,14.407764963849331,14.418728982360335,2683600
2004-07-09,14.533858299255371,14.594165099326215,14.484516562049398,14.484516562049398,2365000
2004-07-12,14.703803062438965,14.720250646077774,14.484507175681186,14.484507175681186,2617000
2004-07-13,14.627057075500488,14.791528811366247,14.561267753742708,14.709292943433367,3130000
2004-07-14,15.235601425170898,15.345248879251029,14.81345606046414,14.857315251233311,10355800
2004-07-15,15.30139446258545,15.389112871492326,15.219158584945992,15.241087664329752,6123600
2004-07-16,15.246563911437988,15.350729871213158,15.153363009678204,15.350729871213158,3930500
2004-07-19,15.312355995178223,15.460381168216701,15.21915507648944,15.21915507648944,3274800
2004-07-20,15.438453674316406,15.4877954070557,15.328805146965564,15.367182863518458,2711300
2004-07-21,15.164332389831543,15.465864251398788,15.131438252095391,15.460382766514249,4406600
2004-07-22,15.114994049072266,15.284948352111822,14.972451359344047,15.186265916779384,5644400
2004-07-23,14.846352577209473,15.125955355413655,14.791528318519008,15.005342822843241,2999600
2004-07-26,14.791521072387695,14.994370416464012,14.791521072387695,14.917616073623792,3152100
2004-07-27,15.071137428283691,15.14789079528387,14.747675316374085,14.747675316374085,3530900
2004-07-28,14.972452163696289,15.032758971044272,14.780567723150396,14.93955801681833,2685000
2004-07-29,14.934062004089355,15.016297819894904,14.829896079703591,14.961474639814625,2391500
2004-07-30,15.076617240905762,15.087582304409244,14.912145471097558,14.939557084170254,2589700
2004-08-02,15.054683685302734,15.125955536157711,14.977930349630395,14.977930349630395,2600500
2004-08-03,14.939553260803223,15.125955109913974,14.846352336247845,15.076613382461966,2704600
2004-08-04,14.89021110534668,14.912141226110874,14.572231674065828,14.846351909504,3312800
2004-08-05,14.736705780029297,14.96696685685878,14.687365091702727,14.884730982066655,2743400
2004-08-06,14.440655708312988,14.681881835381768,14.385831445931105,14.572233310618005,4792700
2004-08-09,14.341972351074219,14.6160926193221,14.325524758532445,14.40776167555548,3177000
2004-08-10,14.659950256347656,14.665432786609985,14.347453351195028,14.462583349646744,3209800
2004-08-11,14.446137428283691,14.632539282508185,14.336488909674305,14.627056752009139,3860400
2004-08-12,14.17202091217041,14.45710629913418,14.155573316338868,14.352940283573178,4205600
2004-08-13,14.150086402893066,14.28166399174493,14.084298131309996,14.172016523877904,2753200
2004-08-16,14.117193222045898,14.226841743015717,14.056886430943917,14.08978161464634,3758900
2004-08-17,14.4570951461792,14.49547179449434,14.089774154800327,14.144597340573249,3679000
2004-08-18,14.517412185668945,14.659954880393142,14.402282150902895,14.457106425133134,2724600
2004-08-19,14.583198547363281,14.659951888208159,14.473550021282731,14.50644416083256,1998500
2004-08-20,14.840871810913086,14.840871810913086,14.50644473426494,14.50644473426494,3070900
2004-08-23,14.60512924194336,14.901179667721866,14.60512924194336,14.840872867133069,1867300
2004-08-24,14.731220245361328,14.824421156689835,14.58319508401271,14.58319508401271,2189000
2004-08-25,14.775084495544434,14.802496107098014,14.561269951819904,14.71477769530342,2886500
2004-08-26,14.857316970825195,14.961482953090284,14.775081109325688,14.802492714596953,2330900
2004-08-27,14.895691871643066,14.955998650917579,14.791525901719522,14.84086762191038,1871900
2004-08-30,14.802497863769531,14.99986483657267,14.802497863769531,14.829909478576155,1494800
2004-08-31,14.813461303710938,14.851837978506746,14.616094352548549,14.802496240716147,2548700
2004-09-01,14.906651496887207,14.93406308891856,14.725732270698748,14.818933147564634,2260800
2004-09-02,15.071137428283691,15.093067559247283,14.807982130837766,14.90118309606064,2675400
2004-09-03,15.219154357910156,15.295907682964383,15.021787469844284,15.021787469844284,2448200
2004-09-07,15.010828018188477,15.224642575366483,14.857321310732084,15.208194979987862,4508300
2004-09-08,15.076617240905762,15.339772490873292,15.065652177402278,15.268501669472673,5029700
2004-09-09,15.043720245361328,15.306875445462087,15.005343576057362,15.213674514715676,4708300
2004-09-10,14.829899787902832,14.966959863745503,14.791523133976547,14.928583209819218,4260400
2004-09-13,14.895691871643066,14.895691871643066,14.742184181528666,14.742184181528666,4160700
2004-09-14,15.131440162658691,15.191745915175142,14.824425731756108,14.912144140585417,4497800
2004-09-15,15.093057632446289,15.169810948965317,15.032750857646759,15.131434290705803,3053500
2004-09-16,15.125956535339355,15.20819240694712,15.04920319459689,15.04920319459689,2338500
2004-09-17,15.169812202453613,15.230118982236318,15.109505422670908,15.213671393472236,3043100
2004-09-20,15.060165405273438,15.339768171770553,15.032753799918819,15.147883797231076,3946500
2004-09-21,15.224638938903809,15.263015606601494,15.03823708521296,15.076613752910646,3037100
2004-09-22,14.807975769042969,15.114990150830522,14.775081632415741,15.109507620445026,6074200
2004-09-23,14.879244804382324,15.06564663259357,14.840868141930413,14.857315731132214,3892000
2004-09-24,15.131440162658691,15.202710977700285,14.923108157424643,14.923108157424643,3740900
2004-09-27,15.31783676147461,15.383625022570797,15.032751508229655,15.04919909634648,5192300
2004-09-28,15.328800201416016,15.367177905587063,15.20270516762484,15.230117813461304,3559600
2004-09-29,15.290430068969727,15.328806743834633,15.158852449853212,15.213676719239919,3305900
2004-09-30,15.36717700958252,15.422000206687866,15.191739223514853,15.235599454295862,4190300
2004-10-01,15.427486419677734,15.487793205717654,15.306873893283601,15.350733088852895,4233500
2004-10-04,15.35073184967041,15.493274485185339,15.295907598213034,15.427485174299363,4825200
2004-10-05,15.31783676147461,15.345248362650429,15.22463585351705,15.328800774533605,2527400
2004-10-06,15.263008117675781,15.301384766543636,15.05467624427135,15.295902238750335,5981900
2004-10-07,15.312355995178223,15.597441281248106,15.284943345160535,15.438451048202552,5878800
2004-10-08,15.31783676147461,15.449414329352539,15.29590664398551,15.317836761474611,3624500
2004-10-11,15.17529010772705,15.36717440209337,15.12594840215613,15.312350168605096,3028100
2004-10-12,15.10402774810791,15.175299609976232,14.972450132757853,15.06565107434155,3913700
2004-10-13,15.822223663330078,15.833187680340378,15.378148035306076,15.515208181951179,12155000
2004-10-14,15.942840576171875,16.003147391808657,15.707096892158516,15.707096892158516,6351500
2004-10-15,15.893491744995117,16.1676119911227,15.877044153780592,16.03055186805891,5329600
2004-10-18,16.00862693786621,16.162133646212283,15.789329847624353,15.8057774430983,5443300
2004-10-19,15.898967742919922,16.16760534826633,15.794801799398556,16.014097697060386,7012600
2004-10-20,15.789326667785645,15.811256790667697,15.542619059477447,15.756432529148382,5219000
2004-10-21,15.635818481445312,15.893491126328259,15.498758363716695,15.78932514406251,4038500
2004-10-22,15.635818481445312,15.76191353879107,15.580994225216724,15.608405830488163,4013100
2004-10-25,15.559069633483887,15.652270588486438,15.405562916316919,15.537140550611213,3644100
2004-10-26,15.827704429626465,15.833185914677372,15.460383235752564,15.570030713429572,3774300
2004-10-27,16.003149032592773,16.008631566002435,15.685169414636588,15.718063569408242,3697500
2004-10-28,15.915426254272461,15.95380293200051,15.822225303067468,15.87704853085837,3659700
2004-10-29,15.981209754943848,15.981209754943848,15.723537106240862,15.805772968960051,4149800
2004-11-01,16.21695327758789,16.22791833809906,15.898973842564038,15.926385448156237,4408100
2004-11-02,16.003149032592773,16.2991985169103,15.926394610543813,16.173103385547027,4254600
2004-11-03,16.06892967224121,16.14020152686159,15.77288032923162,15.992176332513878,5922500
2004-11-04,16.244361877441406,16.277257052888235,16.063442595225993,16.07440765370827,7919700
2004-11-05,16.480106353759766,16.584272323958412,16.255327870379144,16.304669590700314,7508300
2004-11-08,16.55685806274414,16.995449899952618,16.469139695302445,16.66650549920355,8455300
2004-11-09,16.5458927154541,16.606199484145527,16.40883263801752,16.491068475342388,4039100
2004-11-10,16.7636775970459,16.903281838729967,16.646409480181447,16.730171812172717,5405800
2004-11-11,16.90886688232422,16.987044920286287,16.713420722323157,16.808351653461052,3516400
2004-11-12,17.031726837158203,17.031726837158203,16.808360140837706,16.964716295713842,3482400
2004-11-15,16.98705291748047,17.054063456635213,16.88653764129655,16.93679527938851,3491700
2004-11-16,16.813940048217773,17.01496948983281,16.813940048217773,17.01496948983281,2481300
2004-11-17,16.97588348388672,17.048478319834015,16.813943041943958,16.93121014834082,4070800
2004-11-18,16.72460174560547,17.070819941075584,16.55707588464863,16.892126541465633,9666800
2004-11-19,16.361618041992188,16.612906123682905,16.19409336426233,16.557064209407642,7922100
2004-11-22,16.406293869018555,16.512393415855247,16.205264438023246,16.439799661764514,4913500
2004-11-23,16.8083553314209,16.81952392931533,16.339284870815952,16.344869169763168,5600000
2004-11-24,16.97588348388672,17.21600306185705,16.86420067757014,16.86420067757014,4087500
2004-11-26,17.07081413269043,17.16016080209499,16.92562552863394,16.93679412858359,1337000
2004-11-29,17.171327590942383,17.227169519704525,16.758099022256452,17.148990393399043,5229600
2004-11-30,17.16574478149414,17.221586715103204,17.031724779890165,17.08756671349923,5981400
2004-12-01,17.42819595336914,17.511959364551764,17.232750834199067,17.255086962777355,6529500
2004-12-02,17.545467376708984,17.63481403795122,17.38911018698697,17.489625447158534,4122300
2004-12-03,17.467281341552734,17.545459368181707,17.377934721092267,17.545459368181707,3283700
2004-12-06,17.355602264404297,17.428196013905904,17.28859174824464,17.428196013905904,3172900
2004-12-07,17.43378448486328,17.517547916384398,17.260675452239106,17.355606418212933,5115200
2004-12-08,17.59014320373535,17.729747514876106,17.428201691565818,17.43378599182301,5384600
2004-12-09,17.746496200561523,17.785585227981226,17.389108524661136,17.422614318246122,7721600
2004-12-10,17.673900604248047,17.802336278734675,17.534296332389697,17.802336278734675,4021200
2004-12-13,17.858177185058594,17.858177185058594,17.718572921138318,17.779999138093963,4061800
2004-12-14,17.819093704223633,17.886103175294966,17.768836068371964,17.85818273986463,5223800
2004-12-15,18.115049362182617,18.148555153951378,17.779999965263436,17.785584263891565,6104600
2004-12-16,18.237903594970703,18.28816122246915,18.04245844925025,18.11505114326509,5668600
2004-12-17,18.170900344848633,18.394265997692877,18.11505733399278,18.243493063671657,7106700
2004-12-20,18.087127685546875,18.310495354868213,17.975443850886204,18.176474327237017,4484700
2004-12-21,18.198810577392578,18.282573981596588,18.092712111567103,18.187641981485918,4235000
2004-12-22,18.159727096557617,18.40542989088177,18.036874634299284,18.2434883961217,4385200
2004-12-23,18.05362319946289,18.282574091445383,17.936354006834303,18.176473494790557,2824000
2004-12-27,17.953109741210938,18.159723461677206,17.936355780497617,18.09271400940016,2417700
2004-12-28,18.1262149810791,18.154135404536014,17.992196096409224,18.02569975248081,3283700
2004-12-29,18.16530418395996,18.198809970562703,17.992196278658582,18.131800527549004,3127200
2004-12-30,18.081546783447266,18.25465472580576,18.05920958759706,18.148556240805643,2828000
2004-12-31,17.902856826782227,18.12063920158977,17.897271461678493,18.09271876664902,2933300
2005-01-03,17.768831253051758,17.997782169843493,17.612475152859968,17.645979879315913,4906300
2005-01-04,17.914016723632812,18.042452366116503,17.72415381091077,17.72415381091077,5435100
2005-01-05,17.774410247802734,18.020113987053065,17.774410247802734,17.914015540752743,4008100
2005-01-06,17.914016723632812,17.986609393172547,17.75765852958134,17.779995718758922,3671000
2005-01-07,17.7967586517334,17.969867705146136,17.71857951059829,17.88610426356592,3902200
2005-01-10,17.685068130493164,17.791167668906308,17.601305785470576,17.685068130493164,3455100
2005-01-11,17.366771697998047,17.685069268625696,17.338850204462947,17.551049294945425,5045300
2005-01-12,17.500791549682617,17.506375848350707,17.288592460679347,17.433781030761565,4194300
2005-01-13,17.249507904052734,17.48404318339505,17.221587468574786,17.444954147687387,3731800
2005-01-14,17.484045028686523,17.511966532207687,17.204836384053603,17.2215892861663,3919700
2005-01-18,17.645977020263672,17.696234634352734,17.355599931103725,17.422610438254434,3642900
2005-01-19,17.657146453857422,17.86934445056568,17.623640666143544,17.70181977238,4444300
2005-01-20,17.562223434448242,17.74091678907864,17.383529014721436,17.629232909886436,4047900
2005-01-21,17.450531005859375,17.645977166144178,17.383520498154684,17.56221483033523,4085500
2005-01-24,17.724153518676758,17.80791584652002,17.551044565787908,17.634806893631172,5401900
2005-01-25,17.83584976196289,17.919612148178413,17.81351255758727,17.86377020233589,4957200
2005-01-26,17.863759994506836,18.008948544694174,17.796750549864015,17.830255272185425,4675000
2005-01-27,17.936359405517578,18.087132301256876,17.83584520678763,17.869349939697614,6036000
2005-01-28,17.869348526000977,18.003369577230615,17.42261523888942,17.78558616780458,7837700
2005-01-31,18.087127685546875,18.14855390111984,17.925186231798502,17.925186231798502,5815000
2005-02-01,17.858177185058594,17.97544425550554,17.81908816157628,17.89726620854091,5949100
2005-02-02,17.74091148376465,17.880515758458866,17.623643339171533,17.802336640364764,6577700
2005-02-03,17.902856826782227,17.925191896619243,17.534300481967147,17.645984351922785,3694200
2005-02-04,18.187650680541992,18.204402517318364,17.7576691183411,17.76883771958964,5137300
2005-02-07,18.304914474487305,18.344003506662826,18.081548880654672,18.081548880654672,5516100
2005-02-08,18.1038818359375,18.344001365671964,18.08154677029578,18.271408674499956,5179300
2005-02-09,17.85259246826172,18.137385287795638,17.847008170024274,18.092713032088025,4515400
2005-02-10,17.925189971923828,17.986616200313495,17.791171046521292,17.925189971923828,3584700
2005-02-11,18.008953094482422,18.14297414781903,17.752081716628997,17.813506878887406,5341200
2005-02-14,18.209983825683594,18.26024145500772,17.98661611086695,18.008953308387095,3492800
2005-02-15,18.517112731933594,18.528281330630954,18.204398358984747,18.204398358984747,5985100
2005-02-16,18.204397201538086,18.416596302911355,18.10388194984508,18.371924041154603,4746300
2005-02-17,18.03129005432129,18.148557143076545,17.986615660399853,18.14297390893254,3469500
2005-02-18,18.05362319946289,18.148553069952083,17.908433581995826,17.953107965890883,3830000
2005-02-22,17.841434478759766,18.12064314938138,17.841434478759766,18.042465062438225,3677400
2005-02-23,18.115049362182617,18.14297192041931,17.880515210377613,17.897267041165936,4308500
2005-02-24,18.232318878173828,18.26582254031994,18.00895118963636,18.115049670085973,2794400
2005-02-25,18.41659927368164,18.41659927368164,18.048044001419935,18.12063883495117,3328000
2005-02-28,18.47243881225586,18.567368697389355,18.34400100384012,18.41659582377245,4742800
2005-03-01,18.612045288085938,18.662300788372814,18.438935198614374,18.438935198614374,3378000
2005-03-02,18.584125518798828,18.88567134699968,18.450106570838074,18.450106570838074,4198400
2005-03-03,18.65671730041504,18.76281579434398,18.42776634916343,18.584122472888698,3323400
2005-03-04,18.963848114013672,19.114621017717475,18.706976706307618,18.762817575741934,4868200
2005-03-07,19.103452682495117,19.29889998860865,19.081115482334834,19.153710317759437,3978100
2005-03-08,18.695804595947266,18.986181748906553,18.38309024733137,18.986181748906553,8239500
2005-03-09,18.16530418395996,18.422177620864087,18.053622489001054,18.23231575716545,9408500
2005-03-10,18.288162231445312,18.310499429386393,18.154141173991267,18.22673600220356,5558500
2005-03-11,18.198810577392578,18.383087084372804,18.15413619376594,18.28815721445399,3468000
2005-03-14,18.405427932739258,18.42776512899024,18.17089376268077,18.17089376268077,4486700
2005-03-15,18.109466552734375,18.46685315253527,18.031288500301947,18.433347359981873,3970100
2005-03-16,18.048038482666016,18.13738512346369,17.897265626908947,18.036869886292312,3382300
2005-03-17,17.757665634155273,18.048042819064555,17.690656170004658,18.036874220007377,5287800
2005-03-18,17.813505172729492,17.841426666623743,17.478454701671115,17.774416146373632,8967600
2005-03-21,17.690654754638672,17.79675430700077,17.601308099522004,17.729743783115197,3022700
2005-03-22,17.562223434448242,17.819094865455334,17.551054833509742,17.690659149951788,4669700
2005-03-23,17.562223434448242,17.74650108954789,17.523133331163486,17.618064308947936,5302400
2005-03-24,17.634811401367188,17.752079542399972,17.56221764937246,17.623642804107675,3292600
2005-03-28,17.606884002685547,17.735319625033664,17.534289214335303,17.539873510754216,3355000
2005-03-29,17.32209587097168,17.545462461503092,17.28859008357003,17.50078914339681,5404500
2005-03-30,17.673900604248047,17.690653500305636,17.299761113063823,17.299761113063823,4418700
2005-03-31,17.38911247253418,17.645984956189935,17.361192036637327,17.645984956189935,5400600
2005-04-01,17.310932159423828,17.601309341592096,17.24392163080953,17.422616018748922,4399000
2005-04-04,17.305347442626953,17.38910980255272,17.115485525410573,17.35002077226044,5859300
2005-04-05,17.42819595336914,17.472870340717748,17.204829342106187,17.238335132617642,3643200
2005-04-06,17.58455467224121,17.70182281923222,17.310930416057005,17.383524171740113,4360500
2005-04-07,17.57338523864746,17.640395757326267,17.39469194229873,17.52871191456028,3916100
2005-04-08,17.38911247253418,17.746500229572778,17.37236063703461,17.578974418902586,3420500
2005-04-11,17.19924545288086,17.33326648792319,17.04288935382488,17.299760696614584,4897000
2005-04-12,17.255088806152344,17.338851161187346,16.925622619931342,17.087564096082332,5528000
2005-04-13,17.43378448486328,17.819092648533083,17.42261695041057,17.545468350160586,9357800
2005-04-14,17.176904678344727,17.500786451063046,17.165736084262363,17.49520215402186,4586400
2005-04-15,16.9200382232666,17.13782162321609,16.83627586871501,17.09873259543176,6510900
2005-04-18,16.8083553314209,16.875364788595252,16.400711094139208,16.836275761060858,8465100
2005-04-19,16.853029251098633,16.892118280008887,16.68550347207391,16.808355923044605,5122100
2005-04-20,16.719011306762695,16.908873240430722,16.584991306249314,16.802773673946522,5267800
2005-04-21,16.668750762939453,17.031721667422683,16.478888862422792,16.903285989160263,6525200
2005-04-22,16.7860164642334,17.115482613641063,16.612907474490797,17.031720267965355,8272000
2005-04-25,16.90886688232422,17.014965343816773,16.584985069929505,16.730172550403097,5169900
2005-04-26,16.752513885498047,16.903286766090606,16.71342485684727,16.836276241906308,4676400
2005-04-27,16.841856002807617,16.975875949967058,16.63524231701443,16.674331335132283,4795900
2005-04-28,16.534727096557617,16.83627171150522,16.534727096557617,16.6687470437672,5318400
2005-04-29,16.36720848083496,16.635249556904885,16.255525675477458,16.534734286515704,7557600
2005-05-02,16.512393951416016,16.529146848332356,16.261106888247642,16.261106888247642,5036000
2005-05-03,16.640827178955078,16.752511011738388,16.529144411267737,16.596153858860948,6839500
2005-05-04,16.825109481811523,16.8977043130334,16.60174281862163,16.63524861692231,4829400
2005-05-05,16.719011306762695,16.908873240430722,16.618496040103587,16.858615607101168,4703100
2005-05-06,16.406293869018555,16.780433367246385,16.400710635323648,16.730175743223537,6281100
2005-05-09,16.81952667236328,16.836278506840817,16.52914947032799,16.58499140381113,6065900
2005-05-10,16.8083553314209,16.931206712971292,16.64082955829278,16.724592977404896,4499200
2005-05-11,16.668750762939453,16.83627546805599,16.584988410381182,16.758097414347752,5780300
2005-05-12,16.62965965270996,16.802768634989317,16.624075354559533,16.74692671858102,4864400
2005-05-13,16.55706787109375,16.657583125999537,16.473305513704318,16.551483571921633,4465000
2005-05-16,16.685501098632812,16.752511613729975,16.529145005232774,16.584986923631078,3861600
2005-05-17,16.735759735107422,16.78601735820863,16.557066437456946,16.691086410694805,3429800
2005-05-18,17.07639503479004,17.121068360603186,16.79718648218386,16.83627550913335,5199100
2005-05-19,17.294170379638672,17.32767615928716,17.11547714856275,17.210408060708794,5007900
2005-05-20,17.277420043945312,17.389102790445182,17.160151935260323,17.255082855587883,4019500
2005-05-23,17.489622116088867,17.590137357116323,17.227166481814077,17.227166481814077,4464600
2005-05-24,17.238330841064453,17.472865990776068,17.121062733660768,17.417024085588398,5179200
2005-05-25,17.249507904052734,17.31093414021983,17.182498432867124,17.23834036891936,3762400
2005-05-26,17.578964233398438,17.58454853036146,17.288587181895817,17.310924369747898,5047200
2005-05-27,17.456117630004883,17.534295678499397,17.405860008802403,17.534295678499397,2932100
2005-05-31,17.277420043945312,17.4002713846239,17.271835746855956,17.4002713846239,5551600
2005-06-01,17.32209587097168,17.39468961348342,17.137818300646273,17.221580638958564,4223500
2005-06-02,17.37793731689453,17.42819386645177,17.19924298418568,17.249500598838814,3165300
2005-06-03,17.037307739257812,17.35560535116049,17.01497054153317,17.33326921853206,3814500
2005-06-06,16.981462478637695,17.00379967198025,16.86419540887728,16.981462478637695,4064100
2005-06-07,16.512393951416016,17.026137740793104,16.372789672401545,16.94795968537576,11748800
2005-06-08,16.322532653808594,16.56265219305927,16.294612223005746,16.512394565537214,11257000
2005-06-09,16.182924270629883,16.34486571053752,16.054488617314384,16.322528519476098,8293800
2005-06-10,16.49005889892578,16.49564319826306,16.18292882595272,16.24993935290385,7988200
2005-06-13,16.25551986694336,16.445381739814323,16.143836036397165,16.24435127086955,8162400
2005-06-14,16.361618041992188,16.5068065930695,16.27785570312726,16.27785570312726,4898000
2005-06-15,16.166173934936523,16.40629237043987,16.08241052581881,16.36161904928855,6803600
2005-06-16,16.266685485839844,16.300191270122802,16.15500273351744,16.199676047465566,4905600
2005-06-17,16.194093704223633,16.417460300917874,16.182925108114933,16.417460300917874,7370600
2005-06-20,16.227603912353516,16.283445846675534,16.082415309154797,16.11033680886396,3777600
2005-06-21,16.21643829345703,16.294616371686416,16.104754411618107,16.171763888644314,5860600
2005-06-22,16.205259323120117,16.356032147599894,16.171753540949663,16.339279256514665,4283800
2005-06-23,15.953971862792969,16.24993322549243,15.948387565561381,16.166170897210183,6860300
2005-06-24,15.792043685913086,16.01541042200944,15.758537876676174,15.953984170171713,7044000
2005-06-27,15.725021362304688,15.892546022710029,15.708268470225827,15.747358551743167,3512800
2005-06-28,15.769701957702637,15.903721960929444,15.702692488637386,15.7250286232937,5123800
2005-06-29,15.585419654846191,15.881381072398575,15.568666760046478,15.803201961762557,6386100
2005-06-30,15.496079444885254,15.747367645705747,15.49049514430075,15.663604202034628,8062100
2005-07-01,15.60216999053955,15.708268444913923,15.479317579017499,15.529575190077281,4486700
2005-07-05,15.618927955627441,15.685938485073768,15.473739362740593,15.535165592641707,4017200
2005-07-06,15.468151092529297,15.630091466234758,15.417893478080321,15.618922870780345,4709800
2005-07-07,15.635683059692383,15.669187796593306,15.278296359158826,15.378811634957984,6099500
2005-07-08,15.99864673614502,16.121499157032087,15.512824545660749,15.635675901451922,9319200
2005-07-11,16.177345275878906,16.227602907145915,16.05449388005746,16.127087644611898,5937800
2005-07-12,16.2834415435791,16.333699164678098,16.19409489831333,16.316946269279757,5273900
2005-07-13,16.5235595703125,16.540312464208444,16.283440083283594,16.28902438124891,6471900
2005-07-14,16.529150009155273,16.719011950129406,16.495645274011697,16.534734309195255,9087000
2005-07-15,17.305347442626953,17.35002077226044,16.529147940834,16.707841259367957,14489100
2005-07-18,17.255088806152344,17.29417783416227,17.08197979706718,17.210415479127263,5227500
2005-07-19,17.2271671295166,17.28859228404593,17.165740909891223,17.249503258864706,4759700
2005-07-20,17.255088806152344,17.30534643219257,17.08197979706718,17.132237423107412,4812400
2005-07-21,17.188079833984375,17.45053550453801,16.903286966738776,17.031722652429096,5540800
2005-07-22,17.277420043945312,17.294171870117623,17.03730059458174,17.059636717843407,5200800
2005-07-25,17.098731994628906,17.199246177501347,17.02613717549782,17.109899527106233,4333900
2005-07-26,16.953548431396484,17.182499423828162,16.92004262877497,17.104320282807695,5244400
2005-07-27,16.797183990478516,16.992630161329448,16.735757777186407,16.94795684214317,6752800
2005-07-28,16.90886688232422,16.998213515736836,16.808351653461052,16.808351653461052,4683900
2005-07-29,17.40586280822754,17.411447107603287,17.031723270822027,17.031723270822027,7402200
2005-08-01,17.411439895629883,17.4952022213786,16.89211198485377,16.89211198485377,5361800
2005-08-02,17.578964233398438,17.6348061379329,17.43377570764713,17.489617612181593,5378200
2005-08-03,17.657146453857422,17.724155899093322,17.42261126533991,17.4840364126235,6199500
2005-08-04,17.4226131439209,17.673900188294272,17.361186924918144,17.618058267845953,4514900
2005-08-05,17.478458404541016,17.59014227358644,17.366775600591907,17.366775600591907,5058400
2005-08-08,17.947525024414062,18.081546063990423,17.72974269902062,17.73532699776097,10226400
2005-08-09,18.115049362182617,18.1206347259068,17.891683807633868,18.031288078048878,5902700
2005-08-10,18.26024055480957,18.411013435349105,18.008952420577014,18.12621950648811,8547300
2005-08-11,19.371490478515625,19.37707584301328,18.344002820765173,18.39984581477968,17421600
2005-08-12,18.56736946105957,18.963845109733793,18.466854207847476,18.840994790401897,12759300
2005-08-15,18.7628116607666,18.785148853575578,18.215563218098367,18.22114858139659,6665400
2005-08-16,18.522701263427734,18.82983248995947,18.45010854642296,18.706979999346775,7406200
2005-08-17,18.91358184814453,19.086691872699546,18.41659109432824,18.438928283985337,11185600
2005-08-18,18.64554786682129,18.785152151095414,18.455685955000785,18.762814954365396,6848900
2005-08-19,18.639965057373047,18.73489495034974,18.55061839860989,18.572953465656397,5510600
2005-08-22,18.589706420898438,18.679053074817944,18.455685374923046,18.63437868276206,4519900
2005-08-23,18.450092315673828,18.556190745016927,18.343991756139605,18.533853560884342,5803400
2005-08-24,18.41659927368164,18.572955410340366,18.29374680619687,18.427767873470493,7465400
2005-08-25,18.595279693603516,18.701380252803666,18.37191424355432,18.37191424355432,9425800
2005-08-26,18.695804595947266,18.762814052724877,18.416596040816287,18.47802226377586,7884300
2005-08-29,18.522701263427734,18.67905955971471,18.299335616178197,18.511534791729307,6764400
2005-08-30,18.09271812438965,18.48360846006951,17.98661749311149,18.48360846006951,8607700
2005-08-31,18.120630264282227,18.28815492149424,17.88609404003214,18.182056468971336,6655300
2005-09-01,17.61805534362793,18.075957098129432,17.60688781346867,18.036868079832356,8614600
2005-09-02,17.813505172729492,17.874930329104668,17.71298992490237,17.768831847594782,5643600
2005-09-06,18.237903594970703,18.383091113192705,18.08713071247536,18.16530877076354,6878500
2005-09-07,18.81865882873535,18.9135887240014,18.433349622745705,18.45568682052328,12166600
2005-09-08,18.634370803833008,18.796312211275612,18.528272362848902,18.690213770291507,6233500
2005-09-09,19.064353942871094,19.22071000401695,18.589700397140266,18.63995800682166,12547900
2005-09-12,18.87449836730957,19.081112106759246,18.82424074093616,18.935924591787323,6572300
2005-09-13,18.494775772094727,18.919174007275938,18.494775772094727,18.846579179906865,6922500
2005-09-14,18.070375442504883,18.600872047362504,18.042455017026466,18.59528668415167,7436000
2005-09-15,18.679054260253906,18.70697469196463,18.07037947611363,18.07037947611363,9369100
2005-09-16,19.120197296142578,19.56134506748603,18.73488823750417,18.83540345887144,25124600
2005-09-19,18.706968307495117,19.00292861696729,18.690216480224365,18.857741143506882,7524400
2005-09-20,18.21555519104004,18.907992951637755,18.148545772334135,18.706962565329032,7783700
2005-09-21,17.545467376708984,18.215567336025735,17.48404114769387,18.14297463827372,13572300
2005-09-22,18.47801399230957,18.51151977079602,17.495200190382064,17.545457793016105,12830500
2005-09-23,18.226730346679688,18.75722691711556,18.17647273200278,18.427760805387326,8232500
2005-09-26,18.57295799255371,18.852166635515804,18.39984999724066,18.39984999724066,8828200
2005-09-27,18.433347702026367,18.59528917375114,18.416595870534906,18.539448315318147,9808500
2005-09-28,18.483606338500977,18.958262181933325,18.483606338500977,18.67905361409982,6425800
2005-09-29,18.695804595947266,18.74606222107853,18.427764638644593,18.461270432129513,5636000
2005-09-30,18.701385498046875,18.79073212916414,18.494769682807433,18.701385498046875,7138400
2005-10-03,18.91358184814453,18.98059341711582,18.65112732534444,18.65112732534444,5742600
2005-10-04,18.36075210571289,18.73489048441312,18.32724631784152,18.67904963481937,9187500
2005-10-05,18.343997955322266,18.50593939972343,18.21556229844295,18.288157106311033,7328600
2005-10-06,18.27699089050293,18.528279004159952,18.148555216898703,18.349585707824318,8038000
2005-10-07,17.992189407348633,18.299318211575123,17.919594629196236,18.293732850845185,5966800
2005-10-10,18.059206008911133,18.1318008159425,17.969859373407843,18.1318008159425,5460200
2005-10-11,18.059206008911133,18.645543437538464,18.048037413199243,18.455681570819994,7477900
2005-10-12,17.685068130493164,18.14855424238721,17.657147703850967,18.008949978984234,6891500
2005-10-13,17.897262573242188,18.265817669922985,17.740906511072026,18.07595582434854,10285200
2005-10-14,18.048038482666016,18.07037567541342,17.874928434161543,17.953108608777463,6701900
2005-10-17,18.26024055480957,18.265823788818164,18.048041449214047,18.048041449214047,4939800
2005-10-18,18.131799697875977,18.355165207764838,18.036867705274652,18.316076190279496,4710200
2005-10-19,18.81307029724121,18.99734895259646,18.126217557647408,18.260238591559595,8869200
2005-10-20,18.09271812438965,18.684638992814907,17.874933627120427,18.67905575810201,10984400
2005-10-21,18.13738441467285,18.36633530590672,17.768829269511215,17.768829269511215,11964400
2005-10-24,18.494775772094727,18.50594437093554,18.07596290143013,18.23232115500909,6886400
2005-10-25,18.427759170532227,18.656710032594813,18.23231409201231,18.45567959172199,6204400
2005-10-26,18.042451858520508,18.450095963680734,18.042451858520508,18.427758775131576,4660600
2005-10-27,17.61805534362793,18.081542460852862,17.578966325330853,18.036868079832356,6098100
2005-10-28,18.03129005432129,18.03129005432129,17.618060431317375,17.780001913994067,6599100
2005-10-31,17.645977020263672,18.304908170916946,17.618055531827594,18.031285039914525,18254300
2005-11-01,17.74091148376465,18.27699138734433,17.65156483316803,18.27699138734433,17401100
2005-11-02,18.0145320892334,18.126215919031957,17.830255580728867,17.98102843142814,7612400
2005-11-03,18.556201934814453,18.606459564323668,18.064794238523532,18.120637232529553,10297500
2005-11-04,18.66789436340332,18.695814808128908,18.444526545211843,18.58413089903317,6116900
2005-11-07,18.81865882873535,18.880085057527467,18.478024018300854,18.56737067921872,12334000
2005-11-08,18.986181259155273,19.01410168790972,18.612042827422986,18.818656556436455,9653000
2005-11-09,18.612045288085938,19.086699030241014,18.584122725447738,18.98618376928236,6877100
2005-11-10,18.936870574951172,18.965363776699743,18.640536494203744,18.777306906045613,6847600
2005-11-11,19.26169776916504,19.312986401634177,18.822895507793973,19.00525460681936,6682400
2005-11-14,19.335779190063477,19.518138264167728,19.23320193914338,19.261695136867488,7199800
2005-11-15,18.98246192932129,19.40416654348103,18.896980147965987,19.273096072923703,8585100
2005-11-16,18.69182586669922,19.147723634395874,18.651934947894013,19.010955391032894,6758100
2005-11-17,18.91407585144043,19.010955349679502,18.73741668965652,18.851391674805768,5802400
2005-11-18,18.85708236694336,19.119223212655655,18.7716006166979,19.119223212655655,7016200
2005-11-21,18.845691680908203,18.902678086388647,18.703223493315072,18.81719847816798,4801300
2005-11-22,18.800098419189453,18.851387041205463,18.69182123166038,18.817193901897625,4723500
2005-11-23,19.210405349731445,19.30728482480496,18.81149408404167,18.82859174075553,6450800
2005-11-25,19.067935943603516,19.2502949947044,19.067935943603516,19.24459722543497,2311200
2005-11-28,19.347179412841797,19.43265901709897,19.10213396763244,19.16482031508952,6393500
2005-11-29,19.335779190063477,19.706197282151784,19.30728599233937,19.512440494179565,6594800
2005-11-30,19.290193557739258,19.808777722743375,19.28449578620832,19.45545719273531,8158600
2005-12-01,20.133609771728516,20.16210298077716,19.409870957651954,19.50674830319584,13905500
2005-12-02,19.894262313842773,20.088019181556753,19.803082739265168,19.974044169861614,8186900
2005-12-05,19.700496673583984,19.894253455018916,19.6036193698123,19.797376151247235,6958700
2005-12-06,20.036720275878906,20.0937066656023,19.820168081925456,19.848663450678572,8155500
2005-12-07,20.093711853027344,20.099411797806045,19.837270859177433,19.94554589716091,6290600
2005-12-08,19.84296417236328,20.150695904521946,19.774580067625187,20.013925521154263,5474600
2005-12-09,19.8543643951416,20.070916623725402,19.432657652519648,20.002530336451507,4617000
2005-12-12,19.64350700378418,19.85435923333112,19.569422965443987,19.85435923333112,3962900
2005-12-13,20.099416732788086,20.253282671211714,19.57513255291211,19.57513255291211,5928000
2005-12-14,20.230484008789062,20.31596579669293,20.00823396890962,20.042424944957432,4990100
2005-12-15,19.934146881103516,20.338755978317415,19.86006282105713,20.230480947397197,5615400
2005-12-16,19.803071975708008,20.01392421970942,19.76887883861669,19.939842350181927,7956600
2005-12-19,19.43266487121582,19.90566041805204,19.41556937999273,19.751794475366495,3801800
2005-12-20,19.46115493774414,19.575127746614083,19.26169817443778,19.375673157199703,4172500
2005-12-21,19.626422882080078,19.80308427258073,19.489654596570226,19.489654596570226,4031000
2005-12-22,19.70620346069336,19.763189874008685,19.438362535548226,19.660612590927244,3326600
2005-12-23,19.689102172851562,19.774583950979807,19.563731651859904,19.774583950979807,1930300
2005-12-27,19.43266487121582,19.785987631705254,19.38137622365397,19.700505827804648,3039700
2005-12-28,19.483945846557617,19.59792081558082,19.392766306117398,19.432657219191764,2212000
2005-12-29,19.455448150634766,19.540929901115934,19.381364111810502,19.404159535124307,2530600
2005-12-30,19.216106414794922,19.540933650726867,19.136324591778884,19.432656456155126,4219600
2006-01-03,19.102136611938477,19.540938930989466,18.919777488942252,19.540938930989466,9250100
2006-01-04,19.273088455200195,19.290183935157437,19.04513857761167,19.050838520191512,5990200
2006-01-05,19.295888900756836,19.489645694977643,19.22180484517166,19.273093472285748,6245200
2006-01-06,19.409868240356445,19.546636494199987,19.26740004116564,19.506745572337937,5877100
2006-01-09,19.780277252197266,19.797374908294717,19.369970462012713,19.37566823145091,4659900
2006-01-10,19.79737663269043,19.860060797536253,19.683401668976135,19.723292580192393,7021800
2006-01-11,20.139314651489258,20.150712373909666,19.831582667818026,19.842980390238438,8209000
2006-01-12,19.82587242126465,20.127904266773342,19.797379220085094,20.088013350343587,11593600
2006-01-13,19.64350700378418,19.797372849310175,19.5751207342896,19.746084234134845,4807700
2006-01-17,19.711902618408203,20.03672997970721,19.672011691504288,19.78598670004082,5499100
2006-01-18,19.939847946166992,20.196288937700594,19.609320716531386,19.70620021186636,10550100
2006-01-19,20.059518814086914,20.156396126428028,19.945543843062488,20.116505212653244,9093800
2006-01-20,20.435638427734375,20.464131632219623,19.996836122206638,20.059522476409477,11436800
2006-01-23,20.350160598754883,20.56671290797087,20.09941730706287,20.4356424027301,6944500
2006-01-24,20.429935455322266,20.692078549863442,20.3273581952609,20.48122408535295,9685600
2006-01-25,20.036720275878906,20.59519515595556,19.689097646448513,20.515413340786242,21016500
2006-01-26,19.911344528198242,20.34444884907488,19.803069534924624,20.230473913376233,12358000
2006-01-27,19.97403907775879,20.08231628951705,19.89995501295977,19.911352728612847,7355400
2006-01-30,19.956941604614258,19.985434803964615,19.848666577526203,19.88855749139505,8004200
2006-01-31,19.95124626159668,20.08801669346907,19.88856207812628,19.968343924263397,6988200
2006-02-01,20.327354431152344,20.35014985669859,19.93984306632333,19.95123860520502,7186600
2006-02-02,20.201990127563477,20.407144672548483,20.042424273746192,20.133606003865836,5409500
2006-02-03,20.498327255249023,20.561013617015554,20.196293164364153,20.20199311028425,6852900
2006-02-06,20.589500427246094,20.766159565812906,20.458429972412354,20.515416370551634,7163500
2006-02-07,20.623695373535156,20.80605449141609,20.549613476446886,20.68638172791151,4868600
2006-02-08,20.720563888549805,20.942813809728445,20.663575335753354,20.857332067479273,6444300
2006-02-09,20.686382293701172,20.794659517455308,20.64079359993013,20.69208223910519,4889600
2006-02-10,20.703475952148438,20.777557836936115,20.57810326421268,20.669282808013648,5741200
2006-02-13,20.720563888549805,20.851634299145132,20.60658895684791,20.749057078002526,3421100
2006-02-14,20.72626495361328,20.828842191071868,20.555303615812754,20.72056718437285,5392300
2006-02-15,20.52111053466797,20.669278622019547,20.372944621207747,20.663578678872216,7669400
2006-02-16,20.72626495361328,20.737662665985496,20.43563089674152,20.509714940215247,3963500
2006-02-17,20.549610137939453,20.766160196559554,20.52111476411256,20.72626928187207,4802300
2006-02-21,20.3216552734375,20.515412029561233,20.144993998359862,20.447027931485586,5250300
2006-02-22,20.486927032470703,20.561011103127125,20.35585655293528,20.37295204082055,4323400
2006-02-23,20.281768798828125,20.509718740729557,20.230480170594888,20.372948340810346,3751800
2006-02-24,20.139314651489258,20.241891979379666,20.053832820282825,20.22479648269569,4802800
2006-02-27,20.088010787963867,20.247574433329323,20.008228965281138,20.116503985508896,4262100
2006-02-28,19.894262313842773,20.21339191181066,19.88286459528401,20.116512391007404,5522700
2006-03-01,19.905651092529297,20.04811924969089,19.620714778206107,19.945542002623217,5910300
2006-03-02,19.911344528198242,19.939839892541215,19.768876402047706,19.905646759664297,4566200
2006-03-03,19.860061645507812,19.97973655815801,19.740388906749324,19.803075248163307,5270700
2006-03-06,19.757482528686523,19.922746108855005,19.70049613671398,19.7232915630596,4145000
2006-03-07,19.740392684936523,19.820174526045257,19.620719923273423,19.68910404795346,7942300
2006-03-08,19.7631893157959,19.888562030219237,19.74609382706263,19.75748937028997,6588600
2006-03-09,19.677701950073242,19.791676915090314,19.597920126728788,19.72899057563634,5009600
2006-03-10,19.746091842651367,19.95124420851031,19.683405491739453,19.717596465769923,3991100
2006-03-13,19.55803108215332,19.77458331896963,19.438358335712145,19.677703828594495,6117300
2006-03-14,19.523832321166992,19.609314071974268,19.444050513155524,19.472543705460872,5652900
2006-03-15,19.814468383789062,19.848661518629623,19.48394126867058,19.4953389802841,5235500
2006-03-16,19.979732513427734,20.025321187295948,19.77457804629259,19.77457804629259,5637800
2006-03-17,20.002527236938477,20.088008995839047,19.945540846932385,20.08231122639501,5983900
2006-03-20,19.791688919067383,19.985445824945582,19.757495756656066,19.911361726667543,3983900
2006-03-21,19.88855743408203,20.025325660126317,19.757484804442935,19.757484804442935,5700400
2006-03-22,19.831565856933594,20.01962485661599,19.728988615996183,19.96263629282219,4218100
2006-03-23,19.683406829833984,19.837272745107157,19.580829552985207,19.837272745107157,4451300
2006-03-24,19.774578094482422,19.865757616332324,19.603616762750267,19.683398572632523,3230600
2006-03-27,19.689102172851562,19.7460907495677,19.586524908654436,19.615018110066543,3338600
2006-03-28,19.552331924438477,19.81447282868072,19.535234266237147,19.580825122918423,4430800
2006-03-29,19.717594146728516,19.74608952025854,19.466850946463502,19.48964637573081,2583800
2006-03-30,19.689102172851562,19.831570353804022,19.47824987373166,19.60932033934089,4039100
2006-03-31,19.580825805664062,19.73469169149083,19.523837232825386,19.609319005137515,4020100
2006-04-03,19.791688919067383,19.89426623240837,19.62072745479673,19.6321251756005,5750000
2006-04-04,19.751787185668945,19.894255356994858,19.700498557035946,19.877159872081116,4283000
2006-04-05,19.837268829345703,19.88285751345056,19.6207166016453,19.706198373443073,5667500
2006-04-06,19.717594146728516,19.89425546271246,19.643512262447448,19.643512262447448,4033800
2006-04-07,19.877168655395508,19.93985502630142,19.649218610990875,19.734700421115797,4716800
2006-04-10,20.145000457763672,20.20198903600924,19.917052666457327,19.945545868634124,6109500
2006-04-11,20.258974075317383,20.27037179019852,20.053819555240555,20.167794530160105,5525900
2006-04-12,20.053817749023438,20.179190427532,19.928447244406513,20.156394999822872,6314200
2006-04-13,19.860061645507812,20.22478197974446,19.774582049491055,20.22478197974446,10711400
2006-04-17,19.55803108215332,19.848667379386864,19.4041651907753,19.82017200499357,6301700
2006-04-18,19.64920425415039,19.763179193076052,19.43835203016716,19.558024737788088,5441100
2006-04-19,19.689102172851562,19.86006355521613,19.563731651859904,19.563731651859904,3408600
2006-04-20,19.991134643554688,20.008230128297086,19.689100645124544,19.689100645124544,5006100
2006-04-21,19.717594146728516,19.945544091618007,19.58082591890825,19.877159977707873,6320500
2006-04-24,19.523832321166992,19.632109495375037,19.42125726364598,19.575120936873112,5687200
2006-04-25,19.290193557739258,19.47255268122034,19.26740029772329,19.409868498811154,7113900
2006-04-26,19.438356399536133,19.4497541133798,19.210406470446046,19.318683665015072,4218300
2006-04-27,19.72899627685547,19.746093939578426,19.290193947765697,19.290193947765697,4864300
2006-04-28,19.700496673583984,19.785978437763816,19.54663080239522,19.717592156863322,4714000
2006-05-01,19.586519241333008,19.80307142241153,19.552328279088336,19.74038509310791,4054700
2006-05-02,19.609317779541016,19.6777018887816,19.501042758752458,19.60362000955915,3975400
2006-05-03,19.86576271057129,19.87716042546169,19.558030930206034,19.649210475437386,4472600
2006-05-04,19.860061645507812,19.991134272405255,19.831568446835558,19.860061645507812,4646200
2006-05-05,20.06520652770996,20.08800194526814,19.860052117467696,19.877149767581663,6408400
2006-05-08,20.167795181274414,20.167795181274414,20.059520147245706,20.06521791792431,4038800
2006-05-09,20.41853904724121,20.47552544534785,20.270370933937162,20.34445499058919,5933100
2006-05-10,20.492624282836914,20.509721944179677,20.338758374104618,20.37864929408424,4813600
2006-05-11,20.145000457763672,20.492623176439725,20.070918566882398,20.48692540556116,4927600
2006-05-12,19.877168655395508,20.241886987328737,19.87146870864439,20.156405177203816,5397100
2006-05-15,19.92845344543457,19.945548934590107,19.72329887999887,19.877164804075644,4066000
2006-05-16,19.774578094482422,20.013923524129186,19.757480439585315,19.97403261918806,3320100
2006-05-17,19.694799423217773,19.80877221327471,19.620715370567467,19.677701765595934,6572400
2006-05-18,19.626422882080078,19.928457012542015,19.60932738986452,19.848675150345816,5374800
2006-05-19,19.46115493774414,19.785982225585837,19.35857767064761,19.74609130770296,6252800
2006-05-22,19.392765045166016,19.45545138274739,19.096431014530534,19.42126041598779,7387900
2006-05-23,19.107830047607422,19.449754956056736,19.107830047607422,19.39276638436932,5207900
2006-05-24,18.77730941772461,19.193316305796863,18.68612985559771,19.164823100237,9722100
2006-05-25,18.953969955444336,18.96536767326389,18.737419838549936,18.88558582241939,7128000
2006-05-26,18.760208129882812,19.005253563348866,18.73741487417504,19.005253563348866,6168500
2006-05-30,18.6462345123291,18.851389021949032,18.589245940828167,18.69182319563813,4502700
2006-05-31,18.902681350708008,18.965367711897066,18.646240307868975,18.6804312875049,6087800
2006-06-01,19.193309783935547,19.22750292332394,18.783000806840818,18.7887007503513,6745800
2006-06-02,19.09642219543457,19.250287996469314,18.94825633548847,19.119217612007994,4423400
2006-06-05,18.89128303527832,19.124930782046494,18.85139211562708,19.096435404673823,4387300
2006-06-06,18.98246192932129,19.119230170819364,18.69752555665962,18.948268782000767,5780300
2006-06-07,18.9881591796875,19.24460234283082,18.97676146422647,19.090736444944827,5070600
2006-06-08,19.19900894165039,19.227504313480026,18.794399878812747,19.130624831820903,8470300
2006-06-09,19.022354125976562,19.30729051778733,19.022354125976562,19.176220038421434,4131600
2006-06-12,18.765901565551758,19.159112807251976,18.708915185209488,19.090728716063037,5335000
2006-06-13,18.201740264892578,19.07364617089699,18.08206639374079,19.07364617089699,7657900
2006-06-14,18.72031593322754,18.7830022733883,18.218828472778984,18.235925043808056,7856300
2006-06-15,19.005250930786133,19.107828175883714,18.60064189395208,18.75450776159845,6635500
2006-06-16,18.885581970214844,19.00525472207124,18.771606989159825,18.982461464973795,6044900
2006-06-19,18.72031593322754,18.948265865831807,18.669027307086164,18.868484041587816,4129400
2006-06-20,18.783004760742188,18.868486540261696,18.63483880665259,18.80580019179965,5100900
2006-06-21,19.033750534057617,19.113532370457357,18.720318785498645,18.720318785498645,6911000
2006-06-22,18.549358367919922,19.033751530390173,18.50946744763194,18.91977654075646,5239700
2006-06-23,18.577852249145508,18.811500008161232,18.520865839197164,18.549359044171336,3769400
2006-06-26,18.61203956604004,18.691821384519276,18.480969125125362,18.577846426452574,3812300
2006-06-27,18.526569366455078,18.6861352768902,18.515173820038804,18.52087159324694,4593800
2006-06-28,18.218828201293945,18.57214972200893,18.184636146691147,18.520861096631823,8569800
2006-06-29,19.12492561340332,19.199007487653304,18.463873471403954,18.463873471403954,9137200
2006-06-30,19.147722244262695,19.71759495598351,19.13062675855647,19.26739716588189,7905700
2006-07-03,19.358577728271484,19.375673214874464,19.130627762069103,19.204711827168676,1764400
2006-07-05,19.238901138305664,19.307287426593607,18.97676022154395,19.06224199495798,4384600
2006-07-06,19.19900894165039,19.28449070935599,19.05084300803789,19.2161065995265,3668100
2006-07-07,18.908382415771484,19.21041434785902,18.857093769389397,19.10213928278241,4125300
2006-07-10,19.193309783935547,19.312982510957678,19.028046204395558,19.090732539661865,3825300
2006-07-11,19.535236358642578,19.563731734066344,18.976761347829264,19.255999940181887,5715000
2006-07-12,19.267398834228516,19.63211705348776,19.181917050511853,19.592226134124534,5317000
2006-07-13,18.902681350708008,19.19331772096776,18.85139488125412,19.119233641935924,4478800
2006-07-14,18.828582763671875,18.879871361577084,18.663319262211708,18.782991932693704,5022400
2006-07-17,19.785982131958008,19.922750371511537,19.256000312431134,19.375673065513467,12845000
2006-07-18,19.837268829345703,20.0367233983515,19.700498429247617,19.94554385625003,8332100
2006-07-19,19.996829986572266,20.059516321541036,19.77458001633134,19.83726635130011,6201000
2006-07-20,19.757482528686523,19.945541535200626,19.67200294072771,19.894252912868733,4997000
2006-07-21,19.774578094482422,19.803071287455904,19.63210995572375,19.78597580645007,5696300
2006-07-24,19.8543643951416,19.92274850852373,19.700498509612988,19.768882622995115,4144800
2006-07-25,19.808773040771484,20.139300232640675,19.746088873178234,19.945543438001565,8185500
2006-07-26,19.632110595703125,19.814469645347575,19.597917458685533,19.654906020381517,6801400
2006-07-27,19.791688919067383,19.917061674015912,19.6321251756005,19.774593424808206,5281300
2006-07-28,20.110809326171875,20.17349567480185,19.72899346355839,19.831570729699806,5034200
2006-07-31,20.167795181274414,20.23048152819858,20.019629230819763,20.156397466025304,4098700
2006-08-01,19.991134643554688,20.07661424115843,19.86006201422379,20.059518756416033,3914700
2006-08-02,20.281768798828125,20.344455141545605,19.934146115679727,20.230480170594888,5352000
2006-08-03,20.424238204956055,20.515417752455736,20.0310268139684,20.144999617924086,5452000
2006-08-04,20.17919158935547,20.549609702334998,20.076614332650113,20.504018844291835,5142900
2006-08-07,20.247577667236328,20.264675327607456,20.06521856515213,20.088013996385648,2857600
2006-08-08,20.036720275878906,20.33305428500168,19.91704755312493,20.24757252652517,8325100
2006-08-09,19.580825805664062,20.241878033350304,19.523837232825386,20.23048031878257,8927200
2006-08-10,19.8714656829834,19.991140633714934,19.501049634591922,19.506747406582754,4501900
2006-08-11,19.76888656616211,19.922752482381323,19.660611517219195,19.871463843641585,2507100
2006-08-14,19.785982131958008,20.00253220689976,19.751788985123635,19.974039004817104,3550700
2006-08-15,20.230484008789062,20.27037493010629,19.905656692981854,20.048124890226845,4611900
2006-08-16,20.498327255249023,20.509724973196796,20.190595392336476,20.281774962026223,4412800
2006-08-17,20.65218734741211,20.65788511782877,20.46982608570185,20.515416944602364,4143700
2006-08-18,20.618000030517578,20.652193184357003,20.4641340990788,20.652193184357003,3286900
2006-08-21,20.350160598754883,20.57241068041935,20.298871951148268,20.57241068041935,3379700
2006-08-22,20.287466049194336,20.52111375540406,20.190588739398653,20.350152390305283,3346300
2006-08-23,20.281768798828125,20.367250570514102,20.093709770675677,20.26467331404763,3893500
2006-08-24,20.447032928466797,20.447032928466797,20.036723891956324,20.281769324995434,4326000
2006-08-25,20.07661247253418,20.338753360319494,20.036721562388223,20.298862450173537,3064800
2006-08-28,20.407140731811523,20.47552484230379,20.025324919288686,20.03102486326652,3714000
2006-08-29,20.561016082763672,20.600907013418517,20.361559255596767,20.40715013285526,2968300
2006-08-30,20.60089874267578,20.6293919425767,20.401441995585742,20.612294283522704,2957000
2006-08-31,20.458431243896484,20.62369267832803,20.38434718259773,20.606597192602116,2544900
2006-09-01,20.948522567749023,20.971318000826187,20.52111798006686,20.6578884046377,6925900
2006-09-05,20.885833740234375,20.94851790641025,20.75476111615225,20.82884517022222,3903900
2006-09-06,20.640785217285156,20.84593969066797,20.61228984962206,20.714867086313465,5244800
2006-09-07,20.811752319335938,20.86304095189025,20.54391144111986,20.58380235822967,4125400
2006-09-08,21.37022590637207,21.375923676768046,20.714871442353274,20.908628244193388,8451700
2006-09-11,21.153671264648438,21.512691627653886,21.14227355126349,21.42720986421255,11202700
2006-09-12,21.769134521484375,21.820423144246412,21.284741490089246,21.313236860206008,19393300
2006-09-13,21.56397819519043,21.7064463380831,21.541182770593682,21.541182770593682,12759300
2006-09-14,21.27334976196289,21.558286123046397,21.102386206199252,21.45570885914498,9699600
2006-09-15,21.501296997070312,21.55828557216593,21.239156073306052,21.39871973579006,13112200
2006-09-18,21.324642181396484,21.512701275752264,21.256258044309163,21.501303557255625,4902800
2006-09-19,21.415821075439453,21.48420520341372,21.27335287405593,21.387325696048965,5353200
2006-09-20,21.52979850769043,21.61528031638198,21.438618926236032,21.52979850769043,6323500
2006-09-21,21.848918914794922,21.89450759934843,21.541187141964567,21.586778000409858,8466200
2006-09-22,21.774837493896484,21.957196601979412,21.695055655846712,21.82042835786324,5591100
2006-09-25,22.139554977416992,22.20224132635083,21.700754882664068,21.769139002459177,15575300
2006-09-26,22.259225845336914,22.276321328695246,21.968589584895792,22.002782725504037,7559900
2006-09-27,22.69232749938965,22.829097884369826,22.470077525951936,22.470077525951936,14464200
2006-09-28,22.56126594543457,22.755022799045555,22.35611137409443,22.658143285293875,7592700
2006-09-29,22.293418884277344,22.72652334334015,22.28772111392547,22.538464313351668,11915800
2006-10-02,22.515670776367188,22.663838904669205,22.19654343644031,22.293420757806125,14210800
2006-10-03,22.612552642822266,22.82340496794034,22.578359492576556,22.578359492576556,38317900
2006-10-04,22.794912338256836,22.846200977973602,22.623950930498356,22.69803500428752,53013400
2006-10-05,22.680927276611328,22.823395415501967,22.606843235698637,22.772106798545686,86981300
2006-10-06,22.85759735107422,22.954474679347534,22.49857689416582,22.77211556527485,21206500
2006-10-09,23.11973762512207,23.19382169237419,22.794910326875456,22.880392110158063,14783200
2006-10-10,23.273591995239258,23.296387416001775,23.051342077532173,23.079835266539828,8072100
2006-10-11,23.507244110107422,23.524339591996803,23.136826060634025,23.142526003858077,10757300
2006-10-12,24.065725326538086,24.19679579465763,23.8206798766953,23.877668454502903,19023900
2006-10-13,23.997344970703125,24.060031329176972,23.849176819057256,23.877672199376132,24260200
2006-10-16,24.003040313720703,24.088522098243388,23.769392566436398,23.894765270698446,12451400
2006-10-17,23.706710815429688,23.917565345138183,23.626928960466476,23.8434812624327,9875900
2006-10-18,23.63261604309082,23.985936425850884,23.49584567053362,23.928950038721986,15383300
2006-10-19,23.23370361328125,23.632614824284413,22.794901498566894,23.609819401051958,20300800
2006-10-20,23.63261604309082,23.63261604309082,23.239402580670944,23.421761628152996,12769900
2006-10-23,24.014432907104492,24.139805584621758,23.564232995921227,23.575630709685672,12637000
2006-10-24,24.07711410522461,24.196786813362852,23.843466457668015,23.87765959166087,11380200
2006-10-25,23.93465232849121,24.208190951378388,23.75799101679894,24.071422726880662,8889400
2006-10-26,23.997344970703125,24.020140405401307,23.71240855865278,23.88906774283292,6373100
2006-10-27,23.63261604309082,23.894756902109854,23.59842290647869,23.832070571933276,7309000
2006-10-30,23.889060974121094,23.91185640236043,23.49015184939111,23.638317785163434,8921300
2006-10-31,23.889060974121094,24.071422226144108,23.706701895989763,24.037229083785103,10009500
2006-11-01,23.85487937927246,24.020143038109403,23.79789078628082,24.020143038109403,6753600
2006-11-02,23.96314811706543,23.991641319090654,23.718102666642945,23.780789015433623,8055200
2006-11-03,23.501554489135742,23.99164325564772,23.484456827426943,23.96315005132258,7381900
2006-11-06,23.837779998779297,23.877670920418286,23.501554963613387,23.67821413833115,7915600
2006-11-07,23.746599197387695,23.98024913886594,23.740901425740745,23.83778093487712,16560500
2006-11-08,23.951749801635742,24.077122496077298,23.56423617689995,23.718102072653153,7647600
2006-11-09,23.985937118530273,24.00303260038437,23.854866685235628,23.95174398093069,7620300
2006-11-10,23.917558670043945,24.06002684954358,23.917558670043945,23.991640558181587,8642600
2006-11-13,24.232803344726562,24.285343843084675,23.84750709908469,24.051832249123052,10226300
2006-11-14,24.092687606811523,24.308686360915647,23.86501294343799,24.285334542376827,8263400
2006-11-15,23.993444442749023,24.34371505386231,23.929230279649392,24.040148081678293,10242900
2006-11-16,24.326208114624023,24.396263596168453,23.970102771394153,24.11020928057739,7781900
2006-11-17,24.413768768310547,24.413768768310547,24.09852588015739,24.326200557061743,6196800
2006-11-20,24.454639434814453,24.518855842142013,24.314532934238567,24.39042302748689,7821800
2006-11-21,24.55388641357422,24.664804258239577,24.46631817039693,24.507182756692217,8403500
2006-11-22,24.60642433166504,24.664801669687954,24.37291052566798,24.553883836663335,4708400
2006-11-24,24.448802947998047,24.670638614966773,24.326206974517454,24.442963877999933,1877600
2006-11-27,23.993444442749023,24.55971381652999,23.964255781894266,24.518849245942917,7251700
2006-11-28,24.168582916259766,24.209447490320578,23.812475433485034,23.93506915566747,6660800
2006-11-29,24.431285858154297,24.48382634884301,24.209450210315293,24.256151631509418,7239100
2006-11-30,24.501333236694336,24.588899207614297,24.25614361882453,24.48381826094892,6392200
2006-12-01,24.565563201904297,24.670641979721932,24.343725277727053,24.623940548131095,6326900
2006-12-04,24.810747146606445,24.90998906625558,24.518856003705192,24.548044672604778,5170900
2006-12-05,24.95667839050293,25.353650295104465,24.816569742487097,24.950841550855,6714000
2006-12-06,25.07928466796875,25.102636492197544,24.834097194424036,25.073447825387817,5631500
2006-12-07,25.266096115112305,25.353664347024612,25.079285965521844,25.102637790958813,5775800
2006-12-08,25.54630470275879,25.622197002236362,25.248576800119185,25.40619824044088,7236300
2006-12-11,25.441232681274414,25.563826424882667,25.31863671071351,25.39452903021261,4611700
2006-12-12,25.125980377197266,25.441223223818902,24.991710770736606,25.38868274938196,5350600
2006-12-13,25.447067260742188,25.49960775003707,25.190203883607442,25.2193925494485,5026700
2006-12-14,25.505435943603516,25.651381450271554,25.32446494058424,25.400355000646396,4642600
2006-12-15,25.34198760986328,25.657230562148726,25.172690221381927,25.505445928699036,7394700
2006-12-18,25.382850646972656,25.5404721135362,25.248581003667216,25.30112149252173,5196400
2006-12-19,25.68057632446289,25.68641316577803,25.242739736409856,25.38284619749368,5906800
2006-12-20,25.604692459106445,25.82653036033361,25.534639205490997,25.68642162614993,5868000
2006-12-21,25.61052894592285,25.803178174375216,25.52879978001679,25.686421268672518,5511700
2006-12-22,25.435380935668945,25.674731460698485,25.406192281777837,25.610515085967126,3559600
2006-12-26,25.575502395629883,25.63971657555646,25.394529087784097,25.487934163166805,2226100
2006-12-27,25.879066467285156,25.896579220980044,25.581336292757623,25.657228603689482,3802900
2006-12-28,25.896581649780273,26.05420312867456,25.698095590463687,25.884905737237812,3414800
2006-12-29,25.879066467285156,26.08338935023354,25.74479459911633,25.785659175706005,3300500
2007-01-03,25.61052894592285,25.90825916681237,25.39453011789215,25.48209835390736,7579100
2007-01-04,25.417877197265625,25.60468732071934,25.026741970254683,25.54047092322856,9776100
2007-01-05,25.417877197265625,25.581335498549542,25.30112031336897,25.336148046623666,5701000
2007-01-08,25.517114639282227,25.598843775633494,25.248575412141786,25.39452093475532,4538500
2007-01-09,25.563814163208008,25.773976038276743,25.447057318508538,25.604678724810086,6832800
2007-01-10,25.838199615478516,25.85571459609309,25.371174293217162,25.557984422121706,6374800
2007-01-11,25.984149932861328,26.03669043043517,25.750638342385333,25.814854753525893,5626900
2007-01-12,25.81484031677246,26.083379497770117,25.73894803450736,26.07754043077581,7103000
2007-01-16,26.01917266845703,26.0658763137399,25.785658895947446,25.89657894001807,5377700
2007-01-17,26.188472747802734,26.305229646120097,25.914094370799827,26.01917535659019,9439700
2007-01-18,26.030851364135742,26.264365161622845,25.98998678361839,26.194309686205145,4690400
2007-01-19,26.15928077697754,26.211821263238736,25.861550612513337,26.07754939960832,5116900
2007-01-22,25.890722274780273,26.153424533575233,25.803156339815864,26.153424533575233,4918000
2007-01-23,26.182628631591797,26.27019684518997,25.919928444701643,26.007494431347634,6140200
2007-01-24,25.77982521057129,25.966635360673404,25.709771961021158,25.949122605024034,11019000
2007-01-25,25.102642059326172,25.768153608772568,25.020912883352477,25.674748518095058,10630200
2007-01-26,25.061771392822266,25.15517646084518,24.834096678700938,25.114311882769684,8542300
2007-01-29,25.236892700195312,25.482082270107313,24.95667763954684,24.974190384915076,8262100
2007-01-30,25.552148818969727,25.598850239984326,25.38285143551773,25.38285143551773,5818200
2007-01-31,25.890722274780273,25.943262726539267,25.482076791044634,25.552129984406335,7350900
2007-02-01,25.96663475036621,25.989986575318287,25.803176429606864,25.83820194008238,6086700
2007-02-02,26.001651763916016,26.1184086135697,25.931596317952796,25.966624040934406,4724100
2007-02-05,25.99582290649414,26.100903889757948,25.86155325609096,25.954958327108503,3520900
2007-02-06,26.13593101501465,26.1884715054173,25.937444965377125,26.095066436585086,4016600
2007-02-07,26.106739044189453,26.200144101199253,25.954954434703392,26.124251796456225,3362000
2007-02-08,25.890722274780273,26.17677634034609,25.768128629659582,26.11255998520167,6018400
2007-02-09,26.01333999633789,26.211826066703612,25.93160860399093,25.960799500448356,4946700
2007-02-12,26.112565994262695,26.211810082401588,25.919919111448124,25.978296414858267,5649800
2007-02-13,26.211820602416992,26.252685176595207,26.10090056368845,26.18262971204489,5110800
2007-02-14,26.281879425048828,26.299392181431823,26.10090611026449,26.24101484218668,5361000
2007-02-15,26.258522033691406,26.410306646685985,26.176792885287682,26.21182061758311,4127300
2007-02-16,26.457012176513672,26.49203991425545,26.188472868017865,26.270202029129404,6806600
2007-02-20,26.73722267150879,26.795602224092566,26.29938604841546,26.369439284563768,7022100
2007-02-21,26.83646011352539,26.924026080163504,26.702190516452276,26.702190516452276,5621200
2007-02-22,26.8831844329834,26.906536268106652,26.74307787615102,26.766427484320705,4804000
2007-02-23,26.859811782836914,26.976568641018833,26.754733060120216,26.883163599863668,3857700
2007-02-26,26.73722267150879,26.941547765123676,26.713870850475278,26.85397954972412,5905200
2007-02-27,25.95496368408203,26.708043477253643,25.686424327850496,26.585449713793988,9690200
2007-02-28,25.505435943603516,26.013327910213512,25.32446494058424,26.013327910213512,11700600
2007-03-01,25.744787216186523,25.943273199966836,25.067600135104005,25.388682040448455,10729800
2007-03-02,25.493772506713867,25.960800138070486,25.47042290670827,25.744799079134573,6448300
2007-03-05,25.050092697143555,25.528793895932186,25.0150649654204,25.371172443606334,6868500
2007-03-06,25.1610164642334,25.248584700797615,24.699830135593103,25.20188104744263,7306100
2007-03-07,25.1610164642334,25.25442154399061,24.898316208446268,25.055935471137442,5990100
2007-03-08,25.47625160217285,25.779818574686946,25.33614513913686,25.686413523678922,6853100
2007-03-09,25.773988723754883,25.97247478934966,25.557987675316102,25.569663588227876,6217700
2007-03-12,26.077558517456055,26.20599135698964,25.738965886349032,25.744802730440057,7331500
2007-03-13,25.382850646972656,26.054201090452295,25.353661981376245,26.04836202116155,8612900
2007-03-14,25.48209571838379,25.61052629711616,25.137664107008195,25.435392070152005,6574100
2007-03-15,25.377012252807617,25.54047055171385,25.33614767808106,25.394525005704057,5665500
2007-03-16,25.382850646972656,25.52879620190715,24.81074433886374,24.81074433886374,9813600
2007-03-19,25.61052894592285,25.826530000906306,25.48209835390736,25.48209835390736,4978200
2007-03-20,25.867401123046875,25.890750728527916,25.53464530519398,25.65723908504435,3929600
2007-03-21,26.042530059814453,26.095070558516312,25.581341485315136,25.84404397882442,4548900
2007-03-22,25.97246742248535,26.07754615498128,25.902411964885335,26.007492924333313,6240800
2007-03-23,26.29938316345215,26.3519236415379,25.884898406860064,26.27019450383828,6040700
2007-03-26,26.340255737304688,26.556256783386022,26.065879581206957,26.556256783386022,5300500
2007-03-27,26.293548583984375,26.381114570358083,26.16511579829366,26.194304460418227,4722700
2007-03-28,26.170955657958984,26.293549378759117,25.954954652413328,26.182629341599934,5982800
2007-03-29,26.19430923461914,26.4453357831567,26.071715495180584,26.439498940448825,5264800
2007-03-30,26.29938316345215,26.427815938095545,26.100897160345067,26.24100584422441,4770700
2007-04-02,26.165117263793945,26.351927384196976,25.83819843961249,25.849874350506717,4659500
2007-04-03,26.421966552734375,26.474507010304098,26.235156531808943,26.27018424583913,5775600
2007-04-04,26.404468536376953,26.5562531548817,26.29355072050991,26.29355072050991,3213000
2007-04-05,26.725540161132812,26.743055136058747,26.34608318432998,26.41029956283782,4870000
2007-04-09,27.140039443969727,27.22176860766107,26.743067311509463,26.82479647520081,7927500
2007-04-10,27.03495216369629,27.099166329545763,26.88900662622062,27.011600343231663,5558300
2007-04-11,27.1108455657959,27.28598201381456,26.99409090305338,27.03495548040375,8634100
2007-04-12,27.221759796142578,27.437758548402602,26.941544656925043,27.14003065890646,5691700
2007-04-13,27.811391830444336,27.97485018188931,27.361879137017638,27.554528388608944,9533300
2007-04-16,28.079917907714844,28.07991790771484,27.682945904548767,27.823054587352306,9647200
2007-04-17,28.61116600036621,28.681221471097576,28.050735596230105,28.050735596230105,14330000
2007-04-18,28.535276412963867,28.58197783398198,28.35430311750648,28.44770818649521,6733000
2007-04-19,28.476896286010742,28.605329088420277,28.20835699638396,28.605329088420277,6564200
2007-04-20,28.23171615600586,29.01398463159327,27.82890488994143,28.973120043290074,12582100
2007-04-23,28.395166397094727,28.488571461810736,28.155815779575438,28.255059913496922,6815100
2007-04-24,28.295930862426758,28.40684870583331,28.09744477683672,28.278415877818315,6624200
2007-04-25,28.389324188232422,28.57613428235057,28.208350935263972,28.436025598285966,6984800
2007-04-26,28.739593505859375,28.844674465635624,28.44770244580358,28.476891106418748,6849500
2007-04-27,28.576135635375977,28.663701618479447,28.430190103251434,28.488567425320415,4018000
2007-04-30,28.185001373291016,28.546947908205844,28.17332546310484,28.517757019264337,8216000
2007-05-01,28.687049865722656,28.722077590773335,28.144132375672076,28.144132375672076,6510400
2007-05-02,29.20078468322754,29.22413650471407,28.751272140897008,28.797975783870072,9376900
2007-05-03,29.136566162109375,29.20078255303663,28.94391921627971,29.18910664314512,7951100
2007-05-04,29.14240074157715,29.19494121853476,28.926401992730057,29.17159162751621,4896500
2007-05-07,28.8972225189209,29.18911365547566,28.850518868134873,29.14241000468963,8175600
2007-05-08,28.792133331298828,29.101537135300525,28.780457421927743,28.86802562873487,4710500
2007-05-09,29.095703125,29.159919519312986,28.751271559373077,28.833000705970612,6302700
2007-05-10,29.18911361694336,29.259166866077283,28.973114799724716,29.019816223496452,12465900
2007-05-11,29.56856918334961,29.632783354411163,28.943922410409083,29.072352979484545,10294800
2007-05-14,29.55689811706543,29.685328707192927,29.469329882337515,29.539383133948217,7406000
2007-05-15,29.930511474609375,30.28661894690571,29.55689125021722,29.63278132726724,9826300
2007-05-16,30.339153289794922,30.409206510952306,29.6211016488144,29.942181324983483,11052900
2007-05-17,30.508459091186523,30.514298160719864,30.070622408192182,30.123162899229605,13334500
2007-05-18,30.549318313598633,30.6018565646416,30.251588195976623,30.6018565646416,13455300
2007-05-21,30.5142879486084,30.54931567322825,30.350829687619335,30.54931567322825,11852000
2007-05-22,30.648563385009766,30.69526702672398,30.327483642557244,30.432564609462027,9919600
2007-05-23,30.10564422607422,30.648561784411385,29.977211445019634,30.560993574246517,7066400
2007-05-24,29.74953842163086,30.3975369773402,29.621107860402205,30.234078684711612,8137100
2007-05-25,29.71451187133789,29.94218655004357,29.615267749340564,29.73786146449714,4974500
2007-05-29,29.54521942138672,29.72619048991647,29.2708410569029,29.72619048991647,6444300
2007-05-30,29.323383331298828,29.492680725086085,29.066519932656274,29.440140231391855,8187000
2007-05-31,29.51019287109375,29.67365341862855,29.364247305730323,29.568572433410676,7874100
2007-06-01,29.74370574951172,29.9071640650548,29.51019196134801,29.516031030875993,3883200
2007-06-04,29.831268310546875,29.895484706235873,29.45181123221994,29.743702320295554,4921300
2007-06-05,29.685327529907227,29.889652660518152,29.440140045517268,29.831273097363905,6008300
2007-06-06,29.5627384185791,29.702847165144057,29.46349648610003,29.685332179977827,7469600
2007-06-07,29.311697006225586,30.053100497452668,29.311697006225586,29.58607528993415,8293000
2007-06-08,30.012243270874023,30.05310784734138,29.516029284083316,29.76705581206988,11979600
2007-06-11,29.91883659362793,30.134835375732848,29.761215138485763,30.04726938528872,6096600
2007-06-12,30.0531063079834,30.415050635420346,29.97721400116601,30.018078575540233,8642100
2007-06-13,30.467594146728516,30.485109128165874,29.9188396456622,30.00640787199148,7453100
2007-06-14,30.502622604370117,30.666080921969673,30.22240739121978,30.415054375968893,5096100
2007-06-15,30.45591163635254,30.706938122027857,30.432562044415686,30.64272396051149,6414900
2007-06-18,30.590198516845703,30.654412709923925,30.175711322176113,30.397549256751695,5850500
2007-06-19,30.636899948120117,30.870413797859857,30.467602518406462,30.502630263953357,6007300
2007-06-20,29.965534210205078,30.631045402325395,29.94801923407698,30.59601767702102,7595500
2007-06-21,29.81374740600586,29.988881565574378,29.562720960742038,29.959692910138234,4973700
2007-06-22,29.434297561645508,29.825432795077052,29.20078601697137,29.749540485255583,10489500
2007-06-25,29.948034286499023,30.26911413550491,29.300035517859115,29.53938619369473,10828900
2007-06-26,30.21072769165039,30.321645503694693,29.88964793935181,30.064782147246284,8576900
2007-06-27,29.971389770507812,30.15819996823892,29.883821516029318,30.093983545215124,8439800
2007-06-28,29.685327529907227,30.04727414060568,29.650302018967306,29.98305773461232,5495800
2007-06-29,29.632783889770508,29.988891392861337,29.4634887419826,29.901325397857743,6572000
2007-07-02,29.994733810424805,30.006409723119177,29.661978092969484,29.883813753304604,11794500
2007-07-03,30.006412506103516,30.39170875294199,29.971384764771706,30.029762106705203,4829700
2007-07-05,29.895490646362305,30.280786870100997,29.831274237913735,30.006410707119905,6198900
2007-07-06,30.023914337158203,30.134832137248402,29.7728878496812,29.977210699045255,5881800
2007-07-09,29.8546199798584,30.035593255245473,29.661973020725817,30.029754186420455,5002700
2007-07-10,29.387603759765625,29.83711643912611,29.33506325888056,29.702846765076035,6506400
2007-07-11,29.60944175720215,29.702846844920803,29.32338742340273,29.32338742340273,4307600
2007-07-12,30.152341842651367,30.15817868291885,29.480991637356645,29.772882643667106,6588100
2007-07-13,30.304149627685547,30.64858139337495,30.006421531152313,30.199068599037695,6972200
2007-07-16,30.415058135986328,30.689436540407407,30.25159979817947,30.689436540407407,6155500
2007-07-17,30.4500789642334,30.590187669797842,30.356673902841212,30.368349813884276,5487100
2007-07-18,30.473424911499023,30.847045085039394,30.30996441536119,30.490937661211262,5086900
2007-07-19,30.7478084564209,30.782836191321447,30.45008050409974,30.759484368054416,3352500
2007-07-20,30.40921401977539,31.068888510507445,30.327484870418772,30.782834260806972,7519200
2007-07-23,30.648563385009766,30.864562160557497,30.29245591127158,30.736131599747818,5430000
2007-07-24,30.093965530395508,30.812017215638814,30.058940031133616,30.18153373245401,7149500
2007-07-25,29.74953842163086,30.35667240418305,29.65029652309271,30.128997717464035,8704500
2007-07-26,28.8972225189209,29.796247753978186,28.523602220443234,29.568573023777898,17238600
2007-07-27,28.465219497680664,28.914732065319086,28.29592434975254,28.722085094589705,11279000
2007-07-30,28.24921226501465,28.558616030367016,28.050726284404213,28.494401877275408,8493700
2007-07-31,27.945653915405273,28.54695110917976,27.93981707313378,28.28424866791444,8498400
2007-08-01,28.179170608520508,28.237547945088295,27.729657990700105,27.834738978084232,12486900
2007-08-02,28.599496841430664,28.768792021774765,28.062415948925594,28.068255019220146,12158900
2007-08-03,28.325115203857422,28.844681053101368,28.29008746694845,28.628682242877467,7738200
2007-08-06,28.873851776123047,28.914716330311094,28.173313061976042,28.179152127975012,9994700
2007-08-07,29.031484603881836,29.364240234624447,28.605323922877297,28.605323922877297,7281700
2007-08-08,29.358417510986328,29.77290248165433,28.208365467207226,29.049011323809633,10242300
2007-08-09,29.148242950439453,30.28661858921968,28.611162214004523,28.89721644758707,13259000
2007-08-10,28.844676971435547,29.148243967499347,28.365975769514392,28.984785672292784,8513100
2007-08-13,28.43602752685547,29.18327018095904,28.37181113509362,29.008133757262303,6793800
2007-08-14,28.021547317504883,28.43603217044104,27.659602954867143,28.377654837643906,10058200
2007-08-15,27.76468849182129,28.459388664702796,27.72966075022324,28.138308827722366,8208200
2007-08-16,28.06241798400879,28.22587633286514,27.227609027573045,27.350202789215306,10930100
2007-08-17,27.7705135345459,28.72207895421824,27.630407081595912,28.698727136409268,12152000
2007-08-20,28.190841674804688,28.441868187405774,27.82305828218761,27.863922856150367,5143600
2007-08-21,28.295930862426758,28.511929705672323,28.056580191005207,28.32511953417028,5581100
2007-08-22,28.815492630004883,28.868033122337287,28.3484672686905,28.38349277894371,6384800
2007-08-23,29.10154914855957,29.206630149325257,28.89722621760013,28.99646814779388,6666200
2007-08-24,29.259151458740234,29.457637415894457,28.9730995430174,29.12488187404053,5848300
2007-08-27,28.879709243774414,29.516031999093734,28.833005593828634,29.18911313033109,4535200
2007-08-28,28.395166397094727,28.949759943137693,28.313437243837274,28.949759943137693,5773500
2007-08-29,28.716236114501953,28.7862915587273,28.120778200296247,28.430184178245803,6750400
2007-08-30,28.506088256835938,28.727923907810638,28.38933136177146,28.471060520230832,4129700
2007-08-31,28.75126838684082,28.9205657300846,28.67537609039499,28.768781137192942,4083600
2007-09-04,28.990625381469727,29.066517694729896,28.646193777538162,28.681221512954963,5795100
2007-09-05,28.74542808532715,29.18910144746994,28.59364351070735,28.82131814568534,4145500
2007-09-06,29.04899787902832,29.113214269795595,28.494406635751922,28.722081310688903,5867600
2007-09-07,28.74542808532715,28.943914064248013,28.60531941852054,28.89721043299524,5818900
2007-09-10,29.27668571472168,29.551061904626028,28.891389453175652,28.891389453175652,8932700
2007-09-11,30.216556549072266,30.67190804161746,29.732018627701272,29.77872003155491,17275900
2007-09-12,29.889652252197266,30.327488948586037,29.866300427254572,30.286624368412625,7697100
2007-09-13,31.69937515258789,31.921213027096506,30.741972636327834,30.759485390884233,20106400
2007-09-14,32.370731353759766,32.405756869078026,31.00468058252504,31.465869167807295,15606300
2007-09-17,31.897863388061523,32.364888766161094,31.60597224838021,32.28315960336275,11722300
2007-09-18,32.119693756103516,32.21893565141781,31.880343166693116,32.090505094361205,11114400
2007-09-19,32.34736633300781,32.53417642835946,31.962070232976043,32.02044755266643,11841900
2007-09-20,32.032127380371094,32.475803081318524,31.985425964296365,32.3415334480443,8232600
2007-09-21,31.99127197265625,32.38824414432109,31.932894629097916,32.38824414432109,10275600
2007-09-24,32.084678649902344,32.3415443189864,31.938733056814776,32.037977218129896,4712800
2007-09-25,31.61180877685547,32.04964545117783,31.460024149330327,31.99126589176336,13574500
2007-09-26,31.99127197265625,32.06132523031684,31.64100345740041,31.728569472737913,7709300
2007-09-27,31.851160049438477,32.078834768393975,31.55926892730014,32.00878152262748,6750300
2007-09-28,31.798616409301758,32.04964292763733,31.58845446586246,31.792777340343825,7248000
2007-10-01,32.69763946533203,32.82023541765315,31.91537124205369,31.962074886166942,8244300
2007-10-02,32.662601470947266,32.94865338743841,32.50498007275866,32.90195198813334,7950600
2007-10-03,32.75603103637695,32.83192337242443,32.42327524433829,32.662625940838964,5764200
2007-10-04,32.71515655517578,32.919479443967376,32.604236506729656,32.82023753425502,4871400
2007-10-05,32.907798767089844,33.018718799474584,32.6509354259528,32.73266456963495,6022800
2007-10-08,33.19969177246094,33.24639541554399,32.70347781294105,32.756018297933345,4218900
2007-10-09,33.4974250793457,33.5441264998676,33.1004529836234,33.28726311961596,6463400
2007-10-10,33.2930908203125,33.58498185602122,32.85525426674941,33.37481995399864,6543900
2007-10-11,32.837745666503906,33.520769707430155,32.66261146833965,33.45655554209991,7967400
2007-10-12,33.28726577758789,33.48575184129806,32.79688857471292,33.18802163225648,12560300
2007-10-15,32.802703857421875,33.479890766111836,32.65092154467723,33.44486527768294,9406200
2007-10-16,33.1646728515625,33.30477935472362,32.715160218927856,32.837753965932016,9601700
2007-10-17,33.252227783203125,33.4448769445704,32.954499892942394,33.4040123758474,5481800
2007-10-18,33.15298843383789,33.33395947290978,33.08293297327573,33.211365757354216,3710400
2007-10-19,32.93699264526367,33.316451988973256,32.8786153125172,32.89612806695064,8936500
2007-10-22,32.70347213745117,32.843578588481144,32.464121575569074,32.709308978347465,11976700
2007-10-23,33.25806427001953,33.25806427001953,32.51082172789758,32.80855182200255,8997200
2007-10-24,33.363162994384766,33.42154034000533,32.82608206147306,33.20554148886567,8250200
2007-10-25,33.900230407714844,34.02282412885218,33.24055593257472,33.3631518806643,7870900
2007-10-26,34.13373947143555,34.186279948546684,33.62584745037724,33.93525347201035,5832200
2007-10-29,34.54823684692383,34.75255976205805,34.10456104984274,34.10456104984274,6293800
2007-10-30,34.54823684692383,34.74088384877142,34.22131795575633,34.343913931789615,4553700
2007-10-31,34.8809928894043,34.93937022940043,34.34391423519097,34.57742582212829,7662000
2007-11-01,34.44314193725586,34.85762667016795,34.349736895656626,34.64746476983172,6922800
2007-11-02,34.4548454284668,34.70587209627626,34.15127824351225,34.55992646275698,7664700
2007-11-05,34.83428192138672,34.96271471475339,34.30304022194135,34.44314892624611,7026200
2007-11-06,34.87514877319336,34.98022751788234,34.670823671912046,34.85763379328494,7524500
2007-11-07,34.081207275390625,34.945204710190055,34.00531496180042,34.77590732870134,9703100
2007-11-08,34.65916061401367,34.78759345519288,34.33224389385296,34.56575551868873,17443800
2007-11-09,34.04033660888672,34.60076691603881,33.91774066979863,34.443145474598765,10049800
2007-11-12,34.17461395263672,34.589098821770754,34.157098970551104,34.589098821770754,16654300
2007-11-13,34.21056365966797,35.04935249687642,34.01285055199991,35.04935249687642,16885600
2007-11-14,33.97090148925781,34.570035546262304,33.899006042361485,34.486157143964085,8255100
2007-11-15,34.25849151611328,34.33038697550426,33.69530622743897,33.905002269627424,8701800
2007-11-16,34.82766342163086,34.95348102525165,34.44421799030175,34.44421799030175,12450900
2007-11-19,35.1092529296875,35.318951209620394,34.67787798609698,34.67787798609698,10722600
2007-11-20,35.037357330322266,35.23507265461827,34.689860786049614,35.109252773014035,9414700
2007-11-21,34.348358154296875,34.98943144173749,34.34236553356464,34.81568200874495,9121100
2007-11-23,34.582027435302734,34.74978428323611,34.33038987788703,34.641939942274476,4688500
2007-11-26,34.04280471801758,34.65392187011957,34.00086550728156,34.65392187011957,10468900
2007-11-27,34.426239013671875,34.61796171039739,34.08473281728488,34.150637922818305,7532200
2007-11-28,34.73181915283203,34.86961977967302,34.40229343047728,34.51013779679044,10942200
2007-11-29,34.95948028564453,34.98943882459675,34.492156332589936,34.55206883946312,6500000
2007-11-30,35.03136444091797,35.708384190794504,34.86959799252281,35.34890471803732,11931700
2007-12-03,35.84619140625,36.157739101845934,34.809687485671674,35.01938577505224,10450500
2007-12-04,35.96601486206055,36.22963529632278,35.61851831532613,35.702396713313234,9330500
2007-12-05,35.65446472167969,35.864163001147894,35.384856239601156,35.61252552288903,9485400
2007-12-06,36.115806579589844,36.18171170313902,35.39684741309269,35.83421507740079,6427700
2007-12-07,36.04389953613281,36.40937162343763,35.91208933139606,36.21764893591948,6121900
2007-12-10,37.08639907836914,37.23018997229976,36.367437752170886,36.54717751234168,8786700
2007-12-11,37.823333740234375,38.03902236690371,36.99652809984029,37.05644059146397,12972200
2007-12-12,36.942626953125,38.158869051802384,36.60711086687908,38.10494686446851,10201300
2007-12-13,36.85273361206055,37.296093805089,36.607088748299034,36.83476032231445,7731800
2007-12-14,36.64303207397461,37.14630468042024,36.613075833754614,36.672988314194605,6799200
2007-12-17,35.80425262451172,36.54717991028184,35.774296376770266,36.54717991028184,7289000
2007-12-18,35.84619140625,36.24161978890718,35.666449362348075,36.12778285636729,7369900
2007-12-19,35.25904846191406,36.00796624815281,35.199135953221244,35.92408782177658,6180600
2007-12-20,35.22310256958008,35.44478159875951,34.88758657190426,35.44478159875951,6540100
2007-12-21,35.96601486206055,36.097825079191665,35.34890754642835,35.46873480877347,9803500
2007-12-24,36.13376998901367,36.24161428477014,35.94803763842983,36.043898980711724,2926200
2007-12-26,35.87615203857422,36.24761455606398,35.8342128326729,35.95403782923937,3314100
2007-12-27,35.462745666503906,35.90011327426914,35.4447723753197,35.73235646184279,4189400
2007-12-28,35.64849090576172,35.82224040155734,35.45077548940478,35.80426481837836,5471700
2007-12-31,35.29497528076172,35.912082419594874,35.24704576086427,35.780274525741184,4346000
2008-01-02,34.8096923828125,35.63649813032798,34.68387476279274,35.63649813032798,7858300
2008-01-03,34.70783996582031,35.22908601345055,34.59400530511254,34.98943373530018,6514700
2008-01-04,34.180606842041016,34.4322444032636,33.809144265062194,34.348365978027964,9687500
2008-01-07,34.76775360107422,34.89956384395278,34.072758086331994,34.36633482214823,10784500
2008-01-08,34.19856643676758,35.13321392165498,34.12666871830346,35.01338667639606,10080800
2008-01-09,34.4322509765625,34.4681975739455,33.611435291737024,34.186605990542205,11600400
2008-01-10,34.85163497924805,35.043360024064626,34.12668315279641,34.564050840296545,10767000
2008-01-11,32.544960021972656,34.0907269019436,31.945825997583594,34.0907269019436,33215200
2008-01-14,32.92841720581055,33.13811556063558,32.18549202981554,32.88647799194869,12932700
2008-01-15,32.20943832397461,33.066200006840496,32.01771565366338,32.586893331062434,10107000
2008-01-16,31.400625228881836,32.25139703278275,31.286790546785653,31.999759465102066,13246000
2008-01-17,31.142990112304688,31.778073078409907,31.107041243670928,31.55639181677452,12878400
2008-01-18,31.394624710083008,31.92785364169699,31.310744024383567,31.42458095507531,11754400
2008-01-22,31.424585342407227,31.526437046704046,29.57925113865374,29.57925113865374,16883500
2008-01-23,31.760095596313477,31.78406150729847,30.489932025804706,30.939282571955527,19158300
2008-01-24,32.35324478149414,32.46707944960643,31.748120282874474,32.233417491867,10305400
2008-01-25,32.41315460205078,32.80259268974241,32.34725176944759,32.6288432484329,12779800
2008-01-28,30.597766876220703,30.813455437345773,29.573248496390995,30.61574016114301,49724500
2008-01-29,30.406049728393555,30.81346102089597,29.99863843589114,30.81346102089597,20685000
2008-01-30,30.561826705932617,31.023160195993295,30.436009104692893,30.459975015076175,13593900
2008-01-31,32.10160827636719,32.10160827636719,30.022612081914556,30.106490495722667,18338600
2008-02-01,32.48505783081055,32.57492659164644,31.66424231164577,32.15553218453202,11656900
2008-02-04,32.281349182128906,32.52699409631882,31.93385027226659,32.49104522393172,6079100
2008-02-05,32.25738525390625,32.65281373245666,31.68221697338121,31.97579144998613,13425000
2008-02-06,32.19147491455078,32.46707605199128,32.07164763746333,32.46707605199128,11636200
2008-02-07,32.62883758544922,32.868492103283316,31.933842226348176,31.975781424141914,11229000
2008-02-08,33.33582305908203,33.797156619416285,32.83854291321223,32.89246507703092,12940600
2008-02-11,33.539527893066406,33.75521654278312,33.066211387911984,33.38974436248706,5904900
2008-02-12,33.773189544677734,34.04280035450529,33.50357873485019,33.76120658807259,9506600
2008-02-13,33.934959411621094,34.192587290511774,33.46164286337862,34.192587290511774,7739000
2008-02-14,33.299888610839844,34.01285767185057,33.25195676530155,34.01285767185057,5610900
2008-02-15,33.132102966308594,33.23395691394387,32.85650193120149,33.162059203078606,6972300
2008-02-19,33.35378646850586,33.545511438450376,33.25193479231518,33.44365747674502,7853300
2008-02-20,33.67133712768555,33.79116440568035,32.958366080649874,33.11414222769768,8007600
2008-02-21,33.09018325805664,33.76121295590324,33.02427812705537,33.71927374263256,5764400
2008-02-22,33.365779876708984,33.365779876708984,32.586905941473354,33.1620741749844,5963300
2008-02-25,33.58147048950195,33.64737561529375,33.02427551664568,33.31785227185033,5236600
2008-02-26,33.82112121582031,34.04280019820953,33.35978767345906,33.35978767345906,9346700
2008-02-27,33.15008544921875,34.1506381361609,33.01228261741627,33.683314345662396,13814900
2008-02-28,32.9480094909668,33.237555990097725,32.75497849154618,33.177234665695416,6969500
2008-02-29,32.640357971191406,33.032451072912146,32.5378089869128,32.75496937610478,7461200
2008-03-03,32.067317962646484,33.02041091304951,31.7717378334003,32.56196038210995,7495800
2008-03-04,32.3508186340332,32.3508186340332,31.741562708647738,31.9104665489415,7887800
2008-03-05,32.53781509399414,32.67655596843835,32.13365719467112,32.47146256360755,7087700
2008-03-06,31.99492073059082,32.69465871182797,31.97079127924547,32.356853296326506,6526200
2008-03-07,31.53044319152832,31.838085681753114,31.367572825722927,31.699344770388095,8053000
2008-03-10,32.453365325927734,33.01436235353184,31.92856247146647,32.96610575711894,17599500
2008-03-11,32.724815368652344,33.05658723014001,32.24223790638747,33.05658723014001,9330900
2008-03-12,32.39306640625,32.954063821806514,32.332742742629016,32.85754826112542,7407900
2008-03-13,33.11088562011719,33.24962653140061,32.21208530330035,32.21208530330035,11973500
2008-03-14,33.04452133178711,33.285811204901314,32.42320301501756,33.285811204901314,10275000
2008-03-17,32.7429084777832,33.05658437645428,31.976815815836435,32.19397623038647,10530900
2008-03-18,33.08674621582031,33.46677695485961,32.58003933080483,33.08674621582031,10415700
2008-03-19,32.368919372558594,33.47281765600036,32.32669398149799,33.18326882999733,8740500
2008-03-20,32.827362060546875,33.0324577695727,32.39304349522402,32.543849095945625,13075600
2008-03-24,33.641719818115234,33.78046071993877,32.81530561981361,32.92388585621659,7874100
2008-03-25,33.9011116027832,34.08810914171219,33.39440451145491,33.58140205038389,7557800
2008-03-26,33.53916549682617,33.96142164935212,33.29787791046199,33.67790867784643,5240900
2008-03-27,33.44868850708008,33.913170114071505,33.430590267096186,33.677913704282226,8198700
2008-03-28,33.46677780151367,33.74425954765583,33.31597220455239,33.59345395069455,4778800
2008-03-31,33.641719818115234,33.78046071993877,33.51504364268217,33.51504364268217,6452300
2008-04-01,34.32939529418945,34.41384608317334,33.78046286468282,33.80459231899576,13339900
2008-04-02,34.178592681884766,34.52846289705864,34.00365757429783,34.41384912948227,8375000
2008-04-03,33.92522048950195,34.29318413055542,33.641705294501634,34.04586309910098,6786400
2008-04-04,33.61155700683594,33.97952308436392,33.41852599913456,33.91316824400823,7419700
2008-04-07,33.5693359375,33.925237335205956,33.44869096688399,33.7925276374172,6744800
2008-04-08,33.702049255371094,33.79856478859866,33.4185361708905,33.4305985990711,4893900
2008-04-09,33.62363052368164,33.84078873829048,33.412501221792546,33.653791195062446,7686800
2008-04-10,33.689979553222656,33.907140046208376,33.5331426977949,33.5331426977949,6762800
2008-04-11,33.41853332519531,33.68998165726879,33.261694158860976,33.42456453877204,5331500
2008-04-14,33.50297164916992,33.665841968446244,33.31597188234657,33.47281099029152,3883200
2008-04-15,33.756324768066406,33.86490498356449,33.58138972075162,33.65377806515757,6655700
2008-04-16,34.49225616455078,34.504320888386225,33.599487310724584,33.96745333381804,7441300
2008-04-17,34.582733154296875,34.63702094844883,34.29921795669286,34.45002352118686,5394100
2008-04-18,35.16788101196289,35.27043006189049,34.715464011891896,34.72149752718215,6762700
2008-04-21,35.39105987548828,35.39709338858293,35.0170626025058,35.3428032762862,6179000
2008-04-22,35.198028564453125,35.45138318662908,34.63703150939673,34.95070745531834,10915900
2008-04-23,35.40312194824219,35.855538749783875,35.04722063898496,35.2342204120221,8813400
2008-04-24,35.93998718261719,36.12095341966639,35.161829832083974,35.37899023698725,7197200
2008-04-25,35.99427795410156,36.1812777184521,35.74695687279187,36.042536848557475,7969600
2008-04-28,35.94602584838867,36.18731574857025,35.710769461322705,36.0425413482391,7705100
2008-04-29,36.31398391723633,36.494950151982735,35.680600945068655,35.680600945068655,7821800
2008-04-30,35.93998718261719,36.55527192836239,35.915857737381145,36.19333945426397,8486600
2008-05-01,36.74831008911133,36.75434360215792,35.80125103856426,35.91586477533952,6954300
2008-05-02,36.766414642333984,36.94134973295695,36.67593033998103,36.73625397525346,7353400
2008-05-05,36.7181510925293,36.79053944570552,36.374314468831116,36.77244120685591,5311900
2008-05-06,36.488929748535156,36.615605920265324,36.247639830001425,36.56131580365079,5146500
2008-05-07,35.81935501098633,36.60957506438392,35.74093543660327,36.43464227691438,6222700
2008-05-08,36.054603576660156,36.07269951253181,35.463445893373745,36.0304741280907,7987700
2008-05-09,35.73490905761719,35.94000484067015,35.62632880181787,35.62632880181787,5219400
2008-05-12,36.7181510925293,36.82070010897339,35.77109199902924,35.77109199902924,6268300
2008-05-13,36.89911651611328,37.255017857073554,36.651795401284005,36.736248478027825,6601200
2008-05-14,36.45875549316406,37.0981719685006,36.35620880526385,37.00768770179177,8562500
2008-05-15,36.71210861206055,36.724173333886824,35.98824141025681,36.43462691338741,6108400
2008-05-16,36.51305389404297,36.76640851776042,36.356217070683414,36.71814961758147,5691000
2008-05-19,36.46478271484375,36.71813493614947,36.43462206484689,36.651780125490326,4924600
2008-05-20,36.00032424926758,36.46480591833306,35.67458349936012,36.36225688175706,8618600
2008-05-21,35.45741271972656,36.16921535155576,35.234221071102084,36.054603921421226,7842600
2008-05-22,35.30661392211914,35.74696609260609,35.240259075683475,35.43932361499048,5111000
2008-05-23,34.82402420043945,35.21008611642956,34.570671930987395,35.21008611642956,5778800
2008-05-27,35.053253173828125,35.26438008821392,34.715447809700066,34.90847878888445,5896100
2008-05-28,35.40312194824219,35.62028238115993,35.19802623949886,35.21009096367327,5481600
2008-05-29,35.879676818847656,36.096837303941975,35.360905060258204,35.40916396855089,4506500
2008-05-30,35.78315353393555,35.97618452297155,35.46947760147431,35.91586320181439,5132200
2008-06-02,35.31867599487305,35.704738016639936,35.02912947854787,35.66251262682863,4930300
2008-06-03,34.72148513793945,35.535834527048166,34.51035589924054,35.40915836449544,9189000
2008-06-04,34.97483444213867,35.36089640958864,34.643062582680784,34.643062582680784,7601500
2008-06-05,35.24501419067383,35.51823182175158,35.07501313848795,35.19037066445828,7715900
2008-06-06,34.5771598815918,35.10537922771286,34.51037307491499,35.032521945925076,7365800
2008-06-09,36.010047912597656,36.16183533073458,35.21468100776697,35.439325738103804,11668400
2008-06-10,36.28932189941406,36.67789716607802,35.827887033182144,35.827887033182144,9083100
2008-06-11,35.670040130615234,36.289333020175675,35.603253301923615,36.289333020175675,6613400
2008-06-12,36.028255462646484,36.33790072328806,35.773251439684195,35.809681247562175,6261300
2008-06-13,36.39860534667969,36.62932275674841,36.06467365500375,36.19217446737421,5033700
2008-06-16,36.39253234863281,36.611106492074796,36.05860065885913,36.08895766409473,4520700
2008-06-17,35.949317932128906,36.62932697526861,35.864317380759275,36.592897174928204,5305400
2008-06-18,35.3421630859375,36.06467229429209,35.24501928264079,35.79145462374165,6248700
2008-06-19,35.5728874206543,35.80360486698621,35.13573906257096,35.257169419382045,6060400
2008-06-20,34.85038375854492,35.51824731146923,34.820024429337025,35.37253040598288,10426900
2008-06-23,34.613582611083984,35.24501847610859,34.571082342869914,35.06287413860674,7033900
2008-06-24,34.619667053222656,35.09931574574689,34.04894731934162,34.941455568315064,9697500
2008-06-25,35.24501419067383,35.45144503236695,34.47393435011689,34.81393877057928,8294300
2008-06-26,34.27357864379883,35.275373604861066,34.249292115798454,34.89894168521839,10465900
2008-06-27,34.30392837524414,34.72286047205196,33.496418861059304,34.38285841647123,14277700
2008-06-30,34.133934020996094,34.86858411025376,33.70892905233694,34.42536540393903,12268500
2008-07-01,34.783592224121094,34.82001970848516,33.818224514920765,33.921438808740724,12089100
2008-07-02,34.868595123291016,35.47574460854269,34.716807751978095,34.85038137988274,9864800
2008-07-03,34.72288131713867,35.14181598153462,34.15823206032893,34.97181253559628,5833800
2008-07-07,34.82609176635742,35.220737507233665,34.38894343446617,34.862519249954175,8011800
2008-07-08,35.530391693115234,35.615392258940524,34.80788456750857,35.03252925091708,9710800
2008-07-09,35.97359848022461,36.12538581558421,35.384662877880274,35.639666805651686,10559700
2008-07-10,35.481807708740234,36.00395652809266,35.29966336424523,35.906812723289256,8735000
2008-07-11,34.80181121826172,35.43324729156424,34.72288113007598,35.141815792215006,9801500
2008-07-14,35.26930618286133,35.51823732617894,34.91715844465588,35.1600191134935,7040200
2008-07-15,35.55465316772461,36.10108598402239,34.80786003085459,34.92321752942977,9576300
2008-07-16,36.52610397338867,36.63539103919266,35.33609183029066,35.53037943258867,10214600
2008-07-17,36.65361022949219,37.023971750233734,35.82788663887324,36.30753524167267,9482400
2008-07-18,36.69610595703125,37.0361104275358,36.374317542006686,36.677892217642224,7258000
2008-07-21,36.27717590332031,36.975398625385516,35.937171412525686,36.64753740027189,8614800
2008-07-22,36.5018196105957,36.79325103134023,36.12538764831206,36.12538764831206,9622000
2008-07-23,36.2225456237793,37.16362705564062,35.530395439263124,37.15755657862379,15047600
2008-07-24,35.43929672241211,35.9735886453119,35.21465217600152,35.63965706203339,8440300
2008-07-25,35.60931396484375,36.4228942701296,35.42716728824492,35.57288416630574,7949000
2008-07-28,35.087154388427734,35.87037744721401,35.03251086534752,35.63966009242082,7273300
2008-07-29,36.2468147277832,36.428959059864354,35.19644668615468,35.396804756616696,10151700
2008-07-30,36.702178955078125,36.90253703776315,36.36824727320909,36.45931828676011,7740100
2008-07-31,36.301448822021484,37.02395548842519,36.24073251638446,36.55037988490765,6960100
2008-08-01,36.28932189941406,36.738611182960035,36.08896147473911,36.32575169919804,7167600
2008-08-04,36.76289367675781,37.01182482436835,36.28931791205754,36.33181818242341,6068600
2008-08-05,37.8436279296875,37.89219868337285,36.841830368409916,36.908617181307285,13334700
2008-08-06,37.728271484375,37.89827261189941,37.291123080921786,37.5825568939517,9689800
2008-08-07,37.558265686035156,38.2868454958191,37.22433394874416,37.582552220115936,12579200
2008-08-08,39.87150192260742,40.217576912127015,37.37004692163156,37.88005253504327,27536700
2008-08-11,40.04150390625,40.67901267416595,39.32506737834306,39.48900032194779,14801100
2008-08-12,38.82111740112305,39.72577069061292,38.62682985048326,39.5921971310142,13159200
2008-08-13,38.11682891845703,38.91219294832988,37.6068234592306,38.863624529113,12390700
2008-08-14,38.61469650268555,39.03363102312985,37.64325850008739,38.03790649144402,9297900
2008-08-15,38.632911682128906,39.070057615346954,38.39005102893712,38.93648402448238,5169800
2008-08-18,38.426483154296875,38.99720502911412,38.274695815860966,38.790771840106665,6953500
2008-08-19,37.922550201416016,38.26255469233458,37.79504938585572,38.25041142664916,5645300
2008-08-20,37.90434646606445,38.050061060569774,37.6189854373616,38.031847315279535,4626500
2008-08-21,37.831478118896484,38.159337018817446,37.58254696957427,37.60076070954459,5135300
2008-08-22,38.50540542602539,38.796839112531416,38.06218673876301,38.06218673876301,5611000
2008-08-25,37.691829681396484,38.377906723278436,37.58254262203479,38.377906723278436,5997600
2008-08-26,37.72219467163086,37.8071952211148,37.163615992592945,37.68576487209862,5547000
2008-08-27,37.691829681396484,38.00147480552745,37.260751917873876,38.00147480552745,4890800
2008-08-28,38.41568374633789,38.45233494371527,37.694893175751936,38.079722592629835,5762500
2008-08-29,37.87201690673828,38.44620471130334,37.75595833894829,38.33625350806406,5955700
2008-09-02,38.42789077758789,39.27084945581253,38.11025414042837,38.11025414042837,9658900
2008-09-03,37.70097732543945,38.574477131248265,37.38334082058485,38.56226007373476,10104800
2008-09-04,36.662567138671875,37.591042953542754,36.62591594973624,37.57271619399168,7760100
2008-09-05,36.83361053466797,36.937454430768106,36.38159074270384,36.522083506701726,8913000
2008-09-08,38.128578186035156,38.17744643595306,37.21842916789523,37.420004873390525,10431000
2008-09-09,38.598934173583984,39.49076131431891,38.47676817883976,38.48287554651018,14469800
2008-09-10,38.60504150390625,38.953219693942074,38.23242918435325,38.7149927565667,8683800
2008-09-11,39.43578338623047,39.48465164830113,38.03085347403685,38.214107126634836,13363300
2008-09-12,39.13035583496094,39.62513873290212,38.83104594581936,39.16700935427738,9374700
2008-09-15,38.922672271728516,39.62513824232283,38.53173557963538,38.92877963809463,11333200
2008-09-16,39.27085494995117,39.75341850450402,38.55006446674145,38.78218402832596,15780900
2008-09-17,38.189659118652344,39.594588520337844,38.110249386726075,39.014290935029486,13401200
2008-09-18,39.06928634643555,39.23421558950207,37.92701735357887,38.71500071626371,13208400
2008-09-19,39.08149719238281,39.99164875271854,38.84937761153092,39.49687042295127,13907400
2008-09-22,38.22020721435547,39.557946506647895,38.00641443393577,38.837156089566406,12146400
2008-09-23,37.737640380859375,39.39912354580872,37.45054757674411,38.256855034989215,11455600
2008-09-24,37.523860931396484,38.26908567361321,37.0779484917615,37.872039169606914,8890200
2008-09-25,38.03695297241211,38.29961398519286,37.743750469110275,37.743750469110275,8920800
2008-09-26,38.60504150390625,38.690558627049526,37.90257542637189,37.90257542637189,8277400
2008-09-29,36.748085021972656,38.776070915718826,36.564833733774684,38.537844008044814,12665100
2008-09-30,37.68878173828125,37.70710616990774,36.57705450304968,37.438337741996484,12966800
2008-10-01,38.88602066040039,39.10592079968793,37.17567148599856,37.371139829920686,12381800
2008-10-02,37.79872131347656,39.0326164821605,37.365023814215974,38.87379702322956,10905400
2008-10-03,36.79085159301758,38.4584426401832,36.66257589635108,38.42179377265966,11059100
2008-10-06,34.90945053100586,36.55260663739805,33.87102374269451,36.033394408325336,16078600
2008-10-07,33.577842712402344,36.00287355663133,32.20956142506725,36.00287355663133,15343700
2008-10-08,32.624908447265625,34.10313992796401,32.527174307810284,32.53328167207876,20739700
2008-10-09,31.812496185302734,34.02984007387686,31.812496185302734,33.59614494384162,17219700
2008-10-10,32.5882682800293,35.29428594740953,27.970325718037902,30.56639215011677,33087500
2008-10-13,34.970542907714844,35.196552750916325,33.44344496414651,33.791623108866766,14492500
2008-10-14,34.21921157836914,36.552617089228605,33.37625284680301,36.23498043196939,17389100
2008-10-15,31.488754272460938,34.255856903829006,31.348261562946956,33.583932514219235,13075100
2008-10-16,33.26630401611328,33.76108463290273,31.03063252015739,31.775857128864935,17272200
2008-10-17,32.8631477355957,34.28640415723171,32.13014024647773,32.67989644585785,11572900
2008-10-20,34.72010803222656,34.73232509859505,33.15635848956817,33.516753791853354,8881100
2008-10-21,33.67556381225586,35.37980331134325,33.449551643530555,34.451329831272865,10833400
2008-10-22,33.09524917602539,34.31692687959173,32.74096152351181,33.69387097115306,17950300
2008-10-23,33.95044708251953,34.396359461297294,32.11181961080784,33.83438613217771,13355600
2008-10-24,32.41112518310547,33.32127418490145,31.580383590750507,32.01407881523494,13436300
2008-10-27,31.617046356201172,33.17468869218131,31.543746280561162,32.661583502366454,12073500
2008-10-28,34.5857048034668,34.65289746877216,31.90412186736613,32.2278658036564,13517600
2008-10-29,34.927791595458984,36.613707049530824,34.2131083979627,34.58572074629691,17848100
2008-10-30,35.34925842285156,36.34492681839015,34.72620225491635,36.01507314180687,11118200
2008-10-31,35.38591766357422,35.60582016468984,34.47576616288274,35.35537616734523,11162900
2008-11-03,34.836151123046875,35.99674627833846,34.567382773370326,35.679109684993755,7761600
2008-11-04,35.294281005859375,35.575268751269824,34.44521506448377,35.28817364038282,10601300
2008-11-05,34.20698547363281,35.46531470670119,34.0542757170541,35.135461073251335,8465100
2008-11-06,33.089149475097656,34.726198278656724,32.64323725825622,33.90156651178774,11095900
2008-11-07,33.883243560791016,34.115360726946534,32.94255084479413,32.94255084479413,8600900
2008-11-10,34.50019073486328,35.489749385594216,34.14590528244911,34.90945412749344,8925000
2008-11-11,34.38413619995117,34.82393880199533,33.974872759107114,34.44521918268423,9076000
2008-11-12,32.99753952026367,34.359710890155576,32.83261262837088,33.846605780989236,10940200
2008-11-13,34.35970687866211,34.39024837429868,31.76364013671875,33.07694542059209,15680700
2008-11-14,34.286399841308594,35.611919589385536,33.3701411777901,33.79772902013199,12851700
2008-11-17,33.96876907348633,34.88502789475929,33.90157638709964,34.1459130048391,11272300
2008-11-18,34.518516540527344,34.95832143849653,33.47398223801678,33.60836758576653,12905200
2008-11-19,33.86491394042969,35.3920114683558,33.75496273200573,34.35969437833747,16144600
2008-11-20,32.31950378417969,34.39024841502603,32.117928048606196,33.431231003868085,15883200
2008-11-21,33.687774658203125,33.724423510025915,31.244418449598466,32.789840505887774,20692500
2008-11-24,33.907676696777344,34.512408418228276,33.59614978765584,33.92600345390181,13472900
2008-11-25,34.7017822265625,34.88503355451449,33.49232066587889,34.512421200584114,14759300
2008-11-26,35.68163299560547,35.77407104637429,34.07934758951812,34.301202672734604,9377800
2008-11-28,36.205467224121094,36.347207494555136,35.163983140919015,35.51525301783335,3916400
2008-12-01,34.61549758911133,36.1992959367679,34.50457239264849,35.78639843266398,11077100
2008-12-02,35.157798767089844,35.58918327698213,34.165615099594525,35.04687125452165,10215700
2008-12-03,36.6984748840332,36.87103018705264,34.81887250231012,34.97909990776639,13454300
2008-12-04,37.49345397949219,38.25762139812278,36.21778931642835,36.50743377886329,16996200
2008-12-05,38.652015686035156,38.73829212894665,36.082197781928556,37.03740495122356,17843400
2008-12-08,37.54275131225586,39.43468141320703,37.22229653154968,39.04027100838128,16959100
2008-12-09,36.778587341308594,37.57356742005326,36.37801532774833,37.357873893191005,13459500
2008-12-10,37.998775482177734,38.1651667698851,36.82787487276591,37.11135763192849,11410900
2008-12-11,37.511940002441406,38.485636978460654,37.35787420376931,37.65368025511683,11650300
2008-12-12,37.33938217163086,37.70297750292843,36.67998082771349,36.74160619877116,9827700
2008-12-15,37.4010009765625,37.73378356390786,36.97578034885907,37.4010009765625,7964700
2008-12-16,38.775264739990234,38.82456690574205,37.53657721118396,37.67831741143546,13487700
2008-12-17,38.5965576171875,39.18816961374484,38.3192387591584,38.584232073402084,10869400
2008-12-18,37.77075958251953,38.83689428331251,37.53041739025814,38.83689428331251,11393600
2008-12-19,37.17299270629883,38.313078583836855,37.074390697165036,38.07273633350183,15966600
2008-12-22,37.838558197021484,37.838558197021484,37.01892708243109,37.17299286930682,9064900
2008-12-23,37.37636947631836,38.31925155768015,37.290090641003566,37.949494524048276,7178800
2008-12-24,37.76460266113281,37.99878330137503,37.4379839648251,37.73378997577765,2574800
2008-12-26,37.629024505615234,37.94331764199224,37.48728427933878,37.900179414467104,2410100
2008-12-29,37.2099723815918,37.82007162831327,36.84637700241709,37.58589330677246,5785900
2008-12-30,38.04808044433594,38.05424204024882,37.22228789145254,37.51192991649604,5801000
2008-12-31,38.32538986206055,38.44864291531069,37.78924178390735,37.986445728765,6230500
2009-01-02,39.286766052246094,39.52094429845045,38.33155887722558,38.44248640473576,8652700
2009-01-05,39.169677734375,39.342230624779525,38.75678029551969,38.9847969508195,7692900
2009-01-06,38.29459762573242,39.724328164479665,38.103557524543035,39.434686038233835,10855700
2009-01-07,37.73994827270508,38.559576864547175,37.49344212505778,38.165168908996975,7910400
2009-01-08,37.29624557495117,37.48728799496739,36.79090998740615,37.48728799496739,9382300
2009-01-09,37.0189094543457,37.56122142414404,36.883330874182064,37.41331730479677,7150700
2009-01-12,37.07438659667969,37.73378790061684,36.82171882929122,37.03740996577269,8682900
2009-01-13,36.55672073364258,37.4687896855946,36.24858923565108,37.16682213404272,9082600
2009-01-14,35.33035659790039,36.125334029034825,34.763393452693215,36.05754472735017,15340200
2009-01-15,35.730934143066406,36.10685500901648,34.849677724780655,35.2502496788586,12166300
2009-01-16,36.772422790527344,36.96346522247154,36.0760470903443,36.19930019640967,12445800
2009-01-20,35.170135498046875,36.852533506168214,35.07153349448561,36.72311881727977,11930300
2009-01-21,36.17464065551758,36.32254246756383,35.22559501660267,35.730930517665016,10261400
2009-01-22,36.186973571777344,36.64917094259865,35.55222091726638,35.78640157672258,10969400
2009-01-23,35.75556945800781,36.18695390651639,34.97291538663587,35.27488520584871,10266100
2009-01-26,35.98976516723633,36.15615413172285,34.78805167921487,35.26873613408061,14106700
2009-01-27,36.06371307373047,36.49509766820361,35.92813445381856,36.23626597117696,9992800
2009-01-28,36.4827766418457,36.79090819734971,35.93430284918573,36.79090819734971,11110700
2009-01-29,35.829532623291016,36.396495840223615,35.755581717032655,36.22394059114486,9559400
2009-01-30,35.75556945800781,36.19311550040166,35.354997680637815,36.05137533247927,9660800
2009-02-02,35.68163299560547,36.014413269573126,35.40431414158486,35.50907773596094,7652100
2009-02-03,36.28557205200195,36.45196337140637,35.244085906565836,35.92197672830871,8104300
2009-02-04,35.65699005126953,36.83405269970849,35.435134917388666,36.46429335962117,9266600
2009-02-05,35.96509552001953,36.10067408126624,35.1701159850189,35.43510916335244,11066500
2009-02-06,36.0267448425293,36.56289550031703,35.817215267853705,35.817215267853705,10788700
2009-02-09,36.37186050415039,36.62452836489478,35.77408434666768,36.37802210281628,12359600
2009-02-10,35.29955291748047,36.37185184615544,35.05304906493795,36.3595263008997,13322500
2009-02-11,35.17628860473633,35.65080898441939,34.89896982054355,35.428956307921645,9579700
2009-02-12,35.10235595703125,35.15781974641162,34.282727014918954,34.99759232756713,12798000
2009-02-13,35.00991439819336,35.490598957844114,34.93596111912584,35.16398020329759,6976700
2009-02-17,34.31352996826172,34.76340175403855,34.054698241008495,34.44910860400661,9744100
2009-02-18,34.763404846191406,34.85584526075939,34.23341815116406,34.510737044010625,9489500
2009-02-19,34.08551788330078,35.19479115506719,34.08551788330078,34.46143645445944,9524500
2009-02-20,33.629478454589844,34.03621202198408,33.309021348331164,33.820520869145184,13541100
2009-02-23,33.198089599609375,34.134809710780914,33.08716206336163,33.74040173783647,10856700
2009-02-24,33.74657440185547,33.857501974484386,33.2289131798731,33.413794034826445,10903500
2009-02-25,33.456939697265625,33.98692658389164,33.228920552460686,33.52472904567475,11531100
2009-02-26,32.467952728271484,34.01671004154271,32.38087430875699,33.91097263862053,10170800
2009-02-27,32.499061584472656,32.91579482378438,32.0325678775185,32.07610710035078,13381500
2009-03-02,32.25026321411133,32.735418271088925,31.895728195190948,32.21916410893947,13245200
2009-03-03,32.61101531982422,33.32008526725936,32.43063721103196,32.43063721103196,14878300
2009-03-04,33.05884552001953,33.40094033266521,32.52393250951111,33.02774405028982,11618400
2009-03-05,31.634490966796875,32.65455674058349,31.373253279063274,32.56747830224212,15550300
2009-03-06,32.41819763183594,32.46173684878691,31.65936958446946,31.870846797963907,18185800
2009-03-09,32.54258728027344,33.25165704046999,31.914377060029967,32.15073206495635,17924500
2009-03-10,32.71674346923828,33.27653662319797,32.387088818966824,32.85980356513471,17334300
2009-03-11,31.740236282348633,32.92824035654637,31.52875900550511,32.66078373075279,16622700
2009-03-12,32.44929504394531,32.611014160807784,31.41678926069528,31.964142438776395,15302200
2009-03-13,32.57992172241211,32.946896873148134,32.26270466747077,32.760297488966295,11354900
2009-03-16,32.150753021240234,32.92202384285928,32.06367455501281,32.74786691040444,9883400
2009-03-17,33.36362838745117,33.40094873689183,31.945488326640817,32.15696556138531,13657500
2009-03-18,34.47077560424805,34.55163518193429,33.226792322286705,33.2392324398315,12896800
2009-03-19,34.029144287109375,34.73199513768441,33.774127942770974,34.570278439714826,10356000
2009-03-20,33.089942932128906,34.35258471400683,32.928223839521465,33.886091164322806,13789400
2009-03-23,34.309051513671875,34.31527038476473,33.027748151996974,33.56888247273826,10846700
2009-03-24,33.31385803222656,34.209524734742864,33.20189939782343,34.209524734742864,9836100
2009-03-25,34.21575164794922,34.23441300654257,33.1210476430808,33.624861616333995,10880900
2009-03-26,34.86884307861328,34.88750206366908,34.0726923740672,34.51430812629784,11095700
2009-03-27,34.21575164794922,34.76932608050562,34.11001423099383,34.495648299756546,6636500
2009-03-30,33.53777313232422,33.693270972973444,32.984201199246385,33.58753358023217,8702800
2009-03-31,33.942073822021484,34.427226402121136,33.755476858345396,33.774135842900264,9044500
2009-04-01,34.35880661010742,34.4147859320424,33.50667666812958,33.77413316485125,8279200
2009-04-02,35.04922866821289,35.4908445447338,34.60139629186937,34.79421218560413,8797600
2009-04-03,35.229583740234375,35.229583740234375,34.5578344293842,34.95590844658553,7175700
2009-04-06,34.7942008972168,35.210936402985354,34.58272370907509,35.12385797952272,6494800
2009-04-07,34.458335876464844,34.688472106025465,33.9607406941472,34.6076125329924,7128900
2009-04-08,34.5578498840332,34.72578788002653,34.24063287847601,34.49564930808602,5825800
2009-04-09,35.24824905395508,35.62144529169207,34.93103450595193,35.01189404670125,7291800
2009-04-13,34.89994812011719,35.24204301640518,34.7693304570688,35.043005899557265,5506400
2009-04-14,34.097564697265625,34.769316476042626,33.91096777184156,34.70711591909551,8601200
2009-04-15,33.55644226074219,33.69950002255694,32.98420884077386,33.618640462327974,12180300
2009-04-16,34.022945404052734,34.11624273251865,33.46315194241738,33.68085045425778,8563500
2009-04-17,34.88750457763672,35.08654167493841,34.08513494449028,34.26551305539161,11687400
2009-04-20,34.414794921875,34.70091047641112,34.296615004303014,34.52675122228124,7181800
2009-04-21,34.60139083862305,34.924826731664155,34.17843639177771,34.551630375366194,8925900
2009-04-22,33.743045806884766,35.14874584166776,33.711946700037885,34.69469223811596,12701000
2009-04-23,34.39612579345703,34.520524554682375,33.593756274898034,34.0540309796191,9877400
2009-04-24,33.78036117553711,34.489431146968826,33.61864204745409,34.315271903440234,9941100
2009-04-27,33.89230728149414,34.14110238007495,33.444472782256746,33.52533231633206,8146900
2009-04-28,33.91718673706055,34.41478170320953,33.587532088789196,33.618631180996346,7438000
2009-04-29,33.842567443847656,34.32150132542714,33.71194975961051,34.265521978938374,8888000
2009-04-30,33.145938873291016,34.35882318518505,33.027758929578674,34.02916596466703,11167400
2009-05-01,32.59235382080078,33.0961653905511,32.194277288833895,33.0961653905511,11163900
2009-05-04,32.82249450683594,33.56888484430247,32.65455650295276,32.89713282876975,12988600
2009-05-05,33.06507110595703,33.3698480131626,32.946893564192564,32.96555255165288,12381900
2009-05-06,33.39472579956055,33.96073802081718,33.20812880723486,33.30764736132252,12329300
2009-05-07,33.2081298828125,33.817681342930904,32.92823319890365,33.59998524028489,11227100
2009-05-08,34.15978240966797,34.48943961817161,33.90476591217081,34.2717411034677,13643700
2009-05-11,33.83633804321289,34.10379457403102,33.612420726927084,34.10379457403102,9664600
2009-05-12,33.56886291503906,34.091335572683136,33.12102853057044,34.04779638227179,8466800
2009-05-13,33.27031707763672,33.53777116497227,33.052618689872915,33.28897605815328,8666900
2009-05-14,33.320098876953125,33.66219387537585,33.11484282698361,33.189481174907954,8224700
2009-05-15,33.25166702270508,33.92341902205318,32.990431715875985,33.25788826679687,8267800
2009-05-18,33.71194076538086,33.75547998184379,32.990430699083085,33.282765099232876,8250700
2009-05-19,33.506690979003906,33.87366616337924,33.413393651070486,33.799027826490516,6328800
2009-05-20,34.987022399902344,35.45351603190104,34.22197312814959,34.321491674734276,15246900
2009-05-21,34.63870620727539,34.98702230573898,34.346371812118655,34.632487336190906,10264600
2009-05-22,35.503273010253906,35.88268580066682,34.63870290398309,34.78176065237663,10726600
2009-05-26,36.59798049926758,36.647738586198855,35.3166771360341,35.43485704132585,12256200
2009-05-27,35.963558197021484,36.6664094490165,35.93245908803974,36.49847141326318,10434900
2009-05-28,36.15636444091797,36.44869881534748,35.70231095724657,36.00708544567231,8402400
2009-05-29,36.6912841796875,36.71616203951397,35.88269323123329,36.24966835665634,8060100
2009-06-01,37.226200103759766,37.31328092970823,36.647747667006556,36.80946682820095,7746100
2009-06-02,37.55585861206055,37.79843498962476,36.99606514636623,37.05204449293566,9332000
2009-06-03,37.93527603149414,37.94771377790422,37.164005255012725,37.226203477903596,10424500
2009-06-04,37.778480529785156,38.035604879404985,37.50254056958317,38.035604879404985,10236900
2009-06-05,37.54644012451172,37.93526418358778,37.220330780926204,37.87882213580718,10285700
2009-06-08,36.82524108886719,37.113721620785014,36.21692146920932,36.737442874137585,14756100
2009-06-09,37.051002502441406,37.34575325610354,36.84404755509422,37.01337367774514,7947200
2009-06-10,36.59946823120117,37.389654455636226,36.292172126390994,37.37711151336626,9999800
2009-06-11,36.166744232177734,36.81896286070827,36.141660740558535,36.57438147308971,9316200
2009-06-12,36.59946823120117,36.67472349249936,36.060133675200625,36.19810364784866,7063000
2009-06-15,36.2357292175293,36.46777005550336,35.897079353608895,36.436411504416036,7538200
2009-06-16,35.79046630859375,36.31725792102015,35.633683119089724,36.31725792102015,8714200
2009-06-17,35.978607177734375,36.448956766120084,35.87826602790496,35.87826602790496,7216600
2009-06-18,36.474056243896484,36.887963940227806,35.87827939812436,36.091504720011564,6944300
2009-06-19,36.48031997680664,36.8942299912042,36.37370853115067,36.630832926798675,9602400
2009-06-22,35.87200164794922,36.38625042437774,35.8281025372045,36.24828042356742,7651100
2009-06-23,35.59605026245117,36.129114481808244,35.520795009859135,36.08521538510278,7329300
2009-06-24,35.30758285522461,35.80928871187475,35.14452934893415,35.79047548985106,7297500
2009-06-25,36.0350456237793,36.18555852964657,35.21350328923162,35.251129721457325,7841400
2009-06-26,35.74655532836914,35.99740930514567,35.58977219096401,35.99113663994981,8195100
2009-06-29,35.89080810546875,35.966063367946234,35.495713790899046,35.8657222205357,6641600
2009-06-30,36.05385971069336,36.46149452730518,35.87826092920513,35.93470296748325,7334500
2009-07-01,36.51167678833008,36.71862939330096,36.154211240571414,36.154211240571414,5733500
2009-07-02,36.02877426147461,36.2670853584359,35.90334724242544,36.17928477047649,6970800
2009-07-06,36.3674430847168,36.52422633196673,35.621153296720706,35.796752160419935,7533100
2009-07-07,35.62114334106445,36.373703195997734,35.58978717884261,36.373703195997734,8192600
2009-07-08,35.77165603637695,35.865724522430796,35.395374915196136,35.809282473869764,10771500
2009-07-09,35.60233688354492,35.92844629569251,35.29504069383894,35.90336040422217,7793600
2009-07-10,35.777915954589844,36.19809605942323,35.47062230652111,35.47062230652111,6739400
2009-07-13,35.91590881347656,36.07896234819288,35.47064493759484,35.7904817293672,7057400
2009-07-14,36.0350456237793,36.07267444832649,35.65876694759334,35.89707805174924,6670400
2009-07-15,35.79674530029297,36.05386968081437,35.56470441635943,36.047597012425875,11899500
2009-07-16,35.88453674316406,35.953521728479004,35.69639500418819,35.86572113387352,10080300
2009-07-17,36.27336120605469,36.405058519746284,35.90962303415777,35.95979480641463,9767400
2009-07-20,36.54928970336914,36.687259650503556,36.36115038875387,36.5116632758388,8093200
2009-07-21,36.76879119873047,36.793874688789884,36.31725488516111,36.69980621834388,7748400
2009-07-22,36.88794708251953,37.370839572945734,36.67472185807577,36.706078016192485,9146200
2009-07-23,35.175872802734375,35.865717807256104,34.88111967184461,35.74029318266769,34243500
2009-07-24,35.16960906982422,35.41419048251259,34.96265409458218,35.364018709488406,12337100
2009-07-27,35.10062789916992,35.31385317309102,34.931301735262984,35.25741111845537,7792100
2009-07-28,35.414188385009766,35.55842863542855,34.99400818394489,35.05672289651067,8744700
2009-07-29,35.37656784057617,35.721490467322646,35.24487050183479,35.27622666929861,8002500
2009-07-30,34.8623161315918,35.552161327558984,34.83723024278374,35.501991942264915,13845700
2009-07-31,34.52992630004883,34.98773287040459,34.44212571510055,34.80586381863658,13519700
2009-08-03,34.57382583618164,34.736879282802875,34.29161564748974,34.56128289531518,10607000
2009-08-04,34.49856948852539,34.79959529599968,34.43585717415576,34.69298149078557,11782200
2009-08-05,34.54874801635742,34.6428188986465,34.366878919836886,34.5738339039441,9426200
2009-08-06,34.391971588134766,34.64909600578799,34.28535774103239,34.61773983628343,10248700
2009-08-07,34.61772155761719,34.74314856173052,34.36059727572937,34.54246631207764,8137200
2009-08-10,35.288753509521484,35.426723454181676,34.96264425361995,34.99400040677332,11008600
2009-08-11,35.1319694519043,35.35146491067899,35.02535566312725,35.15705533071314,8713800
2009-08-12,35.2824821472168,35.51452295223234,34.96891581945428,35.062986674711524,7223000
2009-08-13,34.98147964477539,35.52708710329964,34.843512004966954,35.40166001884616,9925900
2009-08-14,34.66163635253906,34.994016030540266,34.38569873234204,34.92503102741046,7705200
2009-08-17,34.178733825683594,34.64281309905746,34.178733825683594,34.34805995006373,10440700
2009-08-18,34.65534973144531,34.66162239774385,34.13483086776551,34.22262905737502,10305500
2009-08-19,34.89994812011719,35.113173409619314,34.56129576755694,34.624008102924876,7963800
2009-08-20,35.207237243652344,35.27622223880195,34.89994349185017,34.968926094677855,5522000
2009-08-21,35.288753509521484,35.5082489739162,35.1507835648613,35.43299372788389,7671200
2009-08-24,35.06300354003906,35.357756795455124,34.93130619318939,35.357756795455124,6638900
2009-08-25,35.401641845703125,35.58978117964224,35.21350251176402,35.2323157274615,7442300
2009-08-26,35.74655532836914,35.88452525482832,35.30756206517062,35.414175842612934,8253300
2009-08-27,35.84690856933594,35.859451511650725,35.489443086490276,35.784196250083646,8462900
2009-08-28,35.47364807128906,36.09366160901921,35.27752037951815,36.074682366195276,8683600
2009-08-31,35.581199645996094,35.581199645996094,35.207925951225995,35.27119169741746,7888500
2009-09-01,35.20159149169922,35.68241976319236,35.087711238631535,35.460984865146045,7785000
2009-09-02,35.03076934814453,35.239550606066594,34.60055561675933,35.2015897191445,6959000
2009-09-03,35.15729904174805,35.17627827623463,34.83463998831274,35.14464541427943,5680000
2009-09-04,35.517913818359375,35.581181946512295,35.04974173718934,35.17627316663055,4877700
2009-09-08,35.56855010986328,35.82161553720368,35.4293625560941,35.68243039686829,7479600
2009-09-09,34.85362243652344,35.12566941860141,34.60055469068206,34.87260167276003,17822200
2009-09-10,34.70178985595703,35.0434306729845,34.638524110626086,34.95485766414778,12450400
2009-09-11,34.41075897216797,34.872605609041955,34.30953234509193,34.86628000072671,12205600
2009-09-14,34.309532165527344,34.3791259237966,34.08809967415528,34.22728477726066,10273400
2009-09-15,34.78403091430664,34.98015855057096,34.27156978219002,34.53729117369114,14272000
2009-09-16,35.726715087890625,35.83426734601145,34.796693595848275,34.98016765039592,17384000
2009-09-17,35.72037124633789,35.89119159250137,35.46097792366725,35.688738385218564,9719900
2009-09-18,36.0620231628418,36.0620231628418,35.61915572903251,35.808955368255525,14364400
2009-09-21,35.517913818359375,35.90384095307909,35.321788654666115,35.77098150410643,9820100
2009-09-22,35.309139251708984,35.74567852772511,35.163626159703604,35.74567852772511,8013300
2009-09-23,35.13832473754883,35.6001713445083,35.113017479060716,35.353431607831745,8589400
2009-09-24,35.505279541015625,35.67609995996711,35.13833385149415,35.226906865743004,9271400
2009-09-25,36.03038787841797,36.353047002140784,35.69507271103691,35.73303360171209,11279900
2009-09-28,36.16957473754883,36.48590826821174,36.11263701892548,36.21386365220028,7784200
2009-09-29,36.16957473754883,36.479582659509134,36.09365536595106,36.17590275968474,7542100
2009-09-30,36.10629653930664,36.27079127001963,35.56853068809431,36.03670280042287,9826300
2009-10-01,35.89753341674805,36.1505988164485,35.720384982180846,36.0557001965984,10006000
2009-10-02,35.8785400390625,36.175894260322266,35.48628722895984,35.60016746631751,8862000
2009-10-05,35.815284729003906,36.06202451055837,35.612831451142114,35.9987587662641,8040800
2009-10-06,36.34038162231445,36.46691547022082,35.88486314865692,35.88486314865692,7164800
2009-10-07,36.15059280395508,36.41631420489487,35.88487381644841,36.20753293176838,7284400
2009-10-08,35.979774475097656,36.454274762826586,35.94181599667663,36.35937615334076,8713600
2009-10-09,35.872222900390625,35.91650940165881,35.44833471383808,35.77099626700146,10227800
2009-10-12,35.859561920166016,36.40365586815893,35.789968171455364,36.0177286532601,8550100
2009-10-13,36.09364318847656,36.25180990044485,35.85955713052459,35.87853636366239,6164500
2009-10-14,36.37834548950195,36.65039244015023,36.30875174676412,36.31507976706717,7580200
2009-10-15,36.82122039794922,36.85285326570526,36.23283988664099,36.23283988664099,8141000
2009-10-16,37.188175201416016,37.47287590846771,36.73265648356702,36.74531011648417,9980400
2009-10-19,37.50450897216797,37.61206364578642,37.21348265391476,37.30838369455258,7560600
2009-10-20,37.27675247192383,37.73860167908198,37.08695278337655,37.70696638646245,7608600
2009-10-21,36.90345764160156,37.39693700057114,36.694676427617544,37.200809412898195,9619500
2009-10-22,37.6436882019043,38.339620967994804,37.38429481671422,37.877774326726275,24641000
2009-10-23,37.599403381347656,37.71328364465435,37.340009984578714,37.64368988225211,7629500
2009-10-26,37.45389175415039,37.93471767477876,37.403277229119304,37.65001700506238,9020300
2009-10-27,37.34000778198242,37.504500145148356,36.97305975220996,37.46654166857407,8336600
2009-10-28,37.09959411621094,37.52980788809877,37.07428685588032,37.10592213801018,8752500
2009-10-29,37.41592788696289,37.46654240797168,37.074287110453156,37.31470125837851,6950800
2009-10-30,37.08061218261719,37.64368541016619,37.048979316219615,37.38429204421329,9878800
2009-11-02,37.42857360839844,37.66898770552327,37.0742792765004,37.226120394008895,7583300
2009-11-03,37.47919845581055,37.66899809497009,37.2134770302405,37.2134770302405,6562000
2009-11-04,38.14350509643555,38.49779717482082,37.453897769449355,37.643697441932005,12294800
2009-11-05,38.896358489990234,38.90901211687592,38.14348579103599,38.25103799941551,11000400
2009-11-06,39.048194885253906,39.339221028194125,38.61165325741132,38.62430688276945,10795100
2009-11-09,39.63025665283203,39.782097780025936,39.30759757601515,39.39617056128124,10517300
2009-11-10,39.402503967285156,39.706183868344326,39.21270433080234,39.53536588491311,7408400
2009-11-11,39.750465393066406,39.921283344740424,39.51005127771973,39.655564385751624,6643100
2009-11-12,39.332916259765625,39.737825270283906,39.21903839109006,39.68088512922928,6417500
2009-11-13,40.2249641418457,40.36414922383735,39.332901463097585,39.370862347331375,9692300
2009-11-16,40.825992584228516,40.96518006872958,40.307205940911494,40.44006540515382,12109900
2009-11-17,40.218631744384766,40.794360898830526,40.14271239761173,40.70578309849153,8589300
2009-11-18,40.4780387878418,40.4780387878418,39.997212877278805,40.24395264805674,6986500
2009-11-19,40.117408752441406,40.45272144316073,39.88964827820461,40.45272144316073,5848400
2009-11-20,40.4716911315918,40.61087858325607,40.01617031773201,40.085764043564154,8850700
2009-11-23,40.48435592651367,40.68048353402778,40.288228318999565,40.68048353402778,6871700
2009-11-24,40.629878997802734,40.67416549852728,40.02884481355537,40.49701949562909,8274400
2009-11-25,40.77539825439453,40.87029929777846,40.661517967707326,40.75009581456855,7602400
2009-11-27,40.58396911621094,40.74987979105506,40.18833990068614,40.18833990068614,3557900
2009-11-30,40.36061096191406,40.68604722826396,40.22022544918766,40.68604722826396,6566200
2009-12-01,40.5456657409668,40.87110445429433,40.52652071216729,40.60947601241629,9614400
2009-12-02,39.88202667236328,40.74347747480404,39.875646619146224,40.520139099121096,10518400
2009-12-03,39.54383850097656,40.10537583492836,39.53107595690406,39.9649927185436,10761500
2009-12-04,39.30134582519531,40.00965103294862,39.0141947363486,39.856502974161764,9497500
2009-12-07,39.518310546875,39.72888642328389,39.10991890299794,39.346019865700704,9036800
2009-12-08,38.67599868774414,38.86105189539028,38.31227476055331,38.57390078597489,14696700
2009-12-09,38.66960144042969,38.94398990312101,38.49731327474449,38.75255671464463,10911800
2009-12-10,38.95677947998047,39.14821280132988,38.72705852067846,38.91211178613916,8035900
2009-12-11,39.34600830078125,39.50553639191874,39.04609471049702,39.16095513085245,5864400
2009-12-14,39.65230941772461,39.818220026935165,39.4481136173162,39.722502180528615,5632900
2009-12-15,39.56298065185547,39.837369260790325,39.492787877354964,39.71612874478441,4952700
2009-12-16,39.830989837646484,40.03518812200502,39.518316007066616,39.767179547301446,5647100
2009-12-17,39.51192092895508,39.86926476997409,39.51192092895508,39.71611914825577,5418500
2009-12-18,39.671443939208984,39.83735451465265,39.543823415582104,39.55658595478589,9854100
2009-12-21,39.98412322998047,40.25213170606882,39.65230448702643,39.71611718809777,4625700
2009-12-22,40.18194580078125,40.258518620912625,39.98413004505196,39.996892587441536,3418500
2009-12-23,40.43080139160156,40.634997161522335,39.92669201964472,40.18193794914848,5889700
2009-12-24,40.46910095214844,40.6541541950613,40.360622975810415,40.41805320863833,2577300
2009-12-28,40.59033203125,40.64776224727505,40.296800897880104,40.47547159919991,2389400
2009-12-29,40.577571868896484,40.78814771719347,40.558429273834726,40.635002088287635,2628900
2009-12-30,40.13089370727539,40.61586055800472,40.079845974370485,40.48823757443353,6776100
2009-12-31,39.84374237060547,40.24575391453994,39.81183723345008,40.181943640229164,4495300
2010-01-04,40.060699462890625,40.24575266051406,39.76078826192788,39.964984054406884,5839300
2010-01-05,39.754417419433594,40.041568597411725,39.684224638793765,39.9841383618161,7099000
2010-01-06,39.21200942993164,39.82459678039056,38.96314597094557,39.69059375389125,10551300
2010-01-07,39.49916076660156,39.779929362159606,38.995051357894496,39.0843867094718,7517700
2010-01-08,39.460872650146484,39.82459653941849,39.307724596355555,39.735261188959505,6107300
2010-01-11,39.76715850830078,39.837351251068455,39.46724494709535,39.57572530433774,6081300
2010-01-12,39.98412322998047,39.98412322998047,39.562969139732196,39.58211173295077,7199400
2010-01-13,39.93946075439453,40.38613998320598,39.92031815868457,40.11175141840206,8623000
2010-01-14,39.977752685546875,40.02880042433983,39.62040877717128,39.92032245802591,7095600
2010-01-15,39.74164962768555,40.18832890843563,39.594884030363104,39.99051313767604,9429100
2010-01-19,40.50739669799805,40.724355128331595,40.05433723395672,40.137292572256676,8551500
2010-01-20,40.20745849609375,40.58394488364789,40.04155035451984,40.51375456919327,6996800
2010-01-21,40.32868957519531,40.58393298232028,40.0734437338656,40.18192406840239,11724100
2010-01-22,40.449954986572266,41.33693105983318,40.07985096575112,40.347857073841645,15645900
2010-01-25,40.258514404296875,40.583950681424064,40.15003402245061,40.41804251614871,6382200
2010-01-26,40.71796798706055,40.83920851101327,40.04156771978254,40.04156771978254,9292700
2010-01-27,40.66691589355469,40.839206588454495,40.39252727955199,40.6286282610637,8080800
2010-01-28,40.09261703491211,40.7562523089189,40.04156685695426,40.74348976442944,8560100
2010-01-29,39.83734893798828,40.34145821204484,39.811823863153876,40.08621233211098,7589600
2010-02-01,40.76900100708008,40.820051167699816,40.092603418307945,40.092603418307945,8062700
2010-02-02,40.85836410522461,40.87112908825524,40.42444718206016,40.756266148845164,7271400
2010-02-03,41.61130905151367,41.955890331985714,41.22844258490404,41.24120269081281,13695300
2010-02-04,40.87748336791992,41.64959887425425,40.85195828484956,41.59855357652532,10868400
2010-02-05,40.43718719482422,41.05615464545198,39.96498532255998,40.883866417873094,14007600
2010-02-08,40.15004348754883,40.71158325522406,40.15004348754883,40.507387418652414,6975100
2010-02-09,40.564815521240234,40.743486260313325,40.054325956598376,40.2968094126306,10131500
2010-02-10,40.36061096191406,40.7307173375725,40.18194026150281,40.54566414974328,6161300
2010-02-11,40.7052001953125,40.737105336007794,39.90755950689929,40.36061883370851,7478900
2010-02-12,40.577571868896484,40.76900512213171,40.32232590844559,40.33508844988872,6749800
2010-02-16,40.845577239990234,40.95405518263324,40.379753032741746,40.52013854364982,7090200
2010-02-17,41.005123138427734,41.06255094413165,40.69244684686815,40.97321555631655,5424600
2010-02-18,41.1454963684082,41.2348317294266,40.83920022462224,40.90939298948127,4975800
2010-02-19,41.3114128112793,41.40713068527344,41.03064654755334,41.13274204297733,5622600
2010-02-22,41.3305549621582,41.43265532488327,41.241219578980406,41.43265532488327,4274900
2010-02-23,41.39436721801758,41.50922768381576,41.2858843731322,41.336934550912034,7485700
2010-02-24,41.64321517944336,41.82826835339715,41.33053660875707,41.45177951855017,7579700
2010-02-25,41.43086242675781,41.59818322819285,41.03187063509086,41.37294652037183,8500000
2010-02-26,41.08978271484375,41.65609767626732,41.08978271484375,41.48234016408827,8288400
2010-03-01,41.173439025878906,41.27640470278897,40.97394195284891,41.173439025878906,6320300
2010-03-02,41.231346130371094,41.45658272004372,41.12838048153579,41.45658272004372,6271700
2010-03-03,40.94820022583008,41.40510778481366,40.83236353852344,41.34719189605559,6396100
2010-03-04,40.81949996948242,41.05117338636021,40.7358395789664,41.05117338636021,5958200
2010-03-05,40.97393798828125,41.031856329370044,40.70365403313029,41.006116753804584,8154600
2010-03-08,41.90707778930664,42.177361806428884,41.334330982160814,41.450167690897686,11825600
2010-03-09,41.894203186035156,42.15161863292732,41.726882409086556,41.82341381539503,7126900
2010-03-10,41.79124450683594,41.984302430697696,41.65610248719516,41.842723673990655,6900200
2010-03-11,41.96498489379883,41.96498489379883,41.617474840419014,41.70113766851198,4350400
2010-03-12,42.17091369628906,42.46050784492269,42.061513753596174,42.125866372251394,6601700
2010-03-15,42.428321838378906,42.59564254615367,42.273874598011794,42.280306421926376,5715100
2010-03-16,42.518436431884766,42.62783640726277,42.3446838186251,42.614967843603054,5705600
2010-03-17,42.717918395996094,42.756533895090406,42.38971856733005,42.62139192273555,4818800
2010-03-18,42.910987854003906,42.94959844932939,42.70505649594989,42.77584586057385,6206700
2010-03-19,42.814449310302734,43.058996132659,42.47337601574272,42.814449310302734,10230100
2010-03-22,43.12334060668945,43.277787842837434,42.40901538854499,42.51841530957527,7386400
2010-03-23,43.3421516418457,43.34215164184571,43.00751505880711,43.20700966159221,8057700
2010-03-24,42.98821258544922,43.239191266653954,42.84663386070999,43.1104811033498,6363700
2010-03-25,43.05256652832031,43.40007661517886,43.01395102325324,43.200577083406394,5705600
2010-03-26,43.28424072265625,43.40650924656314,43.07187262511505,43.17483585102564,5984100
2010-03-29,43.161956787109375,43.4258088883028,42.85305736495485,43.412935419576904,6522600
2010-03-30,43.2713623046875,43.43224631598817,43.06543096661426,43.18770438633569,5093500
2010-03-31,42.936702728271484,43.3678704693111,42.87878196212964,43.21342327591245,5765600
2010-04-01,43.490169525146484,43.573827448138026,43.15552801359899,43.15552801359899,5474200
2010-04-05,43.779747009277344,43.889146935221945,43.60599447452942,43.60599447452942,4875200
2010-04-06,43.638187408447266,43.73471881876328,43.535224171290594,43.61244537171022,3318300
2010-04-07,43.567405700683594,43.84412650705724,43.2842530663376,43.631763258745835,6623700
2010-04-08,44.24952697753906,44.423279498918305,43.67678045661523,43.69608574679192,7141000
2010-04-09,44.198055267333984,44.255971154029865,43.850545217787726,44.18518670688723,5622100
2010-04-12,44.101524353027344,44.3074556909178,43.99856113897731,44.25597162899759,4025000
2010-04-13,44.35249328613281,44.436156095844034,43.959935992256604,44.198046044050315,5652600
2010-04-14,44.67427444458008,44.745063807667606,44.43616923218635,44.51982715683945,6193000
2010-04-15,44.50697326660156,44.71933651607705,44.38469979736388,44.60349978463935,4767200
2010-04-16,44.423301696777344,44.584185741693844,43.972828334927705,44.47478576950056,7876100
2010-04-19,44.996036529541016,45.02821529387746,44.39754784532993,44.40398458015524,7157900
2010-04-20,45.26633834838867,45.42722241401665,45.01535959879238,45.03466981089306,7340300
2010-04-21,45.27919006347656,45.81332608302386,45.07969548910166,45.44651078606276,10738100
2010-04-22,45.71038055419922,45.99353808463857,45.12476510054485,45.208423048269154,7139600
2010-04-23,45.78759765625,45.91630292121419,45.53018221653046,45.83264498996658,5923700
2010-04-26,45.70394515991211,45.96136065789546,45.51732395641124,45.88413944535503,6035600
2010-04-27,45.38859939575195,45.90343022887361,45.304941472030734,45.504436087714794,8154400
2010-04-28,45.26633834838867,45.517322007777,44.893091047573705,45.356437942149014,7589400
2010-04-29,46.02570343017578,46.14154013392603,45.42078278596111,45.42078278596111,7357400
2010-04-30,45.427215576171875,46.147977849219004,45.29851030695942,46.03214114301127,6966600
2010-05-03,45.96134567260742,46.231629647959736,45.46582505112818,45.61383560010131,5990600
2010-05-04,45.45939254760742,45.884128756807975,45.24059261665522,45.78759735382684,7240200
2010-05-05,45.47224807739258,45.72965850405144,45.13116993347016,45.30492737223298,9577700
2010-05-06,44.67427444458008,46.006393962096034,43.43224958739538,45.33711583549898,16489600
2010-05-07,43.766902923583984,44.60993386280169,43.38721397270035,44.41687101865176,15280700
2010-05-10,45.4207763671875,45.723239101447014,44.88664025816712,45.09257160131118,10903300
2010-05-11,45.35643005371094,45.75541932480879,45.13118847317239,45.15693050837082,6709900
2010-05-12,45.47869873046875,45.65245624117131,45.144062091391206,45.51731423828666,5655500
2010-05-13,45.369293212890625,45.884124035960234,45.337114445277294,45.50443519924351,5734000
2010-05-14,44.78367233276367,45.337113740533816,44.468341036175275,45.22771378801404,9111400
2010-05-17,45.13762283325195,45.20841219887332,44.62922871187619,44.93169147229641,7467000
2010-05-18,45.06039810180664,45.56879223864039,44.94456140088514,45.38860290604941,6897800
2010-05-19,44.661399841308594,45.015341699074924,44.33963183799915,44.828720577770724,7814300
2010-05-20,43.54166030883789,44.63566985125645,43.52235009920719,44.10797037988646,13571000
2010-05-21,43.67036056518555,43.78619726070822,42.1837937308036,43.161966452046634,12614800
2010-05-24,43.54166030883789,44.08866508004717,43.284244854800754,43.657492107873615,6733300
2010-05-25,43.657493591308594,43.657493591308594,42.60209461270728,42.85307333872884,9257900
2010-05-26,42.47982406616211,43.79907027219477,42.47338732970391,43.68967030136212,11525200
2010-05-27,43.608970642089844,43.608970642089844,42.84321765097437,43.09630999347481,9728000
2010-05-28,43.39482116699219,43.88801429331859,43.31694622286799,43.6349269137178,7164800
2010-06-01,43.06385803222656,43.680351904045004,42.8561964695153,42.97949722429586,5367700
2010-06-02,43.97886276245117,43.99833521036619,42.96002250074328,43.17417486843115,5750400
2010-06-03,44.030784606933594,44.29036281510609,43.764720533062615,43.99834042531361,4402500
2010-06-04,43.284507751464844,44.18653836778491,43.16769778203272,43.362382714767435,7558000
2010-06-07,43.31695556640625,44.01132454373612,42.9924839891298,43.24557142332196,9808400
2010-06-08,44.374717712402344,44.42014352144804,42.70693450737912,43.58301146204047,13565800
2010-06-09,44.29684829711914,44.712171399760216,44.15408005226591,44.569403154906986,8921800
2010-06-10,45.017181396484375,45.043139712745344,44.5888766047423,44.76409400174318,6743600
2010-06-11,45.12749481201172,45.13398562801556,44.61482927063143,44.686213393547796,5367100
2010-06-14,44.97175598144531,45.41303745972799,44.97175598144531,45.393565009076845,4525300
2010-06-15,45.68561553955078,45.744018068012764,45.328694695466,45.387102174973116,6419900
2010-06-16,45.61421585083008,45.75049332191909,45.43251255604473,45.46495674380299,4548500
2010-06-17,45.45846939086914,45.80240846633304,45.023673719939154,45.78294096410577,7014900
2010-06-18,45.3481330871582,45.70505370206617,45.30270727717373,45.5882437691001,8817900
2010-06-21,45.374122619628906,45.75051099049665,45.2767801166741,45.60125182582655,5203100
2010-06-22,44.5434455871582,45.66611911688428,44.48504309567335,45.43249924886084,5487700
2010-06-23,44.53697204589844,44.971767772336634,44.43314370374998,44.66027284380341,5443200
2010-06-24,43.952919006347656,44.47856134096546,43.87504405079416,44.40717720280218,5942800
2010-06-25,43.751731872558594,44.316314013327315,43.71928769614951,43.9399259194815,8041700
2010-06-28,43.693336486816406,44.0567430083375,43.64141985487267,43.85557224835868,4427700
2010-06-29,43.12876892089844,43.3429213872104,42.88865812978706,43.22611140113517,8715200
2010-06-30,42.74588394165039,43.375354592163966,42.700458122519656,43.01843885643478,7204900
2010-07-01,43.29100036621094,43.41430115879652,42.38247889414834,43.29749118451642,10924400
2010-07-02,42.92109680175781,43.479188271172724,42.804286844181604,43.31695249404149,5280600
2010-07-06,42.90163040161133,43.54408270924563,42.590135523066834,43.167694508391946,5940700
2010-07-07,43.68035888671875,43.7192988397935,42.83024500207198,42.888647505119636,6623200
2010-07-08,44.790061950683594,44.87442774376203,43.836119510461316,43.99835532663469,7871200
2010-07-09,44.91983413696289,44.99121826127404,44.614830142368334,44.828982515301796,4513000
2010-07-12,45.3870735168457,45.426008511236176,44.751107219229915,44.751107219229915,5420800
2010-07-13,45.971126556396484,46.12038564697516,45.50389168602795,45.7115532787616,6072100
2010-07-14,46.01006317138672,46.06197980356492,45.52984670134476,45.75048496153828,4476100
2010-07-15,46.28913497924805,46.373495840819984,45.705084915551,46.010089112761975,5470100
2010-07-16,45.3870735168457,46.256654731846346,45.335156890297064,46.1787847430654,5981000
2010-07-19,45.36762619018555,45.6726253669175,45.069107930330084,45.4065612018866,5072700
2010-07-20,45.99059295654297,46.04899545101312,45.06260425308206,45.08207175123878,5474300
2010-07-21,45.497398376464844,46.07495730433721,45.1988851627027,46.0295314881352,5734400
2010-07-22,46.33454513549805,46.425396786758256,45.7569860877537,45.7569860877537,6717900
2010-07-23,45.36111831665039,46.18527377774227,44.73813360843807,45.91920971274436,12238900
2010-07-26,45.99059295654297,45.99059295654297,45.36111744391702,45.45196906934321,5525400
2010-07-27,45.68561553955078,46.094448091920064,45.41954637377028,46.094448091920064,6214900
2010-07-28,45.276756286621094,45.67261195952405,45.01718301675397,45.56229282472624,6708400
2010-07-29,45.023677825927734,45.58826019722282,44.71218785979811,45.55581105652261,5131700
2010-07-30,45.25080108642578,45.4130368490386,44.51100145395218,44.72515384885131,5990300
2010-08-02,45.588253021240234,45.75048879711653,45.38059142616029,45.75048879711653,5873100
2010-08-03,45.71803665161133,45.97112404923254,45.46494925399011,45.5622917033158,4946000
2010-08-04,45.873779296875,46.04250090124724,45.56228449849835,45.67260361313601,4567100
2010-08-05,45.71803665161133,45.75048578506744,45.32218098845145,45.75048578506744,5441500
2010-08-06,46.555179595947266,46.594119551155906,45.438996600135916,45.529853194927234,6775300
2010-08-09,47.32093048095703,47.5934853994136,46.95103310561082,46.98997305899248,8921200
2010-08-10,47.269012451171875,47.35986903902361,46.70443512972297,47.048374176362614,5689700
2010-08-11,46.44485855102539,46.93156588736464,46.39943273100878,46.73039510601153,5478000
2010-08-12,46.76283264160156,46.82124008819929,46.10091293676219,46.10091293676219,5641400
2010-08-13,46.65251159667969,47.02889972269308,46.522724977867824,46.522724977867824,5937300
2010-08-16,46.58763885498047,46.80179132650291,46.42540303432002,46.56817134866831,4935700
2010-08-17,47.515594482421875,47.788149280923065,46.555156922079476,46.7758000573239,7392900
2010-08-18,47.53509521484375,47.9049926860506,47.24307271953889,47.52211852771558,6030800
2010-08-19,47.353389739990234,47.63243553550444,47.01593647743888,47.470199723020464,6950500
2010-08-20,47.42475509643555,47.50262508689533,47.16517690913798,47.2884776620888,5566300
2010-08-23,47.593502044677734,47.982872008413835,47.58701617604829,47.71680286326382,5404300
2010-08-24,47.1911506652832,47.437747300836286,46.84721155876,47.210618169268486,5846200
2010-08-25,47.496158599853516,47.664880282048514,46.91859949677306,46.91859949677306,6704600
2010-08-26,47.47666931152344,47.86603409716271,47.444220183119384,47.820608288022164,5215600
2010-08-27,48.01530838012695,48.06722502697073,47.28200430987331,47.67786007773025,6592900
2010-08-30,47.55764389038086,48.03492242636391,47.55764389038086,47.93031151892334,4192900
2010-08-31,47.76686096191406,47.93685119331479,47.43342491601446,47.43995935667102,5598100
2010-09-01,48.73448181152344,48.77370839982649,48.19836348952136,48.32912210927929,6746800
2010-09-02,49.048309326171875,49.074462050324215,48.57103582772753,48.87178467329624,5885200
2010-09-03,49.09406661987305,49.2640568025862,48.65601979145955,48.9698474373822,7328100
2010-09-07,49.55826950073242,49.67595424050775,48.989459093798146,49.01561181242833,7188700
2010-09-08,49.74134063720703,49.859025393766736,49.52558441882727,49.64980860300745,6808700
2010-09-09,48.62333297729492,49.741335556352304,48.15913342609247,48.60371469643743,14615200
2010-09-10,49.041778564453125,49.120231754672176,48.49912072086651,48.50566014942558,7483900
2010-09-13,48.75411605834961,49.25754244770501,48.38798777518204,49.198702539963264,7851500
2010-09-14,48.34220886230469,48.754103071147114,48.257211256265634,48.68872375058644,6543500
2010-09-15,48.845645904541016,48.924104099413846,48.191842578304694,48.198382008241644,4549400
2010-09-16,48.90446853637695,48.96984784161518,48.61025418062308,48.786783791699655,5073300
2010-09-17,48.59062957763672,48.897917727663625,48.466405434914336,48.773693584941235,7933500
2010-09-20,49.1071662902832,49.26407768569889,48.57758721317819,48.59066108441145,4211200
2010-09-21,49.368682861328125,49.52559423847864,48.956783637639255,49.24445865251748,5297300
2010-09-22,49.12022018432617,49.545193154358685,49.03522758556819,49.27059707702862,5141600
2010-09-23,48.799861907958984,49.31636694413456,48.76063531902367,49.13984230580397,5921600
2010-09-24,49.100624084472656,49.322919787856065,48.996018156151024,49.2967670587449,5843400
2010-09-27,48.878318786621094,49.29021292395869,48.87177935926355,49.18560702684568,5957400
2010-09-28,48.7933235168457,49.009079736816155,48.525266839891145,49.009079736816155,7047500
2010-09-29,48.675655364990234,48.87179835699009,48.577588857113795,48.754113559414876,4668100
2010-09-30,48.71488571166992,49.01563463376211,48.296451995009186,48.72142015327908,7237700
2010-10-01,48.982940673828125,49.16600479462689,48.734497222475966,49.0613988633661,7192400
2010-10-04,49.002540588378906,49.120225346476865,48.64295187450089,48.97639285379875,3900300
2010-10-05,49.57137680053711,49.66290888341816,49.198709037914426,49.29024112079548,5680000
2010-10-06,49.401371002197266,49.656353865632546,49.296765078078536,49.55174794151382,4732700
2010-10-07,49.59752655029297,49.68251919695771,49.36869635686935,49.36869635686935,4477200
2010-10-08,49.75441360473633,49.89171165355326,49.45366478521519,49.63019441092386,4118200
2010-10-11,49.42097091674805,49.85248333069566,49.211754137049006,49.695571992951756,3653400
2010-10-12,49.41444778442383,49.571359158071616,48.9567825447774,49.4994404059575,4703500
2010-10-13,49.52558135986328,49.734798137700224,49.30329071571467,49.61711338840936,4370700
2010-10-14,50.36900329589844,50.4016904657306,49.47329104203121,49.53867036981851,6616400
2010-10-15,50.656673431396484,50.84627196723099,50.29707968111209,50.65013400281245,6259200
2010-10-18,50.55205535888672,50.957415075539366,50.44744945698648,50.695892838606106,5375200
2010-10-19,50.336307525634766,50.74820673856908,50.13363012760208,50.395152408106505,5226000
2010-10-20,50.610897064208984,51.08817050273068,50.45398073899614,50.51936004710742,6420300
2010-10-21,51.284324645996094,51.964280573124974,51.17317431093237,51.284324645996094,7697000
2010-10-22,51.356231689453125,51.4869903045017,50.89856656054025,51.029330163710256,4224000
2010-10-25,51.45429611206055,51.81388977133725,51.40853009979999,51.643899588031786,4103000
2010-10-26,51.49354934692383,51.65046074237804,51.375864553302335,51.3823989948589,4030200
2010-10-27,50.656673431396484,51.40200867005641,50.34284570495533,51.297397765201865,8459200
2010-10-28,50.656673431396484,50.84627196723099,50.42130388359624,50.81358480055581,5346300
2010-10-29,50.846275329589844,52.238879410851695,50.60437132533145,50.735129976923936,4335000
2010-11-01,50.918174743652344,51.40852698305311,50.58473881230688,51.03585948063336,4957800
2010-11-02,51.25817108154297,51.493540628937296,51.17317347446462,51.25163165297022,3701400
2010-11-03,51.32355499267578,51.46085307624704,50.878968584297105,51.26471509462649,4060500
2010-11-04,51.76813888549805,51.9577424168706,51.54584319804921,51.728912288704656,5607000
2010-11-05,51.84659957885742,51.905439476897946,51.51969795474892,51.905439476897946,5243200
2010-11-08,51.85310363769531,51.91194848937991,51.45428349091308,51.61119976999199,4865700
2010-11-09,51.715843200683594,51.813914699316484,51.46086029711224,51.77468809511278,4534300
2010-11-10,51.97734832763672,52.02965377467544,51.42815609809608,51.69621278495607,4009900
2010-11-11,52.10807800292969,52.20614941460279,51.85963474972779,51.88578745871523,4438900
2010-11-12,51.552371978759766,51.94465283003626,51.088172389468376,51.84658635830838,4946900
2010-11-15,51.69620895385742,51.89888631095999,51.50006603605895,51.63736907139084,3741600
2010-11-16,50.617435455322266,51.41507604567202,50.42129751567482,51.38892332276132,6751400
2010-11-17,51.23855972290039,51.33662621459029,50.623983104989435,50.623983104989435,5272800
2010-11-18,51.663516998291016,51.96427080354052,51.408534197071255,51.408534197071255,11083200
2010-11-19,52.06888198852539,52.08196084475364,51.49353701753582,51.72890654842295,10866000
2010-11-22,51.990447998046875,51.99698742920271,51.689699010496334,51.8923814713316,10939500
2010-11-23,51.6569709777832,51.78119014275799,51.28430350661783,51.68312369359908,5460400
2010-11-24,51.96426773071289,52.08848691619135,51.81389083698045,51.89234899737841,4465100
2010-11-26,51.349708557128906,51.8269821428193,51.34970855712891,51.80736884315024,2576700
2010-11-29,51.567134857177734,51.705507599489124,50.83573248555616,51.35628043644144,4977600
2010-11-30,51.59348678588867,51.876822854833016,51.06634827668257,51.237669046249366,5558300
2010-12-01,52.245826721191406,52.43691434140433,52.120630170356584,52.14698760354109,5323300
2010-12-02,52.30513381958008,52.48304525938325,52.199709100616744,52.364439308570134,4994400
2010-12-03,52.55550765991211,52.57527447326339,52.08767464432618,52.2589903781474,3611200
2010-12-06,52.436920166015625,52.67413206385898,52.31831421709395,52.50940185853259,3113700
2010-12-07,52.93769836425781,53.33305489366362,52.64777661043855,52.68731025251229,7729000
2010-12-08,51.883419036865234,52.02179179267739,51.47489138461024,51.942724519165544,9359700
2010-12-09,51.13882827758789,52.19310023441053,51.033398568323015,52.18650962079017,10593300
2010-12-10,51.105899810791016,51.290396845503786,50.94776021348967,51.1652053017585,5321100
2010-12-13,50.809391021728516,51.237690612335285,50.78962419906732,51.22450937911615,6926500
2010-12-14,50.809391021728516,50.98071186340472,50.67760885254221,50.76985737640612,6040400
2010-12-15,50.72373580932617,51.03342442608389,50.67761154494372,50.888466043144604,6125800
2010-12-16,50.54581832885742,50.86210255211872,50.42721237353033,50.86210255211872,6483700
2010-12-17,50.61171340942383,50.7105525512031,50.48652185519315,50.545822323960174,8998800
2010-12-20,50.684181213378906,50.77642971316591,50.618290145983366,50.70394803088095,4759200
2010-12-21,50.64466094970703,50.829157997992404,50.41403963935031,50.829157997992404,4286100
2010-12-22,50.743499755859375,50.98071168128132,50.67760867150161,50.76326657844995,3518100
2010-12-23,50.710548400878906,50.80938753456885,50.578766240737096,50.743496454497944,2862600
2010-12-27,50.361297607421875,50.57215198137162,50.22951550889009,50.558975782384366,2612600
2010-12-28,50.361297607421875,50.47990350696641,50.03842794700363,50.36788822049791,2962900
2010-12-29,50.730316162109375,51.066367212014626,50.49310424772535,50.57217656157578,3583900
2010-12-30,50.578758239746094,50.76984586074082,50.42061363999202,50.64464930939377,2565000
2010-12-31,50.578758239746094,50.64464930939377,50.30200770375965,50.54581019133907,2485100
2011-01-03,50.47332000732422,51.12565003317257,50.47332000732422,50.80278032725084,8019700
2011-01-04,48.96440887451172,50.018686301885865,48.83262670967362,49.9066659318894,36471600
2011-01-05,49.19501876831055,49.353158318717355,48.964392516142105,49.20819496952542,17904000
2011-01-06,48.89850616455078,49.37952050344772,48.81284828049128,49.35316307131414,11717100
2011-01-07,49.003929138183594,49.14230186743638,48.48996682317482,48.99074791035069,11271900
2011-01-10,48.47022247314453,49.0632523213412,48.44386503242826,48.92487952795661,11338600
2011-01-11,48.69423294067383,49.082993678403035,48.47678793796163,48.65469428653013,8658800
2011-01-12,48.49658203125,49.00395398964678,48.404333498299316,49.00395398964678,10378500
2011-01-13,47.88376998901367,48.463623469948665,47.74539723392684,48.391141784831795,14512600
2011-01-14,48.79967498779297,48.83921365600711,47.53454820261369,47.705869025763064,10570000
2011-01-18,49.208194732666016,49.656260979299965,48.964392280456224,49.188427917356016,11228500
2011-01-19,49.649681091308594,49.70898657721641,49.2543296182012,49.48495089191662,10696700
2011-01-20,49.52449417114258,49.90666444868204,49.208209946896716,49.67604315348568,8290300
2011-01-21,49.42565155029297,49.91325154390726,49.1818490399024,49.91325154390726,9825900
2011-01-24,49.6694450378418,49.97913859913167,48.85897531892692,48.924866389439,16395500
2011-01-25,49.735347747802734,49.86712990634726,49.41906352926193,49.774881389932666,6959800
2011-01-26,49.53108596801758,49.88690387970196,49.51790976114089,49.807831556938375,6669000
2011-01-27,48.99076843261719,49.71558042492215,48.98417781593992,49.70240421873518,7610900
2011-01-28,48.28570556640625,49.241143547738325,48.134156628544915,49.00393170597076,9083500
2011-01-31,48.54269790649414,48.7469667888613,48.331843435174626,48.62836083454613,6372400
2011-02-01,48.410919189453125,48.931467302230494,48.23300773174608,48.90510986304547,8468900
2011-02-02,48.522918701171875,48.601990992923355,48.15392472733,48.42407959327399,5841900
2011-02-03,48.64811706542969,48.93803875840091,48.63493583606015,48.65470265294841,11126100
2011-02-04,48.79308319091797,49.08959551537923,48.522923272357254,48.5822287535493,9699700
2011-02-07,48.39773178100586,48.990761519083,48.298897680632045,48.84579813564561,11618600
2011-02-08,49.656280517578125,50.05822267758589,48.89192984373791,49.00395021984734,11855200
2011-02-09,50.031837463378906,50.071371087607766,49.53764705185883,49.74850142635414,5845000
2011-02-10,49.91981887817383,50.28881275236818,49.76826495003573,50.064782193654324,5437100
2011-02-11,50.17021942138672,50.22952489582445,49.755101208985636,49.946188806582704,4597900
2011-02-14,50.236106872558594,50.37447960008094,49.965952031347925,50.12409157320698,4512800
2011-02-15,50.17681884765625,50.302010378493804,49.946197578043254,49.99232183196585,3823000
2011-02-16,50.091129302978516,50.30198364128656,49.91981360927846,50.26245002384255,4058200
2011-02-17,50.0648078918457,50.1636419966188,49.8803058328794,50.0186836338959,4338400
2011-02-18,50.16364669799805,50.28884327866694,49.662870429657566,50.13070366904192,5446900
2011-02-22,49.88029098510742,50.36789588362332,49.76168506751782,50.04502114691711,7034000
2011-02-23,49.54423904418945,50.37447533909703,49.148882682235396,50.05819628213175,7034000
2011-02-24,49.55743408203125,49.63650638991311,49.12254895659823,49.40588510921629,7297100
2011-02-25,49.45112991333008,50.049003551650884,49.43784090414357,49.756711237083735,6499000
2011-02-28,50.274879455566406,50.40109972247237,49.49763954185387,49.49763954185387,11324600
2011-03-01,49.75008773803711,50.427685581029195,49.6305119462311,50.29482077442577,9067200
2011-03-02,49.61722183227539,49.69029619975557,48.919695622064005,49.59729338083052,7835300
2011-03-03,50.646881103515625,50.90596102575359,49.936071176403686,49.99586157983577,7390100
2011-03-04,50.507381439208984,50.88603713392088,50.19515559004311,50.560527342954735,5416400
2011-03-07,50.68009948730469,51.311190577510075,50.44759251029597,50.7398848235618,7954100
2011-03-08,50.18187713623047,50.52067597432092,49.80322140010804,50.30809740436224,8950300
2011-03-09,50.341312408447266,50.48746113317754,49.956012146571666,50.27488255218982,5337800
2011-03-10,50.93918991088867,51.317845656692576,50.01580124887087,50.24830827379028,8157900
2011-03-11,50.97240447998047,51.17833853775631,50.48745693986023,50.72660845714244,4448900
2011-03-14,50.268245697021484,50.759837858348945,50.12874145716605,50.55389868385136,7988500
2011-03-15,49.90287780761719,50.26824459879708,49.384712697408155,49.49100453589426,6933600
2011-03-16,48.7469596862793,49.65706422644559,48.607455498651824,49.65041972181418,10583900
2011-03-17,48.76025390625,49.285058326229496,48.57424830286943,49.24519636245325,6126100
2011-03-18,48.487884521484375,49.019333442237425,48.42145467345838,48.81339939287507,9184100
2011-03-21,48.99940872192383,49.31163460649608,48.74696818464095,48.826687049299686,5353700
2011-03-22,49.072486877441406,49.35813982922785,48.84661927756981,49.1588451862984,4498800
2011-03-23,49.51094055175781,49.590659442800124,48.9396345033077,48.99278043066924,5057900
2011-03-24,49.776649475097656,49.823150879854595,49.48435203475515,49.557426394840775,4306800
2011-03-25,49.98924255371094,50.32139698928377,49.66373262596641,49.82316533592452,4652000
2011-03-28,49.823150634765625,50.241663275519386,49.823150634765625,50.18852243339643,3081600
2011-03-29,50.0689582824707,50.1220991369195,49.736803867863486,49.736803867863486,3008700
2011-03-30,50.361263275146484,50.514056573995326,50.128756140616,50.155329108601684,3479500
2011-03-31,50.547245025634766,50.786396555883385,50.32802701313437,50.381167855643945,4505700
2011-04-01,50.4808235168457,50.81962241875407,50.40110970576645,50.686762688106086,3889000
2011-04-04,50.746559143066406,50.819633531383985,50.580481909303714,50.693413211876354,3283100
2011-04-05,50.88603210449219,50.97903489271896,50.46751955747172,50.66016963830484,4274100
2011-04-06,50.965755462646484,51.091975715669676,50.79303381139459,51.00561235590759,5657400
2011-04-07,50.49409866333008,50.97904110845859,50.26159166441419,50.71331665186652,5414400
2011-04-08,50.514041900634766,50.73990446049123,50.34132019303785,50.65354614082975,3693100
2011-04-11,50.653526306152344,50.81960344158235,50.487449170722336,50.59374097016808,3940500
2011-04-12,50.92588806152344,51.125177554980546,50.37451083324341,50.37451083324341,4769000
2011-04-13,51.07866668701172,51.45732222940654,50.81958684580844,51.131812569379136,4862700
2011-04-14,51.198280334472656,51.297927670698904,50.7864070432654,50.965773262127456,3488700
2011-04-15,51.40420150756836,51.51049332432926,50.92590353696266,51.34441616184494,4605700
2011-04-18,51.15177917480469,51.390930755629334,50.7531948961883,51.07870479909304,4937700
2011-04-19,50.88603210449219,51.15175652868518,50.77310087139851,51.07203768094573,4810600
2011-04-20,52.08180236816406,52.088446874187994,51.26470044850596,51.271344954529894,7964800
2011-04-21,51.091976165771484,51.6101360558197,50.819607210695075,51.41748595624007,9424100
2011-04-25,51.23813247680664,51.31785135202906,50.84619274391198,51.251421490147166,3831600
2011-04-26,51.111900329589844,51.37761968910147,50.85282040627567,51.28461689961802,4900000
2011-04-27,51.72972106933594,51.78950642046138,51.15841517330657,51.42413967094611,5745100
2011-04-28,51.83601379394531,52.10838282915166,51.497214893751064,51.81608534127632,3991900
2011-04-29,52.02201461791992,52.20802024994262,51.66328729833044,51.84265349226186,4500000
2011-05-02,52.24125289916992,52.433903093557504,52.04860270478235,52.0818201779879,4021700
2011-05-03,52.44053268432617,52.54017493904838,52.15487972815128,52.23459353192904,4446300
2011-05-04,52.526885986328125,52.68631864695592,52.36080881992792,52.4205992353339,5493400
2011-05-05,52.214656829833984,52.599957048117915,51.94893236659428,52.37408948046877,6407800
2011-05-06,52.28109359741211,52.726184286257386,52.24788120278221,52.36745697365101,6076200
2011-05-09,52.68631362915039,53.025112435456286,52.53352548884645,52.78596093315476,6284700
2011-05-10,52.952056884765625,53.04505971665175,52.65975937410967,52.825836583659786,4375800
2011-05-11,52.819183349609375,53.12476472717976,52.59331576810863,52.9321146062233,4304800
2011-05-12,53.58314895629883,53.61636135453832,52.553468313672326,52.67968860449428,6400000
2011-05-13,53.636287689208984,53.7492240299304,53.39713613092325,53.53664036187766,5220900
2011-05-16,53.902008056640625,53.97508241984011,53.43699398925591,53.43699398925591,6244100
2011-05-17,53.76249313354492,54.00164462581125,53.43698335117715,53.609699931380014,6471600
2011-05-18,54.141170501708984,54.141170501708984,53.62965492455558,53.74258621105677,4373100
2011-05-19,54.81211853027344,54.891832339703186,54.054806931048404,54.20759511130458,5909600
2011-05-20,54.692527770996094,55.037966009903144,54.466660213490734,54.99810911610258,4790700
2011-05-23,54.805458068847656,54.93831775806929,54.1345049812522,54.16107793275098,6550800
2011-05-24,54.89847946166992,55.19077695889923,54.74569127413569,54.90512396886349,6309900
2011-05-25,54.95160675048828,55.13096783770771,54.81210255636823,54.8519594494676,6589800
2011-05-26,54.758968353271484,55.11769567262882,54.6061751166241,55.05126581384561,7160900
2011-05-27,54.62511444091797,55.01328215195228,54.390868878357495,54.966434060651984,5443300
2011-05-31,54.57157516479492,55.04675014603357,54.39756577111086,54.96643693985802,7161400
2011-06-01,54.196800231933594,54.7054353116681,54.196800231933594,54.524736947615615,5700100
2011-06-02,54.04286193847656,54.39087564485067,53.848775505784594,54.17671218568361,4764400
2011-06-03,53.902320861816406,54.17671541677359,53.54761309010935,53.6078441731268,5752100
2011-06-06,54.009403228759766,54.524737464346956,53.828704862994805,53.94247809721942,6132800
2011-06-07,54.303863525390625,55.03336102510516,54.18339628259642,54.24363245702287,7248900
2011-06-08,54.31055450439453,54.544794933818885,53.5409030025216,53.66137023851961,7867600
2011-06-09,54.384185791015625,54.618426272713656,53.95585887989364,54.31056662447345,4540200
2011-06-10,53.78185272216797,54.46449718232041,53.72831057853174,54.35072395663831,5466200
2011-06-13,54.02948760986328,54.42434947660924,53.801936025893724,53.828707100834876,4376000
2011-06-14,54.524723052978516,54.77904052803757,54.07631917350904,54.25032344831103,5246300
2011-06-15,54.370792388916016,54.80581330158644,54.283790248805545,54.3574094081525,5353600
2011-06-16,54.75226974487305,54.83258294554609,54.14324456779389,54.464487158368264,5258800
2011-06-17,55.227455139160156,55.361310498932355,54.779051172558006,55.02667975859167,7279500
2011-06-20,55.34123611450195,55.528628521072754,54.95306321171379,55.09360751664189,4792800
2011-06-21,55.41485595703125,55.59555432095588,55.2073814134909,55.39477382231946,5818300
2011-06-22,55.31446838378906,55.608939995025914,55.20069514521891,55.448318651982134,4543200
2011-06-23,55.073524475097656,55.10698448344051,54.47788220236344,54.91959209732991,6677400
2011-06-24,54.77234649658203,55.31445166283046,54.69203840236663,55.073517168066466,6467700
2011-06-27,55.09361267089844,55.21407995868709,54.55151242887981,54.55151242887981,4528800
2011-06-28,56.45220947265625,56.492368636889076,55.1605345054836,55.187305579618716,8545100
2011-06-29,56.599422454833984,56.65965862115025,56.28486885733064,56.49234331235553,7181000
2011-06-30,56.43212127685547,56.826988159637324,56.37857913918009,56.68643877172462,4968000
2011-07-01,57.322242736816406,57.41593892891757,56.31835058768147,56.3250446317057,5829700
2011-07-05,57.3155517578125,57.54979225059172,57.108082336502314,57.161624479440356,5093000
2011-07-06,57.46278762817383,57.743876207428,57.08800285583493,57.31554929445224,5810300
2011-07-07,57.596622467041016,57.75055480368136,57.3289220475837,57.55646842533406,6072300
2011-07-08,57.28877639770508,57.48955686566243,57.05453592246111,57.288776397705085,5200100
2011-07-11,57.1214714050293,57.46279622004995,56.95415602006667,57.10139437580344,5288300
2011-07-12,56.88053894042969,57.58995967096164,56.86715595580554,57.0210832562555,5498200
2011-07-13,56.860443115234375,57.39585423230915,56.76005289252551,57.05452951752251,6545200
2011-07-14,57.429317474365234,57.864338393262614,57.26200212910155,57.56986175165962,6764400
2011-07-15,57.208457946777344,57.589936682042065,56.83366814812432,57.47615838088288,5892000
2011-07-18,57.154911041259766,57.50961868226033,56.98759573089663,57.208453166029905,5408100
2011-07-19,57.6970329284668,57.730498045674,57.2620119350732,57.35570813598136,4672200
2011-07-20,57.73717498779297,57.944649480461116,57.489551553726216,57.703714983598,4114100
2011-07-21,57.91789627075195,58.252527052228864,57.56987739862207,58.004898435754164,6107200
2011-07-22,59.26979064941406,59.94574612389603,59.18948254563448,59.22963659752427,11408600
2011-07-25,58.97532653808594,59.564274833085356,58.747774967841984,58.86824224478052,5346000
2011-07-26,58.908382415771484,59.19616500361811,58.781226230019904,58.93515348278732,4729100
2011-07-27,58.285980224609375,59.01547789774554,58.279291286128604,58.84146848210738,6668100
2011-07-28,58.07851028442383,58.7410777184097,58.00489111330763,58.21905458217478,4864300
2011-07-29,57.87773895263672,58.12536244911074,57.43602389504488,57.6568814238408,5707000
2011-08-01,57.8174934387207,58.553679976623606,57.28877630626568,58.553679976623606,4400300
2011-08-02,56.92737579345703,57.94465602987413,56.907298767458975,57.58325424373065,5604800
2011-08-03,57.24862289428711,57.4293212323301,56.88722111214166,56.96084027735978,7635100
2011-08-04,56.405338287353516,57.864328041280515,56.385261266483134,57.14821869590697,10708800
2011-08-05,56.94076919555664,57.24193482575307,55.38138868742314,56.69314060433158,12502600
2011-08-08,54.95304870605469,56.84705951234089,54.88612359366814,55.9703236900831,14499500
2011-08-09,57.52971649169922,57.57656459128779,55.260920471798656,55.856562783450435,15364200
2011-08-10,56.27150344848633,57.19508240321382,55.95694975277244,56.840374654790786,13493400
2011-08-11,57.743896484375,58.20568867392345,56.51245745366097,56.706543952078995,11112100
2011-08-12,57.89111328125,58.1855899422844,57.409244238124415,57.95134435861097,6531200
2011-08-15,58.10527038574219,58.13873549577113,57.39585498644695,58.10527038574219,6470400
2011-08-16,58.004886627197266,58.352905428477946,57.342319244454494,57.85764829635232,5627300
2011-08-17,58.56036376953125,58.56705781222986,57.85094842523336,58.31942929296621,5407500
2011-08-18,57.295475006103516,58.40644639407876,56.67306163312166,57.93127136185431,11373500
2011-08-19,58.37968063354492,59.18279236005661,57.436019504136844,57.436019504136844,11686500
2011-08-22,58.7343635559082,59.49062686360961,58.44658103951604,59.03552904945591,7087900
2011-08-23,59.91897964477539,59.93905667225853,58.7276950242167,58.73438906873104,6617100
2011-08-24,60.32052230834961,60.33391039444762,59.25639923620241,59.60441288386914,8174400
2011-08-25,59.370182037353516,60.541389563423195,59.1359415533515,60.273683964823924,8671900
2011-08-26,60.186702728271484,60.561487632900246,58.78125422985225,59.3300485999421,5958600
2011-08-29,60.76224136352539,60.782318387975955,60.28037235247537,60.63508006725966,6261700
2011-08-30,61.166526794433594,61.46299541619821,60.7083503519787,60.80268034243127,6311800
2011-08-31,60.91722869873047,61.44951715943742,60.65444642010185,61.35518716838057,9168400
2011-09-01,60.688133239746094,61.37539528469162,60.661181081430776,60.822888890724094,5475400
2011-09-02,60.027809143066406,60.59379410097763,59.97390997517784,60.27711271436749,5250800
2011-09-06,59.84589385986328,59.93348451350949,58.66676399480358,58.902588939695875,7198400
2011-09-07,60.16257858276367,60.29060004871522,59.71114150049044,60.29060004871522,7065300
2011-09-08,59.70439910888672,60.6409647081311,59.70439910888672,60.07498483834238,7330000
2011-09-09,57.2922477722168,58.25576574204681,56.36242129094145,58.141222905920024,18444800
2011-09-12,58.073814392089844,58.080548573763934,56.706024985131656,56.89468488394014,8271000
2011-09-13,58.02666091918945,58.14794304112018,57.38655883210038,58.06034725602716,6598700
2011-09-14,58.451148986816406,59.15188960306902,57.56848774797227,58.147946235631196,7666600
2011-09-15,59.340553283691406,59.45509609551593,58.86890338759146,58.99018552381692,6755100
2011-09-16,59.488773345947266,59.80545468925677,59.32032626040792,59.46856051817808,7594500
2011-09-19,59.83915710449219,60.11541286651035,58.983447941833006,59.03061293283629,6471600
2011-09-20,60.17606735229492,61.01830323009818,59.96719449959167,60.12890234876194,7942200
2011-09-21,58.96997833251953,60.45231639525709,58.943031311185464,60.142374243922696,5777500
2011-09-22,57.93906784057617,58.599382788732385,57.33939652651699,57.83799854414641,10785600
2011-09-23,58.86888122558594,59.19229670670072,57.77734241048167,58.01316726975212,7614900
2011-09-26,60.19628143310547,60.283877256188575,58.43769761331315,59.26645485543827,7515500
2011-09-27,60.46577835083008,61.31475329739226,60.23669272907425,60.80267259971685,8043200
2011-09-28,59.3135986328125,60.897000520971126,59.279912293420765,60.46577630821128,7027800
2011-09-29,59.81894302368164,60.519683690114434,58.87563808269141,60.270380091097515,8145900
2011-09-30,59.172115325927734,60.75551752599222,59.165376000482595,59.2866581554994,8776100
2011-10-03,57.95928192138672,59.145151067828344,57.9458084138513,58.90932613147298,9185600
2011-10-04,58.26923751831055,58.35008885634274,56.42305314406062,57.3124538466063,10700000
2011-10-05,57.83127212524414,58.46462986274915,57.20464857196674,58.39725203628248,7730400
2011-10-06,58.69373321533203,58.78806322071327,57.99299236064296,58.24903021230637,5861000
2011-10-07,58.75434494018555,59.27316487381971,58.34333361531598,58.81498856776498,5509200
2011-10-10,59.637001037597656,59.643735219047876,59.03059056830325,59.32705905120197,5136400
2011-10-11,60.19628143310547,60.56686728322642,59.74484422703081,59.85265288910234,6868200
2011-10-12,59.535953521728516,60.526423460027864,59.3136020783147,60.526423460027864,7847900
2011-10-13,60.17606735229492,60.600557524691666,59.48206581148102,59.556182979975695,4990800
2011-10-14,60.60057067871094,60.62752284952289,60.06153754367386,60.62752284952289,3702300
2011-10-17,59.73808670043945,60.57358294265178,59.637017404386825,60.243428040104625,4321700
2011-10-18,60.39840316772461,60.64096744876756,59.434885368192475,59.933487438959204,4864000
2011-10-19,60.38492965698242,61.065452368208874,60.17605171794792,60.58706313077897,5681700
2011-10-20,59.97392272949219,60.742041296682,59.54943263563542,60.64097198192568,6969800
2011-10-21,62.20416259765625,62.29175326398631,61.37540036776806,61.46299617469711,12081700
2011-10-24,61.99528884887695,62.19742233905138,61.584277402743695,62.035714518792055,6653900
2011-10-25,61.83354187011719,62.56797369331822,61.61792984819136,61.8941854822255,6465700
2011-10-26,61.840335845947266,62.440007472560566,61.22719070506653,62.24460810177861,7046500
2011-10-27,63.00596618652344,63.22831249212248,61.99528340264221,62.87120539764686,7004300
2011-10-28,62.85774612426758,63.100310458579784,62.31871312788498,62.99250180306341,4942400
2011-10-31,62.56126022338867,63.12050590343006,62.51409523474652,62.51409523474652,4544600
2011-11-01,61.92789840698242,62.92510242619619,61.79313763371173,62.197409672328064,6503500
2011-11-02,62.34566116333008,62.54779980873815,61.76620252979952,62.21090549345756,5421700
2011-11-03,62.662330627441406,62.763399930766624,62.17720208395904,62.54778781595205,5245400
2011-11-04,63.20808029174805,63.22155893680503,62.19066363561211,62.554504802600405,5612500
2011-11-07,63.753875732421875,63.807774910649705,62.810570715351275,63.28222065358718,4646700
2011-11-08,63.74041748046875,64.31313691463514,63.2283365689386,63.98298185221458,7195500
2011-11-09,62.426483154296875,63.30914412760382,62.22434462058551,62.93856366992826,6666000
2011-11-10,62.837501525878906,62.9924699641068,62.386059434830834,62.85097503070858,4189400
2011-11-11,63.84817123413086,63.97618749645092,63.241760826365315,63.28892579471397,4425500
2011-11-14,63.37656784057617,63.87517521413788,63.24181214753798,63.57196719390168,3232200
2011-11-15,63.65281677246094,63.949285433627104,63.13399661542016,63.24854459670684,5577300
2011-11-16,62.76338195800781,63.55845236757445,62.70947765959049,63.27546251177874,3915600
2011-11-17,62.183929443359375,63.03290423109995,61.79987027710009,62.75664853120604,5435000
2011-11-18,62.48712921142578,62.6623156191907,62.11654870878881,62.36584710460346,4791500
2011-11-21,62.177223205566406,62.40631404696561,61.46300879648661,62.0087760230023,5869400
2011-11-22,62.426483154296875,62.75663796146874,61.86049834426293,61.92114196061492,4695700
2011-11-23,61.90095901489258,62.325443971869156,61.78641104884585,62.204161821218854,4555800
2011-11-25,62.055904388427734,62.29172927665786,61.85377097305778,61.900935950703804,2452400
2011-11-28,63.174415588378906,63.329384075410225,62.70949984608767,62.79035632232051,6101200
2011-11-29,63.44594192504883,63.669965862705105,63.20834313326121,63.50025170010463,5648300
2011-11-30,64.84440612792969,64.85798616575777,64.24701394516687,64.38957326676027,7683300
2011-12-01,64.83081817626953,65.08878187096924,64.64073911919967,64.79008842954481,4860300
2011-12-02,64.96659851074219,65.48932118593288,64.70863477212951,65.4214365367471,4023100
2011-12-05,64.72900390625,65.57078500590532,64.5457148234666,65.45538057677255,5906900
2011-12-06,65.17704010009766,65.35353913166529,64.36919888442206,64.81045682187342,5346500
2011-12-07,65.47572326660156,65.6114977071588,64.83081150656697,65.05483544903743,5137800
2011-12-08,65.79479217529297,66.72482774786717,65.65902290276007,65.8694668289658,8123000
2011-12-09,66.54833984375,66.8198836345659,66.27001121313229,66.30395094994239,5721200
2011-12-12,66.85382843017578,66.88776816692473,65.9848872652773,66.30395083046601,5804900
2011-12-13,66.5279541015625,67.1728658706368,66.36502994987544,67.03030659050243,6862400
2011-12-14,66.26322174072266,66.84024906392492,65.95773821057648,66.36505131052708,6347200
2011-12-15,66.62300109863281,67.05746900473481,66.43292203712144,66.87417996092483,5558600
2011-12-16,66.18177032470703,66.94888208241369,65.90344163596204,66.89457227705482,8867300
2011-12-19,66.01203155517578,66.77914302803107,65.83553252220099,66.47365437077559,5169500
2011-12-20,67.08464050292969,67.15252515895045,66.48045825959055,66.57549781387306,5981100
2011-12-21,67.34259796142578,67.5462570896843,67.00316953383943,67.19325380387188,5414500
2011-12-22,66.93529510498047,67.44443782410445,66.90135536459941,67.36976314429153,4752500
2011-12-23,67.98749542236328,67.98749542236328,67.04388508086576,67.09818967733429,3516800
2011-12-27,68.25904083251953,68.44232985613324,67.88566758907346,68.00107198095118,3052100
2011-12-28,67.6005630493164,68.3948242818233,67.5190983667773,68.38124942436669,3111600
2011-12-29,68.4355697631836,68.56455424536726,67.61415344769675,67.71598302945925,3986200
2011-12-30,68.1097183227539,68.44235677457306,67.92642404778498,68.177602981189,2957200
2012-01-03,67.09819030761719,68.96504613706456,67.03709569379173,68.78854713316966,8895900
2012-01-04,67.47160339355469,68.08936580982976,67.04392530639622,67.28152424370649,6754700
2012-01-05,67.77027130126953,68.15721944562848,66.98958499478643,67.52588245438324,8163800
2012-01-06,68.29300689697266,68.40841133335783,67.79744423283991,67.94678840854974,6775300
2012-01-09,67.64128112792969,68.51700689184953,67.55303162152497,68.48306198516624,4433700
2012-01-10,67.68202209472656,68.19116470380203,67.44442324634463,68.04860539477288,5075400
2012-01-11,67.83816528320312,67.96035972347383,67.44442706685679,67.62772131689621,4622500
2012-01-12,68.2726058959961,68.32691566530234,67.93317760672909,68.13683665199517,4022700
2012-01-13,68.1232681274414,68.17757790592167,67.62091562466279,68.00786373262,4134800
2012-01-17,68.25904083251953,68.70029352843618,67.91961249457417,68.2861905418016,4555800
2012-01-18,68.9447021484375,69.15515130030944,68.38803972149279,68.49665930688049,4844500
2012-01-19,68.74102783203125,69.10761105522384,68.36086457505448,69.08724100454755,4763300
2012-01-20,69.06690216064453,69.39275576381154,68.74783857692839,68.82930327253698,5630400
2012-01-23,68.53058624267578,69.16871323947147,67.91282929878571,69.04651881836732,6059700
2012-01-24,67.037109375,68.57811204074305,66.80630054775673,68.57811204074305,11654100
2012-01-25,67.36296081542969,67.5530398858727,66.56190960480109,66.80629846087533,7544000
2012-01-26,67.32899475097656,67.68878790402661,66.99635648221053,67.57338353026803,4607100
2012-01-27,66.99638366699219,67.16609787818285,66.7655696465542,66.91491898108465,5135000
2012-01-30,66.99638366699219,67.07784317363301,66.32431166160514,66.55512568204313,6104900
2012-01-31,67.24077606201172,67.38333538535545,66.69768848609247,67.23398604301431,6574200
2012-02-01,66.79951477050781,67.5394662475774,66.77235987511993,67.51910137085316,6141300
2012-02-02,66.94886016845703,67.08462945814557,66.70447130360455,66.70447130360455,3984000
2012-02-03,67.89246368408203,68.06896270654354,67.23397182083423,67.32901134962609,5600900
2012-02-06,67.53945922851562,67.88567763464685,67.43762967621042,67.85852274208106,3486600
2012-02-07,68.5034408569336,68.68672991053229,67.58698005114128,67.5937700692053,6029900
2012-02-08,67.91963958740234,68.76142075109513,67.61415085383423,68.64601631318311,5433600
2012-02-09,67.87889862060547,68.19796218589461,67.6820295020384,67.92641839548256,3608800
2012-02-10,67.52587890625,67.65486334068086,67.166085672591,67.55981863476049,3874700
2012-02-13,67.64807891845703,67.83136796951771,67.39690004622864,67.6955986857147,2971100
2012-02-14,67.58020782470703,67.6413024608865,67.17288953310842,67.55305292664931,3520800
2012-02-15,66.94207763671875,67.71597406887886,66.73841850014315,67.65487943546638,5260500
2012-02-16,67.38329315185547,67.50548752088677,66.77232130669891,66.77232130669891,3996300
2012-02-17,67.87889862060547,68.05540286126336,67.48516556273835,67.65487978433751,4931700
2012-02-21,68.21829223632812,68.39479638687537,67.8856539820103,67.96711863132388,4474800
2012-02-22,68.3337173461914,68.39481196264158,67.98749898184373,67.98749898184373,3918900
2012-02-23,68.4355697631836,68.59170914578844,68.15724109758496,68.4355697631836,4166500
2012-02-24,68.10293579101562,68.40163453609274,67.91964667516159,68.40163453609274,3661800
2012-02-27,68.13008117675781,68.39483496227038,67.54626380889233,67.90605714924186,4044500
2012-02-28,68.21206665039062,68.43082632946955,68.02065258315184,68.20522894352005,4365800
2012-02-29,67.87029266357422,68.28046664158587,67.85662245775337,68.26679643576503,5461000
2012-03-01,67.84980773925781,68.14376681264822,67.7746085426477,67.87031566276114,4086100
2012-03-02,68.02067565917969,68.11638272526773,67.65151759756415,67.8634396416671,4311700
2012-03-05,68.32150268554688,68.60178629937421,67.56951080922565,67.96601466844116,6313200
2012-03-06,68.28728485107422,68.49920688247052,67.74722060159125,67.8019118405463,6713900
2012-03-07,68.48554229736328,68.66328623072297,68.04802278112716,68.36248960744412,5873500
2012-03-08,66.28426361083984,66.75596641766897,65.94245119212741,66.31160923021407,16841200
2012-03-09,66.2022476196289,66.72180412021595,65.99032552223541,66.61925931915142,7808700
2012-03-12,66.07919311523438,66.6397653905897,66.02450186504247,66.34580644036406,4503100
2012-03-13,66.1612319946289,66.50988223309241,65.88094843418804,66.30479263031499,6350900
2012-03-14,66.50987243652344,66.61241722280782,66.09286079710625,66.09969850703041,7209100
2012-03-15,67.0225830078125,67.12512778163578,66.41415728960989,66.41415728960989,5768200
2012-03-16,66.76280975341797,67.3712354927548,66.7012808007292,67.28236091838701,7337000
2012-03-19,66.81066131591797,67.06359918160774,66.53037261371225,66.55771823458431,4634500
2012-03-20,66.75597381591797,66.89269671229786,66.35947011451444,66.62608341340615,4757100
2012-03-21,66.1202163696289,66.87220288945103,66.1202163696289,66.67395099697738,6038600
2012-03-22,65.49129486083984,65.95616019563182,65.47078172413083,65.71688720817637,7721200
2012-03-23,65.32036590576172,65.5869792183857,65.03323946354446,65.56647130443685,6041500
2012-03-26,66.29109191894531,66.33210773436846,65.69633651709542,65.73735754816143,5644100
2012-03-27,66.54405212402344,66.87903211482784,66.35947567687467,66.50987400488569,4877500
2012-03-28,66.36630249023438,66.88585362723751,66.35262707230896,66.66709388122467,5055400
2012-03-29,66.74915313720703,66.79016897345721,66.26377995087981,66.27745015774804,4103600
2012-03-30,67.0636215209961,67.16616632951379,66.83119148962524,66.9132231639229,4429500
2012-04-02,67.24136352539062,67.54899272622743,66.77649826071016,66.87220535499918,4603000
2012-04-03,67.9522933959961,67.95913110309152,67.20030730041073,67.20713979186384,5422200
2012-04-04,66.63975524902344,67.3849038608202,66.41415778804787,67.1661441089892,7768300
2012-04-05,67.41908264160156,67.4464282606907,66.35946206838254,66.40047788919448,5469400
2012-04-09,67.59684753417969,68.0206969708263,66.74915387653206,66.81751534292137,6712700
2012-04-10,66.76966094970703,67.52848521300784,66.5235555013043,67.52848521300784,7581600
2012-04-11,67.37808227539062,67.49430249608437,66.65344140197558,67.19350580946902,6366600
2012-04-12,66.74915313720703,67.50797740170826,66.55090123592203,67.48746948358317,5763900
2012-04-13,66.29109191894531,66.85850170529883,66.2842542111605,66.66708239682416,5223700
2012-04-16,66.02448272705078,66.92686723107147,65.84673882327064,66.37312761076471,6236300
2012-04-17,66.38683319091797,66.70813781909465,66.25011025859176,66.25694275425619,7592700
2012-04-18,66.54405212402344,66.98157690353031,66.3252923420923,66.3252923420923,5388700
2012-04-19,65.13578796386719,66.47569231327115,64.34961818524154,66.42100627817008,13939100
2012-04-20,65.58696746826172,66.83799693581562,65.38871564286622,66.25008438391204,11021200
2012-04-23,65.0742416381836,65.58012249293323,64.8418065109897,65.47757773727835,5217500
2012-04-24,64.66407012939453,65.25198790011147,64.3632787510033,64.95119652172023,6223800
2012-04-25,65.0947494506836,65.10841965078416,64.79395289204207,65.04689592686725,5699600
2012-04-26,65.51178741455078,65.67585596021287,64.90336155939407,64.90336155939407,4741200
2012-04-27,66.57140350341797,66.67394830098483,65.4912799205629,65.78523889191052,7373300
2012-04-30,66.6192626953125,66.82435230783516,66.37315724654351,66.72864521283005,4507200
2012-05-01,66.4483642578125,67.00210419065246,66.40051070466792,66.4688773939997,5297900
2012-05-02,66.6602554321289,66.79697830530498,66.2432438886056,66.2432438886056,4348300
2012-05-03,66.3389663696289,66.70812447182144,66.1680601305941,66.63292530939457,3935200
2012-05-04,65.53913879394531,66.20908845666133,65.45710190609121,66.20908845666133,4688500
2012-05-07,65.29299926757812,65.64848183145087,65.08107205514446,65.44339754232371,5089700
2012-05-08,63.95309829711914,64.8554827704639,63.55659468510507,64.19236591966452,12379500
2012-05-09,62.84564971923828,63.6386520482462,62.59270657848272,63.570290587828374,8975700
2012-05-10,62.804603576660156,63.392521240685966,62.70889653513433,63.37200811837964,7129500
2012-05-11,62.82512283325195,63.3036581273328,62.66788682768623,62.6815622450277,5366500
2012-05-14,62.127838134765625,62.68157793151462,61.97744501587728,62.57903313836519,6050000
2012-05-15,62.21671676635742,62.7157601281295,62.107334255717134,62.2030413447048,4890300
2012-05-16,62.503841400146484,62.68158538168871,62.19621219977901,62.29191929392202,4949100
2012-05-17,61.266448974609375,62.606352793165165,61.18441213099233,62.40126329194387,9094100
2012-05-18,61.423709869384766,62.285078895149596,61.314332573217534,61.66981530531758,7990700
2012-05-21,62.39443588256836,62.428619210294734,61.45103549565655,61.53307235281374,6622500
2012-05-22,62.44232177734375,62.86617126888191,62.209891718389635,62.86617126888191,5063400
2012-05-23,62.538002014160156,62.59952574561774,61.98426235282408,62.189351888969824,4236500
2012-05-24,62.572200775146484,62.968704560863955,62.093665320415255,62.797798296224904,5010000
2012-05-25,62.244056701660156,62.75677543819559,62.079982950704625,62.65423064775956,3681300
2012-05-29,62.14152145385742,62.70893152784451,61.704001815411964,62.49017170862179,5380300
2012-05-30,61.601444244384766,61.88172775985065,61.42370029820858,61.799696104418885,5375600
2012-05-31,61.55323028564453,62.18709340508282,61.49811609582879,61.93216990832613,6816400
2012-06-01,59.74120330810547,60.71954952196549,59.59651874885672,60.26482737239484,10832500
2012-06-04,59.472503662109375,59.78943250053136,59.25892244102629,59.66541641102031,7035200
2012-06-05,59.99612808227539,60.22349179044061,59.25892278382792,59.40360734634809,7237300
2012-06-06,61.084712982177734,61.084712982177734,60.24416006850347,60.57486613706103,5936000
2012-06-07,60.89181137084961,61.85638063405382,60.63689313613507,61.732364510835,8321500
2012-06-08,60.457725524902344,60.81599121516308,59.19689648317046,59.527607721968444,12060100
2012-06-11,59.658531188964844,61.35341966882598,59.658531188964844,61.30519147673098,9511900
2012-06-12,60.29238510131836,60.347499272208886,59.71364162690558,59.94100532244195,7762000
2012-06-13,60.60935974121094,61.277668847942806,59.858371430925615,59.90659965221133,8838500
2012-06-14,61.815032958984375,61.952826291341516,60.71267053069121,60.96758872119979,7646300
2012-06-15,62.352413177490234,62.53154865401258,61.82190324562552,62.1043810581445,9516800
2012-06-18,62.17329025268555,62.43510490733798,61.952817797254944,62.42132242210471,6343400
2012-06-19,61.73234558105469,62.180181736268004,61.46364493922229,61.987268994078384,7601600
2012-06-20,61.077823638916016,61.780577998816504,60.74022631695743,61.72545856684986,7917500
2012-06-21,60.381927490234375,61.42228395001244,60.30613962026191,61.38094176681551,5762200
2012-06-22,60.871131896972656,61.03648494590096,60.61621370830791,60.760898283180005,5325400
2012-06-25,60.71266555786133,60.857350121929166,60.42329117324741,60.629986411331885,4524400
2012-06-26,61.38786315917969,61.61522688077333,61.0089288796688,61.02270610985091,4488500
2012-06-27,60.857337951660156,61.66343975732428,60.65753399652955,61.498086753810995,5940300
2012-06-28,60.753997802734375,60.80911722948976,60.2028140481362,60.643758949223596,4922600
2012-06-29,60.99513626098633,61.44986362863795,60.67131621247277,61.37407573402935,6364700
2012-07-02,60.68511199951172,60.9124757331775,60.388851598320215,60.9124757331775,5088100
2012-07-03,61.02958297729492,61.13293057699138,60.59552410986524,60.774659598907284,4597000
2012-07-05,61.525657653808594,61.99416229603668,61.11226718512405,61.174277858017994,5794300
2012-07-06,61.77369689941406,61.959718426420665,61.39475734526146,61.47054525609198,4533200
2012-07-09,61.87015914916992,61.97350153148079,61.546339000651145,61.75992026606597,3785000
2012-07-10,62.18015670776367,62.60732421958322,61.76677167568313,62.02858096948977,6615500
2012-07-11,61.68412399291992,62.56601391238223,61.31896694093742,62.47644877435134,6230300
2012-07-12,63.33765411376953,63.730370782929576,61.449858656445564,61.50497282003785,11741900
2012-07-13,63.58572006225586,63.86131205268493,63.43414420469587,63.5719375716704,6163500
2012-07-16,63.14476776123047,63.57193030390481,63.041420119574624,63.48925639576366,3601300
2012-07-17,63.31007385253906,63.62700253034407,62.84156944698481,63.378970477022676,3753800
2012-07-18,63.5374755859375,63.544366829465346,62.69692259581417,63.00007423329568,5962700
2012-07-19,63.90951919555664,64.29534470112154,63.42034607057877,63.7923890901002,7430800
2012-07-20,63.0965461730957,63.585719454604565,62.97253004141177,63.447920832466885,7269800
2012-07-23,61.277626037597656,61.90459247629473,60.80223014813412,61.47053878796599,12127900
2012-07-24,60.671356201171875,61.64281698700569,60.368209679410185,61.429235646778864,7036800
2012-07-25,60.657535552978516,60.94690463067116,60.51973699945058,60.87800798214587,4262200
2012-07-26,61.31896209716797,61.642782176245696,61.03647896215016,61.44986942866189,4517500
2012-07-27,61.44985580444336,61.794344279173544,61.07780762095752,61.55319814168084,5932500
2012-07-30,61.54633331298828,61.78058303321763,61.40164873464449,61.539442069311306,4431600
2012-07-31,61.566986083984375,61.84257793950308,61.18804662558648,61.39474183134487,4596900
2012-08-01,61.615234375,61.90460355232671,61.52566922672625,61.65657132705263,4133600
2012-08-02,61.7254524230957,61.794354334435134,61.01580689071335,61.367186663928685,4332700
2012-08-03,61.7254524230957,62.25596770413347,61.518762458510906,62.12506038036195,4873000
2012-08-06,61.79435348510742,62.30419503184918,61.66344616313515,61.849467654352495,3490200
2012-08-07,61.32585525512695,62.09062028298683,61.29829553940031,61.80813713914746,5341900
2012-08-08,60.30616760253906,60.616210466235394,59.35538105145606,59.85144542818749,14424800
2012-08-09,60.04435729980469,60.602427087167,60.00301509803386,60.34061767285049,6023500
2012-08-10,60.76778793334961,60.7884616651307,60.07881072205776,60.11326168521394,5747400
2012-08-13,60.56111145019531,60.960719583552155,60.43709531420457,60.94693709261977,4308100
2012-08-14,60.71266555786133,60.82289916342233,60.57486698031226,60.6782145993545,3828200
2012-08-15,60.49907684326172,60.898684818683826,60.45773989976221,60.81600567520675,4346200
2012-08-16,60.2579345703125,60.66443377942586,60.24415734161212,60.588645880378934,5568000
2012-08-17,60.18903732299805,60.533525858383115,60.133917895781735,60.409509775385374,6704300
2012-08-20,60.747108459472656,60.78155941639131,60.051245386722314,60.05813137292363,4823500
2012-08-21,60.98826217651367,61.31897356025124,60.664447293379524,60.809131881114986,4414200
2012-08-22,61.00891876220703,61.18116302155095,60.80911479059077,61.06403293027408,4269000
2012-08-23,60.8022346496582,61.28451656128501,60.71955549774563,61.08471780966719,3005900
2012-08-24,61.26382064819336,61.31894005811451,60.698859837692254,60.774647712214765,3508000
2012-08-27,61.691017150878906,61.883929919688505,61.32586008756377,61.40853398478005,4313800
2012-08-28,61.4154167175293,61.83569315839989,61.291400632412106,61.62211194488394,4428700
2012-08-29,61.766815185546875,61.877048818730536,61.32587013985307,61.380984328205116,4292200
2012-08-30,61.59320831298828,61.81541585009679,61.52376945098792,61.69042377935791,4567900
2012-08-31,62.141788482666016,62.39871811687059,61.732095460988226,61.8293109338557,6063800
2012-09-04,61.836238861083984,62.15566179526175,61.60014042409077,62.15566179526175,4287000
2012-09-05,61.843170166015625,62.12093081175694,61.697347019016256,62.009829732166615,3597800
2012-09-06,62.961177825927734,63.04450764196096,62.190394245619146,62.21122537516601,5925100
2012-09-07,63.2042121887207,63.24587974281772,62.78757373266834,63.24587974281772,4889600
2012-09-10,63.39860916137695,63.53748679479703,63.12084859669466,63.15556535612862,5008200
2012-09-11,63.32918930053711,63.954149485958,63.30835817733044,63.794440676144085,5595500
2012-09-12,63.06533432006836,63.64168692013026,62.91951112568741,63.51669485382582,5363400
2012-09-13,63.586124420166016,63.80833191691517,62.870894205562315,62.870894205562315,5666500
2012-09-14,63.67637634277344,63.968027904074255,63.516667564241274,63.79442818089566,6395000
2012-09-17,63.98193359375,64.18330997146118,63.69028723893166,63.71111836458372,5294600
2012-09-18,64.63468170166016,64.64856735522991,63.88472926059628,63.9125058655815,5272900
2012-09-19,64.46106719970703,64.8915912342239,64.41245947652466,64.74576806467678,3979900
2012-09-20,64.68328094482422,64.71799772311412,64.40552022927989,64.42635135582283,3981400
2012-09-21,65.07215881347656,65.21104185441723,64.8499512458178,65.0166055971003,7247700
2012-09-24,65.07215881347656,65.21798203307954,64.69024237104391,64.80828898245875,3722000
2012-09-25,64.48193359375,65.27354854590446,64.45415697990367,65.21105513813576,4714600
2012-09-26,64.7179946899414,64.8221556156194,64.49578718748926,64.50273266195973,4392000
2012-09-27,64.76658630371094,65.01657034401225,64.66243070178825,64.84297061034987,3840400
2012-09-28,63.71110916137695,63.89165438735592,62.77367155753585,63.89165438735592,9523600
2012-10-01,63.87777328491211,64.2319183179536,63.80833443278599,63.96110308617035,4939800
2012-10-02,63.141719818115234,64.04444090226016,62.99589662104792,64.00277334749416,5979500
2012-10-03,62.738956451416016,63.363916689290264,62.68340325297284,63.25975576667045,6337400
2012-10-04,63.21113586425781,63.32224223973845,62.90559862952964,63.12086590756248,4478300
2012-10-05,63.19034194946289,63.579203896917875,62.98202002169961,63.530596153486,4166200
2012-10-08,63.56528854370117,63.641672861671985,63.05837491515342,63.16948130414523,3894900
2012-10-09,63.96111297607422,64.30136711259493,63.481975815981826,63.50975242069616,7048900
2012-10-10,64.16246795654297,64.83603582681774,64.13469136110605,64.53744404817564,6712100
2012-10-11,64.13471221923828,64.57912729507566,64.13471221923828,64.3430341038445,4274400
2012-10-12,64.23883819580078,64.37077037291704,64.12773183839477,64.28050043090668,3411100
2012-10-15,64.9262924194336,65.09294665989498,64.3360544570073,64.42632440020664,5630700
2012-10-16,65.33602905273438,65.33602905273438,65.02355147989645,65.25270452549564,4678900
2012-10-17,65.05130004882812,65.38461390765193,64.75270825995159,65.24573092570698,5623700
2012-10-18,64.48193359375,65.09994868275045,64.308333730596,65.04439545505781,6817600
2012-10-19,61.60707473754883,62.66950426694006,61.489028189359466,62.54451224596207,19495400
2012-10-22,61.41957092285156,61.857045551644234,61.00293270796901,61.70427697002409,8142400
2012-10-23,61.07935333251953,61.37099972664223,60.63493826590053,61.12101558943835,7763800
2012-10-24,60.60717010498047,61.419616015149344,60.4752325425638,61.419616015149344,6498000
2012-10-25,60.641868591308594,60.961291509524926,60.391884516557695,60.95434603582513,4978800
2012-10-26,60.211341857910156,60.80157999935159,60.148848485474375,60.732141152919255,7684500
2012-10-31,60.27383041381836,60.787684148602644,59.975238656205164,60.74602190730334,6899300
2012-11-01,60.27383041381836,60.48214691815839,59.99606977685482,60.412708083378384,7374900
2012-11-02,60.31550216674805,61.03767781760147,60.24606332101767,60.655756219317915,7908400
2012-11-05,60.73212814331055,60.850174686742854,60.20438348735465,60.39187416018785,5039100
2012-11-06,61.08631896972656,61.19742012412793,60.8502204076219,60.926604769081,5581600
2012-11-07,60.31550216674805,61.0932310133235,60.20439577530398,60.9751791479531,5971900
2012-11-08,59.11420440673828,60.41273287107667,58.996157809392706,59.989148917923075,11398400
2012-11-09,58.84337615966797,59.09336025061263,58.36424440022779,58.65589074038173,11030400
2012-11-12,58.94059371948242,59.232245367936954,58.74616281907586,58.98920144458406,4101900
2012-11-13,58.77392578125,59.2183406784439,58.69059600133484,58.857255561165154,4842300
2012-11-14,58.76006317138672,59.44751690722325,58.45452582308357,58.91977202320297,8157000
2012-11-15,58.36423110961914,58.84336275995223,58.05869389074221,58.60032419850163,7639100
2012-11-16,58.412841796875,58.600327183016006,57.850375042764846,58.44755856579704,6909300
2012-11-19,59.05170822143555,59.05865369678731,58.5864620319305,58.70450862368335,5559800
2012-11-20,59.4961051940918,59.83635921304458,59.09335251166549,59.14196022865875,5822800
2012-11-21,59.725242614746094,59.89884231574409,59.22527462821708,59.75995937624023,3900700
2012-11-23,60.447425842285156,60.46131148911429,60.107166569775586,60.2529897017755,2474400
2012-11-26,59.88498306274414,60.18357491838291,59.57945102983941,60.08635945820705,5619200
2012-11-27,59.66277313232422,60.03774930551971,59.59333427754987,59.88498064630914,4633200
2012-11-28,60.07938766479492,60.176608380227634,59.50304063132484,59.65580922977821,7155400
2012-11-29,60.59788131713867,60.94119609864985,60.324634267637094,60.562852796551326,4873900
2012-11-30,60.98321533203125,61.17238425723638,60.21952110006277,60.31060698792328,7369800
2012-12-03,60.997222900390625,61.25645952616507,60.78703580918752,61.249451686166914,6638100
2012-12-04,61.0953254699707,61.2214398921528,60.44373517959935,60.70297186558948,6109700
2012-12-05,60.93419647216797,61.63483112339139,60.766045652591444,61.256487770280565,5349700
2012-12-06,61.718894958496094,61.92908746171345,61.02526825054668,61.03227609276524,6580200
2012-12-07,61.99213409423828,62.45455001884751,61.79595197199288,62.41951616066391,8086500
2012-12-10,62.64374542236328,63.176223897462606,62.36349049864791,63.036099108313955,9276400
2012-12-11,62.79087448120117,62.923991419691355,62.35647910689265,62.88896289710668,7333000
2012-12-12,62.573673248291016,63.05010498122093,62.49660301609517,62.96603225185651,4219500
2012-12-13,62.475589752197266,62.86794878665155,62.307438934812915,62.54565214732256,4639700
2012-12-14,62.27238082885742,62.62970585397327,62.00614169283119,62.24435481263107,4364600
2012-12-17,62.99406051635742,63.00807085661036,62.36348829661762,62.454568871806416,5956500
2012-12-18,63.421417236328125,63.6175993389909,63.00103770716794,63.0500818964797,5340500
2012-12-19,62.853912353515625,63.652635154220974,62.84690451269081,63.568562445988626,5152900
2012-12-20,63.08512496948242,63.14117700700525,62.67174787452222,63.03608077300407,4298900
2012-12-21,63.183231353759766,63.19023919679972,62.43355251102582,62.81189585391277,10730000
2012-12-24,62.559654235839844,62.8399091008439,62.42653197224411,62.76984137553018,2375000
2012-12-26,62.17430877685547,62.6157119665991,61.9290877522298,62.44055332823542,3054000
2012-12-27,62.1602783203125,62.447535614644366,61.487670008127985,62.28639271293558,4576600
2012-12-28,61.36158752441406,62.034196186364774,61.2845172807659,61.82400364088459,3725600
2012-12-31,61.80295944213867,61.83098545943425,60.822070218458165,61.249457627737414,6236600
2013-01-02,63.14116668701172,63.3023095867815,62.587664934127055,62.636709122589465,7377200
2013-01-03,63.498477935791016,63.5475221177618,63.16918433993861,63.27427519743676,5473500
2013-01-04,62.95201873779297,63.61061698275589,62.82590429397917,63.49151038177005,5374100
2013-01-07,63.69470977783203,63.79279821841635,62.53165348887641,62.895981218844,5820900
2013-01-08,63.7157096862793,63.72972002573515,63.03609329619312,63.43545478840429,6285200
2013-01-09,63.62460708618164,63.925880086944524,63.30932374963694,63.617604590998816,4822100
2013-01-10,64.03801727294922,64.20616811637336,63.77878049088035,64.00298339725218,4393300
2013-01-11,64.26920318603516,64.4443618059906,63.79277152593967,64.4163357853477,3692600
2013-01-14,64.12908172607422,64.5424589045004,64.05901933773248,64.29023003013606,3828100
2013-01-15,64.11506652832031,64.19913924979285,63.65965302048109,63.834811650771776,3910400
2013-01-16,63.827816009521484,63.98195648890797,63.694699059938955,63.84883419390724,2925800
2013-01-17,64.29022216796875,64.52843532828267,63.97493344086175,64.0730218416283,4044600
2013-01-18,64.64051818847656,64.66854420026749,64.35325557668095,64.50739596882346,5579900
2013-01-22,65.12397003173828,65.39021454397829,64.32524718585152,64.56346567862329,6967300
2013-01-23,65.49530792236328,65.68447686374766,64.6335252339277,65.4742843996171,9368000
2013-01-24,65.376220703125,65.57940540308942,65.17303600316058,65.5653950613829,5157200
2013-01-25,65.6634521484375,65.81759256073026,65.35517132385198,65.37618949908901,5461600
2013-01-28,66.11188507080078,66.26602554689744,65.60742727463646,65.8176198048443,4564600
2013-01-29,66.50421142578125,66.55325561661704,65.89466296045306,65.96472532658763,4929700
2013-01-30,66.32907104492188,66.6303441128736,66.16092025095871,66.4762036578168,4657600
2013-01-31,66.76347351074219,66.76347351074219,66.18194549385602,66.280033912919,5740500
2013-02-01,67.22587585449219,67.48511253504114,66.91059247836297,66.96664451936007,5481100
2013-02-04,66.28003692626953,67.11379387162862,66.2099745302418,66.84054678532775,5933300
2013-02-05,66.49722290039062,66.93862071063951,66.21696803156182,66.27301472899397,4952800
2013-02-06,66.60932922363281,66.79149571092235,66.14691318102723,66.20295988483986,4482700
2013-02-07,66.30104064941406,66.60231369749809,65.90868704090167,66.58129551781593,5619600
2013-02-08,66.46920776367188,66.89659530590409,66.11188261376573,66.13290079692176,5331600
2013-02-11,66.67939758300781,66.7774860052349,66.28003605096379,66.38513231632655,3557600
2013-02-12,66.6303482055664,66.79849900985803,66.42716353373092,66.59531968344024,4526900
2013-02-13,65.85962677001953,66.385102515525,65.49529927178531,66.30803231188429,6663100
2013-02-14,65.55134582519531,65.78255643565804,65.29211454566047,65.7615382611461,5360900
2013-02-15,65.78955841064453,66.07681567905887,65.30611905830466,65.72649854731466,5094100
2013-02-19,65.75455474853516,66.20296045540654,65.69850269882181,65.95773941968277,4401900
2013-02-20,65.79658508300781,66.19594651368917,65.68448100296273,65.81059542030508,4023800
2013-02-21,65.95771789550781,66.17491283549707,65.36918760182755,65.46727598410759,4424600
2013-02-22,66.73539733886719,66.73539733886719,65.75450853986929,66.0487735759445,4421300
2013-02-25,67.35901641845703,67.80742217744202,66.74245983620725,66.8265325751305,9028000
2013-02-26,67.4150619506836,67.66028299117596,67.29595535178983,67.50614252417567,6451100
2013-02-27,67.61280822753906,67.76818672935501,67.1749086627715,67.35148028571254,4326800
2013-02-28,67.73286437988281,67.95887580414002,67.45741312496112,67.59866824442035,3967600
2013-03-01,67.57749938964844,67.67637907859434,67.0689721959045,67.57749938964844,3823200
2013-03-04,67.14669036865234,67.57046139939598,67.0054351545848,67.52102153561825,4636900
2013-03-05,67.66931915283203,67.87414291869666,67.33030459374102,67.47862413691075,5643000
2013-03-06,68.3756103515625,68.38267472700744,67.7540800258982,67.76820338824847,5052000
2013-03-07,68.5733642578125,68.62280949342318,68.25553743928708,68.25553743928708,4566400
2013-03-08,69.71759033203125,69.8870977061781,69.23731494816329,69.30794257167929,8838100
2013-03-11,69.84471130371094,69.84471130371094,69.4138758624322,69.5410077203266,4853400
2013-03-12,69.75287628173828,69.83056825013439,69.59042796912644,69.82350387431478,3856000
2013-03-13,70.19074249267578,70.25431107252714,69.59746448626446,69.73871961487541,3896600
2013-03-14,70.1413345336914,70.19077439002636,69.85175977188386,70.17665102616218,3649900
2013-03-15,70.39558410644531,70.41677184227234,69.79524157434336,69.90118564201762,6388000
2013-03-18,69.61865997314453,70.16249820627905,69.36439640248628,69.88704690282232,3934500
2013-03-19,69.49860382080078,69.91531033611521,69.35734326502869,69.76699079395893,4648500
2013-03-20,69.75992584228516,69.85174654991268,69.63279403741096,69.63279403741096,3534900
2013-03-21,69.59040832519531,69.83760752370378,69.51271637873003,69.56922059225722,3523400
2013-03-22,70.11308288574219,70.36028755760837,69.58336782638362,69.58336782638362,4160000
2013-03-25,69.38562774658203,70.34617841980003,69.30087676211922,70.24729867889891,4932500
2013-03-26,69.5692367553711,69.68930419560802,69.39972946394606,69.46329267752809,4434000
2013-03-27,69.85176849365234,70.12721992598888,69.3432411144031,69.35030549148736,4401700
2013-03-28,70.40969848632812,70.4732616808368,69.68928328400176,69.83760279306001,3954700
2013-04-01,69.95768737792969,70.402645980107,69.8164268298694,70.21195097589927,3155800
2013-04-02,70.8122787475586,70.92528177394705,69.94354407056082,70.20487198867444,5136800
2013-04-03,70.09896087646484,70.9818193257906,69.96476466783442,70.77699551892218,4454400
2013-04-04,71.07360076904297,71.20073254065727,70.29668678186124,70.30375115487809,5860600
2013-04-05,71.6315689086914,71.66688538583892,70.49444731782604,70.74871086538214,5693000
2013-04-08,71.6880874633789,71.6880874633789,71.2290001112751,71.39144839471082,4163600
2013-04-09,71.37733459472656,71.6881024775829,71.03125560879842,71.6881024775829,3690400
2013-04-10,71.6810302734375,71.8576019351338,71.34201570056273,71.41970766279225,3159400
2013-04-11,72.03417205810547,72.37319201227791,71.57508466979378,71.57508466979378,4049400
2013-04-12,73.16423034667969,73.24192230805195,71.68809385768537,71.68809385768537,5714000
2013-04-15,72.1471939086914,73.0583044794667,72.13306515585066,72.84641629517836,5643600
2013-04-16,72.77576446533203,72.78282883940027,72.05534918945189,72.32374151865916,3199300
2013-04-17,72.42261505126953,72.82519812235418,72.04121971205174,72.43673840966807,4191500
2013-04-18,71.97767639160156,72.20368790815331,70.69929386774164,72.09774383102665,5696900
2013-04-19,70.57215881347656,71.64571750922337,70.24020323503564,71.03831057602069,8227700
2013-04-22,70.14839172363281,70.38853199304475,69.4844805306853,70.16957946152864,5620500
2013-04-23,70.45916748046875,70.79818210188385,70.07070761370119,70.11308309424301,5753500
2013-04-24,71.34907531738281,71.5044592432141,70.69222851453023,70.69222851453023,4593000
2013-04-25,71.29257202148438,71.77990611738309,71.22900342464764,71.52564250711454,3529400
2013-04-26,71.25727844238281,71.32790604826414,70.91119940158562,71.21490295656218,3113600
2013-04-29,72.16835021972656,72.40848502803574,71.4408760329172,71.73045067755699,3417700
2013-04-30,72.14009857177734,72.29548245509703,71.73045113185051,72.23191387167623,4205200
2013-05-01,71.60332489013672,72.35199225960832,71.56801379753973,72.02710110960831,2720100
2013-05-02,72.08361053466797,72.2813699256128,71.41970477771592,71.65983964142343,3821100
2013-05-03,72.6910171508789,72.9876562360451,72.42969455189218,72.6910171508789,4109400
2013-05-06,72.09068298339844,72.60627464342453,72.0765596204089,72.57802252890558,3314200
2013-05-07,72.24605560302734,72.40849850039292,71.89291230966336,72.10479505255834,4304200
2013-05-08,71.29962158203125,72.23898394086547,71.1654308082967,72.23898394086547,5228800
2013-05-09,70.40969848632812,71.49738027462662,70.24725023057594,71.17954813646921,10628500
2013-05-10,70.7699203491211,70.7699203491211,70.20489426085129,70.59334868618562,5036900
2013-05-13,70.89705657958984,71.1230681066885,70.48741439134469,70.64279293803638,3154100
2013-05-14,71.47618865966797,71.68101238273893,70.93941482183179,70.96766692727655,3810800
2013-05-15,72.00589752197266,72.06240172816129,71.54681566516865,71.54681566516865,3402600
2013-05-16,71.4197006225586,71.88584696144568,71.22193585458034,71.74459180142873,4251800
2013-05-17,71.71633911132812,71.97060270813208,71.19368855724842,71.4055712955591,4015300
2013-05-20,71.71633911132812,71.99885481761461,71.50445098447854,71.50445098447854,2233100
2013-05-21,72.14009857177734,72.47911844343287,71.63157145856309,71.79401971527133,4078600
2013-05-22,71.85759735107422,72.32374909471386,71.62452686779353,72.16836518016731,4648200
2013-05-23,71.35615539550781,71.69517543452159,70.87588015022038,71.43384737552054,13743100
2013-05-24,70.83350372314453,71.0948317786669,70.43798484001067,71.0948317786669,13161000
2013-05-28,71.50445556640625,71.99885943122318,71.25019195330937,71.37732375985782,14083800
2013-05-29,69.95768737792969,71.08068044517958,69.4138436978407,71.08068044517958,8770700
2013-05-30,69.09637451171875,70.1783386369486,68.89706575949927,70.05733052749478,8028900
2013-05-31,68.740478515625,69.55195313299683,68.7333587928039,68.96826076908451,5443400
2013-06-03,69.72992706298828,69.7512808064744,68.74049712256736,68.88285903298063,4224000
2013-06-04,70.02173614501953,70.24239860966713,69.50210514962487,69.76548050766814,4902300
2013-06-05,68.63370513916016,69.87227624708623,68.42016232903167,69.85091707839176,5394800
2013-06-06,68.81875610351562,68.92553018700788,67.73679211999101,68.6123276569654,5817300
2013-06-07,69.95768737792969,70.24953626248315,69.04655840399398,69.08926587753564,5036800
2013-06-10,70.84745788574219,71.3101420643333,70.5556144514275,71.039652365364,5718400
2013-06-11,69.9220962524414,70.81898573807442,69.80820242081745,70.48442939612507,4812800
2013-06-12,69.92919158935547,70.54135719151309,69.8081834991222,70.28510157057477,4485200
2013-06-13,70.3847885131836,70.52003610649706,69.66585392845728,69.82956955438195,2927800
2013-06-14,70.05730438232422,70.76912419217695,69.92206231136502,70.34915311112583,3351100
2013-06-17,70.28511047363281,70.96134278206142,69.97191334340059,70.68373339600585,4884800
2013-06-18,71.00404357910156,71.2104720266613,70.43458541819504,70.45594457960233,3340100
2013-06-19,70.3349609375,71.23185602122251,70.13565212573006,70.97560028301608,3518200
2013-06-20,68.8970947265625,70.24243480043437,68.77608656623208,70.02177222209555,5550100
2013-06-21,69.21029663085938,69.5804408319406,68.96827488223217,69.30283132344007,7227000
2013-06-24,69.25300598144531,69.55196924007885,68.34899105031623,68.71914069213176,4244500
2013-06-25,69.41670227050781,69.75125862743364,69.1462125544276,69.69431713982948,3211300
2013-06-26,70.35629272460938,70.5698409167359,69.78683993019884,70.01462213411428,3585500
2013-06-27,70.93290710449219,71.05391527449808,70.56275743878614,70.79053975969796,4497100
2013-06-28,70.47021484375,71.26033586888302,70.42038763634334,70.83324474386043,5386400
2013-07-01,71.05387115478516,71.39554713937436,70.65525369839402,70.71931489070451,4053500
2013-07-02,71.1322021484375,71.53793949851219,70.74781853824709,71.05390148168995,3850500
2013-07-03,71.43113708496094,71.58061863572101,70.97557271195242,71.1464079941417,1676300
2013-07-05,71.08235168457031,71.77993230272111,70.64814101315241,71.67316363823808,3933900
2013-07-08,71.09661102294922,71.53794157279957,70.86171444665344,71.38134023476371,4064300
2013-07-09,71.17488098144531,71.44537605979703,70.61254252420783,71.35283598320063,4120100
2013-07-10,71.16776275634766,71.43825238898717,70.7549058717226,71.28877084746885,3532400
2013-07-11,71.74436950683594,71.86537765583397,71.01119545839637,71.71589604282029,4064100
2013-07-12,72.30668640136719,72.47040198164923,71.53791939700295,71.60198059865515,4766800
2013-07-15,71.71590423583984,72.41349060702248,71.68031104406452,72.3209504807101,4480700
2013-07-16,71.80842590332031,71.97926667593619,70.80476216030064,71.310153893418,4406200
2013-07-17,71.25321197509766,71.4311670526732,70.68375898531069,71.21762421803733,5377400
2013-07-18,71.31012725830078,71.73009844824635,71.17487972151906,71.52367542892924,3401600
2013-07-19,71.37421417236328,71.473874003792,70.84746870727874,71.32438697202768,4508300
2013-07-22,69.45941925048828,69.70855524449142,69.0892696901773,69.58042738603875,13209600
2013-07-23,68.875732421875,69.5590792450209,68.81878549559005,69.43807109973375,6989300
2013-07-24,68.8045425415039,69.33128796431949,68.54828683726777,69.19604038965122,5197900
2013-07-25,69.3953628540039,69.46654380126557,68.73336972602999,68.81167039724527,4208100
2013-07-26,69.77973175048828,69.81532493198185,68.98961091199278,69.22451287603351,4561600
2013-07-29,69.6658706665039,69.77975911658525,69.32419445474154,69.72993190140733,3592500
2013-07-30,70.02173614501953,70.14274424300334,69.64446697892868,69.75836078697625,4127400
2013-07-31,69.81534576416016,70.14278249472807,69.49502332740818,69.98618113863937,5343000
2013-08-01,70.47021484375,70.64105020760738,69.98617678718887,70.1997250650793,3954600
2013-08-02,70.61259460449219,70.61259460449219,70.07872920547408,70.33498503146355,3224300
2013-08-05,70.69087982177734,70.78341994636772,70.34920908242997,70.47733696737485,3326400
2013-08-06,70.2495346069336,70.75492627804198,70.02175236881774,70.7050990831653,3507200
2013-08-07,69.99327087402344,70.46306931024193,69.95055797563535,70.18545990912276,3256400
2013-08-08,69.78685760498047,70.46308466672097,69.35976654331502,70.21394866664592,4862300
2013-08-09,69.48788452148438,70.04310336575529,69.09638126936683,69.68719329319633,4041800
2013-08-12,69.07505798339844,69.6160430527754,69.04658451335132,69.39537501760003,3256800
2013-08-13,68.6550521850586,69.11773637470695,68.41303593768498,69.06078945858722,5188300
2013-08-14,68.41304016113281,68.59811493456903,68.07848379672174,68.50557483247233,5448700
2013-08-15,67.90052795410156,68.27067749665747,67.7581660874306,68.01442179204403,4207500
2013-08-16,67.64427185058594,67.97882820912264,67.63003783630562,67.76527997961838,3324000
2013-08-19,67.96459197998047,68.3276163552474,67.65850909073623,67.70833628522917,3126200
2013-08-20,67.97882843017578,68.26355759352165,67.8791740376183,67.98594815271763,2827800
2013-08-21,67.70122528076172,68.20661701305644,67.70122528076172,67.91477353080516,3430600
2013-08-22,67.95037078857422,68.11409186060591,67.77241569890245,67.88630956305639,15364400
2013-08-23,67.71546936035156,68.1069727333643,67.55887344190486,68.02867205876176,12274200
2013-08-26,67.84358215332031,68.29203235916368,67.69410056162491,67.87917533595325,3060000
2013-08-27,67.50904083251953,67.75818230495996,66.9182340567474,67.52328028104901,4513100
2013-08-28,68.39167785644531,68.56963288494516,67.62291082994439,67.62291082994439,5482500
2013-08-29,68.06877136230469,68.87245268627389,67.95395739832432,68.63565299153773,4796600
2013-08-30,67.70999145507812,68.2625186465282,67.5521249790548,68.16923639916513,3993000
2013-09-03,67.82479858398438,68.37015399706046,67.53777460570045,68.2409910169801,3672100
2013-09-04,68.28404998779297,68.42756197902477,67.69563658970054,67.81045056239122,2898800
2013-09-05,68.6428451538086,69.21689867459881,68.22665265585889,68.40604540759938,4275300
2013-09-06,69.07335662841797,69.42496473604523,68.34860869362592,68.79350449535934,4485800
2013-09-09,69.20970916748047,69.45368611342296,69.0374936892237,69.04467093091854,3525200
2013-09-10,69.52545166015625,69.86271089594999,69.24559941654698,69.67614090866645,4984300
2013-09-11,69.9344711303711,69.9344711303711,69.15232134440248,69.3604175976884,3928600
2013-09-12,69.7335433959961,70.21431460656068,69.65461015549961,69.948816865465,4277300
2013-09-13,69.85554504394531,70.0708185624237,69.69767852701223,69.8483678000939,2668700
2013-09-16,70.11383056640625,70.44391242262995,69.8913854072322,70.23581626823525,3490900
2013-09-17,70.26454162597656,70.58027457570947,69.95598591818256,70.02057014636954,3256900
2013-09-18,70.82423400878906,71.03233019256952,70.06361073158718,70.22865442032015,4279600
2013-09-19,70.26454162597656,70.68791130626673,69.60437770801828,70.68073406432784,6430800
2013-09-20,69.53262329101562,70.35783094451268,69.53262329101562,70.10667674263365,8077000
2013-09-23,69.80526733398438,70.02054070458215,69.47518551379592,69.58282219909479,3301600
2013-09-24,70.16407012939453,70.75247795115767,69.50390632441747,69.7048252672687,4810300
2013-09-25,70.04927062988281,70.31476834926809,69.8985814034295,70.17843360607584,4053200
2013-09-26,70.45829772949219,70.5515799879462,70.17126823665308,70.24302424120481,3604900
2013-09-27,69.69049072265625,70.31477392826238,69.60438024015153,70.24301793015763,3533100
2013-09-30,69.03752136230469,69.38195793151394,68.24819417304901,69.21691415416433,4404500
2013-10-01,68.98008728027344,69.16665724347602,68.77916830819282,69.01596801441556,3240700
2013-10-02,68.3701400756836,68.80068143007506,67.4588276334655,68.5854134901945,7250300
2013-10-03,67.93244171142578,68.31993068816277,67.88938920555455,68.27687818229154,4855700
2013-10-04,67.95394897460938,68.02571043051697,67.73868103077794,67.88937023384908,3047700
2013-10-07,67.70999145507812,68.02572440712478,67.5521249790548,67.63823545905795,3037100
2013-10-08,67.40861511230469,67.86786007087098,67.40861511230469,67.64540935917387,3643900
2013-10-09,66.92781829833984,67.42294384445276,66.83453607609064,67.32248438214435,5159400
2013-10-10,67.76738739013672,67.76738739013672,67.10004633418012,67.6095209398585,4531000
2013-10-11,67.98268127441406,68.02573926113351,67.68847998410048,67.94680600588609,4132600
2013-10-14,67.96832275390625,68.0831312616212,67.5808337754333,67.74587750639904,3429700
2013-10-15,67.3081283569336,67.59515223380602,67.05697425272594,67.44446305605913,5878900
2013-10-16,68.32711029052734,68.341459301436,67.55213231028762,67.66694629608558,4708700
2013-10-17,68.5064926147461,68.54236787387575,67.91808471363268,68.30557364479976,3860500
2013-10-18,68.312744140625,68.67152957303297,67.82479573356491,68.67152957303297,7286100
2013-10-21,67.87504577636719,68.06161578991868,66.90632591405031,67.23640795363657,9137700
2013-10-22,68.25534057617188,68.52083828439247,67.6023484810358,67.93960765328137,5144000
2013-10-23,67.60236358642578,68.31275734703206,67.40144458137611,68.22665233037208,4581200
2013-10-24,67.93962097167969,68.03290322871506,67.62388798689514,67.74587921487327,3640900
2013-10-25,68.01138305664062,68.13336882089443,67.71000453037854,68.01138305664062,3055900
2013-10-28,68.43473815917969,68.68588687725445,67.93961249023843,67.94678973207813,3836400
2013-10-29,68.92269897460938,68.95857424099324,68.38452070715944,68.61414321561945,3975100
2013-10-30,68.90830993652344,69.20968830126726,68.693042022262,69.00876939143805,3404300
2013-10-31,69.25995635986328,69.38911936975582,68.96575507182804,69.03033383945795,4271300
2013-11-01,69.7765884399414,69.9631583952254,69.25993654815876,69.25993654815876,5127300
2013-11-04,69.82683563232422,69.96317588079484,69.48240460147451,69.79096036537,5023900
2013-11-05,69.89857482910156,70.14254627527976,69.61871717814601,69.87704310623515,4338200
2013-11-06,70.25019073486328,70.45828694846442,69.94163503533488,70.0779752553639,4365900
2013-11-07,69.7479019165039,70.386539695145,69.44652339785736,70.2932574321256,4921000
2013-11-08,69.61156463623047,69.81966088436216,69.11643889155049,69.7263731500704,5052400
2013-11-11,69.66899108886719,69.95602068813719,69.46090024089654,69.4824265027808,2573800
2013-11-12,70.07795715332031,70.14971312835694,69.49672116387468,69.65458759373325,3845000
2013-11-13,70.4009017944336,70.40807903840582,69.82684271858331,69.9416567236066,4164800
2013-11-14,70.00623321533203,70.82426381326367,69.73355817423246,70.45112925835726,6594200
2013-11-15,69.54698944091797,70.11387126477771,69.17385487913627,69.92730124657037,7096800
2013-11-18,70.07080841064453,70.17126791147786,69.53263016705222,69.53263016705222,4966700
2013-11-19,70.30757141113281,70.53001655035891,69.86267565805127,69.97748410988014,3836600
2013-11-20,69.99186706542969,70.35782976162693,69.73354110042358,70.0133933167416,3815100
2013-11-21,70.10665893554688,70.38651108548747,70.02772571637078,70.17842038907442,12884800
2013-11-22,70.51570892333984,70.68792992745193,69.86989931913496,70.20715313426359,16495500
2013-11-25,70.98210906982422,71.23325777912672,70.78836734397123,70.86012333596749,20420800
2013-11-26,70.46546936035156,71.10410710649181,70.42959409546175,70.8960163360871,5517400
2013-11-27,70.2267074584961,70.66083536046175,70.14711771114676,70.63189313231966,3501500
2013-11-29,70.45099639892578,70.61740728231453,70.24116942060397,70.36416972922429,2920300
2013-12-02,69.82876586914062,70.3931255306486,69.6985285995491,70.3931255306486,4810000
2013-12-03,69.73469543457031,70.00240688485195,69.51040008335593,70.00240688485195,4851900
2013-12-04,69.24989318847656,69.55377813902545,68.99665572968583,69.21371956302794,4951300
2013-12-05,69.04734802246094,69.32952787679908,68.88093157289852,69.00393743569082,5076500
2013-12-06,70.03858184814453,70.14710828889295,69.38739560282984,69.41633782708436,5811200
2013-12-09,69.25714874267578,69.82150823690847,69.06179013610965,69.55379683982915,5056100
2013-12-10,69.04734802246094,69.24270118309266,68.78687346150787,69.23546976540842,4190600
2013-12-11,68.9242935180664,69.25712063548443,68.8591721689184,69.10517818102154,5194500
2013-12-12,68.08497619628906,69.22816842585149,68.04156564990299,69.02557851583506,5719900
2013-12-13,68.33101654052734,68.46125376535056,68.04883680677102,68.15013181272643,3277500
2013-12-16,69.06178283691406,69.3005519885196,68.66383977106833,68.714487271091,4868100
2013-12-17,68.28760528564453,69.15585535264329,68.20801555816554,69.05456033951806,4460300
2013-12-18,69.40909576416016,69.42356411513632,68.42508229284867,68.49020367265246,5526800
2013-12-19,68.83749389648438,69.67680171152143,68.68555138241676,69.37291116322223,5476500
2013-12-20,69.82876586914062,69.82876586914062,68.98222085671296,69.06904754316253,8039500
2013-12-23,69.67680358886719,70.1470994935824,69.49591885008006,69.98068862519017,3296300
2013-12-24,69.8504638671875,70.0024064124847,69.56104712940777,69.56104712940777,1155900
2013-12-26,70.06752014160156,70.1181731753196,69.91557760094237,70.0168726280485,1978300
2013-12-27,70.11815643310547,70.3858622893233,70.03856671364512,70.08921421510502,1987100
2013-12-30,70.1905288696289,70.29182390090878,70.03134938614193,70.09646525475104,2293000
2013-12-31,70.20498657226562,70.24116572944787,69.9155698753007,70.14710212883978,2560900
2014-01-02,69.75640106201172,70.20499173111484,69.64786910265411,70.04581226007899,2925800
2014-01-03,69.8504638671875,70.20499647288098,69.821521641393,70.11093837917275,2965300
2014-01-06,69.35121154785156,69.9083396651421,69.11244235472704,69.9083396651421,5022700
2014-01-07,69.73469543457031,70.2411761091438,69.55381066225803,69.73469543457031,4881800
2014-01-08,69.03286743164062,69.24992584718629,68.73621375418014,69.13416246292832,7669800
2014-01-09,69.06902313232422,69.71297231544736,68.91708062486228,69.63338259437248,7709000
2014-01-10,69.31503295898438,69.6189179902555,69.19926407840639,69.33673824405173,5512200
2014-01-13,68.61317443847656,69.33671311941758,68.43952118053403,69.33671311941758,5753200
2014-01-14,68.89539337158203,69.02563062922863,68.59150827712837,68.59873969354499,3842200
2014-01-15,69.06902313232422,69.22096563978616,68.84472783847524,69.09072841622395,3560600
2014-01-16,69.50313568115234,69.6767889684682,68.87366045516205,69.02560294144119,5058000
2014-01-17,68.68557739257812,69.55382223608785,68.56980846935491,69.47423248141342,5975300
2014-01-21,68.7940902709961,69.43080261138323,68.74344276119444,68.9966803102027,6462700
2014-01-22,68.64938354492188,68.9677424955458,68.51191487819646,68.78685773181219,4976400
2014-01-23,68.9677505493164,69.42357821989543,68.3744486757934,68.41062784083094,7146000
2014-01-24,68.32379913330078,69.43081310061034,68.29485690616104,68.54086307676616,6944800
2014-01-27,68.06330871582031,68.50466791635066,67.9547767694308,68.22248816783637,6607600
2014-01-28,68.14289855957031,68.47572581428622,68.08501411870735,68.25143050614736,3682800
2014-01-29,67.39765930175781,68.22973026008361,67.1950692639389,67.98372412832886,8013500
2014-01-30,67.8679428100586,68.01264836447096,67.23846205602234,67.57128924730125,4987400
2014-01-31,68.13565826416016,68.41060658461753,67.25293990510747,67.32529821269972,5972500
2014-02-03,67.3035888671875,68.54807671052147,67.22400466340586,68.40337113252802,6904700
2014-02-04,67.35424041748047,67.62918876041377,66.99247093060133,67.18782954480807,6300400
2014-02-05,67.70880126953125,67.89691749148116,66.72478749253881,67.1444415633492,4958900
2014-02-06,68.69278717041016,68.87367190130324,67.78836351594472,67.91860074299431,5356900
2014-02-07,69.4018325805664,69.42353785890384,68.46123555824944,68.80129411913981,6591200
2014-02-10,68.63491821289062,69.40910481493103,68.38891205290196,69.2788675585053,6968200
2014-02-11,68.9822006225586,69.34397009640084,68.61319973375767,68.7796106004332,5343500
2014-02-12,68.6565933227539,69.22095267913379,68.5842405499139,69.05454185361805,4268900
2014-02-13,69.06902313232422,69.15584978808694,68.37442644671377,68.5119006049638,3617900
2014-02-14,69.30056762695312,69.43804180953587,68.81579780017626,68.95327198275899,3532900
2014-02-18,69.47422790527344,69.87217665243347,69.12693219881172,69.48146484253972,5454200
2014-02-19,69.13416290283203,69.93729174184128,69.06904151363833,69.30057380379273,4505500
2014-02-20,69.27884674072266,69.53932117530347,69.09072508904462,69.2137308921592,2975000
2014-02-21,69.78533172607422,70.18328036922316,69.48868361767943,69.48868361767943,5284300
2014-02-24,69.821533203125,70.13989221941621,69.63341146439237,69.77088567963922,4472200
2014-02-25,69.90835571289062,69.98070852494693,69.38016969656469,69.79258679746795,4233600
2014-02-26,69.3801498413086,69.9951568480327,69.24991260881232,69.91556712149809,4265900
2014-02-27,69.3801498413086,69.62095312323493,69.06637738621426,69.49689940493917,4179600
2014-02-28,69.43121337890625,69.65741943557991,69.21959892674482,69.40202460269194,5104700
2014-03-03,68.82557678222656,69.17583662112871,68.59207207868889,68.76719921454433,5149300
2014-03-04,69.30719757080078,69.51880655443792,69.21963120132884,69.50421494312214,4655200
2014-03-05,69.33638763427734,69.76691536766714,69.27801561606272,69.56989240871475,3913300
2014-03-06,69.7449951171875,69.81066569708392,69.13934045569788,69.3655465427063,4362900
2014-03-07,69.68660736083984,69.8982218104172,69.29986582330491,69.8617344487974,3724000
2014-03-10,69.46769714355469,69.81795690086835,69.29986863455083,69.51148309271262,4388900
2014-03-11,72.0800552368164,72.18221320263626,69.83986744258131,70.00770156768054,16354400
2014-03-12,72.02899932861328,72.29169291550231,71.6203673344274,71.81009171766802,6701700
2014-03-13,71.05116271972656,72.16760709851263,70.78846926975449,72.16760709851263,5480200
2014-03-14,71.20441436767578,71.43062049803939,70.78848391370856,71.02198863230083,5510700
2014-03-17,71.2190170288086,71.65683774821179,71.11685904652094,71.61305734642922,5554300
2014-03-18,71.00737762451172,71.50357575076617,70.94170704482052,71.36493600457678,3269500
2014-03-19,70.12446594238281,70.99281440230726,69.89096117591482,70.97821722285708,5556900
2014-03-20,70.48931884765625,70.74471382103324,69.91285272649513,70.00771769317292,4242600
2014-03-21,69.66474914550781,71.07307621570448,69.66474914550781,70.94172944765324,12625800
2014-03-24,70.18283081054688,70.5914626860345,70.04418546685281,70.11715464930535,6393000
2014-03-25,69.98583221435547,70.40905581286235,69.92745462587408,70.37257399545643,4929800
2014-03-26,69.93472290039062,70.46740846418714,69.93472290039062,70.08066681994714,4127000
2014-03-27,70.16822052001953,70.3141588460714,69.70120562883497,69.88363131999493,3756000
2014-03-28,70.956298828125,71.10224272867573,70.20470583365802,70.24848622022796,4344100
2014-03-31,71.53279113769531,71.83926509129617,71.00011101365465,71.10226899818826,4853300
2014-04-01,71.43791198730469,71.89032420307458,71.24088909505109,71.58385033422573,4494000
2014-04-02,71.21168518066406,71.67870003939716,71.02925950218032,71.6203224861568,3701200
2014-04-03,71.2627944946289,71.59115860320242,71.03658278896164,71.532781029663,2575700
2014-04-04,71.4160385131836,71.81737184477934,71.06577860449646,71.34306375544584,5409000
2014-04-07,70.78845977783203,71.6859909722292,70.46738881154245,71.20439008998457,5994600
2014-04-08,71.56925964355469,71.67141760114677,70.43091936765683,70.76658759082069,5579500
2014-04-09,71.76626586914062,71.90491117607813,71.43790185156163,71.56924857203128,3669500
2014-04-10,72.55435180664062,72.86082565572315,71.62763167236044,71.91221532753573,8873000
2014-04-11,72.45220947265625,72.77328056500488,72.28437533787621,72.35005150094385,6553600
2014-04-14,73.05056762695312,73.08705500375582,72.47410159006132,72.72220350449712,6155900
2014-04-15,73.57594299316406,73.65621075563024,73.02136724354075,73.48107805541792,5882400
2014-04-16,73.57594299316406,73.78755749719389,73.32784111812553,73.69999114708773,3532700
2014-04-17,73.15272521972656,73.70000246575943,73.15272521972656,73.50298510675209,4545200
2014-04-21,72.7294692993164,73.25485615231742,72.42299549079581,72.82433421661325,6357000
2014-04-22,72.4740982055664,73.16731379490838,72.16032570816921,72.9848880537982,8934300
2014-04-23,72.33543395996094,72.96297879078122,72.24787319010997,72.49596946094152,4179100
2014-04-24,72.85354614257812,73.04327048476388,72.33545767143316,72.62004140111571,4764900
2014-04-25,73.50299072265625,73.51758233410082,72.52518574009636,72.86084847524604,5047100
2014-04-28,73.19650268554688,73.83134626970136,72.71490162327147,73.68540790348258,7444500
2014-04-29,74.06485748291016,74.2691734403881,72.83165758174242,73.1235399069362,6626100
2014-04-30,73.97725677490234,74.2545473603545,73.72916053232908,74.1013104633787,4519800
2014-05-01,73.67081451416016,73.72919209052574,73.21110362646341,73.46649856407272,3531400
2014-05-02,74.01377868652344,74.63402514968224,73.6927075712539,73.78027393919804,4934000
2014-05-05,73.80215454101562,73.97728168693536,73.400815699125,73.97728168693536,3483500
2014-05-06,73.66352844238281,73.91892899058243,73.55407742708931,73.74379623172673,3075100
2014-05-07,74.4005126953125,74.50996925210615,73.66351115123979,73.8897228531978,4322600
2014-05-08,74.39318084716797,74.56101490150839,74.01373792940899,74.42966820551696,3384500
2014-05-09,75.10832977294922,75.12292138333814,74.29835900015921,74.3202491993386,3649400
2014-05-12,75.0572509765625,75.40021227709019,75.0061719892834,75.1229215742676,3817400
2014-05-13,75.546142578125,75.61181873600476,74.79454945967113,75.39290563266084,3955400
2014-05-14,75.18131256103516,75.72858990830139,74.82375958630195,75.66291929888212,3826300
2014-05-15,74.7945556640625,75.1594071551067,74.53916073376995,74.99887160829655,3810800
2014-05-16,75.26156616210938,75.44399191013993,74.68510013026979,74.83104406900945,5081000
2014-05-19,74.49535369873047,75.03533776112386,74.23995884067433,75.0207405879833,3859800
2014-05-20,74.08670806884766,74.75074014278508,74.0210375035691,74.46615655886599,3123700
2014-05-21,74.83831024169922,74.85290741393234,74.10131449243727,74.21806403435212,2735600
2014-05-22,74.7580337524414,75.14478083072565,74.59750384698248,74.90397762175321,3376000
2014-05-23,74.42969512939453,75.0499414753679,74.26186101434253,74.80913818441161,4174300
2014-05-27,74.69237518310547,75.0864153427507,74.48076071400764,74.5756200689038,5093200
2014-05-28,73.91893005371094,74.45890881663287,73.60515748190635,74.31296484882077,8930700
2014-05-29,74.54415130615234,74.65449013430849,74.19843120895978,74.49266060128826,4123700
2014-05-30,74.61036682128906,74.63243346745683,74.08074486499598,74.47796133221578,4232800
2014-06-02,75.05168151855469,75.39740711251305,74.52941722566204,74.58090791335388,3001400
2014-06-03,74.62505340576172,75.0296271696397,74.59563496117512,74.76481627184047,3363500
2014-06-04,75.35331726074219,75.37538390931617,74.49267868188586,74.5588842396751,3589200
2014-06-05,75.36064147949219,75.47098029403453,74.8457344943815,75.27972672296546,2407800
2014-06-06,75.00020599365234,75.48569452895292,74.86780053966721,75.33122243464778,2955500
2014-06-09,74.57359313964844,75.02965778574917,74.42647840842486,74.72806529105338,3802600
2014-06-10,74.20578002929688,74.7427593116137,74.0586653390525,74.7427593116137,5961200
2014-06-11,73.86740112304688,74.26461746402872,73.80120120558236,74.10278796080668,6606100
2014-06-12,73.38192749023438,74.30140831820721,73.22009796658067,73.86005864319337,5609100
2014-06-13,73.91891479492188,73.99247215232376,73.1244874780883,73.1244874780883,4014600
2014-06-16,74.36759948730469,74.41909018312555,73.73499630318264,73.86740175130272,4038600
2014-06-17,74.4926528930664,74.91193590702117,74.16164205491567,74.22784758978503,6479700
2014-06-18,74.5514907836914,74.87514977184301,74.2278374076044,74.83836830062047,5441200
2014-06-19,74.96346282958984,75.05172942937176,74.32350192083274,74.32350192083274,3372200
2014-06-20,74.9708023071289,75.25032812597611,74.77955429767913,75.1767651555005,5418100
2014-06-23,74.96346282958984,75.02230535875525,74.66922773549229,74.76485175594524,2919000
2014-06-24,74.63977813720703,75.16204258487757,74.59564485241017,74.91194087620866,4586400
2014-06-25,74.74275207519531,74.95607228384249,74.31611165790096,74.36024493828826,3662000
2014-06-26,74.66918182373047,74.94870190461772,74.34552285802424,74.74273914900982,2783200
2014-06-27,74.63240814208984,74.78688022491315,74.40437872631232,74.47793605926654,2785500
2014-06-30,74.10279846191406,74.64713516117428,73.92625971159312,74.49265744106957,4265700
2014-07-01,74.2940673828125,74.55887836898391,73.73502134399877,73.87478425671891,3787700
2014-07-02,73.94832611083984,74.35289992489743,73.81592064551788,74.30876102841299,3216700
2014-07-03,74.27935028076172,74.5294464011499,74.10280590065287,74.5294464011499,2295800
2014-07-07,73.68350982666016,74.1101502519292,73.4260563328134,74.1101502519292,3951700
2014-07-08,73.62467193603516,73.97775507096831,73.35986659991784,73.40399988725972,3115100
2014-07-09,74.34555053710938,74.47795601673289,73.74972868483673,73.77915274831598,5604900
2014-07-10,73.98512268066406,74.3308484446404,73.67617840258313,73.72031169600417,3274900
2014-07-11,73.83062744140625,74.15428084534018,73.58052576211657,74.04394764630875,2812500
2014-07-14,73.90419006347656,74.09544364225056,73.77914202092127,74.06601958304952,4159900
2014-07-15,73.77916717529297,73.83065789343372,73.45550802579825,73.79387640387574,3787000
2014-07-16,73.02147674560547,73.41134127623941,72.64633266098132,73.3010024699115,7128700
2014-07-17,72.35945892333984,72.88907511974858,72.34474408862384,72.79345114235501,4099100
2014-07-18,72.81554412841797,72.88910149241711,72.18294069630456,72.55809054838743,4044900
2014-07-21,71.75630187988281,72.55072922522828,71.75630187988281,72.46981444556219,6510600
2014-07-22,70.81474304199219,71.2413835537012,69.95411021159278,70.16743046744729,12398100
2014-07-23,70.13797760009766,70.4837031965028,69.74811873166263,70.25567380826286,9483200
2014-07-24,70.13797760009766,70.3365885483604,70.07912949601506,70.2336071722479,7781700
2014-07-25,70.41016387939453,70.50578786393592,70.11592889579687,70.1453529553632,4992500
2014-07-28,70.45427703857422,70.59403987857684,70.16739955482647,70.24831429250547,4863100
2014-07-29,70.48372650146484,70.92507620388538,70.40281173461338,70.53521720654614,6712700
2014-07-30,70.57936096191406,70.8662385916421,70.29984075173637,70.75590535872115,6049800
2014-07-31,69.55686950683594,70.14533935997557,69.55686950683594,70.04235797748579,6826000
2014-08-01,69.36563873291016,69.68194037510091,69.29207577402305,69.36563873291016,4576400
2014-08-04,69.37300109863281,69.40242516425322,68.79188842977976,69.36564929127772,7652700
2014-08-05,68.72566986083984,69.36563048745143,68.66682174555173,69.1449528611536,5494800
2014-08-06,68.75509643554688,69.10817391607107,68.67418167707979,68.69624831810438,3728000
2014-08-07,68.63743591308594,69.14499136899681,68.58594518654921,69.0125858418926,3261100
2014-08-08,68.81396484375,69.02727951126344,68.35054279732564,68.46088164704892,6505900
2014-08-11,68.79924774169922,69.08612537430615,68.7477570284638,68.94636807384819,4288400
2014-08-12,68.82130432128906,68.88750986408822,68.51971750561692,68.72568032843029,3235900
2014-08-13,69.11553955078125,69.38035049868994,68.81395273414782,68.96106743317885,3595800
2014-08-14,68.89488220214844,69.06406358092529,68.6006471292402,68.88752478200725,5644500
2014-08-15,68.99048614501953,69.49068393982596,68.71096599371161,69.19644895251648,4281300
2014-08-18,69.3288345336914,69.68926934344356,69.09344773376249,69.25527721097562,4398800
2014-08-19,69.4759521484375,69.69662973808033,69.33619491292365,69.58629094325892,3331700
2014-08-20,69.28471374511719,69.63043939743925,69.1449508783321,69.47596169622152,4150400
2014-08-21,69.5348129272461,69.70399985841655,69.32149271492911,69.37298341362181,5981600
2014-08-22,69.4759521484375,69.77754448014508,69.34354671706464,69.53480025395082,3586900
2014-08-25,69.46861267089844,70.15270658570067,69.44654603043146,69.77019944405575,4614300
2014-08-26,69.22586059570312,69.7260583007912,69.18172731974566,69.4318233662574,6392400
2014-08-27,69.62309265136719,69.64515929433331,68.85072647515784,69.31414842570979,9027300
2014-08-28,69.84569549560547,70.30569680562215,69.37827891805514,69.48214926862188,5492400
2014-08-29,69.53404998779297,69.89017511026314,69.37824453914891,69.89017511026314,4635100
2014-09-02,68.85147094726562,69.51920695565724,68.76985776214991,69.17791802722182,6727100
2014-09-03,69.10369110107422,69.36336671412988,69.029498877416,69.20014042577952,4855300
2014-09-04,69.00727081298828,69.17049717002043,68.85146537959567,69.01468607612159,4849800
2014-09-05,69.05179595947266,69.08889492303399,68.85147627355994,69.07405307340662,4004600
2014-09-08,68.62891387939453,68.86633259828669,68.40633135396057,68.85149640482851,5251900
2014-09-09,67.58277893066406,68.77729336366512,67.48632952905524,68.70310108084999,9795200
2014-09-10,68.99986267089844,69.04437689996895,67.1672847673988,67.3972824982728,12031400
2014-09-11,68.9701919555664,69.21503156246924,68.5695468698639,68.9553557644698,5960100
2014-09-12,69.25212097167969,69.62308799379628,68.86631775930177,68.95535188239246,7791300
2014-09-15,69.34857177734375,69.67502454819606,69.1853453919176,69.19276631684802,6255000
2014-09-16,69.55631256103516,69.8234092541101,69.18534556070964,69.20018175009949,5826200
2014-09-17,69.3930892944336,69.61567176883688,69.13341351463473,69.50438053163523,5738600
2014-09-18,69.35597229003906,69.66758311932,69.19274595265223,69.31887333681277,5488900
2014-09-19,70.00892639160156,70.4318287487451,69.59344496297209,69.70473058813361,9043100
2014-09-22,69.68986511230469,70.09051017608999,69.60825191446837,69.83083439229605,4875700
2014-09-23,69.37826538085938,69.8531027938019,69.32633021570967,69.51922902311802,4702700
2014-09-24,70.48373413085938,70.72115279835354,69.48954522963614,69.51921761012882,7817900
2014-09-25,69.86053466796875,70.71375456334592,69.78633671140608,70.43924250189771,4569100
2014-09-26,70.26116180419922,70.39471017774007,69.75664635532362,69.77890913467073,3454400
2014-09-29,71.388916015625,72.19020638182481,69.72698484390293,69.93472553280452,16489100
2014-09-30,70.34278869628906,71.49278911772163,69.99407867196398,71.3963396971568,10036400
2014-10-01,69.88278198242188,70.54310294748376,69.74923360406618,70.01633036077757,5334600
2014-10-02,69.83082580566406,70.18695093378896,69.7417916933794,69.76404880632386,4116000
2014-10-03,70.37984466552734,70.69887644382884,70.12016895307404,70.69887644382884,3948600
2014-10-06,69.62309265136719,70.06083671021241,69.51180706569359,70.00890155006209,4278600
2014-10-07,68.8589096069336,69.40052405031415,68.85149434068119,69.37826693053977,6093800
2014-10-08,69.61566162109375,69.70469006947158,68.85888584684231,69.05921117670572,5586600
2014-10-09,68.79212951660156,69.74180424316769,68.78470859078243,69.57115691237478,5068600
2014-10-10,68.48050689697266,69.33372642412168,68.48050689697266,68.82179583993364,5844900
2014-10-13,67.315673828125,68.56953842999279,67.26373867491755,68.35437689227413,6173800
2014-10-14,67.5901870727539,68.06502438556763,67.24147718292036,67.37502553093093,5539500
2014-10-15,67.10051727294922,67.50116233908824,66.45503261186285,67.13761057913338,10468500
2014-10-16,66.70731353759766,66.98924652497068,66.28440556577414,66.32150454381423,7526400
2014-10-17,67.54566955566406,67.61986182083463,66.50696086175506,67.07825319063316,7074500
2014-10-20,67.9537353515625,67.9537353515625,67.30083544043839,67.48631894865055,5403200
2014-10-21,67.52340698242188,67.84985405487825,66.55146970760224,66.73695318578453,11422200
2014-10-22,67.47150421142578,67.89440651819253,67.2192436165862,67.29343591135928,6455600
2014-10-23,67.53083038330078,68.33212046412352,67.42696007584308,68.13921603862755,5966700
2014-10-24,68.01309204101562,68.10212616353645,67.18212953951787,67.29341511703453,5256600
2014-10-27,68.2653579711914,68.32470839707081,67.88696999610694,67.90180618744981,4071100
2014-10-28,68.7031021118164,68.7031021118164,68.02794496940643,68.61407363530562,5083000
2014-10-29,68.79954528808594,69.08889910776783,68.25793095402312,68.74018920699544,5295900
2014-10-30,69.28181457519531,69.28923550224668,68.62149358034324,68.68084967573662,3965500
2014-10-31,69.54146575927734,69.74920634207625,68.87372412849061,69.66759316161863,6795900
2014-11-03,69.45243835449219,69.57856576899992,69.01469437522074,69.57856576899992,4064900
2014-11-04,70.09052276611328,70.20922929123853,69.5711654447282,69.689877630362,5802200
2014-11-05,70.21662902832031,70.53566085529954,70.03114553962325,70.48372570488463,4123800
2014-11-06,70.23151397705078,70.43183377715306,70.05344564305949,70.29086442787087,3597300
2014-11-07,70.55795288085938,70.55795288085938,69.78634050681926,70.03860111973124,4674600
2014-11-10,70.56532287597656,70.99564583060156,70.46887352152844,70.89919081564787,5123900
2014-11-11,70.58760070800781,70.79534132350636,70.4317952463839,70.64695678686661,3429000
2014-11-12,70.72856140136719,70.76565470077439,70.35759444425585,70.43178670357682,2725700
2014-11-13,70.83985900878906,71.38888856988231,70.61727655024764,70.85469519778853,4099800
2014-11-14,71.3814697265625,72.1011466149237,70.68404995260302,70.76566314574751,7793400
2014-11-17,71.20344543457031,71.28505867159554,70.92892766816632,71.27021681367627,3596500
2014-11-18,71.52983856201172,71.93047782261192,70.7582267503087,71.25532102518773,6258600
2014-11-19,71.64115905761719,72.19019439916333,71.54470965678203,71.77470742981649,6631300
2014-11-20,71.70051574707031,72.19019500273126,71.59664541899224,71.62632346423003,4551900
2014-11-21,71.73019409179688,72.33857987044077,71.53728962720002,72.31632275154658,5483700
2014-11-24,72.09371948242188,72.27920296714181,71.6188822143794,71.841464660246,5222900
2014-11-25,71.96760559082031,72.21986046038357,71.85631434698037,72.11599014226837,5369000
2014-11-26,72.02001190185547,72.14725436699172,71.79546167233893,72.12480048614998,3667800
2014-11-28,72.46160888671875,72.90322274682812,71.83287747841904,71.84036400772221,3442900
2014-12-01,71.6906509399414,72.55890546791403,71.58586238802027,71.967595376046,5273700
2014-12-02,71.18914031982422,72.60379104940712,70.92716902000257,71.2639884468381,10389700
2014-12-03,71.48110961914062,71.53350392132948,70.94219353345481,70.957166597252,5316700
2014-12-04,71.60084533691406,71.84784369454121,71.21162576696167,71.39874902275264,5149300
2014-12-05,72.08735656738281,72.31190674401645,71.59335417355628,71.69065620447181,6209300
2014-12-08,69.31795501708984,72.9780862717198,69.03352965972623,69.91675185533417,11792700
2014-12-09,68.38231658935547,68.86135162205636,68.12034519812029,68.33740883958602,10066800
2014-12-10,67.36437225341797,68.3299289409828,66.99761227010296,68.1428056847233,12020800
2014-12-11,68.09038543701172,68.22511435856536,67.3793139080439,67.43170817139551,8972700
2014-12-12,67.82843780517578,68.40477490329393,67.6862223076129,67.85837821048105,8691000
2014-12-15,66.21168518066406,68.18770609716472,66.0545023475956,68.08291754178575,10121600
2014-12-16,66.40629577636719,67.92573555892882,65.58295466927765,65.91977421427627,15106700
2014-12-17,68.5993881225586,68.89878648007674,66.24163390910773,66.56348614409372,14010000
2014-12-18,70.111328125,70.1637223992437,68.59937498929064,69.07092345748394,11277100
2014-12-19,69.77452850341797,70.59786978083937,69.57243216617091,69.99159219019666,10284300
2014-12-22,70.27601623535156,70.37331828190754,69.6323117167834,69.81943499054044,5342200
2014-12-23,70.52298736572266,70.97208187072886,70.36580457449782,70.6277758932059,3590000
2014-12-24,70.23108673095703,70.76251597861155,70.1637194037783,70.52299849078773,1729700
2014-12-26,70.94219970703125,71.05447485307805,70.32094884804997,70.43322399409676,3884300
2014-12-29,71.13676452636719,71.45113016775984,70.5604218065998,70.59784873509548,4183200
2014-12-30,70.54545593261719,71.10682560847356,70.41072698198975,70.99455053119274,3257700
2014-12-31,70.1337890625,70.95713589861614,70.03648703211726,70.17121599525007,4589300
2015-01-02,69.80447387695312,71.1068503796904,69.64729099822186,70.45565927304695,6019700
2015-01-05,69.03350830078125,70.11882080993513,69.02602177221831,69.83439554057259,6211900
2015-01-06,69.16077423095703,70.21614669496965,68.77155456112044,69.36286488643178,6484100
2015-01-07,70.36582946777344,70.39576987343871,69.50506136417941,69.80445971028365,6400300
2015-01-08,70.6278305053711,71.09189842202238,70.39579940232089,70.53052842905508,5476700
2015-01-09,69.76705169677734,70.3359081375976,69.44519938677313,70.3359081375976,4283300
2015-01-12,69.61731719970703,70.21610801572491,69.31043240944219,70.0065309445913,3989600
2015-01-13,69.48258972167969,70.68766361647829,69.17570492498886,70.32089802376775,5971200
2015-01-14,68.51705169677734,68.89878473571204,68.20268599908925,68.44968435553072,7745500
2015-01-15,68.39727783203125,69.12331684476891,68.09039871841235,68.83889160403095,5737500
2015-01-16,68.47960662841797,68.62930861902069,67.91823701238859,68.15027367018605,6927000
2015-01-20,67.9631576538086,68.77152564638222,67.5365169289192,68.59188894920449,6967300
2015-01-21,67.61884307861328,67.7086642787358,67.02005220943873,67.48411984425061,8682200
2015-01-22,68.030517578125,68.09039837920758,67.24459776792165,67.82842701265564,7536400
2015-01-23,67.03504180908203,68.59190886478395,66.93773975955665,68.05299290622949,11496000
2015-01-26,67.86585235595703,67.88830623009109,66.83293417195549,66.90778232258496,7753300
2015-01-27,67.04251861572266,67.59640184366053,67.03503208667595,67.33443043251076,6640800
2015-01-28,66.45121765136719,67.22965117407011,66.4437311212842,67.16977035450466,6921300
2015-01-29,69.8119125366211,69.98406837253074,68.3074463013824,68.48708295279746,19146900
2015-01-30,69.190673828125,69.83437807035001,69.09336611279424,69.34785662533622,12385400
2015-02-02,69.24309539794922,69.35537050038599,68.4347215130632,68.89878927154567,6751400
2015-02-03,70.29846954345703,70.34338301196728,69.19818378901573,69.34039930329155,7373000
2015-02-04,70.39575958251953,70.68018482893774,69.98408620298878,69.98408620298878,6464800
2015-02-05,70.61286163330078,70.97962749541111,70.35837662911113,70.43322482384038,5564100
2015-02-06,70.3508529663086,70.7176186348453,70.09636809643239,70.47061458310789,4662700
2015-02-09,69.4002914428711,69.94668828903453,69.26556243645888,69.83441887581601,8203000
2015-02-10,70.37329864501953,70.53048717639696,69.58738454087003,69.85684243673487,4697600
2015-02-11,70.51554107666016,70.60536231313347,69.83441525935743,70.47811984437523,5153900
2015-02-12,71.1742172241211,71.5559503635341,70.18620640664926,70.39578930415546,7910100
2015-02-13,71.59337615966797,71.7430725163629,71.05446013868628,71.40625285852433,6762200
2015-02-17,70.62030029296875,71.39873355367143,70.42569055015625,71.19664299384304,5972000
2015-02-18,70.79246520996094,70.9496480455905,70.35833792457564,70.530493817245,5617500
2015-02-19,70.50057220458984,70.7700301976457,70.16374685799524,70.73260325561866,6312200
2015-02-20,70.50057220458984,70.72511672510332,70.02901786146731,70.47811832359346,8155000
2015-02-23,70.59037780761719,70.66523168115111,70.32091985243167,70.44816801111007,5682000
2015-02-24,71.09186553955078,71.35383693965443,70.12630891298458,70.4182207174641,5643600
2015-02-25,73.8463363647461,74.33285234014791,71.00206013191497,71.03948707335334,16751600
2015-02-26,75.12979888916016,75.40914426296703,73.2347536509117,73.55940278925567,16098800
2015-02-27,74.66927337646484,74.97127360726402,74.35972155584747,74.8731202201535,7552500
2015-03-02,75.4997329711914,76.32267729569459,74.22378564072307,74.6692370605428,12363300
2015-03-03,75.30345916748047,75.83196094468236,75.16001354010137,75.47711115031777,8149700
2015-03-04,75.68851470947266,75.86216670413098,74.88066745120997,75.35631389891326,9179400
2015-03-05,74.82782745361328,75.43937378777777,74.33707776414175,74.7523288306582,9438800
2015-03-06,73.33291625976562,74.73721228425897,73.20456804767771,74.19361307991643,9677900
2015-03-09,73.77082061767578,74.1785200450221,73.0913215720986,73.0913215720986,8460300
2015-03-10,72.69874572753906,73.32539534323665,72.55529428871809,73.16684648146557,7838900
2015-03-11,71.69458770751953,73.0611318310042,71.67949028656331,72.70628771686229,9391100
2015-03-12,72.66850280761719,72.81195416290845,71.93615437717503,72.04185355680862,8765100
2015-03-13,72.7440185546875,73.27252033767039,72.29102114082691,72.66096835679268,5152800
2015-03-16,73.34801483154297,73.58961382272572,73.03846306399745,73.18191444507214,4772200
2015-03-17,72.6081314086914,73.34803172974777,72.47223158483108,73.15928229439596,4530700
2015-03-18,73.2347640991211,73.4159619026,71.97391954294919,72.48731811961805,5831000
2015-03-19,72.46469116210938,73.24233797215926,72.46469116210938,73.1290871504622,3615400
2015-03-20,73.27252960205078,73.77837668215014,72.57038150572802,72.72137874271503,10014000
2015-03-23,74.4578628540039,74.83536164116849,73.08376749913182,73.08376749913182,9232000
2015-03-24,75.01655578613281,75.37895137843203,74.04260827154577,74.33705685035417,7549900
2015-03-25,74.0954818725586,75.20532953384497,74.07283286072433,74.7674294377961,6030500
2015-03-26,73.71795654296875,73.96710710414101,72.63075828343446,73.6877559512957,10445800
2015-03-27,73.20458984375,73.8765374602474,73.06113841095514,73.50659013165563,4642400
2015-03-30,73.89916229248047,74.23136307649135,73.51411766756732,73.55941567986898,4074500
2015-03-31,73.56698608398438,74.31443227899963,73.56698608398438,73.8538831688953,5617000
2015-04-01,72.69874572753906,73.24989094795617,72.47979565361423,73.09134208618508,7484800
2015-04-02,72.3514175415039,72.66096354574596,71.5058182008251,72.44956515061982,6614300
2015-04-06,72.69116973876953,73.09886914370689,72.06452033339313,72.29102192286102,4501300
2015-04-07,72.7440185546875,73.07621934626677,72.55526915223103,72.66096835679268,4443700
2015-04-08,73.12153625488281,73.61228598011883,72.4646918511114,73.03094020480462,4445200
2015-04-09,72.89501953125,73.55941533599132,72.63831735566677,73.121515351874,4790000
2015-04-10,73.8387680053711,73.95201303787759,72.90256682870374,73.15926900945917,5937800
2015-04-13,73.56698608398438,73.8010335543018,73.28763482960397,73.54433707204088,5197900
2015-04-14,73.67265319824219,73.79344979600926,73.21210428889748,73.35555564890849,4961100
2015-04-15,72.81196594238281,73.65001368803738,72.6911635688735,73.23476272931693,6604400
2015-04-16,72.20043182373047,73.56698165045103,72.10983578141628,72.75913429882092,5071700
2015-04-17,71.63414764404297,71.98899732586581,71.31705013439509,71.82289698457234,6933600
2015-04-20,72.61568450927734,72.67608571228836,71.72478692548013,71.72478692548013,4382400
2015-04-21,71.62664031982422,72.89503680040043,71.37748967395592,72.62323714312154,5981700
2015-04-22,73.86896514892578,75.00901317990485,72.66097009631953,73.23476990637303,19254300
2015-04-23,73.2347640991211,73.62736030002112,72.90256332593115,73.56696487231103,6336500
2015-04-24,74.54845428466797,74.80515643941922,73.1139578297642,73.22720861097287,7741300
2015-04-27,72.81196594238281,74.69945982715902,72.67606615227196,74.5484568602724,7282700
2015-04-28,73.10641479492188,73.1517128050664,72.31366505634735,72.68361224626749,4357400
2015-04-29,73.2498779296875,73.74062761090946,72.53263238340774,72.91768284223429,5697200
2015-04-30,72.89501953125,73.51411732390142,72.78932032959058,72.97051813812466,8300300
2015-05-01,73.8387680053711,73.96711621566152,73.03092079916875,73.03092079916875,6280300
2015-05-04,72.57792663574219,74.4654208807595,72.51753119763487,72.91012746612134,8426300
2015-05-05,72.57792663574219,72.8346288483557,72.1551297681144,72.77422765007307,7637000
2015-05-06,72.77423095703125,72.97808357045463,72.38918050070143,72.55528092343883,6614500
2015-05-07,73.06867980957031,73.48393086753762,72.57038430018513,72.68362935219841,5018900
2015-05-08,74.16342163085938,74.85801808582625,73.83122082188612,74.13322103366409,7543100
2015-05-11,73.61982727050781,74.28422317221892,73.3480276379498,74.04262413885348,4123700
2015-05-12,73.95204162597656,74.25404193648072,73.17439471454769,73.52924464737683,4848100
2015-05-13,73.49901580810547,74.35971261831934,73.44616620608092,74.04261500617204,6526900
2015-05-14,73.77082061767578,73.8916230080784,73.44617139368751,73.73307419080622,4744000
2015-05-15,74.01998901367188,74.77498685457815,73.64249009321874,73.79348735732944,7607200
2015-05-18,74.0048828125,74.1785348433028,73.70288829659695,73.9671363781002,4100800
2015-05-19,76.01315307617188,76.31515324626696,73.72551143599335,74.05770643894121,10809200
2015-05-20,75.58281707763672,76.23966712309712,75.06186684295518,76.1641627480838,6185100
2015-05-21,74.95616149902344,75.46956010217461,74.79006110386062,75.41671050009322,4729500
2015-05-22,74.73722076416016,75.10717378475374,74.62396995704326,74.85802316113161,4559500
2015-05-26,74.33705139160156,74.89574791547128,74.01995383158147,74.63149994878788,7123100
2015-05-27,74.488037109375,74.91083375824347,74.1407332790361,74.72208443140258,8129500
2015-05-28,73.47518157958984,74.7926747988074,73.26194027562826,74.63274817850979,10204000
2015-05-29,73.05636596679688,74.45763194627014,72.98782262528191,74.32055107347516,6439100
2015-06-01,73.27718353271484,73.8026609271806,72.98778749043764,72.98778749043764,4919200
2015-06-02,73.33049774169922,73.84835795946776,72.96494696023744,73.33811495658432,4430300
2015-06-03,73.50566101074219,73.92452072151164,73.08680711020592,73.39904323167963,4165700
2015-06-04,73.34571075439453,73.84834224567314,73.11724664854806,73.33809935136156,4702800
2015-06-05,72.75936126708984,73.178215309873,72.70605235945435,73.05636886823551,3959300
2015-06-08,72.59178924560547,73.14011254645729,72.53848035859114,73.10964949527298,4594600
2015-06-09,72.14244079589844,72.77452994856733,71.95966256864514,72.74406691069179,7770900
2015-06-10,72.57655334472656,72.82786332387978,72.20338536282716,72.36331200782733,4828600
2015-06-11,72.79740905761719,73.36096680062963,72.72887154873443,72.72887154873443,4203900
2015-06-12,72.39376068115234,72.76692858895399,72.34806902314854,72.66792224963751,3702400
2015-06-15,71.81498718261719,72.34807594443083,71.60174586766,72.15006905708645,5861800
2015-06-16,72.06629943847656,72.09676248444376,71.66267424731704,71.77690921713605,3094800
2015-06-17,72.51564025878906,72.74410444539369,71.99777996815853,71.99777996815853,3941000
2015-06-18,73.2391357421875,73.589452223735,72.56134862198378,72.87359063545736,5101000
2015-06-19,73.17057037353516,73.97782083646959,73.09441565612799,73.40665174056711,8279300
2015-06-22,73.77220153808594,73.89404792227168,73.21626106895981,73.3457246678548,3893300
2015-06-23,74.00828552246094,74.60230046570126,73.96259385305248,74.32052161380638,4541700
2015-06-24,73.59703063964844,74.2138913134312,73.59703063964844,73.68080255957346,3927100
2015-06-25,72.94970703125,73.8026548489393,72.94208981754579,73.64272241230933,4322300
2015-06-26,74.09207153320312,74.1377632112925,73.05635088813028,73.20866035525063,6039500
2015-06-29,72.68316650390625,74.04635731758307,72.66793207569089,73.58180603095788,8412800
2015-06-30,72.40140533447266,73.33812535018714,71.997780041848,73.05634646182965,6656000
2015-07-01,72.92688751220703,72.97257919045437,72.14248271438096,72.42425581055124,4446200
2015-07-02,73.2391357421875,73.56660638084371,72.78981867136615,73.20867268158753,3250900
2015-07-06,72.84309387207031,73.32287378150873,72.53846921724806,73.02586634087085,3852500
2015-07-07,73.62750244140625,73.70365715669635,72.53085594848528,73.05633336138197,4794400
2015-07-08,72.98780059814453,73.55896976071018,72.84310836125313,72.84310836125313,4914300
2015-07-09,73.48279571533203,74.07681055859281,73.4447212673109,73.59703067985872,5482500
2015-07-10,74.36621856689453,74.4652191199894,73.83312391656251,74.06159388245233,5179200
2015-07-13,74.9602279663086,75.02115406074107,74.40428752251856,74.63275747152426,4578700
2015-07-14,75.22676086425781,75.43238494896882,74.60228301738995,74.72413518762332,5746100
2015-07-15,75.4476318359375,75.87410291456831,74.51852914872096,74.74699911812041,7572500
2015-07-16,74.52616119384766,75.47810990538747,74.03114670180018,75.47810990538747,7696200
2015-07-17,74.25198364257812,74.80030691296054,73.87120423928285,74.4042930798032,6429800
2015-07-20,74.24437713623047,74.79270048569988,74.1758396226635,74.46522991922417,4947000
2015-07-21,74.11489868164062,74.41952334929353,73.84073706177622,74.32813420592797,4206700
2015-07-22,74.31289672851562,74.82313964512605,74.19866176548439,74.41189726435253,5392600
2015-07-23,73.93976593017578,75.39434651549847,73.22390436876586,75.31819177197416,10380700
2015-07-24,73.18580627441406,74.18345234547415,73.17818905884573,74.18345234547415,5554600
2015-07-27,73.1401138305664,73.680819925557,72.88118079607015,73.10965077884725,5818600
2015-07-28,74.12252807617188,74.19106558728411,73.35335197125733,73.47520418243451,4863000
2015-07-29,74.7927017211914,74.92978256082318,73.87121611431306,74.2367669567423,6006500
2015-07-30,75.52378845214844,75.65325205995052,74.32052409553026,74.32052409553026,5372500
2015-07-31,76.04927062988281,76.9936020192871,75.62279951406795,75.88934396145224,7647000
2015-08-03,75.71415710449219,76.292943286368,75.40953249244012,76.15586250145613,4427300
2015-08-04,75.50092315673828,75.79031334845416,75.2191443680611,75.75223890256675,2842100
2015-08-05,76.00357818603516,76.26250541508979,75.5923356955662,76.02642402268901,3560600
2015-08-06,75.66085815429688,76.2929532903989,75.55424039763292,75.94263697418418,6740200
2015-08-07,75.33341217041016,75.71419165668628,74.9754785236732,75.61519108193868,3463700
2015-08-10,75.69132995605469,76.11780103204222,75.29532192981378,75.76748467530494,3994500
2015-08-11,75.2496109008789,75.51616108560961,74.93737486510327,75.15822757832584,3585000
2015-08-12,74.84602355957031,74.96025858072774,74.04639003193745,74.83840634209727,4167100
2015-08-13,75.67610168457031,76.01880082788993,74.62514679928915,74.68607289906281,4636400
2015-08-14,75.59990692138672,75.82075957538461,75.1810532481328,75.43236893822316,3185600
2015-08-17,76.65850830078125,76.84889799259496,75.33339186239063,75.39431795822676,5204100
2015-08-18,76.73465728759766,77.25251744308453,76.15587104082249,76.15587104082249,4257300
2015-08-19,76.99359130859375,77.58760622591107,76.30057584180102,76.49857694075186,5989000
2015-08-20,75.97309112548828,76.91742220690632,75.95785669904451,76.71180393176587,6668000
2015-08-21,73.97020721435547,75.69133180046752,73.97020721435547,75.68371458528709,10980000
2015-08-24,70.7259750366211,73.01826307425314,66.63640177325296,69.74356338753601,15074800
2015-08-25,69.46176147460938,72.71362005641411,69.32468068972857,72.70600284330095,11468800
2015-08-26,72.46232604980469,72.50040050632795,69.6597892373959,70.7716644659286,16439800
2015-08-27,74.12252807617188,74.15299112896616,72.78218280438908,73.01826420075332,10187100
2015-08-28,73.94580841064453,74.26080116125235,73.59240576992259,73.79215712734656,5606000
2015-08-31,73.0008544921875,73.66156572811079,72.87025028219439,73.5770557424865,5086600
2015-09-01,71.81002807617188,72.43232342938263,71.14163264616771,71.27223683067002,7308400
2015-09-02,73.78449249267578,73.84595536696341,72.63977430082463,73.4694996580184,6908100
2015-09-03,73.76142883300781,74.85236823047852,73.43107328459952,74.36836139224262,6313900
2015-09-04,72.87023162841797,73.4310699475012,72.45536613103188,73.02388877268359,4429100
2015-09-08,74.3530044555664,74.42983011257877,73.3619376542677,73.99191742004417,5771100
2015-09-09,73.3158187866211,74.82162343127797,73.15448320270285,74.74479780009118,5129400
2015-09-10,73.17754364013672,73.63850337267228,72.79340955278691,72.95474516610331,6210800
2015-09-11,74.83702850341797,74.8447069672804,73.18525025246223,73.34658591491518,6656300
2015-09-14,74.49894714355469,75.02905392672623,74.23773298176742,74.79857118758568,4557200
2015-09-15,75.436279296875,75.7435819808753,74.32228655239346,74.74483653502836,5142600
2015-09-16,75.8204116821289,75.8588215859898,74.92921750806727,75.78968024218649,5198700
2015-09-17,75.16735076904297,76.03549750428772,74.82163245629177,75.72818908105296,7955000
2015-09-18,74.56045532226562,75.05982512499219,73.94583821847786,74.38375099996414,10492700
2015-09-21,75.21347045898438,75.42090032845105,74.52971211620088,74.89079916807081,4543500
2015-09-22,74.6756591796875,75.35173887895292,74.29920944077328,74.61420218455297,6254500
2015-09-23,74.81397247314453,75.17505954831174,74.5297169248472,74.70641536923377,3035300
2015-09-24,74.74481964111328,74.85237672848781,73.98423570570158,74.39141694525105,4138800
2015-09-25,74.97531127929688,75.82808968286575,74.8754384961612,75.20579414674575,4825800
2015-09-28,73.72303009033203,75.09054681416339,73.58474155301076,74.52202987691916,6609800
2015-09-29,74.89077758789062,75.12893882521051,74.37603350194371,74.87540894336776,6944800
2015-09-30,75.69747924804688,75.82808346021953,75.10591520022683,75.45163361160678,5517600
2015-10-01,75.88953399658203,76.05855394317204,75.03675580163882,75.67441983234795,4456600
2015-10-02,76.66549682617188,76.68085961364032,74.6219002689609,74.77555745075617,4400800
2015-10-05,77.72569274902344,78.08677974253146,76.9804716537275,77.03425019352096,6501600
2015-10-06,78.28656005859375,78.59386862591792,77.71804301896925,77.79486869544445,7252400
2015-10-07,78.18666076660156,78.2865393949375,77.08803688485918,77.40302969511583,6497100
2015-10-08,79.09320068359375,79.49270338876387,78.18664406668688,78.24810692308546,8218900
2015-10-09,78.94723510742188,79.46965767310712,78.57077950146085,79.13161781842236,5756600
2015-10-12,79.31597900390625,79.36975752424567,78.7551467005694,78.88575084119095,3448200
2015-10-13,79.42357635498047,79.52345498731655,78.84737511829233,79.0163950855484,4697300
2015-10-14,78.99333953857422,80.61438598026653,78.69371539640564,80.01513769592937,9093000
2015-10-15,79.63867950439453,80.82180730123524,78.05604312442347,78.80126417020165,10168300
2015-10-16,80.52986907958984,80.67584190706356,79.44661401139818,80.45304343512719,7168300
2015-10-19,80.2763442993164,80.78340413567872,80.01513591919375,80.08427724519517,7064300
2015-10-20,79.7769775390625,80.16879601365623,79.45430625947799,79.93831904027672,4872200
2015-10-21,78.77820587158203,80.09194352239187,78.42480327499752,79.88451372970401,7979600
2015-10-22,85.17788696289062,85.27775970648955,83.26489516006284,84.81680001549532,25286600
2015-10-23,86.49934387207031,86.71446396639108,85.35462549762379,85.41608838171543,11677300
2015-10-26,86.184326171875,87.55184261832828,85.90774915333151,86.22274192611427,11478600
2015-10-27,85.76947021484375,86.31493998966614,84.96278617717269,86.2534771205933,10013300
2015-10-28,86.7682113647461,86.77588982643266,85.58507764726895,85.8078761260232,4390300
2015-10-29,86.5223617553711,86.77588579192668,85.96152342300691,86.55309318495195,3752600
2015-10-30,86.23812866210938,87.03712850854109,86.23812866210938,86.72213564827449,6409500
2015-11-02,86.13054656982422,86.69137906170069,85.45447267807333,86.39943926191711,5663000
2015-11-03,86.10748291015625,86.28418127609963,85.48518181502446,85.98455721087393,4584900
2015-11-04,86.35331726074219,86.45318998240619,85.51590216176844,86.19198169739917,6797100
2015-11-05,86.69905090332031,87.16001057503594,86.16126559655547,86.50698388498712,5059100
2015-11-06,87.0524673461914,87.15234596290418,86.16896361060746,86.3533463363078,4615600
2015-11-09,86.76053619384766,87.18308608802819,86.35335494750373,87.16003311627328,8423800
2015-11-10,86.98332214355469,88.34315420977005,85.08569884767977,86.63759795418335,12716500
2015-11-11,87.46733856201172,87.912935551062,87.22917728160485,87.32905004338997,8387800
2015-11-12,86.13054656982422,87.38282159952605,86.09213081605905,87.19843887657966,5893800
2015-11-13,84.48644256591797,86.32260282712289,84.44034835629753,85.93078446108818,8602400
2015-11-16,85.32386779785156,85.32386779785156,84.20219688476868,84.39426394238058,6731800
2015-11-17,85.2316665649414,85.90774039611874,84.86289529066795,85.30849220416738,6027600
2015-11-18,86.4532241821289,86.49931840091281,85.15484897978135,85.5082575285297,5194500
2015-11-19,87.04479217529297,87.3597790993803,86.27652395083821,86.45322236006683,5323500
2015-11-20,87.51344299316406,87.71318852666448,86.9602888911774,87.09089309264041,6659400
2015-11-23,87.94366455078125,88.27402012160196,87.51343622093898,87.59026187106491,4968400
2015-11-24,87.79768371582031,88.01279786114857,87.09087842076435,87.50574392736351,6047700
2015-11-25,87.88986206054688,88.28935884919609,87.54413793705412,87.78998346731973,7477200
2015-11-27,88.4473876953125,88.57127135739226,87.90537968999652,88.04475250194865,2763700
2015-11-30,88.39315795898438,88.64866977272985,87.92857813607733,88.56349719902208,7872000
2015-12-01,88.61770629882812,88.98936901303885,88.10667671258912,88.67190649596527,5321900
2015-12-02,88.052490234375,88.47834730469462,87.843428079003,88.34671907790744,5692200
2015-12-03,87.79695892333984,88.60996778920794,87.4253021158527,87.96730408817913,6558600
2015-12-04,89.97272491455078,90.1198422798064,87.82019417443489,88.07571194333815,7778200
2015-12-07,90.14307403564453,90.21276338811053,89.6242998087343,89.67075543879218,4810700
2015-12-08,90.22824096679688,90.48375873083873,89.24489277887965,89.77915021315582,4814200
2015-12-09,90.2669448852539,90.82443595992991,89.74042619332413,89.98045477538486,7604700
2015-12-10,90.74698638916016,90.9870208371761,89.97269467625819,90.29015711408894,5299900
2015-12-11,89.87982940673828,90.29020327921903,89.523655745578,89.7094841976225,5736400
2015-12-14,90.01920318603516,90.64637791051007,88.77259240494251,89.94951382366014,7660700
2015-12-15,90.53794860839844,91.5522690678831,90.46825926825178,90.9792947380667,6118300
2015-12-16,91.2425765991211,91.94718523308111,90.19728346426308,90.9715755504364,6306300
2015-12-17,90.97928619384766,92.0632958916754,90.97154162180797,91.62968846811773,5275900
2015-12-18,90.32891082763672,90.80896810430377,89.73270265790723,90.39084970027226,11238900
2015-12-21,91.12643432617188,91.16514538469924,90.29019748456972,90.5611985237798,3344600
2015-12-22,91.14966583251953,91.39743906516716,90.31342895706636,91.33549428016029,4092000
2015-12-23,91.98590087890625,92.02461193823092,91.17289183715174,91.38194809816818,3641900
2015-12-24,91.80779266357422,92.1329938520102,91.75359246550155,91.94716544538657,1659300
2015-12-28,91.9471664428711,92.06331141353782,91.40516445626456,91.4438755082344,2777200
2015-12-29,92.96920776367188,93.09309727598472,92.00134310139188,92.14071584905528,3213900
2015-12-30,92.47366333007812,92.90726481686318,92.31880734404837,92.63626388762252,2400800
2015-12-31,91.47484588623047,92.28011018249674,91.31998986699324,92.00136462196693,3723200
2016-01-04,91.04125213623047,91.15739711433638,89.71721356353264,90.78573436587325,9995000
2016-01-05,92.29560852050781,92.31884224383492,90.81671380050444,90.9096309716746,6314000
2016-01-06,91.67618560791016,92.34981595261775,91.21935019813682,91.36646758715568,6543800
2016-01-07,89.55459594726562,91.34320818528171,89.50038984805025,90.93283446031506,7477900
2016-01-08,89.4152603149414,90.95610004340205,89.24491509631535,89.62431659674047,6103400
2016-01-11,90.35212707519531,90.63861130817074,89.49266256151182,89.54686276024057,6392400
2016-01-12,90.93281555175781,91.16509950816987,89.94946182341255,90.61535313173839,5639700
2016-01-13,89.13648223876953,91.26578488217044,89.10550985507105,91.12641210921635,6986000
2016-01-14,90.29791259765625,90.69279716564607,87.49497413156433,89.50038707479077,9204500
2016-01-15,89.1829605102539,90.16630883606267,88.43189626010928,88.4706132264098,10201900
2016-01-19,90.97928619384766,91.14188676241517,89.78687611697488,90.30565020345854,9195300
2016-01-20,89.64752960205078,91.36645884067467,88.56351958687199,90.56893900105965,11905200
2016-01-21,91.2425765991211,91.70715657672893,89.65528136689369,90.21277261411925,9839100
2016-01-22,91.67618560791016,91.94718666080286,90.87866569194881,91.7071580007236,9016600
2016-01-25,92.29560852050781,94.38620056649034,91.52131648289489,94.34748360165793,15141500
2016-01-26,93.24797821044922,93.92161432230453,92.1407405042293,92.60531448495976,8326100
2016-01-27,93.58867645263672,94.16939545441123,92.78341206129056,93.59641511934738,7409000
2016-01-28,94.75782775878906,94.92817289889346,93.06987140915624,93.7667352062299,7460500
2016-01-29,95.84187316894531,96.2832194203303,95.04435326796717,95.05983651039305,10549900
2016-02-01,96.48454284667969,96.65488806055724,95.2534152874429,95.2998768322878,6189900
2016-02-02,95.9734878540039,96.27546125139837,95.31534085730776,96.05092177733907,7653000
2016-02-03,94.05325317382812,96.46130184293689,93.56544541760482,96.29095665234333,9327000
2016-02-04,93.42608642578125,93.87517134842467,91.92395788064543,93.72031529335865,7595000
2016-02-05,89.3532943725586,93.41832720837475,89.0126040159575,93.41832720837475,13261700
2016-02-08,89.85658264160156,90.09661125435439,87.27044447169749,88.30799875054339,11311500
2016-02-09,90.59990692138672,91.21159829911404,89.31457938929104,89.46169675696873,7525700
2016-02-10,91.01029205322266,91.7768395605558,90.79349121538135,91.3819489445564,5726300
2016-02-11,90.38310241699219,90.97930462250577,89.57783807570327,89.6165491289877,7568600
2016-02-12,91.312255859375,91.6219738410648,89.89530008062516,90.37536324761328,8552800
2016-02-16,92.28012084960938,92.28012084960938,91.05673807113158,91.69165727520323,10835800
2016-02-17,91.86199188232422,92.4504553889672,90.37535283042685,92.28011022330382,12729000
2016-02-18,90.72378540039062,92.49691465594834,90.53795698842988,91.99362371231672,9707100
2016-02-19,90.22824096679688,90.86316013638708,89.67074981157057,90.59215913242397,10793700
2016-02-22,91.11095428466797,91.49036168486872,90.22826172164369,90.22826172164369,6223300
2016-02-23,90.51473236083984,91.48259732212475,90.47601539943689,90.86316138395085,5276700
2016-02-24,90.63861846923828,90.84768061469408,89.66301481504142,90.06564405063995,5349800
2016-02-25,91.65293884277344,91.75359466807365,90.71604630652496,90.92510253057269,6034000
2016-02-26,91.32527160644531,92.26926184510651,90.63093162964385,92.0430213174073,5193700
2016-02-29,91.42671966552734,92.34730636114145,91.05224119945835,91.1224585159046,6467700
2016-03-01,92.72175598144531,92.9870127361116,91.87918410492676,91.98841167600006,4731500
2016-03-02,92.43307495117188,92.6281143509276,91.79334595805828,92.49548303547482,4267700
2016-03-03,91.03661346435547,91.65293882624294,89.96779516050532,91.65293882624294,9132000
2016-03-04,91.41888427734375,91.62952424835824,90.42028332176316,91.06001243094018,5857400
2016-03-07,91.39547729492188,91.72314210596561,90.59191580263945,91.30185622656754,5640700
2016-03-08,92.3862533569336,92.90116018421753,90.66210592834307,90.66210592834307,6236200
2016-03-09,93.33808898925781,93.7749755006624,92.4175024458465,93.02602464448354,6428200
2016-03-10,93.60332489013672,94.28986153382276,92.57351694854215,93.54871408839045,6171200
2016-03-11,94.82820129394531,95.18707323703222,93.8998114278759,94.00122981870499,7042300
2016-03-14,95.88137817382812,96.34166833893893,94.75014598883183,95.03100322427018,7912100
2016-03-15,96.29489135742188,96.55234489700376,95.34309775203369,95.41331505925261,5061400
2016-03-16,96.36508178710938,96.78636768254441,95.7019488960497,96.21685586340293,6716700
2016-03-17,96.08424377441406,96.62254864408834,96.04523350101603,96.17005566205206,6108700
2016-03-18,96.80198669433594,96.83319372234607,95.76437533349393,96.29488290540223,14783800
2016-03-21,96.59133911132812,97.12964991917686,95.99842344554924,96.47432019843222,4050100
2016-03-22,96.59913635253906,97.04382605030146,96.39629366257314,96.57573257141445,3494500
2016-03-23,96.8877944946289,97.51972037799628,96.63034100431946,96.81757720084843,4143600
2016-03-24,96.18567657470703,96.73958801764891,95.6941791977078,96.49774095228733,5796700
2016-03-28,96.09203338623047,96.89559495608788,96.0530290680823,96.73956577923207,4784400
2016-03-29,96.7161636352539,97.1842571258774,96.22466041078731,96.29487770805325,7188200
2016-03-30,98.16725158691406,98.37789156149745,97.20765493082429,97.44170463781144,4853700
2016-03-31,98.05024719238281,99.04884837324897,97.99563637630834,98.4169223655111,7685900
2016-04-01,99.09563446044922,99.38429496976798,97.4183000651657,97.66795030626014,5212400
2016-04-04,99.52474212646484,99.75879187511087,98.98643127585837,99.11906264122838,4239300
2016-04-05,99.37649536132812,99.68855966214568,98.60414082970658,98.95520944804416,6282200
2016-04-06,99.48571014404297,99.61834148047396,98.95520265471222,99.44670582920061,5619900
2016-04-07,99.96942138671875,100.26588516414844,99.09564249596914,99.36870249141896,4720800
2016-04-08,99.82899475097656,100.43752285535376,99.29848719094413,100.07864501733701,3625600
2016-04-11,99.51692199707031,100.39850407555464,99.43110416726863,100.13325329408133,6973700
2016-04-12,99.55593872070312,100.07864302547131,98.99422414453896,99.92261384415093,5211400
2016-04-13,98.99420928955078,99.7977707618193,98.36228346225822,99.63393836037791,4985200
2016-04-14,99.47791290283203,99.93039985844555,99.11123782076767,99.18925240262303,4834800
2016-04-15,99.6885757446289,99.89141251357167,99.04884650320633,99.14246759419468,3103800
2016-04-18,100.5233383178711,100.57014588166679,99.61054915893307,99.68856374930313,4525600
2016-04-19,100.5311508178711,100.91343248713646,99.95382966711088,100.57016109502311,4606300
2016-04-20,100.28927612304688,101.2644732617302,100.25806314822232,100.88219169783204,5006700
2016-04-21,98.13606262207031,100.44532928397415,97.98783071689121,100.28930008535686,7947600
2016-04-22,97.90980529785156,100.17225818844712,97.80058368046274,99.9928252250791,9311300
2016-04-25,99.43891143798828,99.49352224533419,97.52752722874992,97.57433479158024,6979900
2016-04-26,99.63394165039062,100.12543887094446,99.1034341630065,99.40769519746331,4082300
2016-04-27,100.09424591064453,100.29708264863085,99.68856053040885,99.81338863267568,4436200
2016-04-28,99.79777526855469,100.52332814676566,99.4233028918154,99.75096770949506,3385800
2016-04-29,98.68215942382812,99.80558857153511,98.37789835501276,99.80558857153511,6276900
2016-05-02,100.01625061035156,100.03185710313906,98.68998442579877,98.80700931317297,4830800
2016-05-03,100.17227935791016,100.63258161099789,99.376520841319,99.39212733403367,4048400
2016-05-04,100.89781188964844,101.75597834569271,99.52473246528767,99.52473246528767,6613700
2016-05-05,100.8587875366211,101.40489555136179,100.64034433072482,100.88219131551985,4519700
2016-05-06,101.8730239868164,101.8730239868164,100.32050541968322,100.93683685112815,4418400
2016-05-09,102.06803894042969,102.59074319970377,101.69356655700068,101.92760435647979,5006800
2016-05-10,102.66876983642578,102.94962711675208,102.08365149443459,102.08365149443459,4082600
2016-05-11,100.74957275390625,102.6843606675037,100.74957275390625,102.38790881329726,6890200
2016-05-12,101.51411437988281,101.841779179772,100.76516966706797,101.21766255384682,4286800
2016-05-13,100.50772094726562,101.54533214803466,100.41410582980929,101.2176673326753,6568700
2016-05-16,101.13963317871094,101.20984450734824,99.89918542240996,100.25805126050759,4343600
2016-05-17,99.61834716796875,101.39710592429945,99.31408611502435,101.10845135988788,5826200
2016-05-18,98.46370697021484,99.4467073824136,98.089234590798,99.11904256239107,7303200
2016-05-19,97.74596405029297,97.98781104523724,97.2700673522773,97.89419592571362,6255100
2016-05-20,95.61612701416016,97.51971373086862,95.28846220453588,97.31687105971174,9735900
2016-05-23,95.81118774414062,96.52893752040279,95.54593692084005,95.7721834212547,7081600
2016-05-24,96.70054626464844,97.34027535201145,95.9672020609739,96.26365984951204,4494100
2016-05-25,96.1622543334961,96.73176620756205,95.98281541638038,96.54452999779957,5307400
2016-05-26,96.57572937011719,96.72396124850155,96.13884293125544,96.25586183299961,3716300
2016-05-27,96.15446472167969,97.2700907979151,96.05304633370652,96.95022319009315,3222800
2016-05-31,95.22604370117188,96.279261321863,94.88277837235844,96.19344350162697,7995200
2016-06-01,95.15584564208984,95.75656451541323,94.78917053213478,95.22605698546089,5057200
2016-06-02,95.2265853881836,95.49379193528495,94.73933591340194,94.8572149825372,4740200
2016-06-03,95.3680419921875,95.61952732154242,94.57428898558348,95.16370828837313,4643000
2016-06-06,95.87886810302734,96.01246836547048,95.25801241793621,95.71383142661824,4901700
2016-06-07,95.80027770996094,96.96339501868138,95.80027770996094,96.14606626331643,4562100
2016-06-08,95.96531677246094,96.26395371140654,95.0065271317897,95.86315292395182,3925900
2016-06-09,96.49972534179688,96.7354894565131,95.93388187306519,95.93388187306519,4583400
2016-06-10,96.16178894042969,96.3975590450449,95.57236967477449,95.72169114075632,4347400
2016-06-13,96.65689086914062,97.42706794994228,95.76097414005679,95.83956216971843,5436700
2016-06-14,96.27967834472656,96.81408540957861,95.82385931967096,96.30325415707719,6351400
2016-06-15,96.07533264160156,96.91623715372138,95.9810234080983,96.78263690317019,4168100
2016-06-16,96.24822998046875,96.37396962935591,95.05367033868781,95.75311399904174,3931800
2016-06-17,96.09105682373047,96.43685138298915,95.42304951270316,96.0596264055096,8331400
2016-06-20,96.99483489990234,97.51352674230537,96.87694984518502,96.91624686205178,5951000
2016-06-21,96.37397766113281,97.45065234964267,96.12249234651745,97.3877795220181,4749000
2016-06-22,94.7943344116211,95.44662048458015,94.34637602615156,95.33659603873728,6578900
2016-06-23,95.25802612304688,95.68240877882039,94.81006765237768,95.47022044887551,3832800
2016-06-24,93.86699676513672,95.17943572627183,92.96321924250536,93.33258965578037,6985900
2016-06-27,91.39928436279297,92.86104464000323,91.2263870833126,92.86104464000323,14150500
2016-06-28,93.12825775146484,93.23828221766085,91.81581876478118,92.10659514149191,6173000
2016-06-29,93.90625762939453,94.27562792403457,93.52117212888716,93.64691775935256,5020400
2016-06-30,94.57427215576172,94.66072078445768,93.75694947771606,94.05558637946804,4808100
2016-07-01,94.6214370727539,94.98294682253243,94.03987843144782,94.08703005223727,3798100
2016-07-05,94.90435028076172,94.9357866904305,94.38565851504983,94.40137971782525,5191100
2016-07-06,94.80218505859375,95.06153095405621,93.52118278070344,93.74909226496902,5102800
2016-07-07,95.03009033203125,95.28157561458048,94.62928959776606,95.00651452364885,3621300
2016-07-08,95.33660125732422,95.63524419457292,95.15584937035226,95.26587382221769,3809600
2016-07-11,95.87886810302734,95.9731773449252,95.45448550831128,95.6352433896448,4266300
2016-07-12,96.07533264160156,96.34253314270396,95.8474231575471,95.87885956871484,3742000
2016-07-13,96.52330780029297,96.68048388759362,96.0046219154941,96.16179800279475,3464200
2016-07-14,97.3956298828125,97.61567876047638,96.6726104288077,97.21487202137018,6011900
2016-07-15,97.14415740966797,97.79644952299344,96.97126012701466,97.78072831772513,3688400
2016-07-18,97.2934799194336,97.4506559984973,96.971261162705,97.4506559984973,5254700
2016-07-19,99.4154052734375,99.49399332744125,97.25420081097147,97.5135467854796,6277700
2016-07-20,99.06959533691406,99.70617226654237,98.6766491317118,99.68259045768829,3353300
2016-07-21,99.94979095458984,99.98908797108845,98.96742550095372,99.35251107993187,3572100
2016-07-22,100.79855346679688,101.0657659927215,100.03624288623033,100.03624288623033,4304200
2016-07-25,100.1226806640625,100.55491783345366,99.6982981006709,100.55491783345366,6210100
2016-07-26,95.65093994140625,97.72569489140301,95.06938138617971,97.05768771360314,14563700
2016-07-27,93.8984375,95.71384723624504,93.70981898504903,95.63525918629074,9939200
2016-07-28,93.85126495361328,94.44854483090629,93.01822096393722,93.98486521688531,6239400
2016-07-29,92.4602279663086,94.03987312838501,92.28733070532044,93.63120578497985,7460900
2016-08-01,92.7431411743164,93.04177805493363,92.53094692039541,92.64097134987973,4208800
2016-08-02,92.49951934814453,93.29327223314249,92.03584577901057,92.87675028232525,4504200
2016-08-03,92.35806274414062,92.75100890386803,92.05942582126552,92.55453582400433,4120000
2016-08-04,92.97108459472656,93.1675577185566,92.40524103875464,92.61742937430216,4313200
2016-08-05,93.68623352050781,93.87484602014892,93.20683867051245,93.34829954421409,3883800
2016-08-08,92.96321105957031,93.81197627546338,92.89247762697102,93.65479420073333,3589300
2016-08-09,92.97891235351562,93.62334377375305,92.42092956247072,92.71957246182023,3491700
2016-08-10,93.36402893066406,93.4740533980853,92.46025138037487,92.73531254892798,2941700
2016-08-11,93.81981658935547,94.11059888639468,93.40329464757103,93.41901585059053,3490200
2016-08-12,93.92985534667969,94.32280153972214,93.74124285286658,93.96915236433716,3015700
2016-08-15,93.14397430419922,93.71767845409872,93.14397430419922,93.5369205450969,3391600
2016-08-16,92.68814086914062,93.1518144535621,92.67241966526186,92.97891718619053,3333900
2016-08-17,92.0279769897461,92.71956597490079,91.57215806696355,92.71956597490079,5184900
2016-08-18,92.05155944824219,92.24017791012174,91.79221955595162,92.1380080776331,3710500
2016-08-19,90.38545989990234,91.79220759980711,90.37759929937734,91.79220759980711,7065700
2016-08-22,90.70769500732422,90.95132571680983,90.1025605266106,90.3776216542077,4484700
2016-08-23,90.52694702148438,91.25782718966076,90.41692256570585,91.09279050599295,4305400
2016-08-24,90.27545166015625,90.69197362443191,90.1654272166073,90.49550054725414,4135400
2016-08-25,90.71553802490234,90.9905990991798,90.28329491112223,90.45619215663427,6694100
2016-08-26,89.93753051757812,90.94347185644185,89.56029951756257,90.87273842073996,5294500
2016-08-29,90.6998291015625,90.88844156614891,89.98466426302075,90.0632522902749,4983000
2016-08-30,91.36510467529297,91.76902629730047,90.76318308754367,91.40470708543309,5085300
2016-08-31,91.60271453857422,91.87199161360304,91.2383892544483,91.48391334092271,5394700
2016-09-01,91.39678955078125,91.72150636727359,90.96910888023451,91.48391002306742,3966600
2016-09-02,91.73733520507812,91.95909417483827,91.63437136734753,91.81653397392407,3410100
2016-09-06,92.86199188232422,94.43807005265435,92.59271480625412,92.73526899301127,6337900
2016-09-07,92.60062408447266,93.05206377225312,92.22046752764675,92.87782283267478,2647700
2016-09-08,92.00662231445312,92.75110411667673,91.90366450791389,92.52142343210818,3085600
2016-09-09,90.74736022949219,91.68192045862001,90.74736022949219,91.55519755993402,4961100
2016-09-12,91.83240509033203,92.01456776391528,90.39096521419314,90.66024837829696,5014000
2016-09-13,90.8661880493164,91.56314606877353,90.66818799398949,91.56314606877353,4162200
2016-09-14,91.2225570678711,91.60271971333583,90.93743659439261,91.07999683113185,4530700
2016-09-15,91.98287963867188,92.06207843028088,90.89783746193895,90.984957945453,3671200
2016-09-16,91.3017578125,92.07792046081411,90.94536023425721,91.61855901676046,9500500
2016-09-19,91.24632263183594,92.19672629228937,91.04832262455155,91.73736482519425,3741500
2016-09-20,92.2283935546875,92.37095379016002,91.47599600454265,91.65023696372909,3841800
2016-09-21,92.60852813720703,92.70357027955185,91.84028743673528,92.26004632442107,4528900
2016-09-22,92.94910430908203,93.41638132737931,92.8857428699124,93.02830308680436,3808800
2016-09-23,92.79862976074219,93.07582852599228,92.14919006395057,92.2600695700506,2776000
2016-09-26,92.29174041748047,92.61646325237281,92.09374045741808,92.50558375813621,3022400
2016-09-27,92.56896209716797,92.82240186716609,92.16504642911144,92.62440185802754,3745400
2016-09-28,91.2225570678711,92.29175582217529,90.65231612091412,92.17295461781255,5638900
2016-09-29,90.9136962890625,91.84825669075373,90.8661782145214,91.23841320256255,4924400
2016-09-30,91.36510467529297,91.6423034188356,90.8344662173,90.8344662173,4188700
2016-10-03,90.79486846923828,91.1987901119861,90.61271187519104,91.08791060887567,3085800
2016-10-04,89.89199829101562,91.4839199526453,89.8286368420249,91.072076576686,4742900
2016-10-05,89.82072448730469,90.945363056979,89.79695941120123,90.21672449430105,3720300
2016-10-06,90.22462463378906,90.46222701413406,89.02078747815723,89.69398616582869,3900000
2016-10-07,89.85240936279297,90.55728897180529,89.67025272270102,90.26425280057532,4153100
2016-10-10,90.85033416748047,91.07209323703529,90.4147377215639,90.45433410256643,3290300
2016-10-11,90.03453826904297,91.26214038644258,89.93949611694475,90.80277904835302,3943300
2016-10-12,90.85033416748047,91.26217761878068,89.92369546577717,89.9712135399728,3340200
2016-10-13,91.40472412109375,91.66607953229898,90.34344096483055,90.39888072387173,4464700
2016-10-14,90.35928344726562,91.16712688780494,90.34344610484447,91.00080760121882,5312500
2016-10-17,89.02871704101562,90.60479524539238,88.78319294828793,90.21671696282807,5655700
2016-10-18,88.1099853515625,89.56726220889708,88.09414801288689,89.40886465222313,6198400
2016-10-19,88.11791229248047,88.52182789880942,88.00703278770627,88.47430983747185,6433400
2016-10-20,87.57142639160156,88.14958896204358,87.3813481125092,88.14958896204358,7250700
2016-10-21,90.23255920410156,90.68399895721117,89.29799897314899,89.70983630972181,10108000
2016-10-24,89.94744873046875,90.68400904563913,89.21088841529838,90.48600902588882,6173500
2016-10-25,89.27424621582031,89.92368601230595,89.23464379649963,89.89200528534558,4879000
2016-10-26,88.7911148071289,89.25839187686603,88.2287955681747,88.91783165693826,3763100
2016-10-27,88.76734161376953,89.09205839911672,88.52973924987323,88.83861869745094,2960700
2016-10-28,88.78318786621094,88.98118784184587,88.33174816346246,88.90991075100756,3304700
2016-10-31,89.15545654296875,89.28217946721661,88.53769739346448,89.06833604316876,4181600
2016-11-01,88.9020004272461,89.3138377705339,88.66439800911203,89.21880163726468,3935600
2016-11-02,89.01288604736328,89.3138438941512,88.56144625594094,88.78320530541424,3512500
2016-11-03,88.48223114013672,89.37718886545153,88.32382753224043,89.29006839172851,3890700
2016-11-04,87.94369506835938,88.70401446726675,87.77737576633102,88.69609277408021,3457400
2016-11-07,89.35343933105469,89.71775860421502,88.6089574010207,88.70399957585921,3842400
2016-11-08,90.3751220703125,90.48600158886101,89.49600157147742,89.50392326351104,3300200
2016-11-09,91.06415557861328,91.41263144263318,88.54559553272769,88.77527019748807,5099500
2016-11-10,90.6919174194336,91.11167643286203,90.1137547879792,91.1037547413407,4437700
2016-11-11,90.46221923828125,91.04829740561405,90.42261683080135,90.81861673568439,4331200
2016-11-14,93.34510803222656,94.04998745480526,90.8582288473463,91.07206616013144,7093200
2016-11-15,93.70944213867188,93.83616504228146,92.67983969552613,93.12336381567907,4447900
2016-11-16,94.414306640625,94.72318611589311,93.828228410947,94.13710788621512,5371100
2016-11-17,94.60440826416016,94.64401068562358,93.67776960973488,94.16089014767923,2836600
2016-11-18,95.04000854492188,95.23008687011705,94.17673136769639,94.45393018412288,3655400
2016-11-21,94.6440200805664,95.43602024860462,94.21633926472796,94.88162254797057,3603300
2016-11-22,94.79447174072266,95.26967048113035,94.15294770081645,94.64398982330962,3699100
2016-11-23,95.1508560180664,95.64189807209121,94.82613924034857,94.82613924034857,2860200
2016-11-25,95.56273651123047,95.82409195616974,94.97665207716952,95.10337499560907,1709100
2016-11-28,96.4814224243164,96.52102483419357,95.22214555095043,95.34094069562316,5931700
2016-11-29,96.3218002319336,96.409598183449,94.99685375595054,96.08235016607917,6370900
2016-11-30,95.19640350341797,96.17015827619862,95.19640350341797,95.95465806574052,5696100
2016-12-01,94.5578842163086,94.94898036546995,94.0789901025134,94.94898036546995,4445000
2016-12-02,94.37431335449219,94.58183638832818,93.95129008166965,94.18275690989643,3348700
2016-12-05,95.2123794555664,96.05044267807786,95.00485642879099,95.34008171779557,5191900
2016-12-06,95.18042755126953,95.49969225780467,94.66162316433342,95.21235463086983,3368000
2016-12-07,95.71520233154297,95.88281494967713,94.55787450132073,95.3081457258465,4059900
2016-12-08,96.13819122314453,96.69690584038801,95.37994306552311,95.81893268696682,3255100
2016-12-09,96.78473663330078,96.79271383678795,95.94666746755583,96.2340051192702,2623700
2016-12-12,97.16785430908203,97.57491701764242,96.78474148058758,97.03216876938477,4172000
2016-12-13,97.91812896728516,98.10968538820136,97.1838242792157,97.19978477701336,4308000
2016-12-14,98.04582214355469,98.49279520361519,97.68665312639568,98.06977202223779,4967400
2016-12-15,97.66271209716797,98.46087090404939,97.19179523458433,98.1495894565231,4402800
2016-12-16,98.36508178710938,98.84397581503936,97.80637310276907,98.08572744493922,10793800
2016-12-19,98.1655502319336,98.70032126205808,97.98995431960631,98.35711273054615,3545500
2016-12-20,98.43693542480469,98.89188573955803,97.9420747305504,98.31721037577087,2768800
2016-12-21,98.31719970703125,98.78013326534405,98.25334554254638,98.2932559177165,2762800
2016-12-22,98.74819946289062,98.9716829339104,98.24535556362825,98.26930544078141,3037100
2016-12-23,98.2852783203125,98.8360098643392,98.22940744551767,98.46885753147761,2164100
2016-12-27,98.22940826416016,98.69234185315753,98.14959359799788,98.4129874768552,1919300
2016-12-28,97.91812896728516,98.45289394080517,97.86225809079006,98.1176686818346,1980200
2016-12-29,98.00591278076172,98.46086302067933,97.9819689927873,97.9819689927873,1943300
2016-12-30,97.1518783569336,98.30122883851568,96.92839489428543,98.00590792603482,3574600
2017-01-03,95.47577667236328,97.37539279868598,94.94898883755614,97.26365103181226,5123800
2017-01-04,95.36399841308594,95.57151527817375,94.3263897297778,94.98087958078942,3780800
2017-01-05,95.53959655761719,95.9386759184919,95.0607025424611,95.25225893062998,4261100
2017-01-06,96.38565063476562,96.97628639417296,94.59777068225864,94.92501868686259,4089200
2017-01-09,96.12226104736328,96.62509888094885,96.04244638814674,96.38565490329923,3021800
2017-01-10,95.97859954833984,96.45749362964781,95.56355963506456,96.1462121723242,3108400
2017-01-11,96.4814224243164,96.97628301545136,96.27390554466714,96.52133279550078,3565200
2017-01-12,97.45516967773438,97.622782263035,95.93866702903263,96.0184877653858,3480700
2017-01-13,96.976318359375,97.56695431346694,96.65705354194398,97.56695431346694,2877400
2017-01-17,97.97398376464844,98.01389413679591,96.33775593808714,96.37766631023462,4077600
2017-01-18,97.94206237792969,98.17352915301036,97.21574106047558,98.02187703739622,3395000
2017-01-19,97.51904296875,98.17353294480328,97.40730122328738,97.56693054838587,3155200
2017-01-20,97.5828857421875,98.13361111211033,97.39132326707131,97.5828857421875,4887100
2017-01-23,96.8804931640625,97.43920786362669,95.63536763900782,97.12792648236302,7022600
2017-01-24,96.61713409423828,97.42327017223316,96.19410477603621,97.35143879654744,3495200
2017-01-25,97.20774841308594,97.31150685146062,96.53729194125714,96.96829836826116,3968300
2017-01-26,97.27957916259766,97.67865850849036,97.18380401684264,97.26361866812766,2497300
2017-01-27,98.06179809570312,98.1655565553673,96.9603410603375,97.59088120144824,3592700
2017-01-30,98.18950653076172,98.3411586724493,97.6148372301193,98.02189389022402,3778000
2017-01-31,97.83031463623047,98.44489417484174,97.45517906133219,98.18948362653386,3733300
2017-02-01,97.7105941772461,97.77444833967495,97.13591889432249,97.29555430039466,3233400
2017-02-02,98.3491439819336,98.95574647164489,97.58291214257322,97.80639566786967,3236600
2017-02-03,99.16325378417969,99.37876008370664,98.3970220191846,98.42096581036121,3183000
2017-02-06,99.33084869384766,99.6900237658355,98.93176934017295,99.04351107204445,2760300
2017-02-07,99.4426040649414,100.10507734437634,99.4426040649414,99.7299417261549,2847200
2017-02-08,99.50645446777344,100.05718597917844,99.36278564260118,99.43462309992145,2835200
2017-02-09,99.35480499267578,99.76984486796054,99.25902374939403,99.50645101603679,2493600
2017-02-10,100.42433166503906,100.65579842862769,99.38672287508562,99.51443119546606,3681400
2017-02-13,100.20084381103516,101.11074424080894,100.160933440295,100.58395657648327,2993800
2017-02-14,100.41636657714844,100.62388959065458,99.98536005192905,100.16893927339005,2663100
2017-02-15,100.95108795166016,101.1985151336004,100.12897959622991,100.29659823695857,2974900
2017-02-16,101.12672424316406,102.02066435076688,100.81544277763972,101.16663462160311,3006000
2017-02-17,102.00469970703125,102.06854778468227,101.11075963576316,101.19057429992833,3677400
2017-02-21,102.19625091552734,102.4197465918521,101.49387942899666,101.49387942899666,4495200
2017-02-22,102.04460144042969,102.25212443364012,100.88727361532875,101.78120757475511,3670700
2017-02-23,102.37982177734375,102.88265348608911,101.71734858245908,102.10844464773592,3178000
2017-02-24,102.6831283569336,102.75497190745027,101.96479028326434,102.45166765553174,3537200
2017-02-27,102.10421752929688,102.71528473731156,101.93537122200776,102.65900263488186,5184000
2017-02-28,102.63489532470703,102.86002376231504,101.77457957568225,102.17659639549365,4619300
2017-03-01,103.76052856445312,104.52435795734894,102.61076038155073,102.93237501750806,5471600
2017-03-02,103.1012191772461,104.37159366458637,103.03689502070728,103.7605325803352,6738100
2017-03-03,102.8359146118164,103.44698196016496,102.46605983458427,103.10124107889587,4067700
2017-03-06,102.94043731689453,103.18968580984983,102.43389827609454,102.835915140495,3271500
2017-03-07,102.97257995605469,103.16554015113995,102.3856266464623,102.96453176887412,3332400
2017-03-08,102.98865509033203,103.20574758533095,102.49015821229891,102.97258325261242,3571700
2017-03-09,103.02887725830078,103.49521827395519,102.66706454901495,102.87610889317152,3265700
2017-03-10,102.90022277832031,103.39067763054149,102.69117232481831,103.36655760403924,3178900
2017-03-13,102.60272979736328,103.13339492615245,102.3936793404806,102.92433833498013,3130800
2017-03-14,102.75550079345703,103.10122936687128,102.51428824974172,102.63489452159938,2492700
2017-03-15,102.81979370117188,103.15749240672487,102.49014318187683,103.08513234186313,3529300
2017-03-16,102.90022277832031,103.6399260834507,102.86001864462355,103.15751328482679,3945700
2017-03-17,103.43086242675781,104.50826430435669,103.25397408642644,103.374586464967,12532700
2017-03-20,103.5434341430664,104.10625514475689,103.29418571864474,103.7122865778624,3415500
2017-03-21,103.33438873291016,104.32334650153804,103.06100801911472,103.89720972852857,4062400
2017-03-22,103.80073547363281,103.84092733598408,103.24595036510894,103.3826345954067,3174200
2017-03-23,103.7203140258789,104.19469081223653,103.56754570891502,103.83287821702439,2774500
2017-03-24,103.99369812011719,104.2670665871471,103.84897796765848,104.02586633304925,3568200
2017-03-27,104.11430358886719,104.37963611930039,103.73640685781788,103.78464690542796,2540400
2017-03-28,104.08213806152344,104.33943468018116,103.67208537768799,104.09018624871777,3487400
2017-03-29,103.59169006347656,104.25903944937102,103.4228498713876,103.72033838888312,3197800
2017-03-30,103.97763061523438,104.14647080013886,103.39872544411809,103.51932557619271,2018000
2017-03-31,104.21076965332031,104.67711049839332,103.96152126184145,104.03388132351414,3041700
2017-04-03,104.21076965332031,104.29117790089624,103.60774460222909,104.12232548841723,3287100
2017-04-04,103.95352172851562,104.14649425186767,103.43894060149199,103.83292156928422,3414000
2017-04-05,104.8540267944336,105.79474465281116,104.24295339445615,104.43592587896156,4052200
2017-04-06,104.64498138427734,105.05504642409652,104.49222528653954,104.7736297210277,3856900
2017-04-07,104.4921875,104.84595189526395,104.21880681612043,104.54042754169161,2176600
2017-04-10,104.50826263427734,105.04696356446814,104.13841412391427,104.48414261267004,2709300
2017-04-11,105.48918914794922,105.52135735725538,104.36354719377695,105.02284826162725,3677600
2017-04-12,105.53743743896484,105.7786499532983,105.22386485090479,105.57764156945011,3195500
2017-04-13,105.13545227050781,105.4409890317334,104.98269615847683,105.32842479368952,2429200
2017-04-17,105.60979461669922,106.02788316169364,105.2560179489529,105.52938636727457,3236400
2017-04-18,106.3736572265625,106.77567406243871,105.97164039068629,106.14048059134939,3617400
2017-04-19,106.64702606201172,106.93647867548557,106.40581350602014,106.64702606201172,3132800
2017-04-20,107.15355682373047,107.2902410577819,106.64701175097979,106.65504766995508,2697300
2017-04-21,107.26610565185547,107.64400235534504,107.0570491026878,107.37866984426235,3466100
2017-04-24,107.92542266845703,108.35155947908085,107.14550912405225,107.93347085604756,5041000
2017-04-25,113.93156433105469,114.16474095705271,110.29732884315537,111.06920653570857,10893800
2017-04-26,113.24007415771484,114.17275595362558,112.83805741139926,113.93154345212074,7132200
2017-04-27,113.26419830322266,114.80794119302924,113.24812646616088,114.07628001222517,5183700
2017-04-28,112.5084457397461,113.17579527780742,112.38784557504084,112.87830669247953,4779900
2017-05-01,113.48934173583984,113.7305542780643,112.43605964565859,112.45214375342809,3747200
2017-05-02,113.55366516113281,114.02000613478467,113.14361243001903,113.35265675534734,3774100
2017-05-03,114.67123413085938,114.73555827203069,113.69031244800397,114.3335415911416,4278400
2017-05-04,115.33863067626953,115.51551907001527,114.38182861971225,114.67128123960705,4178800
2017-05-05,115.7486801147461,115.76475195304431,114.6391098432266,115.31449510911723,2452700
2017-05-08,115.97381591796875,116.18286024636004,115.5074749374839,115.72455518553575,2813000
2017-05-09,116.0703125,116.5688094984495,115.78085985960773,115.85321995256045,3053800
2017-05-10,116.19892883300781,116.29540893036575,115.56373547585996,115.66826376038307,2273300
2017-05-11,115.94969940185547,116.11050367999395,115.29842183223758,115.84517110020445,1941900
2017-05-12,116.87430572509766,116.98686992018844,116.15068050931085,116.18283644994659,2747900
2017-05-15,117.61402893066406,117.71050903253857,116.93059549284347,116.93059549284347,3332800
2017-05-16,118.42609405517578,118.73163072463544,117.6140246009434,117.83111709074778,3540900
2017-05-17,117.71855926513672,118.5627969769408,117.58187502891377,118.42610047213907,3875600
2017-05-18,118.20097351074219,118.38591006960239,117.23613565758826,117.7185607184547,2730900
2017-05-19,119.11761474609375,119.66436416567882,118.0643323233356,118.39398915951311,4071200
2017-05-22,119.14971160888672,119.70449661832411,118.94065507282275,119.23815577370394,3294500
2017-05-23,118.85224914550781,119.42310611431478,118.7155526411784,119.17385766861776,3262300
2017-05-24,120.20301055908203,120.59699139833826,118.19292677046862,118.9487202379597,3348900
2017-05-25,120.42814636230469,120.56483059610039,120.01809366091756,120.45226638776401,3408100
2017-05-26,120.49250030517578,120.79803706129329,120.00203921863107,120.50053622612249,3258200
2017-05-30,120.54873657226562,120.87035733289507,120.21909216191457,120.56482067744147,3113900
2017-05-31,121.32059478759766,121.52963904724665,120.28339713779518,120.70148565709314,6415700
2017-06-01,123.29475402832031,123.29475402832031,121.64424893323167,122.00023102965318,4349800
2017-06-02,124.38703155517578,124.51647400256239,123.10059461239783,123.39996036410768,4316700
2017-06-05,123.6183853149414,124.32228794346013,123.59411408762907,124.29801671614779,2633700
2017-06-06,122.35625457763672,123.45659568460677,122.34008198678379,123.27859842131093,3661900
2017-06-07,122.93072509765625,122.98735386701324,121.9517399698517,122.35627703422703,2922900
2017-06-08,122.51801300048828,123.10054699761619,122.17820355974429,122.93064844998608,3709900
2017-06-09,122.55848693847656,122.97920874090508,122.08922268682274,122.88212384245449,4143100
2017-06-12,120.12321472167969,122.55852295555145,119.77530649084704,122.55852295555145,5902600
2017-06-13,121.21549224853516,121.56338819907596,120.24459341481158,120.43877565065459,4267700
2017-06-14,121.9112548828125,122.23489186485648,121.28827684016886,121.62000011720573,2675500
2017-06-15,122.30768585205078,122.59086662253176,121.07789020938525,121.28015866101835,2517500
2017-06-16,122.97113800048828,123.69929952193223,122.10542306152833,122.15396551689297,5443900
2017-06-19,123.90155792236328,123.93391544148331,122.84975954141392,123.29475258860244,3263800
2017-06-20,124.65406799316406,125.63304086226411,124.46797203829996,124.81588036416073,3614400
2017-06-21,124.37897491455078,124.93723809503477,124.28188995985538,124.74305584015126,2448500
2017-06-22,125.24462890625,125.33362751963075,124.33845783942235,124.41937015903638,2003800
2017-06-23,125.11519622802734,125.77054415797868,124.94528526502683,125.40646334639337,2214700
2017-06-26,124.56501770019531,125.77862849781984,124.2090232242808,125.55207645774814,2360900
2017-06-27,124.37081909179688,125.26080516396578,124.1604643590505,124.59735875644245,2139000
2017-06-28,124.84009552001953,125.14753518315285,124.38701614657084,124.62972842128478,1302800
2017-06-29,123.8934555053711,125.06660986220302,123.10055441702896,125.06660986220302,1975900
2017-06-30,123.91777801513672,124.41131365378428,123.5617834763759,124.03104788242518,2508200
2017-07-03,123.38373565673828,124.49216264290277,123.36755072647385,124.14426688786718,1100700
2017-07-05,123.84494018554688,124.24947711067823,122.97113894580468,123.6426717229812,2497300
2017-07-06,123.86109924316406,124.16046492998974,123.24620762851082,123.54556096985063,2019800
2017-07-07,126.43396759033203,126.6685935629301,123.90964891129788,124.08764613691844,4117800
2017-07-10,125.82715606689453,126.64431612956857,125.53588901610713,126.44204768722972,2402200
2017-07-11,125.33362579345703,126.11842837005486,124.60545196341975,125.47925315217259,2008800
2017-07-12,126.68478393554688,126.8223250075256,125.6248991755147,125.73816901981996,2094900
2017-07-13,125.43881225585938,126.65242310810274,124.87246299391006,126.61197928941836,3169700
2017-07-14,125.63298034667969,125.81097757268512,125.18798728166612,125.39835437357432,2440200
2017-07-17,125.6168441772461,125.76248393937162,125.16376464261805,125.7543852970088,2408700
2017-07-18,124.56501770019531,125.62490248817608,124.08765473722588,125.40644908786717,3890300
2017-07-19,124.50836944580078,124.96954744821889,124.17664621727059,124.70255160663262,3072200
2017-07-20,124.76732635498047,125.58448677755248,124.2333344691058,124.62168659270037,2240200
2017-07-21,124.53265380859375,125.16373046600565,124.02293329857335,124.64592366132183,3522400
2017-07-24,122.85787963867188,124.77538087771147,122.79315224364042,124.59738362774706,5307400
2017-07-25,128.69937133789062,129.4356190907017,126.65240332893069,127.63138802886805,9511400
2017-07-26,126.62813568115234,128.64273388255617,125.95660294735107,128.4485517266602,4679000
2017-07-27,126.98413848876953,127.37249048064588,125.84334139555254,126.5553303352319,4624100
2017-07-28,126.09416961669922,126.74951748671852,125.4630929755334,126.50679285269604,3964500
2017-07-31,125.51973724365234,126.55535095437574,125.28511122056985,126.15081396282787,4272400
2017-08-01,124.62974548339844,126.13462352008133,124.36276194466242,125.39027696958607,4185100
2017-08-02,126.69290161132812,126.741444078699,124.36277675909479,124.4032205849104,3326000
2017-08-03,125.17992401123047,126.83852809743244,124.92911305904416,126.66861713390911,3666100
2017-08-04,124.45171356201172,125.26078720416605,123.9743507305728,125.09087630730066,4435400
2017-08-07,125.38217163085938,125.72198115585479,124.59736903307702,124.71063887474216,3252100
2017-08-08,125.34175109863281,125.60874701819796,124.67831679329633,125.13948258491591,4234300
2017-08-09,125.34175109863281,125.95664293595568,124.88058530701325,125.64920319003942,3006500
2017-08-10,126.71717071533203,127.18643513451408,124.79966921346796,124.86439661737134,3874500
2017-08-11,127.267333984375,128.15730791634948,126.72525592282514,126.92752440902234,2925000
2017-08-14,127.23493194580078,127.75273864573509,126.58768282999704,127.38865793172411,2809100
2017-08-15,127.52622985839844,128.3029462690747,127.29969014392796,127.70422711198073,2160100
2017-08-16,128.5618438720703,128.95020825124956,127.51005762855338,127.74468363867169,2921800
2017-08-17,127.7446517944336,129.07153222880933,127.679924414039,128.44045570181876,3071600
2017-08-18,127.63951873779297,128.06024070400497,127.04081183696204,127.82561465958291,2595700
2017-08-21,128.1248779296875,128.35141751847004,127.4614317443374,127.97115199183898,2195100
2017-08-22,129.16053771972656,129.4032623227756,128.14919549492743,128.2381941045292,2122600
2017-08-23,128.489013671875,128.94209304388255,128.14111784890028,128.8854642951251,2190700
2017-08-24,128.16537475585938,129.19288952203706,128.10064737487812,128.73172390758833,1634800
2017-08-25,128.4971160888672,128.91782560639246,128.26247775650953,128.5537448392894,2019600
2017-08-28,129.18482971191406,129.41946805925775,128.36766950729307,128.67510919812227,2027300
2017-08-29,128.95013427734375,129.25757380263332,128.424229111789,128.80449463232745,3283400
2017-08-30,129.8372802734375,129.92680688401703,128.85249997579086,128.91759894827774,2236500
2017-08-31,130.19541931152344,130.21983453700062,129.69082142668654,130.03264700209843,2717000
2017-09-01,130.06520080566406,130.38261116611483,129.81290185488672,130.11403125823625,1878300
2017-09-05,129.48733520507812,130.04076346509086,128.649046128528,129.40594285214473,4000500
2017-09-06,128.7711181640625,129.70706809952972,128.7711181640625,129.5931262602665,4143300
2017-09-07,130.138427734375,130.27679722170222,128.86065220748702,128.97459405331608,2965400
2017-09-08,129.9838104248047,130.52910446598008,129.5524458179991,129.8373066601153,2984200
2017-09-11,131.4650421142578,131.61968013289246,130.15470471783993,130.21981611614552,2333600
2017-09-12,127.23291015625,130.80581613326623,126.77714275251596,130.3907449088792,10324100
2017-09-13,127.77821350097656,128.41303420512622,126.96433952963277,127.56661073917043,4705600
2017-09-14,127.77821350097656,128.0630743584394,127.0050357119462,127.77821350097656,3109700
2017-09-15,127.71309661865234,128.59208196027407,127.68054712543557,128.4211629693765,7425100
2017-09-18,127.51773071289062,128.42113105459765,127.24916330908616,128.36416635094227,3831900
2017-09-19,128.12818908691406,128.5107108939331,127.23293505970175,127.99797867373978,3554600
2017-09-20,130.1221923828125,130.1303266528998,128.39677088186508,128.5107127567522,3641100
2017-09-21,129.43035888671875,130.29306319081823,129.00714100252162,130.11400994822444,2503400
2017-09-22,129.332763671875,130.00828080855112,129.04790270889904,129.30834843718972,2442700
2017-09-25,127.17593383789062,129.15365391453471,127.04572344936662,128.97460065924247,3661500
2017-09-26,124.80757141113281,127.6479834624169,124.74246000686173,127.16780082698952,6420000
2017-09-27,125.3772964477539,125.89817532871942,124.8808327941202,124.93779751831705,3915900
2017-09-28,128.17703247070312,128.84440275408826,126.54113763288036,127.09457846131146,4210200
2017-09-29,127.51773071289062,128.62459948814674,127.06196340873711,128.19324740252088,3670100
2017-10-02,127.74568176269531,127.92472263604444,126.80158484421389,126.96435717736135,2407000
2017-10-03,127.66426086425781,128.1525901733316,127.25732391293973,127.57473423821862,2188400
2017-10-04,127.9491195678711,128.1200261300909,127.49333975824824,127.6398435160238,1823100
2017-10-05,129.2432098388672,129.34087075708044,128.02239868626845,128.02239868626845,2796000
2017-10-06,129.89427185058594,130.3256239989926,129.0641170436377,129.0641170436377,3548500
2017-10-09,130.31747436523438,130.61861612864067,129.81287656199612,129.90240318051218,2120000
2017-10-10,130.69192504882812,131.50579927699215,129.88618509220106,129.96757748251153,2909600
2017-10-11,132.7835235595703,132.85678164976636,130.69187406686845,130.95230726054555,3572500
2017-10-12,133.40206909179688,133.8008593403478,132.47425337619242,132.65330662119766,3023600
2017-10-13,134.59036254882812,134.70430443167118,133.54047037254102,133.84159983032612,2957400
2017-10-16,134.29736328125,134.89150032684665,133.83346149331757,134.6473356085348,2132300
2017-10-17,134.61474609375,135.11935638647958,134.08573299479855,134.2240900757746,2379700
2017-10-18,134.9158935546875,135.30654958903813,133.3858064936114,134.52522510160546,2798300
2017-10-19,135.51004028320312,135.8762811515732,134.22411768996736,134.95661184544096,2478100
2017-10-20,135.34722900390625,136.6494197633253,134.69612741483178,136.10412575286028,5577700
2017-10-23,132.9381561279297,135.1844559770999,132.7346876586196,135.1844559770999,6214800
2017-10-24,133.37770080566406,135.50191285190485,133.14167034567393,134.5008386974376,7855200
2017-10-25,133.1334991455078,134.38685953521608,132.66145077520113,132.99514206746233,3716200
2017-10-26,133.4834442138672,134.00432297544464,133.27184148591454,133.58925178720816,2934400
2017-10-27,134.60658264160156,134.98097004092656,133.28811110507928,133.54854425435596,2298100
2017-10-30,135.29026794433594,135.55884784744012,134.02062652510264,134.2892064282068,2051000
2017-10-31,135.8436737060547,136.25061059038026,135.20885316000505,135.30651403825019,2873000
2017-11-01,135.4042205810547,136.7227049756585,134.7531312815389,134.87520742051504,2186100
2017-11-02,136.81224060058594,137.11337004232152,135.51003707858376,135.90883985664607,2291000
2017-11-03,137.2598114013672,137.9109129251075,136.4052538463572,136.73079839886304,1959500
2017-11-06,138.41552734375,138.70037573119058,137.21913182780412,137.46328404025917,3087700
2017-11-07,138.9852752685547,139.02597145488105,137.96793270405777,138.43998114423223,2506000
2017-11-08,138.4399871826172,139.1073574762952,137.91096157476463,138.49695191097277,2605000
2017-11-09,135.91693115234375,137.7074511149162,135.1844496645234,137.3167951493273,4219000
2017-11-10,134.76937866210938,135.75417156392277,133.0846661150772,135.42861454654502,4226800
2017-11-13,136.21807861328125,136.69012699305887,134.3543127378272,134.67172308058943,2605600
2017-11-14,136.8203887939453,137.0726878025586,135.56702802192837,135.7867651088748,2180900
2017-11-15,136.17742919921875,137.29243281449214,136.0390596647652,136.47855866174157,2019300
2017-11-16,136.80409240722656,137.45519416106762,136.3483249051577,136.47040105080723,2293400
2017-11-17,135.68905639648438,136.48664933415674,135.23328900352874,136.35642653081797,2221400
2017-11-20,135.85997009277344,136.60874504192057,135.72161301398535,136.18552711821366,2442300
2017-11-21,136.9749755859375,137.7562875511048,136.3320082704819,136.36457017995625,2653100
2017-11-22,137.58538818359375,138.64342675967822,137.27611212107033,137.76444143887252,2719200
2017-11-24,137.63424682617188,138.0004876801832,137.3982288060815,137.44705926411862,963200
2017-11-27,137.5121612548828,137.69120211583498,136.8040824056832,137.46331838146082,2082400
2017-11-28,139.44920349121094,139.4817654139461,137.57729033345365,137.7319284196086,2909900
2017-11-29,138.7085723876953,140.00264178940492,137.58543444904467,139.74219608733634,4590300
2017-11-30,140.7963104248047,141.77877912070642,138.6430570592715,139.3799179507733,6023700
2017-12-01,141.53317260742188,141.76241490903257,139.50273543911217,141.45130749557148,4279200
2017-12-04,139.715576171875,142.0325720730475,139.535455466288,141.86064662220215,3943100
2017-12-05,141.63143920898438,142.66302964618822,141.19751535496272,142.16360620194845,3228700
2017-12-06,142.03257751464844,142.8185599412106,141.6395925477508,142.03257751464844,2618700
2017-12-07,141.56591796875,141.87702535874578,140.75537471812495,141.27117610422886,2284800
2017-12-08,141.7624053955078,142.0817080436638,141.23842124230904,141.6723450335783,2241100
2017-12-11,141.84426879882812,141.84426879882812,141.0009820818697,141.5904657568186,2340800
2017-12-12,141.00918579101562,141.80335106849736,140.69807838335277,141.63960835507982,2805900
2017-12-13,142.08987426757812,142.42555486552655,141.14833204109578,141.18108807115985,2554000
2017-12-14,141.75421142578125,142.52381582274083,141.50040837843642,142.17995242058655,2666900
2017-12-15,142.50743103027344,143.35071772486566,142.19631118431147,142.70392974763354,7435200
2017-12-18,142.6220703125,143.9156589243845,142.5483879688986,143.17061524725656,2426300
2017-12-19,141.95889282226562,143.19516451678487,141.70508977508595,142.77761877717637,3122500
2017-12-20,140.96005249023438,142.36007943284284,140.58344553000634,142.31914063470487,2749400
2017-12-21,140.69805908203125,141.43490743771156,140.55068191523526,141.31210354268703,2343300
2017-12-22,140.3459930419922,140.85359910506722,139.63370550280422,140.67349089943244,3234100
2017-12-26,140.2395782470703,140.52613735889733,139.85478850065022,140.07583553721258,1280200
2017-12-27,141.369384765625,141.4267015691163,139.87931028078964,140.2722951734282,1596800
2017-12-28,141.7214813232422,142.08990553957457,141.32848383257098,141.85246799403143,1800100
2017-12-29,140.91909790039062,141.62320267405167,140.75535521895532,141.62320267405167,2201800
2018-01-02,141.81967163085938,142.85126155094306,141.3611872219333,142.23721725482494,3696900
2018-01-03,141.22201538085938,142.16354503802927,140.82083524816431,141.82786446737202,3789600
2018-01-04,142.21267700195312,142.56473561209546,141.418511931631,141.83607010860828,2756400
2018-01-05,142.499267578125,143.2770548056593,141.96708816461475,142.45832877819842,3737700
2018-01-08,142.40101623535156,142.63027102327035,141.58229018330834,142.24546877938857,2060800
2018-01-09,142.08168029785156,142.64660314029385,141.64775659131925,142.64660314029385,2674300
2018-01-10,142.05715942382812,142.45833970545286,141.20568978677468,142.04897666032224,2172500
2018-01-11,141.95889282226562,142.90861792822608,140.90274183724807,142.09807473546846,3078000
2018-01-12,142.10623168945312,142.28633985764483,141.54130893398187,141.93429378844579,2901600
2018-01-16,142.19631958007812,142.79399852921685,141.54134880240485,142.1471980210293,3662600
2018-01-17,143.2606658935547,143.84196682566747,142.36007482748954,142.74487703055712,4129600
2018-01-18,142.92501831054688,143.64548876852797,142.37646084128244,143.43262448433765,2154800
2018-01-19,144.1940155029297,144.6197565102181,142.76944029405877,143.26886364123354,3746300
2018-01-22,144.26773071289062,144.77533689416134,143.77649005872823,144.07123195267192,3217900
2018-01-23,144.75897216796875,145.52857676687304,143.1542758701755,143.74375971219706,3197600
2018-01-24,144.1940155029297,145.16011865491876,143.48172789849423,145.16011865491876,2810800
2018-01-25,143.81741333007812,144.60338330053244,142.9986873234072,144.42326257964345,2815800
2018-01-26,146.0279541015625,146.06069764121145,143.2852173004294,143.82557940038208,3957700
2018-01-29,145.544921875,146.30633104464513,145.1109981023011,145.97884564769893,6091900
2018-01-30,141.2138671875,145.4630574334302,139.87935220613687,144.99639007594334,9613000
2018-01-31,140.1167449951172,142.7039217444832,139.40445748537834,142.13081613361487,7004200
2018-02-01,140.739013671875,142.08172399599863,138.2746525718685,139.4044986042445,4751300
2018-02-02,138.67576599121094,141.41848964845377,138.35646346118077,139.83835501062234,4604500
2018-02-05,134.14828491210938,138.7413391214519,125.96920616173175,138.04541689561196,7309300
2018-02-06,135.23716735839844,135.94946754023962,129.5634016431605,129.6452792479413,7020000
2018-02-07,135.67108154296875,137.75882270389218,134.69679567172903,134.97515949414998,4974000
2018-02-08,130.15286254882812,135.68744535767866,129.98092460610684,135.65470181718075,5656000
2018-02-09,131.651123046875,132.61721358173455,127.09081393185163,130.9797618336211,7187100
2018-02-12,134.1891632080078,135.8184321637814,132.22422614475835,132.93651364395237,5255900
2018-02-13,132.9611053466797,134.13189009286745,132.4043776299462,133.4523459731359,5406000
2018-02-14,130.98794555664062,132.64995793524477,130.7341300641039,132.175095470963,5865600
2018-02-15,131.63473510742188,132.24059670594323,130.0218442577054,131.9294768995722,5012100
2018-02-16,129.186767578125,130.91427990487244,129.16220679801503,130.56223372811826,7165800
2018-02-20,128.67095947265625,130.3084111966877,127.95047671639753,128.53996033647007,5211100
2018-02-21,129.88267517089844,132.07686706046258,129.03120573896197,129.1621923873452,7833400
2018-02-22,131.53651428222656,132.14236349057893,130.09554861313646,130.1364874092386,4398200
2018-02-23,133.5014190673828,133.70610050529865,132.1750873473725,132.1750873473725,4272400
2018-02-26,133.92718505859375,134.88509286845175,132.87921689946194,134.27104843961206,4525200
2018-02-27,131.53651428222656,134.68041893571421,131.5201362652324,134.426615889754,4907500
2018-02-28,129.96286010742188,132.82181324241697,129.9463784770627,132.17915537641363,6116800
2018-03-01,128.2820587158203,132.17912744760358,127.87835314582492,130.01226495573644,5609000
2018-03-02,122.16046905517578,123.9565769673393,120.9822776812906,122.68776805957057,11754300
2018-03-05,124.43440246582031,124.80515729478503,121.87205676797686,122.1686631455078,6397800
2018-03-06,124.5744857788086,124.99468555114493,123.6929135960794,124.6156835604609,5015400
2018-03-07,125.5467300415039,125.84333653838216,123.32217502901648,123.47048456335602,4492000
2018-03-08,127.2439956665039,127.38405812396726,125.769197454043,125.83511141728512,4291400
2018-03-09,129.5509033203125,129.9546089630484,127.57352260814882,128.216167882357,5076500
2018-03-12,129.96286010742188,131.37173149402034,129.7733527877925,129.96286010742188,4461500
2018-03-13,130.3583221435547,131.7342427452923,130.3500876148495,130.63844698112533,4333100
2018-03-14,130.37481689453125,131.42116787638008,129.55091135630653,131.00098057773377,3879000
2018-03-15,133.1513671875,133.5962706219973,130.66316907926668,130.76204628722172,5925700
2018-03-16,133.76927185058594,134.486065475261,133.12662668947084,133.37380080646844,14293800
2018-03-19,131.0092315673828,133.76932049593603,130.35011711143196,133.47271396203718,4307600
2018-03-20,131.3140411376953,132.37687352728614,131.20692941723644,131.61888209986512,3105100
2018-03-21,130.72085571289062,132.1626904047941,130.41600211492076,131.82488611688737,3871900
2018-03-22,129.3861083984375,131.0998332703651,129.2295769207544,130.053482383885,3669400
2018-03-23,127.68890380859375,129.99584231805287,127.63947147733019,129.83929822118264,3447400
2018-03-26,130.18531799316406,130.34186206704464,128.70229798583588,128.70229798583588,3477000
2018-03-27,129.7486114501953,131.63536174847928,128.91647156964177,130.5889984302283,3519100
2018-03-28,130.5148468017578,131.62711145809283,130.02874567257888,130.04521472754251,3913200
2018-03-29,128.8423614501953,131.68483324919924,128.8423614501953,131.00099009417946,5289500
2018-04-02,129.94639587402344,131.95672760576667,127.91134797933273,130.39954648106428,6960100
2018-04-03,132.15443420410156,132.26154593967274,129.60033475452727,130.1605844474842,4719400
2018-04-04,133.25025939941406,133.5962982693682,130.0782301389333,130.58904762717947,4888000
2018-04-05,135.07931518554688,135.58189808425269,133.26672545263787,133.80225904242874,4503900
2018-04-06,132.85470581054688,134.93918484015634,132.57458107599106,133.81867333013824,4321900
2018-04-09,132.83824157714844,134.76618944051225,132.69817919153508,133.65391231056378,3581500
2018-04-10,134.10711669921875,135.08756636496238,133.51390366737053,134.15654902323917,3902600
2018-04-11,134.5767059326172,135.16991883038932,133.70336821417453,133.8846284091493,2711100
2018-04-12,133.15965270996094,136.27401565948512,133.09373873668258,134.7827481580014,5178900
2018-04-13,133.25025939941406,134.4284510352175,132.86302273193624,133.60454537195454,2452800
2018-04-16,133.1678466796875,133.8352081066202,132.5334359403441,132.89595636282604,3115200
2018-04-17,133.9258575439453,134.6920837160478,133.52213927485155,133.7940296309594,2861900
2018-04-18,133.31617736816406,134.5520359002046,133.2585105073398,133.9588227990809,2503100
2018-04-19,131.43765258789062,133.55509590522135,130.81972341973903,133.15137765618056,3276600
2018-04-20,130.8114471435547,132.42629448076195,130.59722372100885,131.27283209704248,3961200
2018-04-23,130.9927215576172,131.56945281218785,130.30063148033392,130.9762399298299,3051900
2018-04-24,129.61679077148438,131.68478859556052,129.15539323270556,131.61887466144927,2904400
2018-04-25,128.47984313964844,129.63330596766374,127.71360438319388,129.42732956467515,3710200
2018-04-26,130.9185791015625,131.37997674251008,128.24088622287516,128.90826023910637,3680600
2018-04-27,130.42422485351562,131.70128071358405,130.35007638615772,131.39642717255964,4141500
2018-04-30,137.95477294921875,138.37496033198303,134.91455889305615,135.68903226551856,12954700
2018-05-01,134.65911865234375,137.18026750307436,133.555088285467,137.081402864787,6560100
2018-05-02,132.38511657714844,134.4613617513551,132.18738732270901,133.59625854778574,4318400
2018-05-03,131.89077758789062,132.5169411643685,131.06687219009405,132.31921191484847,3450100
2018-05-04,135.96913146972656,136.31517029098805,131.74249198895978,131.78368978068633,4283600
2018-05-07,135.94436645507812,137.83935104729608,135.65599458842453,137.40268226988104,3379000
2018-05-08,135.7548828125,136.43047863615195,134.91449586775482,135.4829925488531,2808100
2018-05-09,135.31820678710938,136.11739590898455,134.33775749913076,135.94437026977786,2762500
2018-05-10,136.0020751953125,136.4716947524925,135.37589902334028,135.4912452805248,1675100
2018-05-11,136.2657012939453,136.75180241880304,135.82079794972586,135.94437871984306,2258500
2018-05-14,135.7137451171875,136.75186175197717,135.38418787269006,136.47997136795541,2537300
2018-05-15,134.34597778320312,135.6559840133263,133.7445305167848,135.34290859108145,3471300
2018-05-16,134.18948364257812,135.07106855468783,133.258478984169,134.4943372238591,2522000
2018-05-17,132.90419006347656,134.48608706570263,132.4263233797104,133.99175132414442,2975500
2018-05-18,132.63229370117188,134.16475831655205,132.2780203977976,133.20902499259466,2318000
2018-05-21,133.04425048828125,133.44796869052317,132.3274567592922,133.29142464124976,2424000
2018-05-22,131.37171936035156,133.54682921024997,131.13279231531317,133.52211305289427,3224000
2018-05-23,133.15965270996094,133.1843688784647,131.1328514618223,131.57775506669506,3835100
2018-05-24,133.79397583007812,133.96700146777076,132.18736307348942,132.7393780938662,3378000
2018-05-25,134.46961975097656,135.0793017639814,133.55508415966932,133.83520900736343,2582100
2018-05-29,132.33566284179688,134.0658689688597,131.997871229543,133.82692939602495,3197100
2018-05-30,133.32437133789062,133.5550638328572,132.50046597821057,132.98656712319024,2396500
2018-05-31,131.83309936523438,133.16783467053247,131.77543252420355,132.7970671807393,4881100
2018-06-01,131.96578979492188,132.70372313036773,131.84971082030094,132.57934466720712,3203800
2018-06-04,132.84466552734375,133.0685366232915,132.28084436933804,132.7285865612335,3174600
2018-06-05,132.2310791015625,133.48308704056205,131.81650961747664,132.63736175056303,2952300
2018-06-06,134.63563537597656,134.64392221387325,132.10675813478895,132.4881551046108,3586200
2018-06-07,140.52249145507812,140.95364733055365,135.72178162154967,135.77152794340094,8342500
2018-06-08,140.0498504638672,142.24706342275869,139.67674050031178,140.14105624621675,5056600
2018-06-11,138.04339599609375,140.15769092717562,137.85268486256297,140.15769092717562,3246500
2018-06-12,138.24237060546875,138.6652396802521,137.8278010194676,138.31700274621033,2985300
2018-06-13,138.1179656982422,138.9719777915572,138.09309254225485,138.45791569894402,3140500
2018-06-14,138.5077362060547,139.24566974950264,138.20094603177742,138.49943671517565,2390000
2018-06-15,138.01849365234375,138.13457261481034,136.46799500524116,137.7200030843357,7384400
2018-06-18,137.86924743652344,138.11799169487173,135.8212728637209,137.247393116482,4297700
2018-06-19,136.78306579589844,137.23079530211112,136.17779785086694,136.49286207684716,3350400
2018-06-20,134.78485107421875,137.247395231667,134.62731261978166,136.73333303437437,3649500
2018-06-21,133.10169982910156,135.64716296028305,132.2808475586082,135.39011920973027,4655800
2018-06-22,136.434814453125,136.92400338898184,133.70694026867773,133.71523975509788,8703600
2018-06-25,132.50473022460938,135.1496862309406,131.7916700243184,135.1496862309406,6126800
2018-06-26,133.41677856445312,134.19617135993457,132.49643363705718,132.67054576697433,3375100
2018-06-27,130.52305603027344,133.06851875834633,130.48989603797597,131.87455660913017,4962100
2018-06-28,129.6110382080078,130.44846419624923,128.59948743125787,130.38213154594405,4136500
2018-06-29,129.9178009033203,130.9625115608468,129.4037387363616,129.975834058465,4024500
2018-07-02,130.06703186035156,130.06703186035156,128.88965598968952,129.33739813798718,3024000
2018-07-03,129.74365234375,130.85470809198074,129.6027002480641,130.4732986288587,1437700
2018-07-05,130.44015502929688,130.7303460915874,129.7602549688054,130.09190551189664,2248300
2018-07-06,132.18133544921875,133.13485287280935,130.5479306368992,130.81326118485177,3298800
2018-07-09,132.6125030517578,133.3255631481933,132.13988771557777,133.05194574066664,2477300
2018-07-10,133.17630004882812,133.47479059022655,132.21450843912825,132.52128581580052,2187500
2018-07-11,131.51800537109375,132.4217763674348,130.75519911810304,131.74187641162365,3203800
2018-07-12,131.9326171875,132.47985206160425,131.68388556441568,131.95749034980844,2360800
2018-07-13,131.42684936523438,131.63413416417424,128.74873330539614,130.50650435187498,5186500
2018-07-16,131.65069580078125,132.0652653209126,130.97080836662784,131.51803051794136,2818200
2018-07-17,132.45494079589844,132.66222552327855,131.46826346930413,131.46826346930413,1877500
2018-07-18,130.9459228515625,132.55445461756935,130.8464302150368,132.53788094592025,3824000
2018-07-19,130.51478576660156,131.53462329368904,130.26604151198896,130.66402472837413,4869700
2018-07-20,130.9790802001953,131.29415704793695,129.57783335838377,130.3406396698553,2695500
2018-07-23,131.6258087158203,131.69214135022233,130.20797554024708,130.83812924123802,2754300
2018-07-24,130.95419311523438,132.31398033481835,130.60595631344938,132.03207615980025,3388400
2018-07-25,131.74197387695312,131.82489288713313,130.51485096660994,130.74700901311635,4193400
2018-07-26,129.4617919921875,131.74192475362082,128.27612902903894,131.19468985447844,7409800
2018-07-27,130.57284545898438,131.01228824905348,129.67737355139235,129.8266251951548,4234100
2018-07-30,131.53463745117188,132.67885355455036,130.24946920706208,130.4982134884478,3274800
2018-07-31,130.62258911132812,131.8331379574162,130.36555797353847,131.5843936573531,3530000
2018-08-01,130.10848999023438,130.35723421985543,129.06377940781445,129.81829893205736,4252800
2018-08-02,128.8565216064453,130.1168040372186,126.96608530862567,129.88464608146248,6245900
2018-08-03,129.51983642578125,130.14997764580045,127.92787807223627,129.09696734838406,3673100
2018-08-06,129.9426727294922,130.51478069738286,128.89796208268604,129.37056476160149,2375200
2018-08-07,129.37887573242188,130.34068024476892,129.21305042207314,130.10023544251226,1929300
2018-08-08,131.7667236328125,131.77501046540294,129.48659215681653,129.75192261954396,2988000
2018-08-09,132.08184814453125,132.34716605152343,130.97080489641536,131.70043862938687,2764500
2018-08-10,131.56781005859375,132.2559971539865,130.89620929065867,131.28590575011796,3343200
2018-08-13,131.12005615234375,131.8248294446984,130.38212286287458,131.40196040862216,2879600
2018-08-14,133.15975952148438,133.84793391854956,131.16153102898025,131.29419633632344,3111600
2018-08-15,132.56271362304688,133.04361563882617,131.3107059547004,132.50466783502773,3355500
2018-08-16,134.09666442871094,134.55269346855945,132.78662311953644,132.78662311953644,2822100
2018-08-17,133.6157684326172,134.23762279265418,132.86126142436675,134.23762279265418,2527400
2018-08-20,134.0552215576172,134.45321748808055,133.57433194871285,133.7318577714034,2659500
2018-08-21,133.5245819091797,134.2791016780863,133.50800823304587,133.87283153456826,1920900
2018-08-22,133.11827087402344,133.9142372404186,132.7285745263472,133.83133093023346,2361500
2018-08-23,131.87457275390625,133.3172666511173,131.3107516025697,133.126568205833,2755500
2018-08-24,132.148193359375,132.54617658356392,131.25272161620603,131.61754484323694,2199400
2018-08-27,133.06021118164062,133.09338382357797,131.99891436945325,132.85292645032817,2627100
2018-08-28,134.02207946777344,134.04695263529413,132.79495681399231,133.1183206434232,2138000
2018-08-29,135.24085998535156,135.4315584089243,134.06348414801985,134.25418257159257,3168200
2018-08-30,134.98382568359375,135.39009567833392,134.62728935070345,135.1745241025872,3038400
2018-08-31,135.35096740722656,135.918308430543,134.76694924398993,134.76694924398993,3649700
2018-09-04,134.92544555664062,135.14236291016726,133.5488306669025,135.00053086394152,3296300
2018-09-05,136.1936492919922,136.32713007954035,134.48330019077073,134.82537255714357,2749200
2018-09-06,136.61073303222656,137.07794736231855,135.74303836436795,136.02670238897585,3133800
2018-09-07,136.74420166015625,136.99449866647672,136.1101269440277,136.47722752254646,2868300
2018-09-10,137.7204132080078,138.51301008480618,137.02793007924816,137.22815757532558,3080100
2018-09-11,137.34494018554688,138.4378908699409,136.9945293903651,137.5618702473052,2946400
2018-09-12,137.445068359375,138.01239649273788,136.61075329456776,137.09465755983248,2613300
2018-09-13,135.4927520751953,138.04576669092768,134.90873411629056,138.0374153932483,3663600
2018-09-14,134.19122314453125,136.08512178168937,133.69898034401533,135.9933466213697,3939800
2018-09-17,131.93861389160156,133.3402701396704,130.62039426127322,133.11500145628352,5360000
2018-09-18,131.62989807128906,132.72284882518235,131.47137616396626,131.96361902202474,3722800
2018-09-19,132.80625915527344,133.06490750595316,131.58816635172295,132.4141428069304,2822000
2018-09-20,134.14950561523438,134.36643566666896,132.9647798220094,133.66561410965758,3218700
2018-09-21,137.91232299804688,137.91232299804688,135.58457615890075,135.75144940506158,8805500
2018-09-24,136.2519989013672,136.89442510217435,134.4248467692179,136.74424176208512,4375300
2018-09-25,138.83836364746094,139.4807770380753,136.88606958253533,137.3199042209832,5282900
2018-09-26,138.29605102539062,139.75610228814844,138.12085200301624,138.83001212083087,3092600
2018-09-27,138.93846130371094,139.55585892173875,137.91225752633085,138.179231678292,2390700
2018-09-28,139.57257080078125,140.02310809466601,138.92180602573742,139.1137076693661,3390200
2018-10-01,139.05528259277344,140.9575198163254,139.04694402561847,140.473615577964,3118200
2018-10-02,137.8122100830078,139.36403721846133,137.8122100830078,138.78837029279399,3071200
2018-10-03,137.37832641601562,139.83121482896743,137.13636790962894,138.57974218812575,3830300
2018-10-04,138.32945251464844,138.55472116663077,137.24484028842974,137.5702226832315,3230400
2018-10-05,138.97189331054688,139.73946179081778,138.32111572205454,138.69656775828014,2822500
2018-10-08,139.97303771972656,140.30675864321978,138.59641026638332,138.70487529530536,2560500
2018-10-09,141.6916961669922,142.30074245866308,140.00637656183616,140.2983918591407,4157900
2018-10-10,140.47366333007812,143.50223195027576,140.34852112702913,143.49389338028624,4190500
2018-10-11,135.9683074951172,139.88958518731815,135.00885040139758,138.83835294049734,5430700
2018-10-12,136.677490234375,137.62860883088132,135.0422272230402,136.76925266351685,3446100
2018-10-15,136.55233764648438,138.05410722697044,136.52730921436267,137.40334253053263,4265900
2018-10-16,136.88609313964844,137.21147553979867,135.90993320855878,136.36047051992924,4094700
2018-10-17,139.1387176513672,139.93965293105703,136.9194366715024,137.21979058404528,3608400
2018-10-18,139.1720733642578,140.15657161522591,138.304391426518,139.03024135186936,3378600
2018-10-19,139.7394256591797,140.2900638906977,138.74658876001368,138.82167405558837,3510000
2018-10-22,139.0219268798828,141.67504274315087,138.65482620507237,140.1482446078099,5703500
2018-10-23,147.7989501953125,148.39965822932717,142.25075854660182,142.83477671004906,12918300
2018-10-24,147.96578979492188,148.50808952396193,145.52957847167949,146.9479243426549,7866400
2018-10-25,146.26382446289062,148.7334035424371,145.67146768346058,148.1410340323649,4646400
2018-10-26,144.6201934814453,145.94675159197106,144.0028083820417,145.67143877937409,4741600
2018-10-29,144.52841186523438,146.97296190841527,143.68575813513098,146.0051532657007,3485200
2018-10-30,148.9168701171875,149.00029396826483,144.70357735341526,144.76197277610586,5582900
2018-10-31,147.59034729003906,149.30904722011013,147.1481612719576,149.18389230723633,5424700
2018-11-01,145.90499877929688,147.96575767127567,145.7548154722267,147.3984168999286,3701200
2018-11-02,147.4652099609375,147.66545018974213,145.17084318643919,147.2149128575916,4190900
2018-11-05,150.5021209716797,151.09449037520926,147.6737929049295,148.01586519808546,4747300
2018-11-06,152.43771362304688,152.56285579259043,149.75121805131775,150.2017425923123,4864700
2018-11-07,153.72259521484375,153.9144841707495,151.74527201234403,152.67970108177153,4363900
2018-11-08,154.74874877929688,155.21596316094448,153.58071282517784,153.75591185297716,3318600
2018-11-09,155.13258361816406,155.66654488269344,154.40673340577086,155.18264049755106,3237000
2018-11-12,153.82266235351562,156.36732581304184,153.33041952726032,155.14088166583804,3080800
2018-11-13,153.5222930908203,154.28152276909134,152.94662645508913,153.4638976628343,2358100
2018-11-14,153.3888702392578,154.42341304504595,152.98005116657774,153.69756282090222,3407500
2018-11-15,153.14688110351562,153.49729192558283,151.4448838633837,152.65463823899063,3351100
2018-11-16,156.50918579101562,156.65936914740726,153.03009292405855,153.09683966793932,3759500
2018-11-19,155.78330993652344,157.60211066729875,155.00739030623518,156.63431486729965,3745900
2018-11-20,153.2720184326172,155.70821677139833,152.70467759720955,154.90726874806901,3708300
2018-11-21,152.446044921875,154.82384787492649,152.42935505651906,152.85486387395363,3410600
2018-11-23,151.78697204589844,152.6796955018903,151.06947312998233,152.27922773400576,1747700
2018-11-26,153.42222595214844,153.58908645073345,151.90377886519286,152.17909168600613,3843300
2018-11-27,154.0395965576172,154.0479351253477,152.83818081126006,152.95498441267603,2194200
2018-11-28,156.72610473632812,156.89296521883392,154.11469426440846,155.15758819336824,3279500
2018-11-29,157.90249633789062,159.25409567152974,157.36019652895996,159.12060217896092,4617100
2018-11-30,158.24668884277344,158.851101406877,156.77763301791205,158.10398209974207,6635700
2018-12-03,155.6107177734375,158.17107369185442,155.0230982534266,157.90245311519723,4401700
2018-12-04,155.333740234375,157.88570691596135,155.2162162956933,155.9633355078445,4436200
2018-12-06,155.67788696289062,155.9297275773346,152.86570306084607,153.40295706072516,4878000
2018-12-07,153.587646484375,157.14694959608084,153.34419584904262,155.57716309385762,3088000
2018-12-10,155.00636291503906,155.37572755284324,151.56458284554012,153.58768555132693,3084900
2018-12-11,154.1165008544922,156.8363566163321,153.5120884629722,156.61810156739577,2889100
2018-12-12,154.02420043945312,155.16586716871132,153.07561883711026,154.40195508174187,3024600
2018-12-13,156.50057983398438,156.77760327407083,154.3011979152438,154.46069742400397,2737500
2018-12-14,153.8646697998047,155.51840758381732,152.94966116455026,155.51840758381732,4450000
2018-12-17,151.7660675048828,154.14174240327736,151.2707888535792,153.45339141164638,4566700
2018-12-18,150.8594207763672,153.2938505973799,150.31376387914156,152.98325437578018,4269000
2018-12-19,150.39767456054688,153.60440548115955,149.91078616554552,151.90030250322704,3883800
2018-12-20,145.7974853515625,150.1039215750573,144.8405009473581,149.60025298866813,5775300
2018-12-21,146.19203186035156,149.13014342764436,145.6715704816448,145.6715704816448,8536900
2018-12-24,142.9432830810547,147.1321941269719,142.8509419458815,146.26755113814383,2400900
2018-12-26,146.09129333496094,146.09968332772166,141.9023813004938,142.7838172880415,4065500
2018-12-27,147.50155639648438,147.50155639648438,143.3210354057182,145.4700514539543,3934500
2018-12-28,147.37562561035156,149.00418039198644,146.77961606190522,147.99683074834863,2896800
2018-12-31,149.0630340576172,149.25610642092832,147.4092955491818,147.71150189613326,2482600
2019-01-02,147.79541015625,147.99688528287626,146.20883036037563,147.24976596755235,2571500
2019-01-03,146.82159423828125,148.12276020211755,146.41026690904928,147.28329994275828,3728200
2019-01-04,149.65899658203125,150.4312986000053,147.48479725662236,147.77021071364882,3194300
2019-01-07,151.28753662109375,152.68104379633215,149.54145765618318,149.54145765618318,3283000
2019-01-08,151.60655212402344,153.0252294287381,151.02732240329576,152.74821877105438,2941400
2019-01-09,151.34628295898438,151.85835422426476,150.42288436872505,151.57294081322897,2680700
2019-01-10,152.40399169921875,152.68101508382563,150.5319991647308,150.96850921700957,2498500
2019-01-11,153.09239196777344,153.11757475552162,151.4890323081588,151.59815345201778,2348900
2019-01-14,152.12698364257812,152.57189653897794,151.6820707461783,152.29487312645884,1886200
2019-01-15,151.95909118652344,153.79751110055386,151.72404335185846,152.33684572015315,3860200
2019-01-16,150.55718994140625,152.38720700407106,150.380897665785,151.8919285670173,3375600
2019-01-17,152.03465270996094,152.03465270996094,150.28857378027865,150.47325606768766,3061000
2019-01-18,153.26026916503906,153.83948599741035,151.89194481241668,153.65480371144363,3498000
2019-01-22,154.93917846679688,155.70307752964456,152.991624614128,152.991624614128,3190300
2019-01-23,156.21514892578125,156.28230728033273,154.55302128035797,155.1154580894369,2530700
2019-01-24,157.2896728515625,157.71780580388545,156.08925076683602,156.86155270838722,3214200
2019-01-25,154.460693359375,159.0105665940589,154.40192499068445,158.4649225292201,4405600
2019-01-28,154.12493896484375,154.2256701167925,152.63909042785215,153.67162316277535,4138700
2019-01-29,152.92449951171875,154.22566569338537,151.91714959367496,153.85630106796782,3666700
2019-01-30,152.58872985839844,157.64227255392927,149.98639733504274,153.55410425398043,9489900
2019-01-31,150.07875061035156,152.65590055290284,148.4753779443497,151.31275859841048,10440100
2019-02-01,148.3494110107422,151.51417962473224,148.14793594677496,150.72508496896023,6529200
2019-02-04,149.04620361328125,149.23927592782792,147.45962389479823,148.82793570112872,4533800
2019-02-05,149.0630340576172,150.61602857763341,148.7692177058869,149.1805580364787,4495900
2019-02-06,147.89608764648438,149.0461567977239,147.73660097274063,149.0461567977239,3965200
2019-02-07,147.14060974121094,147.96327730110434,146.32633217355936,147.74502222048116,4176300
2019-02-08,146.69569396972656,147.3001064374238,146.4018777279591,146.7124867630371,4051600
2019-02-11,146.28436279296875,147.66107731872393,146.20881443214566,147.10704319687233,3216400
2019-02-12,146.04092407226562,147.140615126166,145.89821734404143,146.72927492659113,4692800
2019-02-13,146.19203186035156,146.62016488658446,145.85625280489236,146.06611791684185,5283000
2019-02-14,147.63587951660156,148.11437803811378,145.57081434256898,146.0073244779179,4428800
2019-02-15,151.0776824951172,151.08607248745042,148.59287418557767,148.81953207006117,4648600
2019-02-19,150.4732666015625,152.6978313886097,150.39771824482844,152.0346633531413,4765400
2019-02-20,151.51416015625,151.87512185585393,150.54877334240865,150.6579072558446,3707400
2019-02-21,153.46173095703125,153.90664387843722,151.43862861832272,151.48060419393877,4391000
2019-02-22,153.7639617919922,153.96543690172444,152.78179464920237,153.6044622645978,3073500
2019-02-25,153.29383850097656,155.0567101696005,153.12594901090452,154.40191938276962,3090800
2019-02-26,153.7975311279297,154.3011996353078,153.17632587876724,153.99060341530054,2219100
2019-02-27,153.9234619140625,154.5110816416152,153.48693891253077,153.68002403020117,2261700
2019-02-28,155.30894470214844,155.42721688392808,153.76295003914962,153.86433540260433,3297900
2019-03-01,156.3311767578125,156.83805205234455,155.50327141991872,155.9425607637061,2691000
2019-03-04,152.56329345703125,156.0607847611071,151.81141771190158,155.90872608691592,4899800
2019-03-05,153.2053680419922,153.5432848330755,152.3605631735846,152.5717643906865,3362500
2019-03-06,153.7798309326172,154.98790861149007,153.670002173438,153.7544878175296,2083900
2019-03-07,152.50416564941406,154.08394649566713,152.0226207273187,153.85584559095363,3268100
2019-03-08,151.64248657226562,152.06488904182626,150.60338010654257,151.85368780704593,2757200
2019-03-11,152.97723388671875,153.0110204022079,151.8958849213156,152.06484328015424,2071500
2019-03-12,153.61083984375,153.83894072169346,152.62241989359057,153.47566799825043,2191800
2019-03-13,153.80514526367188,154.75132242506717,153.5010150488381,154.1937611067861,2612100
2019-03-14,154.37962341308594,154.4134099309071,152.63087140712645,153.74601985568566,2375300
2019-03-15,156.5676727294922,156.6775014768311,153.84740028395913,154.8273769306961,6010500
2019-03-18,155.40187072753906,157.35336813410072,154.94568171836522,157.116823775166,3669200
2019-03-19,154.6922149658203,155.75666442492977,154.20222661110995,155.4947769867067,4102800
2019-03-20,156.26353454589844,156.5930078804663,154.02480713033438,154.92029809656,3522400
2019-03-21,157.44627380371094,157.6659313120158,155.80735035266156,155.81580665110334,2830200
2019-03-22,157.81797790527344,159.37241559701383,157.08300187627944,157.0999015811695,3319600
2019-03-25,156.8971405029297,157.52230066376734,155.4525186965377,157.34488599288855,2651600
2019-03-26,158.384033203125,159.56676790328873,157.42941234645178,157.6828435265503,2609600
2019-03-27,158.40940856933594,159.38094222339694,158.00390570792712,158.51923736353763,1684800
2019-03-28,159.99765014648438,160.04833639401835,158.76422893010727,158.79802835559914,1977100
2019-03-29,160.42843627929688,160.95222405334536,159.59208772565168,160.72412313385163,2952000
2019-04-01,159.15277099609375,161.230996413841,158.6036530487972,160.93530958640574,3195100
2019-04-02,159.1189727783203,159.62584787147438,157.7250372680786,159.5920613548762,1797700
2019-04-03,159.1189727783203,159.87084845692453,158.5022560568057,159.56671824475336,2512300
2019-04-04,160.40313720703125,161.12967009504874,159.5836752441266,159.7104037411742,2324900
2019-04-05,161.1127471923828,161.560492755463,160.57207257522748,160.80861691456423,2438400
2019-04-08,160.38619995117188,161.78012274544065,160.17499874654337,161.1127326107219,2290100
2019-04-09,160.5805206298828,160.74947903562642,159.19504107766508,160.00604658151445,2279500
2019-04-10,159.85398864746094,161.61118443513192,159.46537271076346,160.98602415112296,2406800
2019-04-11,159.5667266845703,160.07360180453406,158.86553718912444,159.9046434312128,1740400
2019-04-12,161.86465454101562,162.43911579388367,160.14970130165065,160.16658812153347,3238800
2019-04-15,162.07586669921875,162.49826925731867,161.2310615830189,162.0082807430384,1973500
2019-04-16,161.94908142089844,163.10647279000946,161.68719398920206,162.62492785505918,1559200
2019-04-17,161.873046875,162.49820706236568,161.67028908406294,162.2025202285864,1875000
2019-04-18,164.660888671875,164.7369180018009,161.915273371845,162.00820240532002,2918400
2019-04-22,163.82456970214844,164.5088596296927,163.36838071401897,163.8921556431121,1738400
2019-04-23,164.95663452148438,165.53955208651584,163.9935572503418,164.15407227731598,2192900
2019-04-24,166.95880126953125,167.491019606021,165.02419077461246,165.21850518845332,3070100
2019-04-25,167.2122039794922,167.28824620665063,165.26070699948463,165.9956959240301,2040800
2019-04-26,166.78135681152344,167.77823314726112,166.03792448593586,167.66840440169992,2302100
2019-04-29,166.52793884277344,167.57550156621795,165.07487337409552,167.25447157711238,3456100
2019-04-30,166.90809631347656,168.96096586115422,165.15934412927825,167.98944546373204,6162300
2019-05-01,164.0357208251953,166.58703453174058,163.84986276699487,165.47188618253804,4059600
2019-05-02,164.40745544433594,164.8636443444525,163.31766297196444,164.0526389907569,2418000
2019-05-03,166.86587524414062,167.2460348887407,164.52576195254403,165.02419377303525,2915200
2019-05-06,168.0316925048828,168.26823684992206,165.53107717426786,166.0295089805506,2371300
2019-05-07,167.30517578125,168.63996922217572,166.19848329870243,167.2376027253688,3072500
2019-05-08,167.29669189453125,168.19218291135772,166.2153427922467,167.02636106430919,2040900
2019-05-09,167.04327392578125,167.53326232832907,165.9281381298484,166.5279424067827,1923600
2019-05-10,168.95252990722656,169.265103582836,166.4434584222393,166.47724494499465,2668800
2019-05-13,168.14151000976562,168.88494241050708,166.66310150691788,167.2713620364883,2809400
2019-05-14,167.27981567382812,168.631508686798,166.96724198199257,167.97256188791766,2787700
2019-05-15,168.17530822753906,168.73286963343295,166.84895842116188,166.9841302913721,1899000
2019-05-16,168.95252990722656,169.49320450620735,168.023239397713,168.4202987162598,2520500
2019-05-17,168.30203247070312,169.27355294515993,167.9472159611441,167.99790219240973,2239600
2019-05-20,168.1077117919922,169.53542107580006,167.5078947120873,168.30201328659592,2217400
2019-05-21,168.82577514648438,169.93246728680873,168.17528478184468,169.71282269636254,2264600
2019-05-22,168.9272003173828,169.10460213477563,167.69377944152194,168.5554840838165,1760300
2019-05-23,168.09080505371094,168.4794080266593,167.3558290334885,167.95563319759944,3560400
2019-05-24,167.07705688476562,168.87648242902893,166.70534069250127,168.85113931507442,2105800
2019-05-28,166.14779663085938,168.4372238366149,165.90280885449644,167.50793318689097,3675100
2019-05-29,165.5986328125,166.17309386227822,164.6102127893009,165.45501755005543,2925100
2019-05-30,168.3189239501953,168.47098263655914,165.3958934799991,165.5901949872526,2685000
2019-05-31,168.4803924560547,169.97595183892906,167.61364147795456,167.74960495808617,3669100
2019-06-03,168.91378784179688,169.18571484452778,167.6731565488683,168.55689337535742,3211800
2019-06-04,169.6360626220703,170.2053951300297,168.92226080705123,169.1007145023539,3829900
2019-06-05,170.06088256835938,170.4262697274918,169.31309661230952,170.01839237245886,4294600
2019-06-06,172.5421905517578,172.82261033979276,169.97593522147224,170.05240980924816,4657600
2019-06-07,174.60707092285156,175.38034850351045,172.9245652696795,172.9245652696795,4345000
2019-06-10,171.05508422851562,175.13389651797425,169.72947315183362,175.13389651797425,4647500
2019-06-11,172.7206268310547,173.05202966911557,171.13159437242803,171.90487198329996,2991400
2019-06-12,174.1397247314453,174.6155968895018,173.0945330802975,173.7658446279724,2874000
2019-06-13,173.7658233642578,174.5390879733204,173.06052751755257,174.36914013504912,2277800
2019-06-14,174.4456329345703,174.8875077331714,173.1625117105096,173.34945824198735,2715800
2019-06-17,173.18798828125,174.8365095712386,172.57616567947716,174.8365095712386,2694400
2019-06-18,173.78282165527344,174.53910061160292,173.28147095790453,174.1992049104487,2470900
2019-06-19,173.81683349609375,174.19921943331894,172.16831197906106,173.87630941396876,2328400
2019-06-20,174.30117797851562,174.53061471734884,173.4344400161508,174.19921185734103,2162200
2019-06-21,173.5703582763672,174.99794853854527,173.3324287270355,174.6920372656634,4267400
2019-06-24,173.28150939941406,174.41168165744932,173.03508690633834,173.98680545365528,2486800
2019-06-25,174.80255126953125,175.38037660953276,173.96129182503256,174.02927356494882,3020900
2019-06-26,173.81683349609375,174.7685519116215,173.35795999847076,174.61560272320781,2576000
2019-06-27,175.27841186523438,175.3463936056868,173.5194183672791,173.91880298856776,2253500
2019-06-28,176.4595489501953,176.73996873847287,175.3208840883578,175.81372896524456,3658200
2019-07-01,175.30389404296875,177.9636098029716,175.21042077560824,177.47925775660568,2689500
2019-07-02,178.09109497070312,178.09109497070312,175.3209070412799,175.68629431959948,3120000
2019-07-03,180.8357696533203,180.88675271243451,178.19303970431793,178.29501878873631,2306000
2019-07-05,179.50167846679688,181.00573068493685,178.6604190315899,180.40241381990424,1876200
2019-07-08,180.2834014892578,180.5978056045934,179.49312532522003,179.50163114424262,1818000
2019-07-09,180.2239532470703,180.73380978823258,179.69711099640895,180.13898580100357,1618800
2019-07-10,180.99720764160156,181.3880993350586,180.10496529238407,180.35989353018746,1842300
2019-07-11,180.73377990722656,182.52675739341777,179.81604606457915,182.24633763875983,1922800
2019-07-12,180.98873901367188,181.33712758690731,179.52716408523222,180.7338107417458,1960100
2019-07-15,182.02540588378906,182.44177612091968,180.73377904112073,181.53254810216313,2408500
2019-07-16,181.60903930664062,182.6117406682984,180.27492214293486,181.44758431575247,2380400
2019-07-17,181.60055541992188,182.61174968559425,181.30313695189525,181.8299791871755,1698400
2019-07-18,183.46995544433594,183.5039398188457,181.27759375214364,181.91490774523956,2259800
2019-07-19,181.7364959716797,183.76740317870124,181.67702006104508,183.1895779156709,2860500
2019-07-22,182.69674682617188,182.97716664468524,180.5893647258733,181.66854082495624,2580000
2019-07-23,182.1103973388672,183.7589187306248,180.69131267848562,183.3255497635278,2503600
2019-07-24,180.81027221679688,182.65423293626242,180.37690326229412,181.71100747489447,2971600
2019-07-25,182.22085571289062,182.3568191707102,180.41087945846124,180.45336965980346,3789000
2019-07-26,183.18959045410156,186.06175719014476,182.26336361933636,185.20349912470283,5029300
2019-07-29,182.67974853515625,184.75314625252423,182.10192318635077,183.54649952455577,4278600
2019-07-30,180.4364013671875,182.8751993000256,179.79059428308972,182.09341576902412,2808500
2019-07-31,179.0597686767578,180.75078007200844,177.9125981224328,180.2154320844983,4048800
2019-08-01,179.5101776123047,181.10771612319544,178.54146048608595,179.45068872612873,3231800
2019-08-02,182.2548370361328,182.7731863649569,179.20422993730696,179.55263142980272,3517800
2019-08-05,178.83035278320312,182.3653251436798,177.96360188498653,181.54106444986215,3685600
2019-08-06,181.9149627685547,182.3143473623238,178.34600592096237,178.87284816542785,2970300
2019-08-07,184.25180053710938,184.87211611174223,179.586655545494,181.21817847437248,3767200
2019-08-08,185.25450134277344,186.72458221367447,183.69096016284018,184.65967730325445,3724300
2019-08-09,187.9226837158203,188.5854893588046,185.3139513448311,185.3139513448311,3784000
2019-08-12,184.53219604492188,187.49782300782525,183.86088452700756,187.3193823018814,2338200
2019-08-13,186.716064453125,187.13244773726,185.27998102841667,186.94550119876598,2913300
2019-08-14,183.95437622070312,186.72457704638921,183.86940876951837,186.05326546121609,3233700
2019-08-15,185.47543334960938,185.65387406692255,183.26607224033287,183.5464920480158,2774100
2019-08-16,185.64537048339844,186.79254117887908,184.65116193153725,186.2486873048456,2475900
2019-08-19,185.9087677001953,187.1239199737158,184.4896832163189,186.93697347009726,2721100
2019-08-20,185.64537048339844,186.8775086220543,185.54340436511217,185.97677333401884,2333800
2019-08-21,187.54881286621094,187.61678163163762,185.86629418263664,186.8605026959181,2053200
2019-08-22,186.5121307373047,187.7017787309153,185.14402906155718,187.4043602494173,2550600
2019-08-23,182.40780639648438,186.49511231499446,181.7534935861827,186.24018406730127,3662300
2019-08-26,184.31976318359375,184.5491869548445,182.02543470775424,183.6144672619715,2553100
2019-08-27,183.58901977539062,185.16105403125422,183.58901977539062,184.8891399891421,2070000
2019-08-28,185.30548095703125,185.42444575439526,183.0366310199904,184.07332981110127,2146100
2019-08-29,187.40431213378906,187.81220245503695,185.56035173402992,186.80099543699768,2729800
2019-08-30,186.19984436035156,187.9339612325814,185.31997276645163,187.76311478386512,2733700
2019-09-03,185.48231506347656,186.79784729518397,184.7562012314281,186.1657009821682,3183100
2019-09-04,186.65261840820312,187.30184021450415,184.944127621858,185.79837301503056,2252200
2019-09-05,187.49830627441406,188.2158692006955,186.56716898760365,188.1133639354407,2752100
2019-09-06,187.95957946777344,188.65151602791457,187.46411566347226,187.77164447184032,1976500
2019-09-09,185.59335327148438,188.36111309518918,185.50793655124846,188.36111309518918,2569600
2019-09-10,179.11817932128906,184.03009064842243,177.92224090771356,184.03009064842243,6407600
2019-09-11,179.5623779296875,180.71561441725294,178.144327457433,179.12671747436843,3393300
2019-09-12,181.2281494140625,182.83413487531004,180.50204867288664,181.01458807229022,3439100
2019-09-13,179.2292022705078,181.76631182545358,178.49455079946713,181.52712418695185,3791800
2019-09-16,177.17047119140625,179.27192037875486,177.11068079807563,178.79354509311426,3437700
2019-09-17,179.26341247558594,180.10910712685998,177.24739269692842,177.68305318289532,3667900
2019-09-18,179.75888061523438,180.14330153152346,177.93079570248534,179.9468156746083,2534800
2019-09-19,179.83570861816406,180.9547677786079,179.2804414004435,179.71611480792004,2552000
2019-09-20,178.87046813964844,180.9121144022494,178.85337957959155,179.68199877319654,5979300
2019-09-23,180.7070770263672,181.5015320741189,178.5885519569479,178.5885519569479,2812100
2019-09-24,181.11708068847656,182.398448557348,180.715584380117,181.52711475678598,3049800
2019-09-25,181.63816833496094,182.08236647176537,180.24574443197378,181.11707822066342,2414500
2019-09-26,181.61257934570312,184.23510597583902,181.51006103289205,182.99645273852238,3053100
2019-09-27,182.0909881591797,182.49248461838184,181.34778565238375,182.00555838859302,2333200
2019-09-30,183.41506958007812,183.9703239791392,181.79199519826005,182.09098635760236,2488000
2019-10-01,178.55438232421875,180.84375380578174,178.07600697193698,180.35684069176307,4811900
2019-10-02,176.20518493652344,178.0930597849469,175.6242913437207,177.62322225431578,4171400
2019-10-03,179.41712951660156,179.41712951660156,176.25642468618648,176.67500955283327,3499900
2019-10-04,180.83522033691406,180.85230889554427,179.42570753181886,180.10056873282684,2220300
2019-10-07,181.0316925048828,181.84322306783446,180.33121802051173,180.33121802051173,3057000
2019-10-08,180.33975219726562,182.07386936727522,179.36591293413338,180.22869612089283,2555900
2019-10-09,181.80906677246094,182.3557833573684,180.77542400807644,180.84376521053383,1745900
2019-10-10,180.89500427246094,182.06532935389455,180.67290515721288,180.89500427246094,1853100
2019-10-11,178.55438232421875,182.18492537926886,178.25539121166724,181.97990178482635,3945700
2019-10-14,178.00767517089844,179.40863722000282,177.50366043729727,177.68305772124876,3088000
2019-10-15,177.0167236328125,179.15233702184386,176.41875449083363,179.01565463660594,3766800
2019-10-16,177.93931579589844,178.47748152328631,176.66648548336184,176.8287941916098,2891400
2019-10-17,176.70069885253906,178.95590660383934,176.69214805471893,178.11019880906946,3340500
2019-10-18,178.11013793945312,178.57997544264597,176.5981201690865,176.65792359437847,3518800
2019-10-21,179.26341247558594,180.04076592685027,178.05892326557316,179.13526783753608,3684200
2019-10-22,170.22552490234375,175.33390995683632,170.12300656638584,175.19722753206142,10265400
2019-10-23,170.17420959472656,171.82289674424527,169.157655616226,170.94302514019407,7943700
2019-10-24,167.44918823242188,170.46467347459696,167.2527024039059,170.45612267829162,4955600
2019-10-25,166.24468994140625,167.98734473957728,166.06529268061303,167.51752021963026,4773700
2019-10-28,163.82717895507812,166.85121491859294,163.5879912899668,166.56076158117193,7711400
2019-10-29,164.54473876953125,165.04020264761246,163.70758195782503,164.0151108119875,4454600
2019-10-30,168.1923370361328,168.28630452959507,163.74171380541665,165.11704909986565,6332600
2019-10-31,168.03005981445312,169.14058139012613,167.1160240567279,168.6280289598925,4961000
2019-11-01,165.67237854003906,169.11498694921076,165.46735492234998,168.95267821455093,4192400
2019-11-04,161.1619415283203,162.94731129967255,160.21372860565828,162.44330963814735,17662100
2019-11-05,164.1688690185547,164.8693564789275,161.8367828072097,162.00762927433112,10496000
2019-11-06,165.87738037109375,166.80851784689557,164.91209184627397,165.12565321540026,6473500
2019-11-07,164.9376678466797,167.43206231288562,164.28844617511842,167.19287469521845,4820200
2019-11-08,165.3904571533203,166.3899227357819,165.05730195916647,166.2361648160574,3499400
2019-11-11,164.56182861328125,165.93716418921247,164.44223478210245,165.40753622752777,2746700
2019-11-12,165.10855102539062,165.60401492503016,164.67289056085005,164.86936335449576,2930600
2019-11-13,166.5778350830078,166.6547140323987,165.3050048814024,165.5271170037524,3405000
2019-11-14,165.72357177734375,167.00493960036445,165.00600892479156,166.77428974249142,3173900
2019-11-15,165.69798278808594,166.39845724438774,165.13417769061707,166.21053524664862,2991300
2019-11-18,165.9628143310547,167.19292993390098,165.6040327860165,165.89447312703524,3420300
2019-11-19,165.2452392578125,166.06530757707284,164.87790694218998,165.8944610967895,2910500
2019-11-20,165.83465576171875,166.5522187351462,165.33064109335328,165.37335596826557,3131300
2019-11-21,164.3140869140625,166.28739145042823,164.23719493147456,165.96277406877545,3509500
2019-11-22,164.9889678955078,165.22815558192278,164.14326019620057,165.03168277552862,2417700
2019-11-25,163.921142578125,165.9969655932673,163.67341715755032,165.67234818342823,3999600
2019-11-26,165.73216247558594,165.74925103508068,163.97241885542857,164.01513373678955,3877200
2019-11-27,167.68836975097656,168.00443636866598,165.65526158697432,165.9457018861889,4133000
2019-11-29,167.19833374023438,168.9693547545929,167.01779989531423,168.94356420531858,2815500
2019-12-02,167.80010986328125,168.1525981414245,166.59650735045489,167.97206432364231,3197500
2019-12-03,166.0290985107422,167.679759101008,165.36712365036826,167.043574787491,3745300
2019-12-04,167.05221557617188,167.18977394471446,165.8314145715046,166.43321603601834,2217200
2019-12-05,166.96620178222656,167.21551477256736,166.04629522423346,167.21551477256736,2819600
2019-12-06,167.9462890625,168.28157930146415,166.8802316553471,167.25851051331375,3095100
2019-12-09,167.37026977539062,168.80601360343732,167.03497952722216,168.21280475245808,2227500
2019-12-10,167.60243225097656,167.98071119701643,167.02642135342958,167.31872304144667,2470100
2019-12-11,167.4046630859375,168.29017354991745,167.0091861525488,168.22139438244616,2490300
2019-12-12,168.7716827392578,169.51104269020735,167.56807961831217,167.86038135935752,3024700
2019-12-13,169.46800231933594,169.64854929150667,167.9377017677406,168.53950314449955,2077900
2019-12-16,170.1214141845703,170.3621347582945,168.9177981976619,169.87208801431404,3650100
2019-12-17,168.9521942138672,170.84357577090196,168.89200751133995,169.88069347676515,3338200
2019-12-18,168.18701171875,169.18427685351148,167.39607096856025,169.02094108848715,4287700
2019-12-19,169.4164276123047,169.51958981841798,167.86033645142476,168.04088343040968,3345700
2019-12-20,169.48521423339844,171.08429408982377,169.0639466761215,170.6974226816198,6415500
2019-12-23,168.67703247070312,169.82905392489627,168.53088166994286,169.82905392489627,2388900
2019-12-24,169.0811004638672,169.48516984077122,168.2213806182473,168.4449030555263,1152500
2019-12-26,169.4164276123047,169.50240486292353,168.64268482988166,169.02955622109317,1809600
2019-12-27,170.37071228027344,170.6286309061325,169.5195847504243,169.64855062249694,2263900
2019-12-30,169.28744506835938,170.05259523840618,168.45351573357658,169.86345581495334,2242400
2019-12-31,169.8892822265625,170.18158389968374,168.98657353647664,169.19291107424365,2278700
2020-01-02,172.6231689453125,172.6317745408121,170.06120707902454,170.22455597408702,3554200
2020-01-03,172.01275634765625,172.4168257434981,170.95530456110296,171.41954752745082,2767600
2020-01-06,173.9470977783203,174.32537656547666,171.38513660841903,171.60006654491403,4660400
2020-01-07,174.205078125,174.24805363291875,172.38246269651796,173.55168249056257,4047400
2020-01-08,177.02493286132812,177.69551335319937,173.83536616832208,174.19644696253852,5284200
2020-01-09,179.1226348876953,179.99953968411097,177.18826523715123,177.84164759653063,5971600
2020-01-10,178.1941680908203,179.63849139418645,178.1941680908203,179.2000389167259,2336400
2020-01-13,177.5407257080078,178.63257349350334,176.89593587786428,178.28869083140654,2784200
2020-01-14,178.23716735839844,178.5208634312765,176.63808753801476,176.63808753801476,2622700
2020-01-15,180.34344482421875,180.84208393413124,178.23713371941022,178.23713371941022,3369400
2020-01-16,181.27195739746094,181.4954798627323,179.87060967575502,180.63575990944727,2726700
2020-01-17,182.24342346191406,182.92260953933894,181.7018088372252,181.7619824096196,3540400
2020-01-21,181.53846740722656,182.48415147925934,180.7303285570066,181.71900125010572,4100500
2020-01-22,181.77915954589844,183.68773858217665,181.75336900094467,183.2578786752362,2757400
2020-01-23,183.48138427734375,183.55016343034055,179.35472692551105,181.00538724258772,3378200
2020-01-24,181.6072235107422,184.13478881801328,181.31490879559013,184.13478881801328,3106300
2020-01-27,179.97381591796875,181.0656641989728,178.21999255609308,178.68423567243738,3389300
2020-01-28,180.87648010253906,182.44117671131582,180.42082957762833,180.44662012671495,3855200
2020-01-29,184.35833740234375,186.06057913073857,181.2289574919677,181.99410767801808,5734800
2020-01-30,185.854248046875,186.3357022267139,182.97419415426367,183.98006489749972,3560700
2020-01-31,183.9542694091797,186.64519691387713,183.24070031272274,185.2868378876647,3920800
2020-02-03,184.9945068359375,186.45604104245956,184.17777562059393,184.83117108749562,3539200
2020-02-04,184.51312255859375,186.29274945170877,184.19503032135174,185.79411022250196,3367900
2020-02-05,184.29812622070312,185.51033426665205,183.128906787686,185.38997402141277,2911400
2020-02-06,183.008544921875,184.68500898338928,182.81081304607918,184.59903175828705,2903300
2020-02-07,181.9253387451172,182.98279060817742,181.47828069897807,182.74207007216833,2421600
2020-02-10,183.30091857910156,183.36109216140312,181.6158615003538,181.6932331568645,2318800
2020-02-11,185.46739196777344,185.57915976564965,183.67917279318482,183.9800800405656,2694500
2020-02-12,186.95472717285156,186.9633196507374,184.93437981530096,185.6995301323184,2844900
2020-02-13,186.9202880859375,187.75421738933417,185.86283634427468,186.30989433909073,2853400
2020-02-14,186.63662719726562,187.28141725097257,186.0262332926639,186.98911557501435,1720400
2020-02-18,185.8284912109375,186.59364156220806,185.41582924306812,185.630759264417,2712600
2020-02-19,185.3814239501953,186.49045695513104,185.36422587743215,186.3958872323624,2229500
2020-02-20,184.9085693359375,186.25832284261364,182.93121081748774,185.8284628654848,2869400
2020-02-21,185.5877227783203,186.0175827101686,184.23796941382446,185.04610818462467,2791200
2020-02-24,183.56741333007812,184.99453852330637,180.6357650574378,181.0398344964603,4218800
2020-02-25,182.34661865234375,186.41309061055688,181.5298741514216,184.47872059565205,5053700
2020-02-26,180.62716674804688,184.46151037892878,180.3262595182232,183.02577963657745,4190800
2020-02-27,172.80368041992188,180.54115864767957,172.74349373693008,178.5638004769293,6406200
2020-02-28,167.97647094726562,171.67045176501097,163.3395342665604,169.5596055834422,11324000
2020-03-02,175.22601318359375,175.22601318359375,167.120016950892,167.66503419225546,6154200
2020-03-03,172.5960693359375,177.9250876731047,170.56309257315507,174.7501727521966,5115200
2020-03-04,179.0929718017578,179.21408525082128,173.79855182749913,174.68960360283234,4260400
2020-03-05,171.5666046142578,176.40250949565558,169.845051200498,175.3038290154985,4107200
2020-03-06,172.0337371826172,172.65661005998535,165.41572936104873,166.87773685337507,6360100
2020-03-09,161.65255737304688,168.23596771370612,159.26488655581326,162.35328613460587,7788500
2020-03-10,172.89881896972656,173.01993239438772,162.5435749598926,165.190777813467,5835200
2020-03-11,162.8550262451172,169.3346280574163,160.76148645591812,166.91234614251363,5625100
2020-03-12,147.17947387695312,155.57958786444462,146.53064884762483,151.202183778637,9079300
2020-03-13,153.2351531982422,155.25948384486088,145.50980404115998,154.21270713250766,8042600
2020-03-16,128.90853881835938,140.076982342769,127.71470986342175,135.90720744728625,9341300
2020-03-17,127.70606231689453,129.3151489021261,116.78850415280537,128.05211024942648,13708200
2020-03-18,118.7782211303711,122.59331492877628,107.47136549002201,118.95123847352988,12627600
2020-03-19,129.3324432373047,133.9520738276569,110.91447100853298,116.96151124409566,12773400
2020-03-20,128.4586639404297,139.74820488129023,127.83579107743918,132.87066465284232,12000000
2020-03-23,118.6052017211914,132.5419616559546,118.08613650037964,123.6660282224101,10660400
2020-03-24,140.1029052734375,140.9939569815379,126.39108182330634,128.8998658790575,11678400
2020-03-25,140.9939422607422,148.2434818089406,137.7411722135286,142.74144731181568,9708700
2020-03-26,144.7744598388672,147.87150557132782,139.28107071379398,141.86772392204253,8259900
2020-03-27,141.88502502441406,146.84205678720366,137.74120245242196,140.82095587968564,6441400
2020-03-30,145.4492950439453,147.33520706847867,141.50444040148062,142.67231770463135,5621700
2020-03-31,143.0442352294922,146.64303981220252,142.7414450658698,144.3332252851814,4519900
2020-04-01,136.83287048339844,139.66175128426866,135.2583952892864,138.60632818915204,4668900
2020-04-02,139.713623046875,140.10291533169823,134.09047413167568,134.09047413167568,4803200
2020-04-03,138.7014617919922,140.34514624174312,135.08533752201333,138.68415609872997,5050400
2020-04-06,153.1573028564453,153.87533746235945,145.54443318488785,146.3749218179696,8330900
2020-04-07,151.90289306640625,160.20785764863115,151.53090643384863,159.636888528523,7848300
2020-04-08,153.5465850830078,155.2162215438216,150.61389696759701,151.4011278395931,5665700
2020-04-09,158.91883850097656,160.4414226727243,155.3892295578923,156.34949091152828,4901300
2020-04-13,155.82177734375,158.18350938677415,153.0448142783052,158.03643079916571,3182500
2020-04-14,159.1697235107422,159.60227342856,157.30975094389996,158.9620947980543,3863800
2020-04-15,153.84934997558594,156.5571166566321,153.3562499386798,154.6279477396559,4961500
2020-04-16,155.28541564941406,155.64010973904323,149.03074772911106,153.1226661278345,7120800
2020-04-17,160.9950714111328,161.6092848515559,155.91692681860243,157.72499535821538,6467600
2020-04-20,157.14537048339844,160.7182368154373,157.05886842522355,159.56765251867267,3856500
2020-04-21,153.62445068359375,155.1902794808147,152.34410645387828,153.44277388595296,4758300
2020-04-22,161.32383728027344,162.4052122331932,156.36681819219513,156.36681819219513,4243600
2020-04-23,157.48277282714844,162.05915848227286,156.8599130718164,161.0469932293409,5050100
2020-04-24,159.19566345214844,159.48114796043805,156.46194500947365,158.53817917837543,3319600
2020-04-27,160.8134307861328,162.95887498748837,159.84452305656148,160.17325206459302,4048200
2020-04-28,160.8480224609375,164.3689854862181,160.53659916079945,164.3689854862181,3805000
2020-04-29,162.4831085205078,164.7237146307544,161.66991230742866,163.09732220459605,3465200
2020-04-30,162.2581329345703,162.90695785078364,156.37545105416072,157.44817966776907,7127200
2020-05-01,158.0191192626953,160.51059749958253,157.57790995379528,159.1783497284978,3764800
2020-05-04,157.33566284179688,157.84608164720856,154.7403639953805,156.8512091691921,4027100
2020-05-05,155.06045532226562,159.05721120545522,154.94798815140408,158.7717267566028,3828400
2020-05-06,153.0967254638672,156.68688465392356,153.00156394989483,156.23704222457832,3916900
2020-05-07,156.6868438720703,157.06748982888664,154.24726973123308,155.2853866677675,3039600
2020-05-08,156.78208923339844,158.68530683525208,155.64016395243831,158.48633750606587,3411600
2020-05-11,156.47926330566406,158.20946298591113,154.4376271549575,155.1729540988369,2631300
2020-05-12,152.7247314453125,157.95858851148705,152.63822937502465,157.42223079442064,3610600
2020-05-13,149.50657653808594,152.7507012820805,147.94073457333423,152.4132996363428,4729100
2020-05-14,151.74720764160156,151.96348266080443,145.20705317296714,147.24003043324646,4868400
2020-05-15,150.36302185058594,151.1416197343727,148.5203547127061,149.7055506334934,6879600
2020-05-18,155.5709228515625,156.7128479012467,154.08294990774868,155.76989214045116,4653000
2020-05-19,155.34600830078125,156.98104671976782,154.04835834284341,155.82180272505607,3365000
2020-05-20,159.2648468017578,159.6973966157763,156.21104617081707,157.44813230273107,4920800
2020-05-21,160.11270141601562,160.45873611821156,157.54335349105872,159.33410353550818,2913600
2020-05-22,159.53309631347656,160.3462924364729,158.46901379489444,159.59364645009407,2475200
2020-05-26,159.90505981445312,164.93994748886377,159.38600780290287,164.0142842743486,3990900
2020-05-27,162.3965606689453,163.2876125449485,160.27706847068902,163.27896629774423,3993400
2020-05-28,163.2703094482422,164.7842343568556,161.53146330534216,163.86723052427018,3567600
2020-05-29,162.26010131835938,164.33275772856814,161.7288714077268,163.226751857896,5717200
2020-06-01,163.20933532714844,163.58380209753668,161.63306675711814,162.59973053326763,2168200
2020-06-02,163.36607360839844,164.21081636608895,162.05977201878056,164.07147434065018,3125500
2020-06-03,168.33004760742188,168.78290262827045,163.8015372641042,164.1324713126154,3881500
2020-06-04,168.28651428222656,169.17478995412452,166.8756992774434,167.48531742548505,3469100
2020-06-05,171.7003173828125,174.30420388452674,170.92524548772857,172.43184322546463,4728300
2020-06-08,176.48138427734375,176.55105530776316,170.3766047480884,170.41143361910292,4443900
2020-06-09,173.75555419921875,175.54083591904995,173.31140309869966,174.49578388610288,3728600
2020-06-10,170.5159454345703,173.79040410754817,170.40272835000252,173.4159372715012,3459900
2020-06-11,163.29644775390625,167.99914275005258,162.26882993098707,166.24868963132425,5796000
2020-06-12,164.7420654296875,166.91923499970775,161.50243604642625,166.91923499970775,4108600
2020-06-15,165.02076721191406,165.56940496629758,160.3616185170114,160.76222360775185,4499000
2020-06-16,165.74356079101562,168.51291392831064,163.29641118877748,167.20661226995162,5434800
2020-06-17,166.1528778076172,167.9730017850777,165.8306609426935,167.13696276921357,3154100
2020-06-18,165.02076721191406,166.1093521136773,163.62737322230115,165.47360896340683,3153300
2020-06-19,162.46910095214844,167.52013704600802,162.44297598020478,167.45916991921376,6267700
2020-06-22,163.25289916992188,163.52286608746965,161.01476233251609,161.98142621403866,3223200
2020-06-23,162.52137756347656,165.22977750261597,162.26012780117273,165.07302764523368,2951900
2020-06-24,160.4922332763672,161.72887734062562,157.9231757277744,161.0757264407263,4146600
2020-06-25,159.15977478027344,160.3093265133969,157.0435726648231,159.8129255499882,3145200
2020-06-26,156.52980041503906,159.20335794586788,155.78085349292348,158.82017394547532,5107400
2020-06-29,159.1946563720703,159.2207813462608,156.03340161112453,157.25262465636925,2622200
2020-06-30,160.64895629882812,161.28468596194796,158.402116169456,159.2991087849932,3163100
2020-07-01,160.81443786621094,162.36458135921632,159.9958200756242,161.0669836604792,2193800
2020-07-02,159.8216552734375,162.8522713619924,159.2468793617704,162.8522713619924,2690200
2020-07-06,164.1586151123047,164.35020713200572,160.36163016756137,161.98144515060304,3171500
2020-07-07,161.82467651367188,163.59253725436,161.3282754415786,163.17451110257954,2399600
2020-07-08,161.85076904296875,163.0525574453598,160.8928092476551,161.54596002944533,2776400
2020-07-09,160.52708435058594,162.4952410544698,159.03789436919257,162.1730241782366,2333500
2020-07-10,161.00604248046875,161.49372632040078,159.37751066479595,160.04808258889653,2714100
2020-07-13,161.0408935546875,164.5504901957676,160.8580187336866,161.63309064798096,3221600
2020-07-14,166.09188842773438,166.19638829921203,160.87538613282916,161.1888990356486,4138600
2020-07-15,167.00631713867188,168.9483485585708,165.36037757342544,168.86125646560822,3735400
2020-07-16,166.26608276367188,167.86847636483805,165.5955108208622,166.44025367016587,2111100
2020-07-17,166.75379943847656,167.11956240062165,165.5781356219511,166.63187845109485,1972600
2020-07-20,166.8669891357422,167.8771990301425,165.7871082187913,166.24866711584872,2157100
2020-07-21,168.06007385253906,169.73213852874136,167.20662708089586,167.4940150657978,3505400
2020-07-22,172.97178649902344,173.8687794167892,168.121058968926,168.26040102894927,3484400
2020-07-23,172.03993225097656,173.5378258926377,170.69878843097436,172.83242511839717,2702200
2020-07-24,173.058837890625,173.22430488692208,170.45493857120587,171.46514833610297,2199900
2020-07-27,175.2621307373047,176.3681364756251,173.05013254905086,173.33750720629294,4541700
2020-07-28,170.8991241455078,174.0777867147328,170.25467710563547,172.9543729531012,6051000
2020-07-29,170.87298583984375,172.83243849253293,170.43755191702394,170.951360756738,3342900
2020-07-30,170.17626953125,171.03842009570943,168.00780405866507,169.81921056597528,2705700
2020-07-31,169.19223022460938,169.54057210152746,166.8931392871339,169.07901313483512,3194700
2020-08-03,169.29669189453125,170.34174386604326,168.59129111563212,169.2357380596128,3143500
2020-08-04,173.6162109375,173.91230281017494,169.24445071475512,169.77568062203122,3699900
2020-08-05,173.5290985107422,174.60897927611956,172.3534350522394,174.17354541258808,2259600
2020-08-06,176.94290161132812,177.30867775710067,172.75402989442097,173.11108885819735,3158900
2020-08-07,178.1795654296875,178.66724929408306,177.03871739671874,177.09968452396254,2980000
2020-08-10,177.76153564453125,178.66724562126632,176.38556289062146,177.96184481131,2783600
2020-08-11,178.5279083251953,180.63540691667146,177.87475744107874,178.5279083251953,2478400
2020-08-12,179.4161834716797,180.6179719700692,178.85882862489953,180.14770921650594,2167100
2020-08-13,179.82550048828125,180.48735524601497,178.83271170748645,179.3639416079005,1795000
2020-08-14,180.29579162597656,180.55705467010452,178.70210167402558,179.3552526401502,2060200
2020-08-17,181.7239532470703,182.44677500038938,180.13898101382952,180.21735591411587,2619000
2020-08-18,183.1609649658203,183.2567476893975,180.46997273448704,182.23783371940172,2921500
2020-08-19,182.45553588867188,183.9011798469005,181.69788503912352,183.07385796809402,2711100
2020-08-20,182.7777557373047,183.7444196200332,181.2276119669313,181.24501975697015,2084900
2020-08-21,184.24949645996094,184.78943021330423,182.23778079287868,182.8473988492967,3484800
2020-08-24,185.16392517089844,185.9302931608013,183.69215632137556,184.8504122012463,2463900
2020-08-25,185.19003295898438,186.5311768168583,184.81556618218863,186.33088094295334,2302400
2020-08-26,186.1566925048828,186.73146843085928,184.27562819283187,184.70234490192135,2316700
2020-08-27,184.78945922851562,188.1945558588445,184.7110843078313,186.66181987182947,3226800
2020-08-28,187.158203125,188.72576783136972,184.42367874937267,185.33809260212067,3212500
2020-08-31,187.0355682373047,188.32323453611622,186.41362880997593,187.0355682373047,2900900
2020-09-01,186.30853271484375,187.1144168983458,184.46025064596594,184.68799616539096,2926700
2020-09-02,189.40943908691406,190.1978136540034,186.30853654819907,186.79907359467313,4092000
2020-09-03,187.28082275390625,191.05621974791543,185.61648565025607,191.05621974791543,3126700
2020-09-04,185.46762084960938,190.76719906141045,184.61793576834896,188.5860466312471,3828600
2020-09-08,187.08815002441406,189.47077008285956,184.88071986547405,184.98583113195082,4107600
2020-09-09,188.9539337158203,191.10879463036702,187.8414572629513,188.33199427224224,3213200
2020-09-10,190.2941436767578,192.2562915902005,188.9626766168287,188.9626766168287,3325600
2020-09-11,190.95989990234375,191.99352964203496,189.45324274208053,190.6883535594124,3616500
2020-09-14,193.20233154296875,194.9805347599204,192.13365597652796,192.46652608067086,2543800
2020-09-15,194.787841796875,195.9003182853289,193.93815681927035,194.25350395906312,2640700
2020-09-16,196.92518615722656,198.5982782385689,193.8505616779956,194.61264500288587,3463700
2020-09-17,194.97181701660156,195.97916896965685,193.14981264485925,195.95289115287332,3376600
2020-09-18,192.9483184814453,195.83899822662164,192.82568423121992,194.13086017301916,3861400
2020-09-21,189.56710815429688,191.00368657677993,186.93045163597517,190.20655724025798,2831800
2020-09-22,189.56710815429688,190.04889035582835,187.93781685120123,189.5846177862571,2475600
2020-09-23,188.30572509765625,192.4402706029792,187.6662759930749,190.67082199588916,2777700
2020-09-24,189.31309509277344,191.3190575914908,187.09691005524408,188.1130302132785,1727000
2020-09-25,191.11756896972656,192.05485563875845,187.1494583124786,188.5948050404999,2196800
2020-09-28,192.93954467773438,194.44620163153405,191.8533594548535,192.71179918141783,2111700
2020-09-29,191.5555419921875,193.5527495074762,191.38035210239215,193.07972210228377,1731700
2020-09-30,192.26510620117188,194.63895823030717,191.31906464324928,191.72200010157923,3034100
2020-10-01,192.35264587402344,195.3396818856164,190.77591034252788,194.1045712721007,2443000
2020-10-02,195.0506591796875,195.64632090769777,190.17155273103432,190.53068736516218,3833100
2020-10-05,198.02894592285156,198.4056035668591,196.22445106021004,196.96902489687025,2913800
2020-10-06,196.2944793701172,200.29763534800614,195.8652661989587,198.6946219938018,2453600
2020-10-07,198.38803100585938,200.07864598814555,197.20548936591942,197.59966991256607,1972500
2020-10-08,197.7924041748047,198.9136354966657,196.46969178404382,198.04642750732702,3195800
2020-10-09,196.9427032470703,199.03625364836375,195.4448010896318,198.79098515193755,3237700
2020-10-12,198.06394958496094,198.41432935911385,195.4448159966269,196.9251952697665,2412400
2020-10-13,199.15013122558594,200.22756163671502,197.0302896651615,197.70478470711473,2098900
2020-10-14,199.38665771484375,201.01594913475893,199.15015737124236,200.0786758446967,1862600
2020-10-15,201.15609741210938,201.47144455562432,197.60844538909922,198.098982419871,2177300
2020-10-16,200.91958618164062,203.14453921214837,200.72687329345075,201.26997932659117,2162800
2020-10-19,197.96759033203125,202.36492727572858,197.24053961315926,201.07726090649078,2009500
2020-10-20,199.2377471923828,201.47145512899598,198.3442613445111,198.6158210550622,1883200
2020-10-21,199.88595581054688,201.02471013710405,199.0275159990144,199.04502563160463,1518200
2020-10-22,200.7268829345703,200.94587364838333,198.73845687676334,199.50929510041516,1961300
2020-10-23,200.3414306640625,201.8305645486217,199.5443014164358,201.8305645486217,2278100
2020-10-26,196.45217895507812,199.06254433073775,193.56149907044838,198.65084074952009,2537800
2020-10-27,195.31344604492188,197.29311735835475,195.0944553231032,196.62739037583387,1801900
2020-10-28,188.0605010986328,193.22867752060918,187.85903334848294,191.30156156831976,3272900
2020-10-29,188.2882080078125,190.65330498026557,186.641406973124,188.06046248336943,2477600
2020-10-30,186.58009338378906,188.52473204609382,183.8733712932764,187.10567645808385,3450900
2020-11-02,186.19464111328125,189.4882696272729,184.64418329400607,189.1028438763904,2983200
2020-11-03,189.9087371826172,191.0474914926618,187.4122378631398,188.84881631648074,2615000
2020-11-04,188.21810913085938,192.24754306984153,186.8428545833621,188.33198856389703,3360800
2020-11-05,189.47955322265625,191.13512274779885,188.05172926430038,189.26933065827913,3622000
2020-11-06,189.698486328125,190.8635183608597,187.67501456405492,189.2079493387905,3916100
2020-11-09,186.77279663085938,199.58813717603473,181.4732188092065,198.65960534396606,7981200
2020-11-10,186.86036682128906,189.19918559182756,185.12595107727904,188.98894973512427,4255600
2020-11-11,190.97738647460938,192.05481682419688,187.71880424871233,188.1655404019243,4126900
2020-11-12,186.64141845703125,190.80224216377604,184.7230575989192,190.57448325918708,4253200
2020-11-13,186.8253173828125,187.79763648216996,186.00191033357453,187.24577572233395,3072100
2020-11-16,189.847412109375,189.8649351077264,187.1319354746873,188.7699816180625,3702100
2020-11-17,189.21670532226562,190.42553817210933,187.47354803627252,188.8575707596556,2443100
2020-11-18,188.78749084472656,190.81971742290742,188.6911344100199,189.29555083080442,3095200
2020-11-19,188.42831420898438,188.75241609173915,186.86910186030096,188.19180056598927,2840500
2020-11-20,187.53488159179688,188.52472388018637,187.1319461696057,187.79767311756152,3932600
2020-11-23,190.08392333984375,190.60950635451704,188.02540545952655,188.45463203371412,3010300
2020-11-24,192.4578094482422,193.8067863967528,191.1788977676443,191.8446247418773,3870900
2020-11-25,192.13369750976562,193.22865112468787,190.8898318071499,192.69431322596049,1889200
2020-11-27,191.24896240234375,193.06219847331144,190.66206892207248,191.8533788813769,1394400
2020-11-30,191.60140991210938,191.7159661968898,188.949082334536,190.73786796492362,3413600
2020-12-01,190.4559326171875,192.9143890565631,189.91841880452148,192.87034134787325,4224800
2020-12-02,185.80331420898438,188.92264686068285,184.27889545334693,188.57018460413806,6223700
2020-12-03,186.37608337402344,187.89169539822416,185.53897536480864,185.87382394672426,3732500
2020-12-04,185.6975860595703,188.02387200945066,185.13363835795005,186.4553920441451,3151100
2020-12-07,184.06741333007812,184.26127160832317,181.6882594418395,183.75019191527474,3826000
2020-12-08,183.62686157226562,184.25249766298268,181.8821502020493,182.00551336063882,2709400
2020-12-09,183.8911895751953,184.63136842423665,182.69279900959665,184.5961275747664,3010900
2020-12-10,183.31842041015625,183.9528632612053,182.463698721555,183.7237641271608,2956400
2020-12-11,183.07168579101562,184.11147231171392,182.16408270151726,182.8161526702797,2770800
2020-12-14,186.73736572265625,189.22226919374535,185.23057399705905,185.6887722768665,4745000
2020-12-15,189.3280029296875,190.517586653021,187.45992864588587,187.8828860704954,3798200
2020-12-16,188.39395141601562,191.6630811632805,188.27058828301645,189.3456156329692,2682000
2020-12-17,188.79049682617188,190.14749144739932,188.15605394088834,189.7950291536083,2558800
2020-12-18,189.5218505859375,191.08152364901156,188.4115823665275,189.58352543089583,7929100
2020-12-21,186.51707458496094,187.2925077487656,183.29199223067272,185.5918442773439,4342500
2020-12-22,186.73736572265625,187.6097280265528,185.37155084322904,186.10292285538134,2772800
2020-12-23,186.8254852294922,188.06792350092888,186.62280664604285,187.0722115135771,1658800
2020-12-24,186.2703399658203,187.4599236574985,186.05004768555204,186.91358965944303,1047700
2020-12-28,188.5878143310547,189.34562029401084,186.9752732664303,187.68021123473866,2550100
2020-12-29,187.43348693847656,190.13866910920058,187.20437436515647,189.13413686358334,1665700
2020-12-30,186.42015075683594,188.00625798005294,186.1734244605105,187.65379568403793,1855000
2020-12-31,189.08128356933594,189.38968471386812,185.73283800841426,186.1469885971521,2610900
2021-01-04,185.23936462402344,189.2046254744073,183.47702646829725,189.00196035125927,4055400
2021-01-05,186.34967041015625,186.7638210359357,184.71069505691167,185.20414768875722,2576100
2021-01-06,185.92672729492188,186.55236343078323,184.19082265164067,186.19108078113902,3083400
2021-01-07,186.7902069091797,187.8828613449989,185.53894850209457,187.8828613449989,3142000
2021-01-08,190.2179718017578,190.4382640796384,187.0105167736392,187.60089846489038,2639100
2021-01-11,188.7728729248047,190.43828216592618,187.7947745803,189.53067897050718,2545400
2021-01-12,186.45541381835938,188.86100204339766,185.87383890157966,188.29705427591972,2952000
2021-01-13,186.8871612548828,187.80358469774816,185.8385678181302,185.84738811477212,2069800
2021-01-14,183.72377014160156,187.39824393096467,183.28318556092626,186.8959845006935,3666700
2021-01-15,184.9662322998047,185.662350060411,182.77211612410426,183.25676187924793,3593700
2021-01-19,184.24363708496094,185.92667323071677,183.17743004287436,185.64469267525965,3331600
2021-01-20,188.24417114257812,188.93148200877178,184.7194945177596,185.17769279817253,4077700
2021-01-21,188.15606689453125,190.29731514117145,187.97102888350312,188.62308551646493,2674900
2021-01-22,188.02391052246094,188.69359435356478,186.07652044319642,187.25728408444922,2196400
2021-01-25,187.98861694335938,188.61425293497624,185.53896786397843,187.00171183096813,2615300
2021-01-26,189.7862091064453,189.9007519488972,186.9576503190938,187.25724459254292,2907800
2021-01-27,182.40200805664062,187.82119277284755,182.40200805664062,187.1515090812587,5464000
2021-01-28,182.2434539794922,185.36278760623222,180.75427560579243,183.8383683740917,5401600
2021-01-29,183.1422119140625,184.51683377941762,178.97428516680992,180.73662364969098,5203300
2021-02-01,183.22146606445312,184.77233212949642,182.04952311153576,183.70611170977915,2812500
2021-02-02,184.83404541015625,187.36301014152966,182.9747778718151,183.36249446871275,2786000
2021-02-03,183.90884399414062,185.03673958247785,183.2215195945959,183.5916225195723,3020700
2021-02-04,185.95315551757812,186.9048199710259,183.8735954405426,185.04555221805947,2777500
2021-02-05,187.3189239501953,188.72878640566057,186.81665112256948,187.32773080055657,2600200
2021-02-08,186.43777465820312,187.6802264152151,185.01028490495716,187.27488268084028,2696200
2021-02-09,190.3148956298828,190.49112675815368,186.60518130343823,186.86953471863117,3047300
2021-02-10,188.92266845703125,191.4868740200728,188.40278186324716,191.10797772325296,3161600
2021-02-11,188.80813598632812,189.27515460582106,187.16034037180864,189.0460419992638,2583600
2021-02-12,188.4820556640625,189.18699359784202,187.68020204189142,188.57017794787473,2781200
2021-02-16,189.47779846191406,191.16083474059687,188.4203981865817,188.89622360453038,2892900
2021-02-17,188.0855255126953,189.35441105874258,187.36297390460143,188.53493032017087,3280000
2021-02-18,189.8302764892578,190.20918624132239,187.38062716068012,187.94457491735466,2191000
2021-02-19,187.0193328857422,190.09460441098528,186.7814134661935,189.70688785929804,3181600
2021-02-22,186.8607177734375,187.68901888129457,184.77235130255306,186.36726522720096,2910800
2021-02-23,186.20864868164062,190.06815994825575,185.42439532536403,189.01075978542383,3243000
2021-02-24,187.92694091796875,188.6583128968765,185.41560356202726,185.78569297685283,2887100
2021-02-25,185.8826446533203,187.61854909594715,184.8164374244431,187.42469079150123,3131400
2021-02-26,182.7618408203125,187.6380905898281,182.7618408203125,186.84902525916587,5334000
2021-03-01,184.63255310058594,186.52099602798276,183.83462670979193,183.83462670979193,2827500
2021-03-02,185.0049285888672,186.09543164984743,182.8061868603002,184.41091428643716,3016600
2021-03-03,182.47813415527344,185.28862550966136,182.29194412542762,183.98533588564862,3488600
2021-03-04,181.60928344726562,183.9587575364178,179.7385760377266,182.77958997227196,3926200
2021-03-05,183.85235595703125,184.61482469436362,179.94250025570165,182.41608298626952,3608100
2021-03-08,185.39498901367188,186.70713951267484,183.6484041846195,184.1448928313611,3157100
2021-03-09,184.8985137939453,187.24797399942602,184.65913049034663,186.74262427883104,3646700
2021-03-10,189.11868286132812,189.40239841313016,184.6236745049192,185.04923430432015,3447200
2021-03-11,187.57601928710938,190.8209312858113,187.50509040075772,190.35103925099565,3618000
2021-03-12,188.25869750976562,189.94322823877263,187.44303555260234,187.99271754957476,2818200
2021-03-15,195.4578399658203,195.53762990174172,189.28716121679113,189.42014444332685,5479700
2021-03-16,194.92588806152344,196.2025812022614,192.532095186792,194.67764367619156,3583400
2021-03-17,198.69386291503906,199.39426368819144,195.05883525690638,199.0928260657361,5240600
2021-03-18,197.62110900878906,199.7932675673193,196.30009720711897,198.31264883835826,3254600
2021-03-19,197.2133026123047,199.6425532745766,195.9366094180834,197.49700469529557,7719400
2021-03-22,199.5449981689453,201.17632199676368,197.3994365246057,198.05551858784446,4220700
2021-03-23,198.92437744140625,200.72415571910122,198.37469546348035,198.56088548765328,2794000
2021-03-24,198.6406707763672,201.2738465257592,198.6317962102838,199.76664487649794,2442500
2021-03-25,198.773681640625,199.76667267068268,197.21328649096841,199.6159403093129,3249600
2021-03-26,199.66912841796875,199.73118274186155,197.1955324060872,198.77366301419474,3263100
2021-03-29,201.56643676757812,202.03632883956425,198.86233194783537,199.3322240198215,3621300
2021-03-30,199.46522521972656,201.27387830706948,198.79142097779135,200.48481291426614,2419000
2021-03-31,198.72048950195312,200.80398358821557,198.59636731351435,198.60522835257999,3564100
2021-04-01,199.66912841796875,200.5645802934402,197.95800106728657,199.19036178998408,2441200
2021-04-05,202.89634704589844,203.47262575982234,200.53801184040765,200.90151738158644,2866300
2021-04-06,205.60926818847656,205.92844140598743,202.7810414749251,203.65877120515535,3230900
2021-04-07,206.22988891601562,206.40720437240745,205.0152638350143,205.40535242775547,2551300
2021-04-08,204.13754272460938,206.39835209236657,203.20661962867374,206.22989766674073,2772200
2021-04-09,205.2280731201172,205.34333427480988,202.91407015661594,204.08437672588303,2728900
2021-04-12,204.7670135498047,206.02597084045522,204.35031479880675,205.2280310173882,2292700
2021-04-13,205.0862274169922,205.38766509668173,203.6410798227387,204.30602304292094,2570900
2021-04-14,204.19076538085938,205.05962074883038,203.55241879630384,204.9975664152705,2129200
2021-04-15,205.05072021484375,205.12164910261117,203.20660971779657,203.74743064975897,2063000
2021-04-16,206.64662170410156,207.6927925388801,205.9639428798706,207.15197151444076,2694300
2021-04-19,205.5206298828125,206.841655165195,204.65177460768405,206.6820617719573,2254800
2021-04-20,206.5845184326172,206.76184741611272,204.87340467396228,205.0152624494379,1885700
2021-04-21,205.91958618164062,207.33813695455189,205.55609421424327,206.84164824252377,2065500
2021-04-22,206.54019165039062,207.49769777670852,205.63586527742197,206.42493052127946,1839500
2021-04-23,207.9764862060547,208.56163942225893,206.66433551711734,207.27607184863672,2137500
2021-04-26,205.9639129638672,208.65915665521018,205.60928204420216,208.15379338996996,2490100
2021-04-27,208.3311309814453,208.90742319750026,206.05259934752223,206.1944571417792,2623800
2021-04-28,206.0526123046875,208.74784292353414,205.91961554109443,208.52619517918376,2777000
2021-04-29,208.53501892089844,209.0581042232808,206.23873856758854,207.4533771098324,3146700
2021-04-30,209.30636596679688,209.49254246631222,207.34699426883836,207.46225540645432,2640400
2021-05-03,208.84535217285156,211.16821602329827,208.68577230295995,210.9997751145139,2458000
2021-05-04,207.338134765625,209.3506997640586,206.78845277286885,208.02081350160782,2529700
2021-05-05,208.38429260253906,208.65914711025422,205.2989604520217,207.56863070197937,2070000
2021-05-06,208.22471618652344,208.92511696727271,206.72637556742342,208.82759143797324,1832600
2021-05-07,208.2069854736328,208.98718972635663,207.4533913916176,208.3488432520012,1406800
2021-05-10,210.2196044921875,210.93774107845084,208.43756135115234,208.43756135115234,2031500
2021-05-11,207.338134765625,210.83130484619082,205.86639072172017,210.7781115602212,3028500
2021-05-12,202.08953857421875,207.08104983486572,201.7615042594593,205.78662112572974,3198200
2021-05-13,203.7119598388672,204.87339155355184,202.03630386724177,202.14269042788428,2819200
2021-05-14,205.44082641601562,206.25648834909722,204.33258788819245,204.54537455572333,1943100
2021-05-17,205.40536499023438,205.95506052546094,204.13754654760666,204.63403526718963,1630900
2021-05-18,205.6269989013672,206.79730525750267,205.37875455824187,205.5915412216216,2913000
2021-05-19,204.0488739013672,204.46557267329885,202.30228888581604,204.11980279108985,2967000
2021-05-20,205.8486328125,207.47997006585487,204.4123601337355,204.55421789981872,1890200
2021-05-21,205.01527404785156,206.9303000119034,204.19073751851712,206.06144476248988,2601100
2021-05-24,205.60926818847656,206.26533669847558,204.82020294633884,205.26349833019827,1823300
2021-05-25,205.8131866455078,206.37174317551035,204.54536830202505,205.83978328709824,2681900
2021-05-26,205.9993896484375,207.2760691101482,205.8309352222131,207.2760691101482,1564200
2021-05-27,208.22471618652344,208.4197672451224,206.04369686232712,206.58451779238746,5242900
2021-05-28,208.510009765625,208.97358707210216,207.22626559570034,208.72397166161898,2853600
2021-06-01,207.9305419921875,210.38213252988055,207.4847982580615,210.37320894926572,2574300
2021-06-02,208.4119415283203,208.90226236184708,207.54719758637845,208.58132632563132,3172000
2021-06-03,207.22625732421875,207.50261626029277,205.1758334459333,207.3332450694551,3249400
2021-06-04,208.05532836914062,208.42975143506794,206.88748208191112,208.10881543527054,1615200
2021-06-07,206.54873657226562,208.67048112921978,206.07624929575357,208.60807047612374,1877000
2021-06-08,207.39564514160156,208.59023509050687,206.2367087062821,206.37934996666405,2106200
2021-06-09,206.3525848388672,208.89332931186803,206.33475128243066,207.6987258849416,1982200
2021-06-10,209.13401794433594,209.41037685133838,206.7626582858349,206.86964601981668,2534000
2021-06-11,211.22012329101562,211.72827768691357,209.24103358909903,209.49955897441976,2654300
2021-06-14,211.26466369628906,211.96894630481776,209.33013782216895,211.44295844172086,1836800
2021-06-15,210.7030792236328,212.00464337544594,210.08795066293183,211.755027959947,1948300
2021-06-16,210.01661682128906,211.5321427780822,208.41193667755905,211.46974572964166,2951700
2021-06-17,208.50106811523438,210.63172236156956,207.9661702580133,209.5708502266589,1895600
2021-06-18,204.70335388183594,207.61852179410363,203.9901747695306,206.35261118583614,4408200
2021-06-21,207.62742614746094,207.92161864467624,204.56963065737762,205.60375938643395,2193000
2021-06-22,208.50106811523438,209.37472191921236,207.2084005607864,208.15338858894594,1758300
2021-06-23,207.9305419921875,209.00923421108166,207.44913114164063,207.98402906379954,1701500
2021-06-24,208.0107879638672,209.64221178363223,207.48481358347314,208.69723717396968,1839800
2021-06-25,207.19949340820312,208.0820708037413,207.12817278606713,207.48477589674718,3000100
2021-06-28,206.0138397216797,207.49371221206292,205.05103160515398,207.42239158087366,2901700
2021-06-29,205.37196350097656,206.5665670455232,205.0866945849938,206.4060922278298,1932100
2021-06-30,205.92466735839844,207.04793651950195,205.57698783688897,205.86225671460622,2450700
2021-07-01,207.06576538085938,207.18164948339034,205.71070083412565,206.29908573503837,2210500
2021-07-02,208.2781982421875,208.70610837019495,207.2173260972581,207.7878774689406,1851500
2021-07-06,207.49371337890625,208.51891855160062,205.93361027079416,208.30497025984923,1762700
2021-07-07,209.1697235107422,209.4906595656536,206.57549153379333,206.75378631918406,2069400
2021-07-08,207.57395935058594,208.45653692843763,206.77162599109934,207.67202352590277,1932600
2021-07-09,210.1057586669922,210.5960794920514,207.77006586782545,208.67047691103028,2560500
2021-07-12,210.04335021972656,210.60499164368107,209.05379864576872,209.13402924832837,2158600
2021-07-13,210.5426025390625,211.70153901680263,209.67785857049623,210.08794880835003,1884600
2021-07-14,211.39840698242188,213.11006112136053,210.9615732687014,211.30925280312616,1993200
2021-07-15,211.17555236816406,211.63020607242706,209.4282309737265,210.91701338892153,2165800
2021-07-16,209.2766571044922,212.06701688551772,208.94681113529097,211.9867726850757,1680900
2021-07-19,204.3824005126953,208.00185085558655,201.85057951080637,207.27973462061553,3774900
2021-07-20,208.8487548828125,209.96311412147924,205.22931825210577,205.62156127758132,3275600
2021-07-21,210.32862854003906,212.2720782637657,209.69568006524747,210.37320563335288,2146600
2021-07-22,212.77133178710938,213.68065289636095,209.64221538574137,210.07903557902281,2538300
2021-07-23,216.59580993652344,218.4590155549811,213.60041137924816,214.07289866808154,3996400
2021-07-26,217.50509643554688,218.03108435046272,215.38336563075208,215.73995515674594,2638400
2021-07-27,219.6179656982422,220.24200426921476,217.57645156953538,217.6745157451897,3135200
2021-07-28,215.5438232421875,217.34463160536905,213.37751538201368,216.18569526068748,4948500
2021-07-29,217.54080200195312,218.59275081168786,216.6136473056579,216.91676341965106,2572300
2021-07-30,216.37295532226562,218.7799690542581,215.92721153474776,217.3892506136856,2336800
2021-08-02,214.04615783691406,218.12915868579975,213.6806446909638,217.7369156056555,2693900
2021-08-03,211.23794555664062,213.9124078686547,209.72241963376973,213.56472831221362,3300000
2021-08-04,209.34803771972656,210.92597460302912,207.76119085738483,210.79224329931316,2240600
2021-08-05,210.7654571533203,211.11313670786473,208.91116166141057,210.15925222868646,2230500
2021-08-06,210.62283325195312,211.40734661013047,210.09685888818413,210.99725637207783,1558600
2021-08-09,209.21424865722656,210.45342915565598,208.63478731016306,210.2038001782401,2093100
2021-08-10,208.11776733398438,209.58872996394868,207.9305625648202,209.58872996394868,2027500
2021-08-11,209.98988342285156,210.3375630038587,208.38520320165733,208.7774598782848,1969100
2021-08-12,210.9883270263672,211.06855762981058,209.54412175231178,210.39103208459096,1490800
2021-08-13,212.905029296875,213.0654905008578,210.6317336859902,211.09529734395278,1699700
2021-08-16,214.82174682617188,214.89306745948474,212.67325865781424,213.065515339525,2175300
2021-08-17,214.2066192626953,214.70585009518717,212.36124717809008,214.2690299182668,1652000
2021-08-18,212.24534606933594,213.74303854296994,211.9778970981814,213.45776961595288,2215500
2021-08-19,211.48757934570312,212.2810026898239,210.45346416673962,210.99725849191614,1455400
2021-08-20,212.61083984375,213.41317308111192,210.67631377333953,211.24686517842363,1989700
2021-08-23,213.65390014648438,214.01941329071144,212.1651176355081,213.4756053648921,2086900
2021-08-24,212.55731201171875,214.30463311821666,212.4592614668757,214.30463311821666,1687700
2021-08-25,212.91397094726562,213.60042016235207,212.03139338501165,212.11162399893828,1668000
2021-08-26,211.23794555664062,212.99417689643803,210.31971458442396,212.8782791766181,2008000
2021-08-27,211.71046447753906,212.50388787132832,210.72091272995738,211.66588737840064,1784000
2021-08-30,210.91702270507812,211.9600614395304,210.26624064403074,211.58563832483108,2245600
2021-08-31,212.8531951904297,213.09520657172146,210.35230149631468,211.32038805426927,2938100
2021-09-01,213.47171020507812,214.26948344320093,212.6291291570544,213.22969879226167,2197100
2021-09-02,215.01344299316406,215.0851546265112,213.67785314516058,214.4128734511767,2140200
2021-09-03,214.07229614257812,214.81627539826584,212.89803333714812,213.68684775848178,1339300
2021-09-07,211.7147674560547,213.88399284360867,211.49963257884494,213.88399284360867,1820000
2021-09-08,213.89297485351562,214.64594016657344,211.54447698584235,212.26157964334737,2718400
2021-09-09,213.88404846191406,216.41181895787713,213.1310967122738,213.7137350162007,2992200
2021-09-10,214.3949432373047,216.31319866471702,214.26945129769408,215.41682375961395,2035200
2021-09-13,216.214599609375,216.74345752744364,214.98655667310558,215.8739727643023,2294800
2021-09-14,216.14291381835938,217.1468494679642,214.6818181530544,216.68073062596306,2013800
2021-09-15,216.0084228515625,216.26837923596244,213.49857035794057,215.5512765695568,2507200
2021-09-16,218.00733947753906,218.34795262944724,215.08514862989506,215.3899128049269,3410700
2021-09-17,217.36196899414062,219.28021086161155,216.81517972138693,218.57206698369302,4756600
2021-09-20,214.31427001953125,216.88687526482406,212.11815426581916,215.02241384490003,4549900
2021-09-21,215.57818603515625,217.23648524492702,214.5921680708174,215.12999853820168,2008300
2021-09-22,217.9356231689453,220.382722696692,216.44763762500182,216.7434429688649,3361900
2021-09-23,219.4146728515625,220.46342996716135,218.2942040941795,218.48244886356258,2941700
2021-09-24,220.88470458984375,221.74523052512697,219.8269887569371,221.0819081650629,2508800
2021-09-27,222.39959716796875,223.10772738508666,219.86285432945812,220.5082454102324,2463300
2021-09-28,218.50927734375,222.0409960585843,217.73839450915372,221.66450662608494,3007500
2021-09-29,218.9664764404297,220.24829975907815,217.95356834813236,219.05611940841226,1719000
2021-09-30,216.12498474121094,219.98835894480146,215.86504199979893,219.40572064442426,3136800
2021-10-01,217.75636291503906,219.33399160154278,215.3540845825487,217.88186854018954,2076000
2021-10-04,217.89083862304688,219.44156355742368,216.79726001889293,216.976532285004,2236500
2021-10-05,219.80905151367188,221.29703711297492,217.82805698958825,218.68858290171391,2463100
2021-10-06,221.49423217773438,221.548012480628,217.83702112742532,219.2174323862092,2107900
2021-10-07,222.58779907226562,224.04888070975244,222.01410606417986,222.30095256822273,2423900
2021-10-08,222.0320587158203,223.762069375207,221.50320081048886,223.42144253833808,1687500
2021-10-11,221.0281219482422,223.32283947750776,220.91158883574818,222.39061561034188,1504000
2021-10-12,219.18162536621094,222.8388371165888,218.87684746214805,222.05898154256576,2346700
2021-10-13,217.50535583496094,218.598934266046,215.04032495265514,218.0611175528272,3214300
2021-10-14,219.2084503173828,219.98829198183782,216.9585409158781,217.71150610933105,2512000
2021-10-15,217.1468048095703,220.84883727252452,216.913752275298,219.8269705028774,2564700
2021-10-18,217.15577697753906,218.22246529021237,216.142882647706,217.29920024325548,2484900
2021-10-19,217.61294555664062,218.6527300803282,216.50143571965515,218.01631153956734,2071600
2021-10-20,214.87904357910156,217.5054160997908,214.49359516744892,215.48857209181895,3040200
2021-10-21,216.38485717773438,216.84201704966603,214.511437250183,215.28232007515726,2702400
2021-10-22,213.7316436767578,217.1378711969428,213.33723651327585,215.76641862785087,3283700
2021-10-25,212.74563598632812,214.4577154929494,211.99268428038678,214.43978416349458,3178400
2021-10-26,211.9209747314453,213.69579339227758,211.6699908269881,212.86217121195835,3066400
2021-10-27,217.5771026611328,219.27125088537045,214.09917691808673,216.07119920740925,5249400
2021-10-28,220.06002807617188,220.5799271361561,217.39779364841547,218.17763539959435,3448500
2021-10-29,220.10488891601562,220.58892540871568,217.34405221285942,217.8191298792937,4329400
2021-11-01,224.61363220214844,225.6086089242165,219.91662263243694,220.32896111948327,4456200
2021-11-02,223.41246032714844,226.08365340442572,222.4443739007486,225.6713149778207,2624300
2021-11-03,224.4522705078125,225.1066340356516,222.22030575034213,222.29201738397913,2399000
2021-11-04,227.1951904296875,227.84056778071246,224.27299947298974,225.09766274787262,2711000
2021-11-05,228.31565856933594,230.8434286946069,228.23497443273706,228.29772724147,3224300
2021-11-08,226.8725128173828,229.158258073382,225.82374205492138,228.378416217928,2471300
2021-11-09,226.46910095214844,227.40133845795066,224.49707901269804,226.7021671673964,2258900
2021-11-10,226.8994140625,227.4282720437116,224.81981744285136,224.81981744285136,1794300
2021-11-11,224.23715209960938,227.07865893986906,223.430406469262,227.07865893986906,1640500
2021-11-12,224.6942596435547,224.99902377959768,223.09871366357274,224.22814093822265,1625200
2021-11-15,226.72903442382812,227.46405461610925,224.6942598849441,224.6942598849441,1709200
2021-11-16,226.29879760742188,227.8495222473518,226.22708597907442,227.23102142075,2195500
2021-11-17,226.5049591064453,227.08759727780222,224.55982735699277,226.2539752470059,1412000
2021-11-18,227.21310424804688,227.22207675064584,225.06180997399014,226.92627139438383,1751200
2021-11-19,225.84165954589844,227.06970249352034,224.29989358118456,227.04279866239074,2743100
2021-11-22,227.21310424804688,228.9789638830199,226.07471798080286,226.48704277249263,2438700
2021-11-23,229.1582489013672,229.2837408463898,226.82768225414725,228.40529723123132,2770000
2021-11-24,230.46694946289062,231.07650521671812,227.72405799143675,228.1274239820154,2642800
2021-11-26,224.1027069091797,226.92629634158604,222.5430231761827,226.34364439001158,2573300
2021-11-29,224.36265563964844,226.17333689193373,223.94135831345932,225.75203956574464,2084600
2021-11-30,220.46885681152344,223.44328247813564,219.88297467005074,222.9745932690672,3836100
2021-12-01,220.09024047851562,226.1472751621241,220.0271535304688,221.51436609643653,3275300
2021-12-02,224.2544708251953,225.64253503427904,220.8293596392891,221.4242501946491,3290500
2021-12-03,224.73219299316406,225.9489996382852,223.14583185622726,225.62452886899175,3229900
2021-12-06,230.55487060546875,231.58240263826684,227.4722745070745,227.4993137379305,3616800
2021-12-07,234.26837158203125,234.6920044513487,231.14972838843315,231.60040048316057,2596200
2021-12-08,233.97097778320312,236.88233022874803,233.52932780950988,234.3495545512612,3453100
2021-12-09,236.45863342285156,237.14366381500054,232.8712736150739,233.8988192032974,2955100
2021-12-10,238.82916259765625,239.09955484226575,236.53974073487979,237.8467007664541,2529600
2021-12-13,237.13465881347656,239.6313725191187,236.51272907155968,238.1531822315968,2878800
2021-12-14,236.6209259033203,237.5853710289324,235.9269006062945,237.0535811249492,3695500
2021-12-15,238.42359924316406,239.4601672584611,235.62043149815585,236.2964397654295,2641800
2021-12-16,239.3520050048828,240.55983076033678,238.03604982458964,239.3610272514733,2347700
2021-12-17,235.8817901611328,238.72101891405916,235.14268130916633,237.95487083613497,5943200
2021-12-20,235.90887451171875,236.1161661147643,232.93442155320858,234.01604581209367,2824500
2021-12-21,238.30645751953125,240.19026400206346,237.43215235712657,238.21631757876673,2851800
2021-12-22,238.8022003173828,239.25287254150308,238.01803504850955,238.24337116056967,1795100
2021-12-23,239.71250915527344,240.99240255902401,239.26183703992743,239.6854699286264,1509800
2021-12-27,241.77655029296875,241.79459478066755,239.75754816325676,240.18118102156322,1485500
2021-12-28,241.45211791992188,242.65991599328004,240.8842666041004,241.1816981230879,1304000
2021-12-29,242.0019073486328,243.11057067157955,241.51520126164064,241.96587338378825,1318500
2021-12-30,240.8482208251953,242.6959932833494,240.3885539022595,242.46163494552323,1714600
2021-12-31,241.62338256835938,242.56978311769706,240.84821213643224,241.56028186324454,1519200
2022-01-03,242.08303833007812,244.02095056725835,239.3609884652181,242.90326493827203,2750600
2022-01-04,242.02003479003906,244.39957010700337,241.8036933926039,242.91235709554408,2506000
2022-01-05,240.83016967773438,243.6153200784159,240.56877214622742,242.73199282078318,2473000
2022-01-06,243.0835418701172,244.04798685451948,241.3799879720508,241.66842474423842,2908400
2022-01-07,240.71299743652344,243.5161924068662,240.65891898112017,242.0650138352938,2209100
2022-01-10,238.324462890625,240.40656613863234,236.16124195193711,240.39754389294117,3122400
2022-01-11,236.26039123535156,237.90986690171792,234.63798230773227,237.4952286701399,3206200
2022-01-12,235.1787567138672,237.90982872478037,234.60188318346673,237.38703364949944,3044000
2022-01-13,235.62042236328125,237.81970470809424,234.8813134180737,235.62042236328125,2371300
2022-01-14,232.28543090820312,235.46717517401416,231.7897025479534,235.377062749856,3460100
2022-01-18,231.1768035888672,231.73563267219777,229.2208742903641,231.609431262751,3076500
2022-01-19,230.0410919189453,232.50177174514184,229.91490426786515,232.14121202190293,2304700
2022-01-20,228.15733337402344,232.64601129480465,227.95001424047524,231.30301681737905,2602200
2022-01-21,229.47328186035156,232.9614805056193,228.66207735093928,228.97753965863296,3738100
2022-01-24,228.5899200439453,228.86933456609435,223.33508131830536,227.48127044678478,5153100
2022-01-25,225.94900512695312,227.61649775014294,222.69516508171515,226.08421503753343,3908600
2022-01-26,225.20089721679688,229.1307592353319,223.4072169623276,228.04012649190767,3839000
2022-01-27,224.2003631591797,227.5533647118678,221.05466692329045,224.97551972788546,5199000
2022-01-28,230.8252716064453,231.05962993995684,222.77627315157756,225.33608780825776,3833200
2022-01-31,233.8538055419922,233.89886175731837,229.33806148968876,229.8608428696535,3174200
2022-02-01,233.43914794921875,234.2593745507227,230.36557438497618,234.12417840912195,2496500
2022-02-02,236.4045867919922,236.7020183141305,232.98848412243893,233.29493788995424,2371500
2022-02-03,234.9263916015625,236.87327108392233,234.41261874881846,236.15220664651832,2242200
2022-02-04,234.40362548828125,235.90888275871882,232.35758357634373,234.23236784952343,1989700
2022-02-07,234.21435546875,235.77366372714732,233.60144785843372,235.25089606113616,1959300
2022-02-08,234.4215850830078,236.49469322633095,233.53828538024143,234.8001617462232,2920000
2022-02-09,234.2233428955078,236.94542059154907,233.81775441907158,236.1432108711838,2379300
2022-02-10,231.5283203125,234.74612626489474,230.71711589351185,233.0876559507632,3246600
2022-02-11,229.98704528808594,233.23189069835266,229.59946003607593,231.52833654289435,3592700
2022-02-14,228.3916473388672,230.96949276434472,226.85034242832856,230.66303898208392,2825800
2022-02-15,228.7702178955078,231.57341325772967,228.54488179754472,229.68058453347007,2171500
2022-02-16,228.1212615966797,229.4823005067194,226.4177211509011,228.73418296921324,2941800
2022-02-17,226.17431640625,227.9319487769606,225.33607281701345,226.6700585171319,2831900
2022-02-18,225.87693786621094,227.40019852281696,225.3451341570422,225.64257949332875,2813500
2022-02-22,227.7697296142578,229.57241843392495,224.97557019582828,225.34511095125765,3980500
2022-02-23,223.34410095214844,228.80625903410922,222.70415419273664,228.51782225271262,3497200
2022-02-24,220.85641479492188,221.35215696013697,215.97112985123422,218.96358607443665,4856000
2022-02-25,224.84036254882812,224.91247175275262,219.5945451824963,221.73072705424013,4549700
2022-02-28,221.84933471679688,222.71037237366565,219.66500779858157,221.5502348050556,4410400
2022-03-01,217.19068908691406,220.7889333936822,215.98523063727256,219.61066459230884,3910700
2022-03-02,218.37799072265625,220.00943857587487,217.17253241527615,218.29642178747815,4482000
2022-03-03,214.48973083496094,219.64691284883983,213.6105619944614,218.44145439918648,4707400
2022-03-04,213.72837829589844,214.2540678427514,209.94886531776828,212.64980955579776,4184100
2022-03-07,203.3234100341797,212.3688642618223,203.1965203935891,212.3688642618223,5425000
2022-03-08,201.92759704589844,208.22679946385924,201.39284886884218,203.3233968316942,5258800
2022-03-09,201.63754272460938,205.96993452033684,201.22061179948665,205.5530035952141,5630500
2022-03-10,201.21156311035156,201.25688379595732,197.29608821686406,199.5801152380651,5444900
2022-03-11,205.6255340576172,207.6557819340979,203.20555869181948,203.69499999227827,6126300
2022-03-14,205.00015258789062,207.0485315860603,202.26295995961098,205.54397320314143,4436100
2022-03-15,210.7918243408203,212.60454152448503,206.6316278935595,206.6316278935595,5087400
2022-03-16,215.84019470214844,215.903646430244,212.41416096322007,212.87639878103573,4173200
2022-03-17,215.23297119140625,215.23297119140625,212.57733338397702,214.29942296867495,3752800
2022-03-18,216.54714965820312,216.79187030128472,213.8915261552631,215.01540173250984,5336500
2022-03-21,213.28427124023438,217.60759097055902,212.15132320882043,217.14535315251763,3704000
2022-03-22,215.82208251953125,216.11212387914242,214.3265965200942,214.8432136757434,2938100
2022-03-23,214.0093536376953,215.72237056179594,213.85527436017574,214.92478452698484,2200500
2022-03-24,217.76165771484375,218.46861613937836,214.3265655663965,215.31449287376776,2337500
2022-03-25,218.95809936523438,219.202820045218,217.00942019192374,218.01547873192985,2134800
2022-03-28,220.1907196044922,220.19977821003337,217.399133975334,219.25717152625904,2041800
2022-03-29,224.93093872070312,225.36598683439084,221.84932601802555,223.28137379842494,2657400
2022-03-30,225.71044921875,227.04279727923836,224.33278046866647,224.33278046866647,2227300
2022-03-31,224.1243133544922,227.8131988340753,224.1243133544922,226.33583015513545,3803400
2022-04-01,225.90989685058594,226.07303477162748,223.1273691156018,224.885707135373,2023000
2022-04-04,223.71646118164062,224.11526111832768,219.68316878547864,223.6801990983422,2500700
2022-04-05,225.23916625976562,226.3539972733057,222.4475801672947,223.05485258764634,2532500
2022-04-06,227.9128875732422,228.74673563515293,222.9460336223938,224.45059187385368,2886000
2022-04-07,230.5413360595703,231.55645309871574,226.17268168908797,227.30562975239576,4041800
2022-04-08,227.9128875732422,231.18484192494395,227.42344629629426,229.34492166374375,2551000
2022-04-11,226.9974822998047,229.25431993106142,226.52617201003787,227.72257186176907,2326700
2022-04-12,225.83734130859375,228.66517534695848,225.50199309582004,227.2512583277761,2724900
2022-04-13,227.7951202392578,228.09422025213573,225.70143397904772,226.0095925996121,2133800
2022-04-14,227.0518341064453,229.97030921329653,226.97932377603476,227.79505462070512,2105900
2022-04-18,227.55032348632812,228.84642310898323,225.8010585218936,226.25423769360376,1426600
2022-04-19,231.4839324951172,231.99150482210788,226.62585086194653,226.62585086194653,2324500
2022-04-20,231.89183044433594,233.6501681675024,230.95828228491183,232.02777868893816,2278700
2022-04-21,231.34800720214844,235.29971698673037,231.0126589826152,233.52326207090056,2476900
2022-04-22,226.7436981201172,231.12141121567663,226.53523954316657,231.12141121567663,2643600
2022-04-25,229.19992065429688,229.42651025828764,224.7134354313346,226.09110409597926,2523000
2022-04-26,225.30258178710938,228.77393625822427,225.07599217800214,226.70744012956075,2948500
2022-04-27,223.99742126464844,227.46877570227034,223.91585232534055,224.75875902471935,2706500
2022-04-28,230.38723754882812,232.37216460282224,224.84938732450615,226.53521445516526,3547400
2022-04-29,225.8282470703125,230.9854282321459,225.50195751506678,230.4687973405357,3388000
2022-05-02,223.54425048828125,227.99447385536348,219.57439599960813,227.36908430386757,3418700
2022-05-03,222.84632873535156,224.63185583648732,219.59250549559033,224.22399733463925,2562000
2022-05-04,230.50506591796875,230.92198302091344,223.1091783438248,223.1091783438248,3289300
2022-05-05,225.61074829101562,230.65917159829255,223.6711417218672,229.2089925169021,2925900
2022-05-06,227.2965850830078,228.81020212880023,224.50499922426374,224.94911987108665,2964500
2022-05-09,224.31468200683594,226.4989955966059,223.68021995933537,223.87056133957233,2918900
2022-05-10,222.67413330078125,227.3872082188607,221.99436447566583,225.6741913327671,3070800
2022-05-11,221.54119873046875,223.68020531676535,220.4354540979134,222.302550371643,2833200
2022-05-12,221.32366943359375,223.30859662780543,218.54114238747874,222.34785889524852,2861000
2022-05-13,222.09408569335938,224.03369237329156,219.59254115651046,224.00650272408163,3255200
2022-05-16,221.18768310546875,222.49284132725012,218.18763921425418,221.56836577843058,2147100
2022-05-17,219.00341796875,223.87055889236967,217.03662160082607,222.9642003543439,3204900
2022-05-18,209.4141082763672,217.5985234121659,208.7977773810718,217.03658563728328,3946100
2022-05-19,207.55609130859375,210.41111498021044,206.95789139437198,208.00927054725878,3518300
2022-05-20,212.00631713867188,212.14226537982904,207.18448334661383,209.71323127160105,3208200
2022-05-23,215.7133026123047,216.51996104786772,211.63468974778633,213.68305478541342,3053500
2022-05-24,221.622802734375,222.7829406045194,215.2148409677786,215.26016166253655,5258200
2022-05-25,221.16053771972656,222.69228583293176,218.96715175860479,219.8644516731274,2641700
2022-05-26,224.85845947265625,225.9823489040977,222.60163583418532,222.96417367404018,1972300
2022-05-27,228.2845001220703,228.2845001220703,225.48385580933194,226.13643500471812,2063800
2022-05-31,228.5926971435547,230.46885216003332,225.34793185845604,226.5896386526939,3924700
2022-06-01,225.93701171875,229.6893347899755,224.9490844218415,229.48087623877717,2264100
2022-06-02,226.9340362548828,226.98841554984085,223.16358173188914,226.22707776056308,2089700
2022-06-03,226.35076904296875,228.09151150041308,226.17760428766735,226.4145585332167,1838900
2022-06-06,226.0864715576172,227.41708109056034,225.41204407366885,227.0069620949705,1569300
2022-06-07,226.87936401367188,227.65403011947137,223.77154906004358,224.19989957419557,2782000
2022-06-08,223.8444366455078,226.46009740274783,223.18824077713168,225.93149440285708,2101300
2022-06-09,220.70016479492188,224.19986669353463,220.58168074046628,222.03077410224796,2682600
2022-06-10,216.3437957763672,218.2850293712228,216.1432906867079,217.9842717367339,1992300
2022-06-13,217.33718872070312,218.82274529812614,212.06028104518575,212.16053358550104,4697000
2022-06-14,217.60150146484375,221.37462135082717,217.47390857620013,218.69517068931117,3564800
2022-06-15,217.72906494140625,220.17157493109835,215.19542513304012,218.60399742147297,3152100
2022-06-16,214.34783935546875,216.28908660113433,213.0992510215754,215.15896841800767,3272000
2022-06-17,213.609619140625,214.62125325054666,211.59545973021184,213.46379475026637,7236300
2022-06-21,218.3579559326172,218.82276953764975,213.3909280447798,215.28660380381552,3263500
2022-06-22,221.5204315185547,222.8783952440795,217.23694035354094,217.62882780538672,3054300
2022-06-23,221.9943389892578,223.3705202434765,219.15083275523557,222.10370033469556,1937000
2022-06-24,225.9315185546875,226.02266228759723,222.8237175172347,223.52547141563116,3104800
2022-06-27,225.13861083984375,226.7244199380118,224.71938306303025,225.9315084356375,2059200
2022-06-28,221.31082153320312,227.80897755285682,221.02829542914534,225.16596225916217,2381700
2022-06-29,225.78570556640625,226.81555742273022,223.38876726438744,224.32748929538576,2997200
2022-06-30,225.00189208984375,226.56034682591147,223.69860918066468,226.25048042192577,2786200
2022-07-01,230.54310607910156,230.70714809936067,224.19988373739224,224.51887287444745,2531400
2022-07-05,229.93246459960938,230.5795516737947,227.53554037662892,228.89349010089975,2390700
2022-07-06,229.17605590820312,230.45198476736732,227.27125752380442,230.09654644898717,1948600
2022-07-07,230.52490234375,232.32943431704956,228.92086156163316,230.81653727267368,2396700
2022-07-08,230.79830932617188,232.0560066299293,229.95983982147317,230.21502558783445,1450300
2022-07-11,230.834716796875,232.7668412237752,229.74106172328203,229.74106172328203,1478100
2022-07-12,229.19424438476562,232.96736371029596,228.5380485101882,230.55220799593442,2112800
2022-07-13,230.27880859375,232.22005603217744,226.25961202682876,226.89759033135408,2205300
2022-07-14,230.2150115966797,230.67070242414218,227.49908425226536,227.74516119293762,2371000
2022-07-15,232.41143798828125,233.66916306757736,230.98968478777576,231.5091790222732,2627200
2022-07-18,230.05099487304688,232.940073542731,229.73201958341107,232.6210982530952,2164400
2022-07-19,233.76939392089844,233.8787552691183,230.5522177993478,231.38157844089596,2181300
2022-07-20,232.01954650878906,234.1430674621934,231.00791230191544,234.02458339534945,2183700
2022-07-21,231.0078887939453,232.2200279567826,229.9598055459342,231.48181110651294,2056500
2022-07-22,231.4818572998047,231.97399732933357,230.0783216073513,231.26312067191296,2226600
2022-07-25,228.19175720214844,232.22006269512892,226.62417954703264,232.0104487954859,2860400
2022-07-26,234.30711364746094,236.2483610832066,226.66062188000683,227.44441068399317,5272300
2022-07-27,235.9475860595703,236.8771852405583,232.11977237191044,233.13140646252128,2718300
2022-07-28,240.1125946044922,240.60474846858997,234.73544859150036,235.8655529037932,2849100
2022-07-29,240.03060913085938,240.923773266351,238.8731643110517,240.28579491054785,2653800
2022-08-01,240.8143768310547,241.93535842958977,239.1556555980893,239.27413965946684,2384000
2022-08-02,237.91615295410156,241.92625420079494,237.77035637527533,241.1697919056946,2375200
2022-08-03,238.86402893066406,239.62049132500047,236.74052178509484,237.9161841649978,2305300
2022-08-04,237.5425262451172,238.94603395850734,235.76532090505526,238.50858856759535,2089600
2022-08-05,236.25746154785156,236.9865557006348,234.2888739595459,236.63113134042968,1818500
2022-08-08,234.04281616210938,237.78860951962358,232.7122066295475,236.95924881120482,2253500
2022-08-09,237.01390075683594,237.15060243656072,233.64177765344016,234.13393151360899,2315800
2022-08-10,238.19871520996094,240.34046783456424,237.4149402737708,238.78201286651804,2967900
2022-08-11,236.30299377441406,239.93939705253987,235.71060136313093,239.87562148565542,2007000
2022-08-12,238.94602966308594,239.24680117709175,236.54909152021358,236.54909152021358,1530800
2022-08-15,241.9171600341797,242.08120206458753,238.0984684962114,238.97338713821543,2342700
2022-08-16,242.6918182373047,243.4573754569289,240.84171466992296,241.55259121765684,1828000
2022-08-17,243.17486572265625,244.22294908853237,242.0447335302712,242.3910630176233,1699100
2022-08-18,242.95611572265625,243.66699231966967,241.89893745071754,242.4275265866869,1591900
2022-08-19,242.919677734375,244.02244176568698,242.00829606578233,242.37284317058715,1833800
2022-08-22,239.6478271484375,242.23614781734526,239.11921019146024,241.06045764643156,1986700
2022-08-23,237.45132446289062,240.01230404430694,237.4422017484235,239.3469855907452,2211100
2022-08-24,237.74298095703125,238.7819692882195,236.83159939486248,237.60627928533754,1777200
2022-08-25,239.29234313964844,239.401704478101,237.14149598165892,238.77284896884038,1330400
2022-08-26,234.17953491210938,239.87567043912932,233.66916339394132,239.51109551487065,2357800
2022-08-29,233.0038604736328,233.9608001814772,232.02867533044736,232.85803605672217,2017500
2022-08-30,231.02613830566406,233.96989712655088,230.18766886066084,233.313701229317,2051300
2022-08-31,231.18191528320312,234.29756894082064,231.10860397585068,232.9138547191362,3119200
2022-09-01,235.02149963378906,235.07647961635217,230.70538922746633,230.76038319273098,2577800
2022-09-02,233.2254180908203,236.9550382298073,232.17159775724494,235.88290055635738,1791300
2022-09-06,233.1154327392578,235.2597498007919,232.18990379908632,233.18874403888043,2645700
2022-09-07,236.80844116210938,238.09135407533714,233.63779355841496,233.8027335118148,4185200
2022-09-08,238.32957458496094,239.24594488213774,235.8095562677248,236.2860867201141,2448900
2022-09-09,237.81642150878906,238.93439444662195,236.6159785958788,238.4945545795425,2007000
2022-09-12,238.59535217285156,239.53921254882667,237.724817088151,238.25629960556995,2204300
2022-09-13,233.06045532226562,237.29409553013204,232.45564758075602,236.1852673546636,2604900
2022-09-14,234.3342742919922,236.67100796971124,233.09716847685473,233.67448638827952,2745200
2022-09-15,232.27236938476562,233.88517599792772,231.37433045106062,233.69274607491255,2289500
2022-09-16,233.5919647216797,234.42586507977555,230.69623111626862,230.78787374256325,4304100
2022-09-19,235.516357421875,236.01117728590998,232.16243851639425,232.75807366300216,2195800
2022-09-20,234.04098510742188,235.039825447202,231.640099230926,234.68245554765693,2140200
2022-09-21,230.082275390625,235.4247163538171,230.082275390625,233.79357820523316,2438800
2022-09-22,227.20489501953125,229.4866485253397,226.93913975472958,229.44999985917926,2300500
2022-09-23,225.3813018798828,228.26787709093466,223.768494975333,226.53593755738473,2672100
2022-09-26,223.3744354248047,225.65620267035072,222.16483381246007,225.37213009406912,3179100
2022-09-27,216.9048614501953,224.4465855990465,216.77657015908287,224.12586436261637,4193800
2022-09-28,217.12478637695312,218.58181183338704,214.21072148138387,216.38252865321138,4202400
2022-09-29,214.79721069335938,217.7845870701634,213.01946390813094,216.55665412130278,3053200
2022-09-30,211.44329833984375,215.19124969328644,211.29667572886413,213.80753550675846,3629300
2022-10-03,215.6585693359375,217.0422973498975,212.33215486664673,213.99078276696943,3286700
2022-10-04,218.55435180664062,220.8910992451391,216.4558696335072,216.9140548574205,3685700
2022-10-05,219.09500122070312,220.30461689154166,216.39171126764805,217.09732040897055,3033000
2022-10-06,215.11795043945312,219.8189350449271,214.8522091770289,219.32408720082321,2999200
2022-10-07,213.6884002685547,214.9804857944111,212.67122863924033,214.39400934038218,2294300
2022-10-10,215.30120849609375,216.50165140375762,213.89000432547482,213.89000432547482,2668700
2022-10-11,217.22560119628906,219.12248061031858,214.36651610481076,214.5772913595825,3169200
2022-10-12,217.2347412109375,219.9655207914175,217.2347412109375,217.42718512644132,2709300
2022-10-13,226.11439514160156,228.4511424472042,214.85220913070685,214.85220913070685,5026900
2022-10-14,222.8246307373047,228.57026310141578,222.13735293447488,228.24954184971685,2918300
2022-10-17,225.86697387695312,226.54509301153007,223.16368397434275,225.243848712236,2758200
2022-10-18,228.35035705566406,229.47748880576918,226.57259612687983,228.51529702668765,3123600
2022-10-19,229.77989196777344,231.40187159093824,228.28620364921073,229.09261412539726,3021300
2022-10-20,228.88185119628906,230.69626077201028,228.2220633537171,228.68024857868633,2410700
2022-10-21,233.2620849609375,234.0043427376637,228.63441170700082,229.28504083458816,3254900
2022-10-24,233.96768188476562,235.38804472538732,231.9058486200805,233.93101924085826,4125100
2022-10-25,234.3433837890625,235.76376061657902,233.12460955552646,233.2804048185401,2689000
2022-10-26,235.14979553222656,238.8886024345781,234.70078298398838,236.27694119470414,3582600
2022-10-27,242.9389190673828,244.66169972185799,240.32728606043312,241.00539113980645,4145700
2022-10-28,251.5619659423828,251.82772116102012,243.74532836303635,245.1382291238368,4647600
2022-10-31,249.8574981689453,250.7463783676196,248.16220773245536,250.22404065011645,3336100
2022-11-01,250.12326049804688,250.89300812011425,247.1083946709,250.80136550585394,2740900
2022-11-02,247.75906372070312,253.53221409327995,247.70408373323716,250.16912237778183,3069900
2022-11-03,250.12326049804688,251.708563066612,245.93544191840695,246.80597684038096,3225400
2022-11-04,251.65365600585938,252.65249647028412,249.37190246627475,252.5517091411751,3256500
2022-11-07,253.2938995361328,254.82422216508243,252.06596677938873,252.06596677938873,3029500
2022-11-08,255.11746215820312,256.1437923241179,253.3763643434977,253.70624419737047,2628800
2022-11-09,254.55853271484375,256.81279599297915,254.4577174322118,255.21832049934733,2610800
2022-11-10,252.80824279785156,258.1140346643118,249.78420402909603,257.94906675663265,4510900
2022-11-11,248.69375610351562,253.8345802070594,246.66855754872293,253.2205997840917,4742800
2022-11-14,249.50018310546875,251.73612933705317,247.95151474100066,248.2722500054032,3357400
2022-11-15,245.44058227539062,248.36380534656683,244.06602702431962,247.64903773462584,5429100
2022-11-16,249.72010803222656,251.4795235493175,246.4303416339046,246.4303416339046,4132700
2022-11-17,250.49896240234375,251.40618798183775,247.93313684460583,249.31686489470798,2467400
2022-11-18,250.50819396972656,252.09352496974014,249.3627308682332,251.0122145136283,2699200
2022-11-21,251.5619659423828,251.98351641757367,250.260735770522,251.68109855644101,2974200
2022-11-22,251.781982421875,252.2768023860497,251.36043183184623,252.00190240595265,2770400
2022-11-23,250.41656494140625,252.59753127967423,250.0591949763254,252.50588863349142,2514800
2022-11-25,252.0018310546875,252.2950762607022,250.04078520054168,251.55281855919145,1596600
2022-11-28,250.0591278076172,252.86321864206286,249.60094266518615,251.89186837734124,3160500
2022-11-29,248.7120819091797,249.17943974010373,246.93432117965355,248.3363667070217,2873500
2022-11-30,251.3845672607422,251.8637534812328,247.73528254078775,248.46330024662967,5196500
2022-12-01,251.94664001464844,252.72072289570468,250.09438131183254,251.72548151231868,2599600
2022-12-02,251.94664001464844,251.9927334512352,248.46325298844422,248.63834617708932,2807500
2022-12-05,250.27867126464844,251.1817820227406,248.81343993754228,249.753391697506,2586900
2022-12-06,250.44454956054688,251.91900525502365,248.8410941088639,250.4721943744413,3573000
2022-12-07,249.1267852783203,252.48117293836088,248.50937501398775,251.11729639698638,2766400
2022-12-08,251.9374542236328,252.1033231072259,249.38479453798084,249.73498092972395,3022700
2022-12-09,250.69337463378906,252.64701642705907,250.3984778778118,252.1401573546789,1677400
2022-12-12,254.9139404296875,254.99687485785932,249.9376778790865,250.83156421324784,3230500
2022-12-13,252.75758361816406,257.936584610173,252.16781825725582,256.8123153891998,3390100
2022-12-14,252.98802185058594,255.33791574325642,250.93299664152025,253.62388078585582,2660900
2022-12-15,250.40769958496094,252.84975180114483,248.0854228094257,252.3060517321003,2735300
2022-12-16,245.2379150390625,249.753412968291,244.90617725655235,249.1912923514028,5932500
2022-12-19,244.97061157226562,247.3574019827609,243.90166019365216,245.35766702672123,2160800
2022-12-20,246.2792510986328,246.91510997431388,243.78190903674195,245.97515812991372,1785600
2022-12-21,247.11782836914062,248.75815290237645,246.33452116622917,246.49119385597245,2366800
2022-12-22,244.91539001464844,247.08099442888397,242.96174794662542,246.29768711442773,2366700
2022-12-23,246.5741729736328,247.2929663684864,244.01231670757446,245.03520310209748,1269000
2022-12-27,245.90138244628906,247.77208966051523,245.68022395724572,247.5785759826023,1674700
2022-12-28,244.30714416503906,247.09941094169133,244.2703031623256,246.97038306348568,1427800
2022-12-29,245.06283569335938,246.79531920551852,244.09523898341607,245.07206000658562,1393900
2022-12-30,242.8511505126953,244.55598909948006,240.88828427816887,244.39012020941132,1720100
2023-01-03,243.5883331298828,243.60678175279716,239.146574057144,242.85111940872886,2743800
2023-01-04,243.64364624023438,245.63412887405985,242.2613494471943,245.35768076461193,2584100
2023-01-05,241.58860778808594,243.9845943841132,240.86981462156763,243.9845943841132,1945600
2023-01-06,248.32501220703125,248.71206768295352,242.72211491628656,243.06307695872508,2855400
2023-01-09,246.2792510986328,248.7673969706808,245.8369059303185,248.7489483451856,2654600
2023-01-10,247.80894470214844,247.98403787032552,246.0119477120777,246.03039633371665,1718400
2023-01-11,247.7168426513672,248.57386006673772,246.01200401065122,248.37112204260546,2391400
2023-01-12,245.76321411132812,248.73977069143206,245.30244840608702,248.35271512495055,1933000
2023-01-13,247.7906036376953,247.84589327453872,245.0167849901165,245.4867750261934,2168900
2023-01-17,252.60092163085938,253.7805086484225,248.8318621305535,248.8318621305535,3640200
2023-01-18,245.16416931152344,252.84051186441735,244.86927257683757,252.0480085282122,3276500
2023-01-19,242.897216796875,248.02095689026166,242.85115147930736,245.79083868647842,2845400
2023-01-20,247.5048370361328,247.5693509695544,242.20603264225127,243.6804881851288,2588600
2023-01-23,248.15921020507812,249.8916938178989,246.7492682219477,247.74450980648948,2434000
2023-01-24,248.40798950195312,248.9609139388619,240.72242138534585,240.72242138534585,2517100
2023-01-25,251.5780487060547,251.64256264752754,247.72605456327577,249.11754772375295,3097400
2023-01-26,253.1630859375,253.19073075224742,250.38007146894554,251.57805093853884,2222500
2023-01-27,251.0803985595703,253.70676826818823,250.62885724269609,253.42109582817773,2203200
2023-01-30,249.63363647460938,251.18180236566394,248.86874971884365,250.3524297899493,2862400
2023-01-31,246.41748046875,246.51886354243737,242.59313094266793,244.28874527327355,5477900
2023-02-01,245.3761444091797,247.394300331706,242.82351267344288,246.06729292722554,3557700
2023-02-02,242.5562744140625,245.1089344169745,241.45964978695218,244.10446855539325,3735600
2023-02-03,243.4962158203125,244.40852277162944,240.84220128240617,242.0217601744865,3008500
2023-02-06,246.89669799804688,247.15472565774812,243.6160204348373,244.19658969989152,2863900
2023-02-07,246.3621826171875,246.75843433995996,242.94330925411256,244.22422318009677,2514000
2023-02-08,242.19686889648438,245.02597680567717,241.85590680686974,244.2887348740335,2801800
2023-02-09,240.20632934570312,243.23817491076386,239.77320855069445,242.9985677960652,3534600
2023-02-10,241.82821655273438,242.07701983878056,239.86535070522916,240.39982639770204,3049900
2023-02-13,245.31161499023438,245.85531501972088,242.36270392149714,243.00778700618972,2418300
2023-02-14,245.68942260742188,246.528019383981,243.82793968588783,245.72629173026533,2202100
2023-02-15,245.64337158203125,246.67548209846714,244.3440091245139,245.37611964094978,1862000
2023-02-16,244.97061157226562,246.7030946222026,242.62071840483114,244.27026702657736,2785400
2023-02-17,248.80421447753906,248.8134387894155,244.50987545553647,245.4037618975849,3055600
2023-02-21,247.4772186279297,249.03460877011824,246.6109769586803,248.15917091147062,2824300
2023-02-22,247.56016540527344,249.25577950933538,246.65705466731475,247.15468941050844,2192000
2023-02-23,245.8461456298828,246.85061148057346,243.24742033383552,246.69396689148851,4217000
2023-02-24,242.9893798828125,245.3853670199997,241.67159680037628,245.04440491979364,2645300
2023-02-27,244.0030517578125,245.40376918240705,242.8603619672986,244.2334345783453,2024800
2023-02-28,244.60552978515625,245.22650482366063,243.5859868652833,243.89186388388524,2853400
2023-03-01,243.5025634765625,244.2533113488634,242.53862945726695,243.33573690166872,2058900
2023-03-02,247.997802734375,248.82268632700482,243.1225520391216,243.25232489935496,2385900
2023-03-03,249.38809204101562,249.6754139184849,246.7280311387985,248.78564385552454,2725800
2023-03-06,250.8432159423828,250.9729605021859,249.23047437571765,249.46218735455065,2217600
2023-03-07,247.58998107910156,253.16961997681835,247.30265921984258,251.6588466802303,2766600
2023-03-08,245.92161560058594,246.69091855931833,243.891835851281,246.4128460029797,2314000
2023-03-09,242.49229431152344,248.03485119239343,241.7878777372543,247.5528983330547,2339300
2023-03-10,242.86302185058594,247.0801870222517,242.14935601261595,244.43868152202015,3093100
2023-03-13,243.8362274169922,247.84023510330826,241.32446625511827,241.32446625511827,3552400
2023-03-14,246.44992065429688,247.41385457403803,243.39132062268533,243.87327343991794,3194400
2023-03-15,246.85777282714844,246.9226592594374,243.3635507640183,245.22650415976798,3419400
2023-03-16,250.77835083007812,250.8802909724948,246.08848200279226,246.3387218584971,3097900
2023-03-17,247.6549072265625,250.22227751421048,246.27387828108218,249.8515423091227,5075300
2023-03-20,250.93594360351562,251.52914256014816,248.2480780088217,248.2480780088217,2108900
2023-03-21,250.44467163085938,251.0563973466334,248.0441283390471,250.25004063024716,3120100
2023-03-22,248.27584838867188,252.08522493476613,248.12754866985446,250.28712973636394,2240800
2023-03-23,249.89784240722656,251.62180190933773,248.38706905693758,248.38706905693758,2263800
2023-03-24,251.4827423095703,251.9461683125097,249.17488986622124,250.59297230380466,2229200
2023-03-27,253.80917358398438,254.83799411487593,250.7783774245925,252.10376912823298,2799100
2023-03-28,255.6721954345703,256.0151262368843,253.503364592519,253.9482355640461,2036000
2023-03-29,257.1457824707031,257.8038393718601,256.22820817998604,256.7379653892124,2053400
2023-03-30,257.47027587890625,258.03564213369543,256.274628642755,256.9790453532447,1788800
2023-03-31,259.1571044921875,260.11178931785497,258.1283122286423,258.51760255975336,2902500
2023-04-03,261.5020446777344,262.178628555391,259.22196832414323,260.4361422176335,2352700
2023-04-04,261.6318054199219,262.68843037374677,259.88006968763443,260.8254486316244,2282300
2023-04-05,261.39080810546875,264.13431057190223,261.1683726620801,262.75328176678426,2600800
2023-04-06,262.1971740722656,262.7532626402579,260.97372265212636,261.77080178976735,1731000
2023-04-10,263.0220642089844,263.38355007248794,261.362991178953,262.4659473418214,1941800
2023-04-11,263.67083740234375,264.6532981487063,262.0673734405039,262.4566636821169,2732900
2023-04-12,264.43084716796875,265.8118757925572,262.7625249900789,263.0869288261342,2557400
2023-04-13,267.92510986328125,268.3607314272698,265.1816076246275,265.6079799027629,3229300
2023-04-14,267.8417053222656,268.7314753362722,266.58117187425074,268.1290271839269,2054700
2023-04-17,268.14752197265625,269.25975557110695,267.1001747959248,268.6387523501623,2371000
2023-04-18,269.6305236816406,269.8900411150106,267.86023293479315,268.2309680845675,2086700
2023-04-19,269.9642028808594,270.2700799157658,268.963215051351,269.63054969945046,2254000
2023-04-20,269.71392822265625,270.33493149948157,268.67585852283895,269.6768462232977,2274200
2023-04-21,270.6964111328125,271.13203273363393,269.25980174993344,270.93740172037167,2171200
2023-04-24,271.7530517578125,271.9662096419376,270.37202287081567,271.4100927152147,2995200
2023-04-25,270.1866455078125,273.4213500554846,268.25877743715637,273.4213500554846,5845200
2023-04-26,268.5646667480469,270.1773803099278,268.5646667480469,268.7685753362958,3290000
2023-04-27,273.161865234375,273.4677139966206,268.78712197970776,269.45445665534453,3142300
2023-04-28,274.1164855957031,274.5150251768259,272.4110812689016,273.2637692896629,2838200
2023-05-01,275.8125915527344,276.943352066086,274.02377407304897,274.08866049818414,2124400
2023-05-02,276.2668151855469,276.6282728000603,273.9589341979111,275.6180073945061,2083800
2023-05-03,273.6252746582031,275.5160608383442,273.0969621793683,275.05263479416226,2425500
2023-05-04,273.5696716308594,274.63554589815635,272.00328930529156,274.40383287112303,2005300
2023-05-05,274.9043273925781,275.29358941906844,272.9208504019079,274.13502434095176,1815800
2023-05-08,274.9877624511719,275.61801511508895,273.9496925846537,275.36777522110845,2969600
2023-05-09,274.9599609375,276.99901868686965,274.62627945670107,276.7858607959397,1637500
2023-05-10,274.8765563964844,276.2019482185955,272.34623977540383,274.70045222036794,1849300
2023-05-11,273.226806640625,275.2195334956932,271.90138631015924,274.81171620713275,1955100
2023-05-12,274.4779968261719,274.7467635720755,272.78184162886,273.59747600950374,1801700
2023-05-15,274.2554626464844,274.94135226419723,273.10617537909565,274.1349673777534,1700500
2023-05-16,272.6334533691406,274.5242389752771,272.47590440170484,274.29252602352955,2859500
2023-05-17,271.9939880371094,273.90330095070425,271.24324015774823,273.90330095070425,2802100
2023-05-18,272.54083251953125,272.8930408222778,269.83444038787405,271.7993621976393,2410700
2023-05-19,273.9310607910156,274.34815544955893,271.0763694568586,272.3461520020454,2371200
2023-05-22,268.1846008300781,274.941359048249,267.98996985247345,273.9310655940876,2514700
2023-05-23,265.422607421875,267.3968067425338,264.560641835054,267.07240287972456,2943900
2023-05-24,265.0055236816406,266.11772905757624,263.76351716966656,265.4967540868662,2262100
2023-05-25,264.6347961425781,265.9231341128729,263.88404821934193,265.81191638873133,2748100
2023-05-26,265.11676025390625,267.62852131328003,264.78307881769007,264.78307881769007,2148200
2023-05-30,264.07867431640625,265.4040658379052,262.9293586458043,263.161071637057,3385200
2023-05-31,264.2547912597656,264.80165889520566,262.623550781672,264.04163337724384,3104900
2023-06-01,266.81292724609375,266.97050455909744,262.8552786985865,264.07873034042126,2605300
2023-06-02,270.1300048828125,270.40022670567555,266.6172349272843,267.13902493565394,2869400
2023-06-05,268.7509460449219,270.67972058581734,268.3782429945383,270.2138346639829,1974500
2023-06-06,265.12640380859375,270.42818858278656,262.7410698447003,270.083409068777,2771500
2023-06-07,262.6665344238281,265.3127636256777,262.1167923282203,265.0425702054912,3614800
2023-06-08,266.28179931640625,266.5426943373176,260.89615832833124,261.7999782999571,3043700
2023-06-09,267.222900390625,267.67945957222656,265.31275072544787,266.03953174952323,1975900
2023-06-12,268.88140869140625,269.0491207993518,266.9526341437724,268.49937882191693,1885000
2023-06-13,268.86279296875,269.9250266730332,267.93102099043455,268.8162157440039,2027800
2023-06-14,268.76031494140625,269.8038950200373,267.7074080435438,268.4435158772093,1964500
2023-06-15,272.6457824707031,273.4564479702938,268.5925971498692,269.8877454016443,2619200
2023-06-16,273.66143798828125,276.33561898298694,273.13964796177396,274.4161710064587,4891200
2023-06-20,273.04644775390625,276.9039686647938,272.71099508076446,273.61481496851655,2729800
2023-06-21,274.4254455566406,275.0217932125279,272.83212359391274,273.30733635498405,2837100
2023-06-22,273.2886962890625,274.9472491906519,271.6301433874731,274.5186420638383,1799400
2023-06-23,270.1300048828125,272.49671355783227,269.8784366973059,271.47175874302667,3720600
2023-06-26,269.365966796875,269.9809397353567,267.4837975745584,269.8784584633223,1851800
2023-06-27,271.4251403808594,272.5339512056021,269.887722448322,270.5026953084212,1815000
2023-06-28,271.83514404296875,271.9097017240261,269.32867518160987,271.56495064655104,1666500
2023-06-29,274.3788757324219,274.55591467032167,270.40951829276446,271.65808924108467,1744000
2023-06-30,278.0500793457031,278.69300428530727,274.77025222014976,275.0031952146317,2644700
2023-07-03,274.7236328125,278.0407386130973,274.68635397332963,277.4723713840067,1601300
2023-07-05,276.64306640625,277.02509629057283,274.4906756311154,274.9751867735774,2356000
2023-07-06,274.79815673828125,276.34487293109066,273.41912421258587,275.1708597779392,2569600
2023-07-07,272.1706237792969,274.27640929390316,271.65813208623433,273.6800899633136,2586500
2023-07-10,274.39752197265625,275.4504288623403,272.3848910786046,272.4501219418685,1703700
2023-07-11,274.6304626464844,275.33861844639284,271.8630987449869,275.1429542936796,1529600
2023-07-12,275.4410400390625,276.82939931626913,275.05903863547843,276.57780273900903,2156000
2023-07-13,275.0777282714844,276.4194822131196,274.88206411532803,275.236142021513,1656900
2023-07-14,274.8168029785156,275.85105612540775,273.95026194699716,275.1056499890218,1550000
2023-07-17,274.5746154785156,276.605871979045,274.45348054707887,274.9473186584081,1669900
2023-07-18,273.773193359375,275.5715060843005,272.50596894227397,274.3788393340151,1991600
2023-07-19,274.0621032714844,275.2454434762937,273.21418733811396,274.8727403628866,1969200
2023-07-20,276.85748291015625,277.25813813827284,274.04351262098555,274.2298784382372,2104300
2023-07-21,275.4410400390625,278.92588580454134,275.17084669851937,277.3511892340723,2835500
2023-07-24,275.16156005859375,276.6896796377268,274.74225132554767,275.8044849503726,2034400
2023-07-25,272.412841796875,274.8075026044658,271.75129165451625,274.12732725930266,2780600
2023-07-26,271.8444519042969,272.61781006993687,269.74796512868534,272.31033785443276,2896900
2023-07-27,275.0498046875,278.50667116899297,271.6208902312051,272.0774494545832,4698300
2023-07-28,273.96893310546875,277.3885490203532,272.9626318090016,275.6181593874716,2843000
2023-07-31,273.1955261230469,274.16454840308677,270.2604219577285,273.5775275700231,3296000
2023-08-01,271.2108459472656,273.8570746548098,270.4467861867675,273.0091588379772,1916200
2023-08-02,269.85980224609375,273.4285049319915,269.6361860653006,270.45614997544186,2388300
2023-08-03,271.16424560546875,271.39718857832474,268.9559507724612,269.09571086909057,1910700
2023-08-04,267.4371643066406,272.84145846479197,267.19492294528055,272.4594285681054,2520500
2023-08-07,271.518310546875,271.518310546875,268.21983024635676,268.2384838819669,2176800
2023-08-08,269.822509765625,271.70470731024517,268.85348740755205,271.192215674599,1948400
2023-08-09,268.56463623046875,269.95296732032483,268.23851036471507,269.2820903867886,1895800
2023-08-10,267.9776306152344,270.5586287966004,267.21357075720994,269.1050667637573,2436300
2023-08-11,268.927978515625,269.2447775226187,267.1948965769974,267.6514556701031,1761800
2023-08-14,269.10504150390625,270.0740922466488,267.9962306625523,269.08641630256534,1712400
2023-08-15,268.62982177734375,269.356602706726,267.53033778284106,268.30372436750156,1883800
2023-08-16,265.9277038574219,269.1702804193839,265.5829527920528,267.94966146260134,1829400
2023-08-17,262.62921142578125,266.98992548454794,262.55468218612145,266.6265207982251,2148400
2023-08-18,262.5174255371094,264.380969475751,261.1756716264535,262.49880033447556,2624500
2023-08-21,260.9333801269531,263.0298666552038,259.6661557056818,262.4801247111572,2682600
2023-08-22,261.18499755859375,261.66021036066934,260.04823462246543,261.6043063175338,2052300
2023-08-23,262.6385803222656,263.8312473958539,261.5018172962341,262.7783404411576,2308800
2023-08-24,263.0858154296875,265.3220624197137,262.51741975450176,262.51741975450176,2006400
2023-08-25,265.16363525390625,266.6172255810351,264.16666093008416,265.33137580712,3725200
2023-08-28,264.3250732421875,266.6731568729238,264.16668792656066,265.1636623522685,2317600
2023-08-29,264.2412109375,265.1543577096127,261.2968080847004,264.5766636348691,2348500
2023-08-30,264.8467712402344,266.4680732873735,263.96160521211306,264.4367894292718,2410700
2023-08-31,263.3760986328125,265.8585637546641,263.1231779334053,265.30586613042556,2979800
2023-09-01,263.1793518066406,265.2402821888632,261.48377986920656,264.6782076675027,2136400
2023-09-05,261.5119323730469,263.8351608328303,261.41824850345097,263.23560693805916,2410300
2023-09-06,258.027099609375,261.0341602308651,257.61491346077355,260.4252579712547,2705800
2023-09-07,260.7343444824219,261.35262361330314,258.64534033705945,259.7226331880789,3732800
2023-09-08,261.568115234375,262.6266828373788,260.2847292336716,260.50017066870015,2351300
2023-09-11,262.07403564453125,262.42064027044376,260.94988626312806,262.00845406981637,2433200
2023-09-12,262.9638977050781,263.7039630127507,260.1348281805302,261.8210232582582,1450200
2023-09-13,263.9568786621094,265.0060978199379,262.8702088327254,263.86322339492193,1724300
2023-09-14,266.7579040527344,267.5447970672841,264.70635031939685,265.41828480591204,2219700
2023-09-15,260.6407165527344,265.91477217141573,260.172325821575,265.91477217141573,5730700
2023-09-18,260.1629333496094,262.5517145007993,259.42286803377067,261.0997147560838,2884800
2023-09-19,260.54705810546875,260.6688442815788,258.9638949926468,258.9638949926468,2128100
2023-09-20,259.67584228515625,262.55173975252325,259.6196376824261,261.1184652062998,1979300
2023-09-21,254.0738525390625,259.66643864252114,253.88648482367813,259.4322432924405,2370100
2023-09-22,255.0106201171875,256.3408622123952,253.70848031893425,254.2424525493675,1958300
2023-09-25,252.72491455078125,254.57975223183095,251.9099192114467,253.35257074115202,1895500
2023-09-26,250.795166015625,252.27526833479072,249.72722129086972,251.82563147241385,2251600
2023-09-27,246.97303771972656,251.00118590809387,245.70837723649137,250.79509287683854,2735000
2023-09-28,248.7998046875,249.47428853687583,246.49533011392572,247.52579552106988,2182400
2023-09-29,246.78573608398438,250.46728074807942,245.2025729628903,250.26118766165578,3367100
2023-10-02,241.45541381835938,245.50231646110458,241.18373919866985,245.43673489974842,4425000
2023-10-03,238.40151977539062,241.97064056986196,237.8207055480386,240.94955220531432,3408100
2023-10-04,239.63803100585938,240.0502170803001,237.9518217441241,239.18837996744622,2820000
2023-10-05,236.28436279296875,241.549083853393,235.6754606153862,239.81603258773592,3799600
2023-10-06,232.52789306640625,234.96353055829687,230.1953021059606,234.1953629067704,5130700
2023-10-09,234.12042236328125,234.18600392712048,231.62858023210478,232.05950599606757,2782300
2023-10-10,235.61929321289062,237.40853506240828,234.66377205485568,235.8066466590941,3129600
2023-10-11,235.05718994140625,236.71529704129878,233.6239155260559,236.62161318253538,2919400
2023-10-12,230.626220703125,236.20942997676204,230.33582074920042,235.77851852711595,3528300
2023-10-13,232.61221313476562,233.08060388709504,230.44825014606798,231.21641784108087,2646500
2023-10-16,234.13914489746094,234.65437752517832,232.3873682573717,233.46466114738547,2774700
2023-10-17,235.26329040527344,235.50684843391952,233.61456021581841,234.27966703387708,2627500
2023-10-18,239.8441619873047,240.83714807237928,236.38743602741783,236.86520373208091,4559200
2023-10-19,242.0456085205078,245.96134832893307,240.05963631483004,240.05963631483004,5646200
2023-10-20,241.7926483154297,243.88168125781024,241.27742994903466,242.58891827210488,3779200
2023-10-23,238.64508056640625,240.97765728904406,238.44835016738634,240.38748038613528,3409800
2023-10-24,241.0057373046875,241.46477962467137,238.5794769413126,238.5794769413126,2468000
2023-10-25,241.7177276611328,243.02921603457233,240.6966392636584,241.80203456496437,2759100
2023-10-26,239.6568145751953,243.13228025449104,239.51628877269897,242.02685634947105,2702600
2023-10-27,239.59120178222656,242.98236011454026,238.75746692168872,240.3312527866435,3209000
2023-10-30,243.7036895751953,245.49294558318664,238.50456394007432,243.6568619378091,6305100
2023-10-31,245.5959930419922,247.0198904829883,243.32896946752376,246.80442046847654,3990600
2023-11-01,245.40866088867188,246.73890325276085,243.40393467304406,246.37354473020477,3543000
2023-11-02,249.98016357421875,250.51413592155845,246.85131661230673,246.9262465578243,4109700
2023-11-03,250.93568420410156,251.6288934442257,248.7061394078791,250.64528419333033,3126500
2023-11-06,251.90992736816406,252.09726652319378,250.40169422274926,251.06682969977072,3090600
2023-11-07,251.68508911132812,252.7342797793794,251.16046518900092,251.80684668776493,2360800
2023-11-08,250.5796661376953,252.987201375593,250.38295003381742,251.8349498762762,2223300
2023-11-09,250.03631591796875,251.3759063999151,249.12763685636423,251.28222254637166,2501700
2023-11-10,250.8607177734375,251.17922004253646,248.44380557218423,250.42977771380217,2664900
2023-11-13,252.18154907226562,252.66866507903418,250.36419097905144,250.4953255012093,2591900
2023-11-14,254.3267822265625,254.48604764910593,252.32208482483685,252.93098703893713,2647800
2023-11-15,253.29637145996094,255.83504139994113,252.01295675049224,255.20738519638186,2575900
2023-11-16,258.6640930175781,258.7015722808266,253.89587880098543,253.93335806423394,3593700
2023-11-17,258.31744384765625,259.60082965638026,257.7553693491861,259.0668574534188,2604800
2023-11-20,261.39013671875,262.1114481706947,257.6336338141669,257.9427877137876,3499400
2023-11-21,262.73907470703125,262.92644241829015,260.82803268772653,262.1770001615535,2940800
2023-11-22,264.1067810058594,264.55644638286793,263.4229488602656,263.4697764963226,2285000
2023-11-24,264.6783142089844,264.72514185949,263.2637646686803,264.1724440773013,1218000
2023-11-27,264.0224609375,265.9522282949091,263.3198749018909,264.79062853095775,3703900
2023-11-28,264.2566833496094,265.61502792623713,263.563474205061,263.7039857089151,2199600
2023-11-29,262.65478515625,264.6126549384959,261.8304129135568,264.3690826154363,2433400
2023-11-30,265.6044616699219,266.01911754950487,262.0422116204844,264.2662775891203,5030400
2023-12-01,269.4871520996094,270.33530148874763,266.69767213281654,266.9332707831106,4967400
2023-12-04,269.6473388671875,270.8441695108924,268.5729953485947,268.5729953485947,3522900
2023-12-05,270.0337219238281,272.12583881649556,268.7803211620406,270.0431263120871,3005300
2023-12-06,270.3352966308594,270.8159270718946,267.0746194220725,270.2128094929723,2765100
2023-12-07,270.2693786621094,271.5510216238752,269.1856305306979,270.9290376831583,3131900
2023-12-08,269.0819091796875,271.3153796157389,268.62954945153075,270.7782078309775,3623600
2023-12-11,272.4933776855469,272.6441642643142,269.1101847108281,269.1101847108281,3353000
2023-12-12,274.6326599121094,274.89652926214467,271.8902880458846,272.465134974332,2252200
2023-12-13,278.8827819824219,278.92048581301367,274.7550897003029,274.88703872757617,3312300
2023-12-14,273.313232421875,278.2608033637772,271.41903910350106,277.6294151775181,4626800
2023-12-15,270.7216796875,274.9436177444527,269.2609795974963,273.6808124628624,6328500
2023-12-18,273.5111999511719,273.8504482085664,270.99499367042387,272.0222003514479,2490100
2023-12-19,273.982421875,274.91538342625665,272.90807811085875,273.9258804936877,2054200
2023-12-20,272.3426513671875,274.8682911708814,272.0882151364939,273.9824377993629,2398500
2023-12-21,274.6043701171875,274.7362904032255,272.625335749816,273.8315996602786,2313100
2023-12-22,274.8964538574219,275.6220871810754,273.7655690905595,273.954059471568,1700300
2023-12-26,275.9896240234375,276.16868126918683,274.13313457152424,274.44411208490163,1381500
2023-12-27,277.5823059082031,277.6577135783148,275.61270473062933,275.65040856568515,1892100
2023-12-28,278.79803466796875,279.39174790936136,277.06403193287457,277.5069585764847,1907100
2023-12-29,279.4294128417969,279.74982353262055,278.2985278956907,278.78856270055064,2227800
2024-01-02,279.9288635253906,280.15502899681945,278.05347895946966,278.05347895946966,4458400
2024-01-03,277.43157958984375,280.82417738051345,277.29963053196514,279.89121586403957,3114800
2024-01-04,274.93414306640625,280.1455831378302,274.1614014875539,278.3079312466573,4615400
2024-01-05,272.3426513671875,273.6054568892317,270.65578546065404,272.5499793639175,3407300
2024-01-08,275.0849609375,275.17920614357854,270.95726824381046,271.8902583965095,3097000
2024-01-09,274.1142883300781,274.1142883300781,270.9572609488364,272.9457283330423,2176400
2024-01-10,277.1488037109375,277.43153932552775,274.1142921757668,274.2368080661294,2199700
2024-01-11,277.205322265625,277.9592550828787,273.90694168408015,277.4880578569438,2047400
2024-01-12,276.56451416015625,278.7131724627395,275.9708010255639,278.4398700059467,1714800
2024-01-16,274.3216247558594,277.299594970329,273.27558061512434,276.56452837533703,2859000
2024-01-17,274.3876037597656,275.49962243914933,273.41693851257486,273.4263716612542,2008200
2024-01-18,277.4031982421875,277.51630972680476,274.52890686267585,275.26397333491917,2221200
2024-01-19,283.21783447265625,283.73613997408273,279.4388231039158,280.83357739881535,4250900
2024-01-22,281.2199401855469,284.9706805688363,280.5885232298193,283.61363021707314,3250200
2024-01-23,282.76544189453125,282.9162284569767,280.0136662187911,280.3058061961554,1874000
2024-01-24,283.13299560546875,284.6408325026668,282.0680852575802,282.7183397397494,3209700
2024-01-25,280.08905029296875,283.95287334315253,279.0335730959539,283.4157015969443,3219600
2024-01-26,275.4242248535156,278.92993353219504,274.8964862360454,278.31735410156205,4210500
2024-01-29,275.4713134765625,275.8954024738146,271.7017357573284,274.83992531396433,3899700
2024-01-30,277.676513671875,277.9309785746883,273.48287570470393,275.311123203782,2524200
2024-01-31,275.85772705078125,280.30583036791114,274.84935800474494,278.85453474387,3476200
2024-02-01,280.9089660644531,280.95610304960127,273.5582997837869,274.89651275262634,3380600
2024-02-02,279.93829345703125,280.9937995257369,276.45145082942054,279.01476519136344,3971600
2024-02-05,269.4965515136719,274.6514504872092,267.00861627339333,270.4766498288965,7581900
2024-02-06,268.2525939941406,268.2808646793175,265.32176084561155,266.6693781050394,5927200
2024-02-07,270.7781982421875,273.793872137244,267.743686810641,268.62953993882894,3954700
2024-02-08,275.11322021484375,276.2629426582874,267.8285291165999,269.71331812161577,4605000
2024-02-09,272.7949523925781,275.6598398862314,272.27664689229584,275.32056289217803,3323000
2024-02-12,272.76666259765625,274.41585294978296,272.1258412488475,272.3520067226395,2392300
2024-02-13,270.5708312988281,273.2001196198386,269.21380987722875,272.00328913430593,2756100
2024-02-14,271.5698547363281,271.7112081693071,270.08085521668386,270.7688136033144,2139300
2024-02-15,275.0472412109375,275.2734354443764,270.73108711407696,271.3153670945658,2401400
2024-02-16,275.1980285644531,276.78127316464867,272.59703932906984,274.0389017481141,2837500
2024-02-20,275.7917785644531,278.4776089714278,275.0284412264163,275.1792278160978,2264000
2024-02-21,276.97918701171875,278.19488403991994,275.4148085998287,276.2064165745924,2076400
2024-02-22,278.87335205078125,279.5801478217579,276.3571464518831,277.0639422228598,3146600
2024-02-23,280.5979919433594,281.53095339360004,278.0723813195235,278.9488013945739,2199000
2024-02-26,280.0042419433594,281.4743750242894,279.32571677065346,281.03144847044524,2595300
2024-02-27,276.8378601074219,279.70271912119597,276.4232041628699,279.70271912119597,2811200
2024-02-28,278.1854553222656,279.0430378318192,275.8577395847916,277.09227417029405,2507300
2024-02-29,277.01019287109375,279.3511519425199,276.4699648723281,278.829897579432,3601700
2024-03-01,275.541259765625,277.3799097035518,274.40394038762975,276.16678253119903,3028900
2024-03-04,275.740234375,276.0245497102881,273.4277065705623,274.2522499661261,2832000
2024-03-05,277.25665283203125,278.17597765543854,273.8257794467056,276.3278411896188,2969600
2024-03-06,277.62628173828125,279.720844255502,276.8870328860947,278.00537852241246,2348000
2024-03-07,275.90130615234375,279.51228404931777,275.8254983790855,278.82989839709296,2237700
2024-03-08,277.2660827636719,278.14751806861744,273.7404283135669,274.88723421483326,2482300
2024-03-11,279.4175109863281,280.01460206526264,276.621618415301,276.88698901446895,2893300
2024-03-12,278.93414306640625,280.87703183359633,278.20438115726023,280.232564517216,2233100
2024-03-13,268.0823669433594,278.1380775945871,267.83596994208,276.99130042546784,5441300
2024-03-14,267.01141357421875,267.76012028471496,263.31514057821437,267.66536778592854,4659300
2024-03-15,264.55670166015625,269.3807776505175,263.83639763252876,267.16303142796727,5071700
2024-03-18,264.0259704589844,265.6561126564713,263.5426343531274,264.86948755498173,3319400
2024-03-19,268.09185791015625,269.54192409752983,264.0259747089985,264.61360799370715,4055400
2024-03-20,269.5893249511719,269.73148262937434,266.6702189836717,268.68894478383856,2867300
2024-03-21,268.7173156738281,270.6602043249845,267.8738276913695,269.6366403496998,3653300
2024-03-22,267.8643798828125,269.5324403021311,267.3810148923899,269.04907531170846,2556100
2024-03-25,264.0638732910156,265.9214676644113,263.1350905659322,265.3717816999678,2985500
2024-03-26,264.0638732910156,264.8505272694915,262.6896439182924,264.6325328935899,2572100
2024-03-27,267.2862548828125,267.551625523212,263.57106591721936,263.57106591721936,2605000
2024-03-28,267.2198791503906,268.57516361027433,266.5564382237439,267.50419444853947,3453900
2024-04-01,265.58026123046875,266.8407643343037,264.08281906083414,266.79338809043406,2408800
2024-04-02,263.2298278808594,265.82669983407703,262.95499937610384,265.37176639361195,2907700
2024-04-03,261.1448059082031,263.43836019351806,260.7751670299676,262.120993840858,2748000
2024-04-04,255.97947692871094,261.8081719640034,255.81837456646653,261.8081719640034,4095100
2024-04-05,252.75714111328125,256.48181659505093,252.44436532347353,255.34452633880633,6816000
2024-04-08,253.5817108154297,254.6526802205278,251.98000011770029,253.2784218130029,3753200
2024-04-09,255.3634490966797,255.58144344891642,251.62928711712865,252.31167278149397,3934900
2024-04-10,254.63369750976562,254.9369575437113,251.2596584768683,253.0225002326101,3817500
2024-04-11,254.5863037109375,255.7804859561207,253.1931007326331,255.420333918797,2519200
2024-04-12,253.42059326171875,254.21670515305394,252.65288398172927,253.91341616876545,2708400
2024-04-15,252.3212127685547,254.49155423731716,252.15059462409147,253.86603150290358,3686700
2024-04-16,251.56297302246094,253.04147068503286,251.2976023887488,252.22641406835623,2912900
2024-04-17,255.8468017578125,256.0079041173249,251.6482197445445,252.57703124742108,3383100
2024-04-18,256.8230285644531,257.11683072187367,254.804302892143,256.8230285644531,3402700
2024-04-19,257.7802429199219,257.99823729493113,256.34915048512255,257.79921655797494,3017100
2024-04-22,261.18267822265625,262.05462677757595,258.09301223658184,259.4482968548333,3129300
2024-04-23,262.4147644042969,262.90758725935746,259.9126739326977,262.3579013411448,3275700
2024-04-24,262.2915954589844,262.5569661059522,258.6332694741257,261.1448182620768,4071600
2024-04-25,261.2016906738281,265.20122416106346,260.3676603469002,262.54748867327174,4179800
2024-04-26,258.8227844238281,261.68499825783766,256.2448859324182,257.0599714532523,3636500
2024-04-29,259.25872802734375,260.0927582110646,258.3583768833207,259.52409863823425,3148900
2024-04-30,258.775390625,262.4052845610877,248.90924398068202,250.52041235152979,6894400
2024-05-01,260.0927429199219,261.9882554357656,255.941565882508,257.20209790255046,4843200
2024-05-02,259.00286865234375,261.8745693964761,258.4626405610639,260.168619440385,3084000
2024-05-03,256.1974792480469,260.2728195983994,254.84219473727475,259.8179151042805,2642100
2024-05-06,255.23074340820312,257.6759707000548,254.98434645403495,256.8988036430647,2481300
2024-05-07,253.5248260498047,256.5292264342604,253.04146105124852,255.93213530033307,3160000
2024-05-08,254.46307373046875,254.8800888064923,252.1600329173567,253.52480427102893,3259800
2024-05-09,253.95132446289062,254.4536341693077,253.06988907951646,254.4346605315228,3140000
2024-05-10,260.63299560546875,260.9931476452947,253.8470566854626,254.15983247719706,4983500
2024-05-13,257.145263671875,262.2820869687421,256.9746744678969,260.9931521966022,3840700
2024-05-14,256.5197448730469,258.5194969485119,254.67160836569855,257.9034610871389,3143200
2024-05-15,259.56201171875,260.03588986594843,256.11219384722335,256.9461950907821,2982500
2024-05-16,259.2208557128906,261.16374471483135,258.6616829217137,260.1686120891016,2339900
2024-05-17,258.14984130859375,259.74206480106017,256.76612533941875,259.74206480106017,2454500
2024-05-20,253.87551879882812,257.91297058159677,253.31634595714473,257.5433316783374,2651100
2024-05-21,251.97999572753906,255.02228574894409,251.57246740694583,254.48208656912013,2362600
2024-05-22,251.88519287109375,252.88035438519785,250.72892897568465,251.979974290041,1906100
2024-05-23,244.45477294921875,251.7430211335076,244.14202609972426,251.27862980681905,5636200
2024-05-24,244.62538146972656,246.8526147119651,244.06620868520352,245.22247260735105,3382900
2024-05-28,240.2941436767578,245.28882379570342,239.45064108595724,243.94302594736732,4324700
2024-05-29,236.3419952392578,240.54056336967813,236.14297450521548,240.12354826381812,4029300
2024-05-30,238.90093994140625,239.74444247862328,237.0338588542607,237.5172093660546,3597800
2024-05-31,245.3646697998047,245.70584822276876,240.26572124687203,240.910203122906,6125400
2024-06-03,247.77801513671875,247.96880869845626,243.81929617425334,246.04189270234258,4342800
2024-06-04,250.6111602783203,250.96410221340267,247.30109241882354,247.38694079943704,4592700
2024-06-05,248.0069580078125,249.67629987794533,246.7382709953568,249.44737087985095,4136800
2024-06-06,248.70335388183594,249.72404431204984,246.9958472597323,248.8845990651829,3354300
2024-06-07,244.4011688232422,249.35196194286792,243.57127213457844,248.08327499223458,2290100
2024-06-10,242.11180114746094,244.20086556850998,241.48221729759572,244.20086556850998,2866200
2024-06-11,242.56015014648438,242.9512566051885,240.48063404889822,241.34868078792826,2729400
2024-06-12,242.7509002685547,244.49655650652969,241.73022461025516,243.13247282509565,3169600
2024-06-13,242.00686645507812,242.99894060592803,239.60301014933248,241.90193581519026,3153000
2024-06-14,241.89239501953125,241.93054499862075,239.05928237934185,241.20557895187898,2806600
2024-06-17,241.8256378173828,242.789095910028,240.2707749362093,240.67141525528197,2532900
2024-06-18,239.2310028076172,242.62693350306074,237.85738509179953,242.24536089685589,2956300
2024-06-20,242.10227966308594,243.90516837582726,238.0099989853434,238.73497965757176,4046500
2024-06-21,247.43463134765625,249.40920214500753,243.82883957779796,246.37577652726884,8425800
2024-06-24,248.37899780273438,249.32335903492356,245.91789461864875,247.0625978360391,3901200
2024-06-25,245.51724243164062,248.1404936705798,243.80973620139406,248.1404936705798,3903800
2024-06-26,245.9464874267578,246.2708422927108,242.941678154742,244.82088114001056,2796100
2024-06-27,246.2708740234375,246.9004287923193,245.1261707670808,246.1086965695653,2651000
2024-06-28,243.09434509277344,247.53001938721383,241.20560795735764,245.66991293393954,8958700
2024-07-01,238.46788024902344,243.57128817757965,238.21032056624765,243.08479949278646,3817600
2024-07-02,236.36927795410156,239.4599506194104,236.00680216615982,238.17216670332166,3944900
2024-07-03,238.47740173339844,239.41222907265183,236.74127926213666,237.04653732299803,2026100
2024-07-05,239.5171661376953,239.83195806308967,237.3422533399759,239.43131776408936,2814300
2024-07-08,236.42649841308594,240.93848671178245,235.6729016836419,240.15627385899293,3163900
2024-07-09,234.4900665283203,235.9972308982073,232.30560537768295,235.83506801171328,4927300
2024-07-10,238.94482421875,239.01159032280225,234.56636803255864,235.61567442914165,4092700
2024-07-11,243.05616760253906,243.86698202460371,238.3533857325429,239.64116950738804,5546400
2024-07-12,242.19764709472656,245.0784727829189,240.20397947896413,242.53152128447877,4543000
2024-07-15,239.9368896484375,243.94330720970177,239.61256386542456,241.94963956320325,3393600
2024-07-16,245.41229248046875,245.4504570124677,238.5727775033304,239.43129025175253,4173000
2024-07-17,248.97042846679688,249.97202199438436,245.975138074408,247.03399296538456,3711500
2024-07-18,247.55857849121094,250.23906180894335,245.72708858643657,246.13726267739042,3421800
2024-07-19,245.42185974121094,248.4362175584667,243.2755631498019,248.38853372306184,3470600
2024-07-22,247.5777130126953,247.81619041970544,244.58242280736283,246.39484527843732,2759500
2024-07-23,242.3407440185547,248.15006471799313,241.82562466810901,247.71124532897826,2653100
2024-07-24,241.6920623779297,242.60782196684195,234.77621801589487,234.9670115737342,5983300
2024-07-25,239.8701171875,244.28670878870497,239.5267091453183,242.4742863499995,3323100
2024-07-26,240.38522338867188,242.34074101384752,239.19283636789473,241.24373622142917,4002900
2024-07-29,249.3710479736328,251.76534115444372,238.69678319890247,241.8637698992127,9381000
2024-07-30,254.15968322753906,255.04681219359014,248.31221255901013,248.97041253021231,4936600
2024-07-31,253.16758728027344,255.3329805772673,251.06900374904373,253.18668410220863,4652100
2024-08-01,256.36322021484375,256.3822879280115,250.30588807314635,254.52218156422293,4936000
2024-08-02,263.9372253417969,264.0516898255353,256.4108653149082,256.9832168446083,9585900
2024-08-05,256.07708740234375,265.0629010634447,255.34255825412623,261.4094394817053,6794900
2024-08-06,257.61285400390625,260.60814446717654,255.72410229777321,257.42206041746346,3369300
2024-08-07,256.9546203613281,260.5508781293312,256.20102363777954,257.1358655114349,3540000
2024-08-08,258.6907653808594,261.0373750147526,255.7240911735075,256.53492021409636,3227200
2024-08-09,255.56190490722656,259.1772301661388,254.65567921204786,259.1772301661388,2664900
2024-08-12,257.04052734375,257.10730801659844,253.10087519992751,255.1327077379099,3008100
2024-08-13,257.851318359375,259.4634280167424,255.20899907608083,257.851318359375,2603600
2024-08-14,258.6526184082031,258.99604104998,256.12476343671045,257.4220667009426,2242100
2024-08-15,262.2011413574219,263.05013492089046,259.3203446886765,259.4634253142577,2445200
2024-08-16,265.654296875,266.61775496517475,262.03900015579524,262.0866839952836,3286000
2024-08-19,274.2967224121094,275.03125151168024,268.7354416735742,269.3173126169089,5268800
2024-08-20,272.4651794433594,276.89130445549745,272.06452463819204,273.29507606369725,3697600
2024-08-21,276.3571472167969,276.60517303294404,273.0756958027428,273.91514092415355,2686300
2024-08-22,275.8801574707031,277.1107088728903,274.29666421239426,276.20448320635563,1746400
2024-08-23,276.1759033203125,277.37783875972514,273.8960744611378,276.9962807330738,2145900
2024-08-26,275.37457275390625,278.74187194447546,274.6019084290877,275.91830812648413,2018500
2024-08-27,276.2904052734375,276.9199600253714,274.7832117227751,275.75618908677615,2897600
2024-08-28,273.8197326660156,277.5495226085747,272.1122554816626,276.58609373047324,2603800
2024-08-29,274.5923767089844,275.7847635927224,271.6543482362973,274.51607675726865,1797100
2024-08-30,275.3555603027344,275.5654215880717,273.09479911265345,274.30625387604795,2528500
2024-09-03,273.9451599121094,276.52611107955886,272.2085386957022,274.75110324344655,2902800
2024-09-04,276.3533630371094,277.25525810722934,274.3960557274441,274.9333511802297,2558300
2024-09-05,276.29583740234375,277.81177208726956,274.6359602201492,277.2840805319853,2412500
2024-09-06,277.7734069824219,280.3447539864248,275.9120513486741,276.15191646353423,3863600
2024-09-09,279.4812316894531,279.91297130673104,276.13269493994363,278.2723022002588,3208600
2024-09-10,279.4620361328125,284.22098107058616,279.24137896766723,280.9396134317412,2497100
2024-09-11,278.4642333984375,279.62517241302083,274.2425837446598,279.03988627812447,2747500
2024-09-12,280.4982604980469,280.8244735281922,276.57407088193486,278.4066438033696,2274200
2024-09-13,284.50885009765625,284.7103286248223,280.7573556439287,282.5515422782302,2205500
2024-09-16,284.66229248046875,287.9436304677215,283.0791887651867,285.36270907419987,2916200
2024-09-17,281.84149169921875,285.33394159989155,280.3255571549053,284.95973799035903,2997400
2024-09-18,280.1912536621094,283.1368044771638,278.5985456899341,281.96626147498256,1788200
2024-09-19,281.9375,283.11761778528273,279.10707954961936,282.3212783796075,2271400
2024-09-20,284.7966003417969,285.96714312988036,280.9587589750189,281.0643148384164,5817300
2024-09-23,286.9362487792969,288.0492264496411,284.854235934923,286.8786834929351,2312400
2024-09-24,288.09716796875,289.229353510372,285.631376957898,286.93622906633266,2408100
2024-09-25,288.2890319824219,289.565101273567,286.3029421722208,288.15469348840446,1986200
2024-09-26,291.34014892578125,291.9542176454863,288.54811560671413,288.94149789019866,1971100
2024-09-27,291.3785705566406,294.5159959472689,291.2154493832387,291.2154493832387,3402800
2024-09-30,292.1653137207031,292.6642226184031,289.85301050101526,291.4361144021798,2286500
2024-10-01,290.69732666015625,292.8561125908059,289.99691001726524,292.16529992178164,3036200
2024-10-02,291.4457092285156,291.7527143126279,287.4351423829317,288.3946028117531,2352400
2024-10-03,291.1482849121094,291.69515511483615,289.04706418672106,291.19624622238763,1802500
2024-10-04,291.4457092285156,293.48936462677057,289.16218872305535,290.76447124215827,2432400
2024-10-07,288.6537170410156,292.7506031155221,287.83816970410476,291.44575080079494,2091800
2024-10-08,289.6611022949219,291.05233165140135,288.1835250120995,290.3711229344233,2038300
2024-10-09,291.5128173828125,292.64500281833875,289.7186312616418,290.65891292018927,1854100
2024-10-10,291.7143859863281,293.35505528425136,290.64936957861545,291.7047820113541,1739500
2024-10-11,292.673828125,293.11517173990705,290.6877379373036,292.0789673222101,1775600
2024-10-14,297.2792053222656,297.8357087484858,292.15569032576803,292.77933372653956,2376300
2024-10-15,300.6372985839844,302.5753979244362,298.40176888139405,299.3516252456166,3067100
2024-10-16,300.2343444824219,301.0115050205826,297.53823397103235,300.6181227649052,1821300
2024-10-17,301.94219970703125,302.27798742283284,299.8121964470046,301.25138704755216,3095200
2024-10-18,303.726806640625,304.32166745225135,301.4912766097695,302.7769501369255,2531200
2024-10-21,302.1245422363281,305.01249853901464,301.6639906380988,304.27372446724127,2404100
2024-10-22,301.9325866699219,302.9400083479014,300.59892269885256,301.3569045909021,5889100
2024-10-23,286.46612548828125,289.373289601376,279.03988138599544,280.90123707877933,18792000
2024-10-24,289.3541259765625,290.1313160303893,286.18791758713746,286.9938610084381,5522600
2024-10-25,280.7476806640625,289.3732491736272,280.35432768493087,288.7975671040495,8863200
2024-10-28,284.7582702636719,287.76138610546286,284.51840515529125,287.0705734221103,6656000
2024-10-29,283.0408020019531,290.4286583765394,283.0408020019531,285.5354047570346,9048900
2024-10-30,279.7018737792969,283.3958020236635,278.0899874007972,282.56107619481213,4924000
2024-10-31,280.2679443359375,282.4459380353318,279.36607855922415,280.40228283740043,4277400
2024-11-01,283.2423095703125,284.84462139571326,281.3905579400658,282.5707048275313,4131800
2024-11-04,280.97796630859375,283.0024135705596,279.97051538376786,282.7913311246309,2583100
2024-11-05,285.26678466796875,285.3243499518593,280.69974360992364,281.8415038744349,3032100
2024-11-06,282.0813293457031,288.1547001859927,280.8532213279312,288.10673888295975,4646400
2024-11-07,282.714599609375,284.5183898119893,281.8990524287793,282.8872954507979,3357400
2024-11-08,286.84991455078125,289.5939575997913,283.28072022382344,283.6165372639137,3279100
2024-11-11,289.30609130859375,291.4936598347673,287.8572967445393,288.3082443007439,2872400
2024-11-12,286.5428466796875,289.1813628172176,285.4586517274007,287.9724626066995,2452900
2024-11-13,285.2955627441406,287.00340112651685,283.2519073575044,286.7827146881955,2327100
2024-11-14,286.4565124511719,287.9436644512605,284.56637417470563,285.9192169362747,1932600
2024-11-15,280.7668762207031,287.35836388949724,277.97484319480594,285.65052570270575,4039400
2024-11-18,279.2989196777344,283.4629741715949,279.0014893053448,281.1314924988355,2865000
2024-11-19,278.9439392089844,280.2296126616449,275.9408234013214,278.24352255952545,2353300
2024-11-20,279.1166687011719,279.51005103551114,276.57410413084426,278.8384169465588,2524600
2024-11-21,276.77557373046875,276.9003082812918,271.9686672188443,273.4462445986997,4475700
2024-11-22,278.5121765136719,278.8192108830507,276.4589463893204,276.77555545246105,2879100
2024-11-25,284.18255615234375,284.5855130920268,279.9417286302544,279.9417286302544,5021800
2024-11-26,284.3168640136719,285.22836303070426,282.8776735322978,284.95971531206396,2254200
2024-11-27,283.1175842285156,287.35841241362635,283.02166160529316,284.95976122486485,2240300
2024-11-29,284.0098876953125,285.00770544811536,282.1005415528592,282.2348800659721,1655900
2024-12-02,282.2724914550781,284.0002652462243,280.8246432344249,283.29563517448264,3149900
2024-12-03,284.2608642578125,284.59870139696653,280.19724521014354,282.1566652693803,3031000
2024-12-04,284.830322265625,285.7473044962769,281.6740240646425,282.11802256006865,3742500
2024-12-05,289.05804443359375,289.3186464838573,284.6758826599349,285.26468953036766,2594800
2024-12-06,288.5851135253906,293.2375100161973,288.22795289293276,290.11016733357553,4158700
2024-12-09,290.8919982910156,292.09853843686653,286.7608060098841,287.23376032096274,2391600
2024-12-10,290.25494384765625,292.2915989473142,285.55426811540747,289.69512217644814,3523000
2024-12-11,285.80517578125,291.40350910286105,285.6796909193157,290.86298158725197,3037600
2024-12-12,286.3168029785156,288.1700321177138,284.8303372943856,285.90176024444526,2040700
2024-12-13,286.287841796875,288.79745110475346,285.1585072985388,285.9886222075769,2547600
2024-12-16,287.3592224121094,291.6158992437619,286.83801831916395,286.84765060911496,3179900
2024-12-17,285.785888671875,289.569611219354,284.56971633520374,287.27235425730004,3295800
2024-12-18,280.7666931152344,288.58507832467325,280.5640026400039,284.7627383382095,3800900
2024-12-19,280.13934326171875,282.6778791249401,278.8073181542695,280.7667382808156,3438500
2024-12-20,282.5041198730469,285.80522656818874,279.2416307091794,279.45398294637033,7678000
2024-12-23,281.1624450683594,282.90951267869076,279.6566854644997,282.0987213117312,2492200
2024-12-24,283.7685546875,284.0388184772705,280.679829869629,281.15278413759137,1461000
2024-12-26,284.5503845214844,285.16814714649564,282.4268917752305,282.8129786875909,1433900
2024-12-27,283.41143798828125,286.17201704836515,282.562029046717,283.14117418474217,1617200
2024-12-30,279.5312194824219,281.3361987797868,278.95207433643503,281.3361987797868,1936700
2024-12-31,279.8111572265625,281.1141970411173,278.546676032074,279.99452423184334,1915600
2025-01-02,282.3400573730469,285.47706176888835,280.15862335168987,280.8342976195667,3117000
2025-01-03,284.5311279296875,284.70486264463153,280.59299377488725,282.6489134814858,2240100
2025-01-06,282.0215148925781,285.32262171720896,281.5968104015368,283.08327612018144,2838900
2025-01-07,279.2802734375,284.67591775048874,278.2571296905103,283.56590664270345,3419500
2025-01-08,276.9250793457031,279.0872192469485,276.5872422245824,278.9231168315885,2724200
2025-01-10,272.4946594238281,277.7648182027418,271.9830876123142,277.50421615192914,3946000
2025-01-13,273.7687683105469,274.60851547258295,270.60280839654126,273.1027558461988,3394300
2025-01-14,271.7900085449219,275.4289519694397,269.6665158583361,275.11040891969924,2238900
2025-01-15,272.4850158691406,274.75331724391305,270.8537712287647,274.44443589574263,2867800
2025-01-16,270.0140380859375,271.18199022154704,266.9156510649012,270.4966541714312,3403700
2025-01-17,271.18194580078125,274.203097257594,270.2649636059295,271.2109015829059,3312800
2025-01-21,272.7842102050781,273.0641357419654,269.03913466742586,270.9985545125488,3858600
2025-01-22,271.5680236816406,273.6722223301544,270.65104151728985,273.4502083702215,3660600
2025-01-23,274.5409851074219,275.0911745260457,270.89240860249623,270.98893771293797,2279400
2025-01-24,275.53515625,276.87684305309546,273.43095727106964,274.618203398205,2523000
2025-01-27,282.89984130859375,283.228016651446,275.8729535774427,276.6451273892665,4343000
2025-01-28,281.0273132324219,284.2511848337287,279.91730223555544,282.2338533282648,3180100
2025-01-29,280.0234680175781,282.9481495340643,279.9173066266203,281.24933162637365,2358300
2025-01-30,280.2261657714844,281.9249540880842,279.2995218280189,280.79564912576683,2125200
2025-01-31,278.66253662109375,281.12386684865163,277.35946731263164,279.7532242193583,2556500
2025-02-03,279.96551513671875,280.78596818500495,274.3092700524582,277.0408635083416,3048800
2025-02-04,279.6952819824219,280.5350586137977,278.34396299668526,279.68564969232193,2976900
2025-02-05,278.7879943847656,280.1779310645167,276.3845757102805,279.91732898326893,2362900
2025-02-06,284.1257019042969,286.81870766456746,280.22618549643306,281.4520196378817,3590000
2025-02-07,284.06781005859375,286.52916971585597,283.60451747862726,284.12572163108956,2858000
2025-02-10,297.6968994140625,299.49221699401414,291.02714201963266,291.7606983905314,8052000
2025-02-11,299.42462158203125,300.75664650450165,295.5251053660544,296.68336613510473,4180400
2025-02-12,296.9053955078125,299.3088139755576,295.13900429498767,298.8165361856645,3110200
2025-02-13,299.2412414550781,300.6987513347233,295.0038879042123,296.80886719655547,3096800
2025-02-14,297.8223571777344,300.18718764112714,297.07913905384777,299.4150137320643,2674400
2025-02-18,294.2316589355469,296.66406243878254,292.98653085860235,296.66406243878254,3367800
2025-02-19,291.4421691894531,293.227854383408,289.096662364197,292.7741941390686,2990700
2025-02-20,292.51361083984375,292.5908459126763,287.7839788798088,290.3707941452582,3020000
2025-02-21,294.21240234375,295.3224133987525,291.10435371581497,293.3533610679217,3036700
2025-02-24,296.8764343261719,299.646645649235,293.54637190781153,294.3957808409901,3397600
2025-02-25,299.9168701171875,300.87244031342163,297.2817763118695,298.43040467906906,3891600
2025-02-26,293.6911926269531,303.61377852338757,293.1217091603703,300.8628903023541,4140900
2025-02-27,299.1736755371094,300.94003716784414,293.642885473766,294.57916170878485,3350400
2025-02-28,297.6099853515625,297.7933817977931,293.3147203981407,296.91501709651624,4972900
2025-03-03,295.4062805175781,300.45444906240266,293.6005676969898,299.1147333370092,4371300
2025-03-04,296.8430480957031,303.79401577664817,295.6975052524065,295.6975052524065,3954500
2025-03-05,298.4740295410156,299.4545225120628,294.51312827885585,295.12474021099956,2327500
2025-03-06,301.30877685546875,302.2601765276051,295.49366373471014,298.8138006156503,2954900
2025-03-07,311.90997314453125,313.7350914392623,301.2893631755069,301.74564274918964,7607600
2025-03-10,307.9879150390625,316.79312432251453,306.5219898715181,310.7449979415858,4707600
2025-03-11,297.8041687011719,308.4247783925752,297.3672945749691,308.34709739712537,4513100
2025-03-12,290.6590270996094,297.48378544081476,287.69808353701035,294.8237890746785,4546200
2025-03-13,288.8145446777344,294.60053532775646,288.59124881794537,291.6589967804734,4178600
2025-03-14,291.07647705078125,291.89197939767195,287.0767648209029,288.29998871461873,2696800
2025-03-17,295.0956115722656,296.3188354130425,291.27063731370777,292.503549058862,2758400
2025-03-18,294.7364807128906,296.06647916913573,293.4452931355923,296.06647916913573,2435400
2025-03-19,297.9595031738281,299.0856109762471,294.7655462189377,295.1150218210775,2812200
2025-03-20,298.0371398925781,300.619484790164,296.5906498993501,299.0370678739282,2723500
2025-03-21,296.5227355957031,298.0371893015028,292.8336877742164,297.44501236438623,6016100
2025-03-24,296.7459716796875,298.9594058520614,295.6392397801921,297.35755393156893,3443400
2025-03-25,297.9595031738281,299.648694504076,295.1538623190773,297.9691910783635,2657100
2025-03-26,304.425048828125,304.89104593957427,298.80410865603375,298.9108829957669,2624400
2025-03-27,303.56103515625,307.39572697589307,301.60970751429375,305.9589248282562,3119500
2025-03-28,298.12451171875,300.94955789808427,297.0566202654009,299.9787528726066,3211600
2025-03-31,303.2503356933594,304.056120387987,295.5518595958892,296.0955079945368,4418800
2025-04-01,304.4736328125,305.5900528422278,301.8718820450283,303.93967218845773,2411200
2025-04-02,302.4834289550781,304.7648267819309,300.78452009223747,303.58044341820005,2776800
2025-04-03,308.9781188964844,310.3857980983277,302.2116063749832,302.28928737147334,7023900
2025-04-04,291.3482971191406,305.76475842215206,290.56194737776,305.38615984837827,8831100
2025-04-07,291.134765625,295.9790737592968,282.01889120319584,284.0575879083023,7725900
2025-04-08,291.07647705078125,299.25066894294037,286.3098501310964,294.91116900629424,5562500
2025-04-09,295.0859069824219,302.5514004977247,288.0475700770245,288.7271454909523,8265700
2025-04-10,297.82354736328125,298.6487375126938,288.2514245846221,292.54236595898084,6049500
2025-04-11,300.85247802734375,301.81359516961476,295.0858936801931,297.5226238277689,4439900
2025-04-14,306.84234619140625,308.91016560006943,302.04656707859255,303.30860173917813,4068300
2025-04-15,303.357177734375,307.9393788316412,302.7358482712653,306.9006103004781,2901200
2025-04-16,300.0758361816406,305.11431658163184,298.39633283943755,304.4153357854881,3098900
2025-04-17,302.2115783691406,303.85224115517565,298.16333819417224,300.19231704681425,2728500
2025-04-21,299.70697021484375,302.1922290546007,296.2120657131161,301.92040479483427,2669900
2025-04-22,309.7644958496094,310.65764962800364,302.10485858181244,302.65822463060164,4200700
2025-04-23,309.1820068359375,310.5605334331803,305.599733786743,309.2014122715961,3210100
2025-04-24,306.98797607421875,309.58003861013367,304.3765081027616,309.1334469530903,2479500
2025-04-25,307.4927978515625,312.3856638503492,305.83272942624257,307.25981410811283,2282900
2025-04-28,307.5607604980469,308.7354263702978,305.0755018191486,308.4247912554008,2578300
2025-04-29,305.3182373046875,307.48314357977745,303.86202949560317,306.83269105600533,3164500
2025-04-30,310.31781005859375,311.6284027243467,303.9590492056753,307.5413219996453,5564600
2025-05-01,304.4833068847656,309.9295089369289,302.5028563082432,304.00759226919246,5186900
2025-05-02,302.8523254394531,306.7452630462594,301.60969620016635,304.395901864508,3994600
2025-05-05,306.5025634765625,308.1335088071019,301.6291329198489,303.86197262523376,3534100
2025-05-06,307.5413513183594,307.9781958308444,303.73578234764295,305.9103762585552,2691700
2025-05-07,308.8422546386719,309.9198341606624,306.89092675908364,307.2404320274473,2725900
2025-05-08,304.337646484375,310.32752630149383,304.03669930795064,308.79363782815335,2131500
2025-05-09,304.5221252441406,305.0754912407894,302.08542468056993,303.76489847958624,1917800
2025-05-12,302.81353759765625,303.06592677569563,296.10527085086454,302.90090650081834,4137900
2025-05-13,299.67779541015625,303.05620744856975,299.44481169254743,302.55136989159445,3018600
2025-05-14,298.5225524902344,299.89139116416436,296.7653977221287,299.24093874579034,2656600
2025-05-15,305.29876708984375,305.9297844145704,298.81376717309917,298.81376717309917,2928500
2025-05-16,309.3081359863281,309.35669400745655,304.2211277741006,305.19193267729605,2636900
2025-05-19,311.8517150878906,312.22059611841433,308.74512709506655,308.8227784629087,2748600
2025-05-20,310.46343994140625,312.3273986539188,309.5411929293773,311.8419961339187,2035000
2025-05-21,307.2015380859375,309.36644391220193,305.9686263954363,308.2499944553992,2386700
2025-05-22,305.1337585449219,307.3763160288018,303.5028130342131,306.8909134629988,2642000
2025-05-23,305.38616943359375,306.4346259128028,303.8911212742695,305.8715719867984,2701500
2025-05-27,305.7550964355469,306.4055193006533,303.04654174862776,305.3279397957954,2526700
2025-05-28,303.7066650390625,306.4346250099054,303.0756476470798,305.7550792133935,1935600
2025-05-29,302.7552490234375,304.3473835280616,300.98840634661826,303.25036908002994,2248800
2025-05-30,304.6871643066406,306.0851259186662,301.5126129004658,302.89116907749207,4062900
2025-06-02,305.27294921875,305.82945369942195,302.06090713483735,303.3691604404281,2577000
2025-06-03,304.9898376464844,306.9424598389044,301.8265694344018,304.4528486667788,3028100
2025-06-04,304.18927001953125,306.80577673243596,302.14878330572225,305.58538780350824,2069500
2025-06-05,301.6606140136719,304.609062805782,300.47925613205257,304.609062805782,3813500
2025-06-06,300.0789489746094,302.519726591053,299.54198981685124,299.87393199732975,2622800
2025-06-09,297.5600891113281,297.99944101421454,292.7468826483084,296.5349743974593,4059800
2025-06-10,293.3131408691406,295.246247601204,292.3563750458639,292.9031068862079,4698700
2025-06-11,294.57257080078125,296.01752187890736,290.1498829420278,293.0885887328548,3312100
2025-06-12,295.9784851074219,295.9980006039053,292.9616872975904,294.52379106114955,2584700
2025-06-13,294.758056640625,297.88223395382335,294.0160507487161,294.6604195820085,2435500
2025-06-16,289.2712097167969,296.79855957941794,288.74399340662126,295.958946376776,4045700
2025-06-17,285.385498046875,288.9978610700435,284.87782699598694,288.98808842465985,3379000
2025-06-18,282.76898193359375,286.16652541219634,281.7633827163011,286.0591454951828,4008700
2025-06-20,280.650390625,283.7257647424199,278.8051780724086,282.90566696408473,7085000
2025-06-23,282.6615905761719,282.6615905761719,279.0980608734788,281.6852794360011,5172500
2025-06-24,284.5653991699219,285.18047993365644,281.7438457730191,282.7592176654483,4461200
2025-06-25,278.78558349609375,284.1845819283288,277.5749674365675,283.9697923247374,4259800
2025-06-26,278.8637390136719,279.99626344372285,276.75490350198896,279.17616571051,5354900
2025-06-27,284.64349365234375,285.26834706735843,278.48297290043996,279.2347515275452,7422200
2025-06-30,285.2488098144531,286.62538216227676,283.9893602296981,283.9893602296981,5054800
2025-07-01,290.4427795410156,292.5516150919112,285.42455598133427,285.57099668737214,5121900
2025-07-02,287.6505432128906,291.01879862000857,285.6686328782032,291.01879862000857,4021500
2025-07-03,287.1135559082031,287.8457892350645,285.67837739576885,287.68960567795966,1678600
2025-07-07,286.57659912109375,288.6756620500889,285.56122722350216,287.1526191010268,3404300
2025-07-08,284.76068115234375,286.07867734562,283.38407888003286,286.06893449465696,3123600
2025-07-09,286.07867431640625,286.85974109099897,284.43847878173796,285.326925478346,3265800
2025-07-10,291.3214416503906,293.6548093515311,288.03124868774944,289.28092552474027,5366800
2025-07-11,292.8054504394531,295.56839759997337,290.2475202568322,291.0773906078612,4524100
2025-07-14,294.7287902832031,294.9142917698891,287.8457793698155,292.0927384789867,5707500
2025-07-15,292.5223083496094,295.61722744877505,292.15130538813827,294.1625037422358,2937600
2025-07-16,291.8193664550781,293.3619545968032,289.19308735088504,292.67852494495304,2804700
2025-07-17,293.25457763671875,295.28532152950106,291.35078875621883,292.66878498323723,3134300
2025-07-18,290.0327453613281,293.28384821169595,289.4078919564699,292.63947931092974,3481300
2025-07-21,288.7342529296875,291.721762695773,288.28515813858144,291.04810561178783,3037500
2025-07-22,292.0830078125,292.99096999384807,288.06058101283804,288.85139062816063,2672000
2025-07-23,291.057861328125,292.77617840409994,289.88630588103786,292.3954027724076,2467600
2025-07-24,287.50408935546875,290.41347722222224,287.43574043110436,289.87651806141366,4426000
2025-07-25,291.39959716796875,291.5655831771232,287.91415912759834,289.7789170444801,3401000
2025-07-28,292.13177490234375,292.80543186736156,288.00196869871036,290.02293959376374,3070500
2025-07-29,295.5000915527344,295.65627510828256,291.23358704990443,291.8682130959129,3147700
2025-07-30,296.4178161621094,298.19470961908604,293.9477501259624,295.4024740106816,2805900
2025-07-31,292.961669921875,296.28112160090274,292.89332099626006,293.88914756157357,3639600
2025-08-01,295.7148742675781,296.5056838506362,294.2406350177207,296.3104097187938,3344800
2025-08-04,297.0231018066406,299.0928763284917,293.41073924289526,293.41073924289526,4734500
2025-08-05,291.6924743652344,297.38438510949027,291.3019558604083,295.8222812955339,4222900
2025-08-06,300.37188720703125,303.04697018119623,294.5921121813101,299.72751828292155,6474300
2025-08-07,300.6159362792969,302.8224087667555,297.1402713561037,301.8363250808295,3603300
2025-08-08,298.2142333984375,301.2407739319754,296.691190486512,299.7275036652065,2622000
2025-08-11,297.1499938964844,300.02035054507735,296.58374664092054,298.26300270884127,2649000
2025-08-12,294.4945068359375,298.2630535382947,292.7859623394006,297.94088397145157,3438300
2025-08-13,297.8432312011719,298.07753632834556,294.26015639334133,294.5530675969584,2999100
2025-08-14,301.6313171386719,301.96325932727274,295.52937294825244,298.2630320277006,4699400
2025-08-15,301.6117858886719,302.8126592873207,299.23935702771644,302.8126592873207,3416600
2025-08-18,301.3872375488281,302.63691451968435,299.2979175692291,301.0650382125184,3272600
2025-08-19,303.56439208984375,306.77646383408046,301.1431597188136,301.38723748490287,2893600
2025-08-20,305.6634521484375,308.66073423955925,304.98982493121474,306.2395018904776,3879900
2025-08-21,305.8001708984375,306.1711738920312,303.7987450157148,304.4821449244892,2282200
2025-08-22,306.6300354003906,309.2953456441384,305.7318160756023,307.1767672347312,2796700
2025-08-25,306.01495361328125,308.07495573315686,304.56025960835206,306.2980921748256,2944300
2025-08-26,305.5268249511719,307.6551761860798,304.901971490656,306.00520789805546,2807600
2025-08-27,304.05255126953125,308.2409341283702,303.96468684804296,305.936824495629,3234400
2025-08-28,304.8238525390625,305.1167339509192,302.0218444519157,303.7499043711708,3471700
2025-08-29,306.1125793457031,306.46403702730765,304.05254750746815,304.8336142354491,2492500
2025-09-02,310.0301818847656,310.3934630157843,306.6624004000377,307.36933637200434,3228700
2025-09-03,310.6487731933594,311.1200438936678,307.300647762169,309.30360816608663,3219500
2025-09-04,311.2378234863281,313.633549132438,310.7370984285181,312.0527789122342,2881300
2025-09-05,308.6752014160156,312.2687899077713,307.58532812044876,311.6109346798778,2533100
2025-09-08,307.1238708496094,307.39878872776393,304.13905673358863,307.1435271033499,2873600
2025-09-09,306.8489685058594,308.0075788745532,305.0914716075904,305.5627423003986,2310800
2025-09-10,300.38836669921875,306.42676183235903,299.0824843101489,306.42676183235903,3479500
2025-09-11,302.83319091796875,303.33394599494306,299.71090271004175,300.6731303181602,2761500
2025-09-12,299.858154296875,302.9117352955393,299.7108822148367,302.03787100244404,2072600
2025-09-15,296.5885925292969,300.1625248761843,295.0569029572307,299.60289096763,3584500
2025-09-16,297.7864685058594,300.44728410265554,297.2071783184419,297.99264942861424,3578500
2025-09-17,299.4359436035156,301.01671378092095,298.3951810107869,299.3672066487244,2681600
2025-09-18,295.6755065917969,297.1973681963803,292.4746531945136,295.9995052043261,4654100
2025-09-19,296.8929748535156,299.26904441396624,295.2925482681946,296.2253214203148,5696900
2025-09-22,297.49188232421875,298.7290277382726,294.96854075393884,296.8340570379337,3657900
2025-09-23,297.6882629394531,298.92540834462903,294.87034726215313,298.2282705564867,2976900
2025-09-24,298.8075866699219,300.42766958934,296.52970837560576,297.00097907466267,2427300
2025-09-25,296.81439208984375,300.7712617097625,296.47076723049554,300.32944547754335,2558400
2025-09-26,299.7010498046875,300.2312592562483,296.5296811495197,297.8649879593166,2284700
2025-09-29,297.49188232421875,300.5552614792083,296.3725845393422,300.3294542751706,3073800
2025-09-30,298.3755798339844,298.9548700078379,296.5198616812354,297.2562520662053,2640100
2025-10-01,295.0666809082031,299.23955938452576,292.88696436437203,297.7569805836155,3055300
2025-10-02,294.4383544921875,296.8929892602446,293.52523754978307,294.16343659671725,2690400
2025-10-03,295.5184020996094,295.92096580038304,293.240493825682,293.4761291768457,2599100
2025-10-06,290.66802978515625,294.21250789421134,289.5585301112807,293.61359141259135,3814200
2025-10-07,290.9429626464844,292.6612070175918,288.79270015067993,289.64690827239326,2515700
2025-10-08,289.0577697753906,291.27676908267955,288.10537033466767,291.00185120101736,2464600
2025-10-09,288.4784851074219,289.7647112887559,286.74061453268416,288.3213848914983,2802700
2025-10-10,291.62042236328125,292.54336738187413,287.57518928458137,289.3523423607694,4016200
2025-10-13,294.6641540527344,294.96855632275805,288.6650412182057,289.254159539983,3369300
2025-10-14,299.0334167480469,299.9759880875601,294.66415497530517,294.7132656478252,2992800
2025-10-15,299.71087646484375,303.49101963824154,298.1202780817446,298.1202780817446,2522100
2025-10-16,299.7894287109375,301.7040557414761,299.1806841062171,300.2411030647254,2021600
2025-10-17,302.49932861328125,302.73496393294465,300.7516300769119,301.23272884249127,2194200
2025-10-20,302.1851501464844,303.09829700406357,300.29017939777157,302.3619066128621,2329600
2025-10-21,301.9004211425781,302.9509819497714,300.83020408229686,302.9509819497714,2461100
2025-10-22,304.4826965332031,307.1140877402953,301.57641739828364,302.62700825565014,2735700
2025-10-23,301.3996887207031,306.30895815293024,300.6632983058691,306.30895815293024,2081500
2025-10-24,300.2410888671875,302.1164332644123,299.48504224679067,302.04769630550334,1994500
2025-10-27,304.3747253417969,304.4630886018847,299.7992823264862,300.3491181429025,2139700
2025-10-28,300.8399963378906,304.9441380034394,300.77125938103313,302.94117783862026,2336500
2025-10-29,296.863525390625,299.24942311790613,295.75402571657673,299.170887991902,2502300
2025-10-30,296.9420471191406,298.8665022031408,294.65434087543355,295.04707641533935,3128400
2025-10-31,293.0146484375,295.25327410231176,291.610604569773,294.5561662320939,3582700
2025-11-03,290.9920349121094,292.5139264320614,289.09706408056826,292.26846295759844,3899300
2025-11-04,293.7804870605469,294.3106965384206,291.041136346437,292.7986331938632,4151300
2025-11-05,300.1232604980469,304.5416025431049,293.78046345498336,294.12411827347,6070300
2025-11-06,292.9950256347656,300.84985682779825,292.11136311831007,298.73887693743137,3544900
2025-11-07,294.22235107421875,297.05989333931,292.9164685728491,294.89000455261623,3250100
2025-11-10,293.6724853515625,294.57577409176076,290.668015041084,293.5742939762016,3824300
2025-11-11,301.26220703125,301.71388138131437,295.3907401184322,295.4005382816583,2755800
2025-11-12,301.3702392578125,303.4812191556185,300.2312851351527,301.2131390377418,2818600
2025-11-13,301.99859619140625,304.47288708820236,300.9382072097806,301.72367830996245,2294300
2025-11-14,301.4585876464844,305.1110851825394,297.8257164005441,302.85283330347494,3112500
2025-11-17,299.3672180175781,302.1164266394428,298.58174696207396,301.5960453233163,2435700
2025-11-18,299.0628662109375,302.8430095974252,298.64067623879475,300.13308333194686,2773800
2025-11-19,297.2464294433594,299.3083285522152,296.55914971627544,299.06286508601335,2008300
2025-11-20,298.64068603515625,300.09384059517396,296.3922322126689,296.9617242548096,4205100
2025-11-21,303.7364807128906,304.90488913849623,300.6043646763581,300.71235421233496,3348900
2025-11-24,299.3672180175781,304.7085050936465,298.51301000467237,303.38299646915823,3687300
2025-11-25,304.8165283203125,305.80818029634753,301.18365722563226,301.18365722563226,4189600
2025-11-26,306.73114013671875,307.1926126498702,304.0997789809537,305.91621461628625,2786600
2025-11-28,306.1616516113281,307.61477602291814,305.0521520502848,306.7016592025867,1850700
2025-12-01,299.8499755859375,305.7073004736322,299.6524143844083,305.6875564109221,3354100
2025-12-02,297.034912109375,300.09693005549923,295.9187545552154,300.0771558479933,3947800
2025-12-03,303.9392395019531,304.9665035330115,298.35848198424077,298.6943119255542,4986900
2025-12-04,304.7590637207031,309.95458555394924,303.5540127728113,304.7491766178463,4632200
2025-12-05,307.4161376953125,308.22606634614647,304.42326911235995,304.8776237423805,3147200
2025-12-08,305.9937744140625,309.9052392727204,305.2628220373268,308.17668415327097,3575000
2025-12-09,306.98150634765625,308.8681043244349,304.640553771616,306.8827257451365,2355100
2025-12-10,306.72467041015625,307.5049979518267,302.2600707066623,305.7072935469076,4103900
2025-12-11,305.9147033691406,309.1446510056822,305.2726747116196,307.6827765606942,4844000
2025-12-12,312.8388366699219,313.8957318620371,306.5666450981416,306.7246880361446,3771900
2025-12-15,314.82421875,315.74281507762544,311.93010074738646,312.8190960513941,3814900
2025-12-16,310.64605712890625,316.65153838827354,310.4583830135876,315.19955084237176,2972300
2025-12-17,314.7846984863281,315.28845846959547,311.13991422251854,311.6831623327653,3328600
2025-12-18,315.73291015625,317.8467004444706,314.44885279076,315.46622966626245,3335200
2025-12-19,311.9696350097656,315.4168582627726,311.8807415035299,314.7946037191225,7128600
2025-12-22,312.3449401855469,314.3698067724299,310.61638524526904,311.13988925000893,2514600
2025-12-23,307.0308837890625,310.27068862723996,306.82346562280213,308.27545307384065,2922800
2025-12-24,309.4903869628906,309.5595364053035,306.47777424553016,306.87286654793,1011500
2025-12-26,306.8728332519531,309.4212340916076,306.0727616297285,309.1446664955745,1308900
2025-12-29,304.7491760253906,307.28768967895314,304.44297727348606,306.6555179694688,2148300
2025-12-30,304.25531005859375,304.8578506167912,303.0107408171681,303.31693957599396,1678300
