Date,Close,High,Low,Open,Volume
2012-05-18,37.93232345581055,44.649609624651944,37.70411479415053,41.72257890337034,573576400
2012-05-21,33.76502990722656,36.3745529135857,32.74305104049431,36.24556407696098,168192700
2012-05-22,30.75861930847168,33.32845249241795,30.699087026806087,32.35608369105912,101786600
2012-05-23,31.750837326049805,32.24694415926933,31.11582118512797,31.125743548892046,73600000
2012-05-24,32.77281951904297,32.95141829993654,31.522631837783123,32.693444385865355,50237200
2012-05-25,31.661537170410156,32.69344026667106,30.867767013668946,32.643830341561234,37149800
2012-05-29,28.615440368652344,31.443249506485007,28.426919254797564,31.234883666435564,78063400
2012-05-30,27.970500946044922,29.319910108453612,27.64307054507478,28.476530091634626,57267900
2012-05-31,29.369525909423828,29.438980565650073,26.62109350520213,28.327700388537842,111639200
2012-06-01,27.504159927368164,28.923025658392614,27.17672951963154,28.665049898888423,41855500
2012-06-04,26.6905460357666,27.434706251777737,26.23412867834514,26.988211257669434,35230300
2012-06-05,25.66856575012207,27.543848781706195,25.549499289665643,26.492102933079366,42473400
2012-06-06,26.601245880126953,26.958443378960286,25.32129133013623,25.867008048911835,61489200
2012-06-07,26.105138778686523,27.137041811027764,25.94638475717206,26.789766679278415,26159500
2012-06-08,26.888988494873047,27.543849308669085,26.23412768107701,26.343269888378202,38034000
2012-06-11,26.799692153930664,27.851438141707828,26.631015749924167,26.96836855793716,28219600
2012-06-12,27.1866512298584,27.553771080626223,26.750076732525702,27.26602823914642,15816800
2012-06-13,27.057666778564453,27.881204035069292,26.88899038181058,27.444629497736198,17102800
2012-06-14,28.069726943969727,28.099492144261873,27.166810720992604,27.434708878606777,16855000
2012-06-15,29.776330947875977,29.865630325029503,28.12925649092892,28.288010518646903,43563800
2012-06-18,31.16542625427246,31.83021127537616,29.18099923067028,29.72671590516205,42978900
2012-06-19,31.661537170410156,31.929435307996815,30.46095957177691,31.294419182603846,30849000
2012-06-20,31.35395050048828,31.681380916568653,30.90745361833447,31.671458553354427,15553600
2012-06-21,31.592079162597656,32.246939945475226,31.264648771158868,31.423402785644516,21875300
2012-06-22,32.79266357421875,33.18955058693046,31.81037408449963,32.157647381876075,74834000
2012-06-25,31.81037139892578,32.76289560702344,31.30434031119001,32.604141572340495,24352900
2012-06-26,32.842262268066406,33.17961497795262,32.246935737676054,32.435454922467784,24858700
2012-06-27,31.979049682617188,32.643834883568864,31.65161921084115,32.20725839787069,28568000
2012-06-28,31.115821838378906,31.939357230615492,30.659402558136158,31.71114853674283,17713300
2012-06-29,30.85784339904785,31.740912899181463,30.520490622986127,31.671458249844743,19526900
2012-07-02,30.530414581298828,31.482938780537907,30.312126366266853,31.006676680918368,14122000
2012-07-03,30.95706558227539,31.195196623062458,30.56017862179966,30.669322725180216,8763600
2012-07-05,31.224960327148438,31.383714346748075,30.778465356710896,31.076128670335923,10032100
2012-07-06,31.482938766479492,31.651615163248263,31.01659903070577,31.195197791107685,10945600
2012-07-09,31.919506072998047,32.62398052565057,31.740909234962793,31.850051431679276,17785200
2012-07-10,31.224960327148438,32.227096258681904,30.917374650736285,32.177486337243465,14269500
2012-07-11,30.728857040405273,31.314263263997688,30.312127218398764,31.234886245162993,13030300
2012-07-12,30.570100784301758,31.155506965411977,30.36173683466792,30.460958574135244,11300700
2012-07-13,30.480802536010742,30.82807769074909,30.32204850398704,30.798312492555485,8108300
2012-07-16,28.030038833618164,30.2625198026674,27.990349374658457,30.2625198026674,24672100
2012-07-17,27.871280670166016,28.36738747897282,26.938599339709985,28.25824337543619,30438600
2012-07-18,28.883338928222656,29.061937681660222,27.930812874054727,28.089566900999834,16841800
2012-07-19,28.77419090270996,29.270297642411858,28.40707108263187,29.180998277865754,13685100
2012-07-20,28.53606414794922,29.240534914926144,28.49637469445893,28.774195191399052,11869100
2012-07-23,28.526140213012695,28.774193606169327,27.79190239636873,27.901046494956752,12390700
2012-07-24,28.228477478027344,29.220691071033617,27.8812023419757,28.59559544764121,11539800
2012-07-25,29.11154556274414,29.260377216000048,27.86135626889963,28.168941937961463,17230200
2012-07-26,26.640933990478516,28.010187846216684,26.5218675326983,27.533925800090117,64597400
2012-07-27,23.5253849029541,24.348924055197493,22.106520962907705,23.00943523952694,123102300
2012-07-30,22.969745635986328,23.852817072037546,22.850681057696796,23.813127617609467,29285900
2012-07-31,21.540958404541016,23.18803487891733,21.441738549064343,23.18803487891733,56179400
2012-08-01,20.71742057800293,21.411970903368324,20.677733015337775,21.332593885540625,44604400
2012-08-02,19.883962631225586,20.677732801285597,19.66567441508606,20.608278147967518,56374500
2012-08-03,20.925785064697266,21.98745331842821,19.745050345759434,20.201469587805704,80647000
2012-08-06,21.749324798583984,21.977533499779813,21.134151460037092,21.223450846156762,27778900
2012-08-07,20.558666229248047,22.27519728893824,20.34037990667063,22.02714387544226,36782900
2012-08-08,20.558666229248047,20.985318403260713,20.06255940225608,20.548743865608525,29537400
2012-08-09,20.846406936645508,21.005160953428852,20.44952189468714,20.58843118624828,15610700
2012-08-10,21.640178680419922,21.650101043792098,20.965473111090457,21.243293608019442,25794700
2012-08-13,21.431812286376953,22.275194151991922,21.2333688265274,21.97752896221759,24973100
2012-08-14,20.221311569213867,21.43181332655207,20.092324638799347,21.24329221979499,39308800
2012-08-15,21.034927368164062,21.24329129883832,20.241155417150136,20.479286434705184,47861100
2012-08-16,19.715286254882812,20.32053530052271,19.536687493301496,20.2808477382254,157565300
2012-08-17,18.90166473388672,19.92364522912849,18.852054820305725,19.854190593116343,129293400
2012-08-20,19.854196548461914,19.973261133768954,18.604007047753203,18.90167040351827,101186600
2012-08-21,19.01081085205078,19.82442563395007,18.94135620859554,19.427540605279333,70640600
2012-08-22,19.28863525390625,19.377934640139415,18.812371229830212,19.20925823197649,49892200
2012-08-23,19.28863525390625,19.576376248715068,19.20925823197649,19.3481675472292,32813700
2012-08-24,19.258867263793945,19.526765410013017,19.100113227330215,19.368011373549287,29622200
2012-08-27,19.000886917114258,19.37792908251741,18.95127700232292,19.338239636686787,20704000
2012-08-28,19.189411163330078,19.229098723206544,18.80244846517259,18.951280126579526,25417000
2012-08-29,18.951278686523438,19.229097262039776,18.921511599505067,19.169564980500148,16124700
2012-08-30,18.94135856628418,19.298556082797855,18.911591475742263,19.119957324541016,30647500
2012-08-31,17.91938018798828,18.554398288809562,17.889614986034093,18.534553559175052,58764200
2012-09-04,17.59194564819336,18.12774186935522,17.413346907806073,17.939220766446734,46622400
2012-09-05,18.43532943725586,18.604005832503788,18.038444357995246,18.12774373739105,60781800
2012-09-06,18.812366485595703,19.11003166213812,18.574235479859976,18.5940802034622,46066500
2012-09-07,18.83221435546875,19.268788885170633,18.63377276378413,18.95128082447738,36371700
2012-09-10,18.663536071777344,19.050500637498033,18.405560325462595,18.911589455638012,24797800
2012-09-11,19.27871322631836,19.427544908473916,18.703229334152027,18.772683992991453,50508200
2012-09-12,20.767030715942383,20.995239387162197,20.12209226173553,20.598354330150077,121584000
2012-09-13,20.548742294311523,21.31274720365749,20.44952245049804,20.79679568883965,65041600
2012-09-14,21.828699111938477,21.908076123918363,20.737263777842102,20.96547245072212,72819800
2012-09-17,21.352436065673828,22.572858278858973,21.332591340460127,22.49348127050133,50667600
2012-09-18,21.699710845947266,21.808853047913292,21.203604078383282,21.431812737263403,36760500
2012-09-19,23.10865592956543,23.188032942817593,21.600490785277056,21.818777098596186,78782800
2012-09-20,22.414104461669922,23.059042896879014,22.364494540691215,22.84075659507665,57248900
2012-09-21,22.6820011138916,23.05904140950222,22.42402537794873,22.791143311504197,51218100
2012-09-24,20.628124237060547,21.808857206405957,20.201472032802336,21.610415597039978,79106500
2012-09-25,20.122093200683594,21.044850291608512,20.062559019980835,21.03492982065537,46291700
2012-09-26,20.459447860717773,20.61820190546167,19.645831015783436,19.99310619834727,38271900
2012-09-27,20.161781311035156,20.836486904061488,20.00302727649924,20.826564540340822,30215900
2012-09-28,21.49134635925293,21.77908921077669,20.340378738152378,20.40983338714163,65486000
2012-10-01,21.81877899169922,22.414107588992675,21.56080320312214,21.90807837591811,51262700
2012-10-02,22.096599578857422,22.31488591181181,21.650102656339982,21.908078445739232,29341400
2012-10-03,21.660024642944336,22.31488552289155,21.630257551129496,22.126364393059045,32000100
2012-10-04,21.77908706665039,22.225582005837495,21.243290868629394,22.146205001593316,46892100
2012-10-05,20.747188568115234,21.46158175951107,20.717421475453857,21.322672445419578,40529300
2012-10-08,20.24115562438965,20.58843073823276,20.00302460439649,20.24115562438965,32236700
2012-10-09,20.072479248046875,20.389987274694633,19.814503503271293,20.231233261370754,27161800
2012-10-10,19.487077713012695,19.78474297761427,19.298558460512353,19.774820612877793,39321800
2012-10-11,19.596216201782227,19.804580123883618,19.4573069203813,19.7252031212978,21817300
2012-10-12,19.368011474609375,19.645830093621836,19.32832201903765,19.596220166654582,18809400
2012-10-15,19.368011474609375,19.72520711226788,19.338244382930583,19.52676551190147,20189700
2012-10-16,19.328323364257812,19.53668923551649,19.14972458674967,19.526766870932978,21834700
2012-10-17,19.725204467773438,20.320532974053716,19.219177224557207,19.348164152877644,44074500
2012-10-18,18.83221435546875,19.63590876315803,18.74291497683661,19.54660938452589,52157400
2012-10-19,18.85205841064453,18.911590696778912,18.653614933533582,18.85205841064453,34835000
2012-10-22,19.169567108154297,19.278711213505247,18.90166897274596,19.050502531859916,32447300
2012-10-23,19.348163604736328,19.64582690319497,18.951278575959105,19.100110225188427,78381200
2012-10-24,23.049123764038086,24.06118219079891,22.672083391272896,23.942115714269278,228949900
2012-10-25,22.38433837890625,23.128498581991536,22.29503900313623,23.10865574820718,76142000
2012-10-26,21.76917266845703,22.701852336407608,21.70963847412148,22.225590136709727,73175800
2012-10-31,20.94563102722168,21.33259375011294,20.56858877556069,20.657888156612117,99378200
2012-11-01,21.044851303100586,21.27306188843515,20.846409702045527,20.91586435703967,37713900
2012-11-02,21.01508331298828,21.52111245109815,20.905939216779146,21.094460321368427,38344400
2012-11-05,21.08453941345215,21.312748091727812,20.75710899473137,20.93570774903312,31806700
2012-11-06,21.005165100097656,21.203608606500524,20.826566322834584,21.0746197595894,29062700
2012-11-07,20.31061553955078,20.786879595631472,20.21139567484418,20.687657838427263,33396800
2012-11-08,19.8343505859375,20.56858845796976,19.82442822236306,20.36022450039861,34254600
2012-11-09,19.0604248046875,19.844274558132533,18.981047782154867,19.80458510061747,42295500
2012-11-12,19.913726806640625,20.012948545924534,18.723071612725523,19.000890211723746,67349200
2012-11-13,19.705364227294922,19.953417646500558,19.40769898874972,19.457310808089286,71775100
2012-11-14,22.185897827148438,22.32480713259655,19.774818354028433,19.943494750285723,229751000
2012-11-15,21.997377395629883,22.32480783484099,21.48142582702529,22.166053797193022,78857700
2012-11-16,23.376554489135742,23.74367439471421,22.007300401364834,22.076755058299213,107182200
2012-11-19,22.74153709411621,23.932194239513915,22.642315349916842,23.77343831329651,85021300
2012-11-20,22.920137405395508,23.713907627682953,22.523252294251787,22.553017494776633,46655300
2012-11-21,24.130634307861328,24.33900014673945,22.870522589042775,23.039198975754687,89862400
2012-11-23,23.813127517700195,24.48783310016794,23.694061047412863,24.38861135701139,29520900
2012-11-26,25.738021850585938,25.886853515189912,24.61681939940827,24.745808229896397,123865000
2012-11-27,25.946386337280273,26.293661490178323,25.261758394995248,25.837244123653193,85760600
2012-11-28,26.15475082397461,26.283737757906664,25.54949992880004,25.73802104069818,49205600
2012-11-29,27.107275009155273,27.305718484396884,25.95630739474731,26.2936601671597,88759700
2012-11-30,27.781980514526367,27.781980514526367,26.55163589026844,27.047742685170697,127049600
2012-12-03,26.829458236694336,28.65512962740386,26.769924054580784,27.781982440542784,123526100
2012-12-04,27.246187210083008,27.543852454669036,26.4722617376537,26.849302109799073,72869200
2012-12-05,27.494237899780273,27.68275901335161,27.04774291605522,27.533927352109924,58976300
2012-12-06,26.76000213623047,27.53392948410992,26.61117046346449,27.46447482965229,46001500
2012-12-07,27.275951385498047,27.563694235244604,26.631012929941893,26.859221601639153,51751900
2012-12-10,27.623226165771484,27.9506565708454,26.88898834507535,26.958442992742967,50608500
2012-12-11,27.762136459350586,28.020112226032925,27.444628405740715,27.85143583599052,77099100
2012-12-12,27.365253448486328,27.92089258405276,27.156889482335448,27.78198327328551,46704200
2012-12-13,28.020111083984375,28.526140233486764,27.21641861947927,27.37517263981368,81051600
2012-12-14,26.601245880126953,28.10941099464855,26.551635957509983,27.960579334300405,91631600
2012-12-17,26.541715621948242,26.789769038975795,26.115063441861267,26.56156034950982,57742500
2012-12-18,27.494237899780273,27.69268137643402,26.690545415077377,26.750077701074602,60512900
2012-12-19,27.196575164794922,28.000267666859113,26.740157808127968,27.613304960772147,61390300
2012-12-20,27.146963119506836,27.385094142529177,26.91875256650876,27.27595004729084,35574800
2012-12-21,26.055530548095703,26.799690781939837,25.91662124337728,26.45241562764644,54555200
2012-12-24,26.720312118530273,26.7500773148505,25.995996656447264,26.2936599746329,28230100
2012-12-26,26.3035831451416,26.968366342497024,26.174594315469665,26.819534678834792,33175400
2012-12-27,25.847164154052734,26.59132437222121,25.321292144411952,26.34327096616505,43481700
2012-12-28,25.708251953125,25.906695412590256,24.954169456652952,25.281599840022665,56574800
2012-12-31,26.412729263305664,26.77984726884612,25.906700054252198,25.99599943776148,60374500
2013-01-02,27.781980514526367,27.960579263490736,27.20649670813964,27.226341434135065,69846400
2013-01-03,27.553773880004883,28.248322308714734,27.375175117837458,27.66291609605368,63140600
2013-01-04,28.53606414794922,28.70474054028835,27.6133051717703,27.791903927482004,72715400
2013-01-07,29.19092559814453,29.55804548058179,28.426920635030065,28.466610089346457,83781800
2013-01-08,28.833728790283203,29.36952508178238,28.635287191299998,29.280225699865852,45871300
2013-01-09,30.351816177368164,30.361738541122303,29.26038076687898,29.438979529458695,104787700
2013-01-10,31.056285858154297,31.20511941663371,30.04422939397761,30.361737452738712,95316400
2013-01-11,31.473018646240234,31.71114971291763,30.85784719711467,31.036445970247087,89598000
2013-01-14,30.709012985229492,31.959200509090984,30.381582558980565,31.830215460792154,98892800
2013-01-15,29.865631103515625,31.463093785629926,29.647342890340465,30.40142548790567,173242600
2013-01-16,29.617576599121094,30.11368340348662,29.300068547126724,29.974772211366126,75332700
2013-01-17,29.905319213867188,30.183139720960888,29.79617699777465,29.845786923953316,40256700
2013-01-18,29.42905616760254,30.20298348170069,29.04209345680212,30.07399464976901,49631500
2013-01-22,30.49072265625,30.649476676593533,29.50843144568794,29.51835380852156,55243300
2013-01-23,30.580026626586914,31.254732260729238,30.56018189793626,30.8578471502036,48899800
2013-01-24,30.837997436523438,31.244804845613096,30.57009932053839,31.026518543234825,43845100
2013-01-25,31.294416427612305,31.681379108395372,30.88760712903623,31.165427605686506,54363600
2013-01-28,32.2171745300293,32.25686019463334,31.562311859137413,31.631766503437294,59682500
2013-01-29,30.550256729125977,31.820288887545534,30.470877826727556,31.750834240444114,72976500
2013-01-30,30.996753692626953,31.24480710107547,30.639556178861948,30.73877792074082,87682100
2013-01-31,30.7387752532959,31.224959664565272,28.51621713356569,28.9230245367196,190744900
2013-02-01,29.49850845336914,30.778464844134525,29.39928671964748,30.768542481512643,85856700
2013-02-04,27.89112663269043,28.972639675215426,27.791904888032683,28.833728475695626,92362200
2013-02-05,28.4169979095459,28.734505970044037,27.821671242360548,28.039957560828686,47948200
2013-02-06,28.823802947998047,29.0619358660358,28.436840268056734,28.516217276570263,38375900
2013-02-07,28.42691993713379,28.923026748924947,28.04987959287132,28.88333918808025,34540100
2013-02-08,28.32769775390625,28.94287102361945,28.28801019368132,28.665050532055865,37708800
2013-02-11,28.039958953857422,28.45668877708875,27.82167262454479,28.387234121966433,37361800
2013-02-12,27.156888961791992,27.940736776450517,26.888990816878145,27.454552305586898,93498700
2013-02-13,27.69268226623535,28.09948970319925,27.097353709642697,27.14696552664885,50164000
2013-02-14,28.27808952331543,28.4070764673896,27.791905053347588,27.80182741712212,35615800
2013-02-15,28.099489212036133,28.526141368344856,27.87128053528872,28.297932691597442,33109300
2013-02-19,28.704740524291992,28.853572189803035,27.901048016534517,28.010190228577386,49396400
2013-02-20,28.238399505615234,28.823805709167807,28.10941256411091,28.69481876766348,42098200
2013-02-21,27.067588806152344,28.327698691848642,26.93859997303159,28.059802447092714,49642300
2013-02-22,26.91875457763672,27.414861385788868,26.61116888648163,27.404940915023435,36350200
2013-02-25,27.057666778564453,27.42478477047166,26.938600307474573,26.948522671106844,34652000
2013-02-26,27.17673110961914,27.24618576191505,26.492105057704606,27.146965911490803,31611700
2013-02-27,26.66077995300293,27.127119658251857,26.4226470263894,27.127119658251857,44319700
2013-02-28,27.03782081604004,27.087430739437533,26.13490658422527,26.63101338818931,83027800
2013-03-01,27.563695907592773,27.901048700351087,26.60124745487161,26.839378504025007,54064800
2013-03-04,27.504159927368164,27.84151269806617,27.226341334438438,27.543849379213682,32400700
2013-03-05,27.30571937561035,27.960580215785104,26.998131789696984,27.66291499320739,40622200
2013-03-06,27.236265182495117,27.91096886818306,27.137043439968345,27.881203670173157,33532600
2013-03-07,28.357465744018555,28.456687486477847,27.256107998465332,27.355329740924624,74540200
2013-03-08,27.742292404174805,28.248321586546748,27.51408372168275,28.208634025133804,44198900
2013-03-11,27.92089080810547,28.416997620715716,27.61330511418636,27.79190386952562,35642100
2013-03-12,27.61330795288086,28.099492452119808,27.385099249819262,27.881206113430128,27569600
2013-03-13,26.869142532348633,27.434703946188222,26.71038851767426,27.40493875124749,39619500
2013-03-14,26.829458236694336,27.216420957945598,26.621092384291636,26.888990526310522,27646400
2013-03-15,26.442495346069336,26.849302821201363,26.35319595957718,26.819537620702306,31597400
2013-03-18,26.283737182617188,26.581402388440722,25.57926645791282,26.164672614285525,26653700
2013-03-19,26.34326934814453,26.690544473792748,26.005916585228796,26.323426515176745,25254200
2013-03-20,25.658645629882812,26.48218288481538,25.579268613473552,26.472260521202053,44006500
2013-03-21,25.53957748413086,25.906697343758747,25.36097873579822,25.460200472927156,24336100
2013-03-22,25.529659271240234,25.80747980186399,25.430437517981925,25.59911393077179,18456300
2013-03-25,24.934324264526367,25.599107381019756,24.884714346839107,25.549497463332493,39199000
2013-03-26,25.013702392578125,25.281600502123084,24.83510554537862,24.884715465295628,26957200
2013-03-27,25.88685417175293,26.07537529436461,24.52752064423295,24.80534114637135,52297400
2013-03-28,25.380826950073242,25.966233197845447,25.321294656612633,25.886856175732138,28585700
2013-04-01,25.331214904785156,25.6884105282064,25.083161494841107,25.43043475476491,22249300
2013-04-02,25.222068786621094,25.916619036052886,25.10300232664812,25.56934391133699,35153300
2013-04-03,26.045604705810547,26.184513991975802,25.49988803087811,25.628874954817693,48195200
2013-04-04,26.859224319458008,27.017978358658922,25.906700084252513,26.412729293891967,82016800
2013-04-05,27.17673110961914,27.583538552350042,26.402805678324913,26.65085908938021,64566600
2013-04-08,26.640933990478516,26.9882091087989,26.422645799964315,26.978286746275785,27256000
2013-04-09,26.382959365844727,26.680622684225057,26.21428298076328,26.373037002899085,21311100
2013-04-10,27.355327606201172,27.623225722186138,26.69054444384802,26.799688541285715,45949400
2013-04-11,27.801828384399414,27.881205404859973,27.037823379655627,27.266032076917554,33368500
2013-04-12,27.1866512298584,27.78197974576713,27.02789721128236,27.78197974576713,28697400
2013-04-15,26.313505172729492,27.266029322015157,26.154751147848547,26.94852127225327,30275400
2013-04-16,26.710391998291016,26.898913124969344,26.194440437117375,26.60124788929345,27365900
2013-04-17,26.422649383544922,26.98821276908423,26.184518328185035,26.442494111282596,26440600
2013-04-18,25.48996925354004,26.611169847766625,24.954172972982256,26.611169847766625,39059000
2013-04-19,25.529659271240234,25.75786797898607,25.132774150704535,25.420517045903875,20380900
2013-04-22,25.76778793334961,26.154752545612194,25.499891684856877,25.609033899984524,25687600
2013-04-23,25.7777099609375,26.12498511408277,25.569346004548738,26.015841007880656,25191500
2013-04-24,25.906700134277344,26.194441121198086,25.599112526796382,25.72810136670709,19729900
2013-04-25,25.936464309692383,26.194440086829395,25.797555003732974,25.86700965671268,17150000
2013-04-26,26.640933990478516,27.40493887228393,26.392880604892117,26.392880604892117,33018000
2013-04-29,26.76992416381836,27.196576341552987,26.65085958410013,26.948522925893077,29201100
2013-04-30,27.553773880004883,27.63315089735736,26.79969126890764,26.91875584868767,36245700
2013-05-01,27.216421127319336,27.702605595954786,27.097354654848623,27.633150942220773,64567600
2013-05-02,28.744428634643555,28.79404045242698,27.76213735249977,27.791904443169827,104257000
2013-05-03,28.089570999145508,28.84365368340078,27.930816949038878,28.81388848181676,58506400
2013-05-06,27.355327606201172,28.23839707093253,27.266028234206182,28.10941014054931,43939400
2013-05-07,26.680622100830078,27.633148105314334,26.64093454241254,27.335482900945486,41259100
2013-05-08,26.908832550048828,27.087429400953084,26.44249096616795,26.67069963051547,34654900
2013-05-09,26.829458236694336,27.33548553717797,26.64093711166282,26.86914579893934,33457200
2013-05-10,26.472259521484375,27.087430902300014,26.363115418356934,26.9286768754768,30847100
2013-05-13,26.611169815063477,27.117199004135948,26.32342884039326,26.392883493158575,29068800
2013-05-14,26.859224319458008,27.067590178720103,26.6111708966444,26.68062555223262,24930300
2013-05-15,26.392881393432617,26.7798440809096,26.194437922035743,26.710389433669857,30299800
2013-05-16,25.926544189453125,26.34327403588796,25.698335483488158,26.27381937689841,35499100
2013-05-17,26.045604705810547,26.39287981372077,25.995994787179264,26.194436354201475,29462700
2013-05-20,25.55942153930664,25.986073673016477,25.489966892888233,25.97615131031425,42402900
2013-05-21,25.460201263427734,25.876931058310305,25.390746613030185,25.66856710711766,26261300
2013-05-22,24.96409797668457,25.64872599896776,24.72596690208554,25.45028249055312,45314500
2013-05-23,24.864871978759766,25.331213576193818,24.577131022414946,24.606896218848792,37663100
2013-05-24,24.120712280273438,24.775573110145313,23.892503604635692,24.775573110145313,58727900
2013-05-28,23.91234588623047,24.348920359009387,23.73374715225286,24.348920359009387,50079700
2013-05-29,23.1384220123291,23.62460647366909,23.078889723235747,23.604763638969537,64237800
2013-05-30,24.358840942382812,24.587051488251177,23.743669625251783,23.942111191988822,60733200
2013-05-31,24.160404205322266,24.755732809534024,24.081027184260527,24.438222832789613,35925000
2013-06-03,23.664295196533203,24.13063491626042,23.525384002946378,24.081024992299096,35733800
2013-06-04,23.33686637878418,23.743673839164988,23.13842288433126,23.703984383275436,34760800
2013-06-05,22.721694946289062,23.525387569799292,22.612552718526857,23.168191899626734,53819700
2013-06-06,22.791147232055664,22.91021370470238,22.49348388918494,22.810991959579678,31260700
2013-06-07,23.10865592956543,23.217798139976356,22.682003773648574,22.85068016337158,38699200
2013-06-10,24.14055824279785,24.40845638487204,23.80320544740755,23.872660100723664,58393000
2013-06-11,23.842893600463867,24.160401651144653,23.81312651102607,23.842893600463867,29885900
2013-06-12,23.58492088317871,24.071105385157676,23.396399744044825,23.971883633376812,26445800
2013-06-13,23.545228958129883,23.644450699513158,23.088811597263042,23.535306594741822,31189300
2013-06-14,23.446006774902344,23.70398254063834,23.078888798949126,23.37655212499213,30677100
2013-06-17,23.832969665527344,24.06117832534158,23.565071555746908,23.723825570617432,33664500
2013-06-18,24.02149200439453,24.497756003540985,23.892505060196928,23.902427423980956,36709100
2013-06-19,24.120712280273438,24.993861315100784,23.91234833099478,24.011570070292972,31790600
2013-06-20,23.713905334472656,24.557287296906274,23.4658519274332,24.090947572971125,42765600
2013-06-21,24.33900260925293,24.507679013030778,23.862738597558312,24.39853490102822,45833900
2013-06-24,23.75359344482422,23.922269827772947,23.19795248187711,23.763515807644403,40626000
2013-06-25,24.061180114746094,24.23977886788192,23.852816164419153,23.95203601171925,24713200
2013-06-26,23.971881866455078,24.45806633259831,23.803205468609683,24.31915702584235,29890300
2013-06-27,24.467988967895508,24.646587731419874,24.021492059084597,24.051259150504453,34694100
2013-06-28,24.686275482177734,24.785497228502283,24.229858098581182,24.48783388202604,96778900
2013-07-01,24.6168212890625,24.864874713276144,24.42830204925829,24.775575329159437,20582200
2013-07-02,24.21993637084961,24.57713391000102,24.110792257776136,24.50767925349879,18394100
2013-07-03,24.329078674316406,24.517597901515334,23.961958798328713,24.031413449664875,10404400
2013-07-05,24.180248260498047,24.46798924414916,24.011571858875875,24.45806688023051,20229500
2013-07-08,24.517597198486328,24.84502950396326,24.229856237987708,24.27946616109177,27064600
2013-07-09,25.28160285949707,25.291525222905108,24.835107861119344,24.874795422254174,30387900
2013-07-10,25.599109649658203,25.628876738406802,25.27167924341248,25.38082334299346,26721800
2013-07-11,25.609033584594727,25.79755470658053,25.251837960171027,25.757865252479377,26777400
2013-07-12,25.708251953125,25.728096677570942,25.351054483086376,25.53957558032866,16537900
2013-07-15,26.075374603271484,26.224206267705657,25.450278963151742,25.728099457926884,24234000
2013-07-16,26.115062713623047,26.541714881812503,25.807477014985405,26.184517365654386,30817600
2013-07-17,26.442495346069336,26.571484189890214,26.09522016443291,26.164676714758187,21518500
2013-07-18,25.97615623474121,26.561562497670636,25.916623939739203,26.54171776850412,24806900
2013-07-19,25.678489685058594,25.90670027401678,25.40067106067071,25.61895739304654,46539700
2013-07-22,25.847164154052734,25.926541168290814,25.5197337337585,25.7876318664985,27526300
2013-07-23,25.926544189453125,26.095220600926687,25.76779014247771,25.896778988456184,28221600
2013-07-24,26.3035831451416,26.323427871629175,25.847163898413847,26.115062028504227,82635600
2013-07-25,34.09246063232422,34.60841216958227,32.494996096485636,33.27884576568506,365457900
2013-07-26,33.74518585205078,34.459580918367124,33.29869272059791,33.507056686608564,136028900
2013-07-29,35.15413284301758,35.35257634650384,33.74518737476063,33.804721561305016,124718800
2013-07-30,37.33700180053711,37.66443034640953,35.04498683945091,35.37241917031814,173582800
2013-07-31,36.513458251953125,38.01170284718903,36.04712045253713,37.66442583018336,154828700
2013-08-01,37.198097229003906,37.99186751630692,36.63253187774301,37.00957418358517,106066500
2013-08-02,37.753726959228516,38.19030336835669,37.20801023281283,37.366764258406384,73058500
2013-08-05,38.88485336303711,39.01384220324733,37.952173851889484,38.130772619874435,79994800
2013-08-06,38.24983215332031,38.9443824054482,37.6445812733945,38.805473112021495,63950800
2013-08-07,38.56733703613281,38.636791677164396,37.40644907746715,38.309363195871796,68854800
2013-08-08,38.23991775512695,38.88485440344428,38.13077364010534,38.825324002519736,41301000
2013-08-09,38.20022964477539,38.438362611854956,37.714043238444035,38.289529034305836,43532300
2013-08-12,37.922401428222656,38.200219998834235,37.80333308225128,37.90255670389409,31161000
2013-08-13,36.731746673583984,38.02162355259808,36.48369328204303,37.942248435502044,65379200
2013-08-14,36.364627838134766,37.25761775517976,36.3348588580706,36.54322657854262,48423900
2013-08-15,36.27532958984375,36.781356846653416,35.73953335204923,36.07688611825381,56521100
2013-08-16,36.791282653808594,37.198090084479325,36.612683900343924,36.68213855058079,45840800
2013-08-19,37.51559829711914,37.98193612425446,36.850813204189635,37.13855606209934,57609600
2013-08-20,38.11092758178711,38.27960587684311,37.396532515657896,38.05139339794473,57995200
2013-08-21,38.02162170410156,38.547493657403884,37.85294722285146,38.081155877775,46116900
2013-08-22,38.24983215332031,38.44827562321319,38.04146821318026,38.071233408916164,21931200
2013-08-23,40.234256744384766,40.313635641332645,38.62687193113155,38.69632657346387,86442300
2013-08-26,41.01811218261719,41.61343885484889,40.30371714794341,40.58153954198025,94162400
2013-08-27,39.33134460449219,40.879199108556904,39.113056411805104,40.363247607202,72695100
2013-08-28,40.234256744384766,40.531920037951046,39.56947551491988,39.648850626873624,57918200
2013-08-29,40.958580017089844,41.45468686336271,40.48231789886727,40.57161728259618,58303400
2013-08-30,40.9684944152832,41.930938891661164,40.74028577511136,41.69280978234878,67735100
2013-09-03,41.543983459472656,41.83172631940202,41.18678594852512,41.5142182618919,48774900
2013-09-04,41.454689025878906,41.841651780558784,41.117336201415284,41.682897732869726,42581900
2013-09-05,42.32783126831055,42.43697536795954,41.44476178568785,41.464606511532615,50035400
2013-09-06,43.6077880859375,44.26264890466513,42.06985777672809,42.75448379199055,117535700
2013-09-09,43.69709014892578,44.44125038803557,43.35973735579622,44.01459821481305,75794700
2013-09-10,43.26051330566406,43.91537415841512,42.89339531768103,43.89553321635737,54540300
2013-09-11,44.689300537109375,44.738910459094406,42.7743280255307,43.05214661664241,72328300
2013-09-12,44.40156173706055,45.26478657025067,44.30234188404827,45.17548718854171,68072300
2013-09-13,43.96498489379883,44.72898980114699,43.587942675303566,44.68930034972761,52765300
2013-09-16,42.17900466918945,44.590084374319034,42.099629537721704,44.500784985795896,70424200
2013-09-17,44.71906661987305,45.08618459183382,42.09962332319003,42.16907797234492,91934600
2013-09-18,44.87782287597656,45.115955817059444,44.05428751576244,44.49086015858724,79317000
2013-09-19,45.621978759765625,45.69143340574767,44.87781859424858,45.155637178176754,63972400
2013-09-20,47.12022399902344,47.22936431208338,45.383850255417514,45.959332156529825,115508400
2013-09-23,46.82255554199219,47.17975302162502,45.92956562790439,46.91185491190039,75177000
2013-09-24,48.07274627685547,49.27332373954099,47.78500344480859,48.13227666624845,136716100
2013-09-25,49.07489013671875,49.15426905185055,48.082676407541285,48.84668143320733,87879700
2013-09-26,49.99764633178711,50.20601029453047,49.114576769212555,49.620604076588556,98220100
2013-09-27,50.841033935546875,50.880719608732164,49.471777908285226,49.89843012123635,81410500
2013-09-30,49.83889389038086,51.198225604862095,49.4122416949241,49.749594505634214,100095000
2013-10-01,50.02740478515625,50.63265564912883,49.06496022678466,49.58091172090892,98114000
2013-10-02,49.88849639892578,50.7021112122818,49.56106789354804,49.73966663647929,62834000
2013-10-03,48.797061920166016,50.32507167140206,48.677997355847204,50.07701828782455,82045000
2013-10-04,50.64258575439453,50.76165033294866,49.184030473376204,49.382473960962905,74447000
2013-10-07,50.12663269042969,50.89063763437364,50.00756811546278,50.33499664287042,57204000
2013-10-08,46.77294921875,50.20600741922377,46.71341882422966,50.20600741922377,136081000
2013-10-09,46.40583038330078,47.467498629232004,44.907585732317436,47.01108128303614,147297000
2013-10-10,48.668067932128906,49.293163452154516,47.45757012262736,47.497255783189324,99774000
2013-10-11,48.72761154174805,49.481692228447216,48.410103485770016,48.797066192431075,58428000
2013-10-14,49.12449645996094,49.24356482391785,47.53695612381595,47.933843100349556,68781000
2013-10-15,49.11457061767578,50.60289093942354,48.797062585169144,49.60075692151088,81167000
2013-10-16,50.74180603027344,50.841029667394395,49.51146320993146,49.65037251690607,64678000
2013-10-17,51.80347442626953,51.813398682494565,50.55328687654211,50.72196138242024,71522000
2013-10-18,53.797821044921875,54.403071928989654,53.18264590554464,53.758131593672815,88260000
2013-10-21,53.430702209472656,54.38323016637555,53.09334942546415,54.25424133528549,58235000
2013-10-22,52.26980972290039,54.33361192315078,51.79354767668877,53.90696358206072,83204000
2013-10-23,51.49588394165039,51.84315716464071,50.731879066077425,51.34705039751496,57207000
2013-10-24,52.04160690307617,52.42856962249075,51.18830255513905,51.97215225010405,46775000
2013-10-25,51.54549026489258,52.825446543169534,51.476035625140554,52.76591237267038,45085000
2013-10-28,49.83889389038086,51.297449246244426,49.223722453790025,51.1386952050276,73472000
2013-10-29,49.01535415649414,50.39453047747537,48.86652060005958,50.334996297902634,102143000
2013-10-30,48.628387451171875,49.81904454238591,48.370413577489536,49.61068059229696,127073000
2013-10-31,49.81904602050781,51.59510934680621,46.13793431974017,46.7927951715883,248809000
2013-11-01,49.362632751464844,51.684413016199876,49.332867550953814,50.45406633347914,95033000
2013-11-04,47.84454345703125,49.36262913169202,47.64609996985465,48.98558688455595,80371000
2013-11-05,49.719825744628906,49.789280396124525,47.140068028382125,47.417890419359246,76835000
2013-11-06,48.73752975463867,50.05717562646859,48.33072234020133,49.868652624781795,67889000
2013-11-07,47.18967819213867,49.48168908925951,46.93170054740137,48.85659727276892,97128000
2013-11-08,47.159912109375,48.271194088075035,46.88209350719728,47.4377344965473,70731000
2013-11-11,45.840274810791016,47.159917095657335,45.37393314926184,46.67373449044158,80910000
2013-11-12,46.247074127197266,47.001154759083924,45.47314877013012,45.64182325667273,68196000
2013-11-13,48.330726623535156,48.36049560722602,45.70136268719009,45.87003719312775,79245000
2013-11-14,48.60854721069336,49.18402914566562,47.6560192529894,48.32080435070993,75117000
2013-11-15,48.628387451171875,49.09472905993772,48.33072412461701,48.7276110833532,42453000
2013-11-18,45.47315216064453,48.459713500592315,45.443383178157056,48.09259551986661,85910000
2013-11-19,45.9990234375,46.63403954053799,45.364007334462016,45.899799805778734,75602000
2013-11-20,46.06847381591797,47.179751893201065,45.94940925388618,46.24707255146274,53933000
2013-11-21,46.33637619018555,47.09045686588478,46.32645193452154,46.624119044529074,34886000
2013-11-22,45.87002944946289,46.90193239333214,45.60213135143948,46.67372374353311,40545000
2013-11-25,44.471012115478516,46.28676477398598,43.697086738406824,45.99902192892287,82565000
2013-11-26,45.53268051147461,45.81049910225462,43.21090058639968,44.31225826412675,82016000
2013-11-27,46.12801742553711,46.3066124126217,45.17548937944785,45.61206583786229,44993000
2013-11-29,46.64396286010742,46.84240635067585,46.13793555490296,46.3859889718648,22953900
2013-12-02,46.69357681274414,47.16983892157218,45.89980284636929,46.534822776468125,50774000
2013-12-03,46.36613464355469,46.83247618207877,45.92956208269838,46.38597936700188,32086000
2013-12-04,48.241424560546875,48.390258115742796,45.899799840097586,46.09824331869397,60890000
2013-12-05,47.96360778808594,48.32080530616351,47.49726616337414,47.775088557987075,43855000
2013-12-06,47.56672286987305,49.00543347537187,47.338514175689696,48.59862601443722,42938000
2013-12-09,48.459712982177734,48.58870181159131,47.36827952250939,47.715552772859894,36056000
2013-12-10,49.858734130859375,50.37468566462184,48.162049758387035,48.26126960584366,68479000
2013-12-11,48.99551010131836,50.374686441197404,48.628388333081276,50.15639823143423,65776000
2013-12-12,51.426429748535156,51.66455887924931,50.265537935072196,50.65250061122842,92723000
2013-12-13,52.90482711791992,53.08342586287494,50.94024470840911,51.25775274721928,82641000
2013-12-16,53.391021728515625,54.07564783390634,52.498027864966886,52.835380681752525,85119000
2013-12-17,54.43284225463867,54.75035032456408,53.817670842282546,54.333618617165264,78751000
2013-12-18,55.13731002807617,55.45481808061007,53.331481559916696,54.432839273078756,76003000
2013-12-19,54.621360778808594,54.76027008447217,53.5299272757422,53.906969523253835,89753200
2013-12-20,54.69081497192383,54.7205839550263,53.80774543477565,54.50229574225001,239824000
2013-12-23,57.32018280029297,57.86589954875277,55.01824744370295,55.06785736901844,98297000
2013-12-24,57.508697509765625,58.12387264730219,56.466874020058626,57.81628507853391,46617800
2013-12-26,57.28049087524414,57.92543123151007,56.923293372388834,57.86589705270268,55101000
2013-12-27,55.00831985473633,57.2308799531575,54.8198006359618,57.03243647892436,60466000
2013-12-30,53.29179382324219,54.75034908872296,53.01397521457715,54.50229567813071,68307000
2013-12-31,54.22447967529297,54.43284364180494,53.49023987925739,53.69860384576936,43076200
2014-01-02,54.28401184082031,54.79004295881088,53.76806025100414,54.40308021269749,43195500
2014-01-03,54.13517761230469,55.216690632329474,54.105408629280106,54.591594978738534,38246200
2014-01-06,56.75462341308594,56.81415381165718,53.629148798272034,53.99626680110901,68852600
2014-01-07,57.4690055847168,58.09410116562971,56.77445914480714,57.25072118288557,77207400
2014-01-08,57.7765998840332,57.955198642283264,56.78438624264161,57.15150423015799,56682400
2014-01-09,56.77446746826172,58.50091713627894,56.20890597856696,58.193333320652364,92253300
2014-01-10,57.48885726928711,57.846054787338424,56.61571198626687,56.685166638666324,42449500
2014-01-13,55.474666595458984,57.79644675379223,54.94879455722368,57.45909395181236,63010900
2014-01-14,57.2904167175293,57.33010238617213,55.66318318334517,56.020380696093035,37503600
2014-01-15,57.1515007019043,58.11394908583559,56.82407218865613,57.52854292215487,33663400
2014-01-16,56.74469757080078,57.56823672130556,56.387503834371486,56.81415222385604,34541800
2014-01-17,55.861629486083984,57.36979473547849,55.63342079364199,56.85384316713341,40849200
2014-01-21,58.05440902709961,58.12386745286745,56.060061598463165,56.15928143242743,48669200
2014-01-22,57.06221008300781,58.84819782926378,56.655402604137294,58.39177663577892,61352900
2014-01-23,56.189056396484375,56.2386663187515,55.25637320388689,55.931078744704216,47951800
2014-01-24,54.02603530883789,55.9806936729133,53.97642538213452,55.71279931171612,55200700
2014-01-27,53.13303756713867,54.51221386668523,51.44627368873858,54.30384991891082,73924100
2014-01-28,54.710655212402344,54.84956450550691,53.57953235712873,53.59937708257143,48191200
2014-01-29,53.11319351196289,54.52213881113127,52.77584073202071,54.18478603118909,92995600
2014-01-30,60.604408264160156,62.013349753768416,59.98923310940674,61.636307527467046,150178900
2014-01-31,62.08280944824219,62.87657963260224,59.70149511016723,59.9991622411727,87794600
2014-02-03,61.00129318237305,63.27346329096288,60.22736776643198,62.539223543407424,74866600
2014-02-04,62.26140213012695,62.64836482063541,61.33864319814783,61.56685186729398,45985500
2014-02-05,61.70576858520508,62.66821708454251,60.79293379881917,62.25148914771283,51685100
2014-02-06,61.675994873046875,62.291166221793446,60.98144462252946,60.98144462252946,42086500
2014-02-07,63.819183349609375,64.06723676865636,61.7355361436126,61.78514607042303,60704300
2014-02-10,63.05517578125,63.98785523605483,62.97580065860441,63.79933979289589,43666100
2014-02-11,64.34506225585938,64.49389583717401,62.85674158269382,63.253628609536044,45675600
2014-02-12,63.94817352294922,64.55342451948835,63.55129407668571,64.41451519929807,47282100
2014-02-13,66.80574035644531,66.80574035644531,63.55128111301636,63.68026614974164,61911700
2014-02-14,66.5676040649414,67.05379415942751,66.20048989276506,66.97441525788015,36694900
2014-02-18,66.7759780883789,67.0141072319988,65.55555203359755,66.41878058795456,43809900
2014-02-19,67.53005981445312,68.5421219948989,66.47831574888238,66.52792946027289,62087100
2014-02-20,69.08782958984375,69.56409544413765,65.21820264240743,67.20262982365229,130928900
2014-02-21,68.0559310913086,69.4152665264205,67.91702178494556,69.1473721698602,70932400
2014-02-24,70.2288818359375,70.88374648692593,68.00632535104764,68.20476505559532,76620300
2014-02-25,69.30612182617188,70.44716903582037,68.90923485281726,70.39755532540502,52077000
2014-02-26,68.72071838378906,70.66545619727623,68.31390716041196,69.64347736585081,55322700
2014-02-27,68.4031982421875,69.46486633984021,68.33374360290136,68.80007756954379,41653700
2014-02-28,67.92693328857422,69.3358746000228,66.85534092353387,68.9290710134724,66783700
2014-03-03,66.8851089477539,67.52012491834631,65.99211537348725,66.43860837562684,56824100
2014-03-04,68.26429748535156,68.3635173295767,67.09348515552178,68.12538818943861,42013500
2014-03-05,71.01272583007812,71.40961277726231,69.07791237128995,69.14736701929802,74567700
2014-03-06,70.28840637207031,71.3302336590431,69.70300399347775,71.32030940364643,46026500
2014-03-07,69.25651550292969,70.62576760889984,68.92908318302725,70.52654775832043,38927000
2014-03-10,71.46914672851562,71.58821508959633,69.96098533810633,70.21895543213063,59871600
2014-03-11,69.55418395996094,72.02479413465977,69.4152746373668,71.93549852870225,59408300
2014-03-12,70.3281021118164,70.79444374730079,68.46274313986841,69.31604750054419,46340500
2014-03-13,68.29407501220703,70.79445036007516,67.61936935167273,70.73491995678957,57091000
2014-03-14,67.19271087646484,68.88939534207091,66.93473320292551,67.95671207080612,48227000
2014-03-17,68.20475769042969,68.41312162870119,66.10126979740957,67.64912052170568,52197000
2014-03-18,68.65126037597656,69.05806400947637,67.7681908908301,68.22460823158083,40827000
2014-03-19,67.70865631103516,68.75048365544592,66.94465514312606,68.63141529408806,43981000
2014-03-20,66.44853210449219,67.69872309859294,66.29969858162515,67.48043494105293,44439000
2014-03-21,66.71643829345703,67.3911438235153,65.66469433218543,67.00418113701014,59999900
2014-03-24,63.600887298583984,66.83550560428091,62.86665138820717,66.66683111689505,85696000
2014-03-25,64.38475036621094,65.67463128391813,63.2833924855507,64.38475036621094,68786000
2014-03-26,59.91978073120117,64.44427247829971,59.899936004328595,64.23590852362958,97503900
2014-03-27,60.49527359008789,61.41803268101883,57.52855281016029,60.03885238817936,112650000
2014-03-28,59.5427360534668,61.46763284637813,58.877954762921384,60.86238194901918,67052000
2014-03-31,59.77095031738281,61.040982543676925,59.40382855166157,60.30674279722902,53011000
2014-04-01,62.13241195678711,62.17210140751509,59.770946413387165,59.98923082240239,59291000
2014-04-02,62.23164367675781,63.41237660201069,61.72561257665313,62.71782626392289,66277000
2014-04-03,59.02679443359375,62.678137352255106,58.669596897475984,62.062965920604995,83859000
2014-04-04,56.30812454223633,59.73126238594391,55.88147237065857,59.47328471778333,125214400
2014-04-07,56.50656509399414,57.54838861362114,55.0083204432495,55.46474157436714,108488000
2014-04-08,57.73691177368164,58.25286333341229,56.72485338170936,57.230884470192876,78836000
2014-04-09,61.92405319213867,61.973663117196736,58.72912405647004,59.16570048096816,100215000
2014-04-10,58.69935607910156,62.68805518182381,58.223094008104134,62.588835336405616,114988000
2014-04-11,58.07426071166992,59.84040349087718,56.86376269524067,57.15150176222305,91452000
2014-04-14,58.43145751953125,59.97931207749695,57.33009983261282,59.62211458065914,72325000
2014-04-15,58.62990188598633,59.21530806249029,55.44489713237752,58.82834536335953,108623000
2014-04-16,59.25499725341797,59.721335070442926,57.29041478458323,59.324451902442846,78774000
2014-04-17,58.481075286865234,60.10830896685687,58.2627908422892,58.83827283161962,88040000
2014-04-21,60.76316452026367,60.76316452026367,58.68943787691957,58.997021680600874,60364000
2014-04-22,62.53921890258789,62.946026307060755,61.73552834874807,62.16218047843843,60631000
2014-04-23,60.882232666015625,62.985724630468745,60.783009025950236,62.95595943094655,95908700
2014-04-24,60.39604568481445,63.154402290975376,59.30461215003508,63.104788578944195,138769000
2014-04-25,57.260643005371094,59.54273341111128,57.12173371410781,59.50304774574628,92502000
2014-04-28,55.702877044677734,57.85598276244939,54.23440120884489,57.59800507838711,107758000
2014-04-29,57.697227478027344,57.82621253228633,55.405212495877905,55.65326591790727,75557000
2014-04-30,59.31452941894531,59.38398407004521,56.71493077564952,57.131662467243515,76093000
2014-05-01,60.673858642578125,61.79505720201509,59.74117550553152,59.95946369249889,82429000
2014-05-02,59.98923110961914,61.40809680748593,59.71141252318179,60.82269065392555,54189000
2014-05-05,60.74332046508789,60.87230551354422,58.7192037239885,59.20538628969704,46057000
2014-05-06,58.07426071166992,60.67386306505518,58.03457504432392,60.5051847851053,55901000
2014-05-07,56.943145751953125,58.838273837927865,55.821943169519315,58.31240176859826,78587000
2014-05-08,56.31804275512695,58.36200415130991,56.06006888230509,56.7843843623373,61251000
2014-05-09,56.794307708740234,57.20111513032736,55.94100341346127,56.40734122821099,52584000
2014-05-12,59.364139556884766,59.433594203806194,57.52854218611943,57.52854218611943,48575000
2014-05-13,59.364139556884766,60.41588351597746,59.04662773310832,59.19546128222246,48525000
2014-05-14,58.76881408691406,59.97931595217548,58.49099547586837,59.066477425176544,47429000
2014-05-15,57.4690055847168,58.9176402086572,57.07212244548188,58.798571860391924,56814000
2014-05-16,57.568233489990234,57.99488564052144,56.86376274283201,57.85597634220793,47933000
2014-05-19,58.748966217041016,59.096243247265946,57.1217365222564,57.43924457075122,43034000
2014-05-20,58.10403060913086,59.721336075052406,57.726988375942994,59.03671004386446,53931000
2014-05-21,60.01900863647461,60.02892910811951,57.79644827352003,58.10403588444079,58992000
2014-05-22,60.048763275146484,61.001287355315434,59.92969871137392,60.46549114084756,54200000
2014-05-23,60.87230682373047,60.97153046121099,59.681653453922294,59.939627341382135,38294000
2014-05-27,62.98572540283203,63.01549060271922,61.09059738178491,61.14020730992852,55682000
2014-05-28,63.015480041503906,63.640575629334855,62.13241059956493,62.896415476915145,47795000
2014-05-29,63.3329963684082,63.799337975020165,63.015484531889,63.34291683908324,42700000
2014-05-30,62.80712127685547,63.67034606491565,62.07288531896346,63.45206164270173,45253500
2014-06-02,62.58883285522461,63.094860102788395,61.56685031995763,62.73766261745192,35996000
2014-06-03,62.38046646118164,62.92618317096404,61.834749751399244,62.13241306719015,32217000
2014-06-04,62.84681701660156,63.09487044597164,61.586705141202195,61.9637474136433,36514000
2014-06-05,62.69798278808594,63.85887479357243,62.33086477626317,63.164324441614134,47352000
2014-06-06,62.01335144042969,62.98572033681627,61.66607818636112,62.876576232681984,42442000
2014-06-09,62.3903923034668,62.84680965162166,61.30887932675533,61.914130229088514,37617000
2014-06-10,65.25788879394531,65.30750250471799,63.005567126669185,63.03533232513701,69338000
2014-06-11,65.26780700683594,65.28765551730298,64.39466179600467,64.81138967594764,44242000
2014-06-12,63.789424896240234,65.95245124186913,63.56121239578816,65.33727597238169,55730000
2014-06-13,63.997772216796875,64.4641137836833,63.3329909733576,64.19621189334971,29419000
2014-06-16,63.6901969909668,64.37481926590573,63.2536205599992,63.66043179248981,31046000
2014-06-17,63.898563385009766,64.37482171876715,63.43222173779626,63.6008962489191,27715000
2014-06-18,65.0892105102539,65.2380440639413,63.55128397545477,63.98785281095174,35570000
2014-06-19,63.839012145996094,65.06936232076886,63.71002711782928,64.95029397708461,34245000
2014-06-20,63.997772216796875,64.3053559864503,62.856725151647,63.95808276748862,46466000
2014-06-23,64.86100006103516,65.14874288816397,63.7199530072453,63.81917284453391,34560000
2014-06-24,65.2082748413086,66.64698144148817,64.76177420781289,64.85107736250744,57335000
2014-06-25,66.9148941040039,66.95458356025654,65.05945176663965,65.06937602320025,44308000
2014-06-26,66.6072998046875,67.47052840804545,66.3790949036779,67.47052840804545,47714000
2014-06-27,67.07363891601562,67.17285876360066,66.31955444838893,66.78589605902664,46461000
2014-06-30,66.76605987548828,67.39115177281045,66.60730205204727,66.93473438540208,27102800
2014-07-01,67.53005981445312,67.90710585304605,66.86527847376179,67.05380149305824,33243000
2014-07-02,65.93260955810547,67.76821129933978,65.27775233111748,67.51023356992454,41895000
2014-07-03,65.77384948730469,66.47832033167437,65.24797741826747,66.33941101419246,25203200
2014-07-07,64.78163146972656,66.0516637570502,64.6129569625016,65.78376939675113,28745000
2014-07-08,62.27132797241211,65.04952547841296,61.725611213464674,64.55341864573442,68926000
2014-07-09,64.46411895751953,64.61295251187363,62.6582905039961,62.91626437521608,51432000
2014-07-10,64.36489868164062,64.8312327128534,62.559066455176705,62.81704410966919,44422000
2014-07-11,65.82344818115234,66.07150158714703,64.28552160597887,64.77170416213147,39212000
2014-07-14,67.37129974365234,67.63919406413883,66.37908622038792,66.6072910915452,38537000
2014-07-15,66.64698028564453,67.55981490675481,65.74406991932565,67.43082987442023,44213200
2014-07-16,67.13318634033203,67.41100498071336,66.54777628810835,67.01411796445852,29541600
2014-07-17,65.89290618896484,67.32168856854814,65.52578444636961,66.50807375170602,38188000
2014-07-18,67.88726043701172,67.92694989393655,65.64486289568258,66.2798790665002,42456000
2014-07-21,68.859619140625,69.41525628409201,67.96662546720421,68.2742092330537,49539000
2014-07-22,68.73062133789062,69.22672805558,68.0757644069343,69.2168113716174,40398000
2014-07-23,70.73490905761719,70.77459851035546,69.06798989255522,69.19697493646278,78435000
2014-07-24,74.39619445800781,76.14248530507915,73.92985275828185,75.36855974808313,124168000
2014-07-25,74.60455322265625,75.08081157668066,74.07868115384218,74.4061059334877,45917000
2014-07-28,74.33663940429688,74.91212509600389,73.27497117924578,74.5846927986545,41725000
2014-07-29,73.13604736328125,74.3366246452061,72.84830457455735,74.13818499711454,41324000
2014-07-30,74.0985107421875,74.60454178953061,73.55279024309307,73.6321691465957,36853000
2014-07-31,72.08432006835938,73.59248142032577,71.87595611927127,73.42380692391956,43992000
2014-08-01,71.79657745361328,72.64988176415011,70.99288685159172,71.65766815375743,43535000
2014-08-04,72.93763732910156,73.30475158412428,71.79658996432222,71.79658996432222,30777000
2014-08-05,72.12401580810547,73.01700207632798,71.6179847047869,72.6300393414343,34986000
2014-08-06,71.90571594238281,73.14598285854096,71.23101043719323,71.45921531057277,30986000
2014-08-07,72.60028076171875,73.42382001927317,72.13393907201949,72.43160623522893,38141000
2014-08-08,72.49112701416016,72.8582487907049,71.99502018801344,72.82848359233441,27202000
2014-08-11,72.86817932128906,73.33452098922058,72.49113325615802,72.88802026524803,24591000
2014-08-12,72.26293182373047,72.75903871654204,71.65768080890112,72.52090195759938,27419000
2014-08-13,73.19560241699219,73.67186833093723,72.48121490105945,72.55066955830249,29266000
2014-08-14,73.7214584350586,73.80082975363885,73.1162076572078,73.39402619720735,22207000
2014-08-15,73.05668640136719,74.0687485369226,72.43159454351651,73.74131622424355,38846600
2014-08-18,74.00920867919922,74.13820129179837,73.38411683733453,73.42380628967356,23974000
2014-08-19,74.70377349853516,74.99151639194046,73.92984799144023,74.22750757186668,26679000
2014-08-20,74.22750091552734,74.59462269212082,74.03898546915937,74.38625873351027,22917000
2014-08-21,73.98937225341797,74.60454744723232,73.83062200436265,74.33664552009161,20102000
2014-08-22,73.98937225341797,74.14813007246276,72.99715859435645,73.76115978103846,20897000
2014-08-25,74.43587493896484,74.6938526430748,74.20767000724447,74.35650358923061,19734000
2014-08-26,75.36854553222656,75.39831072957514,74.14812702099962,74.41602136712605,23993000
2014-08-27,74.04890441894531,74.90220879171535,73.88022990967417,74.6839205703105,36323000
2014-08-28,73.28489685058594,73.85045829784924,73.15591180822378,73.42380614851103,21947000
2014-08-29,74.23743438720703,74.23743438720703,73.43374365137211,73.72148655469347,26241000
2014-09-02,76.08294677734375,76.10278772053744,74.23742869075015,74.42595171604415,34979000
2014-09-03,75.23956298828125,76.87671702678063,75.01135051770692,76.53936044897371,32389000
2014-09-04,75.35862731933594,76.33100007396797,74.94189938306067,75.29909691986512,26676000
2014-09-05,76.65843200683594,76.7774928051498,75.01135364359013,75.50746048987047,29476000
2014-09-08,77.28352355957031,77.5613421810366,76.41037823924921,76.6584316612712,28183000
2014-09-09,76.0730209350586,77.56134145322456,75.60667929483492,76.98585570273622,28882000
2014-09-10,76.82709503173828,77.3430427439376,75.91426038785333,75.92417707290375,29909000
2014-09-11,77.31329345703125,77.74986992871563,76.45007234073368,76.52944368741163,32219000
2014-09-12,76.87671661376953,77.69033150059359,76.499670583541,77.41250532095543,26676800
2014-09-15,73.99930572509766,76.64851470791326,72.85825836107885,76.54929484364868,49679000
2014-09-16,75.48761749267578,75.63645105650782,72.5010522397402,72.94754536124684,37742000
2014-09-17,75.83488464355469,76.64849948087576,74.98158035441443,75.36854304716537,28693000
2014-09-18,76.40045928955078,76.72789164616078,75.92419335539165,76.17224679464344,23031000
2014-09-19,77.30337524414062,77.69033799277211,75.84481985161118,76.79734412285715,76671000
2014-09-22,76.20201110839844,76.92632283142697,75.35862345255873,76.40045080977875,31961000
2014-09-23,77.680419921875,78.01776898293505,75.44793885430161,75.7356817669655,36814000
2014-09-24,77.928466796875,78.00784571159821,76.90648787228105,77.4918903358873,30680000
2014-09-25,76.61872863769531,78.32533709019849,76.52942548518656,77.98798055959308,37533000
2014-09-26,78.176513671875,78.22611981192448,76.72788266461595,76.98585276084762,28872000
2014-09-29,78.3848648071289,78.58330447484792,77.30335574908052,77.51171967118192,34031000
2014-09-30,78.42456817626953,79.08934950812431,77.98799174580279,78.73215198683141,35899000
2014-10-01,75.95397186279297,78.20629393049458,75.3090313580356,78.1666044688182,55090000
2014-10-02,76.4798355102539,76.8767225130607,75.05104532814543,75.9738043924255,36488000
2014-10-03,76.83702850341797,77.45219612983122,76.65842974123585,77.15453657285401,23340000
2014-10-06,76.95608520507812,77.28351751332815,76.25161445004841,76.58897101400001,25729000
2014-10-07,75.69597625732422,77.3430468926853,75.64636254945647,76.45006071097781,25317000
2014-10-08,76.9164047241211,77.10492775449562,74.51524932351803,75.58684196461013,32976000
2014-10-09,75.3189468383789,77.15454069954691,75.25940886780742,76.67827478492451,32487000
2014-10-10,72.34229278564453,75.9043357582201,72.19345924074835,75.00141780384153,52146000
2014-10-13,72.42167663574219,74.19774008657222,71.95533498044175,72.65981337674019,43938000
2014-10-14,73.01699829101562,73.60240827626889,71.48899594372051,73.42380951788527,50299000
2014-10-15,72.63995361328125,73.22536354841586,69.77245703860913,71.13179233715162,61528000
2014-10-16,72.06446838378906,72.77886336062775,70.03043512083367,70.23879906074684,53529000
2014-10-17,75.35862731933594,75.40824103222147,73.17576021218859,73.65202611792444,76342000
2014-10-20,76.35083770751953,76.48974701358993,74.79306257231055,75.01135078756101,34701000
2014-10-21,78.07730102539062,78.12690717001689,76.54929096908725,76.95609466297873,32252000
2014-10-22,77.75978088378906,79.22825274099338,77.40258338987691,78.20627396618482,41862000
2014-10-23,79.41678619384766,80.0021886486885,78.39480728455612,78.76192151217161,35056000
2014-10-24,80.0418701171875,80.19070367271374,78.70238325742953,79.5755285092002,32248000
2014-10-27,79.6549072265625,80.17086254183555,79.13895948127852,80.11132457777231,30169000
2014-10-28,80.1410903930664,80.52806066750105,78.95043708246315,79.55568799351673,74212000
2014-10-29,75.26932525634766,76.28137981038982,74.19773273795775,74.86251404159276,106120000
2014-10-30,73.53295135498047,74.7632941136622,72.33237379344594,74.46563457220114,83270000
2014-10-31,74.40609741210938,75.1105681755004,73.87030114770158,74.34656701717157,44544000
2014-11-03,73.30472564697266,74.93195507020899,73.12612692637414,74.88234894059079,40727000
2014-11-04,75.17010498046875,75.1800216661459,73.07653366425137,73.65201937306703,39326000
2014-11-05,74.24735260009766,76.2020147900893,73.84054135162683,75.91427191019304,35913000
2014-11-06,74.67400360107422,75.01135261833892,73.73139606403124,74.30688181464826,21383000
2014-11-07,75.01134490966797,75.26932255929333,74.43585921819174,74.80298096688978,20774000
2014-11-10,74.41602325439453,74.89228913401797,74.02906053907083,74.77322077161477,21575100
2014-11-11,74.02906036376953,74.39618213615137,73.45357463516753,74.36640936812906,18715700
2014-11-12,74.1382064819336,74.55493440568361,72.96739405092914,73.70163004563005,26536600
2014-11-13,73.67186737060547,74.65415681594973,73.06661640681007,74.15804996496922,26448500
2014-11-14,74.29695129394531,74.34656500170796,73.4634955074535,73.69170039518812,19476900
2014-11-17,73.66194152832031,75.07089070796775,73.3047439977043,74.29695767830664,28701200
2014-11-18,73.76116180419922,74.21758676147732,73.32459292983054,73.87030591528881,20690500
2014-11-19,72.759033203125,73.95961088435469,72.54074497563053,73.43373882902159,25441200
2014-11-20,73.02691650390625,73.41387918671724,71.94540735707264,72.23315019787879,19154900
2014-11-21,73.17575073242188,73.91991090936176,72.92769734010858,73.91991090936176,23060400
2014-11-24,73.4337387084961,73.77108773589578,72.77887402708753,72.96739705415784,22103800
2014-11-25,75.0411148071289,75.15025891303951,73.55279434833626,73.63217325626931,32250200
2014-11-26,77.015625,77.17437524505326,74.92205362655963,74.9418945684453,32695300
2014-11-28,77.0949935913086,77.66055503977034,76.62865955870845,77.06522839454571,15992000
2014-12-01,74.51524353027344,76.70803478629335,74.21758397754961,76.65842864583408,31789900
2014-12-02,74.8724365234375,75.31893718051602,74.45570863282202,74.74345148205336,16773900
2014-12-03,74.29695129394531,75.14033890597642,73.82069300737541,74.79305809161586,16689900
2014-12-04,74.65414428710938,74.96173563068879,74.07866618974391,74.24734067397192,14362800
2014-12-05,75.76543426513672,76.16232123570629,74.77322062370746,75.20979704833292,24306400
2014-12-08,75.92417907714844,76.64849831434442,74.81290472307957,75.5868300968029,25733900
2014-12-09,76.24169921875,76.3310023906564,74.19774136165914,74.61446931058232,25358600
2014-12-10,75.58683776855469,76.94617322318233,75.47769365913257,76.05317940517838,32210500
2014-12-11,77.124755859375,77.90859783405959,75.88448902982752,75.92417090678363,33462100
2014-12-12,77.22398376464844,78.26580346838618,76.42028562749216,76.55920249131263,28091600
2014-12-15,76.39053344726562,77.96815722456593,75.96388123780605,77.84908885099928,29396500
2014-12-16,74.10844421386719,76.78741819533664,74.00921678715437,75.59676477468129,31554600
2014-12-17,75.51738739013672,75.81505453632167,74.31680968850674,74.42595380410856,29203900
2014-12-18,77.78955078125,77.78955078125,75.91426760987075,76.29130606734749,34222100
2014-12-19,79.25802612304688,79.3770944899781,77.72009945929733,78.1368273885722,43335000
2014-12-22,80.81580352783203,81.2523799819607,79.37709667852963,79.45647559200572,31395800
2014-12-23,79.98233032226562,81.53018094983838,79.77396639701453,81.38134741180527,19865800
2014-12-24,80.1410903930664,80.79595501289059,80.12124945155165,80.39906805269312,7685500
2014-12-26,80.15101623535156,80.6471230529212,79.88312188465925,80.38914538818798,10647400
2014-12-29,79.39693450927734,80.3296177810825,79.0893506941031,79.86327614517992,14134700
2014-12-30,78.6031723022461,79.9625002571841,78.48410393035789,79.22826422218175,14370800
2014-12-31,77.41250610351562,79.17865276983142,77.2537558549641,78.92067509969706,19935400
2015-01-02,77.83915710449219,78.31542298294325,77.09499687378008,77.9681497226088,18177500
2015-01-05,76.5889663696289,78.63292386083921,76.26153408123444,77.37281598276019,26452200
2015-01-06,75.55707550048828,76.9858580947277,74.77322576150083,76.62866812366023,27399300
2015-01-07,75.55707550048828,76.75765318071265,75.22964315952076,76.16232646894707,22045300
2015-01-08,77.57125854492188,77.62087225227413,75.48761152593863,76.14246855705272,23961000
2015-01-09,77.13467407226562,78.00782678236338,76.59887788288421,77.59109136618576,21157000
2015-01-12,76.12263488769531,77.3926671893478,75.6166037903217,77.23390936664643,19190200
2015-01-13,75.85472106933594,77.47203396224693,75.25939446746183,76.62865397875957,25179600
2015-01-14,75.68604278564453,76.59887736734103,75.43798941648865,75.82495206677278,25918600
2015-01-15,73.47341918945312,75.97379409939903,72.96738814018245,75.80511960630511,34134000
2015-01-16,74.5946273803711,74.73353669484186,73.26505706616382,73.46350435111485,21791500
2015-01-20,75.64636993408203,75.71582458988367,74.23742830496896,75.13042214383982,22821600
2015-01-21,76.1424789428711,76.69812377504833,75.2594093354706,75.56700073702994,25096700
2015-01-22,77.0453872680664,77.14460711370039,76.08293886844001,76.56912141103876,19519500
2015-01-23,77.22398376464844,77.58118125449818,76.44013413803313,77.04538501972358,16746500
2015-01-26,76.89655303955078,77.8590014307279,76.68818909455196,77.37281889239732,19260800
2015-01-27,75.18994903564453,76.28138253446701,75.04111547444387,76.11270803110132,20110000
2015-01-28,75.64636993408203,77.03547062010452,75.40824076704638,76.30123460591724,53306400
2015-01-29,77.39265441894531,77.41249535851425,73.63216427660052,76.25160735902729,61293500
2015-01-30,75.3189468383789,77.55142770006726,75.1601890101748,77.39266987186316,42649500
2015-02-02,74.40609741210938,75.54714459168213,73.17575464012992,75.51737939421322,41955300
2015-02-03,74.81291198730469,74.99151075012013,73.28490203210366,74.60454802568493,26957700
2015-02-04,75.0411148071289,75.75550983854767,74.4259471956211,74.50531853356483,20277400
2015-02-05,75.02127075195312,75.38839250841687,74.624383798747,75.12049059775741,15062600
2015-02-06,73.89013671875,75.11055502117475,73.67184854888856,75.09071408300001,21211000
2015-02-09,73.86038208007812,74.24734477467375,72.87808517534562,73.47341938548252,16194300
2015-02-10,74.60455322265625,74.7533792270451,73.91992332250734,74.26719661606474,15811300
2015-02-11,75.91427612304688,76.15240530342123,74.44579644242627,74.50532684502232,20877400
2015-02-12,75.63645935058594,76.27147556057986,75.2991027309071,76.26155130323892,17235000
2015-02-13,75.1502685546875,75.88451219228635,74.91213937032613,75.8646636777619,18621900
2015-02-17,75.01134490966797,76.31114984317311,74.4953971804061,74.71368537855149,25254400
2015-02-18,76.11270904541016,76.30123206344261,74.86251771264925,75.34870785704985,22426400
2015-02-19,78.80160522460938,79.21833313530364,76.35083633030513,76.39052578417925,45851200
2015-02-20,79.27787017822266,79.71443902577717,78.583316098495,78.93059692335343,36931700
2015-02-23,78.22611236572266,79.56560670937307,77.76969504277062,79.33739426290276,24139100
2015-02-24,77.83915710449219,78.8611435134612,77.49188384415773,77.88877081453539,18897100
2015-02-25,78.94052124023438,79.57553741623502,77.8887771181064,77.8887771181064,25593800
2015-02-26,79.78390502929688,80.73642924637846,79.09927517296121,79.25802542414671,31111900
2015-02-27,78.35511779785156,80.59752289941449,78.00784451375749,80.05180233155961,30739200
2015-03-02,79.12904357910156,79.23818769308572,77.90861738181957,78.38488329465861,21662500
2015-03-03,78.9802017211914,79.07942156804182,77.90860920723317,78.99012597687317,18635000
2015-03-04,80.27008056640625,80.51813396273631,78.23603968850418,78.68254034389163,28126700
2015-03-05,80.5776596069336,81.35158494667694,80.4189093790319,80.59750811666409,27825700
2015-03-06,79.38701629638672,80.69673801225184,79.2084175364965,80.27008583973573,24488600
2015-03-09,78.82145690917969,79.28779854848462,78.0177586833605,79.05958607202001,18925100
2015-03-10,76.9461669921875,78.64285132400505,76.9461669921875,77.88876687542316,23067100
2015-03-11,76.96600341796875,77.81930766157042,76.65841964527111,77.19421586125276,20215700
2015-03-12,78.31541442871094,78.43448277781545,77.30335995628239,77.4918753798789,16093300
2015-03-13,77.4422836303711,78.76192212062732,77.07516182992964,77.98799663266038,18557300
2015-03-16,77.46212005615234,77.51173376709866,76.7576492666536,77.35297594806202,19305400
2015-03-17,78.74207305908203,79.15880096041043,77.7300109330112,77.74985944449682,22170000
2015-03-18,80.2800064086914,80.60743114512748,78.55354928571656,78.63292819090854,36912400
2015-03-19,82.10566711425781,82.35372048922535,80.36929348948499,80.48836183466518,42099500
2015-03-20,83.14749908447266,83.94126538788734,82.42317985724293,82.74068789260654,44466300
2015-03-23,83.77259063720703,84.2984626094417,82.65139204678195,83.2665596052503,27357300
2015-03-24,84.64573669433594,85.39982112232238,83.86188707063758,84.05041007013136,32576500
2015-03-25,82.27435302734375,84.85410697155581,82.27435302734375,84.83426602959565,37436100
2015-03-26,82.36365509033203,83.11773199456887,81.50042651181055,82.07591223082487,32794800
2015-03-27,82.65140533447266,83.2963381920367,82.2346698217519,82.73077667833338,18372600
2015-03-30,82.55216217041016,83.68328498219307,81.76832014802473,83.157413025661,24527700
2015-03-31,81.57981872558594,82.84985116092622,81.56989446812503,82.25452440310927,19734300
2015-04-01,81.0340805053711,82.07590778264147,80.24031419077401,81.85761958588091,22058200
2015-04-02,80.92494201660156,81.91715565611847,80.8058812246527,81.6095718502648,19664100
2015-04-06,81.79808807373047,82.16520224508271,80.17085844560579,80.17085844560579,19062900
2015-04-07,81.67902374267578,82.77045719527203,81.57980389607413,82.00645604945137,17467000
2015-04-08,81.63933563232422,82.4529504998174,81.20275921611204,81.98660888613426,18966700
2015-04-09,81.53019714355469,82.15529661345485,81.07377975425645,81.85762947826528,15927300
2015-04-10,81.4012222290039,81.96678380032355,81.27223715834877,81.56989676062769,12529700
2015-04-13,82.36365509033203,83.2864140639277,81.28213830321965,81.29206255906175,26883100
2015-04-14,82.86968231201172,83.0383643889499,81.79809730258127,82.5224090418264,19634200
2015-04-15,82.06598663330078,83.00859410317011,81.6294102232565,82.89945000065904,22390900
2015-04-16,81.66909790039062,82.42318234589347,81.51034766290992,81.82785570786024,13769700
2015-04-17,80.15101623535156,81.47066218688421,79.7442125813389,80.84557032194262,24215000
2015-04-20,82.44303131103516,82.50256927962556,80.60743751094516,80.90510464392825,28796800
2015-04-21,82.96891021728516,83.83213126962309,82.88953130649857,83.34594868853705,27171900
2015-04-22,83.97103118896484,84.08017528659464,82.99866613552143,83.66344740654746,45548000
2015-04-23,81.768310546875,84.9235419155835,81.768310546875,83.44514605798321,73728100
2015-04-24,80.89517974853516,82.29420466451975,80.84557360675623,82.12552258650055,29660400
2015-04-27,81.27222442626953,82.28427902745473,80.99439824301314,81.23253497151862,25446000
2015-04-28,80.05178833007812,81.26229005433132,79.60529526719259,81.19283540966049,23775300
2015-04-29,79.84342956542969,80.75626426020052,78.90082210388216,79.38701221804426,26430300
2015-04-30,78.15666198730469,80.32961219498286,77.71016889503693,79.38701230242248,28999000
2015-05-01,78.37495422363281,79.1389629745915,77.50180893538372,78.6230076365434,24136400
2015-05-04,78.19635772705078,79.06951061056402,78.01775896178576,78.712313080034,14692000
2015-05-05,76.95608520507812,78.18643553244382,76.61873621111563,77.93838212982818,22311300
2015-05-06,77.49188995361328,78.19636078582913,76.45007009047289,77.36290489531683,28663000
2015-05-07,77.81930541992188,78.3253364265482,76.9560769462638,77.3926533104111,19749400
2015-05-08,77.89868927001953,78.6130842495059,77.42242342703236,78.4840916409944,19943600
2015-05-11,77.402587890625,78.4146424688984,77.32320898292022,77.86892951090395,18874100
2015-05-12,76.85687255859375,77.28352475386438,76.19209119409922,77.26368381059147,21285300
2015-05-13,77.82923889160156,77.91853448394032,77.0453892222305,77.11484387293481,21512300
2015-05-14,80.7364273071289,81.21268561923542,78.05744591406955,78.32534783837018,49438000
2015-05-15,79.7938232421875,80.88525678868301,79.55569407585877,80.7761202470242,27069900
2015-05-18,80.25022888183594,80.74633565487645,79.60529613287417,79.70451597348455,21613700
2015-05-19,80.0021743774414,81.05392586918335,79.92280304805531,80.61734949261165,17955400
2015-05-20,79.92281341552734,80.46852638704256,78.84129658872426,79.84343450585584,23056900
2015-05-21,79.85335540771484,80.28992425259047,79.4564684460186,79.5656125497348,13402700
2015-05-22,79.91288757324219,80.67688874619569,79.62514470888611,79.72436455901148,19567900
2015-05-26,78.7123031616211,79.9724110461031,78.46424977278704,79.80373655849323,16321300
2015-05-27,79.92281341552734,80.03195752382828,78.81153139009481,78.98020589565463,14160900
2015-05-28,79.52592468261719,80.43875941373153,79.37709112276414,79.62514453252278,11982000
2015-05-29,78.5733871459961,79.44653227478156,78.26579582256997,79.3274639331339,16134600
2015-06-01,79.66483306884766,79.75412866173733,78.04752758104674,78.68254369711515,18119000
2015-06-02,79.81365203857422,80.7165623382661,78.94049936108388,79.13894659232616,18923300
2015-06-03,81.79808807373047,81.88738366027928,80.61735151832721,80.71657136004434,31775000
2015-06-04,81.41114044189453,82.30412675241689,80.87534411358706,81.50043604495073,20863900
2015-06-05,81.50043487548828,81.8179429651156,80.87534295309415,81.23254050017364,16143100
2015-06-08,80.0418701171875,81.36151603553688,79.50607385928649,81.18291728290322,16915500
2015-06-09,80.0418701171875,80.55782543367992,78.70238325742953,79.9724154672738,16497500
2015-06-10,81.5202865600586,81.95685546903341,80.18079192141393,80.20064043590703,21531200
2015-06-11,81.19284057617188,82.25450882369043,80.72649897371241,81.66909886422354,18656800
2015-06-12,80.89517974853516,81.45081698439252,80.56774741883795,80.73642949685716,11417900
2015-06-15,80.0815658569336,80.29985407951062,79.44654970215844,79.92281560323465,18805100
2015-06-16,80.4288330078125,80.8753336754363,79.82358209858116,80.19070386040661,13693700
2015-06-17,81.15316009521484,81.57981229250436,80.7066593845687,81.12339489516974,18350300
2015-06-18,82.2644271850586,82.54224576151465,80.93485712203378,81.00431176614778,26782600
2015-06-19,81.86754608154297,82.33388768374975,81.4805833839648,82.18505413006838,23353200
2015-06-22,84.0801773071289,84.30838976310868,82.6613115738335,82.76053898860057,29383100
2015-06-23,87.19573211669922,87.28503528085619,84.10003039905824,84.29847009942367,50667900
2015-06-24,88.1681137084961,88.55507646222763,86.76908869885894,86.9774602462437,41370200
2015-06-25,87.2949447631836,88.70388607930295,87.15602791245071,88.5649767985581,27302000
2015-06-26,87.3247299194336,87.65215468747697,86.15391744979152,87.43387403211132,38214600
2015-06-29,85.13192749023438,86.8186875343345,85.06247284300646,85.93561806101295,35957900
2015-06-30,85.10215759277344,86.02491654846933,84.90371789971609,85.92569670194067,23016500
2015-07-01,86.23329162597656,87.26518715644755,85.81655614137513,86.0943747511165,25260000
2015-07-02,86.6103286743164,86.75916223281979,85.66772118378785,86.7194727792196,16908800
2015-07-06,86.8683090209961,87.50332515823554,85.71733754100616,85.8165573930768,24635900
2015-07-07,86.5408706665039,87.16596250398665,84.56636773890912,87.11635636640234,33059900
2015-07-08,84.98309326171875,86.07452666800697,84.78464600694625,85.61810933701331,24399300
2015-07-09,85.21129608154297,86.91790458137169,84.98309120655922,86.05468364645007,23307400
2015-07-10,87.26518249511719,87.53308440447861,86.0943701523259,86.66985585318699,23245900
2015-07-13,89.3984375,89.51750584874391,87.73151846752769,87.96965516501551,29976700
2015-07-14,88.98171997070312,90.09300197810326,88.95195477255668,89.7556454024683,26627800
2015-07-15,89.06108856201172,90.28150696457587,88.72373202545705,89.29921768958718,30886600
2015-07-16,90.14260864257812,90.1525328986811,89.07101608313782,89.57704716453843,21804100
2015-07-17,94.23053741455078,94.64726535668137,91.81945779223821,91.82938204895271,54001600
2015-07-20,97.14763641357422,97.83225864437195,94.61748872631046,95.10367126672978,54860500
2015-07-21,97.6239013671875,98.46728146389057,96.38363429262725,98.17953859419386,39453300
2015-07-22,96.28440856933594,96.8202048212724,95.17312661309857,95.98674146159712,28299500
2015-07-23,94.69686889648438,96.69121279241368,94.07176948045631,96.20503024549444,29418800
2015-07-24,96.19511413574219,96.99881237155208,95.13344579114415,96.59200112540279,33444900
2015-07-27,93.43675231933594,95.85775591081136,93.09940333100981,95.82799071419305,38585400
2015-07-28,94.54804229736328,94.81593665966284,92.58345588387135,94.10154160021122,35236000
2015-07-29,96.23480224609375,96.52254512032455,94.00232147670717,95.5700209004517,64648300
2015-07-30,94.46865844726562,95.06398510902032,91.08521391813312,94.17099890138289,86211300
2015-07-31,93.27800750732422,95.57994287625667,93.21846954063491,94.21068319224354,46509000
2015-08-03,93.4070053100586,94.3396886923102,92.07744246896756,92.80175429434091,29343100
2015-08-04,93.3276138305664,93.99240273163723,92.6033021026686,93.0597194749031,20136000
2015-08-05,95.6890869140625,96.33401973114836,94.43889559434623,94.50835024710884,29813200
2015-08-06,94.37935638427734,97.97116462028646,93.68480235152133,96.42331389184004,42271300
2015-08-07,93.56575012207031,94.65718362189516,92.88112028191219,94.6373351097225,23199100
2015-08-10,93.41692352294922,95.1532975379855,92.90096814785836,94.93500930775397,21624200
2015-08-11,92.89103698730469,94.02215984954155,92.17664200694692,93.00018108541428,22491000
2015-08-12,93.45660400390625,93.70465741080058,90.47996312117422,91.97820024842378,27050500
2015-08-13,92.7025146484375,93.99239532439759,92.62313574561159,93.31768979035503,17451800
2015-08-14,93.68480682373047,93.98247393340537,92.48422926935602,92.81166157600062,15929700
2015-08-17,93.19862365722656,93.72449565350033,92.66282740536583,93.6848062011415,18313500
2015-08-18,94.42896270751953,95.10366823125567,93.30776410968848,93.34745356049517,22278800
2015-08-19,94.56787872314453,95.35172839982545,93.42683910378841,93.89317315144382,23251300
2015-08-20,89.8548583984375,94.03207661609572,89.7556385555218,92.81165816525382,44598200
2015-08-21,85.38990783691406,88.48561727845998,84.94341470389797,86.83853891757634,62778700
2015-08-24,81.45082092285156,81.45082092285156,71.43938808702845,76.43022190468774,83710700
2015-08-25,82.35372924804688,86.98736496845889,82.35372924804688,86.27296996137397,52021200
2015-08-26,86.51111602783203,86.77901039945039,82.6117158343413,85.28076557376069,45124300
2015-08-27,89.03131866455078,89.35874335892632,86.51109552336786,88.40621932894969,42431400
2015-08-28,90.30136108398438,90.7677026831978,89.0908592911297,89.18015488077195,33215900
2015-08-31,88.7336654663086,90.34105427631837,88.19786919630533,89.89455359965436,32850700
2015-09-01,86.55079650878906,88.69397396944238,85.82647724288053,86.17375049229321,36097400
2015-09-02,89.1900863647461,89.1900863647461,86.9476813465732,88.1184937822575,27190500
2015-09-03,87.46363830566406,89.12063335151069,87.04691037257504,89.06110295249503,27048200
2015-09-04,87.5727767944336,87.7017618406824,86.02491838950188,86.52102520275157,27328700
2015-09-08,88.83287811279297,89.53734882642085,88.13833165428342,88.99163591473153,27012500
2015-09-09,89.73580169677734,91.26381157114847,89.46789978173112,90.07315069203362,32551100
2015-09-10,91.26382446289062,91.34319581005215,88.9321160839976,89.36869255834185,26437400
2015-09-11,91.33325958251953,91.36302477758574,90.42041737055405,90.96613784672968,21185000
2015-09-14,91.59123229980469,91.89882365435062,90.88676157292264,91.59123229980469,20127900
2015-09-15,92.17664337158203,92.52391661162252,91.07528568889015,91.65077138380803,18859400
2015-09-16,92.72236633300781,92.87119990055471,91.90875140973974,92.17665334532211,16321200
2015-09-17,93.60543823242188,94.76633403207634,92.17665563052311,92.64299728773621,27841800
2015-09-18,93.66496276855469,94.4488123993167,92.32547595952647,92.4743019394272,62300000
2015-09-21,94.8060302734375,95.73870608461654,93.78404371513948,93.88327114972465,28790000
2015-09-22,92.23617553710938,93.94278414381401,91.20427248259055,93.03986613236415,36888900
2015-09-23,93.23831176757812,93.58558500823324,92.07742369025004,92.67275032708581,21701400
2015-09-24,93.67488861083984,94.03207853864161,91.52177936860448,92.33539420913023,29106000
2015-09-25,92.04765319824219,95.10367293149353,91.34318244408168,95.04414253733574,28961600
2015-09-28,88.51537322998047,91.57139289619164,87.4933944460825,91.36302895122118,41199900
2015-09-29,85.99515533447266,89.35875900651058,85.05255539380906,88.40623480973774,42281800
2015-09-30,89.19999694824219,89.31905772583124,87.32471400133045,87.75136611766419,36169100
2015-10-01,90.24182891845703,90.24182891845703,87.67199918491274,89.34884268470908,29283700
2015-10-02,91.35310363769531,91.48208867737675,87.68191643456419,88.20778841863547,37881700
2015-10-05,93.27800750732422,93.53597760635009,91.93852059165046,92.21633920290256,27292500
2015-10-06,92.0774154663086,93.43674311117658,91.6209905965118,93.3474475301217,22172800
2015-10-07,91.68054962158203,92.93074103355536,90.65857069694914,92.38502045729996,24129300
2015-10-08,91.74999237060547,92.49415256709682,89.76556517996187,91.17450666852147,27290500
2015-10-09,92.51399993896484,93.01010677111071,91.5217862746731,92.17665092670062,20012900
2015-10-12,93.52606201171875,93.86341102360778,91.94843835085494,92.59337874592518,18449600
2015-10-13,93.38715362548828,94.6274207167055,92.8215921346928,92.93073624431909,19480300
2015-10-14,93.33753967285156,94.4587383952208,92.88112229286081,93.34746392915275,19253400
2015-10-15,95.21280670166016,95.55016322858573,94.16106281239881,94.25035839394519,27557500
2015-10-16,96.78052520751953,96.83013135052624,94.60757478209764,95.43111396990471,25412900
2015-10-19,97.70327758789062,97.80249743712695,96.1653434297652,96.42332109377105,23729900
2015-10-20,96.24472045898438,98.81455008300578,95.808144046877,97.96125334023364,30881800
2015-10-21,96.35386657714844,97.41553486244028,95.71885045716019,96.61184424151531,21917800
2015-10-22,98.89392852783203,98.95346649192584,96.79044052291485,97.02856966932283,26392100
2015-10-23,101.39431762695312,102.04917471448465,99.38012508274242,101.11649900981918,42809700
2015-10-26,102.96200561523438,103.0016950690493,100.75929770342515,101.40423051044729,25961200
2015-10-27,102.8925552368164,103.2894422214597,101.60268199921272,102.13847829298271,23795500
2015-10-28,103.38865661621094,103.66648278978477,102.11862438840168,103.09099707093706,24081500
2015-10-29,104.06336212158203,104.30149884164652,102.7139509878401,103.15052740463577,20316700
2015-10-30,101.176025390625,103.90461288197955,100.85851733079421,103.6962489274021,33487100
2015-11-02,102.50558471679688,102.6643425265824,100.39217247145297,100.92796872449559,24003900
2015-11-03,101.78128051757812,102.84294884618656,101.60268175342017,102.41629666347534,21242300
2015-11-04,103.13069152832031,103.32913123479807,101.68206047506186,102.38653127404436,43469300
2015-11-05,107.91315460205078,109.78843772384994,107.10945642843035,107.95284405494468,63232900
2015-11-06,106.26607513427734,107.89330483402996,105.08534609688904,107.19875834144861,35084300
2015-11-09,105.66082000732422,107.40711799454601,105.03572818899531,106.16685104310783,26383500
2015-11-10,107.06977081298828,107.30789995206116,104.4205548070956,105.13494979430313,25031700
2015-11-11,108.16121673583984,109.01452111696392,106.27600920614736,107.42697315301885,25057100
2015-11-12,107.17891693115234,108.53825237953751,107.15907598861651,107.6353418793613,20924700
2015-11-13,103.14061737060547,107.40713956852927,103.02155656414541,106.87134322948836,30278400
2015-11-16,103.22990417480469,103.35888921801148,99.6877019145413,102.51550916937526,49309200
2015-11-17,104.31141662597656,105.37308491164607,103.32912724783114,103.80539312298639,26807200
2015-11-18,106.93087005615234,107.04001417175029,104.5694041104669,104.97621537223921,23836500
2015-11-19,105.43263244628906,106.89118783196739,105.12504104421373,106.52406602884068,25520600
2015-11-20,106.48436737060547,107.03008789972282,105.78982085171913,106.00810149337676,22129600
2015-11-23,106.11724090576172,106.63319621410518,105.25401992332353,106.35537761883822,19897200
2015-11-24,104.91666412353516,105.66082432480572,103.57717727524594,105.17464177957254,23577300
2015-11-25,104.58924102783203,105.76997008476596,104.28164965889216,105.5020757389039,15150800
2015-11-27,104.62892150878906,105.13495256640174,104.04351911605185,104.95635381489073,5913100
2015-11-30,103.42833709716797,105.27385488372622,102.94215458307121,105.0158772442104,20383200
2015-12-01,106.28592681884766,106.31569201656283,103.68632438187625,104.0137566967217,22781900
2015-12-02,105.24410247802734,107.07969623266837,104.96628386478301,106.16686148344,24429100
2015-12-03,103.5672607421875,106.0180297323132,102.54528186743637,105.44254398362182,23236500
2015-12-04,105.35325622558594,106.89119056531979,103.29937406690345,103.99392066356317,21224700
2015-12-07,104.78768157958984,105.99818341372409,103.84508166349603,105.65091015884687,15474900
2015-12-08,105.66082000732422,106.07755545619887,103.1405966536032,103.1902103596562,20401800
2015-12-09,103.7855453491211,105.61122238521095,102.74372556791894,105.35324471891785,23517300
2015-12-10,104.59915924072266,105.57153193061838,103.59702892306241,104.23204504177377,17454300
2015-12-11,101.32485961914062,103.52756754065274,101.11649566318634,103.339052096688,26427700
2015-12-14,103.8450698852539,103.9244412130883,100.66998210223939,101.49352113467654,24648100
2015-12-15,103.73594665527344,104.97621379572391,103.4680447137418,104.48010693954372,21764300
2015-12-16,105.95848083496094,106.25614034370277,103.37872724259037,104.5495394782801,22680500
2015-12-17,105.39293670654297,106.91102240278089,105.30363354029923,106.65304473028617,21675700
2015-12-18,103.22990417480469,105.76004432071338,103.16044952538734,105.25402083352506,35994200
2015-12-21,103.95421600341797,104.3312620178874,102.79332790305367,104.09313287242553,16138800
2015-12-22,104.68846893310547,104.83730250114594,103.99391480557988,104.40072605355783,14597100
2015-12-23,103.81531524658203,105.28379483273667,103.05131403911629,105.06550661060656,19599700
2015-12-24,104.20227813720703,104.49994527147219,103.68633035046905,103.92445951588738,6501800
2015-12-28,105.10518646240234,105.1548001701674,103.71608591485935,104.20226845700326,13069700
2015-12-29,106.42483520507812,106.90109350439836,105.42269732735757,105.59137182628393,17179900
2015-12-30,105.39293670654297,106.41491557028539,105.23417888654944,106.16686215403763,13115000
2015-12-31,103.8450698852539,105.34330683921931,103.80538043634253,105.17463235883724,18391100
2016-01-04,101.42407989501953,101.44392083710306,98.9733109832828,101.15617797196097,37912400
2016-01-05,101.93011474609375,102.90247991395681,100.87836309698989,102.08886499860645,23258200
2016-01-06,102.16824340820312,102.96200980684843,100.11436140209915,100.3425663083387,25096200
2016-01-07,97.15754699707031,100.64021860539947,96.54237945353984,99.71745972011529,45172900
2016-01-08,96.57215118408203,99.71746646883909,96.27448407707497,99.10229131368604,35402300
2016-01-11,96.7507553100586,97.83226455696418,94.64725964297155,97.1476422847906,29932400
2016-01-12,98.59627532958984,99.18167776258026,96.79044674902426,98.2291535456875,28395400
2016-01-13,94.69686889648438,99.79684622127934,94.46865643650813,99.79684622127934,33410600
2016-01-14,97.60405731201172,98.10016412601404,91.73014688103248,95.10367473024607,48658600
2016-01-15,94.23053741455078,95.6295548117006,92.81167150397195,93.24824795953154,46132800
2016-01-19,94.51828002929688,96.66145770412356,93.18870972297776,95.77838810880282,30998300
2016-01-20,93.61534881591797,94.26028915041859,88.67412947648975,92.10718752030634,59051400
2016-01-21,93.42684173583984,95.24258697805044,91.89883179305859,94.1710019798573,30518900
2016-01-22,97.17739868164062,97.30638371950066,94.74647091282333,95.65931314302624,30495400
2016-01-25,96.25464630126953,98.70541517692232,96.17526739412541,97.95133069903163,32482000
2016-01-26,96.58206176757812,97.11785798434569,94.91515029761926,96.99879720505635,26877100
2016-01-27,93.7145767211914,97.08810466342895,93.49629607580232,97.0285742665037,58699400
2016-01-28,108.26042938232422,109.48084790360475,103.99390776079983,106.36529772230153,107475300
2016-01-29,111.33628845214844,111.96138030227671,107.99252585577293,108.14135941151464,62739500
2016-02-01,114.19386291503906,114.81896234603114,111.13785069125814,111.39582078437658,46132700
2016-02-02,113.71760559082031,116.6743979911513,112.31858072845691,113.90612860432753,59778600
2016-02-03,111.81254577636719,114.44190559035616,108.89543555859706,114.3724509456468,56919300
2016-02-04,109.62967681884766,111.06839105819591,108.39933409381,110.92948176198145,38890200
2016-02-05,103.2596664428711,108.72676536047551,102.37659696675937,108.65731071302814,76894700
2016-02-08,98.97330474853516,101.88049084495083,96.7011347386413,99.62816934587951,71229700
2016-02-09,98.76496124267578,101.60269327841398,96.06613853148501,96.3836466404492,62709000
2016-02-10,100.21356964111328,102.44605015292025,99.45948521530607,100.75929012755047,45179400
2016-02-11,101.11649322509766,104.2915737678292,98.11007961027447,98.82447462488635,43670600
2016-02-12,101.21570587158203,103.42833783831848,100.30286365675138,102.93223106568843,36176800
2016-02-16,100.8188247680664,103.12076002335094,99.4594894072776,102.99177498020607,45687200
2016-02-17,104.38086700439453,104.89682231218951,99.61824629776174,101.22562747438013,44073400
2016-02-18,102.66433715820312,105.17463622675679,102.22776077411079,104.97619654489043,29593500
2016-02-19,103.75578308105469,104.20227620417998,101.26532465187098,101.75151480015089,32404500
2016-02-22,106.32560729980469,107.40711643213184,104.5197713775904,104.6686049235957,35709700
2016-02-23,104.63884735107422,106.63319884485608,104.30149835420987,106.01802367588157,25319300
2016-02-24,106.04779815673828,106.11725281334864,101.94003402009187,103.39858937889919,34412400
2016-02-25,107.22852325439453,107.22852325439453,104.78767871122758,106.2759991085237,29906300
2016-02-26,107.07969665527344,108.59778234791378,106.32561972205974,107.85362210093405,26686200
2016-02-29,106.08748626708984,108.06199696707968,105.91881175603234,106.76219188130959,32779000
2016-03-01,108.96491241455078,108.96491241455078,106.76219670478638,106.99040919534335,26817300
2016-03-02,109.09388732910156,109.68922157258062,107.9230749242431,108.82599297552747,25670200
2016-03-03,108.7267837524414,109.44117885845333,107.6948805515342,109.39156514331745,21353100
2016-03-04,107.54602813720703,109.19310629532474,107.08961080387037,109.19310629532474,24938900
2016-03-07,104.90674591064453,107.2285220712128,103.90460806792603,107.2285220712128,31436400
2016-03-08,105.10518646240234,106.5339764621596,103.58710087265474,103.96413931370671,25617000
2016-03-09,106.67289733886719,106.67289733886719,104.6686214194299,105.86919909177074,20493300
2016-03-10,106.48436737060547,107.81393758245987,104.94643320308516,107.06977735365766,24854300
2016-03-11,108.55809783935547,108.56801452534977,107.07969406736017,107.63533885260235,20697600
2016-03-14,109.03434753417969,109.47092392310171,107.92306562146393,108.42909665680641,17249400
2016-03-15,109.80828094482422,109.96703875969547,107.99252817967795,108.26043009977586,17618500
2016-03-16,111.3065185546875,111.62402659420033,109.24271251285964,109.62967519945376,24744800
2016-03-17,110.15556335449219,111.81256601242627,109.86782803861317,111.2767696977038,24241200
2016-03-18,110.58221435546875,111.54466286017956,109.41140188117981,110.69135846857966,36256900
2016-03-21,110.97908782958984,111.49504313233896,110.16547299370596,110.79057239626783,18448000
2016-03-22,111.3759765625,112.00106840509349,110.30438405806343,110.49290706439645,19001100
2016-03-23,111.6637191772461,112.30865952965469,111.12792292616768,111.13784718174014,18562000
2016-03-24,112.16976928710938,112.20945117616246,110.81043370233759,111.25692686909248,17839100
2016-03-28,112.80475616455078,113.69774226589973,112.0705127181244,112.4376344413376,21351800
2016-03-29,115.2356948852539,115.41429364843195,112.75516071333095,112.94368373279374,29825300
2016-03-30,113.8069076538086,116.07907792106815,113.46955863150293,115.82110781106607,33235200
2016-03-31,113.21157836914062,114.11449644352138,112.88414604084939,113.8069050578586,21207500
2016-04-01,115.15631103515625,115.26545513963814,112.46741301653473,112.86429998101526,24760500
2016-04-04,111.67365264892578,113.65808000780504,110.74096936785585,113.18181411087858,48487900
2016-04-05,111.3462142944336,112.43764776877615,111.02870623698868,111.23707019000041,22962400
2016-04-06,112.82460021972656,112.92382005928451,111.5446438504601,111.59425755523334,20814600
2016-04-07,112.75515747070312,113.99542452099685,112.18959599856876,112.90399103073624,20714500
2016-04-08,109.76858520507812,113.43977997885317,109.0442735336771,113.36040107596327,48497800
2016-04-11,108.141357421875,110.04641327433833,107.9230692201352,109.8380417581402,39762300
2016-04-12,109.7487564086914,110.29447696396058,108.14136751225374,108.48864078833881,26248100
2016-04-13,109.64954376220703,111.77288058412736,105.69060544461645,111.35615262543051,88227400
2016-04-14,109.9769515991211,111.16761245904358,109.40147346531369,109.75867096629153,28473300
2016-04-15,108.78630065917969,110.10594659018865,108.34972424411166,109.92734783584166,20922800
2016-04-18,109.58999633789062,109.94719386310697,108.34972925588647,108.88552554371101,21167200
2016-04-19,111.4156723022461,111.57442255075688,108.31004628523246,110.23493562961633,30210500
2016-04-20,111.54466247558594,112.38804260763429,110.69135808692813,111.55458673219539,21027900
2016-04-21,112.55671691894531,113.15204358458364,111.43551066917068,111.67364739141743,20875200
2016-04-22,109.69912719726562,110.87986373912106,108.16120074332467,110.3440675160099,38458200
2016-04-25,109.24272155761719,109.80828303638728,108.22074270738258,109.01451665687964,21017900
2016-04-26,107.91315460205078,109.6396041679951,107.30790369289983,109.62967991227436,22521500
2016-04-27,108.0421371459961,108.09175085346251,105.48222426850342,107.09953726404571,52213100
2016-04-28,115.82111358642578,119.84949896183464,115.32500671477483,118.64892124083815,87110100
2016-04-29,116.66448211669922,116.92245221383175,114.9380249251789,115.91039762741411,37140600
2016-05-02,117.64677429199219,117.8055321124402,115.662346956329,116.91253829739388,28095200
2016-05-03,116.5156478881836,117.2399671751854,116.10883666274671,116.60494348206623,24117500
2016-05-04,117.14073944091797,117.37887616394447,115.66234324291088,115.70203269674863,23448400
2016-05-05,116.89269256591797,118.05358833809265,116.33705532110937,117.1209050457442,22056700
2016-05-06,118.55960083007812,118.70843438393241,116.1981351895513,116.24774889749906,26395600
2016-05-09,118.31155395507812,119.34345706339016,117.9742049463937,118.60922107920273,21138100
2016-05-10,119.5617446899414,119.5617446899414,118.07342421662264,118.6885994041239,23220000
2016-05-11,118.58935546875,120.13721369304295,118.49013563167709,119.47243245766734,22038400
2016-05-12,119.34345245361328,119.89908965586172,117.97420038950575,119.04579291097554,22035500
2016-05-13,118.87712097167969,119.70066015945699,118.74813591587917,119.44268247786619,18124300
2016-05-16,117.74597930908203,118.67866246172466,116.43625773536552,118.45045001608219,31247800
2016-05-17,116.43627166748047,118.08334997922842,116.28743810425188,117.89482696113957,21328600
2016-05-18,116.73394012451172,117.34910775688387,115.82110536228947,115.89056001658922,21642300
2016-05-19,115.90047454833984,116.57518013613301,114.9777155469461,116.1386112757888,20544100
2016-05-20,116.43627166748047,117.0712878052656,116.03938468886739,116.04930894507983,18944800
2016-05-23,115.0670166015625,116.68432210337586,115.03725140367472,116.50572334605991,20441000
2016-05-24,116.78353881835938,116.81331158543729,115.21584706843093,115.33490785678629,20183600
2016-05-25,116.9720687866211,117.74599423693716,116.46603769603385,117.21019794748999,20019800
2016-05-26,118.53976440429688,118.82750726737876,117.00183023920144,117.3193383001902,18481300
2016-05-27,118.45046997070312,118.91681162558615,118.08335574280872,118.62906874129685,13493600
2016-05-31,117.88489532470703,119.16485177635766,117.20027308869969,118.52983567832791,23547600
2016-06-01,117.8551254272461,118.15279252319522,116.90260131819309,117.57730684168756,15029500
2016-06-02,118.00395965576172,118.50999069379807,117.29948893260733,117.76583051962233,13228300
2016-06-03,117.54755401611328,118.05358510448309,116.94230307531535,118.05358510448309,14135100
2016-06-06,117.86505889892578,118.500075021283,117.43840673203051,117.6963843973598,12744700
2016-06-07,116.84307861328125,118.37108850435892,116.7537754506264,118.31155053925929,17103000
2016-06-08,117.46817016601562,117.67653411834874,116.3568881835832,116.8430783090163,14505600
2016-06-09,117.63684844970703,117.75591681343775,116.79346835741875,117.2101962754921,13859200
2016-06-10,115.71195220947266,117.19034834687773,115.35475470956433,116.62478690035438,18510800
2016-06-13,113.06273651123047,114.58082967559399,112.4277204138449,114.10456381756032,31718200
2016-06-14,114.0450439453125,114.05496063181943,112.69563272138059,113.18181530985923,17618500
2016-06-15,113.70767974853516,114.54114312873868,113.1818077392348,114.4022338270363,19819400
2016-06-16,113.49932098388672,113.60846509306874,112.06061419192665,112.98337320683586,19236300
2016-06-17,112.13998413085938,113.53900902016952,111.68356675725173,113.52908476400712,24644300
2016-06-20,112.48726654052734,113.82675348159424,111.87209133967171,112.88414595270305,20785400
2016-06-21,113.48939514160156,114.31293429210635,113.08259147941776,113.231425041676,19166300
2016-06-22,113.02305603027344,113.84658757397614,112.72538891906295,113.75729198260645,14846300
2016-06-23,114.18394470214844,114.19386138791243,112.6559348256976,113.47947394345815,16176900
2016-06-24,111.20731353759766,112.79485394680883,110.13572092263394,110.14564517925113,40643100
2016-06-27,108.12152099609375,110.70127493259353,107.38728502593372,110.70127493259353,36130400
2016-06-28,111.82246398925781,111.8720776947232,109.68921091404113,109.76858224480168,26813800
2016-06-29,113.27110290527344,113.36039849149712,112.1598210001171,112.48725328958129,20968300
2016-06-30,113.39017486572266,114.28316866594061,112.78492393279657,113.7771375841522,23192700
2016-07-01,113.30087280273438,114.23354843417259,112.92382679195029,113.31078948828944,14980000
2016-07-05,113.310791015625,113.310791015625,112.09037251687094,113.05282092791431,14207000
2016-07-06,115.79132843017578,115.88063159391584,112.09037580271186,112.47733851561046,24337600
2016-07-07,114.94794464111328,116.05922660406269,114.46176209419313,115.72187004192182,16630200
2016-07-08,116.3271255493164,116.58510321645622,114.94794918920599,115.52343491975275,18142600
2016-07-11,116.95222473144531,117.77575630128037,116.58510295863472,116.79346691509825,17711600
2016-07-12,117.01175689697266,117.79560659456325,116.65455937477974,117.70630342902031,15217700
2016-07-13,115.8707046508789,117.47809343102075,115.77148480346032,117.46816917528216,16207700
2016-07-14,116.3767318725586,116.72400511205605,115.79132192312956,116.58509581625707,14579700
2016-07-15,115.95008850097656,117.35903007637006,115.67226988836256,116.82323379347616,16646000
2016-07-18,118.44054412841797,118.67867328080533,115.97985098711762,116.4065031522225,20868400
2016-07-19,119.67088317871094,119.90901232366542,117.73606968222626,118.0634944177928,21541300
2016-07-20,120.97068786621094,121.2485064804001,119.62127668015826,120.30590652940263,20046500
2016-07-21,119.67088317871094,121.14927932653741,119.31368567628468,120.97068057532428,17801700
2016-07-22,120.05784606933594,120.06777032497166,118.38100265638425,118.96641261906706,18422400
2016-07-25,120.68294525146484,120.9012334687872,116.86292415829227,120.44481609165388,18487400
2016-07-26,120.276123046875,121.11950301745351,119.80978148538179,121.05004837446442,17612000
2016-07-27,122.3796157836914,124.02669391244319,120.56387073800461,121.4667811332931,52654200
2016-07-28,124.02670288085938,127.33077606240288,122.66736749208904,126.52707788014226,78955800
2016-07-29,122.97496795654297,124.86016792374689,122.74675547557115,123.67943877260154,35058800
2016-08-01,123.34207153320312,123.60997344730661,121.90336482557315,122.88565418064472,25006900
2016-08-02,122.1315689086914,123.82826083348193,121.11951436319174,123.09401731597396,23968400
2016-08-03,121.55609130859375,122.95510856031865,121.35764404488127,122.13156944838727,18525300
2016-08-04,123.39168548583984,123.81833764211724,121.55609181627024,121.98274397254764,21066000
2016-08-05,124.17555236816406,124.86017470830046,123.64968029168602,124.0068778474051,20184000
2016-08-08,124.28468322753906,124.47319867239807,123.58021244835484,124.2747589714972,15233900
2016-08-09,124.08622741699219,125.10820618927846,123.56035543280517,124.36404600712956,19621000
2016-08-10,123.90763092041016,124.50296513293051,123.57028193197166,124.09615392570754,10670100
2016-08-11,123.92748260498047,124.40374090320584,123.7786490480391,124.22514214887404,11729500
2016-08-12,123.90763092041016,124.02669927691203,123.21308443245505,123.72903217065185,12159000
2016-08-15,122.93526458740234,123.94731911241733,122.73681732858348,123.93740242696806,19295100
2016-08-16,122.33995056152344,122.9551182023001,121.82399520539951,122.53839027080824,14222400
2016-08-17,123.401611328125,123.41152801398773,121.89344237817724,122.6971405624216,13794200
2016-08-18,122.9451904296875,123.2924636746166,122.67728851932148,123.0444102753831,12400800
2016-08-19,122.59791564941406,123.19324989286983,122.3200970397957,122.63760510364374,11688300
2016-08-22,123.18331909179688,123.85802463787394,122.15141604662082,122.36970424829119,14386400
2016-08-23,123.401611328125,124.11599877969114,123.28254296786938,123.5405206300953,13309500
2016-08-24,122.5185546875,123.719132392169,122.13158436848404,123.50084416041283,12243700
2016-08-25,122.92533874511719,123.4016045901454,122.14148911537649,122.1613376259966,10730800
2016-08-26,123.98701477050781,124.21522723707574,122.94519499701761,123.08410430014963,17504800
2016-08-29,125.55472564697266,125.74324867708502,123.38177516722264,123.38177516722264,15925900
2016-08-30,124.86015319824219,125.61423763818392,124.17553097604784,125.61423763818392,17804300
2016-08-31,125.13797760009766,125.23719744264518,124.12591552414214,124.62202230686853,14200600
2016-09-01,125.1875991821289,125.64401657015168,124.62203768284093,125.39596314818345,13536100
2016-09-02,125.52495574951172,125.87222902620599,125.01892464919169,125.86230476973196,12118800
2016-09-06,128.71987915039062,128.92825068912504,125.48526793655721,125.68370764869786,26278400
2016-09-07,130.02960205078125,130.9523534794418,128.9381609781925,129.02745657322828,27990800
2016-09-08,129.2556610107422,130.05935154900416,128.79923612458094,129.90059375034136,15676600
2016-09-09,126.1103515625,128.9381589097769,126.1103515625,128.70003732683477,27100700
2016-09-12,127.68798065185547,127.75742773653043,124.77087001596428,124.979233979958,21252800
2016-09-13,126.21949005126953,127.35062050983451,125.67377711800295,127.03310489340298,18016200
2016-09-14,126.77513885498047,127.7971253065271,125.9019935397644,125.9019935397644,15691100
2016-09-15,127.35061645507812,128.09477662492085,126.67590336163245,126.98349471275978,15077200
2016-09-16,128.0650177001953,128.17414666273757,127.2017815657236,127.2017815657236,24119200
2016-09-19,127.64826202392578,128.92822593039736,127.26129936056901,128.8984607362912,14958800
2016-09-20,127.63836669921875,128.16423873640002,127.03311575114493,127.64828338558812,11083800
2016-09-21,128.92823791503906,128.99768499441674,127.39030380336177,128.12454731951158,14068300
2016-09-22,129.067138671875,129.71207141474488,128.55118339359285,129.48386654049543,15538300
2016-09-23,126.96365356445312,127.59867724393087,126.30879651341327,126.56676660352547,28326300
2016-09-26,126.31871795654297,127.1621056190234,125.81269444304203,126.37825592341736,15064900
2016-09-27,127.68798065185547,128.00548115604528,126.43778929790359,126.61638806275386,15637100
2016-09-28,128.22377014160156,128.46190687614944,127.40023096710026,128.20393676870705,12047600
2016-09-29,127.0926513671875,128.28330479950023,126.55686262163971,128.1741606850394,14532200
2016-09-30,127.27124786376953,127.58874835583497,126.45762541164058,127.03311113973648,18402900
2016-10-03,127.76734161376953,128.08484207335596,126.80489327006117,127.3803789392872,13156900
2016-10-04,127.19186401367188,128.27337320583962,126.55684791423616,128.16422910406263,14307500
2016-10-05,127.46969604492188,127.79712838476084,126.83467987856199,127.25140781836258,12386800
2016-10-06,127.73759460449219,128.05509510928036,127.08272994214381,127.42999564613153,11682700
2016-10-07,127.98564910888672,128.24361921746157,127.33078444098975,128.03524768132004,12804400
2016-10-10,129.22589111328125,129.68230084285614,128.19398059950282,128.67023883818248,15138700
2016-10-11,127.87649536132812,129.62278587081417,127.23154742852253,129.21597465565685,17537900
2016-10-12,128.045166015625,128.6504169073338,127.45976363478572,128.00546899388598,11073000
2016-10-13,126.82473754882812,127.25138968448795,125.76306933730096,127.21170780348639,17139300
2016-10-14,126.88428497314453,127.94595332718905,126.58662540574284,127.48954350450441,13345300
2016-10-17,126.54692840576172,127.46968739268037,126.32864019401913,127.20178547100018,11351700
2016-10-18,127.56887817382812,128.3824852512122,127.01322597808439,127.67800710837815,13504000
2016-10-19,129.09690856933594,129.45410606116167,127.5986715247218,127.73758081932192,16752300
2016-10-20,128.9877471923828,129.64261169633826,128.49164047241212,129.057209400367,13167500
2016-10-21,131.0416717529297,131.10120215304482,128.6901149685241,128.76949388200418,19088800
2016-10-24,132.24221801757812,132.37121062122236,131.12101188430623,131.68658086338294,17470200
2016-10-25,131.25994873046875,132.4605340149672,131.19050164160262,132.4605340149672,13336800
2016-10-26,130.01966857910156,131.23017042975073,129.92045629919932,130.6150028184295,13084700
2016-10-27,128.68019104003906,130.7737624528186,128.26346312270582,130.7142320560537,16741400
2016-10-28,130.2677459716797,131.93467306469927,128.91833456875202,129.48390371423514,24545500
2016-10-31,129.97006225585938,131.0912533057404,129.8609181564928,130.98210920637382,15669000
2016-11-01,128.4916534423828,130.91265690261247,127.64826587731068,130.38678493755995,22077800
2016-11-02,126.17980194091797,129.21597314043396,125.29673244079744,129.21597314043396,39640900
2016-11-03,119.06563568115234,122.32009517857223,118.5695288658142,121.05006294250488,63766300
2016-11-04,119.80979919433594,120.98061161348596,118.32147870744977,118.65882771754903,30545500
2016-11-07,121.19889068603516,122.25063466169324,120.40511679158337,121.87359622532252,23008900
2016-11-08,123.25277709960938,123.63973980584795,120.59364429495068,121.07982684920108,19460800
2016-11-09,122.22088623046875,122.84597814835105,119.57167741707575,120.55396687945934,31916000
2016-11-10,119.8593978881836,123.21307690659233,114.37245068852536,122.96502352318963,67846700
2016-11-11,118.09326171875,119.76018090310927,117.23004071416393,118.59929278453474,32840100
2016-11-14,114.18394470214844,118.20240530340897,112.66585908145073,118.20240530340897,51377000
2016-11-15,116.28743743896484,117.56739396342483,114.92810957522791,115.8211033795011,34681400
2016-11-16,115.43412780761719,116.9621376761282,113.32071554252805,113.58861745654683,32397900
2016-11-17,116.87284088134766,116.87284088134766,115.10670188410843,115.90046822231163,18597800
2016-11-18,116.10881805419922,118.20238910179397,115.93021932506831,117.46815324647271,22879300
2016-11-21,120.82185363769531,121.00045239868926,116.88277177964397,117.27965118630657,35415400
2016-11-22,120.5241928100586,122.0224375353548,119.95863133454789,121.44695180378548,26089200
2016-11-23,119.89908599853516,120.36542759476401,119.00609982787189,120.28605626114185,15672100
2016-11-25,119.44268035888672,120.19676487708743,119.13509653974772,120.0677798235752,8658600
2016-11-28,119.47244262695312,120.74247481756122,118.88703266941376,119.18469977595771,18101300
2016-11-29,119.92887115478516,121.14928975143435,119.46252951037835,119.63120402048601,18891000
2016-11-30,117.49793243408203,120.84169498384709,117.03159083192016,119.38313978389026,30188900
2016-12-01,114.20379638671875,117.52771079771992,113.11236282086625,117.45825614089267,43277000
2016-12-02,114.5014419555664,115.57303437614954,113.4100085953377,114.21369912578083,25070400
2016-12-05,116.5156478881836,116.65455719199392,114.17402309539628,115.04716837220249,20201500
2016-12-06,116.3965835571289,116.88277370729097,115.42421839678394,116.7736295976619,19131200
2016-12-07,117.0315933227539,117.0315933227539,115.66234125385051,116.08899341278253,21913700
2016-12-08,117.98411560058594,118.56951795522222,116.72400016638706,117.06135670616834,22442800
2016-12-09,118.74812316894531,119.00610082284368,118.02380391491917,118.29170582434912,17464700
2016-12-12,116.8530044555664,118.3115598099757,116.73394365601612,118.29171886671392,17805500
2016-12-13,119.37322998046875,120.57380767075226,116.69425597008272,116.94230939956255,29768000
2016-12-14,119.27400970458984,120.74248933275852,117.92459844735049,119.06564573295596,25913100
2016-12-15,119.6312026977539,121.54617539659785,118.69851941925272,119.1450201157646,20139600
2016-12-16,118.93665313720703,120.55395866404703,118.34131889028194,119.95863198711135,25324300
2016-12-19,118.31155395507812,119.42283597248864,117.58724222702537,118.91680488947257,15918100
2016-12-20,118.16271209716797,118.8374176371572,117.87497681936847,118.56952330024464,13684400
2016-12-21,118.11312103271484,118.2718712900356,117.55748377710742,117.9940526622319,10767600
2016-12-22,116.48587799072266,118.06349397891663,116.01953638817807,117.93450893629347,16258600
2016-12-23,116.35688018798828,116.64462302714881,115.39443939905794,116.08898585910842,10890000
2016-12-27,117.09114074707031,117.75592210865094,115.9500934791397,116.04931333504894,12051500
2016-12-28,116.00961303710938,117.32925895034616,115.7417186941913,117.26972855636194,12087400
2016-12-29,115.44406127929688,116.61487373590899,115.15631840089334,116.08900169158137,9934900
2016-12-30,114.15419006347656,115.92032925143643,113.87636386661526,115.69211676794068,18684100
2017-01-03,115.95008850097656,116.92245364512553,114.61060157873656,115.12654934930691,20663900
2017-01-04,117.76583099365234,118.72827936732521,116.37673048226847,116.63470812995132,19630900
2017-01-05,119.73041534423828,120.00823394579456,117.39871485833196,117.93451111990012,19492200
2017-01-06,122.44908905029297,122.91542310269915,119.09540209944325,120.03800960023972,28545300
2017-01-09,123.92748260498047,124.4533546121827,122.08196466688152,122.58799573248649,22880400
2017-01-10,123.38175964355469,124.52280679752985,123.31230499435563,123.84810124674368,17324600
2017-01-11,125.10821533203125,125.13798810028358,123.09402283635175,123.38176570287588,18356500
2017-01-12,125.63409423828125,125.74323834464204,123.82826571029726,124.63195633896369,18653900
2017-01-13,127.3406982421875,128.26346482422142,126.37825734509971,126.49731814020898,24884300
2017-01-17,126.87435913085938,127.34069317646869,126.40801751526084,127.04302606055795,15294500
2017-01-18,126.9239730834961,127.42999661370976,125.85238048423831,127.41016324074563,13145900
2017-01-19,126.55685424804688,127.35062819706218,126.45762682692792,127.23155226372366,12195500
2017-01-20,126.05082702636719,127.4796095803633,125.79284934953873,127.10257867651876,19097200
2017-01-23,127.92608642578125,128.2436020306866,125.96150782535588,126.3187053108857,16593600
2017-01-24,128.3626708984375,128.88854290470783,127.38038910633698,128.37260272420227,15162700
2017-01-25,130.4562530517578,130.7142383033743,128.75957610295188,128.98778101478376,18731300
2017-01-26,131.74612426757812,132.10332177912966,130.41656164012792,130.60508465177713,20020100
2017-01-27,131.15078735351562,131.9147960703759,130.05936146940766,131.6468941571951,19539500
2017-01-30,129.96014404296875,130.5554783091399,128.59089945474207,130.5554783091399,18956100
2017-01-31,129.3052978515625,129.6426468790991,128.51152385619778,129.15645671119304,19790500
2017-02-01,132.192626953125,132.4506122045974,129.66247899125221,131.22026176675092,50139800
2017-02-02,129.82122802734375,134.43503050190992,129.38465160669884,132.18270131720746,54366400
2017-02-03,129.96014404296875,131.81559392654714,129.7418558213713,130.2181292902999,24804900
2017-02-06,131.03173828125,131.03173828125,129.28544762655085,129.9601456726916,17058500
2017-02-07,130.81344604492188,131.96441753066398,130.63485485229586,131.2103405951669,14596400
2017-02-08,133.15505981445312,133.393196524772,131.40876935871464,131.5675271655939,22390600
2017-02-09,133.0955352783203,133.45273278952712,132.27199615137192,133.44281610365246,16470600
2017-02-10,133.14515686035156,133.88931712436874,132.6391181912331,133.05586126226453,15061900
2017-02-13,133.00621032714844,133.6511429861487,132.65892957847132,133.6511429861487,13526200
2017-02-14,132.80780029296875,133.1848311767901,131.51791954731843,133.05585370021,14364900
2017-02-15,132.40097045898438,132.65894051585843,131.6270451483859,132.4108871434877,13226500
2017-02-16,132.7978515625,132.8276167563817,131.98424436310611,132.03385806623444,12831100
2017-02-17,132.4902801513672,133.0459173422639,132.13308265150818,132.46051495471045,12276500
2017-02-21,132.67881774902344,132.8673407752355,131.8651952443144,132.460529522881,14759100
2017-02-22,135.06011962890625,135.72490096959757,132.4208427786929,132.55975208659888,27360100
2017-02-23,134.30606079101562,135.06013782984314,133.28408178655974,134.83193289466843,18422500
2017-02-24,134.3854217529297,134.56401294616128,133.11538946779692,133.11538946779692,12625700
2017-02-27,135.34783935546875,136.1118328055832,133.9686632756825,134.20678481235169,14306700
2017-02-28,134.484619140625,135.74473459989255,133.70077709051557,135.72488608951662,16112100
2017-03-01,136.34999084472656,136.40952123822072,135.23871645956095,135.40739095445372,16257000
2017-03-02,135.69512939453125,136.74688855065958,135.2486362929553,136.02256170634786,12294800
2017-03-03,136.1019287109375,136.26068651005244,135.02041959192405,135.56614006389594,11160600
2017-03-06,136.34999084472656,136.75680205357398,135.44707283679048,135.81420216330113,12748200
2017-03-07,136.23094177246094,137.29260254101604,135.92335795297282,135.9630398387219,13527100
2017-03-08,136.6476593017578,136.9155612151054,135.98287800121076,136.08209027802155,10184500
2017-03-09,137.1636199951172,137.49105231538513,136.33014902535393,136.64766465954543,15535300
2017-03-10,137.70933532714844,138.40389704207283,137.14378138040064,137.8284112685531,16314100
2017-03-13,138.51303100585938,138.5923947743399,137.59026444250182,137.62996146672083,10955500
2017-03-14,138.2352294921875,138.37413881417584,137.44145544940528,138.37413881417584,12944000
2017-03-15,138.63211059570312,139.00915667701366,137.41169188512004,138.20545079738108,19344800
2017-03-16,138.8999786376953,139.15794870718855,138.641993428225,139.10833500229216,13612900
2017-03-17,138.75115966796875,139.247266516158,138.61225035607495,139.247266516158,20592800
2017-03-20,138.85037231445312,139.0984257121451,138.16574251442682,138.6221674277703,12099500
2017-03-21,137.43150329589844,141.20191808648096,137.32235919190865,140.05094665167545,29894800
2017-03-22,138.5030975341797,138.70153723298068,136.52860209213853,136.85601926817202,17055400
2017-03-23,138.44354248046875,139.29684665931248,138.00696613687765,138.39392877961052,13022800
2017-03-24,139.24725341796875,139.92196654082906,138.67176771140433,138.98928333156874,16664700
2017-03-27,139.2274169921875,139.55483415082898,137.6894829132103,137.96730150477003,12800500
2017-03-28,140.6562042236328,140.84472724308128,138.91983030341876,139.2671111434532,14679400
2017-03-29,141.53924560546875,141.74761709600253,140.32874395945132,140.8843962208827,16527600
2017-03-30,141.3011474609375,141.83693616250096,140.74551024747063,141.29121563499652,12404000
2017-03-31,140.9439239501953,141.51940956942025,140.78516616420725,141.2018939974441,11478300
2017-04-03,141.1721649169922,141.36068794358036,139.72354138422563,140.8248840638056,13564000
2017-04-04,140.62644958496094,140.9836471381132,140.1700397414765,140.755442216371,12948600
2017-04-05,140.7455291748047,142.32314543376424,140.1898767466356,141.15232531366942,17158100
2017-04-06,140.07080078125,141.11262815385123,139.8128306796449,141.00348404548387,15103400
2017-04-07,139.68382263183594,140.44783130602843,139.14803397537483,140.10055050685622,11818300
2017-04-10,139.9418182373047,140.328780987566,139.53502211316948,139.9021363495769,9039400
2017-04-11,138.83053588867188,139.93189367589676,137.729178101447,139.70368876934867,16638100
2017-04-12,138.49317932128906,139.30678661939646,138.35427001966204,138.63208862291611,11612500
2017-04-13,138.3046417236328,139.48537823292045,138.24511133492533,138.5328465936704,10965600
2017-04-17,140.31886291503906,140.44785554384578,138.66186781412935,138.67178450096836,11519700
2017-04-18,139.86241149902344,140.8050112278073,139.51513074316733,140.16999523936576,14807500
2017-04-19,141.16221618652344,141.92620966614012,140.17000270548508,140.24938160076528,15563900
2017-04-20,142.68032836914062,143.12682149137788,141.57897059296656,141.8369406960421,15968200
2017-04-21,142.56124877929688,143.04743891414617,141.16223905081466,142.77953699167992,12382000
2017-04-24,144.33731079101562,144.53575047915373,143.21610460006758,143.8312873152668,14407200
2017-04-25,145.349365234375,146.0042146567756,144.65480365247203,144.65480365247203,17767500
2017-04-26,145.4188232421875,146.44080204214183,144.9524816375507,145.94469524061145,12395000
2017-04-27,146.54995727539062,146.59957098730771,145.00210635944416,145.52797839781113,11275100
2017-04-28,149.08009338378906,150.35012558045273,147.90928860310584,148.33593318386997,30652200
2017-05-01,151.27291870117188,151.38206282195117,150.2410078974438,150.5585235724311,25218300
2017-05-02,151.5904083251953,152.2452730027361,150.47913382268703,152.14604557644944,21870400
2017-05-03,150.6180419921875,152.4040296719327,150.16161703070503,152.4040296719327,29782500
2017-05-04,149.67543029785156,150.34021160496565,147.56201044719066,149.00071716497357,36225500
2017-05-05,149.07017517089844,150.44935145501913,148.62366694353923,150.27074513607988,17148500
2017-05-08,149.8837890625,149.9036375743651,148.57407493899555,149.53652337474267,15827500
2017-05-09,149.30828857421875,151.40185973960186,149.04040182043272,150.31043393460115,17453900
2017-05-10,149.11976623535156,149.3479862502897,147.70090814062277,149.06023584535976,12080700
2017-05-11,148.8717498779297,149.47700089334703,148.24666548756684,149.13965183950285,11841900
2017-05-12,149.1594696044922,149.28846221494993,148.4649231250615,149.22891668244637,9598200
2017-05-15,149.0205841064453,150.3005331700849,148.60385615223754,149.0007355924411,15064700
2017-05-16,148.61378479003906,149.0404446055489,147.86962442483056,148.94121716752858,14550800
2017-05-17,143.72213745117188,147.51238530451144,143.2954777558092,146.84760404892504,28300100
2017-05-18,146.51026916503906,146.99644415722446,143.38478712680535,143.59315865201236,23031600
2017-05-19,146.9071502685547,148.22679623690533,146.8079379877635,147.29411298559143,16187900
2017-05-22,147.08575439453125,147.43302008206632,146.54003386842925,146.92699657966912,12586700
2017-05-23,146.91709899902344,147.65132749327842,146.10347644703438,147.3635921639045,12817800
2017-05-24,148.8717498779297,149.06027291977816,147.26436838845254,147.35366399564998,17862400
2017-05-25,150.77679443359375,151.40187874420144,148.78243528742834,149.12971612441623,19891400
2017-05-26,150.94546508789062,151.06452587925847,149.97308482512463,151.04467736737098,14996200
2017-05-30,151.19351196289062,151.70945212984122,150.45926845456844,150.78670075665897,13226000
2017-05-31,150.28070068359375,152.15598405859393,149.91357130225808,151.511036039479,18023900
2017-06-01,150.3501434326172,151.10422040768012,149.12972479903456,150.56843166171063,14530600
2017-06-02,152.41395568847656,152.43380420279416,150.12194433415678,150.66766492803777,16854400
2017-06-05,152.4337615966797,153.50535397060784,152.21547342014009,152.4436782810765,12520400
2017-06-06,151.6201629638672,153.3168549393149,151.29273064790434,152.21549720015935,13457100
2017-06-07,151.92776489257812,152.55286440125994,151.15383937705798,152.07660603939684,12066700
2017-06-08,153.50538635253906,153.52521972551656,151.9079217090469,152.88028688422233,17799400
2017-06-09,148.43515014648438,154.37849950169897,145.46842624134283,153.5648922798733,35577700
2017-06-12,147.2841796875,148.03825652437234,143.4343863235171,147.0162777936205,33170200
2017-06-13,149.50674438476562,150.0028512060158,147.74060531231325,148.98087236543873,20483400
2017-06-14,149.08009338378906,151.21334656756588,147.88944009191414,150.082223669288,20808800
2017-06-15,148.63360595703125,148.87172754049547,145.2303053068953,146.52018606391468,18994200
2017-06-16,149.4670867919922,149.65560983710256,147.44297729392454,148.42525927005366,22882400
2017-06-19,151.67970275878906,152.3742644574967,150.52874637860216,150.52874637860216,19026500
2017-06-20,151.0645294189453,152.6421455014497,151.02484753421905,151.68962886823076,14743900
2017-06-21,152.71160888671875,152.88028339305185,150.69741635700458,151.17367467723804,15039800
2017-06-22,152.20556640625,153.34662117688373,151.71939141196086,151.81860369202988,13005500
2017-06-23,153.8625946044922,153.99157209774845,151.4614239887559,151.53088621895427,18027000
2017-06-26,152.39410400390625,155.28144960784542,152.00714125265523,155.03339617396708,18049700
2017-06-27,149.4075469970703,152.1162862719026,149.21902396380716,151.64994460224537,19360800
2017-06-28,152.04681396484375,152.27501884832245,148.69312723034295,149.74487119939337,16719100
2017-06-29,149.86392211914062,151.3125605075568,147.76043431950026,151.0942723238232,23973500
2017-06-30,149.80442810058594,150.7371114502539,148.89159326516076,150.71726293601108,17666000
2017-07-03,147.2742462158203,150.9652817391979,146.64916199039357,150.53863719073166,13862700
2017-07-05,149.16940307617188,149.67544174954202,146.9766192914994,147.83984036021866,14334300
2017-07-06,147.6612548828125,148.87174170722975,146.8476323552753,147.86961128817103,14951800
2017-07-07,150.26083374023438,150.8065542617906,148.02835308475937,148.08788347984216,13615900
2017-07-10,152.3048095703125,152.78106792781998,150.33029877109277,150.5089051176457,13378700
2017-07-11,154.06100463867188,154.2098306175873,151.71938001721156,152.17578977920388,13667700
2017-07-12,157.66273498535156,157.9207202109397,154.98376129332433,155.2715117157145,22739400
2017-07-13,158.0199432373047,158.5358985836042,157.18648739019096,157.50400303098422,13929200
2017-07-14,158.72438049316406,159.07166124283847,158.08936451602594,158.88313827244238,16371200
2017-07-17,158.4862823486328,159.52810971092532,157.573447605856,159.00223768671668,12858800
2017-07-18,161.59190368652344,162.4551246533504,158.1786865607107,158.41682326948055,23722900
2017-07-19,162.8619384765625,164.4097892585536,161.89949008058483,162.31621797266106,26273600
2017-07-20,163.24891662597656,163.71525826982227,161.54230787402614,163.5168185605214,18523100
2017-07-21,163.149658203125,163.76484086704704,162.4749602916978,162.8817714594576,14744000
2017-07-24,164.70745849609375,164.87613299221408,163.0306150805744,163.35804738715314,17367000
2017-07-25,163.99307250976562,164.25104261096718,162.58413092939605,163.72517058237779,15383200
2017-07-26,164.32049560546875,164.7173749911776,162.82225851344313,164.7173749911776,35236900
2017-07-27,169.11289978027344,174.12358182526808,166.19578917768342,173.33972455016118,68910700
2017-07-28,171.10723876953125,172.07960389514778,167.7337184578127,167.75356696975794,24557600
2017-07-31,167.93215942382812,171.3751419833318,167.23761290029253,170.66074694770126,25478900
2017-08-01,168.5373992919922,169.14265018134674,167.73370871464778,168.4977174103853,14385000
2017-08-02,167.98178100585938,169.22204812028542,165.61039088867597,168.9739946974002,17433800
2017-08-03,167.2772979736328,168.37865574622896,166.93994896148095,167.98177633663607,10793800
2017-08-04,168.2992706298828,168.73584704832263,167.3765192236174,167.65433782808302,10777700
2017-08-07,170.64089965820312,170.72027856717287,168.33897185799546,168.62670715552937,12787800
2017-08-08,169.89671325683594,171.7025490928664,169.29146241662508,170.54166111540817,14393500
2017-08-09,169.84713745117188,170.11503939496933,168.23975606834685,168.6564840142652,10815000
2017-08-10,166.0965576171875,169.2617215576094,165.5508522260626,168.73584953854018,20832700
2017-08-11,166.77125549316406,167.5054989714028,165.55083706444998,166.64226288672253,13791200
2017-08-14,169.42047119140625,169.74790349425436,167.97183268243995,168.76560658571006,12954200
2017-08-15,169.66851806640625,170.16462484437818,168.68622119562994,170.1547081592106,8729200
2017-08-16,168.6763153076172,170.04557494726032,167.92223840722238,169.91658233193792,15779900
2017-08-17,165.61036682128906,168.53739375796738,165.55083643084458,168.0214384741533,17216000
2017-08-18,166.10650634765625,167.35669021343156,164.91585288406355,165.5409372469611,15093600
2017-08-21,166.4736328125,166.69192106318602,164.52890221181903,165.8584650914656,11907500
2017-08-22,168.3191375732422,168.5473424933329,165.84851992015356,166.9697262866525,11391000
2017-08-23,167.39637756347656,168.04131040314144,166.89033889422078,167.52535504742195,9856500
2017-08-24,166.43392944335938,167.97184854747877,165.1142834217768,167.5650524418617,14030400
2017-08-25,165.02499389648438,167.06895174619163,164.88606944069852,166.55299637034963,12614500
2017-08-28,165.9378204345703,166.3942302466192,165.0349023568495,165.61038810506784,8553700
2017-08-29,166.74148559570312,167.11851643932118,163.7152313220576,163.9632847028486,11121000
2017-08-30,168.59693908691406,168.8549091816899,166.32477652375476,166.86056522520565,11138300
2017-08-31,170.6309814453125,170.80957263391232,168.7358497530611,169.07319875817996,17226500
2017-09-01,170.6805877685547,171.5735739528636,169.97610945072762,171.05761864149633,11677600
2017-09-05,169.39073181152344,171.0477269494033,168.22984354630148,169.9364523994432,13210900
2017-09-06,170.75001525878906,171.13697791292637,168.24964817358324,169.5792106119036,13906300
2017-09-07,171.861328125,171.96054040321113,168.94421765397794,170.60121258588958,18049500
2017-09-08,169.61892700195312,172.1391582488474,169.47010100468665,171.7422636895045,10998500
2017-09-11,172.15896606445312,172.5360120548607,170.85916874801916,171.0576084282421,12372000
2017-09-12,171.61326599121094,172.64516144399872,170.41268090808495,172.40702473644265,11186300
2017-09-13,171.70257568359375,171.82163647716328,170.7202787167088,171.6628786590847,9119300
2017-09-14,169.6288299560547,170.9385439290125,169.1724050754929,170.9186954194289,15615700
2017-09-15,170.30352783203125,170.9980742674846,168.93426833072544,169.5494510078214,15660500
2017-09-18,168.6862335205078,170.7302063126739,168.02145220625115,170.65082740560135,12954000
2017-09-19,171.17669677734375,171.21637866027874,169.0335117393761,169.2914818283992,13168600
2017-09-20,170.82943725585938,171.7025901890769,169.37088185149835,171.15686960581593,12264100
2017-09-21,169.7776641845703,170.9286355567635,168.68622320404614,170.3531498706669,11161400
2017-09-22,169.21209716796875,170.392833749842,167.90238311595937,168.8846800099497,12097100
2017-09-25,161.60182189941406,167.98176312988195,160.30202452421173,167.92223273712122,41251600
2017-09-26,162.931396484375,164.21134532410267,161.5125232109011,163.21913175718967,23363300
2017-09-27,166.37437438964844,167.02923901974563,164.28081816248243,164.60823533755251,19242500
2017-09-28,167.41619873046875,167.75356286536928,165.8584312303992,166.63235663756362,12178700
2017-09-29,169.53953552246094,170.32339275657026,167.49557789829257,167.51542640978323,15340400
2017-10-02,168.1504669189453,170.5317738841285,167.43607180139426,170.05551551908795,13392300
2017-10-03,168.6366424560547,169.40063608316885,167.88255037529487,167.98177779854615,8190300
2017-10-04,167.10862731933594,169.34110811470646,166.97963469525448,168.50765225136317,12127900
2017-10-05,169.9066925048828,169.9761395964342,167.2872487410365,167.86271940811045,14580600
2017-10-06,170.88894653320312,171.02785583359096,168.4282610091993,168.92436781629561,13124500
2017-10-09,171.15682983398438,173.51830282373274,170.6607230808424,171.35526950724585,14570400
2017-10-10,170.25392150878906,171.85138594957223,169.47007945622047,171.6529462651225,11341100
2017-10-11,171.39500427246094,171.4346861598618,170.0654263748433,170.61114695147964,11283700
2017-10-12,171.2064971923828,172.49637818278825,170.94851191031293,171.26602759902008,10351000
2017-10-13,172.38719177246094,173.29009461828863,171.85138796419022,172.09944135765468,13658300
2017-10-16,173.16114807128906,173.63740643259538,172.70472308421773,173.13138286995618,11498800
2017-10-17,174.73876953125,174.75861804605935,173.00239541495966,173.34967629421004,15990100
2017-10-18,174.6593475341797,175.3638258063429,174.38152895529262,175.27451508171865,12752400
2017-10-19,173.20082092285156,174.65937627198252,171.28585575044315,173.56793514678944,14048400
2017-10-20,173.61752319335938,174.5105244746786,173.27025753393855,174.13347847990087,12602200
2017-10-23,169.9364471435547,173.9747490893017,169.91659863006777,173.83583977485296,13852700
2017-10-24,170.4622802734375,171.89107011861273,170.16461319902993,170.958387017458,12267900
2017-10-25,169.27163696289062,170.9087832574061,167.5749451380486,170.5615024603987,15868200
2017-10-26,169.30142211914062,170.94848529291494,169.06328538968916,170.0455823662001,11833100
2017-10-27,176.49496459960938,176.82239691291616,172.54594346819655,172.79399687464306,30285300
2017-10-30,178.46946716308594,179.2830896359603,176.2270697295188,177.86421622155078,24353200
2017-10-31,178.65797424316406,179.39221774049878,177.54669988177326,179.1640128569941,20174200
2017-11-01,181.23773193359375,181.4758534976598,179.1640092333057,180.94006483853377,40918300
2017-11-02,177.52687072753906,180.52336029584066,175.9591712882284,179.22356279071064,35529900
2017-11-03,177.52687072753906,178.45955401396256,175.33408696177935,177.89398494624558,17822100
2017-11-06,178.76712036132812,179.0449389548137,176.92160248175824,177.16965587879733,13312700
2017-11-07,178.8465118408203,179.34261866978235,177.56656288368893,179.09456525530132,12928200
2017-11-08,178.16188049316406,178.94573775470707,177.71538737885638,178.39008539336953,10494100
2017-11-09,177.90390014648438,178.00311242173828,175.7111014456757,176.92160323960988,12610300
2017-11-10,177.0704345703125,177.70545062873663,176.57432780154437,176.96129047558443,11070200
2017-11-13,177.37803649902344,177.6459232807927,175.91948123836522,176.11792093818718,9523400
2017-11-14,176.68348693847656,177.57647314229405,175.8004022805086,176.74301733340062,9585900
2017-11-15,176.56442260742188,177.1796053886655,175.02648836428187,175.284473612538,10253700
2017-11-16,178.191650390625,178.4297871231925,177.11014111767508,177.3681112229722,15607600
2017-11-17,177.6062469482422,178.5786121057479,177.50701952524037,177.90391407726858,13018000
2017-11-20,177.3482666015625,178.10234349689537,176.71325049497216,177.47724407604082,10052400
2017-11-21,180.44395446777344,180.47371966268912,177.59630646100754,177.7550491205655,14504000
2017-11-22,179.461669921875,180.31497422791827,179.03502533884242,179.8883296448857,10376300
2017-11-24,181.3568115234375,181.72392573276295,178.88619406019225,178.99533816836723,9426300
2017-11-27,181.6048583984375,182.2994049072759,180.57296289101734,181.13851678393632,12344500
2017-11-28,180.99960327148438,182.81535597805015,180.6721709663681,182.08111246294297,14379700
2017-11-29,173.766357421875,180.55309421897348,172.64515130709958,180.47371532111555,41933500
2017-11-30,175.8004150390625,176.89185615847498,173.8358361640995,175.47299784321822,25307600
2017-12-01,173.7366180419922,176.0980762592376,170.99809864891415,174.65936947923964,20182500
2017-12-04,170.13487243652344,175.19516800816865,169.4601592949808,174.91733426284273,24459400
2017-12-05,171.48428344726562,174.01443123113526,167.6940201144138,169.12281016365682,20184900
2017-12-06,174.68911743164062,175.39359572276817,170.56150537709414,171.1568395707224,20255800
2017-12-07,178.7373504638672,178.98540385438216,174.4311472381219,174.4311472381219,20404500
2017-12-08,177.6062469482422,180.86070657497814,177.34827684440816,180.1165463224017,19883800
2017-12-11,177.64590454101562,178.8167243844196,177.40778298234005,177.9038897495502,13168600
2017-12-12,175.58213806152344,177.78483848461795,175.22494053399856,177.20936787803035,16854100
2017-12-13,176.91168212890625,177.76498640263088,175.8698548549435,175.9194685613184,14615700
2017-12-14,177.00099182128906,178.95565391639886,176.29651347057296,176.901764400632,13591000
2017-12-15,178.77703857421875,179.0846375067566,176.9712177011345,177.62608230850725,28463100
2017-12-18,179.41209411621094,179.88835246792203,178.35041815679372,179.6006020075278,17265400
2017-12-19,178.11227416992188,178.67784324081975,176.83232517049,178.54885061623332,14920600
2017-12-20,176.50486755371094,178.40991575021332,175.97899558415452,178.40991575021332,11860500
2017-12-21,176.06829833984375,177.28871681511848,175.67141896023537,176.5544884488452,11600700
2017-12-22,175.8202667236328,176.14769906536287,174.8578182118753,175.76073632331457,8509500
2017-12-26,174.61968994140625,175.6218203017753,173.30996062450808,175.25470608718072,8897300
2017-12-27,176.2369842529297,177.05060671581896,174.88757307885342,175.17532351669627,9496100
2017-12-28,176.53466796875,177.54673022942185,176.29653121918594,176.56443316994796,12220800
2017-12-29,175.08599853515625,177.45738816291222,175.08599853515625,176.61400064317618,10261500
2018-01-02,180.0074005126953,180.16615833200692,176.16753849046654,176.29651597117564,18151900
2018-01-03,183.23208618164062,183.34123028472084,179.9180963462649,180.46381686166586,16886600
2018-01-04,182.89471435546875,184.76008056071637,182.66650949205325,183.46026817175525,13880900
2018-01-05,185.39512634277344,185.4447249132327,183.49006281380875,184.1449274556417,13574500
2018-01-08,186.8140106201172,187.42917832331256,184.87919676330847,185.7424179132737,17994700
2018-01-09,186.4071807861328,187.32994738909062,185.64318714688596,187.23071996426356,12393100
2018-01-10,186.37741088867188,186.4270245998348,184.18462717107303,185.48442464765515,10529900
2018-01-11,186.3079376220703,186.93302184694363,185.92097495334804,186.93302184694363,9588600
2018-01-12,177.9733428955078,180.0669141301532,176.0186809548209,176.6735455434726,77551300
2018-01-16,177.00099182128906,180.33483027965096,176.65371098896813,180.08677686798706,36183800
2018-01-17,176.21714782714844,177.92375649243675,174.43116025417478,177.86421095668882,27992400
2018-01-18,178.39999389648438,179.57079858271496,175.7011719113024,176.7429991351371,23304900
2018-01-19,179.87838745117188,180.94997989978438,178.76711312223028,179.44182620764286,26826500
2018-01-22,183.9266357421875,183.9464842539808,179.00526461593918,179.39222732602718,21059500
2018-01-23,187.87567138671875,188.07411110002806,184.10525627392343,184.60136312718652,25678800
2018-01-24,185.0974578857422,189.17545655869773,185.06769268768969,188.41144781540044,24334500
2018-01-25,186.0202178955078,187.15134089367203,185.14708014568345,186.4865595398367,17377700
2018-01-26,188.5205841064453,188.5205841064453,185.35542029826166,186.28810350518478,17759200
2018-01-29,184.53187561035156,187.369607027703,184.18460994464814,187.28031143994878,20453200
2018-01-30,185.6630401611328,186.71478435965443,180.42415254360483,186.15914705779252,20858600
2018-01-31,185.43479919433594,188.3519096022416,183.77780429827604,186.9032710839018,43275100
2018-02-01,191.58651733398438,193.7991645274697,186.4270097242907,186.75444202386447,54211300
2018-02-02,188.79840087890625,192.69780816421374,188.50073377361915,190.5446913486245,26677500
2018-02-05,179.84864807128906,189.12585213250935,179.20371522852162,185.47449787905256,33128200
2018-02-06,183.86709594726562,184.32352085530795,176.35604702517875,177.17958611274838,37758500
2018-02-07,178.77703857421875,183.63889428170924,178.5488336861869,182.71612776405163,27601900
2018-02-08,170.24403381347656,180.42414124503927,170.1448063843661,179.60060203135833,38478300
2018-02-09,174.73876953125,175.52261175644094,165.87829259647566,173.3992748712623,39887600
2018-02-12,175.0364227294922,176.1675457436953,170.50199884607702,175.68135557952797,32092100
2018-02-13,171.80178833007812,174.59983810473963,171.75218975930463,174.25255726945196,21809400
2018-02-14,178.12217712402344,178.40991238610002,171.8613121728498,172.0994337304368,28929700
2018-02-15,178.55877685546875,179.0945655700988,175.4630599421185,179.0945655700988,20922100
2018-02-16,175.97901916503906,178.47940188173544,174.92727508499433,177.59633231075645,20645300
2018-02-20,174.6395263671875,176.56442335083702,173.7465401009486,174.40140477084617,21204900
2018-02-21,176.5247344970703,179.8585729740723,175.026482192657,175.3340811424222,23200800
2018-02-22,177.59632873535156,178.80683061366898,176.02862933326867,177.30857829510717,18464200
2018-02-23,181.8628387451172,181.96206616910862,178.11227224592568,178.49923497552544,19007300
2018-02-26,183.4900665283203,184.2143934074253,181.79338963283567,183.14280082818172,17599700
2018-02-27,180.0470733642578,183.26183550381754,180.0470733642578,183.01378212193907,15849800
2018-02-28,176.93154907226562,181.4560409894335,176.7529427387042,180.88055524348087,18783000
2018-03-01,174.570068359375,178.71751406261032,173.05198271776223,177.6161563285012,23201600
2018-03-02,175.24476623535156,175.73095636374896,171.64304105878443,171.94069303537623,20025900
2018-03-05,178.99534606933594,179.73950634701885,174.5204677165954,174.82805154230758,16189300
2018-03-06,178.3801727294922,180.95993433251797,177.71539138609242,180.36460007336458,15086800
2018-03-07,182.27955627441406,182.3887003695206,176.68347250890474,177.34825376456183,19097300
2018-03-08,180.92022705078125,182.96418467670003,180.0371575384189,182.1307288731177,17225900
2018-03-09,183.7877197265625,184.0655383216074,181.7834591680213,182.4780056556335,18526300
2018-03-12,183.3213653564453,184.65094298580436,182.78557671474607,183.7877069242099,15301200
2018-03-13,180.46380615234375,184.54180446727887,179.6997974761212,184.1647584717446,18067500
2018-03-14,182.75582885742188,182.81535925214953,180.4340526231739,181.17821283722608,16821700
2018-03-15,182.4283905029297,182.56729979935182,180.77139563133073,181.81322292448564,15614300
2018-03-16,183.64881896972656,183.8869556936874,181.9819073219367,183.05349986979246,24403400
2018-03-19,171.21636962890625,175.79047474978412,168.73583572691126,175.63171694646186,88140100
2018-03-20,166.84071350097656,168.87475444209613,160.68899210879263,166.1660155091787,129851800
2018-03-21,168.07106018066406,172.04983124454625,162.02848302325373,163.5168034151269,106598800
2018-03-22,163.6061248779297,168.9442397057508,162.4452366054816,164.8364753801728,73743000
2018-03-23,158.14892578125,165.302792529729,157.78181159245784,164.15182111516467,53609700
2018-03-26,158.81369018554688,159.84560070262083,147.85965982107322,159.56778213417243,126116600
2018-03-27,151.03477478027344,161.58201154622896,149.57621938994916,155.092925291321,79117000
2018-03-28,151.83843994140625,154.66625464462274,149.625807940841,150.46918038322005,60029200
2018-03-29,158.54579162597656,160.16310450762208,152.93979129655673,153.9419215009022,59434300
2018-04-02,154.18008422851562,157.96041595386316,152.91005192026185,156.58123953443229,36796000
2018-04-03,154.8944549560547,156.1644870647501,149.63572021287504,155.33103133216443,42543900
2018-04-04,153.892333984375,154.34874375774146,149.33806209635878,150.84623099352257,49885600
2018-04-05,158.0992889404297,160.31193585501973,155.43023231303715,160.3020040308441,41449600
2018-04-06,155.97598266601562,160.1631254779056,155.58901994832812,156.50185468902743,41644800
2018-04-09,156.7002716064453,159.2800327759131,154.82498868724753,156.59114265525264,34915200
2018-04-10,163.7549285888672,164.6876118106786,155.7874544603831,156.7002891706726,57889300
2018-04-11,165.02499389648438,167.3368385509731,161.97889049562437,164.07246205954374,56144600
2018-04-12,162.5940399169922,166.1461664683181,161.83004633576897,165.67982485901135,38263000
2018-04-13,163.2389678955078,164.40977254853829,162.49480777672446,163.29849828261425,19990600
2018-04-16,163.5465850830078,164.48918506479714,162.11779494051558,164.42965466552323,18119400
2018-04-17,167.34674072265625,167.6840896955498,164.3701000771731,164.53877456361988,22743000
2018-04-18,165.06463623046875,166.81092651643078,164.47923390699,165.58059148267563,20969600
2018-04-19,166.79112243652344,167.0193273393134,163.91369373621518,164.90590739701548,22235000
2018-04-20,164.9852752685547,167.11852844056128,164.5189336679802,166.48351234573315,19119400
2018-04-23,164.5487060546875,167.1383842548743,163.80454582635772,165.96757942949182,23088100
2018-04-24,158.44662475585938,164.80671887199912,156.9583040501158,164.14192230025026,35079900
2018-04-25,158.44662475585938,159.8059528223112,154.97387644245768,158.89311793958623,41083600
2018-04-26,172.80393981933594,174.89751131005175,169.4701012165842,171.8712565286882,77556900
2018-04-27,172.2383575439453,175.7210370171201,171.25607575610894,175.43328659080046,29804700
2018-04-30,170.66073608398438,174.3517718197897,170.37300080682832,172.43679173396586,20750500
2018-05-01,172.50625610351562,172.66501391219182,168.90451591156153,170.66073821259428,26025900
2018-05-02,174.69906616210938,176.69341016579082,172.84361632507387,172.89323003600683,30424500
2018-05-03,172.66500854492188,174.7486479441099,170.77979369044417,173.76636620591322,24026100
2018-05-04,175.23486328125,175.6019775078001,171.71250159576832,171.73235010908928,17677800
2018-05-07,176.58425903320312,178.10234465949247,175.7904851097891,175.96909143404696,18697200
2018-05-08,177.52687072753906,177.64593152496187,175.7309663798416,176.8620893752962,15577200
2018-05-09,181.23773193359375,181.5849975945159,177.38793848810025,178.2710079481258,23282800
2018-05-10,184.0853729248047,184.6807070920529,181.07896717415252,181.7238999053574,21071400
2018-05-11,185.53402709960938,186.8536730085692,182.7458941572334,183.41069059451098,21207800
2018-05-14,185.186767578125,186.39726952434344,184.7501911201472,186.24844352275093,15646700
2018-05-15,182.8848419189453,183.84727530793822,181.7735522465347,183.4404791851606,15429400
2018-05-16,181.7735595703125,182.8848492874977,181.2377707962976,182.2696664551332,16975500
2018-05-17,182.3291778564453,182.6268449843108,180.8011754720384,181.25758528011698,14840700
2018-05-18,181.25758361816406,182.75583593002384,181.18813653495366,182.0612893980254,13130500
2018-05-21,183.05348205566406,183.85717260334886,181.7040710311633,182.33908709328264,13532900
2018-05-22,182.36888122558594,183.97626257600518,182.00175186112284,183.49007241224572,12731400
2018-05-23,185.44473266601562,185.4546644925057,180.76148283647657,181.07899848457114,16628100
2018-05-24,184.48228454589844,185.345520753403,183.58929827880206,184.432685973266,12354700
2018-05-25,183.48011779785156,184.87914246030516,183.01377624370036,184.57155869905148,10965100
2018-05-29,184.29376220703125,185.35542290175417,182.27956978080095,182.90465406274876,16398900
2018-05-30,186.208740234375,186.53617256684836,183.80758493621627,185.0875339268128,13736900
2018-05-31,190.2867431640625,191.21942646930808,186.02022120388585,186.4071839432984,30782600
2018-06-01,192.47950744628906,193.03514459870436,190.57445929230366,191.56667281875295,17307200
2018-06-04,191.77505493164062,192.46960146542042,189.9791506300175,190.34626483930563,18939800
2018-06-05,191.4376983642578,193.48165600011896,191.12018273850393,192.78710949375522,15544300
2018-06-06,189.8501739501953,191.03091072675076,187.6375415425211,189.54259011226512,22558900
2018-06-07,186.71475219726562,189.48303668216764,185.315742496056,189.26474847403995,21503200
2018-06-08,187.62757873535156,188.00460956982465,184.9783553695816,186.06979627457957,12677100
2018-06-11,190.048583984375,191.10034310523886,187.32992844283444,187.33984512832245,12928900
2018-06-12,190.90187072753906,191.7750234495119,190.06841502382485,190.67366586246942,11562700
2018-06-13,190.91183471679688,192.98555764088545,190.41572788481517,191.23926704270227,15853800
2018-06-14,195.27755737304688,195.74389897906175,191.4079303656662,191.5964533732013,19120900
2018-06-15,194.32505798339844,195.53555990101208,193.12447275233,194.26551244418872,21860900
2018-06-18,196.765869140625,198.02598460408896,192.61842371690886,193.28320498693134,16826000
2018-06-19,195.95225524902344,196.4185968187479,192.28105308055834,194.71198833804928,19994000
2018-06-20,200.42713928222656,201.96507332946683,197.26197560086828,197.54972601188854,28230900
2018-06-21,199.93104553222656,201.80632867876594,198.5320206867189,201.18122924992667,19045700
2018-06-22,200.16920471191406,200.6653115803128,197.75811745870655,199.59371892777392,17420200
2018-06-25,194.82115173339844,198.4427254162537,191.6063741312629,198.4427254162537,25275100
2018-06-26,197.45053100585938,197.5497584342161,194.70209475216134,196.0614378487448,17897600
2018-06-27,194.31509399414062,199.18686605784222,194.27541211454835,197.62908354925446,18734400
2018-06-28,194.7020721435547,195.80342985451412,191.75519651531133,193.6602448267047,18172400
2018-06-29,192.80694580078125,196.06140505886148,192.44974831440769,195.78358647390175,15811600
2018-07-02,195.82325744628906,195.9125530279139,190.72328064936914,191.86432012117947,13961600
2018-07-03,191.2293243408203,193.87853285613852,191.02096796162596,193.03516037372157,13489500
2018-07-05,196.90478515625,197.1032248475129,192.51920287743454,193.22368119239252,19684200
2018-07-06,201.6475830078125,202.05439425234724,196.16064253975117,196.90480280366523,19740100
2018-07-09,203.14581298828125,204.19755695638088,200.5462031241345,203.33432085012856,18149400
2018-07-10,201.95513916015625,203.3144820178631,200.6851070282679,202.90767082906115,13190100
2018-07-11,200.96295166015625,202.90769713042994,200.17910951620655,200.64545115601763,12927400
2018-07-12,205.30880737304688,205.46756516027716,201.6078554055993,201.84597694646882,15454700
2018-07-13,205.70571899414062,206.80706149245074,204.84248291657892,206.1918939406068,11486800
2018-07-16,205.61642456054688,207.09482830709123,205.22946185373033,205.88432647756704,11078200
2018-07-17,208.35496520996094,208.82130687111882,203.24505545088476,203.30458585188705,15349900
2018-07-18,207.7298583984375,209.3471715552405,206.81702362195352,208.18628335666915,15334900
2018-07-19,206.46971130371094,208.35492610820697,206.14227901966726,207.1444243817341,11350400
2018-07-20,208.30532836914062,209.85317918327323,206.87653834379418,207.22381916439136,16163900
2018-07-23,209.2677764892578,209.97223967521748,207.17420516285148,208.94034418058064,16732000
2018-07-24,212.99850463867188,214.51659032772451,210.94463023465084,213.4350810715982,28468700
2018-07-25,215.8064727783203,216.91774724162687,212.6016268700479,214.04033366057422,58954200
2018-07-26,174.88755798339844,178.72743478538428,172.39710737899168,173.52823024051227,169803700
2018-07-27,173.52822875976562,178.52897843645357,171.65294573851048,178.46944804529903,60073700
2018-07-30,169.7280731201172,173.9350646590183,165.26311146957755,173.9350646590183,65280800
2018-07-31,171.23623657226562,172.8833148940868,168.6763234930443,169.34110483354291,40356500
2018-08-01,170.3134765625,173.71677744654153,169.5693162830717,172.57572260076367,34042100
2018-08-02,174.99671936035156,175.41344728311387,168.94422508406578,169.35102118058532,32400000
2018-08-03,176.39573669433594,177.4574125381873,174.77842364397407,176.3064411018564,24763400
2018-08-06,184.244140625,184.3433528982231,176.99106183537083,177.57646420931314,49716200
2018-08-07,182.37876892089844,186.83381317946927,182.28947333562078,185.04782577403012,33398600
2018-08-08,183.73812866210938,185.3951388910154,182.32918700218374,183.3114840314187,22205200
2018-08-09,181.6643829345703,185.1172971356833,181.0591320378216,184.40290213821012,19732100
2018-08-10,178.85641479492188,180.68209929171536,178.02295901985093,180.62255375922936,21500400
2018-08-13,178.6480712890625,181.1881358188921,177.50701650387984,178.69768499971894,17423300
2018-08-14,179.69981384277344,180.572966695124,177.22919641645174,179.3029344407843,19102000
2018-08-15,178.13214111328125,179.46170396280732,173.41912559475355,177.9436180701432,33020200
2018-08-16,173.3397216796875,179.09456387943234,172.65509183858282,179.01518497061076,31351800
2018-08-17,172.44671630859375,174.8478712589947,170.7004107883188,173.1412627587135,24893200
2018-08-20,171.15682983398438,173.21071905918097,169.57921399258726,172.68483197207198,21518000
2018-08-21,171.2759246826172,172.81385895130066,170.0555060662981,171.4644477087111,19578500
2018-08-22,172.28797912597656,172.88331337730875,170.7897419514284,170.86912086093795,16894100
2018-08-23,171.5537109375,174.1830858400676,171.4842638641367,171.742233928021,18053600
2018-08-24,173.29010009765625,173.4587897337263,171.57357479979996,172.34750020068213,14631600
2018-08-27,176.0782470703125,177.27881714987828,174.42123689441704,174.61969174325242,17921900
2018-08-28,174.88755798339844,176.85215174812703,174.46091341649864,176.7132424542553,15910700
2018-08-29,174.53036499023438,175.41343448259514,173.38932541403022,174.92725951150646,18494100
2018-08-30,176.25682067871094,178.39007383101338,174.33192390092404,174.53036358997903,24216500
2018-08-31,174.36170959472656,176.236992885708,173.6175493183057,175.7706512346192,18065200
2018-09-04,169.82730102539062,172.53604019516808,167.48567608090013,172.14907745662845,29809000
2018-09-05,165.87826538085938,169.79752128372485,165.3722418860996,168.17029155589415,31226700
2018-09-06,161.2644805908203,165.67982823051048,158.75418131005338,165.67982823051048,41514800
2018-09-07,161.77049255371094,163.34812362432544,158.91292778915525,159.06175376752574,24300600
2018-09-10,162.90164184570312,163.72518105294841,160.89738102515815,162.236860467802,20197700
2018-09-11,164.64793395996094,165.88820101083448,162.44521846641123,162.66350667856327,20457100
2018-09-12,160.7386016845703,163.20921897566964,160.5401619944368,161.97886867287718,24078100
2018-09-13,160.10357666015625,162.04832185091652,159.60746989251075,160.7385927171434,25453800
2018-09-14,161.05613708496094,161.5720773146908,159.09154303336734,160.46080280145142,21770400
2018-09-17,159.3296661376953,160.79813806735754,158.52597552173137,160.6592287650919,21005300
2018-09-18,159.05184936523438,160.50047279983679,157.63297598862607,158.14893132011807,22465200
2018-09-19,161.7903594970703,162.16740553853603,158.23823272214887,158.8335669834127,19629000
2018-09-20,164.72731018066406,165.15395477201457,163.1893760346749,163.219141232212,18936000
2018-09-21,161.66134643554688,165.94771623876872,161.54228565433868,165.342465367665,45994800
2018-09-24,164.1220703125,164.40980562138776,159.62734350208274,159.77616949978685,19222800
2018-09-25,163.62596130371094,164.3006593376893,159.89522818413434,160.72869918019714,27622800
2018-09-26,165.65005493164062,167.9817629115919,162.93139939924737,163.02069498827245,25252200
2018-09-27,167.5253448486328,170.43253864331763,165.90804693470875,166.24539593368888,27266900
2018-09-28,163.17945861816406,167.47573026988258,161.29424365604567,167.01932048303863,34265600
2018-10-01,161.17518615722656,164.5884035023504,160.004366188851,161.76058857142502,26407700
2018-10-02,158.0894012451172,161.01642845821567,157.43453660843005,160.3218819374772,36031000
2018-10-03,161.16525268554688,162.38568635147246,158.28783921396985,158.75418083136026,23109500
2018-10-04,157.61314392089844,160.20282214580766,156.12482345003056,160.20282214580766,25739600
2018-10-05,156.10498046875,159.64717544212786,154.98377416284492,157.9703470364549,25744000
2018-10-08,156.0255889892578,157.10709818236126,153.18785748057903,154.32889706743453,24046000
2018-10-09,156.67050170898438,159.3395583801949,156.1942434799878,156.46214535753793,18844400
2018-10-10,150.2012939453125,156.4621591026775,150.13183172874403,155.598938148042,30610000
2018-10-11,152.15594482421875,153.6045680419625,147.99856787662608,148.96101617360952,35338900
2018-10-12,152.54293823242188,155.6684053015985,150.1219344051328,155.5096474775187,25293500
2018-10-15,152.32467651367188,154.35871796117505,151.3622278551945,152.12623676903348,15433500
2018-10-16,157.54368591308594,158.2183990840519,153.80303612370565,154.18999885088436,19180100
2018-10-17,158.17868041992188,159.24035617282968,156.72012530778295,158.3175897096505,17592000
2018-10-18,153.7137451171875,157.4246298183748,152.08651524917622,157.27578867887388,21675100
2018-10-19,152.8505096435547,156.1248175844445,152.3544028385707,154.6464138552001,19761300
2018-10-22,153.5748291015625,156.11489364906294,153.25732860311442,153.55498058916606,15424700
2018-10-23,153.1878662109375,153.56491224615945,149.67543651958738,150.04255072863256,19095000
2018-10-24,144.90286254882812,153.44582195956076,144.4663012972735,153.07870778485304,27744600
2018-10-25,149.77464294433594,151.0248417954003,145.8554021724594,146.57971387602666,22105700
2018-10-26,144.2380828857422,147.83982301609493,142.6803154421865,144.68459110750447,31303300
2018-10-29,140.983642578125,147.67116844140386,137.947471044523,147.34373609993975,31336800
2018-10-30,145.0814666748047,145.49819454953195,138.6519271019058,138.85036678416012,50528300
2018-10-31,150.6080780029297,155.18218276758688,147.80012716772822,153.79308994663998,60101300
2018-11-01,150.5684356689453,151.56064941305698,148.1871287390694,150.34023074699408,25640800
2018-11-02,149.1793212890625,152.9298874977579,147.80014498628802,150.61802798562925,24708700
2018-11-05,147.52232360839844,149.02057596426272,146.29198832700237,148.9312803660929,15971200
2018-11-06,148.7725372314453,149.79451621801476,146.84764006762146,148.14743770257982,16667100
2018-11-07,150.3501434326172,151.818615495626,148.6633831405149,150.38984045971407,21877400
2018-11-08,146.7186279296875,149.7647311096227,145.59743679770625,149.31823799405643,24145800
2018-11-09,143.831298828125,146.60948496439167,142.94822927624475,145.60735461809398,17326900
2018-11-12,140.4478302001953,143.91064577963837,139.39608626580937,143.35500861731956,18542100
2018-11-13,141.05308532714844,143.75190745988903,140.51728151874886,140.89432752169836,15141700
2018-11-14,143.09706115722656,144.4464723960708,140.44785239257982,142.58110579355625,22068400
2018-11-15,142.72991943359375,143.71220111866165,139.7334303949539,141.22175065957958,30320300
2018-11-16,138.44354248046875,140.66610607512533,136.69725224608018,139.97155968303758,37250600
2018-11-19,130.5257110595703,136.6774327734655,130.18836204602934,136.5385234655381,44362700
2018-11-20,131.39886474609375,133.11540550101412,125.86231755936255,126.0409163440952,41939500
2018-11-21,133.7702178955078,136.1217588094246,133.08558822690546,133.35347494420424,25469700
2018-11-23,130.7042694091797,133.4527048182353,130.23792789118187,132.6093173563307,11886100
2018-11-26,135.31809997558594,135.9332675826266,131.74612484443062,131.9644130546667,24263600
2018-11-27,133.94882202148438,135.5462863563767,132.6688732726465,134.69298214382596,20750300
2018-11-28,135.69512939453125,135.7248945919711,130.82337202047773,135.21887109551545,29847500
2018-11-29,137.60020446777344,138.90001728178694,134.60372965007429,134.86169979133874,24238700
2018-11-30,139.51515197753906,139.87234947165177,136.29045784512456,137.18344401041747,25732600
2018-12-03,139.99142456054688,142.56125435967442,139.66399222915538,141.8865563240647,24819200
2018-12-04,136.8560333251953,142.27352698478865,136.09203964933968,139.63423481370523,30307400
2018-12-06,138.5428009033203,138.61224798809107,132.62920071233876,132.77804184824052,28218100
2018-12-07,136.34999084472656,139.77312473044262,135.59591396050388,138.16574354618837,21195500
2018-12-10,140.7455291748047,141.9361826694915,137.92763056473646,138.51304819477417,26422200
2018-12-11,140.9737091064453,142.75969660179285,140.00134402452528,142.75969660179285,20300300
2018-12-12,143.3748779296875,146.043935173059,141.40036723998642,141.96593630939051,23696900
2018-12-13,143.8809051513672,144.7143761771331,142.07508406549724,144.4365575485377,18148600
2018-12-14,142.93829345703125,144.87310701215983,141.40035929885983,142.22389843052554,21785800
2018-12-17,139.09841918945312,143.79158501451644,137.34219697695406,141.9659157267087,24334000
2018-12-18,142.5414276123047,144.7937418711437,138.74124722221976,139.98151438060336,24709100
2018-12-19,132.2025604248047,143.7816926259551,131.46831682760123,140.11050491989727,57404900
2018-12-20,132.36129760742188,134.5144145958929,128.98777718323655,129.68232372468893,40297900
2018-12-21,123.97708892822266,133.84961143015394,122.4590032991407,132.35137431268788,56901500
2018-12-24,123.09402465820312,128.7298061390674,122.06212153987512,122.14150044974409,22066000
2018-12-26,133.1352081298828,133.1947536610264,124.90976438424582,125.01890848137627,39723400
2018-12-27,133.47259521484375,133.93893687919822,128.6603525677731,131.408788839398,31202500
2018-12-28,132.16285705566406,134.86167943373593,131.17064339137232,134.28619369164923,22627600
2018-12-31,130.0692901611328,133.59165182038424,128.93816714993446,133.4031287951879,24625300
2019-01-02,134.62355041503906,136.43930334149525,127.55899356542318,127.98565333829643,28146200
2019-01-03,130.7142333984375,136.10194632069562,130.0990506322651,133.64126067594293,22717900
2019-01-04,136.87586975097656,136.92548346138585,132.70857545623448,132.96654555439258,29002100
2019-01-07,136.97509765625,137.78870497792076,134.85176104703956,136.48890751648534,20089300
2019-01-08,141.42019653320312,142.02544740628335,138.45347255860054,138.80075335822818,26263800
2019-01-09,143.10696411132812,143.5733057172067,140.17002031683543,141.83693190722673,22205900
2019-01-10,143.0771942138672,143.43439170578438,139.74335600263245,141.96591985678148,16125000
2019-01-11,142.68032836914062,144.22817926755195,141.45990979769772,142.0353804014832,12908000
2019-01-14,144.25794982910156,145.42876987269327,140.17003421312768,140.8943459779043,20520300
2019-01-15,147.79022216796875,149.50674756683452,144.85327820204645,144.87311157453394,24069000
2019-01-16,146.39120483398438,148.48477637801153,145.8554160895323,147.83984351932185,18025700
2019-01-17,147.14527893066406,147.8398254180553,145.3592914345309,145.8057845235697,15787900
2019-01-18,148.8717498779297,151.2431402222735,147.39336102550274,148.58401454141102,31029600
2019-01-22,146.4209747314453,150.3501322838118,145.23030624650642,148.0382726761916,22378700
2019-01-23,143.17642211914062,147.64138321345908,141.9460718338698,147.12542791447743,20098400
2019-01-24,144.69448852539062,145.29973933254107,141.41026444428644,143.51375210324667,20955500
2019-01-25,147.84976196289062,148.66338448596244,145.39899284678108,146.33167617226147,22237200
2019-01-28,146.32177734375,147.80018142734005,145.07159334593692,146.89726319226193,15508500
2019-01-29,143.06727600097656,146.94683466399238,142.313184003882,146.9369028387817,17632100
2019-01-30,149.248779296875,149.7746513338501,144.5655295359058,145.0814848865154,44613200
2019-01-31,165.39208984375,170.34322609112806,163.7152464126422,164.31058063740673,77233600
2019-02-01,164.4197235107422,167.78332703355187,164.37010980238654,164.54870098449308,30806500
2019-02-04,167.93215942382812,167.9817731340761,162.34599175743284,164.40979795592344,20036000
2019-02-05,169.82730102539062,170.64090838899568,167.37653196797973,167.83294179293438,22557000
2019-02-06,169.16250610351562,171.1270848386497,167.9520042717718,169.8669692977403,13281200
2019-02-07,165.0845184326172,167.9222501889627,163.96331211917226,166.8903394739392,17517600
2019-02-08,166.02711486816406,166.06679675328965,162.93141306907842,163.18938317234253,12561400
2019-02-11,164.4990997314453,166.98956576367348,163.79463649538135,166.592671206755,12811200
2019-02-12,163.7549285888672,167.02923655097888,163.21913989760228,165.56076463790257,16292300
2019-02-13,162.79248046875,164.9257334935379,162.45511636354675,164.09227776533976,14205100
2019-02-14,162.6734161376953,163.58625082978747,160.98665605143856,161.91933925465693,12755200
2019-02-15,161.23471069335938,163.41757759475078,159.6074809879609,163.22905458754357,15504400
2019-02-19,161.02633666992188,162.87185455074814,159.08160651419917,159.25028100750322,14345400
2019-02-20,161.29425048828125,162.44522196991008,159.9944530133293,160.98666667542744,11770700
2019-02-21,158.7938690185547,160.9767512036217,158.34737589523792,160.66915224846838,15607800
2019-02-22,160.6294708251953,161.1454261740566,159.06177140594767,159.32967333669976,15858500
2019-02-25,163.33819580078125,164.7769176135051,161.63158722042746,161.80027685335008,18737100
2019-02-26,162.85203552246094,164.9456069848802,162.52460319251148,163.06039191607837,13784100
2019-02-27,161.5423126220703,162.65358713880127,159.16100576050974,161.6316082228834,12697500
2019-02-28,160.19288635253906,162.22692730701414,159.60748394875688,161.1057210686007,11114200
2019-03-01,161.0164337158203,161.85982139424212,160.43103128208145,161.33394935851342,11097800
2019-03-04,166.0667724609375,166.19576506368998,162.55434325192755,162.62379032573335,18894700
2019-03-05,169.926513671875,170.54169646417552,165.25319559960448,166.06680296493406,28187900
2019-03-06,171.16677856445312,172.21853779560456,169.936443275903,171.55374129875187,21531700
2019-03-07,167.81312561035156,170.40280424585742,166.30495638822273,170.16466748236937,18306500
2019-03-08,168.2794189453125,168.2992523149171,164.67767902511758,164.90588389538485,13184800
2019-03-11,170.73019409179688,172.94282608564137,170.24400399827107,170.26385250861307,18884000
2019-03-12,170.58135986328125,172.446726271351,169.8868133730355,170.75003435805678,12155300
2019-03-13,172.0200653076172,172.67492991081787,170.77979831972704,170.97825314977177,11973300
2019-03-14,168.844970703125,169.8173357009858,166.85062700404814,168.43815953157934,18037400
2019-03-15,164.6876220703125,166.2751700114422,161.24463939572104,165.858442083391,37135400
2019-03-18,159.22052001953125,162.6238054519901,158.0397833952159,162.2963882822019,37524200
2019-03-19,160.3119659423828,162.5444466443645,159.5678057083889,160.2226552079197,25611500
2019-03-20,164.15184020996094,164.82653827216822,159.98454561520686,160.24251573193672,20211500
2019-03-21,164.78683471679688,165.09441850706298,162.47497523708407,163.60609812321184,16223000
2019-03-22,163.06039428710938,166.11641427109546,162.81234086444795,164.36019179945845,16389200
2019-03-25,164.99520874023438,165.243262164075,160.73861864872035,161.7308323440828,12631200
2019-03-26,166.37437438964844,168.13059675582596,165.05474358351418,166.04695721457836,15437900
2019-03-27,164.5784912109375,167.62459471548925,163.5068985353939,166.54308535275763,10620300
2019-03-28,164.26100158691406,165.42188994416603,162.05828568649298,163.28863627861423,10443000
2019-03-29,165.39208984375,165.88819665106104,163.52672340346746,165.09442273136773,13455500
2019-04-01,167.3864288330078,167.58486852209703,165.97748735850328,166.52320785848195,10381500
2019-04-02,172.84361267089844,173.53815918933915,168.22982531127647,168.81522772396372,23946500
2019-04-03,172.18873596191406,176.5743332564893,171.6033335902772,173.14126764896554,27391100
2019-04-04,174.6494598388672,176.61403872708658,174.1632696751247,174.6494598388672,17847700
2019-04-05,174.35177612304688,175.62180832800595,173.73660853188866,175.5027475400342,9594100
2019-04-08,173.5679473876953,174.13351650335844,172.8734007772165,173.84578117186743,7297400
2019-04-09,176.1973114013672,177.7947760706625,174.18311879312262,174.25256587962437,19751000
2019-04-10,176.43545532226562,177.39788872569292,175.1654078004656,176.79263773592098,11701500
2019-04-11,176.12783813476562,177.01090767051508,175.62181462775595,176.8521649941845,8071000
2019-04-12,177.70545959472656,178.2313315849551,176.5644048850026,176.61401859237805,12329800
2019-04-15,178.2511749267578,179.0945625793835,175.49282221014067,177.11013529318535,10834800
2019-04-16,177.47723388671875,178.76711453729467,176.91168003268325,177.60622649376955,11215200
2019-04-17,177.38792419433594,179.33266927070812,176.9711963508225,178.20154651260705,9973700
2019-04-18,176.891845703125,177.4871799403403,175.95916246347767,177.40780103271302,11655600
2019-04-22,180.02723693847656,180.255441825929,176.8620731508558,176.8620731508558,13389900
2019-04-23,182.34901428222656,182.78559068882757,180.06691997316187,181.31711879933349,19954800
2019-04-24,181.15835571289062,183.6984200336972,180.23558921854809,183.05348726817184,37289900
2019-04-25,191.75523376464844,196.93459101797936,190.6241106369084,195.44627031621718,54148800
2019-04-26,189.9989776611328,191.39798725672486,187.6176560631469,191.00110789371584,22075000
2019-04-29,193.26341247558594,193.88851204582767,189.16556443063556,189.46323161360695,19641300
2019-04-30,191.8940887451172,195.8530261409919,190.78281444731803,192.67794590443944,23494700
2019-05-01,191.52699279785156,194.65245962756978,191.50714428636743,193.26336662324573,15996600
2019-05-02,191.03089904785156,192.48945437207544,188.2725462221717,191.49724068974515,13209500
2019-05-03,193.947998046875,194.6326278689575,192.20170752125662,192.86648883169053,14575400
2019-05-06,192.37039184570312,192.76727125907584,189.06631849644725,189.75094835349745,13994900
2019-05-07,188.2924041748047,191.39802286100868,186.38735562602093,191.04082531186296,16253000
2019-05-08,188.06414794921875,189.23496780069607,187.08186623295467,187.9153219740203,12505700
2019-05-09,187.1810760498047,188.2923654966375,184.80968632286812,185.74236946182657,12967000
2019-05-10,186.87350463867188,188.5205828381154,183.15270366160382,186.78420904881693,12578500
2019-05-13,180.12646484375,183.98617545416812,179.4319182955988,182.07121031855266,16833300
2019-05-14,179.32278442382812,182.06130402715382,176.71327259106823,181.09885549119952,17628100
2019-05-15,184.81964111328125,185.82177145095366,178.61830579109815,179.01518519572633,16746900
2019-05-16,185.53402709960938,187.1116430949908,183.6091302871413,183.6091302871413,12953100
2019-05-17,183.857177734375,186.11942346505776,182.84511565276085,183.40075283012467,10485400
2019-05-20,181.2972412109375,182.79547805695395,179.95774700915234,180.4637855538148,10352000
2019-05-21,183.38092041015625,184.2540580619783,182.45815391155378,183.1328670161202,7502800
2019-05-22,183.8770294189453,185.28597089728876,182.18033752165732,183.29161189556703,9213800
2019-05-23,179.461669921875,182.46807593433465,178.27101662366948,180.99960403788043,12768800
2019-05-24,179.65017700195312,182.20017300834763,179.42197213219046,180.91029240799145,8807700
2019-05-28,182.8748779296875,183.27177243573908,180.03714655632237,180.12644214269247,14843300
2019-05-29,180.7714080810547,183.12294959671493,179.93795224512178,182.07120554565978,12797700
2019-05-30,181.58502197265625,182.0513636181961,179.4815337944626,181.65448419815255,8581500
2019-05-31,176.08816528320312,179.13425344749643,175.78058146081298,178.87628333774524,15226500
2019-06-03,162.8718719482422,173.68701030573672,159.75632155211554,173.63739659299998,56059600
2019-06-04,166.19578552246094,166.96971095429262,159.58763901376403,162.43530246984187,46044300
2019-06-05,166.8605499267578,167.40627040411377,163.34812064155474,166.17592015880012,19758300
2019-06-06,167.0193328857422,168.37866080138633,165.92789176662538,166.98956768612805,12446400
2019-06-07,172.00022888183594,172.51616903885096,167.5253359794175,168.84498184789277,16917300
2019-06-10,173.4587860107422,176.475108644315,172.44672391593448,173.38932379267737,14767900
2019-06-11,176.7132568359375,178.57860819974294,175.41344423895202,177.09028772714373,15266600
2019-06-12,173.6770782470703,177.87415307132238,171.53390817551417,176.99108348971458,17699800
2019-06-13,176.08816528320312,176.64380252880846,173.25043351602207,174.16326829665647,12253600
2019-06-14,179.9180908203125,180.42411429724524,178.59844493813893,179.10446841507166,16773700
2019-06-17,187.5382843017578,188.0244744089328,182.97411089349598,183.56942996067215,29459900
2019-06-18,187.0025177001953,193.01533031426763,185.8217809719573,192.48945826320056,37571400
2019-06-19,186.0202178955078,186.63540067695106,183.11303905828848,185.5439595646964,21417100
2019-06-20,188.05426025390625,189.67157342027474,186.17897697743373,189.46320188289803,14635700
2019-06-21,189.65171813964844,190.50502249182557,187.2803281006879,187.2803281006879,22751200
2019-06-24,191.100341796875,192.46958624375878,190.0783630194278,190.92173547946894,15509000
2019-06-25,187.36961364746094,191.63613517952635,186.66515046587438,191.3781650924631,16750300
2019-06-26,186.1988067626953,189.27465982141456,185.8515259486567,188.06415802502235,12808600
2019-06-27,188.02447509765625,197.33144340638594,186.80405662249586,188.4015211062334,11159000
2019-06-28,191.49722290039062,191.69566259042654,188.46105173690523,189.0663026325004,16378900
2019-07-01,191.49722290039062,193.75946867475142,190.43554709173276,193.6900215962289,14181800
2019-07-02,193.4816436767578,193.4816436767578,191.2094812920926,191.49721656212438,9050000
2019-07-03,195.6645050048828,195.86294468280312,192.64818253655406,192.64818253655406,10246100
2019-07-05,194.8707275390625,195.53552391473016,192.6580956483325,194.65243935540553,11164100
2019-07-08,194.23574829101562,195.14858307741636,192.13226009365653,193.6701943553017,9723900
2019-07-09,197.6588897705078,197.90694318538272,193.3725194942796,193.45189840383705,14698600
2019-07-10,201.1514892578125,201.3797093210524,198.11531760582054,198.44274996005225,20571700
2019-07-11,199.66310119628906,202.21309693919744,198.6510544141005,201.67729321688566,13678500
2019-07-12,203.27479553222656,203.70145525331952,197.60926435057237,198.12520452215628,15366300
2019-07-15,202.32228088378906,203.73122239343607,200.24855807212413,202.65962987765283,16030300
2019-07-16,202.25282287597656,203.87013593903205,201.51859447874432,202.30243658551404,12132700
2019-07-17,200.22872924804688,202.76879391744066,200.02035770783237,202.5901875772597,12083700
2019-07-18,199.21665954589844,200.8935030713905,197.8275664632312,198.59156008870863,11937900
2019-07-19,196.8155059814453,200.7545954984619,196.52777067611243,200.60575436261726,12098300
2019-07-22,200.74464416503906,200.99269754198875,197.26196506308028,198.3534059776496,13589000
2019-07-23,200.7843475341797,202.64971397328844,199.39525453057416,201.26060582970467,14583700
2019-07-24,203.06643676757812,203.21526274994375,195.68436524268566,196.09117644778885,32532500
2019-07-25,199.147216796875,207.0353126208322,196.71628113932098,205.0905671227849,39889900
2019-07-26,198.1946563720703,201.30028962459562,194.7219089512831,198.63123275593708,24434000
2019-07-29,194.4143524169922,198.07562334750392,193.7793362623763,197.4505238793738,16530800
2019-07-30,195.50575256347656,197.16276252645497,191.99332323411687,193.8686062508045,11903600
2019-07-31,192.71763610839844,197.21236233773257,191.17970205770425,195.41645821104208,14593500
2019-08-01,191.2293243408203,196.9246358984572,189.39373825086943,192.65811435806566,17777000
2019-08-02,187.5482177734375,191.1201776277815,186.60561788715137,189.61202386571483,15297000
2019-08-05,180.31500244140625,184.22432707984652,177.9436121596086,183.2519618338323,23086700
2019-08-06,183.07333374023438,184.34336599152593,181.66439218458214,182.25972642611572,18035700
2019-08-07,183.7083740234375,184.91887603775183,179.80898116255824,182.17045478720107,15833200
2019-08-08,188.6793670654297,188.8579582701457,182.61694055233937,185.16692197288071,14828900
2019-08-09,186.3873291015625,189.49294734581133,185.66300227944083,188.52058226594917,11058800
2019-08-12,183.9266357421875,186.12935121191248,183.0237328453012,185.39512281532316,10930900
2019-08-13,186.982666015625,189.88985998710254,183.9266460473053,184.07548718412679,13577000
2019-08-14,178.31069946289062,184.5417991965045,177.9138049684069,184.35327620412184,18903700
2019-08-15,181.16830444335938,181.77355543466942,178.62823967326483,179.54107450376878,12925900
2019-08-16,182.2696533203125,183.65876158169613,180.94009059840005,182.3192670332154,12654600
2019-08-19,184.72039794921875,186.0400438101091,183.41068391358388,184.5616401449062,9691200
2019-08-20,182.37876892089844,184.55171900251798,180.9698275066012,184.00599852585918,10083400
2019-08-21,182.12081909179688,184.45251209307207,181.71400786034766,183.55952586109075,8398200
2019-08-22,180.62255859375,182.67644803012516,178.50915390325136,182.001734903691,10821400
2019-08-23,176.36599731445312,181.7041122326745,175.2844879406068,179.43193422488963,17323400
2019-08-26,178.95565795898438,179.09456726705497,176.85216982535022,178.0031261750868,8773600
2019-08-27,179.88833618164062,182.60699186900402,179.60058574729803,180.51342048042534,14399600
2019-08-28,180.34474182128906,180.5332648311725,177.52685877876382,179.12432330990987,9386100
2019-08-29,184.12509155273438,184.63111505629817,182.0414368628062,182.3391039813643,10128700
2019-08-30,184.2243194580078,185.34552580568567,182.03153561659624,185.325677292104,10774500
2019-09-03,180.9698486328125,184.22430822265585,180.69203001953164,182.56731322916687,9779400
2019-09-04,185.682861328125,186.28811225850544,182.45816697478202,183.21224389624834,11308000
2019-09-05,189.41355895996094,189.86998385050498,186.4766153563826,187.0620177120988,13876700
2019-09-06,186.03012084960938,188.72894287197545,184.89899802699838,188.72894287197545,15226800
2019-09-09,187.29022216796875,187.5085103577431,184.4028922759119,186.2682434340148,14722400
2019-09-10,184.72039794921875,186.63537800629246,183.11301681549222,185.98051341848625,15455900
2019-09-11,187.0223388671875,187.96493871863368,184.63110056048305,185.00814655705247,11761700
2019-09-12,186.01028442382812,189.4433349944387,185.77214770992174,188.38167431739254,11419800
2019-09-13,185.73248291015625,186.50640837656061,185.08753492816635,185.8713922210499,11441100
2019-09-16,184.77003479003906,186.3278024124639,184.3235416569863,185.47449803241622,8444800
2019-09-17,186.61553955078125,186.85367627008114,184.0953084764538,185.20659802654154,9671100
2019-09-18,186.67507934570312,187.60776261828698,184.56165938293236,186.6254656341867,9681900
2019-09-19,188.6595001220703,189.61203187411297,186.6849895362617,187.19102818015065,10392700
2019-09-20,188.45114135742188,191.5964721193446,186.6552369772569,189.1754682614503,19934200
2019-09-23,185.3653564453125,188.6198159198237,183.7678919055694,187.86572387623167,13327600
2019-09-24,179.86849975585938,186.57585897083138,178.98543016143273,186.51632857075447,18546600
2019-09-25,181.3766632080078,181.99183084303726,176.48504190695024,180.03716868788584,18068300
2019-09-26,178.70758056640625,179.98752936619795,176.28657711628037,179.9180822914692,16083300
2019-09-27,175.72100830078125,179.3524980265619,174.29221850835407,179.08461129546365,14656200
2019-09-30,176.69342041015625,177.2788228691604,175.4730017783385,176.48504886814843,10740000
2019-10-01,174.4410858154297,178.43970576115325,173.51833435409935,177.75507589501558,17073000
2019-10-02,173.24050903320312,175.1554741070558,171.7422567348218,173.47863061918676,16151700
2019-10-03,177.98330688476562,178.4397167302611,172.2780778362104,174.2029749289024,16086300
2019-10-04,179.04493713378906,179.57080911896514,176.7132443093235,178.15195096952186,10430200
2019-10-07,178.2809295654297,179.7692499419264,176.70331359993784,178.598445179605,9178300
2019-10-08,176.36599731445312,178.96559254259247,176.33623211260272,176.8720208858906,9466900
2019-10-09,178.44964599609375,179.31286709930063,176.55451413183079,177.76501609769656,7556900
2019-10-10,178.62820434570312,180.19590357282038,177.77490008638557,178.9159547538327,8605000
2019-10-11,182.75582885742188,185.03792320851088,180.72178791101695,180.73170459681214,14930500
2019-10-14,181.8529052734375,183.18246784831845,181.1484421040507,182.76573995798162,7006000
2019-10-15,187.41920471191406,188.89760825602724,182.22993242079562,182.36884170319726,15039100
2019-10-16,188.07411193847656,188.2229379391271,185.4447365204725,186.85369331320297,10516900
2019-10-17,188.9075927734375,189.35408597434272,187.30021119418606,188.81829716125281,9603000
2019-10-18,184.40289306640625,189.99897684465836,182.48791305517258,188.74877809059558,16874200
2019-10-21,188.28244018554688,188.43128130392094,185.29588281256093,185.58361808412022,8122600
2019-10-22,180.92022705078125,189.16551977474407,180.08677124719893,188.5205869805388,19537600
2019-10-23,184.7005615234375,184.92878155956058,180.58288100701617,180.59279769294298,12300400
2019-10-24,184.9287872314453,185.2760529292764,181.37666050347596,183.182481496143,11413500
2019-10-25,186.42701721191406,187.52837494017774,183.64881603665648,184.38305956882508,8061200
2019-10-28,187.9252471923828,188.05423980339688,183.63889237228332,185.74238033048172,13657900
2019-10-29,187.8359375,191.0308662192543,187.0024817836667,190.19741050292103,13574900
2019-10-30,186.78419494628906,188.96706166002988,184.5318660190314,188.0839922337448,28734600
2019-10-31,190.15771484375,196.54757232794816,186.78419493543538,195.1683961422577,42286500
2019-11-01,192.11241149902344,192.59860166178294,188.4313071552058,191.34841785180365,21711800
2019-11-04,193.20384216308594,195.83320226631028,192.3009241125528,193.0351676602356,16371300
2019-11-05,192.80694580078125,194.22580392111288,192.09255082803412,193.84875792439152,9942000
2019-11-06,190.05853271484375,192.85656740909667,189.86009300758838,192.5192183927646,10973000
2019-11-07,188.93731689453125,191.93380628501296,187.99471697758543,190.41572064804228,13473000
2019-11-08,189.3540802001953,190.84240091781575,188.22295706040302,188.52062423192336,10760800
2019-11-11,188.13365173339844,188.59999341203036,187.0719757424762,188.45115226396757,8631200
2019-11-12,192.95578002929688,193.54118241978134,188.26261393985592,188.52058402549875,17615500
2019-11-13,191.6857452392578,194.17619589151252,191.23925215323305,193.18398230480068,10860700
2019-11-14,191.64605712890625,192.51920997060702,189.95929698105766,191.42776891848106,9040500
2019-11-15,193.58090209960938,193.77934181486674,191.8742932964324,192.74743107156078,11524300
2019-11-18,195.86294555664062,197.0833791042505,191.5468257677041,193.04506275366026,16167200
2019-11-19,197.7680206298828,198.44271860595367,195.3271685294393,195.8629572080851,19056800
2019-11-20,195.97210693359375,198.03591308312716,193.90830078406032,197.0337827757966,12355400
2019-11-21,196.38882446289062,197.5397958366302,195.32716381675212,195.8828009930464,12131000
2019-11-22,197.27194213867188,197.74820049246765,196.0812735442123,196.8353656727007,9959800
2019-11-25,198.23435974121094,199.4051797284967,197.69857102837094,197.96647295478036,15272300
2019-11-26,197.4207305908203,198.5915353086941,196.49796411963518,198.44270933268547,11735500
2019-11-27,200.42713928222656,201.55826213594298,197.86722647855726,198.34348474854906,12736600
2019-11-29,200.06996154785156,202.21314668437972,199.64331694177233,200.03027966309168,7985200
2019-12-02,198.1450653076172,200.60575095060796,196.5079188210261,200.55615237948257,11503400
2019-12-03,197.27194213867188,197.38107111518457,193.56105731789708,196.06144017029004,11595300
2019-12-04,197.1627655029297,198.47247954484402,196.50790091198374,198.4427143488899,8456300
2019-12-05,197.80770874023438,199.72267376788747,196.66666912831428,198.3038155523698,9740400
2019-12-06,199.48455810546875,200.00051344458964,198.502261137908,198.938837567935,12270600
2019-12-09,199.7722930908203,201.55828069269086,198.6511019590734,199.08766324843836,11954800
2019-12-10,199.30592346191406,200.47674327975056,198.59152852153372,200.08978061537593,9475700
2019-12-11,200.68511962890625,201.05224896037808,198.7205409171607,198.7205409171607,8036800
2019-12-12,195.21804809570312,202.07424848833924,192.58868781139714,200.77445094628683,23734800
2019-12-13,192.59857177734375,195.26762863512207,191.66588862288083,194.8707341332351,18798000
2019-12-16,196.37892150878906,197.56957484695494,193.29313648755445,193.74956142284032,14911500
2019-12-17,196.8452606201172,197.45051153746434,194.60286327616436,197.29175372373888,10175700
2019-12-18,200.9232635498047,202.70925114268758,198.53202502655532,198.53202502655532,23274400
2019-12-19,204.4555206298828,204.69365733103916,200.93315951766147,201.20106141396522,16514600
2019-12-20,204.69366455078125,206.09268933196256,201.84600128143063,205.8644693078134,27306900
2019-12-23,204.5745849609375,206.96582327912705,204.07847817990123,205.09054025240894,13348900
2019-12-24,203.52285766601562,205.17985263350567,203.40379687361448,204.69367763788193,6046300
2019-12-26,206.1720733642578,206.2018537033605,203.7113876835131,203.9693729292224,9350700
2019-12-27,206.47967529296875,207.30319933387474,204.98142292895696,207.04522922443257,10284200
2019-12-30,202.8184051513672,206.28122125942733,202.3123664770239,206.24153937319426,10524300
2019-12-31,203.65185546875,203.95943928360214,202.01470897164327,202.41158838306944,8953500
2020-01-02,208.14657592773438,208.15649261372965,204.66391150608143,205.1401698134919,12077100
2020-01-03,207.0452117919922,208.76173709486574,205.33860317480784,205.59658840250805,11188400
2020-01-06,210.94464111328125,211.12323231415454,204.9119799307813,205.0905711316546,17058900
2020-01-07,211.4010009765625,212.90916970071976,210.10120374415425,211.16287943167924,14912400
2020-01-08,213.54421997070312,214.55628211870993,210.95454177490646,211.34150448738282,13475000
2020-01-09,216.60023498535156,216.67961389127672,214.59595924568188,215.84614294905182,12642800
2020-01-10,216.36209106445312,218.1679270491792,215.72707497817117,217.49321394126716,12119400
2020-01-13,220.18212890625,220.24165930128555,217.50315514980076,217.89011785751035,14463400
2020-01-14,217.3543243408203,220.64848099563872,216.92767972949216,219.8844722297958,13288900
2020-01-15,219.4280242919922,219.9538962713182,218.425894039687,218.8922356273878,10036500
2020-01-16,220.043212890625,220.89651718671533,218.6739532866718,220.83698679349612,10015300
2020-01-17,220.4103546142578,220.55918061590063,218.8128899233792,220.3012104997265,15905900
2020-01-21,219.71578979492188,220.63854120844226,217.41384689413272,220.4301848234441,14275800
2020-01-22,219.5967254638672,221.01558367210345,219.55702844071217,220.5790072572682,12212800
2020-01-23,218.0488739013672,219.76541447669973,217.5626988854463,219.03117089962214,11195000
2020-01-24,216.2430419921875,220.0531387162507,214.42728922369366,219.08077359333404,11905800
2020-01-27,213.19691467285156,214.37765118667988,210.84537347000224,211.44070763932004,13810700
2020-01-28,216.09420776367188,217.03682285882238,211.85746630853654,214.45706126995194,13413800
2020-01-29,221.49185180664062,222.45430027118508,216.74907170753525,219.71579601102562,33181300
2020-01-30,207.89852905273438,209.7837289696415,203.15574892158747,204.92188804289427,48775500
2020-01-31,200.3378448486328,207.06505161840613,199.4944572611041,206.80706640152664,31359900
2020-02-03,202.60012817382812,203.54272820897845,200.9232845127814,201.85596786081783,15495600
2020-02-04,208.19618225097656,208.96019096490863,203.60222842171876,205.0111699219711,19628900
2020-02-05,208.4739990234375,211.07359379720026,207.08490604661267,210.85530559513091,12538200
2020-02-06,209.20826721191406,209.54561624036785,207.7100148173451,208.8312211565953,10567500
2020-02-07,210.67672729492188,211.1629174365227,208.29540543766888,208.66253478539966,12242500
2020-02-10,211.4010009765625,212.1352443998969,209.01969468787306,209.87299888364907,11856400
2020-02-11,205.57676696777344,209.21818957243212,204.90205375258859,208.55340818422275,25030800
2020-02-12,209.1189422607422,209.57536719879477,205.7851038096818,206.2316120616819,13813700
2020-02-13,211.4803924560547,212.66112898628327,207.55122019193055,207.8885843005509,15396600
2020-02-14,212.5122833251953,213.25644346126913,210.9941978588029,212.33369215972644,10741700
2020-02-18,216.10414123535156,216.28273242948998,211.7383919855589,211.8872331206534,15609200
2020-02-19,215.79653930664062,216.62007840377584,214.42727970658711,216.2926461020249,12135100
2020-02-20,212.9091796875,217.06655677332367,211.29186679941705,214.83407634546887,13109200
2020-02-21,208.54345703125,212.5718571551109,207.20397769196722,211.81776509390582,14092300
2020-02-24,199.15708923339844,202.06426743803658,196.62694185278957,200.22868159953782,23080100
2020-02-25,195.23788452148438,201.91547815950642,194.4242620597452,200.6752110946446,21433500
2020-02-26,195.6645050048828,199.6432909480778,193.96782834769067,195.65458831997873,16524500
2020-02-27,188.27256774902344,194.3548431619413,188.02451430007875,190.3264575734764,21682600
2020-02-28,190.9713592529297,191.23926117317146,180.4042901120362,181.27742781433986,32568900
2020-03-02,194.9104461669922,195.03943878253864,187.37954841583093,192.51920770635363,24949000
2020-03-03,184.4425811767578,195.70421132887967,182.53753292619203,194.69214924139928,27984100
2020-03-04,190.2668914794922,190.33635370488574,184.93870881639302,187.6970616595599,23062500
2020-03-05,183.7281951904297,187.5184585064804,182.4581629611719,185.32565973285247,19333400
2020-03-06,179.67996215820312,182.3490192383938,174.8875685209055,176.94145799688096,24559600
2020-03-09,168.18019104003906,173.6373653805713,163.903753206491,168.2794184476758,29949000
2020-03-10,176.80252075195312,176.90173301502938,168.18018326987993,173.3099250961818,24517800
2020-03-11,168.91445922851562,174.51054367524623,166.35454616437582,172.6550938325682,20373900
2020-03-12,153.2672576904297,165.30281520624732,153.13826505938434,158.2977734814563,43266300
2020-03-13,168.95413208007812,169.4601555701285,156.3728707888146,162.25669022128017,35028600
2020-03-16,144.87307739257812,157.89092788295184,141.98574781908107,151.13395685037483,39120400
2020-03-17,148.25656127929688,152.7413712017619,138.9099105437907,149.56629056018528,34255600
2020-03-18,145.81573486328125,147.0262216721567,136.03250698448755,138.66186728488157,37553100
2020-03-19,151.9376678466797,158.68470796752493,143.67252704466907,145.4783478577257,39862300
2020-03-20,148.5641326904297,158.0298585688612,146.84760746399692,154.80516448603694,32568400
2020-03-23,146.94683837890625,151.12404910429632,141.1423828354806,148.494689153159,29830800
2020-03-24,159.7265625,160.05399484868934,151.3820565118102,154.001500161345,30440400
2020-03-25,154.9936981201172,161.72090533404412,151.86821609525333,157.68258858451526,35184300
2020-03-26,162.0681610107422,162.72302560102386,155.7973791164667,157.01779756928065,26556800
2020-03-27,155.56915283203125,158.84346051165588,153.54504389079577,156.96817754404913,24879900
2020-03-30,164.65785217285156,165.45162612076703,156.82928708074246,157.94056152383686,22515200
2020-03-31,165.50123596191406,169.59906794500858,162.9214744764971,164.19150670747757,23676300
2020-04-01,158.3572998046875,162.87185966361065,156.80943383993798,160.36156041626128,19507600
2020-04-02,156.95828247070312,160.09368129332805,154.70595320647797,157.86120054164533,20886300
2020-04-03,152.97947692871094,156.68044434817855,149.65557064068878,155.92635236524197,25983300
2020-04-06,164.26100158691406,164.9059345165047,157.27580778774657,158.9030378534649,28453600
2020-04-07,167.5154266357422,172.03991830310687,164.71737697093712,170.45237046123444,31411900
2020-04-08,172.92300415039062,173.6373992327179,166.43393314922756,169.91659782058824,21664200
2020-04-09,173.82589721679688,175.7011802527379,170.2340889492218,174.53036037094571,23534300
2020-04-13,173.4290008544922,173.63737236291774,168.13058409712687,172.31772651616228,19355400
2020-04-14,176.78269958496094,179.81887085223931,175.24476543964624,177.58639019806657,21011800
2020-04-15,175.59202575683594,176.8025274480345,171.4743457538087,173.82588692344328,17423000
2020-04-16,174.87767028808594,176.66365803391773,171.16678547952324,176.5644306047126,23593200
2020-04-17,177.84439086914062,178.87628646617208,175.28447767999108,177.80469384234343,20974800
2020-04-20,176.85220336914062,179.0946012361639,175.39364778776388,176.0286640508136,16110700
2020-04-21,169.47007751464844,174.01441739437823,167.02922551794623,173.88542478797388,24850500
2020-04-22,180.86070251464844,183.34123663421514,176.75293861824514,177.06052242667482,33242000
2020-04-23,183.6885223388672,185.59357077642403,181.72392836327927,182.64669495302132,21426600
2020-04-24,188.59007263183594,188.927421669488,179.4220122334275,181.80331915094598,28792000
2020-04-27,186.04005432128906,192.24138946533202,185.95075872880966,191.15988024980575,29197800
2020-04-28,181.48580932617188,187.7268267628058,181.13852847934092,187.19103803281624,21731000
2020-04-29,192.677978515625,195.37680095847062,188.52060074006582,189.4433522028139,45954500
2020-04-30,203.1160430908203,208.0572623454353,200.00049314008223,205.30882656450473,46230100
2020-05-01,200.69505310058594,205.6660378850065,197.50012403387927,200.03027179216886,30415600
2020-05-04,203.66177368164062,204.30672165501633,197.21238478775865,198.64117490356918,19250700
2020-05-05,205.4576873779297,208.74191213072285,204.89211833132651,205.40807366752924,21071200
2020-05-06,206.8468017578125,209.9524356413691,205.05089729197906,206.49952088917917,21857000
2020-05-07,209.61505126953125,209.95241541855825,207.4123357446047,209.5158389880353,15152000
2020-05-08,210.69656372070312,211.54986802110636,209.20824332278897,210.58741961925696,12506000
2020-05-11,211.5200958251953,213.32593191135558,208.73197792819232,209.24793325852076,12911900
2020-05-12,208.46409606933594,213.60375556211332,208.36486864732183,211.62924492787246,14704600
2020-05-13,203.50303649902344,209.13880306370265,200.536312077277,207.79930850893902,20684600
2020-05-14,205.19972229003906,205.3187830947086,199.12737901220757,200.98281387154935,17178900
2020-05-15,209.23800659179688,209.69441636456455,202.53063303740763,203.6716877492825,19383200
2020-05-18,211.530029296875,212.96873605342822,209.2975485967128,210.49811862818973,20151900
2020-05-19,215.1912841796875,218.77317577753564,211.17281618808852,211.6093925818394,31843200
2020-05-20,228.1793670654297,229.53869487802802,221.4521599429684,221.75974374231737,50162900
2020-05-21,229.5883026123047,235.35306116357182,229.39977960729271,232.89237569283694,47782600
2020-05-22,233.08090209960938,234.1524946121766,226.95894596001787,229.70736675116186,33925600
2020-05-26,230.3920135498047,239.02426954087372,229.86614151041633,237.90307837726152,33178300
2020-05-27,227.35585021972656,228.7647918792839,219.40822380701874,227.28640313241405,34697600
2020-05-28,223.7045135498047,229.82647042856408,222.2558748468013,222.5535419928957,29377200
2020-05-29,223.33737182617188,225.71869372327163,221.14458808915265,223.44651593570535,23241500
2020-06-01,230.10427856445312,230.63015060457363,221.75975786747784,222.84126714697254,18223800
2020-06-02,230.907958984375,231.1857775917419,224.79591934234608,229.1418199204089,20919000
2020-06-03,228.36788940429688,230.83849161760028,226.75057636604603,230.30270292675684,15380300
2020-06-04,224.52801513671875,229.8264474146918,222.86110350947578,227.7725579382905,17041500
2020-06-05,228.97314453125,229.54863025570177,223.55565142863753,224.94475960006616,16750400
2020-06-08,229.5982208251953,229.74706194907915,225.63929825351963,227.24667943961484,15466500
2020-06-09,236.81166076660156,237.90310197926098,228.61598040420344,229.71733830425765,27462900
2020-06-10,234.88673400878906,239.3318620782933,233.44802723887338,239.0838086648603,20720700
2020-06-11,222.6824951171875,231.07662899070073,221.80935742815382,228.14960184432616,26708200
2020-06-12,226.8001708984375,229.85619039294693,222.75193787220334,228.10988488752614,22091400
2020-06-15,230.68966674804688,231.94978228517638,223.0496248987954,223.33736018712725,15340300
2020-06-16,233.8151092529297,236.60324195361252,231.18574948855698,235.29351284382756,15236700
2020-06-17,233.69607543945312,235.7400330981517,229.925660611379,233.17020342590362,19578100
2020-06-18,234.10287475585938,234.30131444409122,230.3423768049626,233.16027488177477,15782500
2020-06-19,236.93069458007812,238.95481893657268,233.71593199267232,235.93848091433975,30081300
2020-06-22,237.35736083984375,238.8258328662226,235.0653496315149,236.70249616889853,18917800
2020-06-23,240.35382080078125,243.28084780615615,237.9923476578794,239.40128911138243,24017900
2020-06-24,232.1978302001953,241.3261922642483,230.86825247388322,239.32191655919164,20834900
2020-06-25,233.84490966796875,235.45230610298375,230.92781420586104,232.79316560381045,18704300
2020-06-26,214.3975372314453,231.2750867486719,213.72282404542958,230.82859361350327,76343900
2020-06-29,218.92202758789062,219.03117169920628,205.4973775959621,208.1168211275584,58514300
2020-06-30,225.30198669433594,225.72863134573282,216.76894226659294,218.87243060181214,33927100
2020-07-01,235.70033264160156,237.13903926605707,225.7881137925992,226.72079695520517,43399700
2020-07-02,231.60252380371094,238.1312918726846,230.7988331160374,237.13907815654844,30633600
2020-07-06,238.4091033935547,238.52816419114757,230.46147721466446,231.9398659180404,26206200
2020-07-07,238.98455810546875,245.72168150044317,236.96044910941646,237.5458514748459,27887800
2020-07-08,241.6833953857422,245.0668474636678,234.74781673128183,236.25598567293406,29791300
2020-07-09,242.59622192382812,244.61041429342896,237.3771839087014,243.0923287171284,22174900
2020-07-10,243.1617889404297,243.57851682658566,237.45656086428355,241.79252935736176,22982700
2020-07-13,237.13905334472656,248.2022290661148,236.563567632783,245.08667892902588,24674900
2020-07-14,237.86337280273438,238.45870704554085,230.22333076660445,234.9164970668019,23378100
2020-07-15,238.4091033935547,242.91376200888993,236.1964711117376,239.66921901467015,19133600
2020-07-16,239.0540313720703,239.87757053195742,234.48985759074168,236.1468525967872,18880700
2020-07-17,240.14547729492188,242.25889729163046,236.00794803966005,239.1234984091847,18152400
2020-07-20,243.50909423828125,244.13419373923455,233.80524507290616,238.1908279866254,20872200
2020-07-21,239.86764526367188,244.98747123257405,238.21065031691052,244.30284140487475,19364200
2020-07-22,238.0022735595703,240.01646597475658,236.26589974372158,238.38923626150319,15427900
2020-07-23,230.78890991210938,240.53244045663342,229.9455222212178,237.76417092837667,21771800
2020-07-24,228.91360473632812,231.67195731407605,225.13325822886,228.39764942869834,18325800
2020-07-27,231.68190002441406,233.1206068680901,229.03269124992605,229.65779072861835,13163100
2020-07-28,228.32818603515625,233.1305113076569,228.04045075621468,232.8030790068061,14170100
2020-07-29,231.47349548339844,231.88030667788055,228.5167033044342,229.3402423786379,13588300
2020-07-30,232.67410278320312,233.06106550419435,227.21692766462053,228.42742953848625,20615300
2020-07-31,251.69482421875,253.85785775778805,247.0611884844534,253.82809256073517,53005100
2020-08-03,249.99815368652344,253.4113558672022,248.38084061958932,250.68276837586004,23124900
2020-08-04,247.88473510742188,250.83161082477696,245.50341329118677,249.60126046272325,17183500
2020-08-05,247.1802520751953,250.30573406098853,245.84077277269392,248.2419279153794,13050100
2020-08-06,263.2144470214844,264.52417636220866,246.7337769905804,247.10089121185337,45241600
2020-08-07,266.34979248046875,276.71843559418903,261.378793191007,262.02372590545957,72766400
2020-08-10,260.9521789550781,271.7276042056883,257.6679543343518,265.95294401876475,30248800
2020-08-11,254.13568115234375,263.84946103998055,253.1434675252499,258.16406605594824,28238300
2020-08-12,257.8664245605469,261.84518077653547,256.10025516377686,256.9535746633376,21415700
2020-08-13,259.2654113769531,263.09537176343133,257.5489011631833,259.51346478633786,17374000
2020-08-14,259.2058410644531,260.6048657115338,256.6657769659094,260.2675167603158,14792700
2020-08-17,259.12652587890625,262.04363649322056,257.3802201288519,260.4560885640764,13351100
2020-08-18,260.2973327636719,263.0854507776414,257.2413279573134,258.9181714962435,18690400
2020-08-19,260.5452880859375,265.8238701349059,259.3149532775114,259.35465028809045,23291500
2020-08-20,266.9154052734375,267.53057289532575,259.4241740031318,259.4638710277575,20299700
2020-08-21,264.93096923828125,268.3838532680804,264.34556683414814,266.59788085818127,15538600
2020-08-24,269.2768859863281,275.0912436348155,266.67726070148495,268.95937034055146,23685600
2020-08-25,278.63348388671875,280.88579829013565,268.1557086825143,270.2889622758773,42127200
2020-08-26,301.54364013671875,302.29773216562353,281.78866364018035,281.78866364018035,69015200
2020-08-27,290.9368896484375,298.8845307287282,289.7462211483339,297.82285484879753,30301300
2020-08-28,291.3734436035156,294.9156533521209,288.7143184756924,292.70300616742725,17157400
2020-08-31,290.9170227050781,294.56836127343684,289.2798461363718,291.6611828617794,17345100
2020-09-01,293.13958740234375,299.1424675498005,290.43083338283753,292.4152605760405,17295900
2020-09-02,300.14459228515625,301.23603322218395,290.76816233153926,296.5527841578091,24341400
2020-09-03,288.8531799316406,295.28273410444615,281.42151074661865,293.68525467554446,32294100
2020-09-04,280.52862548828125,286.74979526681267,269.0288708964707,285.0134210740205,30333700
2020-09-08,269.0486755371094,277.12527945997186,267.3222333565382,269.16773633853364,24864000
2020-09-09,271.5887145996094,276.3116611433854,269.23717315355583,273.6227404185277,22918800
2020-09-10,266.0025939941406,276.98640802674254,264.950849788594,273.36483371292917,24814700
2020-09-11,264.5340881347656,269.2768988349684,260.595028693732,267.95723761672286,18913900
2020-09-14,264.0776672363281,274.4860094229294,263.6311892443126,268.8403111108716,24093800
2020-09-15,270.2988586425781,272.38248310509124,267.2031265875012,268.5624847371786,18478500
2020-09-16,261.46807861328125,270.318635950066,259.7515687162689,265.2087427156896,29183400
2020-09-17,252.8358612060547,259.4638403775739,248.24190767694782,256.2689115716691,31281400
2020-09-18,250.563720703125,257.18179930634693,248.10303500311386,256.388010190241,28130800
2020-09-21,246.21780395507812,248.00379150058308,242.22911610009183,245.61255304076752,24709400
2020-09-22,252.76641845703125,253.33198748485088,246.28726476136234,251.3376284288325,30293100
2020-09-23,247.0810546875,255.9811974630854,246.21781849122172,253.27245835747246,19641300
2020-09-24,247.58706665039062,250.2759722576186,243.70750771146652,244.58066055336698,20006800
2020-09-25,252.8358612060547,253.75861252988346,244.68978139150155,247.4580505029649,18351300
2020-09-28,254.82029724121094,257.5786497646431,252.83587009399483,257.3801949379394,18826300
2020-09-29,259.7515563964844,261.27954324228597,254.89961830001843,255.80253613432856,20200200
2020-09-30,259.8607177734375,264.0081630667946,258.0747455292031,259.9401118127102,20142500
2020-10-01,264.55389404296875,266.24063884854394,262.73812635584693,263.2838619564372,20009800
2020-10-02,257.916015625,263.0854402034157,257.16192357012176,259.1761160451637,16367600
2020-10-05,262.5893249511719,262.80761315583914,258.80899353212766,260.1584197827861,12822300
2020-10-06,256.64599609375,263.62125710707375,256.2292530217347,259.7416979545767,18696900
2020-10-07,256.1102294921875,258.1541875638792,252.83593595830246,257.1917389355612,23133400
2020-10-08,261.7063293457031,262.5596187046491,257.13220784635115,257.7275422000146,16312800
2020-10-09,262.39093017578125,262.6885821795816,260.1286841070195,262.46036212336156,14107800
2020-10-12,273.6029357910156,277.99843534360474,265.78428676115146,268.09616170666186,31019300
2020-10-13,273.9898986816406,276.92684268053154,271.2613110760602,275.41865851572834,18063300
2020-10-14,269.7034606933594,276.579492467608,269.3859451298855,275.4582864515571,15577800
2020-10-15,264.6432189941406,266.9451618689203,261.6169795530416,265.5163718280196,15416100
2020-10-16,263.8593444824219,269.25698866587527,263.2342450954479,265.2980662549797,16622700
2020-10-19,259.3646545410156,266.4589764240774,257.8565006211909,263.462501957598,13587000
2020-10-20,265.4766845703125,267.60003633807696,260.83313190654906,261.011723098242,18763200
2020-10-21,276.5597229003906,280.8460628763154,274.2180829295083,277.3832469106849,28998600
2020-10-22,275.9544372558594,280.25073903320055,272.8984327390067,277.6908110286055,16720000
2020-10-23,282.5725402832031,283.01901826787457,274.6645961018009,276.6291597942717,17535200
2020-10-26,274.9522705078125,283.0090696232539,272.12448623561744,280.955180395698,21322900
2020-10-27,281.084228515625,282.2947304449759,274.15856596508183,276.5895016504046,16287200
2020-10-28,265.5858459472656,276.61925709522393,265.17903470962136,276.61925709522393,23121800
2020-10-29,278.6433410644531,281.39179220538097,271.6482470679973,274.3966679289681,32368100
2020-10-30,261.0613098144531,274.54551949414935,257.08255380705526,272.36263742827884,47247800
2020-11-02,259.324951171875,268.3640334830486,255.33626310518545,262.5397440643903,27165700
2020-11-03,263.2342834472656,267.9472985392612,258.84871583422796,261.1109618671874,17961900
2020-11-04,285.1423645019531,286.69021537855144,276.4505632103181,278.81203654973183,35364400
2020-11-05,292.3854675292969,295.0644560969266,286.7001035414794,289.6271152046791,23823600
2020-11-06,291.1253967285156,292.3061333378279,285.8170478994157,291.6612005522265,13891000
2020-11-09,276.5993957519531,290.3018642047378,276.3612741591326,287.61297361927814,25117700
2020-11-10,270.3087463378906,271.8665289718165,261.94439287795456,270.9735427793602,29067700
2020-11-11,274.3272399902344,276.23227323546826,270.3583854027134,271.34066722353845,14957000
2020-11-12,272.9380798339844,277.57173026289297,272.29314710652244,275.02173426728365,12899500
2020-11-13,274.7936096191406,275.59730033261957,270.97358063336856,275.5576033043108,10391200
2020-11-16,276.78790283203125,277.23441107281263,272.491631182549,272.9083439459854,12970400
2020-11-17,272.8587646484375,275.5178900694576,271.1620877175575,275.5178900694576,15040300
2020-11-18,269.8523254394531,275.23013630396935,269.7233328307537,272.3824579271771,12152900
2020-11-19,270.81475830078125,271.3406302507744,267.0939576319751,268.90969503517306,12963700
2020-11-20,267.60003662109375,270.8743295920919,267.3122861808678,270.4377531586311,18114700
2020-11-23,266.33990478515625,268.84030258094407,262.4702775773392,268.78077218389745,20990800
2020-11-24,274.7638244628906,275.65681071523977,265.78427252771075,266.39944016199667,16930400
2020-11-25,273.44415283203125,277.99840979634354,270.5270423142432,275.97431577662064,12467000
2020-11-27,275.6468811035156,276.95661043346155,272.6801718782236,275.23016831305193,7808400
2020-11-30,274.81341552734375,275.5377423917736,268.89983065871155,273.880732275048,16693300
2020-12-01,284.3188171386719,287.04740475144206,276.7879189610211,276.9863738084787,20738900
2020-12-02,285.28125,289.50808972380065,278.64333843936527,283.1380649406063,17361600
2020-12-03,279.6553649902344,284.4179774050744,278.88143971582406,284.0210980838296,12921700
2020-12-04,277.5221252441406,281.25282737589265,277.1252156242083,278.11742911413376,10880300
2020-12-07,283.3563537597656,286.2436990426754,276.0338426409965,277.01612444035254,13007700
2020-12-08,281.1933288574219,284.1997348614235,279.3577276370347,283.7830221052009,10747700
2020-12-09,275.7560119628906,285.39039736328687,269.6340408403183,281.4513082325447,25189700
2020-12-10,274.96221923828125,276.5596988290288,269.74316617875854,273.39453512334353,20065100
2020-12-11,271.41998291015625,274.32719139327213,268.14569056747416,272.3923630126268,14391400
2020-12-14,272.0550231933594,275.061428900488,269.44549683199944,271.241400852564,16376900
2020-12-15,273.4044189453125,273.93029089129226,265.38734715528943,272.69002401115574,23979500
2020-12-16,273.5235290527344,275.69644892052736,270.3881305277646,272.62061106750957,15885000
2020-12-17,272.3427734375,278.25635744205846,271.47952225398996,274.9126027788768,16377800
2020-12-18,274.247802734375,275.8353503752591,269.02878036440524,273.6227033905307,26693200
2020-12-21,270.6659240722656,272.5312902621091,265.7048566652148,270.85444705612974,16553700
2020-12-22,265.01031494140625,269.3859803553586,262.5694780729273,269.3859803553586,17312900
2020-12-23,266.02239990234375,270.050815371756,264.15706358620935,264.8119282601544,14329000
2020-12-24,265.3179016113281,268.29454231066234,264.1272634995675,266.78638859045014,6702000
2020-12-28,274.84320068359375,275.1408526878737,263.5915007224165,266.6475056595428,23299700
2020-12-29,274.6249084472656,278.3258764729374,274.1288015940637,274.79359810053637,16383000
2020-12-30,269.75311279296875,275.9147509123316,269.59435497972174,275.78578857652786,11803800
2020-12-31,271.03314208984375,274.93253529905104,267.70921959722614,269.88217037670034,12900400
2021-01-04,266.845947265625,272.8587596931947,263.13507782338417,272.64047147424185,15106100
2021-01-05,268.8601379394531,270.27899621280795,266.1216185352488,266.2010125852026,9871600
2021-01-06,261.2597961425781,265.66522754841077,257.98550292903553,259.9599985721144,24354100
2021-01-07,266.6474304199219,269.4950781505345,262.7182736723141,263.82954788133844,15789800
2021-01-08,265.486572265625,266.8558317342461,261.1307404858795,266.2208005627308,18528300
2021-01-11,254.84014892578125,261.4185302363456,253.90746567716673,258.45182112764303,30412300
2021-01-12,249.13491821289062,257.6977267357879,248.3510761020939,254.63179023434895,26383500
2021-01-13,249.68060302734375,251.97261377611306,247.25959967956052,249.5913074464771,19528900
2021-01-14,243.72732543945312,253.04420967167786,242.70534673766312,251.42689680924394,29739400
2021-01-15,249.40280151367188,251.88333541831136,245.235507581873,245.96973592806074,24942900
2021-01-19,259.0669860839844,260.15842713817875,250.75223098015417,254.8996767061357,28028500
2021-01-20,265.3973388671875,268.21522222112253,261.54754475773996,266.83603060481676,25199900
2021-01-21,270.7453308105469,271.46965766775173,265.40721658830023,267.16345410838227,20838700
2021-01-22,272.3626708984375,276.30176064685554,269.8821365551002,269.8920683820608,21954000
2021-01-25,275.84527587890625,277.918998393061,269.3958883380603,275.9742684745155,19087000
2021-01-26,279.8538818359375,283.16790247551756,275.64690513892987,275.9743526399479,19373600
2021-01-27,270.02099609375,281.2429283426131,266.03227844946406,280.3300786005515,35346200
2021-01-28,262.9366149902344,284.55695871630996,262.6389630097755,275.02176987618066,37758800
2021-01-29,256.3185119628906,264.48444034559407,252.8656282026834,263.23424158830284,30389500
2021-02-01,259.9698791503906,262.11306402911066,252.92515696458904,257.49924684689097,22914300
2021-02-02,265.0003356933594,266.7565727517214,261.22000514528577,261.944331812063,17320800
2021-02-03,264.5737609863281,267.1039239356935,261.7856430809958,263.5517821485724,14223400
2021-02-04,264.4150390625,266.07204938900765,261.94443645371734,264.93100960438716,16060000
2021-02-05,266.0124206542969,267.07409626769976,263.6013493408289,264.72252505634617,12454400
2021-02-08,264.50433349609375,267.7587934506513,262.9366490626016,266.65745070027987,13755200
2021-02-09,267.35198974609375,271.2613140904737,263.6807869967148,264.36541686230146,14613400
2021-02-10,269.75311279296875,271.6680778178337,265.6354323142313,270.3286136509837,14687200
2021-02-11,268.2846374511719,271.44977083147216,266.39940747425163,269.7729577824533,12828600
2021-02-12,268.39373779296875,269.0684356706943,266.25055311082446,268.4135711611543,9097600
2021-02-16,271.83673095703125,274.44625727947283,267.94724075461835,268.6914008718187,15417200
2021-02-17,271.4399108886719,271.8367903151839,267.4809576103231,269.12803599630945,12763200
2021-02-18,267.2924499511719,269.8325144750873,263.95859633855946,267.4710411411446,15249100
2021-02-19,259.5233459472656,268.16551656468806,258.12432135786315,267.7587054191213,25622600
2021-02-22,258.302978515625,261.021664636817,255.524792274946,255.94153535102737,17434900
2021-02-23,263.7899169921875,265.3774649515965,252.97480897112868,257.4794524604842,21924600
2021-02-24,262.2519836425781,264.3058731357695,256.37809587571655,260.2873897430093,15736100
2021-02-25,252.70689392089844,264.8615109881435,252.06194597211868,260.25762517278304,19053100
2021-02-26,255.61404418945312,263.4822901977924,254.47300468846313,254.47300468846313,26619500
2021-03-01,262.8472595214844,264.57370117479,255.89183378956847,258.789110285872,22157300
2021-03-02,256.9833068847656,264.63326480051563,256.6360260897413,263.7105134754157,15191700
2021-03-03,253.42129516601562,258.95783407943765,253.1137113530454,258.2633026836808,15513500
2021-03-04,255.6339111328125,264.41497674309903,251.5261325403786,254.47300796713859,31626500
2021-03-05,262.2221984863281,263.3831016749771,253.61970873593322,258.64032206827693,26820100
2021-03-08,253.3220672607422,263.5120906541324,253.06409715938335,263.48232545551326,18391800
2021-03-09,263.6708068847656,266.43909103953706,257.786988072757,259.14631572855484,22039700
2021-03-10,262.8374328613281,266.8757503451801,260.82324003325834,266.54833311025595,14210300
2021-03-11,271.7474365234375,275.73612386768207,265.7346251734787,266.0223452851112,21834000
2021-03-12,266.31011962890625,267.63968219657,261.9642192904478,267.04437827071723,20600200
2021-03-15,271.6184997558594,273.8112835494725,266.4093778427333,266.9848484642395,16844800
2021-03-16,277.1054382324219,279.9431851324288,272.6603099988258,273.93034231128775,22437700
2021-03-17,281.7986145019531,284.0013300636442,273.26557087198046,273.5632228614151,21315000
2021-03-18,276.4505310058594,282.9693812151874,276.11318203666434,277.6907979278797,18728300
2021-03-19,287.85107421875,290.520131236803,279.0104776505019,279.0303110218043,38930500
2021-03-22,291.25439453125,297.37633561067435,284.51725557218174,288.18845807864415,28273100
2021-03-23,288.36700439453125,295.67961279228643,287.5533820854311,290.8673714274283,23000900
2021-03-24,279.9431457519531,289.4485382452627,278.9707655714033,288.73414327750163,18675000
2021-03-25,276.569580078125,285.817017124445,275.58729840705115,278.79215889867044,24505600
2021-03-26,280.8162841796875,282.2847712189747,275.6071627424305,276.1330347429934,17629200
2021-03-29,288.5556335449219,290.8972436512639,282.48328974512583,283.5449355313263,21718800
2021-03-30,285.7574768066406,290.19267218910846,284.4676114191469,287.5732141173374,17474500
2021-03-31,292.23663330078125,294.19129505585806,286.36271621122563,287.7319756502071,19498200
2021-04-01,296.3345031738281,300.04537216997386,294.29054567841536,296.07651796063567,17616000
2021-04-05,306.5047302246094,308.3502331272152,298.33880077200007,298.54718744548785,28237000
2021-04-06,303.8753356933594,308.9256990987487,302.87319030448623,306.4352333643989,17335200
2021-04-07,310.6521911621094,311.8031627153539,303.12129263179196,303.95474852621874,22855200
2021-04-08,310.58270263671875,313.4204493921913,307.63582691524516,312.39847055437156,20894100
2021-04-09,310.02703857421875,312.28928426591995,307.9136188596121,308.9752946294777,15988600
2021-04-12,309.11419677734375,309.71943246721503,305.5322903603965,308.62799158061256,10881900
2021-04-13,307.3481140136719,311.9817348642091,306.91153757945125,309.7790193206261,14036900
2021-04-14,300.4621276855469,305.63155202989105,299.5989067038952,304.9072252057683,17421400
2021-04-15,305.4232177734375,307.72516074452744,301.7321817266754,303.95473064775086,14558300
2021-04-16,303.7959289550781,306.5443797906979,302.2381464580605,305.7704544545926,13059200
2021-04-19,299.8866271972656,305.3041352263425,298.2197156252216,302.635078233983,14553500
2021-04-20,300.2934265136719,302.72436183660926,294.89578234939887,299.6385619334526,16796400
2021-04-21,299.1226806640625,299.62871936655654,295.07446188399217,299.598954165231,14863500
2021-04-22,294.2111511230469,300.56134207084875,293.7349079979299,298.98369587903517,16375400
2021-04-23,298.78533935546875,300.2339629907367,294.8363176243021,296.43379755001087,17536800
2021-04-26,300.680419921875,303.41890888662624,299.2119328828372,300.97807189197096,16172600
2021-04-27,301.2063293457031,302.9625367473814,298.76546176782614,301.9107926157603,15309300
2021-04-28,304.7088623046875,308.4991262663428,302.99232153965426,304.9668173008476,33907200
2021-04-29,326.9443359375,329.2264152654433,319.1058237242205,327.5495717415354,56526800
2021-04-30,322.5487976074219,327.25191086363225,321.97332701790543,323.6005719261197,26332400
2021-05-03,320.0682678222656,325.99178455965375,319.33403940642825,323.6303414935902,18719500
2021-05-04,315.881103515625,319.68129851653737,310.68191400122157,317.5281817062086,24032600
2021-05-05,312.5671691894531,318.56014880537333,312.04129710547085,315.71250014607534,15577600
2021-05-06,317.5282287597656,317.7465169927918,310.8307860445956,312.0710532140715,19012200
2021-05-07,316.5954895019531,320.42544959034336,316.2680723502295,319.8698124189637,15916700
2021-05-10,303.5876770019531,312.1306238316204,302.45653866327103,311.90243402221074,24239200
2021-05-11,304.1431884765625,304.45077222453534,297.35645209298286,298.4081959305581,18920100
2021-05-12,300.19427490234375,302.58551380847115,295.86823724243555,298.7853482545603,24645500
2021-05-13,302.8830871582031,306.45503135095896,300.4124550796069,303.6966791736922,18079200
2021-05-14,313.47991943359375,314.3828373055882,306.67331942930906,307.1297594173182,19245700
2021-05-17,313.0036926269531,313.2219808293489,309.1538990283127,311.10856102432524,15401300
2021-05-18,307.5465393066406,314.03562515796114,307.39771331279434,313.13270708868293,14522400
2021-05-19,311.1482849121094,312.2099608190644,301.2063147190204,301.82148235708155,19106200
2021-05-20,316.1291809082031,316.76421218745367,310.7216346081384,311.1383473901833,17320200
2021-05-21,313.76776123046875,317.43893389264736,313.3510181373768,316.8039328459837,13600900
2021-05-24,322.102294921875,323.41202409677993,315.5536793273055,315.7322705020775,16445400
2021-05-25,325.2377014160156,326.6168625616901,322.27096218906894,324.53320796495933,16437000
2021-05-26,325.10870361328125,327.2617901142244,323.2830342689029,325.79333340241755,9686900
2021-05-27,330.1590576171875,331.1810363589441,324.2157081628903,325.4460432710368,20477700
2021-05-28,326.17041015625,330.2781589983809,325.773500464872,328.4227242830254,12037400
2021-06-01,326.5672912597656,328.839469050858,324.0966889019142,327.57933830612393,11765900
2021-06-02,326.58709716796875,329.2859193445906,324.5729047910016,327.8075307847348,11654300
2021-06-03,323.5013427734375,324.83090541378255,320.9612782844265,323.2433575381614,12610800
2021-06-04,327.77783203125,329.8713885966346,322.64807340674366,323.3624685477202,13289400
2021-06-07,333.9592590332031,335.0606319370068,326.36883062034224,326.91456629914944,20136700
2021-06-08,331.0818176269531,335.66583948741965,329.6530276600603,334.07832199527667,14580500
2021-06-09,327.6784973144531,334.1774834081034,327.43044394782595,333.1257395560005,13727900
2021-06-10,329.87127685546875,331.33976367002776,325.99171861183015,328.2142973419669,13240200
2021-06-11,328.6806945800781,330.2384469560632,326.3688198807592,329.99039355021097,13587900
2021-06-14,334.14776611328125,334.1973949616918,327.24196787486557,329.3156906835293,12250800
2021-06-15,334.1279602050781,337.2732909264785,332.42135144658135,334.3660818011608,15795200
2021-06-16,328.5020446777344,334.92166747666334,326.16043526357373,334.07831019373776,17232200
2021-06-17,333.8898010253906,335.34835619713573,327.5793069198967,327.91665590302716,17794100
2021-06-18,327.0931701660156,333.53262735380366,326.43830549404345,331.92524601348964,23039500
2021-06-21,329.70269775390625,330.32779722761893,325.09881166685085,328.512029205886,11337500
2021-06-22,336.39013671875,337.273221255067,330.0102112752948,330.0995068553798,15345300
2021-06-23,337.93798828125,340.7459694093703,335.56661379024627,336.7076532455804,14817800
2021-06-24,340.5078430175781,342.2144515558053,339.12868191166035,339.1882123029975,12329100
2021-06-25,338.7119445800781,341.4405319220191,337.0351012093616,339.9224463575193,14594400
2021-06-28,352.87091064453125,355.3514450058949,339.10888057251884,339.793510478652,29156100
2021-06-29,349.1500549316406,353.9622666221002,346.33214168796724,353.49592502331853,21417300
2021-06-30,345.00262451171875,350.17207980061676,344.4668509038547,349.42791950973475,15107500
2021-07-01,351.6305847167969,351.90840330765593,343.80200504587583,344.1195206582734,17137000
2021-07-02,351.93817138671875,353.66461333834536,349.8743501691839,352.3350507654891,11521300
2021-07-06,350.0331115722656,355.9963249803974,346.46113656672946,353.7241473646603,13488500
2021-07-07,347.7609558105469,353.71423776723833,347.2747808070036,352.49383434528966,14218900
2021-07-08,342.9586486816406,345.61777404774114,339.89271207759845,343.0380427319482,14406500
2021-07-09,347.6915283203125,347.97924848366796,342.58160368473915,342.63123253632193,13018700
2021-07-12,350.4101867675781,351.4321656465033,346.91760551570826,348.49522163288634,10018600
2021-07-13,349.3484802246094,355.6986411619793,346.0840890261971,348.7630778385036,11456000
2021-07-14,344.9231872558594,352.43425079221873,344.03020115303184,351.7992196115705,13894200
2021-07-15,341.77789306640625,346.5107713852772,337.57091703181555,346.5107713852772,14781600
2021-07-16,338.503662109375,343.29604141849916,337.4916149387423,342.22446384253294,11026100
2021-07-19,334.32635498046875,337.1442377209551,331.93511678295374,334.94152251311635,14372300
2021-07-20,338.9996643066406,340.775734930449,331.8954120913598,336.1619179823469,11024300
2021-07-21,343.5341491699219,343.8218693320699,338.59291420253294,338.84096761953117,9279700
2021-07-22,348.4555358886719,348.80281674381297,342.522086990995,343.9806423586199,12385400
2021-07-23,366.91070556640625,372.4075475574417,354.4088071301203,358.09984323454836,33694300
2021-07-26,369.5598449707031,371.52443867186565,365.35286926957764,366.70226514354084,14925200
2021-07-27,364.9461364746094,370.24455425889295,361.7115099643694,369.0142189001339,15705400
2021-07-28,370.37353515625,374.6102768280347,364.07297199585037,371.64356750310543,29676900
2021-07-29,355.5299987792969,362.67391881987123,353.9622842712004,358.1891240675114,33413200
2021-07-30,353.5257263183594,357.92125598632435,350.1919028478955,351.24364693893176,15976200
2021-08-02,349.2095947265625,356.6015680075973,348.00899444804065,355.3117024170683,13180400
2021-08-03,348.50506591796875,351.01536490403487,344.9926518703987,349.98348464822794,12406100
2021-08-04,356.1252746582031,357.6731252606666,348.77296915652533,349.6758870546211,14180600
2021-08-05,360.143798828125,361.06655027869056,354.1210545536486,356.83974061353666,10247200
2021-08-06,360.6795654296875,362.3067799430136,358.58597904613214,358.58597904613214,8925000
2021-08-09,358.79437255859375,362.9319169074044,357.94108333229246,360.92765618426364,7798900
2021-08-10,358.3181457519531,361.2650217132256,356.24442270957024,359.01267718837187,7469900
2021-08-11,357.1572265625,359.53853333042804,355.0239732137303,359.2805783648751,8400300
2021-08-12,359.82623291015625,360.1735137038781,354.32936144025535,355.6589542253566,7170700
2021-08-13,360.35211181640625,361.8205987793182,358.66536694004265,360.14375544814027,7195700
2021-08-16,363.705810546875,364.09278838073544,354.597297072418,359.6972591712923,11222100
2021-08-17,355.6590576171875,361.8306288187399,352.3053700445162,360.1537850324043,12328700
2021-08-18,352.68231201171875,357.0579470408631,352.3846297841883,353.4760707252254,10042400
2021-08-19,352.35491943359375,354.785855077009,348.2670038908366,348.61428473703285,12004500
2021-08-20,356.57183837890625,357.1870060382135,350.5590256805761,351.83898985298094,8697700
2021-08-23,360.5208740234375,362.8426505771102,356.30396556365594,356.64131460684314,10942000
2021-08-24,362.6639404296875,365.0948451648202,359.02250381900353,360.82833952849694,9235100
2021-08-25,365.5215759277344,367.97231440598324,362.5548367278309,362.75329155616987,9684500
2021-08-26,361.5428161621094,366.5634148299636,361.29476274855944,365.51167077890847,7888700
2021-08-27,369.72857666015625,370.8299192755366,361.2451317980848,362.2572090986586,11219100
2021-08-30,377.6960754394531,378.51959949765813,367.63501386017316,369.6591383120919,13547300
2021-08-31,376.426025390625,379.7797124259526,375.8505245076621,376.9915944473429,12345400
2021-09-01,379.0752258300781,381.3374718182199,375.86046318376043,376.63438864602057,11567200
2021-09-02,372.35797119140625,378.77759530135984,371.1474692172277,378.529541866323,14832900
2021-09-03,373.3302917480469,374.2232779151266,370.20479474333473,371.8320395508646,7509600
2021-09-07,379.20416259765625,379.9780879459185,370.2444755627935,372.95322942168843,10793800
2021-09-08,374.6300964355469,377.90438920545546,371.8717438371521,377.1999260274363,11067200
2021-09-09,375.0567932128906,376.87253103145304,373.6379348337995,374.6996108013545,9098900
2021-09-10,375.74139404296875,380.8016897745919,375.3147494355466,378.39058756343474,11549600
2021-09-13,373.578369140625,378.77755895045016,371.43518403399025,378.7080967281156,13026300
2021-09-14,373.5981750488281,375.64213258472364,372.1892184534272,374.46139601166345,8711600
2021-09-15,371.008544921875,374.62018689725124,364.80720954935725,374.06454967027025,17940300
2021-09-16,370.1552429199219,370.65134977316575,366.83132094719605,369.88735611995554,11934200
2021-09-17,361.880126953125,368.51803802109464,358.7744936986694,368.51803802109464,26299000
2021-09-20,352.93035888671875,358.2188435908357,347.07627493272804,356.5023033115867,19822800
2021-09-21,354.696533203125,357.2365976294864,352.4243555514342,355.70858018739267,11751900
2021-09-22,340.53759765625,347.1159782146659,338.0372304577377,344.5263154319161,43692900
2021-09-23,343.2662048339844,346.94733905140663,340.32926108840206,342.6708706244858,21806300
2021-09-24,350.211669921875,351.5908612269244,339.7041325472566,340.5673534510142,18801900
2021-09-27,350.8268737792969,352.38465640920737,344.3774853349106,347.0862393823371,15205800
2021-09-28,337.99755859375,346.87788247328035,336.2810484357312,345.26056945182785,21710300
2021-09-29,336.96563720703125,342.5419029260096,336.24134067745075,340.4780817360786,14452200
2021-09-30,336.7474060058594,340.1308279140143,335.5170404865727,337.7991500549551,16547100
2021-10-01,340.3392028808594,342.3335316631441,336.0032342139593,338.95007959136314,14905300
2021-10-04,323.68988037109375,333.32426674467087,320.1873672849246,332.9174555014666,42885000
2021-10-05,330.3674621582031,332.5701777639631,323.6204211697277,326.02156134576114,35377900
2021-10-06,331.04217529296875,331.77640370121645,323.26319366414805,327.17251785068817,26443000
2021-10-07,326.6565856933594,336.201676355274,326.4184641021134,334.3760068358188,28307500
2021-10-08,327.4801025390625,330.80402431715976,326.1505398838151,328.928756267281,15946100
2021-10-11,322.9158935546875,327.8868625664949,322.7769691312274,325.07891170321585,14708200
2021-10-12,321.2490234375,321.8542895489138,314.8988617207982,320.51479497836937,31658700
2021-10-13,322.0130310058594,324.45386814100897,320.1476644726713,324.42410294228614,14761500
2021-10-14,325.971923828125,327.9464191482135,324.5530656863524,325.8032341975856,14302200
2021-10-15,322.2313232421875,326.50776176514034,319.9988424702533,326.1207838969584,21596400
2021-10-18,332.72894287109375,333.27467858119854,324.9499909950665,326.3887129908453,21585000
2021-10-19,337.3426818847656,339.7934506132104,334.65379158917005,337.00533290465023,18786300
2021-10-20,338.1265563964844,341.3016520941956,336.8069256043469,340.77578008650755,13639500
2021-10-21,339.2179870605469,339.6446316371412,335.1697386557774,337.63043926024426,16354400
2021-10-22,322.08245849609375,327.06339039987455,318.60971071997267,323.80893083802226,35224500
2021-10-25,326.13067626953125,326.99389721879066,317.2305194575883,317.80598999710963,38409000
2021-10-26,313.35101318359375,327.638884727191,307.18937444715965,325.70408613688915,65654000
2021-10-27,309.7889099121094,316.7641698250141,309.6301521135282,311.7435717797062,29971800
2021-10-28,314.4523620605469,322.98537519345757,305.7109319804182,310.5529394184158,50806800
2021-10-29,321.0505676269531,323.46163945137965,317.1114783524973,317.6968807534924,37059400
2021-11-01,327.4106750488281,330.8536576667593,323.46165377375024,323.50135079861377,31518900
2021-11-02,325.5254211425781,332.1831961301534,321.27874819042154,328.7997441561289,28353000
2021-11-03,329.0379333496094,329.5638054489562,320.6835101652721,324.940085537736,20786500
2021-11-04,333.2349548339844,334.64388123663895,330.0598590951158,331.40928538211995,22495300
2021-11-05,338.4738464355469,344.0897793143083,336.99545779027494,337.6602239773612,26872800
2021-11-08,335.9833679199219,342.10533921947234,335.70554932019894,341.7382250284052,18342500
2021-11-09,332.7586975097656,338.6524492000935,331.86571125243444,337.3526516997646,17556700
2021-11-10,325.0888977050781,330.59567139945983,322.97547776703135,329.90110972631356,21872600
2021-11-11,325.1880798339844,329.8713292985275,324.4538514499528,327.2519011057933,12376600
2021-11-12,338.2356872558594,339.1981053182596,327.2121791111643,327.6090584700832,25414300
2021-11-15,344.8537902832031,350.89636806742686,340.5277530964521,341.6588609660316,25076600
2021-11-16,340.2895812988281,343.95085205070313,338.2158584260246,341.15280232033473,18181100
2021-11-17,338.1166076660156,344.59576107300916,337.4518415302655,341.55958996835096,13602800
2021-11-18,336.0528259277344,339.79346029139595,332.68920729614837,337.07480472247227,17487200
2021-11-19,342.6113586425781,349.35842957953895,337.2534110290804,339.53552057480016,26488500
2021-11-22,338.3548278808594,351.0749854176683,337.85872099515035,346.33220480148844,27116800
2021-11-23,334.62408447265625,338.7417654457569,330.90328294034356,336.29099629194184,17225000
2021-11-24,338.40435791015625,339.1187528920676,330.2185959540677,333.3837596661517,13566200
2021-11-26,330.5262145996094,335.1201687600475,329.315712704807,333.18533998164787,14750700
2021-11-29,335.3979797363281,338.01743831325274,332.6991573903865,334.26687191807986,16650900
2021-11-30,321.93359375,333.195223381446,320.91161502439473,332.39153284383184,25390000
2021-12-01,308.1815490722656,327.9265935829965,307.87396527980366,327.7182372061574,30329600
2021-12-02,307.9731750488281,312.1503855715874,304.80801143553936,308.9752901333186,24396200
2021-12-03,304.4508361816406,311.30703621441194,297.1679915417255,311.287202841972,27471000
2021-12-06,315.39495849609375,317.60760590944744,303.954735944998,305.73080691553787,21758300
2021-12-07,320.2964172363281,323.9973842578225,318.50051333741357,319.0660822637991,18794000
2021-12-08,327.98614501953125,330.15909535727707,320.55447439589165,322.46943949245696,19937700
2021-12-09,327.2519226074219,333.51278849439655,325.44608644592824,326.97410398872734,16879200
2021-12-10,327.1824645996094,332.42135167676867,323.8287774793143,329.97058264885754,14528000
2021-12-13,331.8855285644531,338.43414460124114,327.0236878165198,328.37311410359496,22948700
2021-12-14,331.1413269042969,333.0860871840918,325.09875026625247,325.4956296139819,20461000
2021-12-15,338.9996643066406,339.4461422087471,321.4573370872067,329.9010532887596,24681300
2021-12-16,332.2923278808594,341.7778874543909,331.14135647370017,336.34057631706844,22635000
2021-12-17,331.19097900390625,334.4851050733317,328.1746412454397,330.20866697035297,40012600
2021-12-20,322.9158935546875,327.3312254325602,320.01861683063964,327.2121646581388,17901800
2021-12-21,331.5978088378906,333.3837812684171,321.2291642430061,323.86845614497594,16116800
2021-12-22,327.8769836425781,331.9053682815048,325.7040335196158,331.20087485098674,16764600
2021-12-23,332.62969970703125,334.0485882622083,325.80326484001887,327.52973720926553,13987700
2021-12-27,343.4844665527344,345.1613098115616,335.37809911090415,336.21155482796183,17795000
2021-12-28,343.5242004394531,349.9636571382656,342.51215344868643,343.9310116569067,16637600
2021-12-29,340.2697448730469,346.9671868790593,338.97987926535325,344.20883419741097,10747000
2021-12-30,341.67864990234375,344.5263282790015,340.54754217986994,341.3214675520747,10593300
2021-12-31,333.7311096191406,340.7659016575022,333.65171556028093,340.34915854839227,12870500
2022-01-03,335.90399169921875,338.42419237470216,334.5644973188107,335.66583985117506,14537900
2022-01-04,333.90966796875,340.41858727642335,329.2859485939772,337.3030520719377,15998000
2022-01-05,321.6458740234375,333.1456252268606,321.3184266010709,330.426939558543,20564500
2022-01-06,329.87127685546875,336.5290509417905,320.2071274908761,320.3063548923919,27962800
2022-01-07,329.20654296875,334.37596709741774,326.3191978982015,330.1491276753842,14722000
2022-01-10,325.5155334472656,325.78342022706335,312.9739386071096,322.77701413394965,24942400
2022-01-11,331.76641845703125,332.0244036529667,322.74720150321167,324.23552173215785,16226800
2022-01-12,330.6650695800781,333.75083892693334,327.46020918206716,332.57010247924256,14104900
2022-01-13,323.9379577636719,333.01670756958674,323.2235626485857,332.3717746845691,14797100
2022-01-14,329.3157043457031,330.1392586318961,318.70893800587925,319.2844388795973,16868500
2022-01-18,315.6727294921875,321.68554108023267,315.1667211806874,320.77272158657684,22645600
2022-01-19,317.1015625,324.5530968357373,316.84357725675176,317.09163067373413,20814700
2022-01-20,314.0951232910156,325.2674577074556,313.5196527472708,321.3779672147133,16925000
2022-01-21,300.80938720703125,315.83148420546536,300.68039460419897,312.3587368736268,28710700
2022-01-24,306.3062438964844,307.1198662942084,286.7596546601461,295.52088719382215,38878100
2022-01-25,297.8129577636719,303.845634457327,295.2629611011237,297.61453317714614,25108500
2022-01-26,292.3359375,305.11565524775347,288.5853707940254,304.61954838040253,28348800
2022-01-27,292.3458557128906,299.3607834777899,291.96880966646864,295.4316257497335,21629900
2022-01-28,299.36077880859375,299.54930182886426,290.74837139396675,293.3182011734946,21871600
2022-01-31,310.8208312988281,311.3467032774815,296.98937176977,298.338767684822,21579500
2022-02-01,316.51617431640625,317.17103900031117,309.6897391289893,312.11074301010717,18023800
2022-02-02,320.4850158691406,325.44608422624805,314.40274121853355,325.26749303258214,58458300
2022-02-03,235.90872192382812,246.0689955787632,233.91437785360253,242.74507365507444,188119900
2022-02-04,235.24392700195312,240.72095050433083,228.3182800713967,233.14043894132064,89342200
2022-02-07,223.15878295898438,236.4445235617217,222.26578156076954,235.84918929624516,88613800
2022-02-08,218.46559143066406,224.01207717049772,214.46697168286357,219.13038789094924,94729700
2022-02-09,230.1935272216797,231.5528548436705,220.4797639199061,222.45425905433487,86563300
2022-02-10,226.29420471191406,233.17023895957368,224.93486153428194,226.49264444047924,49310400
2022-02-11,217.84048461914062,228.6258408989016,217.0665592731031,226.68111084885035,46156900
2022-02-14,216.00491333007812,219.2792214751233,213.10765122512285,217.60237794732865,38184000
2022-02-15,219.2792205810547,219.4280465752312,213.38546897199984,218.7533485483256,42685500
2022-02-16,214.8539276123047,215.76677745313566,210.70648200582244,210.75609571412514,45817500
2022-02-17,206.09271240234375,215.80647777484828,205.54699184434253,212.35357836964496,38747500
2022-02-18,204.5547637939453,209.10902068196484,203.5823835443195,207.75960955144294,37128400
2022-02-22,200.50653076171875,205.86447827017005,198.50225500397403,200.76450085331822,39852400
2022-02-23,196.90478515625,205.32868403916535,196.5079057737242,202.57033145267047,44481400
2022-02-24,205.98353576660156,206.72769591729016,188.7388596965179,189.57231543169465,49957200
2022-02-25,208.8411102294922,209.67458114367503,201.59794806228433,203.34425365392673,37627600
2022-02-28,209.3868408203125,211.49032886803136,205.21954660842596,206.06291910870078,34239800
2022-03-01,201.9055633544922,210.10124274506424,200.64544776565825,208.2358762173396,27094900
2022-03-02,206.4895782470703,207.52147375619305,200.44700090023863,203.1855050567392,29452100
2022-03-03,201.38961791992188,207.45204429332074,199.85168364150212,207.39251389312045,27263500
2022-03-04,198.50225830078125,204.2868656360038,197.2421427393917,200.7942693856852,32130900
2022-03-07,186.01028442382812,199.32578909187365,185.82176141781613,199.2265616760848,38560600
2022-03-08,188.80831909179688,195.16841189497072,184.66087351517342,186.38733062782254,37508100
2022-03-09,196.9544219970703,197.54975628076116,192.41008137550406,194.21591760004782,31894700
2022-03-10,193.69004821777344,194.7517090323724,189.5822839955329,193.32291884377045,24853000
2022-03-11,186.14920043945312,192.0528685324607,185.2165172013014,191.14003380617865,34694500
2022-03-14,185.17681884765625,190.79273600899157,184.3731282981707,185.57369820987867,31010500
2022-03-15,190.53477478027344,190.7828281781689,184.46243244458515,189.3143563018215,31721700
2022-03-16,202.04446411132812,202.14367638925566,193.00539743531633,193.18398861957286,40640300
2022-03-17,206.2216796875,206.42011938787329,199.5440861170762,200.12948853216994,29499700
2022-03-18,214.8043212890625,215.1119050734654,204.3959954860092,205.090541957238,52128000
2022-03-21,209.84326171875,213.03819075246523,206.01331658056841,212.82981923288457,30142300
2022-03-22,214.96307373046875,217.75120670745483,208.54345042733235,209.72418705211007,31998800
2022-03-23,211.79791259765625,215.11190224536244,210.5080319452024,211.66891999041766,23717300
2022-03-24,217.8603515625,218.95177745927012,213.1175565355208,213.325928057074,31502300
2022-03-25,220.0928497314453,223.74418887246208,217.18565572386078,218.79303706963668,40039000
2022-03-28,221.8490447998047,222.29553791114895,217.830576517749,220.4004213594452,26224100
2022-03-29,228.07022094726562,229.09219975413018,223.5357974834285,224.3097380278288,31417900
2022-03-30,226.07586669921875,229.35015934967984,224.94474384142845,227.12761065506166,25588000
2022-03-31,220.62863159179688,226.71090621508176,220.5294041691088,226.6712091900149,24192300
2022-04-01,223.0992431640625,225.51031504373782,220.9659747526021,222.80157604386122,19544800
2022-04-04,232.06886291503906,232.52528788104456,224.1013880730897,224.22044887292608,28054800
2022-04-05,230.0347900390625,235.0157063910786,229.22118278585194,232.25735388242694,29727200
2022-04-06,221.5613250732422,227.20702352088503,219.686041761844,225.14321718167764,28995100
2022-04-07,221.21400451660156,223.76400056777624,216.8581877051978,222.18636954134027,21037200
2022-04-08,220.59886169433594,223.37706293065762,218.31676728092958,220.6484754046232,18375700
2022-04-11,214.7745361328125,218.89221601096958,213.54418596956737,216.7192660715172,20516600
2022-04-12,212.47264099121094,220.3012064741465,211.47051060517515,218.52515061375053,20128800
2022-04-13,213.31600952148438,214.92339072532232,209.68450407431595,210.17069419373846,19231800
2022-04-14,208.54345703125,213.3160173902609,208.3648658420038,213.21678996958275,18379500
2022-04-18,209.12887573242188,211.71855397049873,206.6781068000665,208.36486698096425,16580800
2022-04-19,215.61795043945312,216.7292249062666,207.37265725519583,208.88082627442776,20089900
2022-04-20,198.8594512939453,212.4924718413418,197.37113086850815,211.9467513240192,43036500
2022-04-21,186.6056365966797,201.38961457327895,184.1350190495655,200.03028665802876,49954100
2022-04-22,182.67645263671875,191.21941262522995,181.84299681832218,188.88770453092923,36426800
2022-04-25,185.53402709960938,185.72253496662242,180.24552677813085,181.307187460691,29281100
2022-04-26,179.5410614013672,185.73248018162553,178.10235460110894,185.17684294621372,31747400
2022-04-27,173.58778381347656,179.7990512660107,167.68411532557215,173.0718284502036,71062900
2022-04-28,204.12811279296875,206.90631407931315,191.39800967095255,201.33999482037984,100890600
2022-04-29,198.90907287597656,210.82555343692744,198.3435038247346,202.86801081473362,49193400
2022-05-02,209.48609924316406,210.23025957470756,199.42505216629527,199.60364337867497,49915300
2022-05-03,210.37905883789062,213.2267071664261,206.4697346374748,208.8113594552885,41556300
2022-05-04,221.67044067382812,222.5535101589403,205.348530227441,209.0097856387637,41375900
2022-05-05,206.65826416015625,218.45568421552025,204.55477600232203,217.03682591961714,41129200
2022-05-06,202.18338012695312,207.74969932081515,199.454792583687,205.7255749921496,34747200
2022-05-09,194.68226623535156,200.99274628078112,194.05716672906522,198.28399184686057,36303200
2022-05-10,196.1110076904297,201.37967450866105,192.67795718797927,197.95652555162374,34452500
2022-05-11,187.2703857421875,199.10748580190932,186.80404417527703,194.8012827465857,31153400
2022-05-12,189.7509307861328,196.5079028540961,183.3412243877256,185.60347014246278,38262200
2022-05-13,197.07345581054688,198.3335712924769,189.79061178927196,191.0804924673125,24549800
2022-05-16,198.48240661621094,203.7709070471389,194.4044080173516,195.5156975710409,27112600
2022-05-17,201.0423126220703,203.8602107221061,196.81548818198343,200.54620582741316,24872700
2022-05-18,190.74314880371094,199.43493452984333,190.1378978992899,198.44272092521723,23960000
2022-05-19,189.80055236816406,193.76940717562402,188.12372392959506,189.7112567685913,24446900
2022-05-20,192.0330047607422,196.36898829099752,186.4071557210518,193.451878017089,31465600
2022-05-23,194.7020721435547,195.45616417554956,189.75093592706153,193.67017665237506,25059200
2022-05-24,179.86849975585938,182.24980659881354,174.738756702844,179.14418798829092,50406300
2022-05-25,182.39862060546875,184.00600172835072,177.92374289893897,178.99532022087533,28030200
2022-05-26,190.1378936767578,191.32854694787179,180.84084211269274,181.4560248290842,23056500
2022-05-27,193.61062622070312,193.80906589385668,188.32212641828812,189.86997706485317,22562700
2022-05-31,192.1322479248047,196.06142058608745,190.5149348528655,193.37251497016206,26131100
2022-06-01,187.1712188720703,197.97642702448536,183.55956108656105,194.97993697728285,36623500
2022-06-02,197.3115997314453,199.3754058637499,186.26825737146237,186.98265238418233,31951600
2022-06-03,189.29454040527344,195.0791484576515,188.3023266427382,194.45404894246056,19465000
2022-06-06,192.73748779296875,195.38669623309409,186.93303229765272,192.47951771272406,30574200
2022-06-07,194.12657165527344,194.9997244090153,189.99897486480518,190.43553610169909,18828700
2022-06-08,195.10890197753906,200.45693323180112,192.89626965875735,193.15423977117806,22267200
2022-06-09,182.56732177734375,197.8970204964128,182.24980612445378,192.76727745674913,23501600
2022-06-10,174.2029571533203,181.6743246989857,173.65723661984313,181.6147791626238,27450800
2022-06-13,162.9810028076172,171.23622734441977,162.75279791555977,169.2617168018966,31749300
2022-06-14,162.45513916015625,165.45162866818345,160.10359761848122,164.73723361805804,27244300
2022-06-15,168.03140258789062,170.81952076930034,162.70320451959344,165.89813396718225,30008300
2022-06-16,159.61740112304688,163.79462714887313,158.36721740504552,162.4452160123095,26944100
2022-06-17,162.46507263183594,164.6082426639391,158.65496061258537,160.42109974328864,31374200
2022-06-21,155.82713317871094,166.45373128366802,154.75554078208074,164.6379787621538,50724900
2022-06-22,154.63648986816406,159.5380121523933,154.22967867369047,157.1467889716582,47267800
2022-06-23,157.513916015625,158.5061296598179,153.04895461675687,155.05323041722062,40499200
2022-06-24,168.83506774902344,168.92436333833888,160.04405475471546,160.47069933031898,68736000
2022-06-27,168.17030334472656,170.41270082808344,166.7018161864418,169.98605620964864,29174600
2022-06-28,159.4288787841797,169.96619782883943,159.35943170287592,168.57708966300072,27744500
2022-06-29,162.66351318359375,165.0349032740984,159.07170450541813,162.2963989666472,28595200
2022-06-30,159.99444580078125,163.9434517587167,157.25594166723448,160.8874320004222,35250600
2022-07-01,158.783935546875,159.3693379164502,153.79310252765947,159.06175413379128,31423900
2022-07-05,166.8804168701172,166.93994726695396,155.7973921729659,156.9086666205292,28618600
2022-07-06,168.4481201171875,170.2539411358276,164.17168159339727,166.89033737772058,23085900
2022-07-07,170.8492889404297,171.3751610195185,166.47362264614256,168.1306178006273,24083400
2022-07-08,169.5494842529297,171.0576381970668,166.84072991356624,168.65648282655349,19249200
2022-07-11,161.6117401123047,166.18584496387152,160.64929180379883,165.76911710966948,21885600
2022-07-12,161.99871826171875,164.61816155285183,160.83783016973706,163.5168038543085,16639700
2022-07-13,162.21701049804688,163.6953991051211,158.3672168002053,158.91293732025682,16555100
2022-07-14,156.8193817138672,161.32402534796637,156.0553729091042,159.96469739428068,23765200
2022-07-15,163.41758728027344,163.6954058947358,158.57559489965857,159.2899748082911,23342800
2022-07-18,165.92787170410156,170.35315090475228,164.35025575538538,165.45161342788072,23574300
2022-07-19,174.4113311767578,175.11580959847797,168.19014674600294,169.04345117373006,25933700
2022-07-20,181.6643829345703,182.17042155610093,175.32413868697932,176.1079959030853,24784300
2022-07-21,181.74374389648438,182.41845694525634,177.47722284388294,179.22352828307407,27195800
2022-07-22,167.95199584960938,174.23270958756183,167.09869157067797,171.72241045744528,42583900
2022-07-25,165.35238647460938,169.24187701783146,163.5267171273681,167.6840944354724,26166300
2022-07-26,157.91079711914062,164.70746671110234,156.720143761273,164.6479363142058,28468400
2022-07-27,168.2595977783203,169.53954676474433,160.7584647751414,161.32401870031222,43846600
2022-07-28,159.4685821533203,160.25242429053662,153.6442927588761,159.8059311673132,73214300
2022-07-29,157.86119079589844,158.8930862847135,153.96178345090468,156.4621659776194,42065400
2022-08-01,158.68472290039062,163.90377642591454,154.02132174038147,156.02559756676067,40596700
2022-08-02,158.9427032470703,160.97674420933518,156.77966966857088,157.0773367845084,27374500
2022-08-03,167.48565673828125,168.21988510406044,160.31195673384136,161.42323110797926,31721900
2022-08-04,169.2418670654297,170.80955110099563,165.50121786264722,166.98953813993725,23938200
2022-08-05,165.8087921142578,170.2737526898605,164.50899490242296,165.68973134370069,25832700
2022-08-08,168.9243621826172,176.1278273310258,165.82866065437182,166.69188162513768,27299100
2022-08-09,167.21775817871094,168.20997178691073,165.30279318207488,167.63448607735745,18655100
2022-08-10,176.95138549804688,179.07472218493237,172.59556801298828,174.6196924150537,30262100
2022-08-11,176.10800170898438,181.67432074948522,174.99671215406823,178.3107171671491,24079100
2022-08-12,179.09457397460938,180.04710579418173,177.51695781529796,179.40215780114409,21274000
2022-08-15,179.48153686523438,180.0272574321156,176.81247957083508,177.5665716777908,15878700
2022-08-16,178.0725860595703,179.58075505593564,175.66149900261934,178.0428208610876,21156700
2022-08-17,173.4885711669922,176.75294757211662,172.8138579795018,175.38368782395926,20118100
2022-08-18,173.30003356933594,174.3914594614701,170.52183242030472,172.9825179454566,18844500
2022-08-19,166.65219116210938,170.97824275855308,165.74927321620558,168.87473977974705,26240800
2022-08-22,161.78042602539062,164.20142956470605,160.996568824722,164.20142956470605,19499700
2022-08-23,159.8555450439453,163.76486932772292,159.44873380548583,161.21487292760173,18111800
2022-08-24,161.98878479003906,164.17166679378263,158.52596906042174,159.3495081545654,20891500
2022-08-25,167.4658203125,167.565047734485,162.74288874160553,163.89384508074522,15550500
2022-08-26,160.5203094482422,169.589140833169,160.41116535041576,167.16813731045715,24023600
2022-08-29,157.93064880371094,161.78044270679146,157.77189098214532,159.4090526295797,20052700
2022-08-30,155.936279296875,160.4012401042354,154.69601240594153,159.10144282493343,19567900
2022-08-31,161.66134643554688,166.53311859967866,160.87750439263087,165.76912506695646,40953000
2022-09-01,164.07244873046875,166.05687601790066,159.10146382584418,162.30630965585266,30145700
2022-09-02,159.0717010498047,166.62243245907325,157.98025996910707,166.14617414203198,22634200
2022-09-06,157.30552673339844,160.43100844381465,156.46215431501463,158.8533925612111,19339800
2022-09-07,159.14112854003906,159.70669752312688,155.58900226198247,156.53160209381846,16831200
2022-09-08,160.7981414794922,160.96681598296698,156.51178639006864,157.47423484046743,22530800
2022-09-09,167.8329315185547,168.21989423340526,161.75067218718405,161.97887708569115,22086800
2022-09-12,167.64442443847656,170.05549633320575,165.9774976389288,166.0866417456848,23220400
2022-09-13,151.9376678466797,160.3714831377137,151.48124294581012,160.28217241060221,44444100
2022-09-14,150.2905731201172,152.34444709754078,147.88941837773038,152.1360907505435,43064200
2022-09-15,148.3855438232422,152.99933091133602,147.54215622478398,148.63359721808547,34606300
2022-09-16,145.15093994140625,147.4231178621415,143.16651248084165,146.8972457962903,40122800
2022-09-19,146.8674774169922,147.42311467152805,143.97021520406963,144.1091245177036,22169500
2022-09-20,144.95248413085938,147.68107158621052,144.08926312614136,144.64490033101634,23217400
2022-09-21,141.0133819580078,148.4351500589386,140.89432117926867,145.25013796787374,38338600
2022-09-22,141.7079620361328,143.4542526254641,139.77313328922853,140.44784645009264,34418500
2022-09-23,139.31674194335938,141.50952594174933,137.80857274275996,140.31887242126808,31710700
2022-09-26,135.30816650390625,141.13247074803093,135.12957531950997,139.028967578612,30497000
2022-09-27,133.353515625,138.3344326531718,133.07569699936298,136.84611209869647,30826500
2022-09-28,140.5074005126953,140.92412850283898,133.2245546630758,133.5718204182048,32658500
2022-09-29,135.34783935546875,138.7511241968211,134.14725442818437,138.27486598350714,38985400
2022-09-30,134.62355041503906,139.8922179917955,134.4449592124269,134.99067978704159,33166400
2022-10-03,137.53073120117188,138.53286151227974,135.04028045219258,136.0721759608596,27723100
2022-10-04,139.18771362304688,141.2812847896686,138.25503047678262,139.396085127203,34670700
2022-10-05,137.89785766601562,139.11829143443242,133.7305630972215,137.1636292075968,27979300
2022-10-06,137.98716735839844,140.34862568345443,135.53639829341935,136.64767279932806,36231100
2022-10-07,132.41091918945312,137.2132300072064,131.4087887729323,135.6951442120901,33214800
2022-10-10,132.74826049804688,135.05020348397787,130.84321206485183,132.51013890638444,24024000
2022-10-11,127.53911590576172,131.62704579778315,126.00118953146871,130.5951352852432,38481400
2022-10-12,126.50723266601562,128.6603343385144,125.2669656790939,127.32085507662566,34605200
2022-10-13,129.2755126953125,130.11890037271309,121.5759400490777,122.56815372132348,34325700
2022-10-14,125.77300262451172,130.76382843262456,125.53486590146892,129.9799863217405,23559400
2022-10-17,132.99632263183594,133.7404829345073,129.16637700182142,129.2854529454353,29612200
2022-10-18,131.76596069335938,136.76671025641883,130.37685265808165,136.02255010394123,25445000
2022-10-19,132.192626953125,135.9332768396588,131.19049656696248,131.85527792886984,30691000
2022-10-20,130.50587463378906,135.70508018627078,130.28758639540368,131.8949678417137,26356300
2022-10-21,128.99769592285156,129.10684003395843,124.46328724863885,125.32650831104277,46348600
2022-10-24,128.7099609375,132.440678957435,123.60005892557997,126.25919191467688,63563400
2022-10-25,136.4392852783203,137.27275620010687,129.57316905393745,129.86091947335717,38433200
2022-10-26,128.80918884277344,134.49456906227655,127.52922470090857,130.65469177666142,82791500
2022-10-27,97.17739868164062,101.70189010182288,95.62954037737664,97.21708813251803,232316600
2022-10-28,98.4275894165039,100.06474342579838,96.75075352345948,98.80463544203202,95928300
2022-10-31,92.43462371826172,98.54665563117554,91.87897894800474,97.45522217208263,121361400
2022-11-01,94.45872497558594,96.73089486642364,92.82157870798524,93.5955040497576,110189600
2022-11-02,89.83502197265625,94.45873350080176,89.77549157791279,93.47644413758876,71821100
2022-11-03,88.21772766113281,89.75565442318421,87.72162078886008,89.37861592545339,60664000
2022-11-04,90.08308410644531,90.67841082153454,87.40410253355893,89.64650764938459,55638100
2022-11-07,95.96690368652344,96.12565393122965,92.37508761392576,94.04200681828185,81987300
2022-11-08,95.7188491821289,97.03849511420917,94.05192999686678,95.17312866285086,52088300
2022-11-09,100.67992401123047,104.0832172597688,99.95560468906787,100.92797743293154,107677300
2022-11-10,110.99893951416016,111.87208476763833,103.79546657050064,106.28592485654346,80671000
2022-11-11,112.13998413085938,114.00535064993957,107.96276554524319,108.37950103418012,59961700
2022-11-14,113.33065032958984,115.36468387805913,109.93728128327324,110.12579673918653,53395000
2022-11-15,116.16837310791016,117.81544379009492,113.51916454422182,115.16623522640658,50670500
2022-11-16,112.34835815429688,115.1761656241988,111.78279666031649,113.60846619527436,33287800
2022-11-17,110.58221435546875,111.45536726035598,108.94506779878482,109.55031876422171,35093800
2022-11-18,111.17753601074219,113.42985753376976,109.75867027139351,112.91390979672886,33357700
2022-11-21,109.00458526611328,111.49504348891325,108.33980397966518,110.65165588402866,24351100
2022-11-22,110.57229614257812,110.75089490974986,107.47658670159785,109.00459669406948,29029000
2022-11-23,111.36605834960938,111.79271052341535,109.86782118321183,110.85011058058302,21343100
2022-11-25,110.54251861572266,111.85224023892982,110.15554835501273,110.43337451628965,12007600
2022-11-28,107.93299102783203,111.16760938845886,107.53610408548704,109.91741816956821,23309400
2022-11-29,108.60770416259766,110.07618368108777,107.6948694302875,108.68708307062184,23899200
2022-11-30,117.180419921875,117.23995788306726,108.5283164674862,108.65730907507884,43348600
2022-12-01,119.502197265625,120.25627408093297,117.47808080192762,118.27184706593415,36551400
2022-12-02,122.52845764160156,123.07417815982849,116.69424428941612,116.91253249670689,39950500
2022-12-05,121.47669982910156,123.6992559627019,120.40510742594151,120.80199434229579,35474900
2022-12-06,113.2314224243164,119.61135638173694,112.8543763993124,118.97634026277038,43689200
2022-12-07,113.04290008544922,114.97771365164438,112.00107273750456,112.87422558377872,29461100
2022-12-08,114.43199920654297,116.42634314272308,113.69775567353206,115.48374322681642,30619400
2022-12-09,114.99756622314453,116.62479604138488,112.98337367800491,114.40223953329871,26033400
2022-12-12,113.81681823730469,114.81895606727694,112.25904322793656,114.28315982857858,24747100
2022-12-13,119.2144775390625,122.33995220727563,117.71623273284158,121.17905642537491,44701100
2022-12-14,120.64324951171875,123.17339725161956,118.46038259218837,118.46038259218837,36922000
2022-12-15,115.2456283569336,117.70631421305104,113.12229154157816,117.40865463061223,34531000
2022-12-16,118.50007629394531,122.34986252333044,117.8948253630125,119.29385024041143,67064000
2022-12-19,113.58861541748047,116.8827642422822,113.43978186458503,115.9203158462125,29769900
2022-12-20,116.17828369140625,116.41642039944615,111.58433757114356,112.37811145796563,28742500
2022-12-21,118.82749938964844,119.40297750767131,114.71973581106239,115.79132071461487,20392800
2022-12-22,116.20806121826172,117.69638163953562,113.48939046500924,116.28743255420459,23618100
2022-12-23,117.12090301513672,117.25981232393049,114.6403688295484,115.12655141032663,17796600
2022-12-27,115.96994018554688,117.67654904396021,115.14640852758335,117.01176764934273,21392300
2022-12-28,114.71973419189453,117.23003328004548,114.61059009501939,115.34482600764325,19612500
2022-12-29,119.3236083984375,120.08760953159305,114.86856393098249,115.49366333718959,22366200
2022-12-30,119.4029769897461,119.48235589188383,116.8232232301799,117.23995868140861,19583800
2023-01-03,123.76872253417969,125.38603554945252,121.32787798283579,121.86367423605601,35528500
2023-01-04,126.37824249267578,128.04516155820883,124.87007365862803,126.38815917777643,32397100
2023-01-05,125.95160675048828,127.51930617905816,123.5702924084817,125.14790852344242,25447100
2023-01-06,129.00759887695312,129.31518262851256,125.05858595795442,127.96577171136643,27584500
2023-01-09,128.46189880371094,131.91479796779146,128.2733757932046,130.13874224666318,26649100
2023-01-10,131.95449829101562,132.4009914039198,126.15996665938663,126.27902745216674,28684400
2023-01-11,131.85525512695312,132.80778677539865,129.32510760262235,129.94029028515095,25423000
2023-01-12,135.64553833007812,136.6079716671771,130.7340685210791,132.40099536982513,30757700
2023-01-13,135.9134063720703,136.3202175567717,133.79007000359942,133.91906260849916,22423800
2023-01-17,134.30606079101562,135.68523736964903,133.2047028656335,135.11966823554255,21147600
2023-01-18,131.98428344726562,136.18134356719094,131.76599520084105,134.7525532778595,20215500
2023-01-19,135.08985900878906,136.37973955851925,131.1110884113673,131.45836918474794,28625200
2023-01-20,138.2847900390625,138.85035899875172,133.56185925032688,134.83189131351588,28688600
2023-01-23,142.1544647216797,142.64063975769045,137.58035884055695,138.20544319256794,27470100
2023-01-24,142.02545166015625,143.87096953007216,140.25931269367496,140.58674499285107,21970200
2023-01-25,140.39825439453125,142.05524964373257,139.21751753588342,140.1204357383766,26622000
2023-01-26,146.153076171875,146.36143256354927,142.18422150401676,143.27564745369034,25482100
2023-01-27,150.55850219726562,151.99720893784095,146.24236683556117,147.08575448002523,35771900
2023-01-30,145.91494750976562,149.9433327979943,145.80580339476526,148.24665581205556,28040100
2023-01-31,147.81005859375,148.71297658740454,146.37135192714462,146.79799650042315,29842100
2023-02-01,151.92776489257812,152.38418988018302,145.9149519766229,146.87740052745855,55661000
2023-02-02,187.3001708984375,195.62484263627775,178.75721095112047,181.95214004621323,150475700
2023-02-03,185.07762145996094,195.23789526478814,181.4659641739447,182.04144994050517,76809700
2023-02-06,184.6112518310547,189.21512212589636,184.0754631723348,185.07759341363374,42483800
2023-02-07,190.1279754638672,192.2711605893038,182.9641916734573,184.13501165753016,47080700
2023-02-08,182.00173950195312,189.34412947288163,181.49571599932648,188.52059034038672,36139100
2023-02-09,176.53466796875,185.1966897369062,175.8897350894869,184.68074948948782,37118800
2023-02-10,172.79400634765625,177.49710464211017,172.00024751549427,174.97688855603946,33433600
2023-02-13,178.03289794921875,179.59068073438124,174.45102100596873,176.83232784369244,31463200
2023-02-14,178.08250427246094,180.096696800279,174.51054416410403,175.78057644351702,24034600
2023-02-15,175.7805633544922,176.80254214167127,173.96481066679146,175.04631984701354,25308900
2023-02-16,171.0973358154297,174.48078822465834,170.45238781526533,171.40491964536324,25827500
2023-02-17,171.5338897705078,171.8315417346345,168.37864269096454,168.89459799541382,24171300
2023-02-21,170.7401123046875,176.78268928982402,170.54167261942416,172.95274431832965,34592600
2023-02-22,169.78758239746094,171.41481205762443,168.36872424999137,169.73798383060884,22433200
2023-02-23,170.700439453125,172.33760115330253,168.06116249947036,170.6607575664448,20017800
2023-02-24,169.0632781982422,169.39071050981784,166.35453925336142,167.32690436229686,19791300
2023-02-27,168.2198944091797,171.77202106868893,167.74363609963024,170.54168584068796,19277000
2023-02-28,173.5778350830078,176.16751296792663,170.53173231868809,170.56149751299935,46051100
2023-03-01,172.06968688964844,176.46520116867393,171.70257268922543,173.23057502664264,30998400
2023-03-02,173.17105102539062,173.64730934892816,170.0951825850901,171.03779768581322,17352000
2023-03-03,183.80758666992188,185.1669145848466,175.67143741347317,177.5268721750104,45877700
2023-03-06,183.46029663085938,188.183243263601,183.20232653393649,186.5361649817629,33209400
2023-03-07,183.07333374023438,188.87778960526148,182.57722691894926,187.52837844576686,36701500
2023-03-08,183.52975463867188,183.81748992709475,179.92801435060838,181.44609997913568,19432400
2023-03-09,180.27528381347656,187.45890028532764,178.89610757316447,184.8990026283273,26582800
2023-03-10,178.11227416992188,183.3313278726715,177.40781092790243,179.60059470599492,25665000
2023-03-13,179.491455078125,182.3490354235612,173.45880901106162,176.5743594721353,24728000
2023-03-14,192.50929260253906,192.8069597193349,185.10737226611835,186.1194344072328,41642600
2023-03-15,196.21023559570312,196.24000079192777,189.35403611904243,191.44760738004953,42123600
2023-03-16,203.33433532714844,204.1578744706101,194.563170324946,196.71627212123454,50447100
2023-03-17,194.0869140625,200.32793130379721,193.90830773144071,198.99836863693588,50141100
2023-03-20,196.26974487304688,197.80767878576955,192.13221650319016,196.9345260838416,25186300
2023-03-21,200.58592224121094,201.9650986580919,196.4086959647701,201.61781781226705,31827000
2023-03-22,198.2542266845703,205.75536020155923,198.11531736536608,200.9232840906904,28477800
2023-03-23,202.6894073486328,206.2613826175449,200.5759873861949,201.26061724106796,27389700
2023-03-24,204.4059295654297,205.96371227058293,201.9650924531236,203.5823904151866,27716400
2023-03-27,201.26058959960938,204.25707871143297,199.7921178085074,203.21525147275494,18527200
2023-03-28,199.11740112304688,199.46468190963645,196.35904875977394,198.59152917076673,19127300
2023-03-29,203.75106811523438,204.1181823011788,200.962935191242,201.9749972989551,18851100
2023-03-30,206.2216796875,206.4697330979613,201.24077810622202,201.7964153232587,22608300
2023-03-31,210.28976440429688,210.51796930568898,205.1600216261787,205.62636325509658,25440300
2023-04-03,211.41099548339844,211.82772345047837,206.57890412277334,207.2139203307019,17924600
2023-04-04,213.04812622070312,214.55629527926422,210.8850924885587,211.72848018695962,21026400
2023-04-05,209.8333282470703,213.51444737094567,208.30532596205177,212.48253674679614,19396600
2023-04-06,214.41737365722656,215.25082948122093,207.02536992733897,207.62070416732274,26104400
2023-04-10,213.07786560058594,213.98078358899562,209.0197157053964,213.0381837191073,16106100
2023-04-11,212.1848907470703,214.33799250651626,211.74831432764745,213.80218866814147,16710100
2023-04-12,212.33372497558594,215.15160815942397,210.92478338366692,213.16718082320352,18972200
2023-04-13,218.63426208496094,219.42802081401916,214.01054330230806,214.05022518277008,23310400
2023-04-14,219.765380859375,220.38054840499984,215.85605711722883,216.18348939989343,21591200
2023-04-17,217.15586853027344,219.25935651194632,215.4393432459834,218.0786199086563,15481900
2023-04-18,216.1934356689453,218.7235835521437,214.52652397270768,218.19771151892738,12281000
2023-04-19,214.0205078125,215.63782110731705,211.27207142203898,211.80787533785914,15898100
2023-04-20,211.41099548339844,215.0623348939927,211.11332832406114,211.8177916231794,16475400
2023-04-21,211.2323455810547,211.74830087486373,207.94812109811113,208.57322048984176,17717200
2023-04-24,211.13314819335938,212.25435452781917,209.06935700458934,212.01621778758587,15750900
2023-04-25,205.93394470214844,209.61504884053275,205.51721678874523,209.1784875550475,19198200
2023-04-26,207.76954650878906,212.44287978251066,207.25360627617584,210.84541509081166,41992700
2023-04-27,236.70248413085938,239.8081176766573,234.9264283723866,238.02213009217323,71196500
2023-04-28,238.44879150390625,238.5579204709665,233.91436785871295,237.1489789055397,39554000
2023-05-01,241.2864990234375,242.10012145288675,234.61883747613797,236.76200737278006,29143900
2023-05-02,237.37721252441406,243.01297910850474,237.12915909786122,241.2865218093042,24350100
2023-05-03,235.18438720703125,239.8676365865375,230.93771423171293,237.60539080118016,34463900
2023-05-04,231.7017059326172,236.34525794910945,231.11628844816386,234.22192161729876,17889400
2023-05-05,230.9674835205078,232.85268332838044,228.0603049028967,230.43169483131584,27000500
2023-05-08,231.4536895751953,233.7853826412468,228.4770485325923,229.61808820959843,16400500
2023-05-09,231.55288696289062,234.043352831237,229.2807244414687,229.6577704607354,16865600
2023-05-10,231.26516723632812,234.9065896390676,228.92354233696676,234.3311038856675,19119000
2023-05-11,233.95404052734375,236.35521078761784,230.49122471674158,231.23538492451843,20449000
2023-05-12,231.98944091796875,235.11492259304225,229.64781640285656,234.89663440722848,16161400
2023-05-15,237.00015258789062,238.38924563922228,233.4976396213384,235.07525568820336,20653200
2023-05-16,236.96046447753906,237.77407177480512,233.68615649688385,233.9540432740443,18163800
2023-05-17,240.60189819335938,241.94137756334118,236.2857626745779,236.5933464897594,21193100
2023-05-18,244.9279327392578,245.16605431320838,239.31200014059405,239.42114424198073,22943300
2023-05-19,243.72732543945312,246.7535796661026,241.5146935563519,245.5430779754428,21733600
2023-05-22,246.386474609375,251.59559571740687,243.21137915535476,243.49912956161424,27738500
2023-05-23,244.8188018798828,249.65087751904687,244.72949114484263,244.8882489627154,17748100
2023-05-24,247.2695770263672,247.64660792831876,243.04273707413475,243.3701694042358,17724300
2023-05-25,250.72244262695312,253.62962104103107,247.2298467160668,251.42690576416305,22371400
2023-05-26,259.9996643066406,260.2675510820646,250.7423094564224,250.9605825230714,25727200
2023-05-30,260.4759216308594,266.5581962700264,259.25551819647967,263.18467584953015,23816500
2023-05-31,262.6588134765625,262.93663210305795,256.43764444041886,257.97556357281155,25473700
2023-06-01,270.48736572265625,271.866557317883,263.8197186411394,263.8296201878953,25609500
2023-06-02,270.48736572265625,273.20605188620755,269.0089769801132,270.5369945762739,19416900
2023-06-05,269.2768859863281,273.4243319144258,267.4611179895091,268.1953464254039,20742900
2023-06-06,269.00897216796875,274.41654891819206,267.59011385118043,268.0366221259544,19419000
2023-06-07,261.5475158691406,272.11458484922684,260.75372680643784,269.5546870369073,26163600
2023-06-08,262.5198974609375,265.56600090360325,256.8642973226566,258.59073953708463,20899400
2023-06-09,262.88702392578125,265.86366493518454,259.6623294989277,260.43625495017426,16949800
2023-06-12,268.9394836425781,269.6340452732035,263.2640206504683,265.0897203172627,15442500
2023-06-13,269.2074279785156,273.57316219648015,266.9947805297934,272.73970632322903,16164000
2023-06-14,271.22161865234375,272.8488333609741,266.23078499484023,269.77299514100963,19175100
2023-06-15,279.63555908203125,281.7787441952247,269.3066416531064,270.1797642281489,25973500
2023-06-16,278.8120422363281,285.6087119553762,277.94882118522963,282.53284351172397,43127700
2023-06-20,282.1161193847656,282.58246105378674,274.06928048735443,276.5597466644631,20701600
2023-06-21,279.4470520019531,281.78866155656544,276.1925623349365,281.32231995476303,20556200
2023-06-22,282.6618347167969,283.0388807556065,275.6270434409826,276.90697727173125,17563100
2023-06-23,286.48187255859375,287.41455585917544,276.7780237818679,279.31808843197484,51092000
2023-06-26,276.3017272949219,287.5335927129634,275.4385062924321,286.45208350341085,24232700
2023-06-27,284.8149108886719,287.0970204097257,278.4647497013113,279.81417598610125,26108300
2023-06-28,283.06866455078125,287.29547446574816,281.84823075760875,282.60232288476834,16722100
2023-06-29,279.337890625,284.33865559418587,278.50443484346164,282.2847661968472,15395700
2023-06-30,284.7454833984375,286.7993426355483,282.20541888378625,282.542767890268,19694900
2023-07-03,283.7929382324219,287.1466252255622,282.6320652147703,284.4676665294726,8629300
2023-07-05,292.07794189453125,295.7987432678793,284.1303004714729,285.41026462229314,33865500
2023-07-06,289.7164306640625,295.79870469399134,289.0417327035368,293.58608781168573,47600500
2023-07-07,288.2678527832031,293.893717936311,286.4124179592206,289.9049993761313,25586000
2023-07-10,291.81005859375,295.8086786396994,284.8149337600443,293.2487503073784,37058300
2023-07-11,295.9674377441406,297.8427059212955,289.6271775662314,291.61160499769574,27585900
2023-07-12,306.9313659667969,307.04052521355806,297.7633215569858,299.4004680187438,36677100
2023-07-13,310.9696960449219,313.77764746289074,307.87399417862326,311.17805244131847,30281000
2023-07-14,306.46502685546875,312.4282406131699,304.9667745464392,309.36230405201036,23054100
2023-07-17,308.2013854980469,309.2828946951575,302.3373994520956,305.1453809142804,25323100
2023-07-18,309.62030029296875,311.7535841601705,305.2248004813134,308.45942711831395,20731900
2023-07-19,313.5494384765625,316.1986319082592,308.1021650649504,310.59263096242654,21763700
2023-07-20,300.1644592285156,313.0831001900084,299.86680724874,311.05897588766237,23836900
2023-07-21,291.96881103515625,303.0815862304324,288.93263955652174,302.1985317891098,42139300
2023-07-24,289.3393859863281,295.2033718464492,286.0551614764398,293.4769299160423,24915700
2023-07-25,292.1771545410156,295.97731949491924,289.5874611705835,292.89154957975995,19585600
2023-07-26,296.2452392578125,299.42030479674065,289.62716083305537,298.844834198046,47256900
2023-07-27,309.28289794921875,322.81670621390026,307.4274633309865,322.58848618129997,64229200
2023-07-28,322.9457092285156,323.66010426666475,311.80313905459457,314.4126657950555,39220300
2023-07-31,316.1192932128906,323.12431956427827,315.1171476788954,321.16965734963014,25799600
2023-08-01,320.197265625,321.6161541887826,312.2099576770772,315.06753789734006,22817900
2023-08-02,311.8626708984375,315.9109195600562,308.23116529432224,315.5239417009489,20461100
2023-08-03,310.7514343261719,313.4899540322173,307.516807733087,307.516807733087,15180200
2023-08-04,308.310546875,315.9307401558167,307.7846748712968,312.50759107890946,17612800
2023-08-07,314.0951232910156,314.60116189806973,308.04261449667547,310.79106544719536,16236500
2023-08-08,310.2056884765625,315.41481011229837,307.6953588862012,311.95196390121913,15183500
2023-08-09,302.83355712890625,311.1880104193689,300.49194715939456,310.44385008974183,19955800
2023-08-10,303.3594055175781,309.90802196268254,301.503970752123,305.5422877592659,14358900
2023-08-11,299.29132080078125,302.34732532437346,298.02125834115725,300.2140721691434,14046300
2023-08-14,303.8058776855469,303.82571105631087,295.9276994586192,298.63645342569663,15641900
2023-08-15,299.5989074707031,304.8377940471984,297.6938440429067,303.75628486098515,11623600
2023-08-16,291.99853515625,298.735643383371,291.9886033311289,297.862520891398,18547700
2023-08-17,282.8702392578125,293.74489443682864,282.7313450661638,290.76825292476497,23950100
2023-08-18,281.0445251464844,283.4655289505489,272.2435946407065,276.85738220141786,35347900
2023-08-21,287.6427307128906,288.23806495812437,279.65542295254005,281.2429708465109,20181500
2023-08-22,285.36065673828125,290.6193770623764,284.51726906518275,290.2720962228701,12980200
2023-08-23,291.948974609375,295.08437380572434,285.4301530502176,286.2536771691502,18287000
2023-08-24,284.51727294921875,297.12830035290386,284.4081439787186,296.1757836977918,18360900
2023-08-25,283.2770080566406,286.1445201506835,273.8807432156826,283.90210752516674,23701400
2023-08-28,287.99993896484375,289.180675611169,283.57464435762574,285.7575264634264,14239300
2023-08-29,295.669677734375,296.8206489756466,285.9360661642578,286.3329454902252,20844500
2023-08-30,292.80224609375,295.9674099723324,291.14523602077895,294.85613555978125,17717000
2023-08-31,293.5860900878906,298.7555143501628,293.3578700641985,293.49676421952233,17229900
2023-09-01,294.072265625,299.3905158783328,292.17713405399326,297.038974539007,12842300
2023-09-05,297.8129577636719,299.0433234319612,293.20910160479315,294.7073238109135,14956000
2023-09-06,296.84051513671875,300.93833130496165,293.35783619097367,299.3607155319191,15418100
2023-09-07,296.344482421875,304.6592078858521,289.9446918732,295.6796859122459,33748700
2023-09-08,295.5705261230469,302.8732037411154,294.4691532729565,296.89015689806655,17548000
2023-09-11,305.1652526855469,306.63373990822015,298.93415166603296,299.0631442958572,19489300
2023-09-12,299.3111267089844,306.2566211780148,297.8922686774997,303.94474677654966,13480400
2023-09-13,302.6846923828125,304.78818046723666,298.97382303689284,300.00570342701496,13210900
2023-09-14,309.29278564453125,310.4338250848142,302.65487507424916,304.35155163814727,19343100
2023-09-15,297.9716491699219,309.5706280070703,296.4237984522829,309.18365018768327,28131100
2023-09-18,300.19427490234375,301.2361175666525,295.48125932370203,295.86823724243555,14234200
2023-09-19,302.69464111328125,303.7860822406688,297.47558735502014,300.12481126059,15924400
2023-09-20,297.3366394042969,305.66129510671567,297.0984875686937,302.67472271647927,19379500
2023-09-21,293.4273376464844,297.92206402517564,290.98647039875095,293.39757244980257,21319600
2023-09-22,296.7512512207031,303.00221551221176,295.947560570074,296.9695394393899,25369600
2023-09-25,298.48760986328125,298.6067009327977,291.41315219064484,293.3380490350795,18987000
2023-09-26,296.6321716308594,297.9617342313641,293.7051596565991,295.34230605304384,19417200
2023-09-27,295.4217224121094,298.9540010613926,284.55699964331745,298.1106435688091,36429800
2023-09-28,301.5932922363281,303.944834051272,294.3898407804168,296.6123899591044,22167100
2023-09-29,297.8724365234375,308.22124738927045,297.0290489070334,304.98662136210095,25373700
2023-10-02,304.43096923828125,304.7881515825602,299.2813784819107,300.3827209900587,16265600
2023-10-03,298.5967712402344,304.38136336068993,297.30690563751256,301.89092774805414,17362300
2023-10-04,303.2005920410156,304.51032114563077,296.1757336907266,296.40395369954626,16880500
2023-10-05,302.41680908203125,303.8257355185984,297.1679903566098,302.25805126327083,19130000
2023-10-06,312.9739685058594,313.8471214300376,298.5670360967991,299.0929081606846,21803900
2023-10-09,315.881103515625,317.8357654962619,309.392048448092,310.066746421115,22503700
2023-10-10,319.33404541015625,322.13209523981016,315.6827063546983,316.63522300395726,19038000
2023-10-11,325.2674560546875,326.2795029836983,320.43538086899065,320.49491126011156,22036300
2023-10-12,321.63592529296875,327.96625213981815,320.1773702662497,325.446021422368,20530500
2023-10-13,312.2397155761719,322.5190344437851,309.93777264367094,321.0108805983314,21341000
2023-10-16,318.6493835449219,319.3141799633307,313.0632162730603,316.15894806212225,16536100
2023-10-17,321.4772033691406,321.87408274940765,314.8293601998335,315.70251300439446,16387800
2023-10-18,314.501953125,323.4021105297396,313.1029282837248,318.8875506594912,16851000
2023-10-19,310.3743591308594,319.3836763111059,309.3226150513973,317.3893171227114,18709200
2023-10-20,306.2467041015625,312.8449181089046,304.08368584423033,311.69397704496873,22312300
2023-10-23,311.56500244140625,314.88889377974385,304.86756063676694,307.09010941272055,17796800
2023-10-24,310.11639404296875,315.8712519348251,308.2113606083932,314.313469087205,19525500
2023-10-25,297.19775390625,308.4593849099364,296.5131240641257,307.5862320515774,42192500
2023-10-26,286.1048278808594,292.7030429628435,277.2245031094945,292.7030429628435,66684100
2023-10-27,294.41961669921875,296.979515022852,290.688883059231,292.1871356118785,29596300
2023-10-30,300.3033752441406,306.9908852950392,296.7214683615975,296.7611653844392,28435100
2023-10-31,298.9242248535156,301.31546361894567,294.548558592787,300.94834937710914,19434200
2023-11-01,309.4217834472656,310.3048377093164,299.49964853011716,299.49964853011716,20434600
2023-11-02,308.4494323730469,316.3375424870294,305.92920138835984,314.82935845841877,21631800
2023-11-03,312.15045166015625,313.0930365542395,308.59830948003787,310.1163953056302,16764300
2023-11-06,313.34100341796875,315.8513022995217,312.0015394501464,313.51962485630366,12887700
2023-11-07,316.33758544921875,318.5006040914344,312.66638257356414,314.59127961258827,14055600
2023-11-08,317.29010009765625,318.82801924162567,312.4282589574089,315.66288535306535,13609700
2023-11-09,318.0540466308594,321.6557867220615,316.3176728894775,316.93287073587214,16103100
2023-11-10,326.2100524902344,326.53749993312164,316.9725463498959,317.44881977593377,19096200
2023-11-13,326.6268005371094,329.7423355253946,323.1639847295043,323.66009153425944,16908900
2023-11-14,333.6913757324219,335.46744667370785,330.73456810569553,331.93516844363756,17179400
2023-11-15,330.1194152832031,335.76511372075856,327.45035797842024,335.29877206542585,14531200
2023-11-16,331.58782958984375,331.97477710647036,323.83864463327063,326.8053532872348,18932600
2023-11-17,332.4313049316406,332.8877147805215,326.7856062436665,327.6885243942522,14494400
2023-11-20,337.3228759765625,339.20807585654825,331.58788228778786,332.28244395513093,16960500
2023-11-21,334.35614013671875,337.25338680796017,333.2845325230063,335.69560423392653,12027900
2023-11-22,338.8310241699219,340.2499126792458,335.9436788615161,336.5687782957013,10702700
2023-11-24,335.59637451171875,339.19808399039766,334.1477210368185,337.48157405801305,5467500
2023-11-27,332.0939636230469,337.25345710089465,331.59785673402524,333.5624206353755,15684500
2023-11-28,336.3504638671875,336.73744168864545,330.8039937193066,330.8039937193066,12637200
2023-11-29,329.6134033203125,337.2534306439208,328.2044465428384,337.04507424526616,16024500
2023-11-30,324.6026916503906,330.9032544248157,319.88967678227107,329.305804972317,23146400
2023-12-01,322.2908630371094,324.314957194441,318.26247781580844,322.9457277162317,15276400
2023-12-04,317.5282287597656,318.3616846640582,311.21776393585293,314.8195046408047,19037100
2023-12-05,315.81170654296875,319.3737500866392,312.9342928735929,316.4963364172633,16952100
2023-12-06,314.97821044921875,319.74082348141286,314.5713992512257,319.42330787127855,11294300
2023-12-07,324.04705810546875,325.684204601207,315.2957262890319,315.2957262890319,15905100
2023-12-08,330.1590576171875,330.57580062992184,320.4849755382466,320.5742711238423,14087400
2023-12-11,322.74725341796875,327.3213740695982,317.50836658058734,326.8351687929006,25802500
2023-12-12,331.6175842285156,331.8656375938269,322.0327985592943,322.0724955761306,18485500
2023-12-13,332.133544921875,335.7352848543165,330.04992074802453,331.329854390829,16353300
2023-12-14,330.5758361816406,332.0939218599385,326.08110954354635,331.2505341986713,19607300
2023-12-15,332.31219482421875,336.02306402754414,328.64099236363404,329.40498594080213,31776900
2023-12-18,341.9366760253906,344.85378668804714,334.3958459469585,334.85228604462384,18993900
2023-12-19,347.6319885253906,350.84678160666897,342.4327982605504,342.8892080987716,17729400
2023-12-20,346.5603942871094,352.196160744239,345.0820055877461,345.9352948214848,16369900
2023-12-21,351.3329162597656,353.6348591200321,346.49090896056947,350.2315736784916,15289600
2023-12-22,350.63836669921875,354.4186979641028,348.4852499373512,352.81128655167174,11772800
2023-12-26,352.067138671875,354.2004221377004,350.6979093378439,352.2258964816082,9898600
2023-12-27,355.0437927246094,356.2046960041271,352.5434252578998,353.29751731228595,13207900
2023-12-28,355.5299987792969,359.08211028758853,355.0239601332717,356.8992584473952,11798800
2023-12-29,351.2039489746094,357.1969281361714,349.08062742515625,356.19478262042475,14987100
2024-01-02,343.5936584472656,350.41016108257946,337.3625582064885,348.58449167928967,19042200
2024-01-03,341.787841796875,345.24075624582997,340.507877692872,342.29388045472786,15451100
2024-01-04,344.4172058105469,345.43918468397345,340.72616973060616,341.81761082843025,12099900
2024-01-05,349.2095947265625,350.7475137214206,343.56389682163444,344.28819338310336,13920700
2024-01-08,355.8673400878906,356.18485571303864,349.3087923232341,351.93818263654276,13890200
2024-01-09,354.64691162109375,357.8319391849978,352.5930221333329,353.62493279017207,13463900
2024-01-10,367.5854187011719,370.03618780504775,356.2840898762662,357.36562947931844,22117200
2024-01-11,366.7915954589844,369.8773650575961,360.1040555578914,369.2324323076566,17205400
2024-01-12,371.5740966796875,374.124093141166,366.6626570609986,367.277824706656,19310000
2024-01-16,364.59881591796875,372.68535103334375,364.37062615979,370.74062077604117,15306900
2024-01-17,365.50177001953125,365.6704596782648,355.8177542418374,363.4478803135723,12724800
2024-01-18,373.2012939453125,373.9156889250279,368.0616349334474,368.59740845826764,16354300
2024-01-19,380.46429443359375,381.36718210960373,375.0269533277706,376.04893206387004,21670800
2024-01-22,378.80731201171875,387.3105899434806,378.19214441636774,384.9292833279464,17680500
2024-01-23,382.20068359375,385.3559155148058,379.10495178521484,381.6251827598736,15506100
2024-01-24,387.6578674316406,393.0654134087709,384.7903555799496,386.96330579643376,15698500
2024-01-25,390.1185607910156,392.4105719303832,382.65712494527804,387.13201825545184,15091100
2024-01-26,391.07110595703125,393.70046609647795,388.5409429594839,391.2794623469608,13163700
2024-01-29,397.89752197265625,399.7926537489581,390.03920652616733,391.91447464954996,18742400
2024-01-30,396.9449768066406,403.1959104756482,396.4588018243719,400.4474896600289,18614700
2024-01-31,387.10223388671875,394.90101835810526,384.0858960218771,385.97109583241945,20180800
2024-02-01,391.70611572265625,397.3815791884309,389.9895751539661,390.8726598643205,29727100
2024-02-02,471.29156494140625,482.1761501937465,449.48272769119956,456.021412191709,84707600
2024-02-05,455.8328857421875,468.2256247901911,455.6443627225016,466.22136407769085,40832400
2024-02-06,451.17938232421875,463.4828252605775,449.4727736721461,460.3871235847148,21655200
2024-02-07,465.93353271484375,467.848497498066,452.62794607813487,454.43378191099606,23066000
2024-02-08,466.3404235839844,466.9258260140374,461.4091204468022,464.67351189027835,18815100
2024-02-09,464.46514892578125,469.9024910003543,463.8301478919399,469.26748996651287,18413100
2024-02-12,465.24896240234375,475.41915205194476,462.947019526659,464.5444992074422,19382000
2024-02-13,456.5373229980469,464.2468421541009,451.54648973334866,453.3126287541774,20916600
2024-02-14,469.5948486328125,470.4183725927847,462.4608304684062,464.2864998480657,16858400
2024-02-15,480.2611999511719,484.81545723804714,468.5431584801579,471.5793300047414,24212300
2024-02-16,469.63458251953125,475.23065188428683,465.556568581848,474.3872642070569,23324600
2024-02-20,468.0768127441406,472.47231216578257,462.92722122128373,466.0626201453324,18015500
2024-02-21,464.8784484863281,465.84191805812145,458.68047616341727,463.3587521836112,12921800
2024-02-22,482.8565673828125,486.69056087896115,472.85436813311964,477.00621413077533,21625800
2024-02-23,480.770751953125,491.031180902857,479.1020716150301,484.7636721147276,18374300
2024-02-26,478.49615478515625,482.8665512765611,477.3638468302636,480.21451660164433,12101400
2024-02-27,483.7703552246094,483.9888750302903,476.68839173449226,476.7479852894886,10809600
2024-02-28,480.7607727050781,487.7434340041243,479.4993353400965,481.73418465032995,12715500
2024-02-29,486.8296203613281,488.38905573969606,479.360238325875,485.1509978759403,17732000
2024-03-01,498.91766357421875,500.8545450353312,488.5380486516633,488.7962772842843,16273600
2024-03-04,494.8353576660156,501.023417843007,493.0772871660998,499.61296631053943,12324100
2024-03-05,486.9190368652344,492.24293001218,484.60473958064495,491.6668488599236,15325300
2024-03-06,492.74951171875,499.583189220119,490.96164437082433,494.2791504217165,11757900
2024-03-07,508.7410888671875,516.3494823533294,498.0038821618696,499.8910821445539,18586400
2024-03-08,502.54315185546875,520.0445011354961,495.9875874923853,510.72765736734266,18597100
2024-03-11,480.3336486816406,493.9712059583507,472.79476106595894,493.66329582884157,20428300
2024-03-12,496.3848571777344,498.9276166024425,481.4660075501953,489.9385682821363,15448200
2024-03-13,492.2330322265625,497.6066070345607,487.72359432803495,492.05425155124124,12090700
2024-03-14,488.5181884765625,497.9741037778643,484.8729178506202,496.8914470652399,12620000
2024-03-15,480.84027099609375,488.5182008794358,478.05910688483056,485.71721266457956,29153600
2024-03-18,493.6335144042969,494.0705540169501,483.5319824334074,488.5976468076453,11755300
2024-03-19,492.8985290527344,493.28591751458134,478.03927158062527,484.8828919098991,10903100
2024-03-20,502.1160583496094,504.77803554414277,491.8357745662414,496.1366050726963,11711100
2024-03-21,504.3409729003906,511.5719209963109,502.6027566454652,511.24418672335725,9712500
2024-03-22,506.148681640625,506.5360700886192,500.9439753750218,503.5860676514322,8120600
2024-03-25,499.6328125,503.80454316153504,496.87153334771386,502.3841796013196,8380600
2024-03-26,492.5509033203125,506.5658780636044,491.87545911237584,501.72867541124447,11205400
2024-03-27,490.5345153808594,496.5239406969625,484.78352491807254,495.93788686349995,9989700
2024-03-28,482.310302734375,489.57110826984064,481.88320544172586,489.5214267607809,15212800
2024-04-01,488.0414123535156,494.08045824129323,478.53584639701245,483.9193631882776,9247000
2024-04-02,494.0209045410156,494.17983080247325,481.38655471994537,481.83353672480007,11081000
2024-04-03,503.3277893066406,503.82442249033096,495.3916007311355,495.57038140236386,12099200
2024-04-04,507.4797058105469,526.4312162585362,507.1419685443488,512.9426409502,26476300
2024-04-05,523.7891235351562,527.1264840478417,510.94613579364227,513.3796505682054,19263300
2024-04-08,515.7536010742188,527.9111726495528,515.3960397041614,525.7160926076674,13260600
2024-04-09,513.4193115234375,522.3288800381697,503.32769320807216,518.7133766013989,10863800
2024-04-10,516.3297119140625,519.0413099030587,502.3941546225541,505.8606751200009,11418500
2024-04-11,519.6372680664062,520.3325667313413,513.8067986443587,517.6010838952341,10369500
2024-04-12,508.45306396484375,516.6872509060779,505.9003620426098,514.2636784657437,11984500
2024-04-15,496.8616638183594,515.0384571853876,493.93151580388917,513.2405867962719,13512900
2024-04-16,496.39483642578125,501.3710805844467,493.7626561595775,494.75592258091154,9847900
2024-04-17,490.8424987792969,499.77195453488656,483.8598367935751,499.7123609723866,12193700
2024-04-18,498.42108154296875,508.76101901000555,495.67968681337135,496.45443341487936,14808700
2024-04-19,477.8306884765625,499.41434858815046,472.5266493809035,499.41434858815046,25215400
2024-04-22,478.4862060546875,488.69698284246,470.2122804474179,486.4223944308952,17271100
2024-04-23,492.75946044921875,495.4015526749956,485.6774662629057,487.94211241184524,15079200
2024-04-24,490.17694091796875,506.56583559911667,481.31699178938914,504.63889646618475,37772700
2024-04-25,438.40789794921875,442.7683213792549,411.70889412672494,418.5624257469969,82890700
2024-04-26,440.3050842285156,443.433867420502,429.05135860219434,438.48738968690355,32691400
2024-04-29,429.7068786621094,436.7988148712777,425.6742197513567,436.60014947867506,21502600
2024-04-30,427.2734375,436.65978716345234,426.826455477513,428.1474865043682,18429500
2024-05-01,436.2326354980469,446.9301028028631,424.23396143290347,425.7139488551081,20344900
2024-05-02,438.7059020996094,440.9705483091824,429.3692038781096,435.8850291236209,15221300
2024-05-03,448.91668701171875,451.11182764572453,440.8613108178751,442.9272916540199,16489100
2024-05-06,462.5442810058594,463.02105978106573,450.28737750238747,452.5122844958483,15094600
2024-05-07,465.0870056152344,468.3548602507181,458.2036773866879,463.15015450497714,13406800
2024-05-08,469.4176940917969,472.3776084845462,459.8823308455416,460.37896403219986,11683900
2024-05-09,472.21868896484375,472.87421806387255,464.481135815607,466.83517215291295,9437700
2024-05-10,472.9934997558594,474.2847340273294,466.43793506604857,473.87749114181366,10750000
2024-05-13,464.8586120605469,470.1626509363038,459.73335385977305,469.5666850409423,14668800
2024-05-14,468.6727600097656,469.3581162552764,456.9819950045203,460.2498499695703,10478600
2024-05-15,478.2974548339844,479.25098197914036,468.0270850959641,471.78163043660237,13100500
2024-05-16,470.0434875488281,474.4734473766368,469.56670874605277,471.8015582324169,16608200
2024-05-17,468.7323303222656,469.6163216180006,465.2658404350713,467.65958568158874,10807300
2024-05-20,465.6829833984375,470.013640367692,463.8951161258971,466.7855247891009,11745100
2024-05-21,461.50140380859375,467.53053854336395,459.1572791821748,463.9746276136805,11742200
2024-05-22,464.63018798828125,470.5301932433233,462.51452555786585,464.71957833310466,10078600
2024-05-23,462.6436462402344,471.16585905076363,458.43220618871834,469.6958441033179,11747900
2024-05-24,474.99981689453125,476.61884583287923,463.16006911923665,464.4711879258589,12024300
2024-05-28,476.6884460449219,477.6220886169313,471.64263552507384,473.37090944104057,10175800
2024-05-29,471.1658020019531,476.618854768797,470.5102728984341,471.4638000883628,9226200
2024-05-30,463.905029296875,468.55353877845073,461.5807897121286,468.49394522336104,10719600
2024-05-31,463.6865234375,465.9611118987805,451.3998233629331,462.66346029491183,16919800
2024-06-03,474.2748107910156,476.370618865676,465.0870956775249,467.6894490543309,11279400
2024-06-04,473.778076171875,475.66530636538874,470.0434155478428,473.78801853460345,7088700
2024-06-05,491.7264709472656,493.3057609159678,480.651556438236,481.18792879186043,15690500
2024-06-06,490.43524169921875,499.4342331212912,487.5845718978277,489.6604950970564,10667300
2024-06-07,489.6405944824219,495.5505416682554,486.8694030600324,492.57074247783544,9380700
2024-06-10,499.21563720703125,499.2752307587235,490.08751769050286,490.5344693281946,11220900
2024-06-11,504.0528564453125,504.18198591577544,494.91479425221536,496.7920821312561,9673700
2024-06-12,505.4136657714844,510.5488663402382,501.0730965012288,510.5289816127229,11983200
2024-06-13,500.70556640625,505.930126725215,497.9839960314029,502.30471065857984,9954600
2024-06-14,501.2624206542969,504.2352263741651,497.872015470044,499.76108944033547,10243300
2024-06-17,503.71820068359375,507.8145165497157,493.15924290347647,498.786716272725,11266600
2024-06-18,496.61920166015625,503.0917955375381,492.1748915017007,501.6600694232584,13060400
2024-06-20,498.8165283203125,500.7752071040244,493.9148400723255,499.1147919555252,11801200
2024-06-21,491.9363098144531,500.55649337523585,489.5600618320149,500.55649337523585,22359200
2024-06-24,496.04254150390625,504.88143086237153,491.4490995948573,496.33088323813683,13525300
2024-06-25,507.6654052734375,507.7747584998529,492.6521843048923,494.1932637637257,12063200
2024-06-26,510.1709289550781,510.8569657298351,501.7794339307379,503.7381129188355,8882300
2024-06-27,516.5738525390625,519.8747782877508,510.9464098062174,511.294373925033,10121200
2024-06-28,501.3220520019531,518.8805567277017,500.9442311555743,514.1777613035174,15855100
2024-07-01,501.7794189453125,503.668492907454,490.33559160328457,502.0478865791812,10328200
2024-07-02,506.5716552734375,507.5659077862411,496.5794296566328,497.8818980210312,7739500
2024-07-03,507.029052734375,508.34147346230577,503.111695021788,503.45968950388533,6005600
2024-07-05,536.806884765625,537.7613890905714,508.659626943001,508.659626943001,21354100
2024-07-08,526.27783203125,539.6902908773806,523.6231943865845,539.2329128015355,14917500
2024-07-09,526.9539184570312,534.3909090570122,525.1543235402414,530.6823659932838,8753200
2024-07-10,531.6168823242188,535.782802810221,525.3232468812585,527.7392732226358,10983300
2024-07-11,509.7532958984375,532.3824937070442,505.44816535369097,527.8387522591509,16458300
2024-07-12,496.00274658203125,505.1697559706881,491.3894306970728,494.8991408562319,19750500
2024-07-15,493.3083801269531,503.76790669294775,490.5344068407608,495.764185294849,12539200
2024-07-16,486.9749450683594,501.05356424233753,482.99793503081224,498.6176334574685,14075800
2024-07-17,459.3347473144531,476.41602998115064,456.4812472174527,476.41602998115064,28076600
2024-07-18,473.11505126953125,476.48555141727223,461.8700580864728,472.2699305884637,19267200
2024-07-19,474.0497131347656,483.9126820908743,472.97590331818924,473.32389780212014,15149400
2024-07-22,484.5986633300781,489.23188362973013,481.1187795736259,483.78336899644364,12023100
2024-07-23,485.8812561035156,492.3737237074945,484.91682996591794,487.0246404087884,9455500
2024-07-24,458.6188659667969,473.5624806822974,457.93282927520823,469.5954226900346,17649700
2024-07-25,450.8040771484375,460.88578278239254,440.10590941212183,460.5974713733936,18240500
2024-07-26,463.0234375,467.0700224305545,456.7795325266989,461.5320586336811,14222400
2024-07-29,463.0333251953125,471.23590835425637,462.34728854009927,467.1793714880281,11339600
2024-07-30,460.5278625488281,470.0130408141906,454.07517290776104,464.315962513696,11390400
2024-07-31,472.1009216308594,473.7613367281888,464.06737443417023,468.3128218694942,24285800
2024-08-01,494.8792419433594,524.1400864636705,489.2716734818862,518.0055653777843,43083100
2024-08-02,485.3345031738281,498.269709518672,473.4133932666961,486.1895458886483,24044700
2024-08-05,472.9957580566406,480.70121501811934,448.20901989340217,448.7558769798466,21396200
2024-08-06,491.250244140625,499.6715645445627,475.8989821739981,476.24697663872547,20955000
2024-08-07,486.1099853515625,507.21794823147314,484.0617971194812,500.2383060346242,20105300
2024-08-08,506.7009582519531,507.0290482599496,491.876648319754,494.64066933875364,16156800
2024-08-09,514.794189453125,515.3609207187151,502.7935532579475,504.7919803564355,13696600
2024-08-12,512.984619140625,515.0427292166193,506.1739830538234,513.8893622667638,9767400
2024-08-13,525.502197265625,528.4452065274616,515.1719598564413,517.0212549519154,13743800
2024-08-14,523.7325439453125,530.9309235361922,520.1234019137161,525.0250602739767,11444200
2024-08-15,534.2417602539062,536.667738996692,523.6728503857054,528.7335620768248,13482100
2024-08-16,524.388671875,530.5927981833395,521.6445250806896,528.842964640351,14776700
2024-08-19,526.2379760742188,528.6042411215221,519.7554305554554,523.8417936399916,9879700
2024-08-20,523.7025756835938,528.037562503202,522.8574853714238,525.3132598043475,7944400
2024-08-21,532.0841064453125,536.299787744821,523.9014283237659,524.1201954153424,13423300
2024-08-22,528.872802734375,541.1020981439891,525.5520328797932,533.9136709320021,15708300
2024-08-23,524.9653930664062,536.7671670292674,522.0422878821846,533.8341096091634,11323900
2024-08-26,518.1249389648438,524.9654020892407,511.99041707220374,524.5676767533054,9584000
2024-08-27,516.116455078125,520.9982688988101,512.3482599012927,515.9971496313474,6282700
2024-08-28,513.8097534179688,518.0949785761974,509.50462379394816,514.6945918805069,9106100
2024-08-29,515.2415161132812,524.169945083232,512.7161365376401,516.0667627034325,8317400
2024-08-30,518.3137817382812,520.5309454515676,512.2389133705824,518.3535299929398,9157500
2024-09-03,508.81866455078125,522.4697318344816,505.69669716450665,516.6533790353354,12459100
2024-09-04,509.79302978515625,513.6209384157157,501.17287738796614,503.161382437288,8335200
2024-09-05,513.8892822265625,518.6318856057995,508.21210950371375,508.77884065529906,8640900
2024-09-06,497.3947448730469,521.5650538628864,495.3863655135682,518.880559665027,14744500
2024-09-09,501.8887939453125,508.39118430369916,499.1943474697526,503.25091519461813,11047800
2024-09-10,501.8887939453125,511.2248103696218,497.1561417136968,505.239420456012,9899000
2024-09-11,508.88824462890625,510.17083885199577,492.7515459442201,504.0959706304443,10782500
2024-09-12,522.5791015625,523.6827679826088,512.2587555239991,514.07825463183,11970500
2024-09-13,521.6048583984375,524.5478683032711,514.1380107433177,517.3494883022121,10321400
2024-09-16,530.7208251953125,531.5368365725262,514.9170282546622,522.0227173210484,9527600
2024-09-17,533.7462158203125,539.4984461028365,528.0238099822781,535.02004153394,11690800
2024-09-18,535.3684692382812,541.5884764077421,531.3379167409221,534.4926873694405,10323500
2024-09-19,556.4168701171875,559.3726487545077,543.8972849270339,547.360565064833,15647000
2024-09-20,558.6561279296875,561.791035774312,553.6303743905208,557.3126307061377,22066800
2024-09-23,561.7013549804688,571.2254355902388,559.7109530325689,566.7669546644623,12830700
2024-09-24,560.6265869140625,565.0253582522924,551.5304353488232,563.9604859111224,12993000
2024-09-25,565.5827026367188,574.1115828691105,561.0147031201811,561.3431364723867,16543400
2024-09-26,565.114990234375,574.6291098304922,559.6512854533856,572.967080344701,14400800
2024-09-27,564.6373291015625,568.1006705261619,561.8010300244408,567.364170626601,9398400
2024-09-30,569.6929321289062,571.9221729211617,562.0895809864053,564.975688534177,12792300
2024-10-01,573.7034301757812,580.2419073380642,567.3640053407356,575.2061932443959,15259300
2024-10-02,570.0610961914062,573.2357898880107,566.6077777940206,572.1012461423841,6524700
2024-10-03,579.9733276367188,580.5604622327534,566.0006662054095,567.4138954120452,11581000
2024-10-04,593.0801391601562,593.9857454241755,578.6397616460487,580.9287120013399,14169500
2024-10-07,581.9737548828125,600.0565426843976,581.2372550118221,595.3491999625717,12014200
2024-10-08,590.0447387695312,590.7115064354323,583.1579040765794,586.8600834032629,7857400
2024-10-09,587.67626953125,591.5376550413775,578.8189545663957,591.1395502650149,9529700
2024-10-10,581.0282592773438,587.397509697218,579.7245483018079,584.7503015704497,7740400
2024-10-11,587.1189575195312,588.3729207448063,579.9137105818194,582.023532257207,8587100
2024-10-14,587.5866088867188,597.2201481215791,587.1288552616571,591.3683608695632,8252000
2024-10-15,583.4564819335938,587.7756200523332,577.3558952346164,587.3277674752023,9564200
2024-10-16,574.0220336914062,579.2866865055009,571.2753296162662,578.6099570311397,11268400
2024-10-17,574.161376953125,582.1627721197076,572.4396984468079,580.5306884411078,8701200
2024-10-18,573.7034301757812,581.1674368803633,572.4893142414454,578.3112151741226,7694300
2024-10-21,572.3998413085938,574.4698766165733,566.37888676671,573.2657221535495,8171900
2024-10-22,579.2169799804688,580.7297050326658,569.3744268963089,571.5339961936412,8544500
2024-10-23,560.9849243164062,582.1926578504655,559.8006325485245,577.1867670377931,14248400
2024-10-24,565.0553588867188,566.15005589508,558.8253897398115,564.4084538185217,7184700
2024-10-25,570.4990234375,578.5004183141831,568.9763366172681,571.1757528879629,11337900
2024-10-28,575.385498046875,580.9486994716219,571.3649070732059,579.2070973747049,10925100
2024-10-29,590.4329833984375,590.8210656933186,572.6387814957556,577.365987086118,13019100
2024-10-30,588.9599609375,598.3148749725009,586.5515914382872,598.0958991586175,26864900
2024-10-31,564.856201171875,587.0690948039123,560.3081253081026,582.1925856019707,26838400
2024-11-01,564.438232421875,570.917001339198,559.8603316322354,564.8860850679225,15303200
2024-11-04,557.9893188476562,565.9608889972419,555.2127297782872,561.392889439504,12064600
2024-11-05,569.6829223632812,570.7278713037589,563.950554670974,564.5775361837109,9775400
2024-11-06,569.3047485351562,570.2502016811582,552.5057499508582,560.0493909181008,18305400
2024-11-07,588.8605346679688,591.9456339468819,572.4496773656942,574.1216080144851,14653700
2024-11-08,586.5117797851562,590.2536844943522,581.7149037111028,588.7011733753752,9415700
2024-11-11,580.371337890625,584.1829746478602,573.743326097359,583.5460314431883,10209100
2024-11-12,582.013427734375,596.7821758387003,577.5947330801081,585.7155461176076,16287700
2024-11-13,577.2166137695312,582.8295623160514,572.409775650482,579.8140739533536,10757600
2024-11-14,574.3902587890625,577.9730193106801,570.2602105353902,574.2310533344881,11053700
2024-11-15,551.4210205078125,569.8222783942981,548.8533847643662,568.47872051752,17712900
2024-11-18,551.739501953125,557.2131078822542,547.4501877365338,554.3667866349945,14327300
2024-11-19,558.3973999023438,558.7357342533962,547.9576895646346,549.2116526423954,9522400
2024-11-20,562.8060302734375,563.632003282894,551.5403488390463,560.2284332256156,9797300
2024-11-21,560.3878173828125,567.2646302971915,546.4151549825543,566.7869532039366,11154700
2024-11-22,556.456787109375,561.1242829453168,551.9286340129557,560.8455974662718,9164000
2024-11-25,562.3980102539062,569.8421548761189,553.7198868796414,559.402445590544,13599800
2024-11-26,570.7875366210938,574.7285542891422,562.4875946319524,563.2837432513497,10356600
2024-11-27,566.4684448242188,572.2206752566353,561.3928830685265,572.131141178584,7200200
2024-11-29,571.5639038085938,575.6840509462676,564.179528644509,566.2694266604135,7130500
2024-12-02,589.9850463867188,591.6470151067747,572.8078668096863,574.7285975175146,12522400
2024-12-03,610.7051391601562,611.252487580719,588.4126116889108,592.1446155685445,14907200
2024-12-04,610.83447265625,614.8152764849832,602.1960748947224,610.0184005822902,14697000
2024-12-05,606.0078735351562,616.9252625392952,604.1368903762177,614.1187878008875,8081200
2024-12-06,620.7765502929688,626.7676190380172,605.6096966963446,607.1721088209316,16935500
2024-12-09,610.6255493164062,623.3939965020669,603.2610368421125,620.9258564568023,11426000
2024-12-10,616.3479614257812,622.5878918502519,609.7995210855536,614.5963977457716,10938900
2024-12-11,629.643798828125,635.3363804725623,618.547343463704,620.37847939692,10837200
2024-12-12,627.7628173828125,633.6046423977135,624.2000415346207,628.4694319605399,7474700
2024-12-13,617.3729858398438,628.051535081657,613.9296288656519,624.2100126233092,8453300
2024-12-16,621.7454223632812,628.6278428855253,616.1080674222911,627.4624746323816,10885600
2024-12-17,616.964599609375,629.842921517428,614.0761642573996,623.6676857660912,12897800
2024-12-18,594.8035278320312,624.8529462687603,593.9370093659079,618.5183765194273,17075500
2024-12-19,593.1900024414062,609.0762755305054,592.6222729689903,607.9507863504745,14958100
2024-12-20,582.9111938476562,600.6998062071282,577.68217416769,588.219910849056,48989400
2024-12-23,597.4528198242188,598.6879155279142,583.9071932608068,587.2437814772281,10205800
2024-12-24,605.3212890625,605.5603202398497,596.8851663404314,600.3113609374378,4726100
2024-12-26,600.9389038085938,603.8771273499036,596.5465535400348,603.0603968908488,6081400
2024-12-27,597.4130859375,599.4449119716119,587.4430773536361,597.0146600682612,8084200
2024-12-30,588.8772583007812,594.5544919388965,583.239903719799,586.3972186440706,7025900
2024-12-31,583.1702270507812,591.5963807603267,581.5168266078615,589.9032228392957,6019500
2025-01-02,596.8453369140625,602.4926617179121,585.470989976871,587.3633608157467,12682300
2025-01-03,602.2138061523438,607.0643399858958,594.0266229827574,602.3432915147383,11436800
2025-01-06,627.681640625,628.4684617844035,603.1998488847688,609.385054699766,14560800
2025-01-07,615.4208374023438,629.5740132949604,605.7994061067093,629.175648227163,12071500
2025-01-08,608.2794189453125,613.976592361968,600.3811160103171,610.9487626580363,10085800
2025-01-10,613.39892578125,627.3927679278979,594.9529755373284,607.5922670173171,19256600
2025-01-13,605.8989868164062,606.5363830240626,596.058464764125,604.6738608485571,10785000
2025-01-14,591.875244140625,603.0703168610439,586.1980104567526,602.6520122964943,13598000
2025-01-15,614.6538696289062,619.972556750708,604.0763139738187,607.7715100133968,15524300
2025-01-16,608.8571166992188,613.7873477153851,607.2735046849263,609.0563296194044,8355300
2025-01-17,610.3212890625,622.4724872092602,601.2576176946507,621.5561807031561,17280600
2025-01-21,613.99658203125,619.0164197693068,606.5763408669152,615.3611025019545,11674000
2025-01-22,621.0084228515625,631.1676746458771,616.9546797410454,620.8092099161343,12274000
2025-01-23,633.9066772460938,634.0560413523201,618.6678301446317,624.8529752907019,9910200
2025-01-24,644.9025268554688,649.3945139716581,631.6656574969397,633.8568781379164,19065300
2025-01-27,657.2430419921875,661.2170877274049,622.601998034938,624.1059736130031,28399200
2025-01-28,671.6353149414062,679.8523469699959,656.8346510497705,663.3385855806857,20950100
2025-01-29,673.78662109375,678.3283961259809,663.0098523603809,672.3025851139503,21377800
2025-01-30,684.2546997070312,707.9496113098508,673.3982325567493,694.0354655916807,29322900
2025-01-31,686.4259033203125,702.4814799874082,682.8403138955325,688.2386375622425,19303900
2025-02-03,694.6727905273438,701.1866331034283,672.551525572571,673.2088612929582,21415700
2025-02-04,701.3759155273438,704.8818683424153,688.846170752285,699.6926666804768,13826300
2025-02-05,702.05322265625,715.270213081664,696.2166547369433,700.7384902909668,17778200
2025-02-06,709.1447143554688,716.0271344480996,700.6886520762018,703.0591459116995,13080700
2025-02-07,711.66455078125,722.112619392041,708.9056012046439,713.935407502432,16427100
2025-02-10,714.5331420898438,718.317944327383,708.4873917995161,715.688479736199,12904300
2025-02-11,716.923583984375,720.7681443890708,707.2025763439763,710.4694982653,12998000
2025-02-12,722.4812622070312,724.1943596127884,709.7523040950127,712.4415265910553,12016500
2025-02-13,725.6485595703125,726.0868036941785,715.170579657767,718.6367143797072,12569100
2025-02-14,733.72607421875,737.9491204423847,722.7202448085826,723.2381862179419,16901200
2025-02-18,713.50732421875,734.054889977904,703.6170125754637,733.0588860566314,21938700
2025-02-19,700.9577026367188,704.1747758653347,692.6111848713654,701.2863401626805,17535500
2025-02-20,692.0632934570312,702.8101523617008,690.8680767624129,694.4935451126314,12587400
2025-02-21,680.8184814453125,701.0572888134465,679.6332343243371,693.7964419712561,15660400
2025-02-24,665.4600830078125,684.5236120270697,659.8027882150541,683.5375779038759,15677000
2025-02-25,654.8724975585938,665.3305374435599,639.2949835590877,663.3086205526677,20579700
2025-02-26,671.0078125,680.2806060030118,655.3705397430182,657.0139704281752,14488700
2025-02-27,655.6095581054688,685.8980689317682,654.9422525540249,679.7228329637242,12500000
2025-02-28,665.52978515625,666.9540633677159,640.0320501051021,655.4103519906419,17534200
2025-03-03,652.432373046875,678.5276886054382,648.2392353381908,670.9879314349012,10843800
2025-03-04,637.4424438476562,647.1534810781478,621.1578057314852,642.9304346142569,21495200
2025-03-05,653.8466186523438,656.8645394995948,635.1117886533837,638.4384682626843,13770000
2025-03-06,625.4207153320312,647.9602882252848,621.6159731774069,645.4105206986194,13446500
2025-03-07,623.1597900390625,632.2533107532521,598.2099038331546,622.8709707851677,21375700
2025-03-10,595.6002807617188,607.6718415110856,584.5247237757733,605.6400157185544,21999900
2025-03-11,603.2894897460938,612.4726156961103,590.9589577128245,592.6720550865267,17401500
2025-03-12,617.0841064453125,630.7990981033598,606.9148858522937,627.3828123944874,15747000
2025-03-13,588.2797241210938,618.0203842680918,584.1662233882897,617.771383307468,16480300
2025-03-14,605.7103271484375,606.9664182577417,592.9302511563588,600.9252674163599,12364500
2025-03-17,603.0187377929688,611.1931864721827,596.1401729971761,605.5707735579393,15473900
2025-03-18,580.548828125,598.3832042849959,572.8727631895948,598.183814121998,20297700
2025-03-19,582.2435302734375,590.4778508331983,572.9824447250121,582.4628776976826,20537500
2025-03-20,584.177490234375,608.3022383482739,577.7076844207866,580.9475766447827,24336500
2025-03-21,594.3955688476562,595.6815348407195,579.1431664198761,581.6054551261589,25015900
2025-03-24,616.9253540039062,620.6038805487033,610.2960719913144,613.0574159247302,15741300
2025-03-25,624.3621826171875,631.9086473292332,619.2481319746062,624.81079529283,15312500
2025-03-26,609.079833984375,624.8008087872727,604.7234295430264,622.9466079863333,12609800
2025-03-27,600.7059326171875,612.3396207064936,598.2336042918504,600.1277194388429,10436500
2025-03-28,574.9462890625,599.8785159717515,572.1350521556752,598.4429920373162,17602800
2025-03-31,574.5675048828125,576.9002542510486,551.5792239532071,561.7475141060938,21124700
2025-04-01,584.177490234375,588.0753030303752,568.2272515931634,569.0646658937729,12836600
2025-04-02,582.1139526367188,590.8167826006645,571.5768183567942,573.1219856405797,13470800
2025-04-03,529.9666137695312,550.8414911032017,528.6507117752637,544.5211822460076,34777500
2025-04-04,503.1602478027344,516.3889657610956,492.66299842221946,505.04435388504976,38589800
2025-04-07,514.6444702148438,537.6925624927222,480.4012921169833,483.5913523338717,36606100
2025-04-08,508.86248779296875,545.7274587202911,501.29606629091035,541.5604660254379,28034200
2025-04-09,583.9482421875,586.06164400195,500.54839536763654,507.68613102008703,39216600
2025-04-10,544.591064453125,579.4921961810471,533.6352521175596,573.7002672016247,28173500
2025-04-11,541.8795166015625,545.6976224228102,526.9461235413648,533.8445854574395,17642300
2025-04-14,529.8270263671875,556.0353008675298,526.6370273527008,554.4402405149555,14130900
2025-04-15,519.8980712890625,536.2669873917704,515.8905541802854,530.4551018896253,15558700
2025-04-16,500.7477722167969,511.77337227474317,494.0885548667942,506.92850187672303,18735100
2025-04-17,499.9203796386719,505.72225598652767,496.4611703190648,503.67864377215466,14593500
2025-04-21,483.1526794433594,491.9651828161341,478.3077785405203,489.8019182716785,16166000
2025-04-22,498.7240905761719,505.30357016721007,484.84736943102456,490.3402426542842,17399400
2025-04-23,518.6519775390625,533.6751170758674,514.9136400551463,526.8862986388891,18173900
2025-04-24,531.4918823242188,532.2395497601927,515.8905308220942,517.1166859465856,13910000
2025-04-25,545.5679931640625,548.1499041120835,534.5822462279478,545.09942323875,17098900
2025-04-28,548.0302734375,556.7530605327843,538.9087668679174,553.9119485027396,15179000
2025-04-29,552.7156372070312,554.8390175563454,542.4277261633298,544.3018840382675,11835000
2025-04-30,547.2926025390625,547.392267199569,527.8532478040685,536.7255930212515,29244000
2025-05-01,570.430419921875,591.1059077397648,568.7257162038675,590.238618351305,31159000
2025-05-02,595.163330078125,602.4605727044257,576.5314522041982,581.6455031396575,24739300
2025-05-05,597.40625,601.3339987723356,586.2211133050413,589.3812373579714,13887700
2025-05-06,585.4835205078125,594.1764337943081,584.7558102074221,590.6873184543757,10600700
2025-05-07,594.9539184570312,601.2044382274429,584.8454392543059,588.5239657880628,13139100
2025-05-08,596.1502075195312,609.3988539126512,594.7645157959997,604.4044252029665,14622800
2025-05-09,590.6472778320312,605.0822238866388,589.8697353618245,601.8423317625629,10427300
2025-05-12,637.4412841796875,638.3983203620691,619.0985470240091,628.9577416253547,21965100
2025-05-13,653.98974609375,658.8644917290795,640.8307865245315,643.5323193603671,18570800
2025-05-14,657.3092651367188,660.6089680473883,652.2749836533258,659.1535478334292,12348200
2025-05-15,641.8775024414062,655.2657270968772,636.5939979037247,652.2451822041022,14341800
2025-05-16,638.3485107421875,638.448175394899,624.2026405076157,635.9759078924747,18519000
2025-05-19,638.438232421875,641.0002469311114,625.8475073073743,626.2961199602966,9592400
2025-05-20,635.1185913085938,637.3615937967512,630.2936778074568,634.0320152877193,6743500
2025-05-21,633.5235595703125,644.5989922480402,628.2101191307713,629.8250759728282,11464600
2025-05-22,634.5902099609375,641.2494271811771,628.7484497588706,632.078027946325,8228400
2025-05-23,625.1097412109375,630.4829920563529,620.7134837844421,622.0592607315479,8454100
2025-05-27,640.3223876953125,641.080033825353,630.7821431595195,633.4338437693247,9508400
2025-05-28,641.5784301757812,648.8557144048555,640.5516043549418,640.6014366817531,9042900
2025-05-29,643.0438842773438,651.288184072806,637.5111569296643,649.6233948044612,8858800
2025-05-30,645.4762573242188,647.3902689717587,630.8120452521741,640.501786260345,16241000
2025-06-02,668.8134765625,671.166122188044,642.256314296396,642.3859148545713,15766300
2025-06-03,664.7760009765625,673.4788911194719,662.9617149147357,669.3617309927172,11585000
2025-06-04,685.8104248046875,686.857147039673,666.4906935079915,667.238360939457,14031900
2025-06-05,682.4907836914062,692.2204392102127,680.1281594087234,689.5088669424362,13083100
2025-06-06,695.5401611328125,700.6242759213419,689.71829661582,694.0049115535481,11728000
2025-06-09,691.9014282226562,702.9968181048444,691.7818062976731,696.2877682898165,12773200
2025-06-10,700.2155151367188,701.0428899746662,689.4092014623567,699.1687320280228,10850100
2025-06-11,691.981201171875,706.6653705943312,689.8378634515371,701.5214452489874,9582500
2025-06-12,691.2036743164062,693.2174116991354,684.8634681659612,691.1438633468866,7322700
2025-06-13,680.7462158203125,692.409840070813,678.8920151692206,685.8104336581752,9274400
2025-06-16,700.4749145507812,705.4931583928874,691.8851025594383,697.6914734952734,13720300
2025-06-17,695.5963745117188,704.3158869977019,694.4291328649981,700.3552179138009,10066100
2025-06-18,694.1397705078125,699.9461410540869,693.2718138640435,696.5440968778995,10068300
2025-06-20,680.751220703125,700.1756339033776,677.079850298128,699.1081336202601,22538600
2025-06-23,696.8934326171875,697.4121728945754,677.1597462532054,682.0881746874048,11080100
2025-06-24,710.5313110351562,711.5189816994163,700.4649253469852,703.2384409706419,13823200
2025-06-25,707.0195922851562,714.9011073526044,703.7273361920762,711.6487356204278,9320400
2025-06-26,724.3888549804688,726.5138085370661,709.3840535476093,712.6862960420309,13964800
2025-06-27,731.9110717773438,733.7068421056694,724.1592578043636,724.8177454897765,18775700
2025-06-30,736.3606567382812,746.1476691378697,732.5296271967599,742.8054817668852,15402100
2025-07-01,717.5347900390625,736.0214022335938,713.693835204326,735.1534455733583,13431200
2025-07-02,711.8981323242188,718.6123446328994,711.1299169276585,713.6540184351263,9336700
2025-07-03,717.3253784179688,727.3219211703462,712.7461059372963,724.9075473573512,8601700
2025-07-07,716.6668701171875,725.29662738586,711.8382444141125,715.9186273791692,9457100
2025-07-08,718.9814453125,721.2161872254258,713.1351899702655,719.8793609595846,7770700
2025-07-09,731.0631103515625,735.8019810021477,721.0266226856489,721.0266226856489,11418000
2025-07-10,725.5360717773438,734.0760133186282,717.9139576323801,729.8359710403425,9913600
2025-07-11,715.828857421875,723.4608966552098,708.0371589748221,720.8071559255932,10873900
2025-07-14,719.2308959960938,726.294324886829,714.8711396040657,715.9186673172987,8939400
2025-07-15,708.7255859375,722.7725529543028,708.1569141283312,722.2039420372861,11529500
2025-07-16,701.2630004882812,712.2970836136572,697.6315755690009,711.6985138171127,13067600
2025-07-17,699.7665405273438,704.2460714207873,695.4766277838654,702.7395996705828,11803300
2025-07-18,702.6298828125,703.0588680042227,690.0294703606638,700.5447529444856,12779800
2025-07-21,711.2994384765625,715.3200251684316,704.1063709182977,705.1439122135475,9404400
2025-07-22,703.1586303710938,714.9209845240272,699.7665722015134,714.5119719450398,8921100
2025-07-23,711.9081420898438,712.955669824656,703.2783841619789,704.7150127643985,8771600
2025-07-24,713.1251831054688,721.9245248031309,712.3270697155897,715.3699112663372,10920800
2025-07-25,711.0101318359375,718.9614892126135,710.2319910963464,715.2401874661052,8271700
2025-07-28,715.9486083984375,723.0419351595109,711.0101939967738,713.5243091595448,8715700
2025-07-29,698.35986328125,722.7724995594365,698.270047363426,718.3130022321428,13267000
2025-07-30,693.5811157226562,706.8399547738821,689.5805015781577,706.4309422136296,27077300
2025-07-31,771.6278076171875,782.9113054874113,763.7163951695271,773.3836936232736,38831100
2025-08-01,748.2527465820312,764.2052724882252,743.5637464392476,758.9476005405788,19028700
2025-08-04,774.5509643554688,775.029820232538,756.6330226185955,758.2193240496142,15801700
2025-08-05,761.6712036132812,781.2950989411861,761.212259491104,774.6307577641016,11640300
2025-08-06,770.1812133789062,771.827371776558,758.6782598971715,768.1958857027562,9733900
2025-08-07,760.0449829101562,773.1841074016191,757.7702959207965,771.6776357205837,9019700
2025-08-08,767.49755859375,768.0961893607639,756.8027042152274,760.9629170758883,7320800
2025-08-11,764.0755615234375,771.6478049440495,762.8783609453131,768.2757194135389,7612000
2025-08-12,788.1489868164062,791.8103707559926,770.6201469797736,771.1888187456735,14563100
2025-08-13,778.2523193359375,793.5962894533881,776.4066172801486,789.2963900548351,8811800
2025-08-14,780.2974243164062,785.9641084064921,770.6999694623344,776.0573823379099,8116200
2025-08-15,783.39013671875,794.3843356438543,778.9904964215748,782.3127110697359,13375400
2025-08-18,765.572021484375,773.9922487170201,754.7873521125813,773.2739649293972,16513700
2025-08-19,749.71923828125,765.3724785334582,747.604210382002,765.3226078635242,12286700
2025-08-20,745.9680786132812,748.4423094323544,729.2872824481717,745.8184665954027,11898200
2025-08-21,737.3682250976562,743.7532539146816,731.392269728463,742.965126847803,8876300
2025-08-22,753.021484375,755.1265868650723,732.6693186706706,737.4979443181139,10612700
2025-08-25,751.5349731445312,757.1019160115399,748.3724176422635,753.0514312038815,6861200
2025-08-26,752.3331298828125,753.1013452690629,746.187589469264,749.0408739151204,7601800
2025-08-27,745.62890625,752.3830637406979,741.0995653139147,750.5373617239242,8315400
2025-08-28,749.3501586914062,751.2856157691724,739.0643171271723,742.2568318080029,7468000
2025-08-29,736.9691772460938,745.3894040667411,733.6269900366806,743.5337768140281,9070500
2025-09-02,733.3875732421875,734.2755025264773,720.0389186102121,724.3388175548104,9350900
2025-09-03,735.3230590820312,738.5155735710689,732.2702311831985,734.2755314397929,7699300
2025-09-04,746.8959350585938,759.3765729399474,744.0725487076684,746.8161054490425,11439100
2025-09-05,750.6870727539062,756.1741866261438,743.2844743615274,750.8566574056083,9663400
2025-09-08,750.537353515625,764.7140814935753,750.2580412178338,754.2286966166499,13087800
2025-09-09,763.906005859375,764.5045757250664,751.6647345226843,755.7152196596044,10999000
2025-09-10,750.2180786132812,763.9059640843684,749.2403942554,763.3372922969834,12478300
2025-09-11,749.140625,755.326049350588,746.6165236987539,752.8818385469593,7923300
2025-09-12,753.8197021484375,755.7950435825012,742.0174024328237,746.9757286440731,8248600
2025-09-15,762.9083251953125,772.2563664766384,750.2280827190908,755.6952236302711,10533800
2025-09-16,777.1748046875,779.5292605984961,763.3073480005289,765.2029206615051,11782500
2025-09-17,773.9024658203125,781.4547366857648,764.5145401578408,778.16248073438,9400900
2025-09-18,778.4218139648438,786.9318567440129,771.5479431530769,778.9206424262118,10955000
2025-09-19,776.5562133789062,788.9470955167301,767.3877436699294,784.5773532506886,23696800
2025-09-22,763.8824462890625,784.4181095052566,763.1935958899483,780.5445827585347,11706900
2025-09-23,754.1387329101562,769.3133047218867,749.815945650324,767.9655831903335,10872600
2025-09-24,759.3899536132812,759.8392144671293,751.2735837511626,756.2352564498105,8828200
2025-09-25,747.6595458984375,755.5064686568031,743.3068402529434,752.1920046258563,10591100
2025-09-26,742.5081787109375,750.6745134518627,736.1188402620083,748.7477432379202,9696300
2025-09-29,742.1587524414062,749.5264347617783,737.9158487633198,747.4698158948381,9246800
2025-09-30,733.1538696289062,741.7294934738761,725.087343094007,741.0107248479524,16226800
2025-10-01,716.1422729492188,720.6446913474787,709.0141800953496,720.28530706911,20419600
2025-10-02,725.8360595703125,726.5548890984803,716.9409630753169,721.3735522103992,11415300
2025-10-03,709.3735961914062,729.7794705550638,708.9942257916973,728.4117628788885,16154300
2025-10-06,714.465087890625,715.6830826309072,689.3571155710283,704.0125981338592,21654700
2025-10-07,711.889404296875,717.3003375901077,704.5716259627259,716.5216106896504,12062900
2025-10-08,716.6414794921875,718.4484549738279,706.6281969142439,712.2587946669486,10790600
2025-10-09,732.2852783203125,732.2852783203125,711.2504512938121,717.0807271377935,12717200
2025-10-10,704.1223754882812,734.0423674154782,703.333716456913,729.6995938834806,16980100
2025-10-13,714.5050048828125,718.7379155876384,706.4584651360833,711.8194939498104,9251800
2025-10-14,707.466796875,714.3552394376962,698.1623510959027,706.598254382022,8829800
2025-10-15,716.3519287109375,722.6913629779451,708.3253746524584,715.8627565899488,10246800
2025-10-16,710.881103515625,724.2786798244232,702.7047754671785,716.3519343648386,9017000
2025-10-17,715.7229614257812,717.3402516818879,704.9410060739878,705.8994251244851,12232400
2025-10-20,730.947509765625,732.5448748734839,718.9775387090459,719.9858621042338,8900200
2025-10-21,732.0457153320312,737.2669635645257,727.5332426508437,734.7911237948646,7647300
2025-10-22,732.1854248046875,739.3634223567747,722.8211423130082,732.6047674176828,8734500
2025-10-23,732.7744750976562,741.170406509876,731.8759534115667,733.4733185275871,9856000
2025-10-24,737.127197265625,739.9724753796752,729.9292742962166,735.5598112729552,9151300
2025-10-27,749.5663452148438,754.4881061640369,746.7610395763271,748.4781384032651,11321100
2025-10-28,750.1853637695312,757.1337649704751,744.2752651341964,751.3733793283152,12193800
2025-10-29,750.4149169921875,757.8924011644837,741.2702382858599,753.4897913670577,26818600
2025-10-30,665.3572387695312,679.8230975870755,649.08446528138,668.0328178882455,88440100
2025-10-31,647.2674560546875,673.7631824593219,644.4921293755289,673.383812052831,56953200
2025-11-03,636.645263671875,658.2291607688485,635.1177890022415,654.90470367213,33003600
2025-11-04,626.2725830078125,640.6684891460408,624.9647727272926,626.9913515895119,27356600
2025-11-05,634.88818359375,641.1576663615418,625.4938610947797,631.2542465797685,20219900
2025-11-06,617.9065551757812,634.938067569805,616.9681222612256,634.7882936522686,23628800
2025-11-07,620.6719360351562,621.0912176885568,600.1961723842201,615.4606203242017,29946800
2025-11-10,630.7052001953125,633.9397808237388,617.077966360211,630.0363359130761,19245000
2025-11-11,626.0330200195312,628.5088598168925,618.3558571038752,626.9514668906089,13302200
2025-11-12,607.9931640625,627.939784558569,606.7552442025384,627.0812350986922,24493300
2025-11-13,608.8717041015625,616.6187572691151,601.993193452889,612.0463872625083,20973800
2025-11-14,608.4424438476562,612.6553687237855,594.2062431482154,600.7852061056304,20724100
2025-11-17,601.0048217773438,610.6686515784111,594.4058732487083,608.0230519623859,16501300
2025-11-18,596.6920776367188,602.6520806612418,582.8053290854997,590.612218909938,25500600
2025-11-19,589.3343505859375,594.3359951431619,580.2794874440681,592.7286370493186,24744700
2025-11-20,588.1663208007812,605.706930555967,582.375956312388,602.4923362369276,20603000
2025-11-21,593.2578125,597.1213460929463,580.88848479756,587.517412968027,21052600
2025-11-24,612.0264282226562,615.6703584886146,596.6321908004635,597.7203367937327,23554900
2025-11-25,635.1576538085938,635.9862849922763,617.2675924687619,622.9580871825591,25213000
2025-11-26,632.5520629882812,637.2941320349476,630.5753884422047,636.6252677780955,15209500
2025-11-28,646.8681640625,646.9679727244463,634.4389389877349,635.0179876534709,11033200
2025-12-01,639.7999267578125,644.242508725797,636.6951341862962,638.4821234657416,13029900
2025-12-02,646.01953125,646.7882651016448,637.0046400682228,641.2675300698932,11640900
2025-12-03,638.5320434570312,647.7665988470103,636.4854785031988,643.3340098224904,11134300
2025-12-04,660.425537109375,674.9711573797597,658.9479666864565,674.87134871331,29874600
2025-12-05,672.2955932617188,673.5634922785046,661.2840414153883,662.8913386215002,21207900
2025-12-08,665.6866455078125,675.5801331063639,663.9595535520253,668.2224435191038,13161000
2025-12-09,655.8631591796875,663.3705623262879,652.2492080192432,662.6617867420982,12997100
2025-12-10,649.0444946289062,653.4171862971667,642.3257510862366,648.8648024836247,16910900
2025-12-11,651.6201782226562,654.1858943512054,639.730030479328,642.2158631242634,13056700
2025-12-12,643.1543579101562,709.8128965395189,637.543746077992,648.7150654102267,14016900
2025-12-15,646.9561157226562,652.4414097008485,638.1536544261938,645.1476664750544,15549100
2025-12-16,656.587890625,661.973233609148,642.6498114209788,642.9495426008936,14309100
2025-12-17,648.9443969726562,660.664343241777,648.644665798819,655.0491556477624,15598500
2025-12-18,663.881591796875,669.9863502083882,655.8984367998282,656.4679564970005,20260300
2025-12-19,658.2064819335938,670.4260003995075,657.6169598101359,665.8499012351181,49977100
2025-12-22,660.9341430664062,673.0038267300547,656.0883162216827,661.0840391473547,15659400
2025-12-23,664.3711547851562,665.4302455294139,657.6868755551602,659.4853234816244,8486800
2025-12-24,666.9789428710938,667.6084088263418,661.633543835896,661.9632786179176,5627500
2025-12-26,662.7225952148438,668.3777877623371,660.7543096382171,667.4885344385556,7133800
2025-12-29,658.1265258789062,659.6851889371151,653.8302165118,657.4471149030659,8506500
2025-12-30,665.3803100585938,671.6449047754843,657.2772625792347,658.1265110341435,9187500
