Date,Close,High,Low,Open,Volume
2000-01-03,35.4436149597168,36.07076739600133,34.05627775217828,35.69067501037434,53228400
2000-01-04,34.24631881713867,35.61465120050936,34.13229111852444,34.53138806367423,54119000
2000-01-05,34.607398986816406,35.386588090857856,33.25807151396415,33.79020065818757,64059600
2000-01-06,33.44812774658203,34.62641406492754,32.95400767759843,34.113289377906106,54976600
2000-01-07,33.88523483276367,34.132294873608274,32.63093001001415,33.03002699907081,62013600
2000-01-10,34.13229751586914,34.56940377581624,33.86623283590134,34.49338529582544,44963600
2000-01-11,33.25807571411133,34.740435660226005,33.049024952479776,33.904232613699776,46743600
2000-01-12,32.174835205078125,33.10606197710933,31.756733389064113,32.992034209105505,66532400
2000-01-13,32.7829704284668,33.03003049546394,30.863503754104393,31.737716298863507,83144000
2000-01-14,34.13229751586914,34.64542225580704,32.155817036108346,32.592923296055446,73416400
2000-01-18,35.063507080078125,35.424594686864836,33.980244259717985,33.9992488706015,81483600
2000-01-19,32.53590774536133,33.904240314091474,32.23183384119907,33.60016640992922,97568200
2000-01-20,32.23183059692383,33.353103005661154,32.193821362729345,32.55490908757695,56349800
2000-01-21,31.547664642333984,32.6119232085814,31.395627704298644,32.535904739563726,68416200
2000-01-24,30.7874813079834,32.136809192469094,30.654448981343965,31.56191949520582,63597600
2000-01-25,31.262590408325195,31.585668850234935,30.274350468365977,30.71145659565563,59823200
2000-01-26,30.217334747314453,31.47163920852373,30.14131629511995,31.148560786697097,49365000
2000-01-27,30.02729034423828,30.768470295773277,29.57117960483213,30.374124552328375,63654800
2000-01-28,29.875255584716797,30.4834032810978,29.571181736526295,29.837246353692986,58225400
2000-01-31,29.761226654052734,29.85624972766082,28.849005147415102,29.685208195166265,73194200
2000-02-01,31.30059814453125,31.395621211150953,29.704210625320183,29.95127059853142,70196600
2000-02-02,30.654451370239258,31.604682348857956,30.559428272377385,31.148571479120978,49915600
2000-02-03,31.509666442871094,31.68070805806159,30.44540750390802,31.03455084511972,49186000
2000-02-04,32.402862548828125,32.83996861253666,31.666433854536578,31.737701147532533,55365400
2000-02-07,32.4218864440918,32.497904935168215,31.69971077886584,32.47890031239911,40005800
2000-02-08,33.42911148071289,33.44811609212888,32.36485324141788,32.36485324141788,56229000
2000-02-09,31.623687744140625,33.27708968749413,31.585678504063534,33.27708968749413,55090000
2000-02-10,32.23183059692383,32.40287215079901,31.16757203947823,31.590424769891882,54527800
2000-02-11,30.38836669921875,31.889730657466583,30.141306807355186,31.889730657466583,115559000
2000-02-14,30.293376922607422,30.93953427227408,30.122335271225072,30.78274609184026,81028600
2000-02-15,29.97028350830078,30.407389735752222,29.837251178206866,30.33137126141284,71027600
2000-02-16,29.685205459594727,30.464394591376664,29.5331685558324,30.179325396822296,65202600
2000-02-17,30.293376922607422,30.312381550538795,29.53794296233537,29.95129361984272,80343400
2000-02-18,28.906028747558594,30.426398438422954,28.84901488415118,30.407393817287147,79063000
2000-02-22,28.525938034057617,29.533183014607285,28.221864077665263,28.92503510182258,66296200
2000-02-23,28.658960342407227,29.115071117087446,27.99379879599857,28.430904955067113,75847200
2000-02-24,28.810998916625977,29.15308201721916,27.974795781842637,28.658961983029005,69733200
2000-02-25,27.765748977661133,28.79674958138332,27.518688925156276,28.791998426527456,65301400
2000-02-28,27.841745376586914,28.012786815760485,26.796492137192864,27.44264868518191,76131800
2000-02-29,27.176589965820312,27.898765083793162,27.024553098878663,27.898765083793162,58437400
2000-03-01,27.613719940185547,28.611462746007806,27.0435811940014,27.252632067602256,106889800
2000-03-02,28.392894744873047,29.00104242347809,27.70872860644237,27.917779370962855,106932600
2000-03-03,29.229101181030273,30.065304335754156,28.544934963528913,28.810999603668332,101435200
2000-03-06,27.556690216064453,29.6091885218127,27.404653304527546,29.191087015086204,93609400
2000-03-07,28.24086570739746,29.647207606689125,27.95579640348699,29.229105960953767,135061000
2000-03-08,29.058055877685547,29.24810202469461,27.6707190045194,28.525926666060176,94290000
2000-03-09,30.407390594482422,30.40739059448242,28.887021064758297,28.982044160366055,88198800
2000-03-10,30.711444854736328,31.16755542188588,30.25533428758678,30.274338894551345,85589000
2000-03-13,29.79925537109375,30.483421948491312,29.647218353894296,29.685227608194158,61831800
2000-03-14,28.925018310546875,30.17932265252854,28.925018310546875,29.989276540107078,73489200
2000-03-15,29.001039505004883,29.381131765883058,28.487914952819345,28.753979535434066,53208000
2000-03-16,29.001039505004883,29.400136378926966,28.354882661511983,29.17208102240006,77300800
2000-03-17,30.217334747314453,30.2553439734117,28.734974929521666,28.963030286105173,81161600
2000-03-20,29.60920524597168,30.331380983678308,29.34314050050082,30.027306988854463,47773000
2000-03-21,31.24359893798828,31.357626671338604,29.343136715482913,29.419155204383127,81648800
2000-03-22,31.395639419555664,32.117815144702824,30.74948219179241,31.262607049133816,93975800
2000-03-23,34.01826095581055,34.32233479675634,32.421873290845134,32.47888713602247,148224000
2000-03-24,33.96125411987305,34.96849892589054,33.31509707450333,34.24632340459498,112196800
2000-03-27,31.64267349243164,32.915982275610574,31.604664275023314,32.76869655815331,111434000
2000-03-28,31.718700408935547,32.66893109823859,31.129557381567658,31.509649657288875,81114400
2000-03-29,32.592918395996094,33.12504767593072,31.965766030358854,31.984770647499374,64363800
2000-03-30,31.433637619018555,33.030025502934855,31.16757297169917,32.28884541397371,64178400
2000-03-31,32.3078498840332,32.915997646556185,31.66169288635254,32.231831413717835,64281400
2000-04-03,27.632705688476562,29.34312075860235,27.366641122012553,28.715968566222895,260118200
2000-04-04,26.92953872680664,27.974792523542256,25.82727108661272,27.84176022213954,181244400
2000-04-05,26.264379501342773,26.91053645000099,26.112342572246725,26.834517985452965,82887600
2000-04-06,26.150339126586914,26.758486548135444,25.92703499523706,26.720477334288663,66421400
2000-04-07,27.081581115722656,27.17660420735677,25.846280924479167,26.4544287109375,82613600
2000-04-10,26.16935920715332,26.948548551738135,26.150354588992716,26.948548551738135,60685400
2000-04-11,25.504196166992188,26.169357765982298,25.390168464308168,25.88428850927225,71961800
2000-04-12,24.135866165161133,25.010078640434685,23.945819974884273,24.97206940237931,153003800
2000-04-13,24.09785270690918,25.01007426048303,24.02183424411136,24.591972715095018,94316200
2000-04-14,22.539480209350586,24.173877593839748,22.27341551885235,24.059849869340507,151217800
2000-04-17,23.071609497070312,23.109618738416394,22.197396946110484,22.577489359571278,119772200
2000-04-18,24.496952056884766,24.91505364358101,23.0716057386021,23.261651914373118,91794600
2000-04-19,23.926822662353516,24.782030779752965,23.755781038873625,24.763026154921867,53715400
2000-04-20,24.002832412719727,24.28790168127934,23.565726200928314,23.907809323199853,52387400
2000-04-24,20.25891876220703,20.677020275123127,19.764798792397105,20.44896490444162,313645800
2000-04-25,21.09512710571289,21.133136343741203,20.56299777331653,20.905080915571332,159517400
2000-04-26,20.677026748657227,21.627257757327133,20.48698054692324,21.285174594205966,107091200
2000-04-27,21.228153228759766,21.266162455668915,20.48697330403136,20.505977917485932,77669800
2000-04-28,21.209152221679688,21.589244555401546,20.753041421213457,21.513226088657174,78082600
2000-05-01,22.330427169799805,22.501468739611038,21.798297841498194,22.15938559998857,107811000
2000-05-02,21.247156143188477,22.34942363541113,21.133128471579234,22.140372904127524,97716200
2000-05-03,21.45621109008789,21.532229552763138,20.924081851361176,21.399197243081456,55354800
2000-05-04,21.41819953918457,21.665259516122813,21.07611649419316,21.380190311963304,43317200
2000-05-05,21.62725257873535,21.836303350586043,21.247160266279543,21.361187960016288,36402200
2000-05-08,21.228153228759766,21.70326856512413,21.190144001850616,21.570236270942107,36187600
2000-05-09,20.620010375976562,21.418204326014365,20.52498728668635,21.342185854582194,60778400
2000-05-10,20.125886917114258,20.639011512734736,19.992854614545987,20.601002283429516,67740000
2000-05-11,20.639020919799805,20.715039413058737,19.992863727098893,20.25892845350515,58390800
2000-05-12,20.924081802368164,21.209151036732855,20.75304026174935,20.81005410862229,37886000
2000-05-15,21.09512710571289,21.114131724727045,20.677025487401462,20.981099391627957,33899600
2000-05-16,21.133134841918945,21.475217959863674,21.00010251827377,21.15213945958254,48410600
2000-05-17,20.582000732421875,21.01910693449547,20.44896841005165,20.943088464569627,53242000
2000-05-18,20.125886917114258,20.696025356692566,20.030863843851208,20.696025356692566,53640400
2000-05-19,19.78380584716797,20.049870479118354,19.612764298057005,19.87882893000739,66578000
2000-05-22,19.517742156982422,19.84082065422556,18.985612867405493,19.80281141925578,69955000
2000-05-23,19.213672637939453,19.935848266269524,19.175663394343136,19.42272347771921,57963200
2000-05-24,19.935840606689453,20.23991443863133,19.156651412338388,19.194660641331122,85482400
2000-05-25,18.700542449951172,19.688782498119323,18.586514752085616,19.631768649186547,94348800
2000-05-26,18.681541442871094,19.042629222540015,18.35846290316732,18.87158764269684,55822000
2000-05-30,19.27067756652832,19.498732922345226,18.852576080863997,18.98560837175719,68536400
2000-05-31,19.023622512817383,19.370456789399718,18.871585569658002,19.351452171504796,54968200
2000-06-01,19.63177490234375,20.068881216723135,19.403719433971897,19.574761035250788,94507200
2000-06-02,20.163902282714844,20.296934625767626,19.764805253556492,20.068879180534285,80463200
2000-06-05,20.334943771362305,20.791054659691927,20.06887908650336,20.073630241590127,64400000
2000-06-06,21.171142578125,21.247161043396545,20.620008704906308,20.734036402813622,99019000
2000-06-07,21.437206268310547,21.513224730254908,20.41095703206164,21.05711395858873,76310600
2000-06-08,20.924081802368164,21.931326430456732,20.75304026174935,21.76028488983792,94765600
2000-06-09,20.924081802368164,21.19014642110854,20.772044877373666,21.17114180548423,35710200
2000-06-12,20.334943771362305,20.981100863162602,20.182906808585766,20.981100863162602,49260600
2000-06-13,20.639020919799805,20.677030166429272,20.10689146698729,20.296937700134617,44289200
2000-06-14,21.437206268310547,21.589243192199273,21.13313242053309,21.228155497963545,79992400
2000-06-15,22.007347106933594,22.102370194614654,21.475217815919653,21.53223166852829,65592600
2000-06-16,22.064355850219727,22.235397368438484,21.741277426917627,22.08336046335514,68710600
2000-06-19,22.406444549560547,22.444453785437666,21.893319865219468,22.064361426666494,46604800
2000-06-20,22.78653907775879,22.8815621764984,22.425451302548264,22.46346054204411,62275000
2000-06-21,24.534957885742188,24.99106864426877,23.394680989425744,23.41368560436435,160399600
2000-06-22,24.287904739379883,24.93406182947293,24.11686315670819,24.744015626504385,87315200
2000-06-23,23.62273406982422,24.344909367212246,23.413683325843472,24.306900141033932,49811600
2000-06-26,24.173864364624023,24.363910468119496,23.565716833438515,23.565716833438515,48287000
2000-06-27,23.964824676513672,24.36392167747068,23.831792342861338,24.09785701016601,31071200
2000-06-28,24.002832412719727,24.344915534991266,23.907809323199853,24.0218370306237,37459200
2000-06-29,23.470703125,24.00283242661943,23.43269388917004,23.793781629554655,38449000
2000-06-30,24.32591438293457,24.32591438293457,23.318669490516186,23.43269721418619,52356400
2000-07-03,24.32591438293457,24.344919003546238,24.135868176817894,24.230891279876232,15734800
2000-07-05,23.86979103088379,24.287892466138125,23.793772588110276,24.287892466138125,34824400
2000-07-06,24.61096954345703,24.839024859689836,23.86978976570041,23.983817423816813,47873200
2000-07-07,24.93406867980957,25.200133437063638,24.496962292892178,24.710764329971337,54153200
2000-07-10,24.154865264892578,24.725003705448657,24.135860650207377,24.53495755859663,52689800
2000-07-11,24.059844970703125,24.47794654207395,23.869798801898202,23.964821886300662,37164800
2000-07-12,24.420930862426758,24.629981632455312,23.470700089569686,23.793778552341088,58370200
2000-07-13,24.306909561157227,24.325914181611612,23.52772012252748,23.964826392978313,80843200
2000-07-14,24.002832412719727,24.249892445471392,23.850795469487927,24.173873973855496,51180600
2000-07-17,23.7747745513916,24.192876102255404,23.565723775959704,23.793779167339956,53992800
2000-07-18,23.86979103088379,24.173864801977853,23.54671264909635,23.603726481176487,70617200
2000-07-19,22.23539924621582,23.5657222780407,22.140376172514042,23.128616139012525,139924600
2000-07-20,22.748525619506836,22.881557933071203,22.235400981472846,22.330424062590254,54690600
2000-07-21,21.988338470458984,22.80553687515193,21.8553061720206,22.729518418901424,56100600
2000-07-24,21.45621109008789,21.931326481808174,21.28516954906859,21.91232186613936,56165600
2000-07-25,20.981094360351562,21.58924202297045,20.79104821578316,21.532228179599926,64188600
2000-07-26,20.620010375976562,21.133135058143722,20.448968815254176,21.00010273313742,85404600
2000-07-27,21.09512710571289,21.323182533882758,20.524988535288216,20.639016249373153,74337600
2000-07-28,21.190156936645508,21.836314188525282,21.171152311590223,21.570249437751258,75645600
2000-07-31,21.228153228759766,21.62725011130583,21.057111707668597,21.342180909487215,70283800
2000-08-01,20.886083602905273,21.304185367476624,20.7340465976066,21.266176116151957,47163600
2000-08-02,21.09512710571289,21.418205628953537,20.829062439514708,20.848067058528866,48269200
2000-08-03,21.361188888549805,21.399198121447583,20.715031929287623,20.73403654573651,54543400
2000-08-04,21.01911163330078,21.24716709405992,20.734042307351856,21.114134741950423,38107400
2000-08-07,21.285160064697266,21.627242994308475,21.209141635894778,21.342173886299136,52741800
2000-08-08,22.539480209350586,22.71052179609945,21.285175239858898,21.304179860608773,138038800
2000-08-09,22.577482223510742,22.767528370173288,22.235399159518153,22.425445306180702,63945600
2000-08-10,22.0833740234375,22.520480393953047,21.81730927616717,22.44446189473295,48986000
2000-08-11,22.026355743408203,22.102374227423418,21.779295670358756,22.026355743408203,35629600
2000-08-14,21.950334548950195,22.31142230343509,21.7032745064079,21.988343786264394,53427000
2000-08-15,21.779285430908203,22.19738689642302,21.741276206770493,21.893313103321333,40714200
2000-08-16,21.589248657226562,21.96934106316365,21.45621631514858,21.855313341382523,44976200
2000-08-17,21.76028823852539,21.893320568367905,21.456214341742502,21.627255908682876,36112800
2000-08-18,21.589248657226562,21.72228099930454,21.285174732476893,21.62725789782027,54438800
2000-08-21,21.475217819213867,21.53223167183125,21.30417626136172,21.494222436752995,34119600
2000-08-22,21.66526985168457,22.026357682545978,21.35169357751545,21.532237492946155,54428200
2000-08-23,21.51323127746582,21.6272590050849,21.399203549846742,21.532235898735667,36726800
2000-08-24,21.62725257873535,21.646257194358142,21.266164881902334,21.47521565375303,42405400
2000-08-25,21.475217819213867,21.798296317379034,21.456213201674743,21.494222436752995,52729400
2000-08-28,21.684267044067383,21.931327054210133,21.323179336935674,21.342183953100502,56421600
2000-08-29,21.57024574279785,22.121379774992686,21.55124112099803,21.64626422999714,59400200
2000-08-30,21.285160064697266,21.570229172706604,21.190137028694153,21.494210743904116,53498800
2000-08-31,21.228153228759766,21.893314699669876,21.190144001850616,21.551231657487534,72575400
2000-09-01,21.342180252075195,21.47521254215937,21.190143349121854,21.285166413467692,37629800
2000-09-05,21.32317352294922,21.494215021796407,21.228150468034116,21.285164300983176,50755200
2000-09-06,21.114133834838867,21.494226253107794,21.076124593011976,21.304180043973332,62960800
2000-09-07,21.304180145263672,21.91232801738538,21.114133935225638,21.285175524259866,111711200
2000-09-08,21.076126098632812,21.551241655409925,21.038116854090642,21.39920467724125,56709600
2000-09-11,20.924081802368164,21.19014642110854,20.696026414876414,21.019104880489728,48495200
2000-09-12,20.715036392211914,21.076124182534873,20.562999427865403,20.905082597645052,46781200
2000-09-13,20.7530517578125,20.905088767027245,20.42997311323117,20.544000870142227,40744800
2000-09-14,20.01186180114746,20.905078804617478,19.973852566957245,20.88607418752237,78503000
2000-09-15,19.517742156982422,19.954848359134903,19.251677512193957,19.89783450668023,99915200
2000-09-18,19.15665054321289,19.650770497700524,18.909590565969072,19.536742815895686,69037800
2000-09-19,19.764802932739258,19.99285835119394,19.270682859420777,19.346701332239004,79311200
2000-09-20,19.536746978759766,19.764802390963187,19.21366847813825,19.72679315559595,67791400
2000-09-21,19.517742156982422,19.80281141925578,19.32769598213352,19.460728304527752,48952200
2000-09-22,19.232667922973633,19.308686373262066,18.548501870377734,18.58651109552195,84476600
2000-09-25,18.62451934814453,19.308685365015144,18.377459397607918,19.23266691869619,53484200
2000-09-26,19.061628341674805,20.030863681082,18.377462219740316,18.529499135725757,155704800
2000-09-27,18.434478759765625,19.327695771836744,18.18741873515021,19.289686537280524,106155600
2000-09-28,18.643529891967773,18.81457145060968,18.43447909807211,18.491492950952747,52360400
2000-09-29,18.33945083618164,18.643524632429212,17.826326305013865,18.548501571101845,74053600
2000-10-02,17.978374481201172,18.491499334258712,17.712309742578746,18.39647621332213,58562400
2000-10-03,17.199188232421875,18.187428882240592,17.180183604540748,18.111410370716076,85374000
2000-10-04,16.857091903686523,17.199174941190872,16.57202270576623,17.142161101606813,136453400
2000-10-05,16.83809471130371,17.408233358413316,16.80008546816307,16.87610395444435,81099400
2000-10-06,16.89510154724121,17.25618920685604,16.64804156961001,16.971120001896963,61794000
2000-10-09,16.47700309753418,16.952118527105526,16.11591537105996,16.914109292739816,58323600
2000-10-10,16.591033935546875,16.895107867928033,16.362978486261007,16.40098772780865,62066200
2000-10-11,16.952117919921875,17.313205633462815,16.41998865786155,16.41998865786155,101205800
2000-10-12,16.53401756286621,17.294202278400288,16.362976001871044,17.12316071740512,90219600
2000-10-13,16.343963623046875,16.68604658259902,15.849843792582666,16.38197284077489,104521200
2000-10-16,15.317716598510742,16.362970212553037,15.07065665337347,16.26794715673101,119759000
2000-10-17,15.336718559265137,15.944866011429305,15.279704735624746,15.773824540508134,81276600
2000-10-18,15.735825538635254,16.191936423813086,14.72858066720087,15.089668451299989,110536400
2000-10-19,18.814573287963867,18.909596385377828,17.636286880030777,17.76931921641032,256993200
2000-10-20,19.821815490722656,20.106884745143404,18.58651538823275,18.643529239116898,160378600
2000-10-23,18.89059066772461,20.14489548067212,18.45348444503078,19.650775402844314,185170400
2000-10-24,18.700542449951172,19.13764862510247,18.301445507421725,19.04262554354784,94427400
2000-10-25,18.62451934814453,19.289680753435405,18.377459397607918,18.833570075521664,167603800
2000-10-26,19.593761444091797,19.783807626866693,18.4914935839974,18.54850743882987,114826600
2000-10-27,20.582000732421875,21.03811155197693,19.650774475830303,19.669779093311764,124292400
2000-10-30,21.00009536743164,21.32317375769982,20.486970865241002,20.524980087625494,110057600
2000-10-31,20.943086624145508,21.133132782259352,20.677022002786128,20.981095855768277,104474000
2000-11-01,21.171142578125,21.304174892350204,20.810054868085167,20.829059484403054,81309400
2000-11-02,21.380189895629883,21.541729108174643,21.171139149983723,21.39919450887044,77985200
2000-11-03,20.7530517578125,21.171153533153046,20.69603787935697,21.057125776241985,68711000
2000-11-06,21.133134841918945,21.323181018554905,20.75304248864702,20.886074812292193,74851400
2000-11-07,21.437206268310547,21.855307809004547,21.13313242053309,21.209150882477456,104331200
2000-11-08,21.114133834838867,22.007351017770844,20.677027553829603,21.627258599501918,206149400
2000-11-09,21.551239013671875,21.684271353262442,20.810058835953,20.82906345589451,91058600
2000-11-10,20.48697280883789,21.380189619612825,20.315931291880986,21.266161941641556,93744400
2000-11-13,20.201906204223633,20.715030820887826,19.5842562026834,20.27792466595166,83364800
2000-11-14,20.924081802368164,21.228155652357167,20.467971027384664,20.677021799252103,84218600
2000-11-15,21.304180145263672,21.551240218313115,20.886078483179997,21.000106209202816,60422200
2000-11-16,20.962085723876953,21.74127476710357,20.962085723876953,21.114122610360194,92128600
2000-11-17,21.00009536743164,21.285164535315328,20.61525199078866,21.114123034585116,106525600
2000-11-20,20.429956436157227,20.829053259561228,19.935836559561793,20.71502559573151,80157200
2000-11-21,20.601001739501953,21.057112479121923,20.486974054596963,20.486974054596963,59487600
2000-11-22,20.7530517578125,21.133144280849358,20.068885216346153,20.087889842497997,76343200
2000-11-24,21.26616859436035,21.41820554588393,20.829062358730067,20.981099310253644,34439200
2000-11-27,21.494224548339844,21.969340033493243,21.475219928933708,21.722279981213475,85307600
2000-11-28,20.372955322265625,21.20915871235862,20.315941454759287,21.09513097734594,127446200
2000-11-29,19.78380584716797,20.410958193908165,19.23267196669931,20.31593511106874,98280400
2000-11-30,17.446250915527344,18.871598212547553,17.332223131765726,18.852593581920615,197200800
2000-12-01,17.218189239501953,18.434485168120194,17.047147624540013,17.655295588849132,109809800
2000-12-04,17.16116714477539,17.94035635068435,16.781074849210047,17.408227136892865,80407200
2000-12-05,18.206418991088867,18.396465118344494,17.712299060224243,17.99736825110768,101734400
2000-12-06,17.23719024658203,18.263439721020212,17.047144047612,18.24443510112321,90560800
2000-12-07,16.1539249420166,16.419989588120405,15.8878602959128,16.248948029910817,145308400
2000-12-08,16.553022384643555,16.99012860145963,16.248948494684544,16.610036239010867,120939800
2000-12-11,17.65528678894043,17.864337547474708,16.72406068274228,16.876097598039937,95576200
2000-12-12,17.750314712524414,18.2444348222949,17.256194602753926,17.5792731360654,63106000
2000-12-13,17.40822982788086,18.39646994911427,17.275197503868668,18.39646994911427,98360400
2000-12-14,16.876094818115234,17.859583451941205,16.838085595551913,17.617274658100026,71201400
2000-12-15,14.956643104553223,15.811851414216367,14.519536635169835,15.522030820386078,116899800
2000-12-18,14.538524627685547,15.203685885161356,14.291464732051674,14.899612167458129,107187400
2000-12-19,13.626312255859375,14.595547855648537,13.53128915784083,14.424506279215155,120271800
2000-12-20,12.619067192077637,13.379251962684725,12.581057953547283,13.018164196646358,149037800
2000-12-21,13.208209037780762,13.721333705435553,12.257978171753368,12.391010492997204,163173000
2000-12-22,14.12043285369873,14.329483676566412,13.60730810665988,13.60730810665988,109551800
2000-12-26,14.253463745117188,14.766588439941406,13.949389851888021,14.253463745117188,66941600
2000-12-27,14.12043285369873,14.23446057526292,13.683326587702673,14.025409752395241,69003800
2000-12-28,13.550292015075684,14.063416677638156,13.341241226624305,13.721333569263173,77619200
2000-12-29,13.189205169677734,13.930385287282103,13.075177459277063,13.360246735278743,99977600
2001-01-02,13.189205169677734,13.683325248080648,13.03716822247684,13.41726059047908,82413200
2001-01-03,14.576546669006348,14.861616030199432,13.113190614881852,13.13219523896139,135962200
2001-01-04,14.7285795211792,15.355731939500378,14.253464052754065,14.538533333809147,112397000
2001-01-05,14.937627792358398,15.165683178501276,14.46251240456074,14.747581637239335,93414600
2001-01-08,14.880613327026367,15.127673318407393,14.196447197048144,14.880613327026367,79817600
2001-01-09,15.754833221435547,16.001893332266263,15.127680632403735,15.203699128043954,114965400
2001-01-10,16.077909469604492,16.36297878644145,15.431752351440718,15.507770835930573,90230200
2001-01-11,16.724063873291016,16.952119289744985,15.906865297664297,16.115916096080436,101854800
2001-01-12,16.267953872680664,16.724064728924045,15.963879968518407,16.686055490903765,73712000
2001-01-16,15.982884407043457,16.267953688976455,15.545778174746191,16.22994445138539,68462400
2001-01-17,16.096908569335938,16.686051622050712,15.982880881713724,16.305959329976666,72844200
2001-01-18,16.876094818115234,17.085145542213507,16.001882699158813,16.324961090947056,109788800
2001-01-19,18.548498153686523,18.681530415034683,17.90234145570974,18.244424413462152,209348800
2001-01-22,18.28244400024414,18.548508673844367,17.94036084847242,18.472490195672872,76673000
2001-01-23,18.415475845336914,18.529503559549525,17.921355750415593,18.168415797876253,70295200
2001-01-24,19.137651443481445,19.289688396359153,18.472489774641474,18.548508251080328,110455000
2001-01-25,18.795568466186523,19.460730140925175,18.71954998907353,19.08063775536023,85657400
2001-01-26,19.460725784301758,19.55574885942042,18.548504263162613,18.548504263162613,93080000
2001-01-29,19.612777709960938,19.65078696908877,19.30870363693829,19.327708266502203,84983800
2001-01-30,19.27067756652832,19.688779052192643,19.118640662650385,19.612760600253676,57276800
2001-01-31,18.567508697509766,19.384707135578264,18.548504082670966,19.156651757512638,81898800
2001-02-01,18.96661376953125,19.0426322615935,18.358465833033254,18.491498194142192,71792800
2001-02-02,18.49149513244629,19.27068454707147,18.472490512577384,19.004619868906772,71100000
2001-02-05,18.83357810974121,18.871587349115057,18.320453378194276,18.472490335689663,51399200
2001-02-06,19.023622512817383,19.40371487071583,18.75755786228847,18.871585569658002,96442000
2001-02-07,19.669776916503906,19.783804608773494,18.79556460910373,18.85257845523853,126061800
2001-02-08,18.928598403930664,19.612764611301653,18.852579936445,19.384709208844658,88041200
2001-02-09,17.978374481201172,18.719554824506506,17.78832823932801,18.643536327757243,100575200
2001-02-12,17.864337921142578,18.073388684049565,17.389222550899426,17.883342535952305,71289400
2001-02-13,17.69330406188965,18.567516722305246,17.674299438837135,18.13041039209745,76070600
2001-02-14,17.750314712524414,17.940360908589984,17.142166885114584,17.522259277245727,61728400
2001-02-15,17.883344650268555,18.30144622551394,17.598275394419428,17.94035850143838,65627800
2001-02-16,17.427228927612305,17.71229810309124,17.066141305338984,17.332205869119324,66958400
2001-02-20,16.990127563476562,17.712303008009123,16.838090627785498,17.44623837054976,60730800
2001-02-21,17.10415267944336,17.655286488003203,16.781074239942765,16.800078854031035,63947200
2001-02-22,16.781068801879883,17.27518860805075,16.381972035357258,17.123151744613562,100816400
2001-02-23,17.256195068359375,17.484250509791437,16.515014883705174,16.55302412394385,92620600
2001-02-26,18.11140251159668,18.225430229403162,17.446240824392184,17.52225930292984,87936800
2001-02-27,18.054391860961914,18.605525928296544,17.840589852082104,18.054391860961914,99148600
2001-02-28,17.940349578857422,18.268179060038875,17.693289679996038,18.111391047299918,84608400
2001-03-01,18.049636840820312,18.092397233441364,17.10415704842146,17.80732794930101,81781600
2001-03-02,17.23719024658203,17.67429650421311,17.16117176699402,17.484250305243076,79800800
2001-03-05,17.46524429321289,17.826332042474096,17.19917963586253,17.408230438066386,49383600
2001-03-06,18.07339096069336,18.24443251552642,17.750312468230913,17.826330937045604,66781800
2001-03-07,18.453487396240234,18.58651974616164,18.035385725058685,18.20642731781477,59743600
2001-03-08,18.016380310058594,18.42497965253355,17.769320242515597,18.339458859922516,54626000
2001-03-09,17.23719024658203,17.693301124110114,16.686056269568937,17.6172826445221,103794400
2001-03-12,15.792841911315918,16.72406845000964,15.697818795122682,16.6290453338164,114376000
2001-03-13,16.47700309753418,16.648044652179866,15.811841496134301,15.868855347682862,91035600
2001-03-14,16.419986724853516,16.80007901015105,15.868852911172091,15.963875982496475,90686200
2001-03-15,16.32496452331543,17.051891057677263,16.267950677483128,16.8190845205287,71638400
2001-03-16,16.591033935546875,16.762075522511275,15.959130294817284,15.963881450010739,112848800
2001-03-19,16.515010833740234,16.876098527458378,16.153923140022094,16.572024680116783,61036400
2001-03-20,16.02089500427246,17.06614912673389,16.001890383864072,16.59103361652415,91822800
2001-03-21,15.222694396972656,16.19192962074994,15.12767133581802,15.887855825055105,124988600
2001-03-22,16.419986724853516,16.43899133911839,15.355728326020419,15.374732940285295,126363200
2001-03-23,17.199188232421875,17.33222062758978,16.534026256582354,16.705067907512518,99519600
2001-03-26,17.04714584350586,17.484252147185497,16.895108868312942,17.37022441579081,63118600
2001-03-27,17.712299346923828,17.80732241208973,16.990124051662985,17.047137890762524,95135600
2001-03-28,16.89510154724121,17.617276866470867,16.838087706249397,17.446235343495424,78681600
2001-03-29,16.83809471130371,17.389228736842995,16.591034630889546,16.83809471130371,86985000
2001-03-30,16.629037857055664,17.085148609706334,16.381977866036554,16.952116306849888,91201600
2001-04-02,16.97112274169922,17.313205842875686,16.610035023790726,16.667048873986804,75924000
2001-04-03,16.229942321777344,16.819085427134603,16.039896158758875,16.819085427134603,94187600
2001-04-04,15.792841911315918,16.72406845000964,15.526777185974856,16.229948245804806,104046600
2001-04-05,17.256195068359375,17.44624126955276,16.267954822153772,16.343973302631124,113364000
2001-04-06,17.08514404296875,17.389217796792444,16.743061069917097,17.142157871810692,92622000
2001-04-09,17.377824783325195,17.45992371998348,16.924754137587215,17.201461355066805,56295600
2001-04-10,18.147125244140625,18.271795461014282,17.56938453573127,17.621077687090832,109199400
2001-04-11,18.256601333618164,18.70054904891161,18.153216138006666,18.44208663985793,109879600
2001-04-12,18.90731430053711,18.94684423045343,18.046784647461624,18.110641045003316,87520000
2001-04-16,18.484647750854492,18.724866346453254,18.28091768878036,18.67013296619152,65857400
2001-04-17,18.694459915161133,18.886026762950355,18.256593994449727,18.402549301353528,85149200
2001-04-18,19.895559310913086,20.163143560755017,19.15665949474822,19.2752481536475,156696400
2001-04-19,20.689184188842773,20.981094794552988,19.992854822345784,20.01109851023415,159375600
2001-04-20,20.981094360351562,21.619648942121547,20.82905744469684,21.376391269013528,192919600
2001-04-23,20.7530517578125,20.81994841305109,20.34255229691282,20.710481580824425,92171200
2001-04-24,20.54018211364746,21.26387678139942,20.415510766400647,20.73782818919713,89176600
2001-04-25,21.190919876098633,21.221326815094134,20.44897850112454,20.54628209785059,76744000
2001-04-26,21.020618438720703,21.589237211713886,20.753034361964403,21.30644851882084,118737600
2001-04-27,20.409440994262695,21.187869435555278,20.132732631831498,21.14225788659522,121572400
2001-04-30,20.601001739501953,20.999337709735656,20.57971666444899,20.83817895292047,74368200
2001-05-01,21.33686637878418,21.37639747306298,20.555396498309698,20.573642511015258,83702800
2001-05-02,21.212196350097656,21.634858894203646,21.087524934980163,21.589247344285056,92864400
2001-05-03,20.838184356689453,21.33990676435818,20.71959571922773,21.05711793966488,66273400
2001-05-04,21.51323127746582,21.604454387521105,20.66486470559188,20.67702794159259,119538400
2001-05-07,21.704788208007812,21.938926346087182,21.49801791978797,21.53754900070738,109356200
2001-05-08,21.911569595336914,21.92373283255798,21.51323343592325,21.81730740674902,75084000
2001-05-09,21.40679931640625,21.68046624298816,21.242599160457104,21.66222023461647,76676600
2001-05-10,21.285160064697266,21.662210821986083,21.27299683770107,21.628762527721122,64334600
2001-05-11,21.10272216796875,21.28516598385053,20.87466681814178,21.27300275347188,51128800
2001-05-14,20.895957946777344,21.041912113819286,20.768247470640727,21.020627034463182,44968000
2001-05-15,20.75912857055664,21.072326703234353,20.67702962075973,20.90204370529593,61385600
2001-05-16,21.02975082397461,21.248682070624813,20.473295062310417,20.58580091408213,91893800
2001-05-17,20.728713989257812,21.32773985047672,20.54018968525144,21.01150276516676,106984800
2001-05-18,20.704389572143555,21.041911767738785,20.448968624071288,20.582761874908925,90605400
2001-05-21,20.917234420776367,21.28212200816601,20.600997429085947,20.69222048588271,103491600
2001-05-22,21.37943458557129,21.391597819628682,21.0358319230738,21.117930853086587,83455600
2001-05-23,21.193954467773438,21.77169546621394,21.136181991859562,21.403766246340314,93637400
2001-05-24,21.808176040649414,21.826419728568425,21.063193745332956,21.26692497999213,80781600
2001-05-25,21.561885833740234,21.862918407592037,21.39464422610022,21.789941306031043,52747600
2001-05-29,21.388551712036133,21.817296918338357,21.300372344400117,21.52842771288449,71210800
2001-05-30,21.038875579833984,21.461538149323328,20.87467538220576,21.151381447170035,86501800
2001-05-31,21.03583335876465,21.400721125791158,20.798656078207433,21.130095529268196,70682600
2001-06-01,21.388551712036133,21.498018474500565,20.889870825208902,21.16353773136999,57587600
2001-06-04,21.52234649658203,21.59532357021259,21.22435542598265,21.45241081099006,43736600
2001-06-05,22.075767517089844,22.221724028629797,21.437212708890147,21.51627258263679,89454200
2001-06-06,22.00278663635254,22.343350224762016,21.756487530391016,22.163945425186604,80022800
2001-06-07,22.404163360595703,22.419367982412616,21.917645621148914,21.92980885462253,66960000
2001-06-08,22.255178451538086,22.425459161788194,21.90853425144284,22.410254532701284,51867000
2001-06-11,21.92981719970703,22.151789915345308,21.744331878474796,22.151789915345308,47345600
2001-06-12,21.917640686035156,22.017985599673523,21.53146564987505,21.59532087130881,66714600
2001-06-13,21.494983673095703,21.98454281353945,21.479779050885796,21.908524342289173,55302400
2001-06-14,20.950695037841797,21.452417505404856,20.798658067059055,21.352072547912233,71972400
2001-06-15,20.68309783935547,20.76824044788868,20.190499792285692,20.528021879299583,108354400
2001-06-18,20.336458206176758,20.664858520199132,20.071915442019314,20.66181713213429,56846800
2001-06-19,20.47026252746582,20.93549539765131,20.32734736971721,20.740888214304444,63457400
2001-06-20,21.10576629638672,21.16049736034968,20.40335415017131,20.41551738212951,64108400
2001-06-21,21.23651885986328,21.452413358149357,20.956771444480804,21.026709458276233,69603800
2001-06-22,20.92940330505371,21.47065437789037,20.85338484381487,21.28516914687565,51092000
2001-06-25,20.93548583984375,21.227396481596262,20.60708549790984,21.01150430863033,49215600
2001-06-26,21.327747344970703,21.349032429350903,20.585806141031878,20.62229585135517,63077000
2001-06-27,21.631818771362305,21.750407416150015,21.09056755773636,21.242604519761624,69199800
2001-06-28,22.118335723876953,23.15522887803186,21.4463326563023,21.756489345890504,128975600
2001-06-29,22.197383880615234,22.322055232400164,21.710866341732157,22.07575391591981,94283800
2001-07-02,21.46761703491211,22.243006413611035,21.330784706859248,21.90852558511533,72810200
2001-07-03,21.42808723449707,21.52843217420038,21.263887056773378,21.376395230370996,28037400
2001-07-05,20.832103729248047,21.504106776010918,20.810818648849217,21.352069824619324,49242600
2001-07-06,20.087120056152344,20.798654151821033,19.9685314268575,20.76824722736844,67467800
2001-07-09,19.9746150970459,20.34558562369807,19.776966599414852,20.12969111465972,66476600
2001-07-10,19.606679916381836,20.14488952908251,19.56714883709883,20.038464161587914,66562600
2001-07-11,20.22091293334961,20.296931403023855,19.521542084386706,19.524583472745558,73822600
2001-07-12,21.77168846130371,21.908523093695614,21.38551567011661,21.498021516419406,128078000
2001-07-13,21.692626953125,21.893316804047107,21.570999271244197,21.71087296132658,58934600
2001-07-16,21.643978118896484,21.94197153169468,21.33078240456645,21.726077042887077,55990800
2001-07-17,21.83858299255371,21.896357764247803,21.32773885097763,21.485858546172217,63241000
2001-07-18,21.458494186401367,21.74128299507738,21.245643392731104,21.467616031858714,57590800
2001-07-19,22.066638946533203,22.197390793317208,21.65613971775994,21.65613971775994,76549400
2001-07-20,21.03583335876465,21.10272999069614,20.65878235685061,20.686147895422668,124203600
2001-07-23,20.40031623840332,21.054075568185965,20.17530220858267,21.054075568185965,79999400
2001-07-24,20.166175842285156,20.67397856976125,19.977649236920158,20.372946134656743,67530200
2001-07-25,20.518911361694336,20.531072278297756,19.95029223462817,20.14794076798594,74065400
2001-07-26,20.248275756835938,20.470250679309338,19.916836387000856,20.409436839675152,77974000
2001-07-27,19.9077205657959,20.144897859982258,19.780010071987853,20.08408400194985,65396000
2001-07-30,20.008060455322266,20.336458453438112,19.929000603970586,19.962448913392475,42196400
2001-07-31,20.126657485961914,20.491545334135814,20.023271126375747,20.07192407674579,59031600
2001-08-01,20.21178436279297,20.315168333597597,19.99589225914318,20.312129266149565,55679000
2001-08-02,20.509784698486328,20.537152557263912,20.147938316115034,20.43680760824588,54198400
2001-08-03,20.339502334594727,20.482417434205757,20.06887675784605,20.46417374315743,43260400
2001-08-06,20.108400344848633,20.409435088942978,19.971568057459624,20.230030333582796,27831600
2001-08-07,20.175296783447266,20.388149841900624,20.06583002650532,20.081034644930224,31347800
2001-08-08,19.72222900390625,20.445923891647055,19.609720850475853,20.223951292588822,54996400
2001-08-09,19.76784324645996,19.932043417207844,19.55195107378206,19.75872140140167,45536200
2001-08-10,19.92292022705078,20.026306555868914,19.126248120986002,19.69486480983688,51756400
2001-08-13,20.017183303833008,20.06583391640565,19.68878296934451,19.837778515216332,32675400
2001-08-14,19.6705379486084,20.096239479437052,19.597558554838326,19.992855484778477,36481200
2001-08-15,19.21746826171875,19.780005600963875,19.21746826171875,19.676619281798,39503000
2001-08-16,19.64925765991211,19.67662319931941,19.0654351269406,19.108005290396342,43905600
2001-08-17,18.81608772277832,19.50025263660841,18.700539349976335,19.39382726688917,52234200
2001-08-20,19.065431594848633,19.0806350561305,18.57891271418064,18.749194496406897,48371200
2001-08-21,18.481613159179688,19.21747267554026,18.460328076800867,19.065435710005843,47111800
2001-08-22,18.44512176513672,18.594118478740025,17.964685631379783,18.58803686186338,78107200
2001-08-23,17.976848602294922,18.70966665322888,17.940360059163943,18.448162914232135,51813200
2001-08-24,18.867782592773438,18.93771944068174,18.010294408924246,18.122801411215885,63399000
2001-08-27,18.94684410095215,19.266121446679062,18.721828916754713,18.822173855098786,44562800
2001-08-28,18.469451904296875,19.141455043435382,18.420800119561736,18.955969751648272,47422800
2001-08-29,18.320449829101562,18.639727146000528,18.104557669669376,18.56370868197936,48170000
2001-08-30,17.3139705657959,18.141052093895766,17.18626006157758,17.95252656673774,97632000
2001-08-31,17.347410202026367,17.65452539214772,17.119354850133078,17.28659520953159,57900800
2001-09-04,17.058536529541016,17.964677305032417,17.049414688428783,17.389976956027002,67189200
2001-09-05,17.557228088378906,17.754875434073327,16.842653703314706,17.082872370802455,89470600
2001-09-06,17.034221649169922,17.75487653642682,16.997733102460074,17.19842184928921,112356800
2001-09-07,16.845701217651367,17.441686020079093,16.81833450937916,17.061593494048605,89863800
2001-09-10,17.508575439453125,17.62108245587228,16.632842296638156,16.699737764805025,84471800
2001-09-17,16.08854103088379,16.754462082953307,16.055092734944132,16.4260630572578,127502000
2001-09-18,16.51728630065918,16.72405654712872,16.16760101796676,16.240579229641025,83182600
2001-09-19,16.380456924438477,16.63283876053221,15.386135359498029,16.559860530833536,126950200
2001-09-20,15.434785842895508,15.997323078533372,15.407419154027185,15.918263239602878,117983200
2001-09-21,15.115509033203125,15.386134542387218,14.44350618186629,14.571216627119641,184976600
2001-09-24,15.814873695373535,15.948666874782557,15.16415611899064,15.401334409784274,85580200
2001-09-25,15.598993301391602,16.11591924501414,15.252349186241796,15.893945402154179,84940600
2001-09-26,15.285796165466309,15.75102889394806,15.06686257091021,15.662847178368525,58524400
2001-09-27,15.191527366638184,15.410460882426095,14.595542973603914,15.23409751471927,81191200
2001-09-28,15.559465408325195,15.687177086452257,14.893543792224023,15.088150958941249,116641200
2001-10-01,15.747998237609863,15.96389057461169,15.328375646291029,15.48953455138385,69999600
2001-10-02,16.131118774414062,16.283155711326447,15.67804935198703,15.699334430358782,80860800
2001-10-03,17.09807586669922,17.310927836269236,15.933473391399568,15.957798701091901,97199200
2001-10-04,17.161924362182617,17.75790987465027,17.091987529382475,17.307879642802412,101778000
2001-10-05,17.5511417388916,17.63628203962315,16.705815707537038,17.076786149209536,80844400
2001-10-08,17.648448944091797,17.833934203530763,17.25315311706359,17.271396808188836,60605800
2001-10-09,16.590272903442383,17.50553485975137,16.47776472187507,17.48424977890348,99477600
2001-10-10,16.87914276123047,16.95212101228915,16.115917733656055,16.298361621377843,86349200
2001-10-11,17.125450134277344,17.283568776988407,16.599402175232104,16.955168251369177,83742600
2001-10-12,17.143692016601562,17.22275074424886,16.5872360537236,16.936921608969882,63307000
2001-10-15,17.654531478881836,17.788323580538105,16.982527262055136,16.99773188538304,68437000
2001-10-16,17.77311134338379,17.912984993331982,17.396059374013294,17.596748007401803,66169000
2001-10-17,17.037260055541992,18.03158183663128,17.02205659270176,17.976848442446556,73710600
2001-10-18,17.256195068359375,17.50857698032017,16.876102665972603,17.13152480677451,78348000
2001-10-19,17.60587501525879,17.6393221618103,16.91562729003024,17.45383810203531,91219600
2001-10-22,18.293087005615234,18.29916862321748,17.475128577287716,17.60588045586107,72323600
2001-10-23,18.375186920166016,18.682301066343456,18.06199115644695,18.387350155249266,80325000
2001-10-24,18.64581871032715,18.737040683831815,18.12889264720027,18.39647810810424,79141400
2001-10-25,19.022865295410156,19.035027370931182,18.113683743077143,18.42992090562341,75318200
2001-10-26,18.91339683532715,19.348222605659668,18.87690829206809,18.949885378586206,64509400
2001-10-29,18.134973526000977,18.91340339867493,18.104566589391563,18.88299530211524,55129400
2001-10-30,17.90386962890625,18.104558334898197,17.69405791813075,17.91603170203474,57395600
2001-10-31,17.681894302368164,18.46640420827503,17.666689682371995,18.031578523236664,64700000
2001-11-01,18.803926467895508,18.928596696931123,18.12280055027066,18.268757015436428,109671200
2001-11-02,18.67013931274414,19.16273874259981,18.399512547255878,18.831298120547856,83360000
2001-11-05,19.23876190185547,19.469857628866688,18.776569287882786,18.810017613096964,66401600
2001-11-06,19.697906494140625,19.746559430762137,18.901233216161064,19.065433397409098,68612000
2001-11-07,19.536746978759766,19.780007013069927,19.469850353329488,19.527625133455565,58899000
2001-11-08,19.588438034057617,20.087118992349033,19.35734240458712,19.600601267174422,74227800
2001-11-09,19.828655242919922,19.96244847768727,19.433359474638422,19.56411016142066,48013600
2001-11-12,20.005020141601562,20.202668620645895,19.354302246827555,19.67357841768423,57752800
2001-11-13,20.64661407470703,20.661816374675215,20.25131715714577,20.312133316716345,60159600
2001-11-14,20.05367088317871,20.78040724995401,20.005020270121125,20.74696125842041,88625600
2001-11-15,20.10536766052246,20.38815648815789,19.901636378750837,20.099284883209975,77922000
2001-11-16,19.99286460876465,20.254368422699457,19.749604491648412,20.178349926088185,59249000
2001-11-19,20.233068466186523,20.363820277058117,19.977645298947238,20.14488679653836,56005000
2001-11-20,19.88642692565918,20.616204507498768,19.773918784825494,20.20570302278345,65921800
2001-11-21,19.475929260253906,19.64316847069945,19.302606114264886,19.570191402866833,50785200
2001-11-23,19.676610946655273,19.7070178559178,19.345170531917063,19.576266058180302,15754600
2001-11-26,19.8073673248291,19.980689299594395,19.582353360373936,19.761755790438443,41983600
2001-11-27,19.38166618347168,19.786083768958306,19.080632585294,19.700943468845246,90819000
2001-11-28,19.09583282470703,19.49721127458086,19.07454775326781,19.208339796592824,54536600
2001-11-29,19.716144561767578,19.734390567746168,19.14144641122091,19.193138401712325,54034400
2001-11-30,19.524587631225586,19.789132797200452,19.439447298240594,19.661422297722964,48234200
2001-12-03,19.69486427307129,19.83474029999533,19.399913396945813,19.409036402151617,47211800
2001-12-04,20.068880081176758,20.093206553202684,19.491139130011355,19.764806140552867,51005800
2001-12-05,20.707429885864258,20.728714963765622,19.825615207280126,20.217870774233397,74243000
2001-12-06,20.874675750732422,20.981101162212926,20.54019489183656,20.67094677448403,56026200
2001-12-07,20.625329971313477,20.932442892002914,20.236115811307517,20.753040432584296,42334800
2001-12-10,20.391197204589844,20.813859785867386,20.33038334594991,20.531070935381692,38367400
2001-12-11,20.47026252746582,20.716561736410934,20.394244023974057,20.57364889856294,54334000
2001-12-12,20.66181755065918,20.670941715038534,20.144892924334144,20.42160124635596,47884200
2001-12-13,20.150970458984375,20.74999623857456,20.090156624669252,20.412474122357747,53227800
2001-12-14,20.50674057006836,20.661816558580238,20.047588420795666,20.07495395292154,43000600
2001-12-17,20.975019454956055,21.014548228322788,20.421605028322585,20.424644097112445,57079800
2001-12-18,21.063186645507812,21.102717715873197,20.85945779941935,20.95676130202119,47255200
2001-12-19,21.13008689880371,21.251716878100083,20.813849880592695,20.865544187725412,56996200
2001-12-20,20.299968719482422,21.057111875993314,20.25739857059581,21.026704958202753,78585000
2001-12-21,20.537139892578125,20.68309398305317,20.37293980086987,20.680054916096335,84307600
2001-12-24,20.455047607421875,20.68614439133912,20.4337625299492,20.5918822368029,11701600
2001-12-26,20.579713821411133,21.002376196143917,20.491532145545456,20.500653987893827,29328000
2001-12-27,20.631418228149414,20.892922025756636,20.452015700900414,20.670949328655322,32406600
2001-12-28,20.637495040893555,20.935486143718474,20.585800718244684,20.746961823127084,28787200
2001-12-31,20.144893646240234,20.822979388975117,20.144893646240234,20.628369980198244,43006200
2002-01-02,20.385114669799805,20.406399750145205,19.91988197089337,20.266526033604038,48124000
2002-01-03,21.05103302001953,21.057113476080037,20.400312866379164,20.406395642338968,67590800
2002-01-04,20.950695037841797,21.257810368394953,20.880757010525706,21.057120453409702,52731400
2002-01-07,20.847301483154297,21.29124900595166,20.783446255892272,21.209150090871702,58508800
2002-01-08,21.096647262573242,21.242603761664633,20.677026097522756,20.886837839997924,47736400
2002-01-09,20.892913818359375,21.473695981609612,20.84426320902548,21.200029054421,76304000
2002-01-10,21.066232681274414,21.224352357832384,20.716547344166337,20.82297503103763,50296600
2002-01-11,20.86250877380371,21.382474822275434,20.7074304478,21.139214794030384,72993200
2002-01-14,20.819934844970703,20.993256829727805,20.59795993541905,20.768242852300844,50997800
2002-01-15,21.148334503173828,21.16961957716816,20.82905607335978,20.877708996717722,60717400
2002-01-16,20.637495040893555,21.23651863491088,20.631412264158584,20.935486143718474,61955400
2002-01-17,21.242605209350586,21.2851753745076,20.798657544213143,20.838186320458938,78958000
2002-01-18,20.099285125732422,20.631414471904836,19.892514772709433,20.403359037830946,107140400
2002-01-22,19.60059928894043,20.260438959609573,19.536744061446573,20.254358503614608,76837200
2002-01-23,19.38166618347168,19.676617005984607,19.22962927044145,19.475929487132277,80403000
2002-01-24,19.643171310424805,19.819534709757257,19.39991244923327,19.491134377186377,83886000
2002-01-25,19.39990997314453,19.719187260204627,19.311728284733288,19.5184997402922,48981200
2002-01-28,19.4060001373291,19.582363591840544,19.129292878659513,19.53067157514243,41622000
2002-01-29,18.94988441467285,19.612765576568357,18.849540635827104,19.43032170960346,58666000
2002-01-30,19.111042022705078,19.126246643971704,18.648850766933233,18.98941317222029,66100000
2002-01-31,19.372543334960938,19.402951413780094,18.88906590125759,19.17489604240964,69566200
2002-02-01,19.053260803222656,19.61275654006592,18.995487209291024,19.506331193363103,63462200
2002-02-04,18.584993362426758,19.062389213494065,18.47248636286272,18.974208678673435,70308400
2002-02-05,18.5941162109375,18.922515362575023,18.39646774637672,18.48768966850105,66772600
2002-02-06,18.366058349609375,18.819127671057316,18.32044681472155,18.73398737654619,66103000
2002-02-07,18.18360710144043,18.733980918244665,18.168403648368855,18.335643952054394,63314000
2002-02-08,18.442079544067383,18.44511977220231,17.888665227535093,18.280919614123583,61283000
2002-02-11,18.588035583496094,18.62148389404238,18.119761555747555,18.247472021524572,50899600
2002-02-12,18.286998748779297,18.502890875502874,18.250510216363228,18.393425278254668,44973800
2002-02-13,18.797855377197266,18.816100235546113,18.22923729808676,18.32349949968003,54168600
2002-02-14,18.755273818969727,19.153610951553002,18.64580705520946,18.852577351212272,57267000
2002-02-15,18.314367294311523,18.870822979815813,18.305245450270352,18.76135621152319,50179800
2002-02-19,17.9190673828125,18.286996366615725,17.81872248180287,18.217059538616304,52262600
2002-02-20,18.21402359008789,18.353897278945542,17.87954166809608,18.061986669168792,50492000
2002-02-21,17.651485443115234,18.326529710918116,17.639322211635097,18.159289337889813,59398400
2002-02-22,17.633241653442383,17.86433725047496,17.3778195935908,17.651485340607042,71347800
2002-02-25,17.964677810668945,18.210976807225787,17.602829303708752,17.618032759306814,51832200
2002-02-26,17.80352783203125,18.244435249210497,17.60588047946811,17.970768256492356,63276200
2002-02-27,17.754878997802734,18.290049836838335,17.633250105258387,17.961649391073287,65750000
2002-02-28,17.73967170715332,18.15321240454899,17.67885669401574,17.87346380809608,68068000
2002-03-01,18.661012649536133,18.676216110697826,17.894746375499547,17.95556138009605,62115600
2002-03-04,19.247879028320312,19.30869404470307,18.508979305152213,18.6214874914428,74464200
2002-03-05,19.180984497070312,19.424243414608455,18.95596927337877,19.15665802534149,55926400
2002-03-06,19.34822654724121,19.36951163180764,18.91035929913158,19.129292923186394,49835400
2002-03-07,19.071516036987305,19.424241726755312,18.81001228837569,19.36038532399091,58079200
2002-03-08,19.44552993774414,19.67358424736895,19.20835146062016,19.34822636352152,57701800
2002-03-11,19.56411361694336,19.76480350454135,19.15665570440162,19.311732883059307,43718200
2002-03-12,19.01677894592285,19.095837636913057,18.752233860027456,19.010697329700577,66407200
2002-03-13,18.88298988342285,19.16273849174353,18.837379491597158,18.876909425806048,44387400
2002-03-14,18.615406036376953,18.925561578682625,18.563712866017692,18.895153490250717,51819600
2002-03-15,19.00157356262207,19.00765401827939,18.539381216044358,18.548503059479913,69086800
2002-03-18,18.895156860351562,19.153620438346966,18.60932773781153,19.077601943633642,52296800
2002-03-19,18.92251205444336,19.156649014930895,18.700538324099206,18.907308596738865,36376400
2002-03-20,18.27483367919922,18.858655938860494,18.27483367919922,18.67013052040555,55235200
2002-03-21,18.657976150512695,18.72791301379477,18.1927434182689,18.30829067415235,46123400
2002-03-22,18.38126564025879,18.591076192597562,18.311328789479198,18.56370949794905,41341400
2002-03-25,18.010297775268555,18.481612109670888,17.9859724653384,18.390390167520422,47752400
2002-03-26,17.964677810668945,18.524172400353283,17.73054088262097,17.970758264948724,69357200
2002-03-27,18.074146270751953,18.207939485240537,17.815684004498173,17.879539224168003,47318400
2002-03-28,18.338699340820312,18.44208452457366,18.141050820131557,18.229232539205,43901200
2002-04-01,18.35997772216797,18.366059337810206,18.001170518922997,18.192737351829958,47010000
2002-04-02,17.417348861694336,17.967722919491102,17.365656866626768,17.90994930854212,76509400
2002-04-03,17.128477096557617,17.51769117541677,16.87609529483214,17.46599802809672,76931400
2002-04-04,17.164968490600586,17.323087026508052,16.85177164680615,17.022053414694877,61763800
2002-04-05,16.98860740661621,17.42343314924046,16.979485561370186,17.298762904428948,50166000
2002-04-08,17.39910316467285,17.42646985300397,16.49904383731034,16.5112070676685,73389600
2002-04-09,16.684537887573242,17.462967644022417,16.6632528031346,17.43256071195296,63413000
2002-04-10,17.119356155395508,17.3656563718012,16.742305261088806,16.760548948263576,75636400
2002-04-11,16.66020393371582,17.16496639996329,16.572022252516383,16.99468465281433,58165800
2002-04-12,17.006853103637695,17.107196886188383,16.68149412756902,16.769675835836196,52297600
2002-04-15,16.933879852294922,17.256198694837842,16.845699277971562,17.028143205478752,47388800
2002-04-16,17.578514099121094,17.666694656196828,17.13760667394252,17.149769909383995,51921600
2002-04-17,17.219703674316406,17.72142486651051,17.155847279715534,17.621081092051597,55158600
2002-04-18,17.140647888183594,17.42647813773969,16.018615453080532,17.268359547760795,74794800
2002-04-19,17.393024444580078,17.630201676295133,17.289639289226134,17.466001518977162,104268600
2002-04-22,16.90347671508789,17.24099910075634,16.724072976757384,17.186265678218188,51465200
2002-04-23,16.416950225830078,16.97340485472278,16.207138494322287,16.936916311832242,68281400
2002-04-24,16.121997833251953,16.550741972984135,16.115916216240525,16.374378559502183,61220400
2002-04-25,16.33788299560547,16.556816474123252,16.079420763427017,16.085502377824657,57290400
2002-04-26,15.659805297851562,16.55682350321361,15.647642063892457,16.441275100501763,62776600
2002-04-29,15.884821891784668,16.088550858851395,15.641561830878217,15.650684837129667,70246000
2002-04-30,15.890901565551758,16.20713870117216,15.78751639275085,15.842249787760148,77384000
2002-05-01,16.039897918701172,16.173690014564315,15.404383433439,15.86049427472908,76413000
2002-05-02,15.571615219116211,16.44126626045621,15.553371537936544,16.00644073978621,79009200
2002-05-03,15.069900512695312,15.714536753721353,15.054695892145654,15.586825132792313,71628000
2002-05-06,14.784074783325195,15.367897357037544,14.708056297578018,15.033415323779938,66299400
2002-05-07,15.04252815246582,15.291868524207,14.701964731593122,14.954346490278288,88385400
2002-05-08,16.71493911743164,16.71493911743164,15.574662233705443,15.589865693498533,101242000
2002-05-09,15.848337173461914,16.72407065241059,15.781441679618476,16.541626709273505,83288200
2002-05-10,15.21889591217041,16.01556907185403,15.200652223596155,15.972998918581196,64408800
2002-05-13,16.02165412902832,16.088550761367244,15.127677238448703,15.340529210477163,64819000
2002-05-14,16.687576293945312,16.75447176453097,16.413909314436136,16.541620958190386,64832400
2002-05-15,16.64804458618164,17.16192901518688,16.377419024162617,16.568985889392287,70412000
2002-05-16,16.949077606201172,17.037258144764756,16.61763704967675,16.635880739059,53406400
2002-05-17,17.037260055541992,17.149768232449397,16.806164404500837,17.09199344972671,54646200
2002-05-20,16.42303466796875,16.891308861828996,16.267957453093032,16.876105395264734,52115800
2002-05-21,15.869621276855469,16.602439553576726,15.851377579643882,16.40479215409976,63120000
2002-05-22,16.32572364807129,16.33484665181132,15.766227749916892,15.772309365760371,54169400
2002-05-23,16.669328689575195,16.675410305887866,16.118954592750473,16.328766295713617,51412800
2002-05-24,16.194976806640625,16.578110603404564,16.128081331611188,16.4625621866083,35982000
2002-05-28,15.90914535522461,16.325726247254188,15.735823335914864,16.295319323145385,49602000
2002-05-29,15.827047348022461,16.030777478162978,15.675010387599672,15.705418475654202,45393200
2002-05-30,16.006452560424805,16.22538617585526,15.638523358898683,15.70237861008254,63213000
2002-05-31,15.480402946472168,16.243627961769,15.471281100217801,16.085510546926972,66468000
2002-06-03,15.027328491210938,15.702372781588075,14.951310031842327,15.50472548319947,88439000
2002-06-04,15.197608947753906,15.577701211833235,14.972594976990685,15.051653657541388,88008400
2002-06-05,15.708455085754395,15.735821778724075,15.304037467368753,15.334444388468537,66969400
2002-06-06,15.78143310546875,15.85441017909457,15.203692332840927,15.659803102826155,78703400
2002-06-07,15.805761337280273,15.994286832336824,15.161124987766023,15.170246833671213,97834400
2002-06-10,16.061180114746094,16.207135418558956,15.647639507301495,15.7054142791928,71825400
2002-06-11,15.985162734985352,16.474721835409493,15.939551191983831,16.18889282445583,74368200
2002-06-12,16.888259887695312,16.96123695339605,15.963875215855952,15.988201677722563,136198600
2002-06-13,16.486881256103516,16.87001372091939,16.480799641112856,16.675406681016124,79771600
2002-06-14,16.800079345703125,16.89130126400661,16.115913218502545,16.1615247576291,109433600
2002-06-17,16.93082618713379,17.161921722583994,16.83656290875383,16.92474457304967,94486600
2002-06-18,17.02509117126465,17.116313071767465,16.830482980922735,16.885216353214304,77518400
2002-06-19,16.529449462890625,17.00988539132353,16.517286234335533,16.866971515623824,81247000
2002-06-20,16.450397491455078,16.75447139081617,16.389583639542757,16.53249758347656,86401200
2002-06-21,15.896984100341797,16.587232035066844,15.896984100341795,16.23754772449024,116820000
2002-06-24,16.468643188476562,16.614598528469052,15.766232027309648,15.83921027728086,104523200
2002-06-25,16.1007080078125,16.724059068370973,16.055096473646234,16.63283715998794,84025200
2002-06-26,16.459516525268555,16.53857520964642,15.522968584463808,15.522968584463808,112131400
2002-06-27,16.699735641479492,16.705817257803194,16.073344239484488,16.602432100199692,95812400
2002-06-28,16.632837295532227,16.96427778798617,16.41998540093758,16.587225760994265,89555600
2002-07-01,16.012535095214844,16.53858292022497,15.988209780969068,16.45648280973898,66473800
2002-07-02,15.641563415527344,16.09159271787692,15.608116255716611,15.927393668064951,82814200
2002-07-03,15.763191223144531,15.969961570573771,15.340528682353842,15.580747344801031,80936600
2002-07-05,16.678449630737305,16.693654250670328,16.131116951688202,16.143280183654763,35673600
2002-07-08,16.091583251953125,16.702772175439076,15.988199284344887,16.544653676824534,63199400
2002-07-09,16.17976188659668,16.641954066586976,16.10678484551614,16.210169953671198,85277200
2002-07-10,15.884821891784668,16.48080648911562,15.851373575412536,16.32572814229026,90673400
2002-07-11,16.08854103088379,16.137192781355317,15.583778684760727,15.823997210191683,129550600
2002-07-12,15.76927661895752,16.3378946306619,15.65372818301299,16.228427813446046,95733800
2002-07-15,15.751028060913086,15.769272912811152,14.59554745288315,15.626357806151038,136965600
2002-07-16,15.583785057067871,16.055099299974618,15.398299820064963,15.602029905936087,97154600
2002-07-17,15.811843872070312,16.20713973688208,15.559461961182443,15.96996244998501,98034800
2002-07-18,15.54120922088623,16.036849747736788,15.40437580427727,15.830079509294197,91053600
2002-07-19,15.069900512695312,15.474318132412934,14.841845123846742,15.164162664384918,112543400
2002-07-22,14.446545600891113,15.200649639031354,13.956987761543294,14.88441261141764,180069800
2002-07-23,13.078214645385742,14.230654715457991,13.066052574000889,14.136392572490065,168061600
2002-07-24,14.057333946228027,14.096863871513719,12.591698082032135,12.695083237429548,202307800
2002-07-25,13.023484230041504,13.899216128452402,12.904894448012142,13.820157433715904,163411400
2002-07-26,13.789752960205078,13.807997814511486,13.281950028152234,13.300194882458642,123538000
2002-07-29,14.671568870544434,14.686772336865854,14.15464289596528,14.245864853843923,112148600
2002-07-30,14.625953674316406,14.847928635216888,14.391817799303281,14.458713266471387,122690600
2002-07-31,14.58946704864502,14.59554866645004,14.096867605938328,14.476960019127132,93875600
2002-08-01,13.911381721496582,14.622914734633422,13.835363242144142,14.467837547132417,92002800
2002-08-02,13.503918647766113,13.94178454226704,13.318433427194668,13.838399394405066,85947600
2002-08-05,13.376214981079102,13.735021212752553,13.32148157151277,13.467436943706256,78941600
2002-08-06,13.887060165405273,14.367497681696369,13.634679327821615,13.65292418690431,88715800
2002-08-07,14.318831443786621,14.382686646253598,13.731969074563418,14.291464762736606,86349400
2002-08-08,14.872257232666016,14.899623935271663,14.112072338009298,14.324924340503198,88748000
2002-08-09,14.632027626037598,14.94522435805636,14.492153988021032,14.64115062674249,69049400
2002-08-12,14.738459587097168,14.823599892217295,14.473914507703073,14.476955895714314,56866600
2002-08-13,14.309712409973145,15.112466998285045,14.2671411066965,14.592501116303392,100122800
2002-08-14,15.115509033203125,15.121590648684172,14.355324497315426,14.36748772827752,96706000
2002-08-15,15.133758544921875,15.428710606954871,14.823603019474271,15.191532169877348,98745600
2002-08-16,15.203695297241211,15.273632156414532,14.87529492204485,15.030373263648652,69334000
2002-08-19,15.811843872070312,15.827047336111159,15.158084478764346,15.215859266049497,79848200
2002-08-20,15.519936561584473,15.720625346434694,15.431754827041898,15.623321763473994,70317600
2002-08-21,15.896984100341797,15.927392188185378,15.55338140733391,15.678051667617734,81203400
2002-08-22,16.185850143432617,16.252746758504866,15.994283302057303,16.07030176102136,72517600
2002-08-23,15.878739356994629,16.070305077959805,15.76319095073398,16.012531454804417,57929200
2002-08-26,15.84223747253418,16.009478916137944,15.562490257686031,15.963867402437103,55652400
2002-08-27,15.459105491638184,15.948664287907379,15.401331911686471,15.91217577214572,65470200
2002-08-28,15.015172958374023,15.404387268660061,14.990846484006076,15.349653861282318,68875000
2002-08-29,15.380059242248535,15.507769730310415,14.753666557128529,14.866173581366366,94275600
2002-08-30,14.923949241638184,15.349652053386336,14.89962277013543,15.246266869399642,58138400
2002-09-03,14.297553062438965,14.753663853269833,14.291471446033919,14.753663853269833,74452600
2002-09-04,14.659407615661621,14.777996292933699,14.337089910245263,14.428311880458377,80232000
2002-09-05,13.96003246307373,14.449591619265783,13.950910617414204,14.443510002176147,90438800
2002-09-06,14.540817260742188,14.677650780249829,14.434391834430771,14.519532175479904,69918400
2002-09-09,14.808394432067871,14.884412882786956,14.178961752909798,14.36748718590727,81653200
2002-09-10,15.139842987060547,15.148964834821278,14.701975735343433,14.759750531028399,83950000
2002-09-11,14.771913528442383,15.538178886619992,14.756708902487583,15.273634866297957,77443200
2002-09-12,14.337080955505371,14.686765149572842,14.297551034454418,14.64115477292903,63726800
2002-09-13,14.568181991577148,14.674607403474656,14.245863207051848,14.261067831565772,59549200
2002-09-16,14.52865219116211,14.635078764001538,14.30667835859988,14.473918790261834,50166200
2002-09-17,14.37964916229248,14.869208127818546,14.355322703408238,14.799270138501049,73343400
2002-09-18,14.519524574279785,14.668521253063806,14.188084071631229,14.206328917997501,83951800
2002-09-19,14.352289199829102,14.54081470470541,14.166803923762917,14.194170622853829,77777600
2002-09-20,14.431347846984863,14.595548040832213,14.382696066580088,14.507366326364199,130619200
2002-09-23,13.753257751464844,14.203286833543844,13.625547313014494,14.169838530154612,89783800
2002-09-24,13.877934455871582,14.13335661223517,13.570820286410019,13.63163530648707,104142200
2002-09-25,14.142467498779297,14.279300897918565,13.698520168193339,14.109020365611146,107116600
2002-09-26,14.048215866088867,14.44351174501507,13.972197383220367,14.324923097332208,100852200
2002-09-27,13.759339332580566,14.321875393800198,13.741094487154447,13.999557910918467,81011600
2002-09-30,13.30019474029541,13.69549063310862,13.10862783195092,13.643797459768026,115577000
2002-10-01,14.057333946228027,14.063415562421955,13.132949163845232,13.476552939129238,110636600
2002-10-02,13.868819236755371,14.233708371648271,13.731985666176712,14.017814889201683,103488600
2002-10-03,13.622514724731445,14.16680745339922,13.561699693827462,13.774551722016282,105221400
2002-10-04,13.309313774108887,13.856646522307342,13.28498730710239,13.801913131492517,107120400
2002-10-07,13.394449234008789,13.701564388930237,13.284982492054587,13.321472179338901,89790000
2002-10-08,13.680286407470703,13.981318943898314,13.418782646161887,13.607308155032207,115667600
2002-10-09,13.376214981079102,13.820162716494726,13.32148157151277,13.44919208720075,123142600
2002-10-10,14.102950096130371,14.175927194404878,13.151198309845693,13.37925377186614,118515000
2002-10-11,14.86009693145752,14.869219940761644,14.294519072515497,14.400945674761223,108828800
2002-10-14,14.987798690795898,14.999961921841459,14.546891424965622,14.67156164330871,76216200
2002-10-15,15.90002155303955,15.924346857342723,15.401340635353073,15.586824705507455,133374200
2002-10-16,15.328368186950684,15.586830587448853,15.288838247597402,15.32228656859248,95437400
2002-10-17,15.437832832336426,15.963880567066727,15.218899241946959,15.89698393445885,182602400
2002-10-18,16.16152572631836,16.176729186955267,15.550336633147275,15.994284179463286,152817200
2002-10-21,15.966915130615234,16.11287157905462,15.617230947759165,15.802716156032591,112378600
2002-10-22,15.711492538452148,15.790552375265184,15.516885493911575,15.638515476724175,87159000
2002-10-23,16.176729202270508,16.194972891072194,15.638518343576608,15.638518343576608,110866600
2002-10-24,15.57770824432373,16.22842630859953,15.477364444480761,16.225386079492193,95833400
2002-10-25,16.01860809326172,16.055096624968943,15.55641577182199,15.583782460589788,75425800
2002-10-28,15.796640396118164,16.267954740728726,15.662847128779713,16.23754781266996,79906600
2002-10-29,15.833126068115234,15.960837694672676,15.462155581388554,15.857452534107031,90517200
2002-10-30,16.149364471435547,16.234504789388037,15.699335253765499,15.872657278140117,94451200
2002-10-31,16.25882911682129,16.44127296268586,16.070302494818257,16.173687650128098,105973800
2002-11-01,16.115915298461914,16.188893538493225,15.78143450153035,15.94259328333104,105097800
2002-11-04,17.058536529541016,17.408221798200742,16.88217436165863,17.256184926600735,139964200
2002-11-05,17.234907150268555,17.27139569010677,16.900426355193773,16.961240201607538,76658200
2002-11-06,17.341333389282227,17.362618468557653,16.885222559180537,17.329171315374712,115407000
2002-11-07,17.031177520751953,17.216662773278205,16.876100352217595,17.08895230036165,73699600
2002-11-08,16.754467010498047,17.19537428129001,16.727100320312353,17.02813391235501,64522200
2002-11-11,16.377431869506836,16.754483119081392,16.36526862663006,16.745361266899152,58341200
2002-11-12,16.575071334838867,16.85481998603347,16.389587190400743,16.450401055488587,81398600
2002-11-13,16.833526611328125,17.00684859336362,16.45343434196089,16.492964262760957,107370200
2002-11-14,17.32916831970215,17.33220854766601,16.98860479026849,17.02509448553257,78337000
2002-11-15,17.237951278686523,17.307888145845347,16.927795720014768,17.210584577628723,77533600
2002-11-18,16.982528686523438,17.341336020099995,16.9490815282663,17.317010708644805,58086400
2002-11-19,16.681489944458008,16.96731891756763,16.51424957551142,16.891300462596497,76403400
2002-11-20,17.21665382385254,17.30179525482249,16.702769650985665,16.7270949455848,76435400
2002-11-21,17.587629318237305,17.63628108171993,17.26531066019645,17.32612565453712,82922200
2002-11-22,17.703182220458984,17.727507528448623,17.34741516651812,17.469045186315814,70002000
2002-11-25,17.70622444152832,17.83089470387317,17.505535698242706,17.654532431264585,61583000
2002-11-26,17.301807403564453,17.712306752738034,17.265317696120125,17.526821466387744,68650400
2002-11-27,17.660615921020508,17.821774746514333,17.45384553814726,17.51465940138638,55191800
2002-11-29,17.53897476196289,17.82784506912108,17.53897476196289,17.767030084464192,28393000
2002-12-02,17.54201889038086,17.928192794891377,17.3352485925335,17.83393064966217,63735000
2002-12-03,17.24403190612793,17.438639031382174,17.152809961158745,17.41735394955436,58457400
2002-12-04,17.192337036132812,17.46600282551793,16.973403476664906,17.067666794757983,83892000
2002-12-05,16.827438354492188,17.35956732158949,16.815275128285037,17.316997189813563,68435800
2002-12-06,16.866979598999023,16.94907969116777,16.486887224115865,16.684534563085183,71670200
2002-12-09,16.277074813842773,16.79096042568003,16.270993196903596,16.72406379929889,63862800
2002-12-10,16.42303466796875,16.565949805563147,16.261875834477298,16.286202308940236,63730200
2002-12-11,16.62067413330078,16.72709950106072,16.292275027106164,16.374373933692684,69186200
2002-12-12,16.4716854095459,16.74231220096186,16.32573005189969,16.724067346274808,55242000
2002-12-13,15.963875770568848,16.34396805082049,15.960835542704654,16.322682975922362,65245400
2002-12-16,16.56595230102539,16.587237389411733,16.01557791287064,16.115922895220812,60140400
2002-12-17,16.529449462890625,16.721016252810692,16.353086128689764,16.54769314577394,49549800
2002-12-18,16.277074813842773,16.54161993092283,16.052060786842294,16.371338136475305,62709400
2002-12-19,16.149364471435547,16.648045465071277,16.07942761598174,16.19193463041179,82686600
2002-12-20,16.128080368041992,16.334850718397654,16.10071366990816,16.264913858711164,98294600
2002-12-23,16.419986724853516,16.505127025576293,16.085505977771525,16.13111635603747,48798400
2002-12-24,16.36525535583496,16.489925594348502,16.274033428133542,16.28011504464027,18386000
2002-12-26,16.23451042175293,16.62980638361095,16.167613771609947,16.429117593132247,37228000
2002-12-27,16.106794357299805,16.41999009345396,16.085509277752426,16.201056521023958,40891600
2002-12-30,16.039897918701172,16.18889463723387,15.893942588682329,16.118956620813517,48019600
2002-12-31,15.720617294311523,16.11287281467999,15.586824066306992,16.03685435693182,58208800
2003-01-02,16.334842681884766,16.343964523458258,15.723653777575443,15.903057341533238,67025200
2003-01-03,16.356142044067383,16.359182273931964,16.07943472837638,16.295327007222582,55546800
2003-01-06,16.654132843017578,16.794006602309985,16.359180696724707,16.42607734679944,59456200
2003-01-07,16.967323303222656,17.031178543515594,16.626760861710444,16.69973794777384,80517400
2003-01-08,16.492963790893555,16.891299735426223,16.453433871224448,16.836566357407314,64566000
2003-01-09,16.970361709594727,17.00380885819206,16.581146399170176,16.638921172096687,61808000
2003-01-10,17.003808975219727,17.11935736191834,16.693654671893974,16.754468513361974,67730200
2003-01-13,17.14672088623047,17.256187636565354,16.95819546062565,17.186250803840167,60817800
2003-01-14,17.323089599609375,17.33221144497542,17.085911180543835,17.12848249880162,54206400
2003-01-15,17.1102352142334,17.429512516076617,17.085908750117895,17.332208979513915,59622600
2003-01-16,16.830482482910156,17.225779306641225,16.757505428647047,17.125434407092747,81371000
2003-01-17,15.647649765014648,16.11592406335689,15.602039355145202,16.09767920343887,155876000
2003-01-21,15.608110427856445,15.857450878490946,15.595947196130464,15.772309416358702,86159200
2003-01-22,15.507766723632812,15.933470587869284,15.480400030075472,15.68717034585322,86948000
2003-01-23,15.896984100341797,15.976043968785163,15.64764357977415,15.796640310332839,71374800
2003-01-24,15.15808391571045,15.827046748208334,15.112473525282129,15.820965130827908,103027000
2003-01-27,14.951315879821777,15.386141730281704,14.720220183329484,14.996927437263064,114838600
2003-01-28,14.844883918762207,15.112469207295963,14.765825235305423,15.10942781949979,86151200
2003-01-29,15.1763277053833,15.215857635613684,14.574261546269788,14.817520424707093,106884000
2003-01-30,14.668521881103516,15.255383298309356,14.653317261839193,15.252343070426248,87877400
2003-01-31,14.431347846984863,14.701973447983304,14.300595969656413,14.428307618187665,106858400
2003-02-03,14.765828132629395,14.93002714740456,14.431346166343362,14.574261262116927,80129800
2003-02-04,14.388774871826172,14.577300339053476,14.2549827918503,14.534730184513412,81854800
2003-02-05,14.279308319091797,14.756704190904916,14.209371469839848,14.543853414898864,101072000
2003-02-06,14.419183731079102,14.479998742857582,14.157681152346411,14.248903090039198,83312000
2003-02-07,14.163764953613281,14.580345934616599,14.112071779647879,14.55906085120439,75208000
2003-02-10,14.407021522521973,14.449591682385524,14.151599403390794,14.230658106001698,74081400
2003-02-11,14.121196746826172,14.495207643640365,13.987404598681762,14.382700583610967,84292000
2003-02-12,14.121196746826172,14.321885549017942,14.06646333168748,14.154645073849851,71315200
2003-02-13,14.288436889648438,14.327965672047727,14.026933080175317,14.112073423743242,73558200
2003-02-14,14.686763763427734,14.747578753162625,14.221531237862305,14.36748651725637,90446400
2003-02-18,15.179366111755371,15.197610960429245,14.838803722824238,14.972596959866593,57415500
2003-02-19,14.965825080871582,15.179360172418479,14.746187656790235,15.142754322964578,46902700
2003-02-20,14.727888107299805,15.173264243981247,14.703484589000148,15.112253702713172,50897200
2003-02-21,15.026837348937988,15.130554912186849,14.459442499766322,14.819403386119468,56853200
2003-02-24,14.685179710388184,14.947524198842245,14.544856293110627,14.910918342960965,62403700
2003-02-25,14.758394241333008,14.807202442542769,14.264209894944953,14.361827461043784,68113000
2003-02-26,14.404534339904785,14.929222206462821,14.386230828264194,14.685181202984745,57096000
2003-02-27,14.386226654052734,14.770590977546204,14.215397419345106,14.581459400187764,75434300
2003-02-28,14.459446907043457,14.685184448774532,14.367930492292398,14.483850430945399,56585400
2003-03-03,14.361825942993164,14.715685655280652,14.276410727145024,14.65467511929746,50653500
2003-03-04,14.075082778930664,14.435043814782752,14.068981606361005,14.386235597905165,56605700
2003-03-05,14.300821304321289,14.367931874266302,14.062880232233645,14.07508257719807,55415900
2003-03-06,14.197104454040527,14.337427937550439,14.111689198429502,14.136093889655431,54607600
2003-03-07,14.374030113220215,14.514354724313591,13.971362121010099,14.001867977195367,66167600
2003-03-10,14.001872062683105,14.313023740805159,13.965265024579526,14.221508472905745,48413600
2003-03-11,13.910351753234863,14.190999815392255,13.885948231648689,14.06897871642305,53990700
2003-03-12,14.270309448242188,14.300815297840499,13.757822811782294,13.916449738655992,72379500
2003-03-13,15.051244735717773,15.093951769968546,14.300818141564275,14.47164627856737,80701300
2003-03-14,15.167166709899902,15.228176102116036,14.801104538205283,15.05734794202356,75451400
2003-03-17,15.819981575012207,15.832183922470335,14.843815888280181,14.959735861772584,100983800
2003-03-18,15.887088775634766,15.887088775634766,15.557632470631667,15.795572359569748,78108800
2003-03-19,16.05792236328125,16.125034114095072,15.704062414437391,15.850487100474854,73652100
2003-03-20,16.015207290649414,16.179935416350574,15.661347518965096,15.874883848909631,71798500
2003-03-21,16.210437774658203,16.350761196202996,15.880982734349589,16.32025650932081,85586800
2003-03-24,15.429512023925781,15.819977738453408,15.362400292861487,15.588137847692915,61105200
2003-03-25,15.551532745361328,15.7101597406365,15.270885790114262,15.618644479737661,63595100
2003-03-26,15.405097961425781,15.630836542582228,15.398996792888699,15.533219009667802,51673600
2003-03-27,15.27698040008545,15.411202647500174,15.002433571647174,15.215969864468146,60043300
2003-03-28,15.051244735717773,15.313589276034705,15.008537701466999,15.051244735717773,39584600
2003-03-31,14.770597457885742,15.07564904847748,14.64857751985673,14.795002143699227,71384000
2003-04-01,14.856009483337402,15.069545783330353,14.794998945670958,14.923120027459198,49803200
2003-04-02,15.691858291625977,15.862687654522498,15.313594853063455,15.313594853063455,68282500
2003-04-03,15.69796371459961,15.917601360113588,15.618650766875199,15.856590773728579,57394300
2003-04-04,15.307488441467285,15.740661128311471,15.209872028553683,15.716257606922788,55740600
2003-04-07,15.356295585632324,16.125025656908623,15.356295585632326,16.00300456736787,65627100
2003-04-08,15.6064453125,15.758971166282713,15.374606526769439,15.44171711113149,54132100
2003-04-09,14.990242004394531,15.661356051116764,14.971939645131934,15.624750168911556,76875800
2003-04-10,15.002433776855469,15.12445484975912,14.813302161166083,15.075645489654304,51608900
2003-04-11,14.764493942260742,15.36239463848407,14.611968183203002,15.185464199411081,71565500
2003-04-14,15.106143951416016,15.179355628407558,14.642465730314617,14.807193749063527,51599600
2003-04-15,15.008543014526367,15.124462979728268,14.703491331969651,15.057351237188248,63399000
2003-04-16,15.20376968383789,15.704054052327301,15.00853687307903,15.618639988540135,86178700
2003-04-17,15.557631492614746,15.582036179012457,15.093952924173708,15.112256438971992,58356600
2003-04-21,15.380699157714844,15.624741337627482,15.301386263818785,15.624741337627482,41557800
2003-04-22,15.716263771057129,15.740667302017213,15.270888566996616,15.289190924296708,58844000
2003-04-23,15.691858291625977,15.85658648116764,15.53933244879403,15.71016181169055,55559300
2003-04-24,15.551532745361328,15.691856222984862,15.447815139361396,15.545431572810783,51703600
2003-04-25,15.386801719665527,15.643045100796682,15.356297026258268,15.453913441576853,53657400
2003-04-28,15.704055786132812,15.826076888168505,15.447812402801436,15.490519439410086,56287600
2003-04-29,15.740662574768066,16.015209488616158,15.667450840194935,15.83217898850379,65877300
2003-04-30,15.600340843200684,15.789472536107597,15.40510797778972,15.697957275906166,55566800
2003-05-01,15.691858291625977,15.83218295142804,15.460019522540543,15.582040662278034,42085800
2003-05-02,15.923694610595703,16.039614550670937,15.594238306280687,15.649147690333189,52695400
2003-05-05,15.777273178100586,16.100627212426456,15.765070831682303,16.01521311485808,50391500
2003-05-06,16.088422775268555,16.16773568358411,15.752865298722277,15.777269986622182,54299500
2003-05-07,15.856583595275879,16.076221141357486,15.765068338968417,15.92979649852962,49120000
2003-05-08,15.704055786132812,15.948096826524724,15.685752271723617,15.710156957602544,46401400
2003-05-09,16.08232879638672,16.167742914880158,15.795579403707173,15.801680578411004,58913600
2003-05-12,15.984698295593262,16.14942521326331,15.899283088405351,15.954192448855055,53900800
2003-05-13,15.856583595275879,15.984705885050023,15.795573036511032,15.887089456498114,44501900
2003-05-14,15.630841255187988,15.972498650519963,15.58203305585485,15.911488110433723,45021000
2003-05-15,15.734565734863281,15.868788051060136,15.600342254986655,15.771171609520646,45450200
2003-05-16,15.600340843200684,15.893190141317131,15.502724410495203,15.789472536107597,60620900
2003-05-19,15.106143951416016,15.582024506575545,15.093941617357883,15.496609331847244,55336300
2003-05-20,15.026837348937988,15.25257598554287,14.947524465832014,15.167161932401175,52677600
2003-05-21,14.660778045654297,15.075647179947945,14.575362819573241,15.026838978049907,108960900
2003-05-22,14.740093231201172,14.807204955634596,14.666881498800626,14.764497917787692,93157100
2003-05-23,14.776700019836426,14.97193403367754,14.660781242352748,14.764498839461012,76968000
2003-05-27,15.124451637268066,15.185460997082078,14.776692002461887,14.794995508613459,68486800
2003-05-28,14.892617225646973,15.173265268966757,14.825505509350627,15.118355894484177,91467000
2003-05-29,14.886518478393555,15.051246628660456,14.782800883449157,14.929225518015443,75451300
2003-05-30,15.014639854431152,15.197670345668667,14.953629302792152,15.087851585454365,85096700
2003-06-02,15.032940864562988,15.27088187836524,14.990233831328563,15.240376023426808,66310800
2003-06-03,15.179373741149902,15.203778438387,14.99024199228246,15.100060802489367,61058200
2003-06-04,15.173264503479004,15.386799656050279,15.09395044937027,15.246476223309354,83484600
2003-06-05,14.697381973266602,14.95972646034668,14.64857377778746,14.929220610872735,115877900
2003-06-06,14.441142082214355,14.98413353120338,14.428939739529795,14.91092180245491,119629400
2003-06-09,14.48995304107666,14.630276517559755,14.398437780921583,14.471649523573777,73610000
2003-06-10,15.057347297668457,15.100054335863996,14.550961683659391,14.605871065247802,80655300
2003-06-11,15.179373741149902,15.228181971944082,14.898726705003376,15.051252571695187,75768600
2003-06-12,15.246475219726562,15.33799044533026,15.093949455827321,15.234272879331607,66177700
2003-06-13,15.039043426513672,15.405105573876334,14.941427009040895,15.3746008797959,55157500
2003-06-16,15.49051284790039,15.508816354521095,15.05123916211431,15.130552030112737,69658600
2003-06-17,15.838276863098145,15.948095613843838,15.575933491924895,15.643044045629967,122213900
2003-06-18,15.905385971069336,16.125023436527343,15.685748505611333,15.850476604704836,89957700
2003-06-19,15.905385971069336,16.100618756507924,15.8687801147194,15.917588311079047,63626900
2003-06-20,16.064022064208984,16.0945267679561,15.868789167395787,16.07012323769438,86048900
2003-06-23,15.728461265563965,16.009108185254348,15.551530775053438,15.948097631158323,52584500
2003-06-24,15.679657936096191,15.887093186389503,15.569839137272687,15.649152067711945,51820300
2003-06-25,15.411201477050781,15.856576374977175,15.337988607134552,15.643040098373849,60483500
2003-06-26,15.71015739440918,16.173835965885708,15.380701107960261,15.490519870109901,51758100
2003-06-27,15.636942863464355,16.070116695132185,15.57593348080863,15.832176844472581,76040300
2003-06-30,15.64305591583252,15.935906527933925,15.55764178429642,15.826087693855932,48073100
2003-07-01,15.95419692993164,15.984702785238069,15.490518402388496,15.612539496255415,60926000
2003-07-02,16.399572372436523,16.43007822853937,16.137228992028582,16.167733684452006,94069300
2003-07-03,16.167734146118164,16.442281040486293,16.11282476724454,16.283654075260202,39440900
2003-07-07,16.729021072387695,16.80833393503562,16.442273136748092,16.484980152303045,88960800
2003-07-08,16.899866104125977,16.96087551844789,16.62531908495744,16.631420259125626,61896800
2003-07-09,16.759536743164062,16.899861382467062,16.625314440004303,16.814446131656613,62300700
2003-07-10,16.417875289916992,16.72902802879062,16.222642472665946,16.625310449166076,55350800
2003-07-11,16.66192626953125,16.74734155088682,16.405682752824696,16.442289800697115,50377300
2003-07-14,16.716829299926758,16.966971546554714,16.503292923525432,16.857152772195192,60464400
2003-07-15,16.63751983642578,16.796146858533707,16.533802212881366,16.759539817038117,53567600
2003-07-16,16.790037155151367,16.851047696302444,16.59480435441135,16.814440673404228,49838900
2003-07-17,16.28365135192871,16.63751108788949,16.19213612367113,16.558197036701458,72805000
2003-07-18,16.405670166015625,16.61310529009001,16.320256113871768,16.539893577875045,63388400
2003-07-21,15.887088775634766,16.41787793767811,15.862684087702876,16.39347441342579,48480800
2003-07-22,16.09452247619629,16.20434124228944,15.941996670773475,16.0335130849708,51791000
2003-07-23,16.137231826782227,16.25925178159003,15.948098976758747,16.118928309905225,49828200
2003-07-24,15.862685203552246,16.42398026499436,15.850482858727936,16.338566178583488,53556600
2003-07-25,16.405670166015625,16.442277185802293,15.905385865722993,16.033508107617966,54173000
2003-07-28,16.234848022460938,16.47278792003959,16.161635119686174,16.436182050492015,52658300
2003-07-29,16.149433135986328,16.411777728242757,16.009109663186724,16.399575383561146,62391100
2003-07-30,16.00300407409668,16.210439221714438,15.966398213834522,16.143327508167715,41240300
2003-07-31,16.112825393676758,16.46668520257552,16.051814841036386,16.228745327325516,64504800
2003-08-01,15.966401100158691,16.173836285275517,15.935896405038962,16.064017520957254,42649700
2003-08-04,15.97249984741211,16.11282328555005,15.710155319958096,15.954196334910895,51825600
2003-08-05,15.655252456665039,16.192144076517028,15.618646580118714,16.051819416343086,58825800
2003-08-06,15.649149894714355,15.978606245437474,15.514927583501082,15.582039320947585,56294900
2003-08-07,15.685754776000977,15.746765336759339,15.527128947180751,15.691855948444777,44258500
2003-08-08,15.6064453125,15.850486445816358,15.557637085836728,15.789475871567289,33241400
2003-08-11,15.624750137329102,15.856588942400156,15.582043080896012,15.624750137329102,36433900
2003-08-12,15.69796371459961,15.722368414625672,15.527135469137756,15.685761364586579,38208400
2003-08-13,15.618643760681152,15.795573101782752,15.55763320166419,15.734563706445416,39636900
2003-08-14,15.636942863464355,15.685751067796566,15.56983230980718,15.655246376468703,37338300
2003-08-15,15.58203411102295,15.655245833140702,15.514922396015558,15.624741142871528,27607900
2003-08-18,15.679657936096191,15.75897086653545,15.53323209521159,15.594242668300192,45817400
2003-08-19,16.240942001342773,16.259244346170412,15.722354230442967,15.771162422781824,72952900
2003-08-20,16.137231826782227,16.186040041441274,15.862684892025323,16.04571540607684,56739300
2003-08-21,16.009109497070312,16.30805995658992,15.94199776569747,16.259251742049567,63802700
2003-08-22,15.996898651123047,16.44227468125268,15.990797482087956,16.33855713501414,65846300
2003-08-25,16.167734146118164,16.192138831697314,16.003006009497287,16.051814216976126,36132900
2003-08-26,16.210437774658203,16.271448312101786,15.838274543563632,16.051810842776568,47546000
2003-08-27,16.118921279907227,16.216537666651565,16.04570840800941,16.173830642910808,30633900
2003-08-28,16.17383575439453,16.21654279163217,16.009107613324076,16.16773458283494,46211200
2003-08-29,16.17993927001953,16.198241623670363,16.07622166583942,16.143332235358557,34503000
2003-09-02,16.631406784057617,16.65581029727821,16.14942488840111,16.289749453215958,74168900
2003-09-03,17.265918731689453,17.32692927960965,16.704623785446575,16.72902847008642,109437800
2003-09-04,17.34523582458496,17.369639349810495,17.07679006502641,17.143901795835955,59840800
2003-09-05,17.314727783203125,17.540466472432527,17.186606673622805,17.223212538691545,64024500
2003-09-08,17.595369338989258,17.644177528907825,17.290317861078456,17.320822543397924,46105300
2003-09-09,17.308626174926758,17.516060166921534,17.272019149563537,17.479454305237674,44315200
2003-09-10,16.808338165283203,17.192703729370976,16.765631138979938,17.10118850676695,54763500
2003-09-11,16.985267639160156,17.149995728695938,16.832741888926087,16.875448912802966,37813300
2003-09-12,17.290327072143555,17.326932943163744,16.747335524572076,16.76563787824234,55777200
2003-09-15,17.302526473999023,17.45505226826579,17.284222959762406,17.30862764541123,41432300
2003-09-16,17.631990432739258,17.662496305109006,17.278130459010487,17.33303986559599,52060600
2003-09-17,17.3879451751709,17.662492143408663,17.36964165606179,17.54657218307719,47221600
2003-09-18,17.998037338256836,18.00413850750451,17.339126187335612,17.381833208390287,67268100
2003-09-19,18.278690338134766,18.284791509450763,18.010245782307447,18.156670402853106,92433800
2003-09-22,17.73569679260254,18.30309285736969,17.57706984819715,17.93092959689246,65678700
2003-09-23,18.059053421020508,18.126163976026326,17.61977840952363,17.766204189142194,57827800
2003-09-24,17.363540649414062,18.120069821656614,17.339137120714504,18.065160427482883,66336500
2003-09-25,17.22931480407715,17.668588703830896,17.217112460386325,17.369638265482987,56224500
2003-09-26,17.198816299438477,17.558777422133044,17.168310429230488,17.247624528091304,49864700
2003-09-29,17.589277267456055,17.638085482619594,17.143902158628784,17.333033846927552,47380300
2003-09-30,16.96086883544922,17.45505327523179,16.930364140307862,17.442850931703436,63333700
2003-10-01,17.400150299072266,17.467260885826583,16.966976253774597,17.101199754643147,58375900
2003-10-02,17.3879451751709,17.540471010040818,17.198813465762534,17.357440473668824,38143600
2003-10-03,17.741802215576172,17.973640935318052,17.650286962090682,17.790610428347073,57303000
2003-10-06,17.808914184570312,17.876024750735173,17.638084855729684,17.78450949601611,34047600
2003-10-07,17.778404235839844,17.91872883540051,17.644181970694127,17.699091343635406,52356800
2003-10-08,17.583181381225586,17.91263780538545,17.4977672699308,17.91263780538545,46989100
2003-10-09,17.656383514404297,17.906525684866118,17.570968291644185,17.827211632565962,62653300
2003-10-10,17.63808250427246,17.81501298166379,17.49165788350694,17.63808250427246,37604700
2003-10-13,17.55877113342285,17.754003978111104,17.38794181248086,17.680791079513238,39320300
2003-10-14,17.497758865356445,17.552668243008856,17.375737767533433,17.485556522838255,34851300
2003-10-15,17.835195541381836,17.95176577576295,17.608191641500746,17.914954553929626,57242100
2003-10-16,17.933359146118164,17.98244116411169,17.66954286057512,17.73703107414407,42232500
2003-10-17,17.74930763244629,17.97017737021311,17.66954859593805,17.964041969696478,49960000
2003-10-20,18.006986618041992,18.019257417722546,17.669546648073993,17.76157647547027,38794500
2003-10-21,18.006986618041992,18.056068646556337,17.896551761332752,18.006986618041992,44166800
2003-10-22,17.724761962890625,17.921090053537426,17.66954454112025,17.810656380204396,48798500
2003-10-23,17.73703384399414,17.841333294793937,17.24007818792819,17.620463594227825,67357900
2003-10-24,16.3259220123291,16.81060678878588,16.209351781957935,16.730848949189358,210558300
2003-10-27,16.509979248046875,16.626549478154505,16.454761832217347,16.509979248046875,65619100
2003-10-28,16.687910079956055,16.7001797123713,16.491580748606236,16.62042183573555,71752600
2003-10-29,16.40567970275879,16.71857800025265,16.35659768571314,16.663360584800344,73551500
2003-10-30,16.025300979614258,16.589744993786475,15.896459900294735,16.57133879096709,98729400
2003-10-31,16.037567138671875,16.221625616387293,16.01916211004581,16.17867898931604,69623700
2003-11-03,16.368871688842773,16.411818315894106,16.129596955152316,16.166408182595198,57772300
2003-11-04,15.994622230529785,16.332062224168542,15.957810999113757,16.313656023356554,84026100
2003-11-05,16.013031005859375,16.148006322890957,15.951678163496608,16.043706841936693,61514400
2003-11-06,16.092782974243164,16.135729597069272,15.951672307755178,16.111189171257656,68189800
2003-11-07,16.013031005859375,16.25230580384522,15.97008436726788,16.184817560225362,57822100
2003-11-10,15.951677322387695,16.092788033235802,15.951677322387694,16.025300963382573,54579100
2003-11-11,15.82896900177002,16.000756688609155,15.749211143363777,15.95781005945134,64990700
2003-11-12,15.939406394958496,16.03757046870634,15.70626701235939,15.8596485238664,75877300
2003-11-13,15.761475563049316,15.908721590646769,15.614229535451866,15.865774978873437,78949500
2003-11-14,15.644918441772461,15.963952353591951,15.608107196626639,15.767624152536383,83146400
2003-11-17,15.430166244506836,15.608089202976748,15.239973665272162,15.577412225547262,103900200
2003-11-18,15.430166244506836,15.853499171377461,15.411761228256179,15.540601022838914,106868300
2003-11-19,15.552887916564941,15.66945821107451,15.442453023893586,15.516076675743903,78853300
2003-11-20,15.399502754211426,15.724670783592668,15.387231953425124,15.442449386755518,106845700
2003-11-21,15.405633926391602,15.571285010710401,15.38722773026389,15.540609187371865,70712900
2003-11-24,15.786026954650879,15.83510899796459,15.50994089983934,15.540616738082328,99463800
2003-11-25,15.583563804626465,15.921003885541472,15.57129300091139,15.87192184088943,85663800
2003-11-26,15.614237785339355,15.724671486730278,15.534478746869885,15.712401855603304,69758400
2003-11-28,15.773748397827148,15.798289992524913,15.583555719750036,15.644908536286806,33402600
2003-12-01,15.85351276397705,16.080516740550383,15.644913819434613,15.890323998246881,101914600
2003-12-02,15.743077278137207,16.00689364891897,15.712401445807789,15.921000382230208,85121700
2003-12-03,15.749210357666016,15.994620490758969,15.71853452985733,15.841239011299896,93121600
2003-12-04,16.074378967285156,16.092783995259662,15.743074421250723,15.779885647407513,87202400
2003-12-05,15.939406394958496,16.246169417972514,15.902595159855071,15.927135593188,96610900
2003-12-08,16.098918914794922,16.160271736699354,15.835102599751298,16.025296464675804,90504000
2003-12-09,16.184812545776367,16.32592439055329,16.10505469456139,16.221624941913532,103547100
2003-12-10,16.31365394592285,16.338194373672497,16.184812897061867,16.227760693487397,82853700
2003-12-11,16.3259220123291,16.424086047312947,16.123458543898973,16.31365121540422,79309000
2003-12-12,16.3504581451416,16.448622154364394,16.25842953277115,16.374999732550947,69154100
2003-12-15,16.40567970275879,16.626549364568007,16.368868482526448,16.59587237253473,88860600
2003-12-16,16.602006912231445,16.663359722917036,16.424085048471515,16.460896266799857,73978000
2003-12-17,16.58974266052246,16.614283090622074,16.473172399477548,16.58974266052246,53712300
2003-12-18,16.810611724853516,16.84128872617335,16.59587739644648,16.62655439776631,61177800
2003-12-19,16.78606414794922,16.902633192715708,16.68176472827937,16.865821977010896,76856400
2003-12-22,16.675630569458008,16.82901201153145,16.5467895496084,16.663359773242323,43894800
2003-12-23,16.657230377197266,16.773800642834697,16.57133711315282,16.66950117783446,39609000
2003-12-24,16.58974266052246,16.66336512102921,16.56520106021494,16.651094320875448,19924200
2003-12-26,16.69404411315918,16.718585718115033,16.565204197765354,16.595880033752035,12076900
2003-12-29,16.847415924072266,16.89036370799351,16.663358673811057,16.69403449211877,40426700
2003-12-30,16.884231567382812,16.902636593834924,16.81060795095132,16.816743349837914,34406600
2003-12-31,16.792211532592773,16.90264525853949,16.706317074356505,16.822887372543256,42198900
2004-01-02,16.84128761291504,17.037615727552314,16.767663984822125,16.92104547065848,44487700
2004-01-05,17.264617919921875,17.28915951686593,17.006937003048066,17.01307240228408,67333700
2004-01-06,17.325973510742188,17.350515111607955,17.221674047478544,17.29529767986791,46950800
2004-01-07,17.30756378173828,17.36891660118726,17.184859313048026,17.283023356083312,54298200
2004-01-08,17.276891708374023,17.473219837072463,17.178727644024804,17.41800240460003,58810800
2004-01-09,16.970123291015625,17.21553337345469,16.927176672864736,17.197128348651496,67079900
2004-01-12,16.91490936279297,17.013073416002754,16.779934082181466,16.97626218860104,55845200
2004-01-13,16.829015731811523,16.957855609935386,16.724716281336487,16.902638184965788,51555900
2004-01-14,16.994670867919922,17.013075899203237,16.853558996902557,16.884235999388068,43907000
2004-01-15,16.89651107788086,17.006944804161982,16.822887423485156,16.902645309722907,58504100
2004-01-16,17.062152862548828,17.10509948305795,16.890366380512358,17.00080004601824,63983400
2004-01-20,17.240079879760742,17.30143271040631,17.135780418725655,17.16645624894448,63068500
2004-01-21,17.362791061401367,17.362791061401367,17.086704972421504,17.258491560175635,53570600
2004-01-22,17.184865951538086,17.448682357935212,17.141919312395885,17.399600317457246,78425200
2004-01-23,17.473215103149414,17.64500275432303,17.313698249246976,17.350510641060517,127259100
2004-01-26,17.669544219970703,17.687950416962202,17.37505208935299,17.479351531889392,58299600
2004-01-27,17.332109451293945,17.620466249208743,17.313703250070798,17.57138421615499,63196200
2004-01-28,17.000812530517578,17.44868760094132,16.853566364838944,17.362793126639072,71336000
2004-01-29,17.123510360717773,17.14805196212284,16.914911429606555,17.062157527413067,63748400
2004-01-30,16.963991165161133,17.117372642549945,16.902638340164046,17.080561415634815,40528700
2004-02-02,16.810611724853516,17.056021884372438,16.712447661045946,16.939452789980916,62891800
2004-02-03,16.743125915527344,16.902641653497852,16.675637677780415,16.810612983066243,47993800
2004-02-04,16.571338653564453,16.829019639858842,16.571338653564453,16.700178561607615,60648000
2004-02-05,16.54065704345703,16.669498085833116,16.46089919452535,16.6020098650548,55527500
2004-02-06,16.614282608032227,16.681770836709696,16.522253949967965,16.583606778746763,47209600
2004-02-09,16.503854751586914,16.70631835330116,16.473178909288052,16.681777913503748,48108500
2004-02-10,16.577476501464844,16.657234384377805,16.454770805989877,16.485447814962736,37790600
2004-02-11,16.657230377197266,16.706312409538086,16.47317304847118,16.54679551187843,51515300
2004-02-12,16.534528732299805,16.657233249204346,16.522257929546903,16.6204220111538,44537000
2004-02-13,16.31365394592285,16.602010700676022,16.258436520726402,16.552928674968932,67541100
2004-02-17,16.559064865112305,16.626553092509873,16.31365472485914,16.393412581613475,43477000
2004-02-18,16.42409896850586,16.632697999507783,16.405692758637976,16.503856870849642,50334700
2004-02-19,16.23390007019043,16.552933923549197,16.215495036094307,16.516122685148776,61840600
2004-02-20,16.301387786865234,16.442498504661977,16.258441148423454,16.356605227778417,57821900
2004-02-23,16.3259220123291,16.417950648850503,16.246163002524977,16.399544453463182,50256800
2004-02-24,16.491575241088867,16.534523035927915,16.2891117462501,16.325924141826423,55426500
2004-02-25,16.381145477294922,16.559067417575935,16.3259280409506,16.50384998123161,64275700
2004-02-26,16.258438110351562,16.350466771274235,16.203220679756377,16.313655540946748,66602700
2004-02-27,16.27683448791504,16.332051885187763,16.166399693369588,16.240022109595085,58266500
2004-03-01,16.381145477294922,16.393415108542968,16.258439803150196,16.338197672198643,51912300
2004-03-02,16.190946578979492,16.37500503351159,16.16640615383315,16.325923013011234,66331000
2004-03-03,16.17867660522461,16.289110271330955,16.08664679482451,16.166405807810243,54998700
2004-03-04,16.17867660522461,16.209352428552872,16.080511396117327,16.154135010395876,44023200
2004-03-05,16.16640853881836,16.31979002178588,16.074379883079416,16.092784912102495,59849800
2004-03-08,15.847375869750977,16.16640965724474,15.835105069414773,16.141868056572328,69367800
2004-03-09,15.779891967773438,15.933273503436816,15.669458245070734,15.828974012377389,81111700
2004-03-10,15.565154075622559,15.828969254694215,15.55288327560772,15.736940594998716,75155800
2004-03-11,15.393373489379883,15.816706923577769,15.381102683702625,15.448590944719104,90536300
2004-03-12,15.57128620147705,15.65104522058881,15.479257554216185,15.57128620147705,64137100
2004-03-15,15.43631362915039,15.601965925308209,15.37496079684661,15.522206892250914,68835300
2004-03-16,15.44858455657959,15.565154821893726,15.399502524374894,15.497666588784286,65453800
2004-03-17,15.4179048538208,15.62036834746912,15.405635225575258,15.491528474332803,56241400
2004-03-18,15.270666122436523,15.356560582684663,15.080473335830488,15.313612767456439,123231000
2004-03-19,15.111140251159668,15.301334095636715,15.06819363150602,15.197034660674587,86281600
2004-03-22,15.031387329101562,15.239986267285326,14.730759722944493,15.019116527982987,127605200
2004-03-23,14.816658020019531,15.12955653351167,14.79211757965989,15.123421130869659,91696300
2004-03-24,14.976171493530273,15.08047097375994,14.835060776221935,14.957765289886874,97584700
2004-03-25,15.454721450805664,15.485397285070883,15.080470187688034,15.092740989477349,85677900
2004-03-26,15.356559753417969,15.651052020687391,15.338153547885536,15.405641797962872,61584900
2004-03-29,15.528340339660645,15.583557764769118,15.338147636624683,15.49152911299093,51881600
2004-03-30,15.460855484008789,15.540613348167696,15.356556018442243,15.466989714152737,59010400
2004-03-31,15.295204162597656,15.460856472061641,15.258392928341673,15.460856472061641,70533200
2004-04-01,15.387237548828125,15.4056437567008,15.246126799096148,15.307479655129997,69051900
2004-04-02,15.85964584350586,15.890321672539663,15.60810030076348,15.63264072994895,98043800
2004-04-05,15.921002388000488,15.939407421633657,15.786025900247171,15.835107940282521,53800300
2004-04-06,15.82896900177002,15.890321830655989,15.743075743454392,15.810563972249746,48992000
2004-04-07,15.700128555297852,15.816698809009951,15.552882473338911,15.79215721024621,63268900
2004-04-08,15.632641792297363,15.859646921280873,15.559019329529919,15.84124072048504,45294600
2004-04-12,15.712395668029785,15.792153504882435,15.6019608399203,15.632636660969574,38786800
2004-04-13,15.614237785339355,15.81056592586725,15.589696182669357,15.755348490067776,56971500
2004-04-14,15.651045799255371,15.755345248729352,15.57128677719468,15.577422176599947,61079600
2004-04-15,15.473126411437988,15.786024834364287,15.399503941460072,15.663320327665073,73756900
2004-04-16,15.43631362915039,15.583559724554693,15.405637798102472,15.54061309300443,51768600
2004-04-19,15.663311004638672,15.706257614931365,15.374953186603683,15.387223981032271,44592100
2004-04-20,15.540600776672363,15.878039331602363,15.509924969935824,15.736928748283054,59902600
2004-04-21,15.614237785339355,15.638778217801331,15.460856279275935,15.559020349539884,49252000
2004-04-22,15.921002388000488,15.945542822914094,15.626508977580249,15.651050582701995,99207700
2004-04-23,16.89651107788086,17.006944804161982,16.773805377290785,16.810616619384493,258269000
2004-04-26,16.71244239807129,16.902635065528212,16.626549161840597,16.841283422624905,89391000
2004-04-27,16.700183868408203,16.792213740778205,16.64496641306958,16.663372621585268,80716800
2004-04-28,16.295249938964844,16.595877533127435,16.24003250634233,16.571337102077408,72842200
2004-04-29,16.24616241455078,16.52838488257096,16.141862984879257,16.264568609271954,77787300
2004-04-30,16.031431198120117,16.41181776973053,15.927131748663053,16.31365371967774,66172200
2004-05-03,16.16640853881836,16.27070799404459,16.06824448333577,16.06824448333577,65916200
2004-05-04,16.154142379760742,16.282983470972358,15.963949613904546,16.16641318277293,55496400
2004-05-05,16.135732650756836,16.319791145111704,16.105056820134987,16.148003451088744,51841700
2004-05-06,16.025300979614258,16.1602762896655,15.970083541364188,16.049841413165357,62693900
2004-05-07,15.816701889038086,16.184816580515463,15.79829568638099,15.970083400556348,68290200
2004-05-10,15.908722877502441,15.982345312152779,15.718530222746988,15.7246644504616,64621400
2004-05-11,15.91486644744873,16.019165925265707,15.822837771776836,16.006895123120625,57917200
2004-05-12,15.91486644744873,15.951677683675868,15.60196801399781,15.871919810149054,64145600
2004-05-13,16.013031005859375,16.068248446965054,15.822838247722117,15.841243281285253,63861500
2004-05-14,15.865777015686035,16.05596967947332,15.73080059540485,15.951670250259475,43775300
2004-05-17,15.669454574584961,15.822836074319547,15.595830939820852,15.626506771684578,55149600
2004-05-18,15.847375869750977,15.933269131688556,15.730805606972886,15.767618007981502,58158600
2004-05-19,15.71854019165039,16.117331947846573,15.718540191650392,15.970085814952979,60052800
2004-05-20,15.786026954650879,15.871921408106036,15.700133671403941,15.798297758031362,52089900
2004-05-21,15.884185791015625,16.074379669922912,15.816698735146174,15.93326781810606,57809300
2004-05-24,15.804429054260254,16.055974607175937,15.792158254067314,15.982350976226215,56250500
2004-05-25,16.013031005859375,16.068248446965054,15.706267964253673,15.773755037665394,66615000
2004-05-26,16.037567138671875,16.04370253828317,15.859645230775575,15.945538484918076,50306900
2004-05-27,16.068246841430664,16.068246841430664,15.90259453466556,16.049840639498534,49071900
2004-05-28,16.092782974243164,16.166406592093423,15.963943105764839,16.037565553407394,37393000
2004-06-01,16.0191650390625,16.117329110376357,15.871918932091713,16.031434670320703,48369500
2004-06-02,16.031431198120117,16.12346101897642,15.957808745684414,16.025296968923627,54020000
2004-06-03,15.884185791015625,16.031431872286927,15.865780762236607,15.982349845196493,45933100
2004-06-04,15.921002388000488,16.09892434430058,15.914866986720053,15.97008442803584,48815300
2004-06-07,16.215490341186523,16.215490341186523,15.933267807940709,15.963944806232554,65218600
2004-06-08,16.31978988647461,16.350465714730635,16.09892017836615,16.12346177713724,58447700
2004-06-09,16.24003028869629,16.35046513886096,16.197083662567316,16.197083662567316,50385500
2004-06-10,16.42409896850586,16.436369775084447,16.18482292105746,16.18482292105746,48109200
2004-06-14,16.503854751586914,16.503854751586914,16.276850710075255,16.289120344869772,67377500
2004-06-15,16.816747665405273,16.933317933749905,16.546795896157484,16.559066697079654,114183400
2004-06-16,16.761531829833984,16.871966708248543,16.65723235246558,16.77380263192629,67431100
2004-06-17,17.03760528564453,17.12963388670282,16.743113294175142,16.755382916164336,105427500
2004-06-18,17.39345932006836,17.485487970079856,16.994667723213357,17.037614348538202,134218700
2004-06-21,17.39345932006836,17.583652019453154,17.252348645370212,17.313700298572694,116881700
2004-06-22,17.356653213500977,17.393464450321602,17.06215980831161,17.27075876730869,98932000
2004-06-23,17.362791061401367,17.411873110789458,17.178733668748126,17.30143937732253,58558400
2004-06-24,17.418004989624023,17.577521910417563,17.399599956207005,17.47322243029133,65503800
2004-06-25,17.528432846069336,17.565244068358624,17.332104766916252,17.473215427531574,71136500
2004-06-28,17.35051727294922,17.63887409779478,17.28302903236933,17.546845423500073,77024100
2004-06-29,17.485490798950195,17.534572831577528,17.289162668440873,17.289162668440873,55371700
2004-06-30,17.52229881286621,17.66954488370619,17.417999366411923,17.528434212093845,83544400
2004-07-01,17.56524658203125,17.69408763379303,17.338242646852997,17.608194379423725,78441400
2004-07-02,17.528432846069336,17.59592106210608,17.4241334077433,17.55910983981679,36690100
2004-07-06,17.19100570678711,17.38119851553276,17.141923653878283,17.3750631126431,69158900
2004-07-07,17.240079879760742,17.375055171014658,16.902639896314092,16.976263527130353,66255700
2004-07-08,16.957862854003906,17.270761339093156,16.902645405446492,17.105108993420913,59125100
2004-07-09,17.092836380004883,17.17872965380733,16.957859898077505,17.043754342088043,50249300
2004-07-12,17.111234664916992,17.178722879266264,16.927177387865047,16.976259406426074,45757300
2004-07-13,16.933317184448242,17.148051510252234,16.933317184448242,17.123509909493865,43274100
2004-07-14,17.258481979370117,17.399593816956923,16.773797157004804,16.810608381058543,87656300
2004-07-15,17.098968505859375,17.301432019762196,17.056020706976344,17.20940219236357,46759700
2004-07-16,16.859689712524414,17.301429063903807,16.71857905092607,17.289158266319344,66406300
2004-07-19,17.148052215576172,17.338244948444693,16.93331788093985,16.94558868182375,60354500
2004-07-20,17.37505531311035,17.473219374862893,17.086698527988258,17.178727189605272,89010700
2004-07-21,17.706356048583984,18.338286912414105,17.67567905457768,18.338286912414105,201518000
2004-07-22,17.792261123657227,17.976318529266855,17.68796161508952,17.83520777361891,124640700
2004-07-23,17.197128295898438,17.424132182630387,17.190992897580333,17.41186138599418,97372700
2004-07-26,17.583662033081055,17.614337877151723,17.301440522963908,17.399604628240173,72387600
2004-07-27,17.44867706298828,17.64500516532274,17.25848318991995,17.608193938686977,72968400
2004-07-28,17.534570693969727,17.663411745289668,17.350513386607318,17.387324614038235,62718800
2004-07-29,17.473215103149414,17.669543178657758,17.332104445153746,17.657273551594212,60148400
2004-07-30,17.47936248779297,17.67569069792816,17.381198382725373,17.454822046630287,59552900
2004-08-02,17.49776268005371,17.516167712045398,17.276892934489197,17.344381172346807,52267000
2004-08-03,17.2216739654541,17.43640829117508,17.178727334351493,17.4118666904262,53990900
2004-08-04,17.215538024902344,17.301432454619427,17.17259139514775,17.184862195137033,46217900
2004-08-05,16.890377044677734,17.30757388603665,16.88424164213017,17.276898043507213,55591700
2004-08-06,16.651094436645508,17.09283388358892,16.60201240589712,16.798340528890673,75628000
2004-08-09,16.675630569458008,16.736983380328894,16.626548554802806,16.72471258411321,51877500
2004-08-10,17.006933212280273,17.025339405885656,16.718576533707537,16.74925235284235,57632700
2004-08-11,16.816747665405273,16.87810049980813,16.687907766346456,16.804476864483103,53097300
2004-08-12,16.491575241088867,16.755391558347092,16.47930561277118,16.70630953445308,50279700
2004-08-13,16.577476501464844,16.71858723211529,16.552934894286555,16.57134109967027,43333200
2004-08-16,16.62041664123535,16.68790486436327,16.540657619319127,16.583605415078207,54347200
2004-08-17,16.595876693725586,16.798340213031757,16.55293006390426,16.70017615338076,56879700
2004-08-18,16.847415924072266,16.871957514884407,16.49770644645149,16.522248037263633,58844000
2004-08-19,16.638816833496094,16.84128025959118,16.571328634728616,16.77992745800323,46293000
2004-08-20,16.687910079956055,16.792209561838582,16.58974599938522,16.644962270774183,46494800
2004-08-23,16.76174545288086,16.81712576349298,16.68790582117122,16.780205947638162,39572200
2004-08-24,16.76174545288086,16.897118893455055,16.669445326413918,16.860199077600235,40835300
2004-08-25,16.952499389648438,17.026340195826208,16.724825820114926,16.74328514141452,53512700
2004-08-26,16.88481330871582,16.98326693482357,16.854045817019774,16.89711913173444,35465500
2004-08-27,16.897117614746094,17.014031725375162,16.89096529061903,16.92173160589314,33248700
2004-08-30,16.798673629760742,16.854053967936732,16.52177311254117,16.798673629760742,36679600
2004-08-31,16.798673629760742,16.810980632391043,16.644839617863077,16.79252130210596,52106700
2004-09-01,16.85404396057129,16.934038256509954,16.700210040015044,16.755590345308065,48507500
2004-09-02,16.99557113647461,17.03249094677837,16.829430229618264,16.8601965425948,42161700
2004-09-03,16.68174934387207,16.995570656744917,16.675595846718537,16.89711587594793,46174400
2004-09-07,16.8355770111084,16.847882827194365,16.71250946097561,16.792503720659667,44893400
2004-09-08,16.774051666259766,16.903271602548667,16.700210864337727,16.798664484460623,53278100
2004-09-09,16.786359786987305,16.903272735179854,16.724825976872392,16.79866561008244,56904700
2004-09-10,16.915576934814453,16.927883929534342,16.724823211294634,16.823276821734517,52664500
2004-09-13,16.767902374267578,16.964809663904564,16.45408094128612,16.940196839529953,48239200
2004-09-14,16.88481330871582,16.927886623430485,16.780206184268863,16.841739994001156,55920000
2004-09-15,16.730974197387695,16.86019410157218,16.700206715206075,16.835581289486324,52605700
2004-09-16,16.774051666259766,16.82943197428636,16.71867135823317,16.749437674399175,35951500
2004-09-17,16.92787742614746,16.940184416139225,16.7740435722279,16.85403665985604,65283000
2004-09-20,16.92787742614746,17.014024008771482,16.817116863539912,16.884804134835452,51513600
2004-09-21,16.774051666259766,16.94019259033955,16.767898168294618,16.8909657802781,73874400
2004-09-22,16.687902450561523,17.069409875877582,16.657134965513745,16.786356055395316,68409000
2004-09-23,16.82942771911621,16.854040531093943,16.718667131067843,16.730974123886426,52155800
2004-09-24,16.79252052307129,16.89712651959489,16.730986686434814,16.85405318604745,49859800
2004-09-27,16.730974197387695,16.810967303741027,16.69405321876975,16.718667204515047,47813600
2004-09-28,16.78021240234375,16.835592734258565,16.6386854090771,16.743291398627047,62055100
2004-09-29,16.97096061706543,17.03864792784475,16.755592861216556,16.774053356972694,61529300
2004-09-30,17.01403045654297,17.1001782454734,16.934037338600003,16.977110646235417,71218000
2004-10-01,17.38323974609375,17.42631307272323,17.09403228611001,17.118645112615376,66302800
2004-10-04,17.303241729736328,17.512454804042246,17.272474238176784,17.500148981078226,62016200
2004-10-05,17.46323013305664,17.50630462652305,17.290936853830758,17.321703175503966,58017700
2004-10-06,17.55552864074707,17.567834463254428,17.370927219219677,17.469380841237054,56999600
2004-10-07,17.33401107788086,17.592452183861425,17.327857578493226,17.561685860583264,38401500
2004-10-08,17.223247528076172,17.43246177728983,17.210940531378945,17.29093483625112,49556600
2004-10-11,17.266319274902344,17.364772892219985,17.186326150954145,17.35246707030005,44691000
2004-10-12,17.247861862182617,17.327854994975166,17.112487243158547,17.124794240098886,56412900
2004-10-13,17.247861862182617,17.3955423044872,17.19248154961092,17.346315490385674,49500700
2004-10-14,17.106340408325195,17.327861744903828,17.106340408325195,17.25402208181781,41548700
2004-10-15,17.223247528076172,17.377081465812108,17.118640403469346,17.210940531378945,49828500
2004-10-18,17.481685638427734,17.506299627665825,17.2170911224163,17.272471424542395,50350700
2004-10-19,17.340160369873047,17.59244791525124,17.33400687197849,17.555528101543622,57026500
2004-10-20,17.66013526916504,17.690901585066484,17.303240605873565,17.364773237676456,69078100
2004-10-21,17.57398796081543,17.777048702927697,17.518607651724835,17.727821891920474,94988500
2004-10-22,17.069414138793945,17.43861583595489,16.97096050937234,17.414001841769572,101912800
2004-10-25,17.001726150512695,17.087873953066403,16.952499337764777,17.026340143716553,61529500
2004-10-26,17.167863845825195,17.167863845825195,17.001722944012474,17.050949747476288,76966600
2004-10-27,17.321706771850586,17.444774431414714,16.970965467851062,17.143259956508803,72392600
2004-10-28,17.235553741455078,17.561682097150968,17.16786643635637,17.297087548484836,63059600
2004-10-29,17.21094512939453,17.321705781940402,17.106337976841225,17.303246455622833,80010100
2004-11-01,17.27862548828125,17.4016930911869,17.20478469180593,17.32785229471158,72930900
2004-11-02,17.3770809173584,17.518607853930245,17.247860977095343,17.389387913667193,89417100
2004-11-03,17.51860809326172,17.62936871423451,17.42015446876586,17.62936871423451,79666700
2004-11-04,17.844743728637695,17.844743728637695,17.46323489802872,17.46323489802872,87867700
2004-11-05,18.035493850708008,18.06626134811339,17.863200559877946,17.97396002955726,95337700
2004-11-08,18.01703453063965,18.140100999313322,17.92473321205937,17.9555007094728,112802100
2004-11-09,18.31855010986328,18.392389760957,18.060108983715075,18.109335808997585,100401000
2004-11-10,18.293935775756836,18.460076748168774,18.26932295039585,18.410849923786724,84097700
2004-11-11,18.44776153564453,18.509295332142027,18.349307930712357,18.392381236162738,87358900
2004-11-12,18.441608428955078,18.5831365159927,18.337001324793135,18.558522527408915,162269000
2004-11-15,18.784515380859375,18.859955621936333,18.654211174751726,18.75022507569237,104468000
2004-11-16,18.599353790283203,18.750233028339128,18.551345511359553,18.743374702778606,64522600
2004-11-17,18.63364028930664,18.75708750790041,18.558200031701208,18.68850557444925,58830700
2004-11-18,18.5650577545166,18.633639685746328,18.517050795083254,18.606206390017825,63249900
2004-11-19,18.421030044555664,18.565050869443848,18.407313401778392,18.53761889198036,85808600
2004-11-22,18.27701187133789,18.393600744021864,17.89981326987927,18.34559379199164,92410800
2004-11-23,18.194719314575195,18.311308217385957,18.10556240225961,18.187860989928485,70459700
2004-11-24,18.27015495300293,18.331878555527247,18.105559115635234,18.256439614290866,60069200
2004-11-26,18.24272918701172,18.39360842901543,18.208437558311864,18.215295884051837,24398700
2004-11-29,18.359310150146484,18.482757343771198,18.24957960205592,18.27015326226583,67079900
2004-11-30,18.386747360229492,18.523911238382208,18.311308404528017,18.34559872002035,75960400
2004-12-01,18.688501358032227,18.70907632585301,18.38674170378376,18.482756912189487,99889000
2004-12-02,18.578779220581055,18.79138208524702,18.46219029968194,18.70222646719093,96088300
2004-12-03,18.674789428710938,18.81881162364341,18.613065817752968,18.626782466430654,76498400
2004-12-06,18.743371963500977,18.818812225549536,18.565059449262712,18.585634422937314,55297400
2004-12-07,18.5650577545166,18.77766056404637,18.517050795083254,18.69536329304393,111656000
2004-12-08,18.76395034790039,18.76395034790039,18.455332227142073,18.523914177098575,95655000
2004-12-09,18.674789428710938,18.76394633702428,18.475903255250955,18.606207493414125,83006000
2004-12-10,18.571916580200195,18.64049851328278,18.54448459182211,18.571916580200195,70949200
2004-12-13,18.688501358032227,18.70907632585301,18.455323621761767,18.585629135110857,93812500
2004-12-14,18.674789428710938,18.74337136400775,18.544485190547768,18.551342206794995,127843200
2004-12-15,18.592483520507812,18.7913696016268,18.565050235889462,18.667922437026252,106303900
2004-12-16,18.626779556274414,18.70907812739099,18.52390732344725,18.61992123300708,88997500
2004-12-17,18.48961067199707,18.736505010020817,18.37988014578453,18.517043957595735,126184400
2004-12-20,18.482755661010742,18.619918179590343,18.441605728154784,18.5239042857755,85552800
2004-12-21,18.5650577545166,18.633639685746328,18.475902159582034,18.517050795083254,94646100
2004-12-22,18.496477127075195,18.619924350372003,18.366172887454457,18.407321525856183,63651900
2004-12-23,18.523916244506836,18.619930200306683,18.400468982425867,18.42790228870699,65801900
2004-12-27,18.4141788482666,18.585633025051035,18.393603876139508,18.523909416761313,55958500
2004-12-28,18.482755661010742,18.53762093006082,18.379882136962046,18.414173747675342,55075900
2004-12-29,18.44846534729004,18.517047265446987,18.393600074382736,18.414175042257206,47594900
2004-12-30,18.352455139160156,18.47590235506146,18.345596815155467,18.44161073503801,48355400
2004-12-31,18.325029373168945,18.44847663979657,18.297597373969523,18.34560435363758,54959500
2005-01-03,18.338741302490234,18.48276351248429,18.27701768507732,18.379889944734927,65002900
2005-01-04,18.407320022583008,18.585632518550387,18.283872809367782,18.427894994149387,109442100
2005-01-05,18.366174697875977,18.58563586844045,18.352458047692757,18.407323340333875,72463500
2005-01-06,18.34559440612793,18.558197189989436,18.270154160074238,18.414176329077527,76890500
2005-01-07,18.290735244750977,18.441614479212276,18.256444925857167,18.393607509524216,68723300
2005-01-10,18.37989616394043,18.42104612820079,18.201584884514318,18.242733540682483,70376600
2005-01-11,18.331886291503906,18.393609920075324,18.249588992136673,18.304454294412157,64712000
2005-01-12,18.366174697875977,18.414181665425485,18.25644411259374,18.359316372784367,72940600
2005-01-13,18.01640510559082,18.379887121079676,17.94096484965545,18.29758984923341,89861600
2005-01-14,17.913536071777344,18.139855572047534,17.858670778017657,18.10556394589036,92180800
2005-01-18,18.05069923400879,18.071274210366344,17.72150746083891,17.85181302825309,69146400
2005-01-19,17.81751823425293,18.009547388518275,17.77636959694307,17.975255767350394,58114100
2005-01-20,17.73522186279297,17.899817728505994,17.652923275890625,17.7215052136273,58380100
2005-01-21,17.591201782226562,17.92039355331554,17.5843434568174,17.79694762022604,76501000
2005-01-24,17.604917526245117,17.83123702072293,17.584342551077405,17.6666411436565,69010900
2005-01-25,17.84494972229004,17.961538606259325,17.659778911028564,17.66663723456693,67580700
2005-01-26,17.838092803955078,17.94782337303007,17.762652547181684,17.87924144033531,64974500
2005-01-27,17.906679153442383,17.9409694742019,17.728366607690745,17.796948557301665,93204100
2005-01-28,17.95467758178711,18.27701089105269,17.803797102823047,18.201571959661926,110466500
2005-01-31,18.023265838623047,18.187861712407383,17.940967247685016,18.071272804965346,71442100
2005-02-01,18.09870719909668,18.126140502414952,17.98211827617783,18.002693253666532,57981700
2005-02-02,18.146717071533203,18.17415037923513,18.023271111150862,18.119285071923386,79329500
2005-02-03,17.95467758178711,18.105556752659904,17.89981230982507,18.08498309323118,62545400
2005-02-04,18.05069923400879,18.08499086127138,17.92725199204713,17.94782696840468,61246500
2005-02-07,17.94096565246582,18.036979576613348,17.87238371746404,18.016405911776943,57763400
2005-02-08,17.995820999145508,18.06440289626718,17.94095574306635,17.961530704630118,61343700
2005-02-09,17.879241943359375,18.043837801602688,17.858668278636213,18.002689164064762,77874800
2005-02-10,17.872398376464844,17.92040537791411,17.83124970495014,17.8998316962031,71796400
2005-02-11,17.810657501220703,17.91353104271964,17.700926944507163,17.851807441056845,83835900
2005-02-14,17.838092803955078,17.913533060728472,17.76951087126032,17.783227519417583,58694000
2005-02-15,17.83809471130371,17.94128435150855,17.78993963334995,17.88624978925747,76551600
2005-02-16,17.741779327392578,17.838089454920212,17.65922685227812,17.796813873426522,57506600
2005-02-17,17.645479202270508,17.789945798323078,17.611083080991666,17.686754810230706,67024800
2005-02-18,17.528522491455078,17.64547108699677,17.473487935442947,17.638591603479338,77091100
2005-02-22,17.356538772583008,17.53540140180793,17.335901634832577,17.37029773916814,96419200
2005-02-23,17.33591079711914,17.439100476790383,17.315272336333706,17.363427432705087,83689400
2005-02-24,17.452850341796875,17.50100541303555,17.301504332615572,17.322142782629555,85236300
2005-02-25,17.370296478271484,17.459727130328606,17.301502962466756,17.425331028489833,62467700
2005-02-28,17.308380126953125,17.452846622005744,17.28774168133789,17.349655706056588,82728000
2005-03-01,17.39093017578125,17.480360803407635,17.28773927420035,17.32901615968344,56394800
2005-03-02,17.377178192138672,17.528522896638638,17.30838466750147,17.329023118530834,67739000
2005-03-03,17.315261840820312,17.411571975185424,17.294623392544715,17.40469249242689,52183600
2005-03-04,17.315261840820312,17.40469249242689,17.287743909786183,17.34277845972727,63058200
2005-03-07,17.521638870239258,17.741778354429616,17.30838018006876,17.315259661961615,80407400
2005-03-08,17.473491668701172,17.624837714165505,17.43221607090526,17.473491668701172,52871800
2005-03-09,17.411579132080078,17.59044182094053,17.390941987448915,17.4666137046427,62991800
2005-03-10,17.4941349029541,17.528531025159573,17.37030676360968,17.4941349029541,59132900
2005-03-11,17.260231018066406,17.528524342948774,17.239592565334128,17.507887202343948,60617900
2005-03-14,17.27399444580078,17.301511077753062,17.170803467628296,17.253355987740726,65550500
2005-03-15,17.13640022277832,17.363417918513104,17.12264125646052,17.267107778542968,71469400
2005-03-16,16.943782806396484,17.17768004293263,16.895627724543907,17.074490394373168,74841400
2005-03-17,16.881866455078125,16.97817659817767,16.874986971695687,16.950658664647918,60573200
2005-03-18,16.723642349243164,17.136402201548666,16.7030052095107,16.874988371960708,135904000
2005-03-21,16.647974014282227,16.75804315552313,16.613576587564655,16.751163670179615,71446200
2005-03-22,16.503496170043945,16.696117691667595,16.48285772811495,16.641083158650375,102113300
2005-03-23,16.634204864501953,16.778670031929114,16.48285890381423,16.503497347215337,79293300
2005-03-24,16.7030086517334,16.833714937400153,16.647974080892748,16.67549071024924,78820900
2005-03-28,16.647974014282227,16.83371487004646,16.634215043595198,16.78555978476952,49802000
2005-03-29,16.455352783203125,16.675491071332498,16.38655924013077,16.606697528260145,74231700
2005-03-30,16.620452880859375,16.64109133292619,16.510383760757847,16.537901696846937,59585700
2005-03-31,16.627330780029297,16.723640922906373,16.592934675323853,16.68236533483438,62382300
2005-04-01,16.592933654785156,16.751157826102375,16.5791746888983,16.675484825851875,64619600
2005-04-04,16.66860580444336,16.689244253845096,16.469106042068855,16.58605463109089,62196400
2005-04-05,16.833711624145508,16.854350076196514,16.592936244187488,16.661728460102687,73549600
2005-04-06,16.97130584716797,17.157048057683234,16.81996107126366,16.833718732980074,78020200
2005-04-07,17.267107009887695,17.28774414631848,16.943777876448713,16.964416325006688,77451500
2005-04-08,17.15704345703125,17.370302245922087,17.136405001798867,17.246474138783014,47956300
2005-04-11,17.17768096923828,17.273992450264597,17.102009256015457,17.21895788058998,47791800
2005-04-12,17.4184513092041,17.439089757303464,17.06072608157814,17.143278561848422,67517800
2005-04-13,17.225828170776367,17.507880353817065,17.191430763011073,17.356534383903657,60929300
2005-04-14,17.088247299194336,17.294626571375066,17.081367815171323,17.205195903330726,66754400
2005-04-15,16.826833724975586,17.129524489595767,16.792437613778365,16.909386228827465,100251600
2005-04-18,16.957542419433594,17.088250012369013,16.78555922793401,16.8199566535105,75766400
2005-04-19,16.943782806396484,17.060731424664556,16.819956015401676,16.998817373103368,65956200
2005-04-20,16.73052406311035,16.991939239668213,16.716765093369922,16.964421300187354,91923500
2005-04-21,17.39093017578125,17.46660184157994,16.833704030900943,16.840583511814792,93562300
2005-04-22,17.184555053710938,17.370297160035715,17.046969328828578,17.232710123026127,80087500
2005-04-25,17.191431045532227,17.39093207746867,17.102000408126656,17.246465586734182,75457900
2005-04-26,17.033214569091797,17.370301449669686,17.019455599567586,17.16392215531671,60464300
2005-04-27,17.191431045532227,17.301500127936137,16.94377495405994,16.964413399058287,47732800
2005-04-28,16.8199520111084,17.14327984952136,16.813072527891876,17.074486329483403,83623100
2005-04-29,17.404699325561523,17.404699325561523,17.053854752023987,17.11576749690356,98641200
2005-05-02,17.356538772583008,17.445970743259107,17.163918488900222,17.356538772583008,54376700
2005-05-03,17.44597053527832,17.47348715599328,17.26022842497514,17.287745045690098,67867800
2005-05-04,17.342784881591797,17.47349247814932,17.273992652787722,17.432216878441345,86864200
2005-05-05,17.356538772583008,17.425332293381405,17.253349147449047,17.335901634832577,59362300
2005-05-06,17.34966278076172,17.528525445981227,17.329025638858244,17.425335800081232,64322600
2005-05-09,17.27399444580078,17.42533920185781,17.23271752968067,17.356545653785417,61872400
2005-05-10,17.129520416259766,17.253348486527965,17.0744858641547,17.225831866539046,62235100
2005-05-11,17.13640022277832,17.177675809604487,16.950658113869704,17.12264125646052,59463300
2005-05-12,17.19831657409668,17.273989586903483,17.081367968907728,17.088247452992658,74540700
2005-05-13,17.404699325561523,17.45973389710934,17.19144052482969,17.21895846666744,77204300
2005-05-16,17.591028213500977,17.597929520287224,17.383994275072293,17.4115981859276,50577300
2005-05-17,17.570322036743164,17.59792726034306,17.425398561712242,17.466805080822578,39983200
2005-05-18,17.735944747924805,17.83256036527251,17.54271219694033,17.597921309180315,71182400
2005-05-19,17.887779235839844,17.97749359856333,17.735954423427106,17.770459643792343,52120800
2005-05-20,17.7635555267334,17.887776406463423,17.756654220494,17.86017118150583,64444500
2005-05-23,17.8394718170166,17.99129663297149,17.76355875089425,17.76355875089425,75421100
2005-05-24,17.770458221435547,17.86017257697825,17.74975430109969,17.804963439038968,61287700
2005-05-25,17.742843627929688,17.78425144674235,17.59792021095232,17.722141034812342,35749000
2005-05-26,17.87396812438965,17.94297984860365,17.756648588112597,17.77045119621323,50579200
2005-05-27,17.991291046142578,18.005093656840486,17.811861055937957,17.825663666635865,54978000
2005-05-31,17.804960250854492,17.963687645761414,17.77045503942963,17.93608242358997,46131100
2005-06-01,17.811857223510742,17.942979364349636,17.673835095096912,17.756648108887386,54621000
2005-06-02,17.798067092895508,17.84637493394772,17.6945487863094,17.74285662736161,27212500
2005-06-03,17.549625396728516,17.811868528560794,17.48751493882009,17.735956770453797,79659500
2005-06-06,17.50821304321289,17.597927387984246,17.46680520751271,17.5151130328734,40756900
2005-06-07,17.604825973510742,17.8256624646284,17.466802508417548,17.48060511818473,54511400
2005-06-08,17.5289249420166,17.68075112086598,17.487518400644145,17.632441953592856,45369700
2005-06-09,17.604825973510742,17.67383770605734,17.494407727951913,17.528912936080555,52767900
2005-06-10,17.549625396728516,17.611735854636944,17.48751493882009,17.591031929904148,39459800
2005-06-13,17.466800689697266,17.591021532088856,17.43229548516146,17.501307210522253,49104100
2005-06-14,17.501304626464844,17.556513735344048,17.418490305001544,17.466798110734725,44243300
2005-06-15,17.432302474975586,17.53581944637929,17.328785503571883,17.528918139447082,50764800
2005-06-16,17.280479431152344,17.41160032734831,17.21836897872695,17.404699019713284,65918800
2005-06-17,17.280479431152344,17.453008173158466,17.197665055821872,17.439205557888414,90821300
2005-06-20,17.32878303527832,17.446102603835563,17.204562160771886,17.23906737422833,50538900
2005-06-21,17.356388092041016,17.38399331766567,17.280476354152423,17.308080263487472,81084000
2005-06-22,17.301179885864258,17.43230208204122,17.27357597504734,17.32878511297085,60492700
2005-06-23,17.466800689697266,17.68073716994464,17.35638245563567,17.370185063965664,105159800
2005-06-24,17.280479431152344,17.528919924564068,17.280479431152344,17.404699019713284,57970700
2005-06-27,17.287378311157227,17.42540182240505,17.273577013064248,17.30118092553996,61636200
2005-06-28,17.301179885864258,17.39089555767101,17.27357597504734,17.314982499417553,53058100
2005-06-29,17.31497573852539,17.4737017835423,17.25286531807718,17.40469005901216,55859900
2005-06-30,17.1424560546875,17.34949002031388,17.12865343930178,17.294280875060856,82018200
2005-07-01,17.052730560302734,17.245963115663937,17.025126661702046,17.149347496127884,69718400
2005-07-05,17.239070892333984,17.38399571426389,16.99063040890953,17.018234322050123,61883500
2005-07-06,17.04584312438965,17.308086277496997,17.0389418155855,17.23217319694142,64214600
2005-07-07,17.01132583618164,17.052732346564525,16.907808902079815,16.963018021353406,80082900
2005-07-08,17.31497573852539,17.33567965077118,16.997522332202404,17.004423636284336,56104000
2005-07-11,17.4530086517334,17.51511778957203,17.328787743476383,17.356391658483567,61525400
2005-07-12,17.673845291137695,17.68074659898312,17.39089825092471,17.418502166016527,63384800
2005-07-13,17.70834732055664,17.770457763674596,17.584126434320726,17.61863296732495,44749200
2005-07-14,17.922279357910156,18.011995011402295,17.79805981015778,17.79805981015778,69506800
2005-07-15,17.798067092895508,18.012002381679558,17.77046186012856,17.970595848819084,56472800
2005-07-18,17.63243293762207,17.798061651001607,17.63243293762207,17.74285120234873,39668000
2005-07-19,18.05340003967285,18.115510466575685,17.770453124355196,17.7980583435517,113290100
2005-07-20,18.07411003112793,18.101713943316398,17.86017345929104,17.942987828435925,71424800
2005-07-21,18.24662971496582,18.27423361347039,17.942978933681044,18.150012779477112,112932100
2005-07-22,17.722152709960938,18.17762848665051,17.687646171551215,17.936087982941835,97558900
2005-07-25,17.729049682617188,17.873973159632463,17.701444458639312,17.729049682617188,45174600
2005-07-26,17.625537872314453,17.7635600836407,17.61863656430465,17.749757467621105,51476400
2005-07-27,17.749757766723633,17.80496691544245,17.618636861197654,17.67384600991647,57977300
2005-07-28,17.770458221435547,17.83946997293207,17.70834777671765,17.770458221435547,44738700
2005-07-29,17.673845291137695,17.94298971565983,17.660042675446846,17.79116489193014,59524400
2005-08-01,17.887779235839844,17.97749359856333,17.777360951123345,17.81186617148858,61346800
2005-08-02,18.501976013183594,18.564086445766012,17.853269098217464,17.873971698218654,137510100
2005-08-03,18.805622100830078,18.929842934487688,18.446762207216786,18.46746611825608,139422400
2005-08-04,18.853931427001953,18.978152270652494,18.66760016152614,18.74351319182129,91461400
2005-08-05,19.1575927734375,19.281813685441108,18.805633961523913,18.83323919365357,82212400
2005-08-08,18.722816467285156,19.21279872576912,18.688311249152207,19.185193498231,77207200
2005-08-09,18.8746337890625,18.98505201517176,18.639994729508054,18.78491815766805,64761800
2005-08-10,18.598590850830078,18.97815339215752,18.52957912069165,18.916042966661863,62818800
2005-08-11,18.81943130493164,18.840133906938696,18.557186938332837,18.6192973769331,48646800
2005-08-12,18.6676082611084,18.72971870988242,18.56409128524829,18.688312182796327,52006500
2005-08-15,18.778352737426758,18.896020319320886,18.47380243621358,18.67452871109526,45976600
2005-08-16,18.50840950012207,18.785274002852816,18.480723709946037,18.709137089723164,46894600
2005-08-17,18.653759002685547,18.792190555464366,18.45303146889474,18.563777239195282,52413100
2005-08-18,18.563785552978516,18.743747840361358,18.549941995442687,18.612236684159605,40861900
2005-08-19,18.494571685791016,18.62608286048296,18.480729446503307,18.584553502230843,36043500
2005-08-22,18.626073837280273,18.806036062784653,18.52917160823709,18.54301516101293,41691700
2005-08-23,18.5983943939209,18.73682600830253,18.508412590388247,18.577629057676216,48296700
2005-08-24,18.556859970092773,18.799116896530368,18.53609595823992,18.577625302139666,63645000
2005-08-25,18.70914077758789,18.750670131135067,18.584551396752016,18.61915897134227,39306300
2005-08-26,18.6676082611084,18.74374650192433,18.598393118760328,18.72990294537703,36774600
2005-08-29,18.79218864440918,18.847561523928356,18.55685357640429,18.55685357640429,52307700
2005-08-30,18.812959671020508,18.84756723613605,18.660683216046554,18.729899666471624,55163200
2005-08-31,18.951398849487305,18.992929528508814,18.716064936004653,18.806045433495562,65210200
2005-09-01,18.826805114746094,18.958314931539675,18.792196225962954,18.951393153783048,75974500
2005-09-02,18.70221519470215,18.87525567284663,18.667606306956806,18.833725007552218,52047500
2005-09-06,18.68837547302246,18.889103102537103,18.67453191508469,18.729904826641427,46089000
2005-09-07,18.58454132080078,18.76450351552786,18.563775995188326,18.646835977444525,44656100
2005-09-08,18.41842269897461,18.60530534894043,18.35612804225479,18.54993246743322,52552300
2005-09-09,18.397661209106445,18.563779888262538,18.363053646021644,18.425348315729416,41515800
2005-09-12,18.41842269897461,18.515324911563823,18.35612804225479,18.425344474187217,40550500
2005-09-13,18.328445434570312,18.522251227453307,18.25230852895417,18.369976096027067,63422900
2005-09-14,18.21077537536621,18.43918870134435,18.203853599403992,18.356130030185266,54969600
2005-09-15,18.183090209960938,18.293835988734404,18.14848132897309,18.25230665174281,60357200
2005-09-16,18.044660568237305,18.27307394301775,17.97544411402025,18.23154459856514,187384300
2005-09-19,17.996212005615234,18.183096062520164,17.899309748047155,18.058506691250212,61832300
2005-09-20,17.885461807250977,18.14848272197794,17.781637796705965,18.044658711432927,61043400
2005-09-21,17.64320945739746,17.926995775575037,17.601680106496765,17.857779310611033,68281800
2005-09-22,17.539384841918945,17.719347116815765,17.40787369484161,17.64320887584559,71314900
2005-09-23,17.490928649902344,17.677812648977795,17.38710464603615,17.51861443484287,66396800
2005-09-26,17.490928649902344,17.64320376755984,17.449397992200797,17.580909101201353,56203700
2005-09-27,17.539384841918945,17.61552308288912,17.511697728768254,17.56015017678196,48797900
2005-09-28,17.767799377441406,17.906232311632362,17.56707175488395,17.57399353361293,71019400
2005-09-29,17.95467185974121,17.996201185129653,17.65012039310793,17.726258589814613,66807100
2005-09-30,17.809322357177734,17.96159879433985,17.726263682538246,17.9339116893308,57644500
2005-10-03,17.650129318237305,17.809326246221875,17.608599971848747,17.795482690694318,55341300
2005-10-04,17.290206909179688,17.573993231213095,17.13100996173544,17.553229215577755,151666300
2005-10-05,17.07562828063965,17.338649131719446,17.07562828063965,17.331728676859157,73684700
2005-10-06,17.11716079711914,17.26943723626368,16.978729230853194,17.068709682916367,81724600
2005-10-07,17.020259857177734,17.193300318255023,16.971808739307125,17.144849200384414,50768700
2005-10-10,16.930278778076172,17.082555235044047,16.854141869786236,17.07563345789151,48880900
2005-10-11,16.895675659179688,16.99257792443037,16.784929835980517,16.964892128727755,76567300
2005-10-12,16.819528579711914,17.09639431253827,16.7987645738855,16.951039670785068,71294400
2005-10-13,17.020259857177734,17.117162092918953,16.798768278229836,16.82645406550135,70192000
2005-10-14,17.07562828063965,17.117157610769386,16.95796074511073,17.103314060661607,53846700
2005-10-17,16.978731155395508,17.089476949038858,16.916436481446873,17.0825551719119,46924400
2005-10-18,17.00642204284668,17.186384341524796,16.923363332807174,16.951049129422213,69328200
2005-10-19,17.366342544555664,17.366342544555664,16.957966909287897,16.999496254513442,66574500
2005-10-20,17.1586971282959,17.39403100077504,17.124088235141404,17.33865809192213,58830600
2005-10-21,17.151771545410156,17.304046680932526,17.006416866789447,17.24175200726565,69431200
2005-10-24,17.373266220092773,17.373266220092773,17.08255813136697,17.22791151563276,51868000
2005-10-25,17.324804306030273,17.39401940581147,17.186371466081074,17.269431434089274,41310500
2005-10-26,17.38018798828125,17.532463150784338,17.25559861887226,17.283284411966356,58178100
2005-10-27,17.20022201538086,17.490930041450735,17.20022201538086,17.45632115727936,61566100
2005-10-28,17.67089080810547,17.71934192171968,17.3732610299681,17.3732610299681,106559300
2005-10-31,17.78855323791504,17.857768340164316,17.650120393029585,17.72625858973593,75122100
2005-11-01,17.968515396118164,18.06541892267002,17.72625988022239,17.72625988022239,71370400
2005-11-02,18.314605712890625,18.3422928263217,17.947760701288498,17.947760701288498,75067100
2005-11-03,18.300764083862305,18.439195695030218,18.169252931087655,18.411509900874346,73421600
2005-11-04,18.453039169311523,18.48764674189947,18.307685780209024,18.3630586884663,57464000
2005-11-07,18.695287704467773,18.74373881231206,18.48071794678865,18.494560177462965,77104800
2005-11-08,18.72297477722168,18.812956543875433,18.529170332479005,18.646837882584386,60091700
2005-11-09,18.660680770874023,18.79219187742991,18.64683853875799,18.674524323183867,59562100
2005-11-10,18.75066375732422,18.792193096754556,18.439190411111966,18.646839748651434,73314800
2005-11-11,18.882179260253906,18.958316180203234,18.77835390726029,18.79219746368533,51945600
2005-11-14,18.944473266601562,18.99292439216261,18.82680568158438,18.937551488636533,67152200
2005-11-15,19.09024429321289,19.118012556826315,18.916696617820048,18.97223182098321,65081000
2005-11-16,19.25685691833496,19.35404322826136,19.048600161617195,19.076367111282952,86277000
2005-11-17,19.41651153564453,19.437337731305238,19.27073213821025,19.333209401128816,91351000
2005-11-18,19.485944747924805,19.6108993627947,19.367932203221514,19.520655098757832,75431200
2005-11-21,19.548418045043945,19.603953270919355,19.3262771415423,19.485940750426078,65794400
2005-11-22,19.374866485595703,19.492878982863477,19.340157472778582,19.478994848111043,104253300
2005-11-23,19.381803512573242,19.499815979150895,19.256848980424714,19.381803512573242,70541300
2005-11-25,19.270750045776367,19.395704687729037,19.06943393950489,19.298517008396523,44082500
2005-11-28,19.263797760009766,19.333217115849646,19.1110762364133,19.29156603197135,57517200
2005-11-29,19.2152042388916,19.291565661254477,19.15966902009971,19.291565661254477,62220400
2005-11-30,19.2152042388916,19.277681525540487,19.18049389960663,19.2152042388916,55904700
2005-12-01,19.360977172851562,19.506757900635918,19.249906772665202,19.249906772665202,61006100
2005-12-02,19.444278717041016,19.506755976491043,19.291557262865105,19.312382133306127,42319600
2005-12-05,19.33321189880371,19.451224374666744,19.236024297228212,19.388747103676682,47517300
2005-12-06,19.222150802612305,19.38181442847467,19.215208733131632,19.367930289513325,65980000
2005-12-07,19.263797760009766,19.263797760009766,19.12495904833001,19.208262540150677,55583200
2005-12-08,19.222150802612305,19.305452988251638,19.159673501350618,19.236033617509282,63931600
2005-12-09,19.236032485961914,19.319335990765342,19.187439326520035,19.236032485961914,48467000
2005-12-12,19.055540084838867,19.263796818111764,18.972236597091296,19.229087803920955,63757200
2005-12-13,18.833402633666992,19.041660743434633,18.74315837961273,18.94447441998168,104285500
2005-12-14,18.805622100830078,18.909750418491956,18.639016527758393,18.74314484542027,65076200
2005-12-15,18.687618255615234,18.819514891527895,18.61125683628727,18.798688688784633,79018100
2005-12-16,18.67373275756836,18.798687316780242,18.611255477962416,18.659848623419503,88542500
2005-12-19,18.62514305114746,18.65291132457244,18.50018846886336,18.618200982791215,68680100
2005-12-20,18.645965576171875,18.65984838608024,18.51406895156319,18.57654623037447,62960600
2005-12-21,18.55572509765625,18.68067968940843,18.54184095989173,18.65291273794364,75800900
2005-12-22,18.458541870117188,18.59043855282201,18.340529327500125,18.54184406251483,91276900
2005-12-23,18.493253707885742,18.514079921183697,18.35441625809342,18.409951502823283,30689200
2005-12-27,18.368282318115234,18.639017547727434,18.361341577412908,18.521005094835825,37819000
2005-12-28,18.31969451904297,18.507126350063487,18.29192757596429,18.402997996406707,35444400
2005-12-29,18.236400604248047,18.39606424025593,18.229458534326252,18.333586935024247,34495500
2005-12-30,18.153093338012695,18.264163785680374,18.11838431964061,18.153093338012695,49044600
2006-01-03,18.632080078125,18.74315049364371,18.118379075335014,18.22250742437583,79973000
2006-01-04,18.722326278686523,18.798687693973502,18.583488906603936,18.583488906603936,57975600
2006-01-05,18.736215591430664,18.83340191115523,18.680680362436014,18.715389384033557,48245500
2006-01-06,18.680673599243164,18.743150874750775,18.389113421562268,18.66678946600507,100963000
2006-01-09,18.645965576171875,18.791745010688928,18.57654623037447,18.694558721010893,55625000
2006-01-10,18.74315643310547,18.75704057046096,18.458538237639004,18.50018932564126,64921900
2006-01-11,18.94447135925293,19.013889393895727,18.67373599270229,18.750097419686334,70120700
2006-01-12,18.840343475341797,18.923646978633283,18.722330951383015,18.91670490968697,45994800
2006-01-13,18.87505340576172,18.916704494461076,18.750098815599404,18.76398295318727,41418000
2006-01-17,18.736215591430664,18.875054325949446,18.673738293303643,18.673738293303643,58566600
2006-01-18,18.62514305114746,18.729271428362825,18.534898810644584,18.562665760005412,52376200
2006-01-19,18.757043838500977,18.9097654038274,18.639031298546417,18.65291543832094,60367600
2006-01-20,18.333580017089844,18.750094786779915,18.229451655683313,18.750094786779915,79165900
2006-01-23,18.291929244995117,18.416883810410166,18.25721890789984,18.333580325445475,47925600
2006-01-24,18.243337631225586,18.361350139145365,18.20168522320866,18.28498871517842,63040700
2006-01-25,18.326642990112305,18.444655518580078,18.208630461644532,18.33358505932386,59072100
2006-01-26,18.396055221557617,18.54877671277173,18.264158605835,18.43770629660441,69509300
2006-01-27,19.291566848754883,19.402637293175655,18.875052020144917,18.902818969218043,134520700
2006-01-30,19.437345504760742,19.56230008057017,19.284623981029263,19.31239092895131,103999200
2006-01-31,19.54146957397461,19.701133130548182,19.34709700912462,19.374863950932994,94841300
2006-02-01,19.465110778808594,19.485935655526745,19.270736877034604,19.40957424338984,68448800
2006-02-02,19.2152042388916,19.430403046202176,19.12495868081474,19.41651891048819,55073400
2006-02-03,19.118017196655273,19.22908762993773,18.979178493020196,19.076364791126345,75022700
2006-02-06,18.861162185668945,19.118013338338013,18.805626980235598,19.097187139776604,60170500
2006-02-07,18.701499938964844,18.847279366863635,18.611254396306116,18.70844200563581,72159500
2006-02-08,18.680673599243164,18.798686083639335,18.541834914989852,18.75009294136982,51795200
2006-02-09,18.507129669189453,18.76398089006694,18.50018760115881,18.71538641385243,52861700
2006-02-10,18.527956008911133,18.66679339834808,18.40300143157301,18.479362856404997,52127000
2006-02-13,18.31969451904297,18.53489461720602,18.284985509178657,18.48630014970659,46707000
2006-02-14,18.500186920166016,18.521013123491336,18.29193018316898,18.33358126575558,58432900
2006-02-15,18.723079681396484,18.757907636759686,18.458393863389414,18.528048445565165,62808900
2006-02-16,18.674325942993164,18.737014947760972,18.507155706462658,18.702188313357052,48868500
2006-02-17,18.59770393371582,18.674322782145993,18.50018698249903,18.576807159479927,41513200
2006-02-21,18.486257553100586,18.61163421574536,18.34694837876095,18.61163421574536,50216100
2006-02-22,18.61163330078125,18.70915024944528,18.437497505692743,18.47929105307048,43043100
2006-02-23,18.569847106933594,18.73005177154119,18.486262642160547,18.61860493280972,47359100
2006-02-24,18.548948287963867,18.62556847937798,18.472329425100725,18.521087245618443,44753800
2006-02-27,18.841495513916016,18.987770296057143,18.576809647564257,18.63253305777257,51301500
2006-02-28,18.71611785888672,19.015630342753653,18.71611785888672,18.771841266181827,65036100
2006-03-01,18.904184341430664,18.945977895113092,18.77184207375562,18.792737522045954,53061200
2006-03-02,18.785762786865234,18.87631411388891,18.737004993183362,18.820590731316738,41850300
2006-03-03,18.757909774780273,18.918114402059118,18.625566186416933,18.674324000932163,45218800
2006-03-06,18.743982315063477,18.91115256742194,18.688258897610655,18.75094790831396,53054100
2006-03-07,18.84845542907715,18.87631779006457,18.674319658557273,18.737008642228467,51613900
2006-03-08,18.980806350708008,19.154942188787896,18.785773733780164,18.7997049196788,57547400
2006-03-09,18.806671142578125,19.099219413493604,18.806671142578125,18.99473817285616,45360700
2006-03-10,18.92507553100586,18.959902153575104,18.723077400162847,18.848455367092924,41297200
2006-03-13,18.88328742980957,19.00866542403912,18.764875027320638,18.93204524344311,40342600
2006-03-14,18.96687889099121,19.07136014865505,18.79970861301882,18.834536584607612,39821800
2006-03-15,19.05742073059082,19.120109719458604,18.813630365943965,18.94597393450379,57152000
2006-03-16,18.99472999572754,19.141003403939838,18.9599020448076,19.043487798464973,73793700
2006-03-17,19.154939651489258,19.266386466813856,18.994735020529003,19.050458428191302,120615000
2006-03-20,19.426586151123047,19.496240725102272,19.27334715120915,19.294243921968064,67094100
2006-03-21,19.322107315063477,19.65644771675043,19.28031509699027,19.322107315063477,73199600
2006-03-22,18.911151885986328,19.154942326764445,18.667361445208215,18.86239406354091,145696100
2006-03-23,18.702186584472656,18.876322397496516,18.569842994580295,18.86239121360241,73682900
2006-03-24,18.813627243041992,18.952935050751567,18.54197588874049,18.604663538652048,69157600
2006-03-27,18.813627243041992,19.015624029213512,18.806661653373954,18.813627243041992,59908600
2006-03-28,18.737010955810547,18.952938965923106,18.67432196439873,18.81363112943625,58520500
2006-03-29,18.820602416992188,18.9459804377641,18.750947813391004,18.771844593036676,53150300
2006-03-30,18.96687889099121,19.078325742972808,18.806674207336577,18.827570990289853,54612000
2006-03-31,18.952943801879883,19.182804381407284,18.952943801879883,19.015632809287172,62190500
2006-04-03,19.19672966003418,19.315142053722102,19.113145222460755,19.273349834935388,57605300
2006-04-04,19.252456665039062,19.363903488365263,19.134044249186104,19.224595623482976,45470000
2006-04-05,19.322107315063477,19.461416480041706,19.252452732574362,19.41962293341784,41539300
2006-04-06,19.19672966003418,19.3081764624992,19.064387412451143,19.266384243712487,51885500
2006-04-07,18.980806350708008,19.308181248019835,18.966875164809373,19.23156238267937,47249400
2006-04-10,19.008670806884766,19.113152055479297,18.945981792017815,18.966877244606025,39432000
2006-04-11,18.8972225189209,19.0295661415478,18.806672458313745,19.008670689089072,42953400
2006-04-12,18.945968627929688,18.945968627929688,18.785762740944847,18.876314067747177,32183000
2006-04-13,18.855419158935547,18.945970494659825,18.8066613605688,18.862384748495135,28160000
2006-04-17,18.695213317871094,18.84148670305941,18.61859316645801,18.827556853434526,35796200
2006-04-18,18.95991325378418,19.154945908586424,18.68129612446045,18.7648819275332,56272700
2006-04-19,18.82756233215332,18.939009132884436,18.77880319435163,18.88328573251888,45111100
2006-04-20,18.82756233215332,18.939009132884436,18.597703139576563,18.841492185831715,45648300
2006-04-21,18.911151885986328,19.07832213232106,18.806670648096,18.841497284542434,58528000
2006-04-24,18.88328742980957,18.98080305707665,18.792736065732328,18.8554250628471,42318400
2006-04-25,18.88328742980957,18.95294069011418,18.820598432694794,18.869356246328334,49222500
2006-04-26,18.87632179260254,18.966871827910897,18.80666720391492,18.86239060915486,39190000
2006-04-27,18.980806350708008,19.245492240026994,18.764878283483228,18.785773733780164,96509600
2006-04-28,16.82152557373047,17.065316068997845,16.717044312487683,16.87724900163004,591052200
2006-05-01,16.919036865234375,17.413581955053477,16.779727678173597,16.93993231330788,174800900
2006-05-02,16.724000930786133,17.413578479133758,16.64738076034175,17.058341318733355,190533500
2006-05-03,16.138904571533203,16.730966504944337,16.124973389911624,16.71006973251197,211527100
2006-05-04,16.326976776123047,16.487181430519502,16.118012970407165,16.264287767263387,171257400
2006-05-05,16.577730178833008,16.68221273774677,16.382698903102618,16.48021454096781,131604300
2006-05-08,16.528968811035156,17.413578940041415,16.37572979464102,16.612554574509637,80693500
2006-05-09,16.45235824584961,16.71704419436447,16.36180684580807,16.54290831733984,75345900
2006-05-10,16.55683135986328,16.570762542022976,16.43145337752732,16.48717677761545,76563300
2006-05-11,16.173730850219727,16.570761546617533,16.124973044140322,16.51503682132613,92916700
2006-05-12,16.138904571533203,16.278213730647803,16.055318810354326,16.118007799100834,83115900
2006-05-15,16.187856674194336,16.243797379172296,16.1039462835932,16.152894233732464,67314800
2006-05-16,16.089956283569336,16.782222814624863,16.02003008842882,16.194844909414496,82095100
2006-05-17,15.894159317016602,16.138900273291565,15.894159317016602,16.00604066838843,98598300
2006-05-18,15.964090347290039,16.180860364743133,15.91514240790366,15.971083100592566,95476400
2006-05-19,15.775288581848145,16.01303683769556,15.747318904900261,15.936119225790476,100071200
2006-05-22,15.999053001403809,16.0969502152622,15.698372607623375,15.719349534089838,87322300
2006-05-23,15.936132431030273,16.348694510560613,15.922146914101843,16.159895366955986,79986300
2006-05-24,16.432594299316406,16.460565312782876,16.06897912664027,16.075971880006886,107356700
2006-05-25,16.60041618347168,16.726283075126208,16.460565118979893,16.48154204510144,83052700
2006-05-26,16.5864315032959,16.698312893956167,16.474550112635626,16.621395271459345,46861600
2006-05-30,16.187856674194336,16.61440538323354,16.180863919355637,16.467560199084136,52497500
2006-05-31,15.838226318359375,16.32770846816873,15.838226318359375,16.26477501080091,120202000
2006-06-01,15.957106590270996,15.971092104760794,15.817255446569238,15.901165866043879,80230800
2006-06-02,15.915156364440918,16.075985830241887,15.852222863260975,15.992075384490288,73935600
2006-06-05,15.733333587646484,15.894162899780268,15.726340834893117,15.887170147026902,63914100
2006-06-06,15.474604606628418,15.775286258488645,15.369715999492081,15.768293506848757,126601300
2006-06-07,15.411669731140137,15.656409325763162,15.390691480002122,15.488587317851332,73827500
2006-06-08,15.460620880126953,15.530545731067646,15.362723688094116,15.404680199135777,104126900
2006-06-09,15.327765464782715,15.516565815037332,15.306787203510622,15.488594800007876,52573800
2006-06-12,15.180924415588379,15.45363655107292,15.173932993668567,15.35573930568257,74309700
2006-06-13,15.041068077087402,15.404683242225248,15.006104310979165,15.194904646769736,113175300
2006-06-14,15.299796104431152,15.341752631512948,15.069040540407466,15.097011558461997,86081500
2006-06-15,15.432655334472656,15.474610526631466,15.243854969160745,15.390700142313847,121577300
2006-06-16,15.453632354736328,15.579499254822865,15.236862323326964,15.362727889682095,147506500
2006-06-19,15.768299102783203,15.80326287339077,15.467618677946971,15.481602852458524,129640900
2006-06-20,15.775288581848145,15.915140967781165,15.733333399560719,15.761304410239802,90598500
2006-06-21,16.138912200927734,16.187860161612058,15.754319938066406,15.810260655095906,91660300
2006-06-22,15.999053001403809,16.201838848788523,15.929128134873817,16.124919895127928,76590600
2006-06-23,15.733333587646484,15.992060104596183,15.733333587646484,15.97807459908945,60532600
2006-06-26,15.957106590270996,16.006054557253215,15.824246870082067,15.838232384571864,53644100
2006-06-27,15.985066413879395,16.194843649246327,15.971080909193295,16.006043337177406,84759100
2006-06-28,16.194849014282227,16.257782472487154,16.020034148986667,16.05499658855315,71906500
2006-06-29,16.411624908447266,16.523506355313874,16.236809981001688,16.306736218726332,121395500
2006-06-30,16.292741775512695,16.53748280655732,16.292741775512695,16.46056518757228,73048800
2006-07-03,16.572444915771484,16.586429087268506,16.39763010161242,16.453570788794075,25711400
2006-07-05,16.32770538330078,16.44657952101039,16.29274161707366,16.41860850802869,53093500
2006-07-06,16.418609619140625,16.509514083751704,16.376654430560112,16.397632691716066,44775200
2006-07-07,16.292741775512695,16.467556607154382,16.292741775512695,16.35567522160221,63168800
2006-07-10,16.432594299316406,16.54447568571963,16.348682592648323,16.38364635948141,50565100
2006-07-11,16.15288734436035,16.34168764328506,15.901153612460742,16.34168764328506,88676300
2006-07-12,15.831236839294434,15.999058982420697,15.817252660999454,15.936126845763704,77379300
2006-07-13,15.565511703491211,15.810252717775876,15.558518950656653,15.642430650940137,73099500
2006-07-14,15.586496353149414,15.768302666471692,15.544539818938018,15.579503597447514,67499400
2006-07-17,15.71934700012207,15.810251445927346,15.56551045133076,15.586488708146852,37053500
2006-07-18,15.90116024017334,15.915145749715029,15.719352617326187,15.796271586073875,65047300
2006-07-19,16.362674713134766,16.40462991656133,15.887177961860777,15.957104190059635,82188200
2006-07-20,15.978073120117188,16.397628910365487,15.929125189105585,16.39063615825939,76605200
2006-07-21,16.691316604614258,16.887108314284752,16.08296055336281,16.838160386867127,175483800
2006-07-24,16.782222747802734,16.85914169552416,16.635378938950453,16.789215500662067,59586700
2006-07-25,16.93606948852539,16.9850187879605,16.712306597464462,16.782232834354012,60075800
2006-07-26,17.040956497192383,17.152837922937664,16.852156091097793,16.866141602748904,54942100
2006-07-27,16.691316604614258,17.201775467299463,16.621390422418656,17.187789964114145,85386800
2006-07-28,16.957033157348633,16.978011410469918,16.824173555042286,16.83815905712314,51705800
2006-07-31,16.824180603027344,17.075914411015503,16.78921816690963,16.831173356997176,40254400
2006-08-01,16.775232315063477,16.922077477956602,16.677336428955673,16.796210576542897,49168700
2006-08-02,16.99199676513672,17.06192294669209,16.803197808787495,16.86613123881423,46462000
2006-08-03,16.929061889648438,17.117862163608223,16.887106717789884,16.915077721516163,43155300
2006-08-04,16.985010147094727,17.12486121599468,16.887112931760264,17.061927768183725,45690400
2006-08-07,16.93606948852539,17.117877170945402,16.915092551070952,16.97802603089834,36862400
2006-08-08,17.019973754882812,17.14584065918671,16.92207786652709,17.054936191086583,58171300
2006-08-09,17.08989906311035,17.22975013430905,17.019972860645314,17.12486149747718,44405700
2006-08-10,17.1038875579834,17.20178479966113,17.01997716081016,17.04095542696933,31753400
2006-08-11,17.08291244506836,17.096897957330743,16.92208305524651,17.08291244506836,30255500
2006-08-14,17.152833938598633,17.201781884275867,17.026967030439184,17.145841184397387,47831900
2006-08-15,17.279159545898438,17.300213716328315,17.152829168748884,17.230030024729384,48994500
2006-08-16,17.33530616760254,17.35636033795487,17.17388327592676,17.2721409792604,52373600
2006-08-17,17.33530616760254,17.370397343951474,17.2721409792604,17.33530616760254,45674800
2006-08-18,18.100313186645508,18.10733035394552,17.531826253038876,17.580954455997766,128414800
2006-08-21,18.331911087036133,18.33892825148779,17.93888294561398,18.009066637913833,88398300
2006-08-22,17.980993270874023,18.42314823962224,17.980993270874023,18.254708187782796,89312400
2006-08-23,18.016094207763672,18.21260837737221,17.910819285654668,18.002057194510936,44648500
2006-08-24,18.065217971801758,18.14943869195821,17.89677787013179,18.121364672358414,35933300
2006-08-25,18.142414093017578,18.247688953869098,18.03012072962363,18.04415639606601,33115900
2006-08-28,18.212596893310547,18.247688065672182,18.030119852016735,18.135394707744055,34190900
2006-08-29,18.135400772094727,18.23365715847748,17.988014853877733,18.191547469833854,42711200
2006-08-30,18.107330322265625,18.170495537000296,17.99503690465802,18.142422851919957,30283100
2006-08-31,18.037147521972656,18.233660328907387,18.02311051043643,18.156459442744357,26380500
2006-09-01,18.135400772094727,18.226638653929733,17.99503335842548,18.170491956190606,31594600
2006-09-05,17.973974227905273,18.219615126137658,17.93888171484172,18.03012091016446,44222400
2006-09-06,17.973974227905273,18.051175079360096,17.903790540420665,17.903790540420665,50160400
2006-09-07,17.84764862060547,18.037144225785934,17.81957460266339,17.882739804390212,51266900
2006-09-08,17.966955184936523,18.100304053282564,17.86869748995617,17.917827006767574,36866800
2006-09-11,18.184528350830078,18.212602368072453,17.84062967146793,17.847648175778524,55608200
2006-09-12,18.19857406616211,18.233665265860875,18.051188082411684,18.177518543156776,52248800
2006-09-13,18.23365592956543,18.317876639819243,18.12136254165553,18.12136254165553,37706700
2006-09-14,18.479299545288086,18.59861144584488,18.233657239595523,18.240675744174496,74324500
2006-09-15,18.84425163269043,18.90741682815602,18.591590850828062,18.654756046293656,126057700
2006-09-18,18.802143096923828,18.977601686457007,18.71792238494507,18.76705057583151,49135000
2006-09-19,18.85127067565918,18.90741736894085,18.753012958434184,18.76704996641529,43039100
2006-09-20,19.075857162475586,19.11094834325891,18.94250826594202,18.956545273712447,71676400
2006-09-21,18.879344940185547,19.12498724593531,18.844253755925383,19.1179687413547,58495100
2006-09-22,18.710905075073242,18.844253986450315,18.584574668362638,18.83021697711738,47712500
2006-09-25,18.91443634033203,19.08287642433942,18.80214295099377,18.816178620678958,67903900
2006-09-26,19.08989143371582,19.174110790980077,18.86530335751186,18.886358866149195,54766500
2006-09-27,19.25834083557129,19.27939501578653,19.033753988987424,19.075863688061098,66233900
2006-09-28,19.23026466369629,19.314485391085032,19.132008263945295,19.279392863571786,44179700
2006-09-29,19.195165634155273,19.244293813963328,19.096907935896663,19.195165634155273,34283500
2006-10-02,19.202192306518555,19.293430202316767,19.054806365745353,19.17411828403106,52908100
2006-10-03,19.209205627441406,19.286406491158818,19.096910906443632,19.209205627441406,39386200
2006-10-04,19.6092586517334,19.62329432604451,19.20921315303727,19.223248827348378,82191200
2006-10-05,19.595218658447266,19.72856758394537,19.496962259997627,19.595218658447266,81967200
2006-10-06,19.560129165649414,19.651367066598496,19.405724710537385,19.4829269380934,36452200
2006-10-09,19.454853057861328,19.602239008044958,19.38467067444767,19.51099976777815,33366300
2006-10-10,19.433799743652344,19.47590944330425,19.25834110001897,19.433799743652344,34598500
2006-10-11,19.328519821166992,19.41975770323241,19.244299105024183,19.272371784643205,37219600
2006-10-12,19.805767059326172,19.85489659370426,19.328520773154004,19.356593454155693,120174900
2006-10-13,19.911035537719727,20.135622252813974,19.868924524657743,19.889980031188735,129751900
2006-10-16,19.967195510864258,20.07247043632755,19.882974767307644,19.988249692770935,49744800
2006-10-17,19.960174560546875,20.00930276383939,19.77067891472448,19.819807118016996,40122600
2006-10-18,20.016315460205078,20.14264585408664,19.833838373336462,20.002278452297627,40630800
2006-10-19,19.854896545410156,19.967189946429638,19.73558463949659,19.897006236131727,44730800
2006-10-20,19.95314598083496,19.995255656876804,19.770668933130345,19.98823715442942,48887800
2006-10-23,19.967195510864258,20.135635659334184,19.777699841844353,19.86191924675766,48525000
2006-10-24,19.847871780395508,19.953146643316675,19.742595578831832,19.953146643316675,61409600
2006-10-25,19.868932723999023,19.974207622813097,19.749620815038284,19.84787854742199,40717100
2006-10-26,19.89700698852539,19.939116680839316,19.67943868315329,19.88296997820642,69964200
2006-10-27,19.889984130859375,20.205810100709378,19.826818936889374,19.995259007928478,89060100
2006-10-30,20.023338317871094,20.24090663317188,19.875952380081948,19.89700789652127,47296800
2006-10-31,20.149658203125,20.247915896348363,20.044383346267942,20.114567030386794,61861700
2006-11-01,20.219839096069336,20.346169442315965,20.1426382589737,20.198784930789728,75895900
2006-11-02,20.191770553588867,20.254935739613476,20.05842167879886,20.149659537144114,58674400
2006-11-03,20.163707733154297,20.304075188586744,20.079488330809443,20.247928474142416,41124500
2006-11-06,20.240909576416016,20.38829419699341,20.184762863056545,20.191781369556885,60446200
2006-11-07,20.31810188293457,20.402321242507064,20.212825675505073,20.254936693933907,56511200
2006-11-08,20.339160919189453,20.514619522022993,20.11457412174539,20.198794840108366,77403300
2006-11-09,20.535680770874023,20.63393718753323,20.353203612333154,20.430405847504403,89407500
2006-11-10,20.521642684936523,20.556735216654552,20.45847746648728,20.472514479174492,37855100
2006-11-13,20.598833084106445,20.67603393225553,20.465484217459924,20.48653972439646,47271800
2006-11-14,20.58475112915039,20.718555910855237,20.472073842415533,20.619963620767038,63012500
2006-11-15,20.507287979125977,20.676303922786712,20.500245480237698,20.514329134794934,63943200
2006-11-16,20.75377082824707,20.873490635047006,20.514331214647196,20.52137371424948,64328500
2006-11-17,20.704477310180664,20.803070973945367,20.61996999063335,20.641096148910368,49356700
2006-11-20,21.049545288085938,21.127011426479843,20.774894569371845,20.788979566028775,85703800
2006-11-21,21.070676803588867,21.12701545774741,20.979126994288528,21.063634303916615,66446600
2006-11-22,21.070676803588867,21.12701545774741,21.000253150085815,21.10588795873066,43907200
2006-11-24,20.95800018310547,21.01433883911303,20.873491527484372,20.887576527291138,20456700
2006-11-27,20.76081085205078,20.943911790216408,20.655176057052728,20.908700639623486,72722100
2006-11-28,20.697431564331055,20.718559062514913,20.514330609729214,20.662220410577376,52602300
2006-11-29,20.82419204711914,20.97208183504286,20.725599750649526,20.732642249428686,58775100
2006-11-30,20.676301956176758,20.824190389106366,20.655174461521444,20.71855560226819,53297400
2006-12-01,20.507287979125977,20.63404892945704,20.352355690022478,20.584752780458405,72257000
2006-12-04,20.655174255371094,20.788979033747577,20.542496971439064,20.58475061710878,55123400
2006-12-05,20.51433753967285,20.704481057901653,20.443915208376144,20.676312394026944,45606000
2006-12-06,20.41573715209961,20.514329451619542,20.331229850573763,20.49320329784775,48564100
2006-12-07,20.3171443939209,20.472075338700282,20.288974398568662,20.394609194700937,46831100
2006-12-08,20.704477310180664,20.704477310180664,20.28193668278522,20.29602168378298,108854900
2006-12-11,20.803071975708008,20.950960463647124,20.500251155772077,20.556589819256455,107712000
2006-12-12,20.72560691833496,20.866452912970008,20.577717079265437,20.817156747686752,68529400
2006-12-13,20.81011390686035,20.84532641235928,20.64814041122449,20.84532641235928,46002500
2006-12-14,21.17630386352539,21.183346360620693,20.788975925816565,20.80306092000717,85866500
2006-12-15,21.260818481445312,21.288987134551697,21.148141182581064,21.225605986038136,102783700
2006-12-18,21.049545288085938,21.310112353362307,20.972080492911243,21.26081620828226,56986800
2006-12-19,21.11997413635254,21.246736451086175,20.79602719267285,20.92278816418694,53822100
2006-12-20,21.190406799316406,21.296041658747452,21.1058981058395,21.11998311195567,31202100
2006-12-21,21.112934112548828,21.225611440367683,21.049552947748257,21.218568939476544,32270500
2006-12-22,20.873485565185547,21.02841783236615,20.85940191262114,21.00729033869085,37971700
2006-12-26,21.11997413635254,21.127016636417693,20.704476035045428,20.79602719267285,37098300
2006-12-27,21.14109992980957,21.218564737833347,21.063633778566356,21.119972431319756,31248400
2006-12-28,21.112934112548828,21.14814661700453,20.993214283838828,21.028426788294535,26690600
2006-12-29,21.028417587280273,21.23264465088472,21.007290093851214,21.028417587280273,41739800
2007-01-03,21.028417587280273,21.303068285762468,20.70446940413028,21.063628733109592,76935100
2007-01-04,20.993207931518555,21.105885225242467,20.732642193489244,20.915743131595423,45774500
2007-01-05,20.873485565185547,20.950951698775846,20.739682134899372,20.86644306729378,44607200
2007-01-08,21.077713012695312,21.197432784954735,20.796019825972866,20.88052711038007,50220200
2007-01-09,21.098848342895508,21.253780670422607,20.93687485795322,21.127018345434852,44636600
2007-01-10,20.887575149536133,21.049548606971584,20.725601692100685,20.98616745524129,55017400
2007-01-11,21.619983673095703,21.65519483472607,20.880537189880545,20.958003357331012,99464300
2007-01-12,21.97913932800293,22.105901644651308,21.57772622076277,21.5847687209343,103972500
2007-01-16,21.943927764892578,22.14815623643454,21.852377950793468,22.01435142208703,62379600
2007-01-17,21.901676177978516,22.141115829139423,21.838295014834763,22.01435350285192,58519600
2007-01-18,21.83124542236328,22.091812491001498,21.690398140415184,21.936880212214742,56364300
2007-01-19,21.908720016479492,21.908720016479492,21.61294168482101,21.64111034614957,75826900
2007-01-22,21.63406753540039,21.915762203973042,21.486179043297508,21.87350719775531,56143900
2007-01-23,21.648151397705078,21.80308238268719,21.493220412722966,21.570685233604195,49171200
2007-01-24,21.894636154174805,22.042524656094155,21.584772804108777,21.676323980437743,58527800
2007-01-25,21.44392204284668,22.169282074835635,21.44392204284668,21.88758879332441,97378700
2007-01-26,21.549549102783203,21.993215693646167,21.549549102783203,21.986173196239577,96103700
2007-01-29,21.500255584716797,21.67631401168337,21.366450804120827,21.584762877458,57605900
2007-01-30,21.465049743652344,21.577727064362886,21.22561010133754,21.528430904454474,61900400
2007-01-31,21.73265838623047,21.90167435950738,21.373498939309705,21.415752596824046,73968400
2007-02-01,21.52138900756836,21.788998659175636,21.387585524984374,21.718574995951634,55355800
2007-02-02,21.260818481445312,21.718570175983736,21.2185634869567,21.704485177820867,60401700
2007-02-05,20.852365493774414,21.141101275415707,20.711518181316432,21.10588877569145,99102100
2007-02-06,20.781936645507812,20.950952572299727,20.577708227788925,20.838275287771783,79281100
2007-02-07,20.683349609375,20.915746735627774,20.59884095291057,20.873491735785795,65145500
2007-02-08,20.60588836669922,20.986174053425753,20.56363470000068,20.59180336339309,48749000
2007-02-09,20.408693313598633,20.704471535964668,20.3734821641438,20.669260386509837,69823100
2007-02-12,20.38052749633789,20.486162302608843,20.303061344903455,20.34531499876795,52774400
2007-02-13,20.500659942626953,20.634928688125093,20.465325352823875,20.521860696508803,50348100
2007-02-14,20.776269912719727,20.981206558097586,20.599600948584563,20.61373478920591,55588600
2007-02-15,20.818660736083984,20.95292946592604,20.649058768435577,20.9034623938465,63858100
2007-02-16,20.309858322143555,20.451193993402082,20.246257404864902,20.429993238350246,109340300
2007-02-20,20.373451232910156,20.394651979630364,20.119047663772974,20.23211561719476,53978200
2007-02-21,20.740921020507812,20.76918733256064,20.30984864172341,20.31691555670567,68604900
2007-02-22,20.769197463989258,20.87519989255603,20.606662383739618,20.712663464429518,57754400
2007-02-23,20.42292594909668,20.691463450035574,20.41585903087441,20.64906194070196,63787100
2007-02-26,20.543058395385742,20.55719223013245,20.366389504681873,20.465323652155504,63481900
2007-02-27,19.695051193237305,20.472393339198064,19.638517194478762,20.288657506263586,87143300
2007-02-28,19.907054901123047,19.96358890428204,19.73038597276657,19.751586729405048,86333300
2007-03-01,19.850515365600586,20.02011732780929,19.596111748349237,19.659712652662076,80175700
2007-03-02,19.617326736450195,19.899996878613948,19.617326736450195,19.801062665826024,63254700
2007-03-05,19.468910217285156,19.72331383816345,19.369976074888754,19.42651006309764,56454300
2007-03-06,19.666780471801758,19.744515213500613,19.539578657340595,19.645579720099352,49361800
2007-03-07,19.51132583618164,19.71626118625994,19.468924303439174,19.61732697228266,52044700
2007-03-08,19.306379318237305,19.68091791302517,18.79757331502473,19.589049320022067,72175200
2007-03-09,19.28519058227539,19.419458064999016,19.10145464247304,19.377057878237746,80125000
2007-03-12,19.39118003845215,19.419446363301166,19.17210961845735,19.20744420936465,36516400
2007-03-13,18.88237762451172,19.36291740284528,18.875310704491852,19.256916298301626,75169500
2007-03-14,19.3629150390625,19.3629150390625,18.88944223854934,18.953043163086704,75730300
2007-03-15,19.278118133544922,19.41238557777927,19.22158411811013,19.306384467323692,51757100
2007-03-16,19.313438415527344,19.41943945478546,19.221571207604004,19.32757224686212,65055300
2007-03-19,19.666780471801758,19.666780471801758,19.221575469064334,19.320509614588953,49412000
2007-03-20,19.67384910583496,19.899985085554047,19.61731511090519,19.737450018615547,47902400
2007-03-21,20.15439224243164,20.15439224243164,19.475982837391722,19.716252694606172,72808200
2007-03-22,19.97772216796875,20.175590499400883,19.79398632601254,20.154391091248538,47934900
2007-03-23,19.801055908203125,19.977724855247313,19.645586372162896,19.942390257112216,50519800
2007-03-26,19.942386627197266,19.942386627197266,19.574916308618928,19.744518305165126,47491500
2007-03-27,19.58905029296875,19.89998798431405,19.5395832086841,19.815187653505212,58979800
2007-03-28,19.532516479492188,19.78692017014323,19.362914468350482,19.490116313676005,46947000
2007-03-29,19.610246658325195,19.680914483426022,19.426510852213706,19.673847566128273,42629900
2007-03-30,19.695051193237305,19.751585191995847,19.43358060655601,19.610249521161062,47061000
2007-04-02,19.603178024291992,19.737446745437403,19.475976219825448,19.70917907872193,41977600
2007-04-03,19.695051193237305,19.829318597865814,19.610249521161062,19.68798427490788,39821300
2007-04-04,20.140256881713867,20.338126557366387,19.71625120410241,19.793985960229627,63244200
2007-04-05,20.17559051513672,20.246258354079135,19.998921591719142,20.013055429083007,30131200
2007-04-09,20.18971824645996,20.29571929887689,20.06251644440904,20.196785163004623,31384600
2007-04-10,20.069583892822266,20.239185850759313,19.942382087400343,20.140251712265172,38643100
2007-04-11,19.864654541015625,20.189724719024365,19.779852863169857,19.998921954779092,44050200
2007-04-12,20.16852569580078,20.225059699485758,19.815187835800433,19.82932032581395,43762100
2007-04-13,20.217992782592773,20.28159370522945,19.8575880036106,20.090790937319422,36002900
2007-04-16,20.302797317504883,20.31693115832295,19.93532554349859,20.210930047941936,30740100
2007-04-17,20.387592315673828,20.4158586401451,20.182655734780706,20.232122813513033,33170200
2007-04-18,20.210926055908203,20.260393141123526,20.041324043222676,20.217992974921387,41778400
2007-04-19,20.274520874023438,20.4158551680972,19.970650187343814,20.027184174548633,43648800
2007-04-20,20.50773811340332,20.564272140232294,20.28160200608743,20.479470426050074,60311500
2007-04-23,20.33812141418457,20.486522622488025,20.260386677715207,20.465321872211867,41739100
2007-04-24,20.345197677612305,20.46533127407076,20.2038619732608,20.345197677612305,34236700
2007-04-25,20.486526489257812,20.493593407350392,20.274524337987668,20.394659249807898,39475000
2007-04-26,20.564258575439453,20.740927461228665,20.429989844834196,20.557191658262692,68760300
2007-04-27,21.285072326660156,21.723210498636224,21.200270650990355,21.32040557192771,128298800
2007-04-30,21.157869338989258,21.461740084157935,21.157869338989258,21.292136742021643,67788800
2007-05-01,21.482938766479492,21.497072602493642,21.129600953386483,21.157868625414782,73539300
2007-05-02,21.63134765625,21.68788166891428,21.412277177783395,21.475878110515353,80686700
2007-05-03,21.8857479095459,21.90694866768585,21.57481154408893,21.624278631871764,82036800
2007-05-04,21.59600830078125,21.694943812067446,21.40520689247428,21.68080997504415,104385900
2007-05-07,21.70201301574707,21.737347614220532,21.53947790640047,21.567745585179242,59889100
2007-05-08,21.73027801513672,21.864546777026035,21.610143090894056,21.680810931250377,60551700
2007-05-09,21.75147247314453,21.85747352904636,21.603069916580726,21.694938486805118,51735000
2007-05-10,21.610143661499023,21.85748043533848,21.57481041432638,21.680811503721294,55398600
2007-05-11,21.82921028137207,21.892811197364804,21.588940453816594,21.60307429023205,43425300
2007-05-14,21.8857479095459,21.899881748305866,21.772679895220264,21.793880653360215,70188500
2007-05-15,21.907011032104492,22.04171471647638,21.86447352470815,21.907011032104492,75013900
2007-05-16,22.027536392211914,22.041716012925704,21.843205379661818,21.977909071956706,45833600
2007-05-17,21.963727951049805,22.077162204526083,21.949548331304527,21.999177000412995,41045600
2007-05-18,21.857385635375977,21.97081989989567,21.680144428033568,21.95664027876993,58453000
2007-05-21,22.013370513916016,22.09135712428397,21.78650184983896,21.78650184983896,41836400
2007-05-22,21.758127212524414,21.928278579748106,21.73685778453038,21.90700915175407,39999500
2007-05-23,21.680145263671875,21.864476288681995,21.673055452835737,21.864476288681995,46322500
2007-05-24,21.389463424682617,21.836110556691946,21.240580145851006,21.651780938698906,64046400
2007-05-25,21.609249114990234,21.736863009141633,21.396560192900022,21.467456951011155,47726500
2007-05-29,21.829025268554688,21.85738315534546,21.545438287189327,21.616335032530667,42373100
2007-05-30,22.05590057373047,22.070078845376855,21.630521322741533,21.65887921827767,57376800
2007-05-31,21.758127212524414,22.091340137640454,21.701410090116518,22.062982252557937,85290500
2007-06-01,21.68723487854004,21.907013603501756,21.658875635451746,21.829028389495228,39469400
2007-06-04,21.779401779174805,21.80776102495207,21.552533221929743,21.566712844818376,41434500
2007-06-05,21.680145263671875,21.71559296560941,21.502904049497893,21.708504507016425,44265000
2007-06-06,21.47454833984375,21.64469976046607,21.446189093618383,21.53126548005119,38217500
2007-06-07,20.999542236328125,21.47454880289924,20.97827280120047,21.283127943480288,71971400
2007-06-08,21.304399490356445,21.311489303218433,20.850662285137524,20.97118639930424,61346200
2007-06-11,21.283119201660156,21.4461807472664,21.219312274728537,21.22640208352569,48467400
2007-06-12,21.16259765625,21.439093470783945,21.105880531416297,21.240582857744517,56981800
2007-06-13,21.545442581176758,21.559622203519602,21.162602243622494,21.247677273193126,64435600
2007-06-14,21.637603759765625,21.77230608407646,21.481630654626695,21.517079702268678,59065700
2007-06-15,21.61634063720703,21.892836528260766,21.573803119870295,21.878658257310715,100933000
2007-06-18,21.63051986694336,21.779401851035438,21.56671291597725,21.75813376887558,45412600
2007-06-19,21.595073699951172,21.736867243796862,21.538356552861583,21.60925332478443,46802600
2007-06-20,21.276033401489258,21.63051579467853,21.24058435082452,21.580888475990914,46861600
2007-06-21,21.424922943115234,21.481640092016686,21.205144160152543,21.25477149641088,56564800
2007-06-22,20.90737533569336,21.339844369759362,20.879017442050145,21.26894760728642,86219900
2007-06-25,20.90737533569336,21.105886000168944,20.829388761748795,20.893195712750117,53905800
2007-06-26,20.928638458251953,21.127147710615972,20.914458839585134,20.94990653400932,48340300
2007-06-27,21.176780700683594,21.233497834690812,20.815208464296397,20.815208464296397,53468600
2007-06-28,21.148418426513672,21.247673058740094,21.042073984522084,21.16968785580917,46055200
2007-06-29,20.893198013305664,21.219322615693557,20.58834419991804,21.176785094423284,71193900
2007-07-02,21.084619522094727,21.127157044645504,20.907378267182455,21.034992187078245,47316000
2007-07-03,21.283119201660156,21.42491132087494,21.112967847256762,21.120057656053916,35202600
2007-07-05,21.261859893798828,21.424921517006183,21.14842560354646,21.304397414582617,47838500
2007-07-06,21.247669219970703,21.29729787936056,21.027890565929283,21.20513172130781,57541000
2007-07-09,21.176780700683594,21.233497834690812,21.134241835995823,21.1696908899023,33831400
2007-07-10,20.793941497802734,21.261858246910997,20.68759702795873,21.056259118845027,66013500
2007-07-11,20.90737533569336,21.02080961475276,20.708864671217775,20.73013410563264,48017000
2007-07-12,21.318565368652344,21.346924601812642,20.87191826431896,20.956993259314526,54302400
2007-07-13,21.141334533691406,21.283128064193363,21.027900250187166,21.226410922441246,42173000
2007-07-16,21.290218353271484,21.4391003466175,21.070438240841625,21.098797488475164,48023200
2007-07-17,21.821937561035156,21.892832960963332,21.276034327232516,21.283124137673948,77539600
2007-07-18,21.921199798583984,21.956647510830965,21.62343441808132,21.630524230979425,64414400
2007-07-19,22.33948516845703,22.573443541915445,21.928285562007606,22.01336059658705,121159300
2007-07-20,22.091346740722656,22.119705986524586,21.829030478271125,22.084256929272172,98292600
2007-07-23,22.112619400024414,22.346577803038258,22.062992064876546,22.233143507773573,48910600
2007-07-24,21.83612060546875,22.318217002981225,21.772313649783662,21.98500395281507,59729300
2007-07-25,21.772314071655273,22.190603521587658,21.531267220471758,21.970824754549025,54950100
2007-07-26,21.2547664642334,21.644697953825617,20.92155346235773,21.439097492582654,87025300
2007-07-27,20.836475372314453,21.268944339944436,20.81520729341007,21.219317019510125,69214600
2007-07-30,20.84356689453125,20.907373840970845,20.52453351457644,20.850656705496,67499600
2007-07-31,20.55289077758789,21.0704347919973,20.545800966839977,21.063344981249386,66554000
2007-08-01,20.772668838500977,20.949910044809837,20.43236604692631,20.52453223146305,80006300
2007-08-02,20.928638458251953,21.120059253525426,20.574156105038647,20.694680159220884,47938300
2007-08-03,20.531618118286133,21.112970338052694,20.489080612727626,20.879012029116524,61535500
2007-08-06,20.942819595336914,20.942819595336914,20.382736787575606,20.595425674027037,59530500
2007-08-07,20.949909210205078,21.120061951456936,20.595426811709267,20.793937441674412,49163000
2007-08-08,21.268945693969727,21.27603550480356,20.708862808285144,21.070435047351808,52898600
2007-08-09,20.772668838500977,21.33984151003518,20.503262799898472,21.013716987260473,72964500
2007-08-10,20.354381561279297,20.595429734645833,20.03534816870116,20.48908527045312,76576200
2007-08-13,20.29766273498535,20.55289050960989,20.162960389260725,20.517442808575648,55492300
2007-08-14,20.112688064575195,20.55378622217864,20.06288679100541,20.468412998054134,42944100
2007-08-15,19.991741180419922,20.624931116613535,19.956167873509497,20.091343725803302,48117700
2007-08-16,19.785425186157227,20.169608858210403,19.571990717449854,19.835226471723395,81447400
2007-08-17,20.09845542907715,20.09845542907715,19.79253181958812,19.984623577683468,76747700
2007-08-20,20.105571746826172,20.269204877070933,19.97751056420581,20.048655816437435,49952000
2007-08-21,19.97039794921875,20.148260419528118,19.828108787161028,19.991741934169738,50786200
2007-08-22,20.077116012573242,20.148261275114734,19.92771218252083,20.112689322335495,44763500
2007-08-23,20.134031295776367,20.155375280938895,19.991742132308413,20.11980332931765,33886600
2007-08-24,20.496868133544922,20.518212115824955,19.970395450149255,20.06999798682382,45158900
2007-08-27,20.269214630126953,20.468421160832307,20.205184008006785,20.35458924528167,32789500
2007-08-28,19.87079620361328,20.269207773261968,19.85656687973722,20.13403191040539,43924400
2007-08-29,20.34035301208496,20.354582335944535,19.79253625633855,20.01308534822987,45753700
2007-08-30,20.240751266479492,20.582246910834115,20.1482620146857,20.21940727983868,33690700
2007-08-31,20.43996238708496,20.57513829490057,20.176726592741556,20.418619751155394,42511900
2007-09-04,20.496868133544922,20.70318922463686,20.262089756395735,20.27631907791576,45689600
2007-09-05,20.26209259033203,20.439955063260474,20.21940597678444,20.38303912620269,47669800
2007-09-06,20.568012237548828,20.63915748419998,20.31188989239777,20.319004552761154,45430800
2007-09-07,20.23363494873047,20.51109996744326,20.14826036613571,20.361696144131127,52160900
2007-09-10,20.26209259033203,20.454184386770663,20.212291315029344,20.39726844971288,37247600
2007-09-11,20.582239151000977,20.596468470063506,20.33323149533695,20.368803436010715,34380800
2007-09-12,20.582239151000977,20.752986908803656,20.489749934077096,20.49686459360836,42364700
2007-09-13,20.745872497558594,20.817017736740144,20.60358201919549,20.717415216075516,35288600
2007-09-14,20.660507202148438,20.710308481537883,20.54667396170859,20.617819228114836,33496600
2007-09-17,20.43996238708496,20.54667963768319,20.361703793704105,20.482650372911024,39536500
2007-09-18,20.582239151000977,20.61069643214348,20.112682477797975,20.418606052729565,77462400
2007-09-19,20.397268295288086,20.568016105168724,20.134031240274414,20.53955881534677,94242200
2007-09-20,20.21940040588379,20.33323224863611,20.162484484507626,20.26208700767026,67168900
2007-09-21,20.383039474487305,20.496871350547913,20.233635646026386,20.411498121993958,135636100
2007-09-24,20.688962936401367,21.066031870068638,20.489756476863054,20.496871138666172,104459800
2007-09-25,21.030452728271484,21.030452728271484,20.71030117782296,20.731643800329962,75621000
2007-09-26,20.987768173217773,21.236775863618604,20.973538852170243,21.115829348680073,60337000
2007-09-27,20.980653762817383,21.144286885866535,20.945081816757224,21.130058921632127,43407100
2007-09-28,20.959300994873047,21.122935406309573,20.79566794041871,20.980644967751424,45819100
2007-10-01,21.17987060546875,21.194099933684104,20.923748125526114,20.959320089081068,43875100
2007-10-02,21.130054473876953,21.23677164657684,21.037565262416567,21.130054473876953,33700900
2007-10-03,20.952198028564453,21.236777689062908,20.83836616436507,21.1371737901513,37633900
2007-10-04,21.137170791625977,21.179858752382163,20.945080396153806,21.030453603700845,37868000
2007-10-05,21.22966194152832,21.336379139131278,21.15140203002752,21.26523388840171,45012300
2007-10-08,21.22966194152832,21.236776602299557,21.058914153967038,21.10160076161166,30265400
2007-10-09,21.414640426635742,21.620960174327546,21.343495171334716,21.364839155019887,63603100
2007-10-10,21.507123947143555,21.606727827159165,21.36483482237963,21.371949482165217,32251500
2007-10-11,21.27946662902832,21.791710074017033,21.194093400021707,21.556931658774328,50788400
2007-10-12,21.46443748474121,21.62807058992406,21.307919039390132,21.36483496106167,31121100
2007-10-15,21.371946334838867,21.57826601030693,21.34348769988746,21.414632930283567,47150500
2007-10-16,21.57115936279297,21.756136487727773,21.507128767354654,21.51424342873479,56286200
2007-10-17,22.111865997314453,22.21858322616682,21.80594227948333,21.87708755104597,86092400
2007-10-18,22.16877555847168,22.218576827127606,21.791706677675265,22.211462166322075,49208600
2007-10-19,21.46443748474121,22.11897126245522,21.42175088273321,22.11897126245522,75200200
2007-10-22,21.706331253051758,21.84150708063524,21.428866294785934,21.428866294785934,58785100
2007-10-23,21.983800888061523,22.140320729186946,21.84862503172128,21.84862503172128,49956200
2007-10-24,22.232803344726562,22.268375287285075,21.699216064453125,21.948223733310588,77979200
2007-10-25,22.75928497314453,22.922919501834542,22.403559978834082,22.460475923644427,169588700
2007-10-26,24.922090530395508,25.633540470414484,24.58771090408357,25.619311145938166,288121200
2007-10-29,24.594820022583008,25.10706476066684,24.509446804224265,24.794025103408643,114655600
2007-10-30,25.306276321411133,25.320505647108764,24.438306451620424,24.452535777318054,107297300
2007-10-31,26.188465118408203,26.323639587913224,25.26357831306604,25.27069433007253,185635800
2007-11-01,26.36634063720703,26.672264385189905,25.86832504416747,25.989270253666138,152078800
2007-11-02,26.36634063720703,26.679377691762383,25.91101031153564,26.480172540133218,96389800
2007-11-05,26.13155746459961,26.39479319753963,26.060413552118405,26.152900095550713,75485400
2007-11-06,25.903884887695312,26.08174732244026,25.519701377294542,26.031946057828904,100966700
2007-11-07,25.270692825317383,25.7260201838693,25.22089156509859,25.6406469826321,74897800
2007-11-08,24.715778350830078,25.541060381066863,24.473885201589976,25.327623173998024,133742400
2007-11-09,23.99720001220703,24.573475293227627,23.940285442827776,24.317352946107363,125136900
2007-11-12,23.74818992614746,23.98296689789519,23.49206761953902,23.70550197039105,84865200
2007-11-13,24.597620010375977,24.747517799685923,23.826715148968425,23.94092337743395,104311500
2007-11-14,24.219301223754883,24.804618625278906,24.090816650450737,24.71182360612848,84063100
2007-11-15,24.097957611083984,24.340650433127138,23.948059824129395,24.097957611083984,64014100
2007-11-16,24.333511352539062,24.454856390832575,24.06226581826009,24.16933721211561,71113800
2007-11-19,24.240718841552734,24.44058528262755,24.176476543160643,24.240718841552734,63026200
2007-11-20,24.68328094482422,24.961663362211986,24.340653498720084,24.433448545495757,100009400
2007-11-21,24.433446884155273,24.790347953552118,24.3977573218034,24.554794663678514,89518700
2007-11-23,24.347787857055664,24.583341112750457,24.062265953791826,24.52623836586089,33467200
2007-11-26,23.534053802490234,24.533375010814087,23.505501067782472,24.33351131373705,80335000
2007-11-27,23.59830093383789,23.98375203968942,23.32705534436227,23.748198737387888,84178400
2007-11-28,24.055133819580078,24.19075525244507,23.484092624702228,23.82671734162894,88585000
2007-11-29,23.976606369018555,24.21929912838069,23.776742704698517,23.96946954798064,53633600
2007-11-30,23.983749389648438,24.35492680714481,23.691090638556535,24.21216584304022,71027800
2007-12-03,23.498371124267578,24.012309667252307,23.327060091899178,23.912377777880778,61770600
2007-12-04,23.391286849975586,23.726774589363178,23.291355027078332,23.369873665908447,54801500
2007-12-05,24.3763427734375,24.64044878768157,23.576882461929582,23.6554011285008,84894700
2007-12-06,24.661863327026367,24.70469243557088,24.17647765527814,24.454860053469815,49209700
2007-12-07,24.6475887298584,24.768936517990806,24.4263117938146,24.704694212024066,40771000
2007-12-10,24.8117618560791,24.947386009010234,24.60476129934168,24.72610635939675,36083500
2007-12-11,24.34065055847168,24.975936715722955,24.219305508294678,24.790346644590112,55070700
2007-12-12,24.604759216308594,25.047315755129684,24.219305429461716,24.704691074467657,63345400
2007-12-13,25.140119552612305,25.30429376579968,24.469143603218832,24.61190461731999,73913200
2007-12-14,25.204355239868164,25.582669513177688,24.99021241360172,25.0187651534958,71126200
2007-12-17,24.547649383544922,25.075864040963776,24.526236195723357,25.004482209994507,58121200
2007-12-18,24.7974910736084,24.983078458348484,24.419174033926005,24.72610921567801,52791800
2007-12-19,24.833181381225586,25.083011084079146,24.540522562337323,24.761799521167752,58469100
2007-12-20,25.354249954223633,25.546976840644565,25.0401780224296,25.19007580422183,59345000
2007-12-21,25.739700317382812,25.739700317382812,25.518420723855176,25.625492109774008,83240500
2007-12-24,26.11088752746582,26.21081940647193,25.73257048459193,25.78967597141798,29622600
2007-12-26,26.132295608520508,26.1537088004192,25.882463236966984,25.989534642338345,30252400
2007-12-27,25.67546272277832,26.089466529920234,25.654046807917585,25.94670556358411,33311100
2007-12-28,25.78252410888672,25.861042754297802,25.46131270626782,25.768247743999414,33447200
2007-12-31,25.411352157592773,25.68973724728379,25.354249408921447,25.625494953191826,35229700
2008-01-02,25.140119552612305,25.66833176496476,24.983082164807048,25.546986672889687,63004200
2008-01-03,25.247173309326172,25.44703969980147,24.88313552589251,25.14010465440486,49599600
2008-01-04,24.540517807006836,25.125835331363653,24.333514537360422,25.118695785271562,72090800
2008-01-07,24.704689025878906,24.84031043314307,24.44771985595633,24.66185992324558,80164300
2008-01-08,23.876691818237305,24.776081681572567,23.841002241340064,24.776081681572567,79148300
2008-01-09,24.58333396911621,24.65471578565877,23.805289867898534,23.812429411021732,74305500
2008-01-10,24.504833221435547,24.626178300251883,24.112239794819008,24.51910687064018,72446000
2008-01-11,24.205032348632812,24.440588380237937,24.069410911700317,24.369206526900346,55187900
2008-01-14,24.547649383544922,24.676133956351173,24.326372514886273,24.597615303754193,52792200
2008-01-15,24.269268035888672,24.540513558712572,24.269268035888672,24.290681224580005,61606200
2008-01-16,23.719646453857422,24.019444789673177,23.205708005567136,23.855267889738798,120778500
2008-01-17,23.633987426757812,24.126509884248254,23.534055570710958,23.940922540581074,94247800
2008-01-18,23.562610626220703,24.269276038372553,23.53406060619777,23.669682050859887,117062000
2008-01-22,22.813112258911133,23.219979198775583,22.48476397813257,22.51331671287992,108521400
2008-01-23,22.791702270507812,22.87735776384187,22.156418809313706,22.470490766831286,137597400
2008-01-24,23.733917236328125,23.812435894434277,22.927320188881225,23.091494327221987,155640400
2008-01-25,23.512638092041016,24.98307126686287,23.462672167342383,24.91169215241873,196992300
2008-01-28,23.35561180114746,23.62685471084261,23.141468935786516,23.569751943568765,81019000
2008-01-29,23.26995086669922,23.47695416030293,23.09150031489036,23.448401418508073,68023000
2008-01-30,22.98442840576172,23.412708581080064,22.87735700046266,23.241397600128305,106432600
2008-01-31,23.26995086669922,23.369885462981212,22.641805523378693,22.77742832396493,103642200
2008-02-01,21.735279083251953,23.733924841069943,21.592518088492206,22.170697530476666,291138900
2008-02-04,21.5496826171875,21.927996803318763,21.492578512027915,21.76382267116862,119998600
2008-02-05,20.750221252441406,21.37122951158896,20.621736691137148,21.34981496421522,137534100
2008-02-06,20.35763168334961,20.9500872398998,20.193457563678038,20.900121321866642,138315600
2008-02-07,20.07210922241211,20.543218348609145,19.91507193936708,20.229145143988113,164964900
2008-02-08,20.38619041442871,20.757367884519415,20.157773928671247,20.19346485548938,124872000
2008-02-11,20.1363468170166,20.42186860765242,19.922206835508536,20.357626340906243,156814100
2008-02-12,20.229150772094727,20.42901584181756,20.06497662275244,20.2933930673103,84365900
2008-02-13,20.671709060668945,20.735951361377793,20.36477528796719,20.42901758867604,88986200
2008-02-14,20.343355178833008,20.728808877831877,20.314802447883842,20.614599315504357,69113500
2008-02-15,20.2862491607666,20.443285081735144,20.16490278864168,20.207730519547823,68166100
2008-02-19,20.185937881469727,20.666043663650076,20.114280036847642,20.637379979097357,68261200
2008-02-20,20.221759796142578,20.25042347173087,20.006787696267526,20.17159973062235,93056200
2008-02-21,20.135770797729492,20.752024766944064,20.03544930344308,20.508390366772222,98776500
2008-02-22,19.83481216430664,20.343580167272,19.490856215815178,20.236094104213347,125705400
2008-02-25,19.949464797973633,20.236094764400942,19.691497144809308,19.81331505138585,109974300
2008-02-26,20.336414337158203,20.680371653925533,19.827646331949815,19.87780640381437,108923500
2008-02-27,20.25043487548828,20.551396804851546,20.135782842088943,20.200274781721077,75199500
2008-02-28,20.01395034790039,20.25758608359036,19.920794784205317,20.078442240686506,83002900
2008-02-29,19.49085235595703,19.94229427810614,19.36186855912609,19.841974154686156,117411400
2008-03-03,19.340377807617188,19.627007811725473,19.254389489764534,19.519521731029823,76544300
2008-03-04,19.770322799682617,19.798985115702433,19.318879363223818,19.361874887392975,86925600
2008-03-05,20.150102615356445,20.357908788854125,19.849140866309384,19.884969092745774,106489800
2008-03-06,19.755992889404297,20.185938605804907,19.705832806396845,20.107114837216198,91127700
2008-03-07,19.9709529876709,20.114267218826914,19.576835776784478,19.59116760992773,77597600
2008-03-10,20.099943161010742,20.250424733708503,19.884971047738933,19.942297035728707,72175100
2008-03-11,20.981332778930664,21.02432692961282,20.336413684901295,20.350745524048484,98740700
2008-03-12,20.515552520751953,21.131807784696356,20.451061993993164,21.088813644604137,75993800
2008-03-13,20.508398056030273,20.773530311547077,20.1787725085178,20.4510720521272,84552200
2008-03-14,20.035446166992188,20.787851105938454,19.80614227324975,20.580043598009986,105214900
2008-03-17,20.27908706665039,20.587214764969424,19.54818106066591,19.56251153260961,84490100
2008-03-18,21.081653594970703,21.12464774703054,20.54422191056468,20.54422191056468,83695300
2008-03-19,20.508398056030273,21.20347602419999,20.508398056030273,21.052994409729585,61442100
2008-03-20,20.909679412841797,20.938341730494347,20.486899635079002,20.594385718105542,60170200
2008-03-24,20.902502059936523,21.067314054890417,20.82367833767207,21.01715400136175,48294700
2008-03-25,20.881013870239258,21.045827307423636,20.73769956121057,21.01716362556215,49149000
2008-03-26,20.46540069580078,20.830854450499316,20.336416856876635,20.80219213449374,45868100
2008-03-27,20.099943161010742,20.41523677833418,20.064114931051897,20.408070858990538,47894400
2008-03-28,19.999624252319336,20.37224388052302,19.94229826080796,20.22892821836485,49244000
2008-03-31,20.336414337158203,20.48689591951131,19.949464235089206,19.978126547543468,46780600
2008-04-01,21.138978958129883,21.16764263649051,20.515557621380385,20.658873279664693,65796200
2008-04-02,20.895349502563477,21.196311382919735,20.780697487833457,21.18914546115413,49499400
2008-04-03,20.780691146850586,21.009995106341226,20.637375488789232,20.780691146850586,38961400
2008-04-04,20.895349502563477,20.967007353459696,20.594387622207222,20.873851737266666,43860800
2008-04-07,20.895349502563477,21.20347730468534,20.80219525313027,21.17481361762292,44428600
2008-04-08,20.60154914855957,20.78069305419922,20.451068923866842,20.737698899538373,44733500
2008-04-09,20.701871871948242,20.80935932210217,20.451071466281622,20.580053946298868,45839300
2008-04-10,20.85951042175293,21.067316577938673,20.63737106272378,20.658868816850212,65591600
2008-04-11,20.264760971069336,20.78786089586513,20.214599524775785,20.68754073679735,54373700
2008-04-14,20.107105255126953,20.28624910435913,20.013951054900225,20.23608904525558,43418100
2008-04-15,20.243257522583008,20.408069556691544,20.085611407360833,20.15010331057883,34310000
2008-04-16,20.7448673248291,20.816523802330238,20.33641802257025,20.472567789989867,54107400
2008-04-17,20.938335418701172,21.02432507925692,20.709031479564892,20.866678962790548,48743300
2008-04-18,21.497264862060547,21.568922684952607,21.217800856216734,21.504430781025683,73658900
2008-04-21,21.798227310180664,21.92721112209003,21.58325520150461,21.6334152690784,54411700
2008-04-22,21.676416397094727,21.998876030697566,21.47577469543521,21.955880501710674,67387500
2008-04-23,22.536296844482422,22.54346139572416,21.712234042253336,21.819721445506943,98351500
2008-04-24,22.787105560302734,23.002077712721594,22.32849757287071,22.66528764279615,115416700
2008-04-25,21.375455856323242,21.776737917819432,21.210643751910858,21.533102038792492,145194900
2008-04-28,20.773521423339844,21.38261080842842,20.65170354632213,21.35394713536112,97473000
2008-04-29,20.52273178100586,20.70904166487655,20.386583354406476,20.637383806963214,84428900
2008-04-30,20.43674087524414,20.931177162480846,20.42957495367784,20.594387049423407,74733600
2008-05-01,21.06731414794922,21.131806036130655,20.40806479846264,20.422396632893836,71699400
2008-05-02,20.95267677307129,21.224976349540672,20.680378563361813,21.203478582947856,66024200
2008-05-05,20.838014602661133,21.662076119403206,20.773522701052173,21.447104025212838,119687700
2008-05-06,21.282299041748047,21.396951045511887,20.73053541940976,20.78069550021148,93582000
2008-05-07,20.931177139282227,21.59759280985198,20.83802289254313,21.275134540284537,88775000
2008-05-08,20.97416877746582,21.06015708669385,20.78069303156346,20.981334697694745,69589900
2008-05-09,21.060157775878906,21.17480976977457,20.744865476045614,20.931173941056386,51621200
2008-05-12,21.490097045898438,21.540257107466843,21.031489206691113,21.067317431594496,64278800
2008-05-13,21.418184280395508,21.669907975618408,21.238380857069867,21.576410799077223,70934700
2008-05-14,21.52605628967285,21.76339664586576,21.382213067584157,21.497287096538862,66730400
2008-05-15,21.90005874633789,21.9575957901792,21.533259577427796,21.562027413452785,53355800
2008-05-16,21.5692138671875,21.92162833663671,21.518869138950606,21.914436036632733,81538200
2008-05-19,21.188024520874023,21.497286479230628,21.08014279330071,21.482903254867285,59615000
2008-05-20,20.684579849243164,21.08014671452354,20.591081328641067,21.0729544151087,75767600
2008-05-21,20.31778907775879,20.89315954717345,20.274636635500542,20.720548406349053,60125100
2008-05-22,20.47600746154785,20.641427605961393,20.267436263847703,20.33935788683739,52203100
2008-05-23,20.173940658569336,20.375320957691834,20.102020396974424,20.324976225858975,48890700
2008-05-27,20.45443344116211,20.497585869417307,20.173939228025915,20.217093028072075,47334500
2008-05-28,20.26744270324707,20.547935613055493,20.166753222144823,20.54074331129229,52318500
2008-05-29,20.36093521118164,20.62704482820149,20.23866885284133,20.289013581841875,47699200
2008-05-30,20.368135452270508,20.641437475956373,20.281830560847666,20.41128789798193,63399200
2008-06-02,19.994131088256836,20.3968915621585,19.814327746197726,20.310585354382248,77028400
2008-06-03,19.641721725463867,20.36093527762664,19.61295389670867,20.073250131119728,86616700
2008-06-04,19.807132720947266,19.879052945455754,19.56260011660542,19.620137119286422,79567400
2008-06-05,20.353750228881836,20.353750228881836,19.850301386079725,19.936606274883985,76063400
2008-06-06,19.77117919921875,20.26024460486051,19.77117919921875,20.130785953744645,78500800
2008-06-09,19.929407119750977,20.07325038068831,19.63452966944134,19.886254690186174,66787100
2008-06-10,20.058868408203125,20.346554967768398,19.648916844151152,19.677686048824153,77433900
2008-06-11,19.505075454711914,20.094830448275523,19.497883153352454,20.030101107831594,59330800
2008-06-12,20.310598373413086,20.53355427637905,19.55542440141689,19.706458647099524,113996300
2008-06-13,20.907533645629883,21.26714035125624,20.497582220702352,20.59107936057729,131969100
2008-06-16,20.806840896606445,20.936299509521255,20.598268382068028,20.87157020306385,74718900
2008-06-17,20.71335220336914,20.943501719585765,20.7061612741731,20.885964683479397,44256700
2008-06-18,20.46881675720215,20.756503271580275,20.46881675720215,20.53354608575813,49677800
2008-06-19,20.806840896606445,20.99383651839556,20.37531264415391,20.533539075610623,62037800
2008-06-20,20.303394317626953,20.799651956646215,20.209897177534696,20.785267359157952,97480400
2008-06-23,20.116405487060547,20.43285988015737,19.986948181139795,20.35374593893537,57145300
2008-06-24,19.94379234313965,20.145172640383755,19.785565848599237,20.08044330811926,65218300
2008-06-25,20.389705657958984,20.61985378848131,19.965369527886796,20.00132965885926,64280200
2008-06-26,19.958179473876953,20.281826176223877,19.958179473876953,20.159559796647397,67049100
2008-06-27,19.871877670288086,20.073258038063017,19.749611263387507,19.90783918513621,73450200
2008-06-30,19.785560607910156,20.123590408807377,19.771176010819037,19.943787060540426,57830500
2008-07-01,19.325265884399414,19.692063534432826,19.016003883344265,19.61295098824463,100327800
2008-07-02,18.61324691772461,19.41876673398153,18.61324691772461,19.346845101349317,84669000
2008-07-03,18.685169219970703,18.771475456580497,18.411868652323363,18.67797691927063,37074500
2008-07-07,18.721132278442383,18.980048266195052,18.303988405727914,18.778669317030886,71527600
2008-07-08,18.591676712036133,18.84340181243648,18.347143914137675,18.649213760259805,65553200
2008-07-09,18.145761489868164,18.591674591587157,18.109801353251544,18.548522153288957,54255800
2008-07-10,18.303987503051758,18.462214008419274,17.965956217697272,18.124184094855927,57830600
2008-07-11,18.160137176513672,18.44062994541554,17.886836705761926,18.095407864953145,69532600
2008-07-14,18.088224411010742,18.56290534668865,18.0306873694677,18.325564878849697,51216200
2008-07-15,18.80743980407715,19.159854386629803,17.929999498851643,17.929999498851643,92719300
2008-07-16,19.60576629638672,19.627343201968685,18.642019795719932,18.793054019419753,82060400
2008-07-17,19.79276466369629,20.07325761463732,19.497887107119432,19.835917108812254,96526100
2008-07-18,18.59886360168457,19.037582952287156,18.059453417151175,18.9584703913735,150277000
2008-07-21,18.440637588500977,18.821821317703105,18.361525019641046,18.45502219076321,77575600
2008-07-22,18.555706024169922,18.656396837615702,18.32555794507801,18.36871173875081,88657200
2008-07-23,19.00881576538086,19.303693233156174,18.591671930104233,18.598864230756202,79408800
2008-07-24,18.296789169311523,18.82181461890265,18.296789169311523,18.76427760212267,81092600
2008-07-25,18.814632415771484,18.857784858563267,18.339951429687588,18.44064092013223,58682300
2008-07-28,18.339948654174805,18.778669433502763,18.224874576284062,18.742707926792395,59707800
2008-07-29,18.778663635253906,18.83620065643369,18.268021371966377,18.35432758963145,66368200
2008-07-30,18.864973068237305,19.05196877548821,18.627632626686374,18.84339753741794,51977700
2008-07-31,18.4981746673584,18.900935300859626,18.490982366211107,18.591673210482003,60461000
2008-08-01,18.296789169311523,18.663588165705384,18.030679609334953,18.642011269991386,82720200
2008-08-04,18.181724548339844,18.37591122313256,18.059458152911855,18.260837129999324,60588300
2008-08-05,18.850587844848633,18.900933949279487,18.33994684602682,18.44063631130637,84297600
2008-08-06,19.43315887451172,19.533848376187542,18.972861070154575,19.22458619613571,95550000
2008-08-07,19.699256896972656,19.958174190306462,19.22457610705458,19.34684245426323,82565800
2008-08-08,20.23147964477539,20.303401285107192,19.55541979231355,19.670493868127956,80814100
2008-08-11,20.066055297851562,20.425662028536326,19.893444231737774,20.037287472728007,68743800
2008-08-12,20.224285125732422,20.396896208817175,19.835909159948514,19.979752415081283,62813000
2008-08-13,20.073251724243164,20.497587863440124,19.965369957214858,20.18832579197884,51165200
2008-08-14,20.073251724243164,20.339361363251346,19.821526686649715,20.008522389667963,49732300
2008-08-15,20.001327514648438,20.245860220061434,19.83590873504286,20.123593867354938,47267400
2008-08-18,19.91502571105957,20.17394168390086,19.814334870485222,19.979755047217676,38078200
2008-08-19,19.7272891998291,20.037784824681705,19.691185633932974,19.88614819520267,40332900
2008-08-20,19.705625534057617,19.915028673255254,19.618975056872745,19.886146099035372,41497200
2008-08-21,19.626190185546875,19.66229373685904,19.39512415171975,19.568423677090095,43614200
2008-08-22,20.102764129638672,20.131646695099484,19.655072658267454,19.662293643948203,47930400
2008-08-25,19.97278594970703,20.10276091666258,19.828369013698207,19.936682404335812,51381300
2008-08-26,19.691181182861328,20.016117334264887,19.618972690128608,19.915026270796552,44774400
2008-08-27,19.90058135986328,20.066661281817137,19.590085851019335,19.74172380110551,33975300
2008-08-28,20.174976348876953,20.225521880749287,19.929468299272095,19.936689286291347,48372600
2008-08-29,19.705625534057617,20.059445676142502,19.705625534057617,19.987237174698876,50735500
2008-09-02,19.56842613220215,20.04500023107853,19.53954218571879,19.98001272875335,66079200
2008-09-03,19.424009323120117,19.626192818473623,19.380684780280934,19.496217812693683,57127700
2008-09-04,19.0268611907959,19.4167847590327,19.0268611907959,19.30847273325926,66141900
2008-09-05,18.521406173706055,18.93299276332538,18.506964200707607,18.79579815162717,82305200
2008-09-08,18.86078643798828,19.012423028997215,18.535848918308556,18.92577256466182,62110800
2008-09-09,18.846342086791992,19.207383117660566,18.810237157347792,18.91855056841815,85735700
2008-09-10,19.091838836669922,19.395113178804078,18.95464294023124,19.14960531244493,75064900
2008-09-11,19.741718292236328,19.82836734473877,18.795791435057193,18.846336945227257,72913300
2008-09-12,19.94390869140625,20.030557774239604,19.452892631142777,19.597308228285815,75628500
2008-09-15,19.366243362426758,19.850038466006012,19.301255857672647,19.438451854071594,82349400
2008-09-16,18.76691436767578,19.127955432180347,18.42753626285594,18.839122856029167,111729700
2008-09-17,17.741558074951172,18.680265689420413,17.69101254518406,18.579173252623793,106972100
2008-09-18,18.23979949951172,18.304787018247037,17.33719660292422,17.907640917390903,132291300
2008-09-19,18.16758918762207,19.06297100682098,16.968932770205576,19.041309420902817,134926100
2008-09-22,18.34088706970215,19.005202729420294,18.283120550477197,18.932994236073494,105207700
2008-09-23,18.369766235351562,18.896885758200728,18.297557760804338,18.528623777545775,92181300
2008-09-24,18.571950912475586,18.839121892540486,18.384209403263387,18.470859860308362,80250300
2008-09-25,19.214603424072266,19.409564527127678,18.586391446580734,18.644157954386447,96203500
2008-09-26,19.785043716430664,19.900576709851947,18.87522036029162,18.89688331303133,100744300
2008-09-29,18.05927848815918,19.97279630769474,18.05927848815918,19.452897547512542,134383100
2008-09-30,19.272369384765625,19.272369384765625,18.44197534215878,18.608053875227718,107192700
2008-10-01,19.120729446411133,19.488991401193395,18.976313884724874,19.048520976937002,88957000
2008-10-02,18.954660415649414,19.15684395589758,18.55751570070279,18.904114874903048,93819800
2008-10-03,19.005205154418945,19.83559949070647,18.94743862782319,19.04131009433044,114289400
2008-10-06,17.987058639526367,18.766906976635166,17.431055288619234,18.506957071844962,146374600
2008-10-07,16.77396011352539,18.203681766592343,16.708972640453098,18.03760328085726,145941200
2008-10-08,16.615110397338867,17.546595652451728,16.246848336441374,16.53568092030341,171598600
2008-10-09,16.102426528930664,17.26497887990271,15.936348015152369,17.16388785017018,131948700
2008-10-10,15.524765014648438,16.13853506974979,14.910994959547088,15.734169482908667,228467500
2008-10-13,18.413095474243164,18.413095474243164,16.340719024676005,16.506798971751387,144935400
2008-10-14,17.402183532714844,18.579177064036177,17.041142386298613,18.514189547500244,165674900
2008-10-15,16.36237335205078,17.510483515406847,16.232398408687946,17.171105567829677,113280200
2008-10-16,17.46717071533203,17.46717071533203,15.387572980462979,16.564567866546454,161147800
2008-10-17,17.2794246673584,18.13148175556223,16.831733164700317,17.01947467373356,133673100
2008-10-20,17.849870681762695,17.871533642598504,16.61511083663277,17.474389001445733,93484300
2008-10-21,16.867841720581055,18.059277151967752,16.802854208208817,17.546598040727062,100385600
2008-10-22,15.546428680419922,16.651213452592376,15.09151616942697,16.63677285678078,150054800
2008-10-23,16.116865158081055,16.311827569814707,15.08428798918991,15.560861855253254,154774100
2008-10-24,15.856927871704102,16.50680309371066,15.127625904363933,15.20705402696034,153919700
2008-10-27,15.293700218200684,15.856923415993261,15.178167183922083,15.6475203078367,117683900
2008-10-28,16.680097579956055,16.759525678200994,15.409232858150965,15.625856947564245,134088800
2008-10-29,16.607885360717773,17.3083043779424,16.391261319961064,16.701755411109133,111701800
2008-10-30,16.340721130371094,17.243323966007786,16.167421551200366,17.1061293266201,95323000
2008-10-31,16.124086380004883,16.54289376478702,15.97244986458491,16.268503289486333,93055200
2008-11-03,16.333492279052734,16.542895302274747,16.037437449374416,16.23239988211556,61923500
2008-11-04,16.990585327148438,17.08445535558053,16.514011447160204,16.701751504024394,72123000
2008-11-05,15.943574905395508,16.8533986417817,15.921911943602087,16.846177654517223,81179700
2008-11-06,15.077070236206055,15.943569111375298,15.062629644187432,15.791932565714777,95509700
2008-11-07,15.524765014648438,15.553648959482523,15.16372396779615,15.394790017419647,71256300
2008-11-10,15.380346298217773,15.86414130114451,15.300918213469478,15.7774922310078,67106800
2008-11-11,15.308136940002441,15.380344028707505,15.012083469073488,15.373124421646546,78014500
2008-11-12,14.658270835876465,15.163729020808518,14.643830235909673,15.084299523308772,90162300
2008-11-13,15.344240188598633,15.344240188598631,13.531814476344493,14.549949832795262,148413700
2008-11-14,14.484964370727539,15.409229816100318,14.188910864253074,14.846005366648798,96624500
2008-11-17,13.950624465942383,14.614939982285456,13.827870466924788,14.253898970735136,97289000
2008-11-18,14.263226509094238,14.292304739949929,13.630758695521358,14.175989043342211,108966500
2008-11-19,13.29634952545166,14.503125746258178,13.267269912134742,14.27049299949967,103010500
2008-11-20,12.743850708007812,13.696185960011404,12.722040995699054,13.17276534393306,139532800
2008-11-21,14.306842803955078,14.321382610906035,13.070986944970059,13.100066558871971,157231900
2008-11-24,15.041080474853516,15.22282383017744,14.444962491245732,14.459500905861908,125289900
2008-11-25,14.53220272064209,15.215558322185103,14.212333934682698,15.164670389858141,92948100
2008-11-26,14.895689964294434,15.033815346431428,14.343189822338656,14.343189822338656,79678300
2008-11-28,14.699400901794434,14.764828615396695,14.554007061138469,14.706670801815978,28650800
2008-12-01,13.528984069824219,14.503129159741071,13.521714164783932,14.452239824459056,79639900
2008-12-02,13.921546936035156,14.03786262427939,13.492632315662407,13.805231247790925,79689800
2008-12-03,14.444963455200195,14.466771771875672,13.521706815761044,13.55805493461474,80961500
2008-12-04,13.89246940612793,14.481317780810295,13.659838017936993,14.1032910817038,78719200
2008-12-05,14.444963455200195,14.524929593996697,13.42719948819447,13.747068203156037,91996200
2008-12-08,15.273719787597656,15.448193334157038,14.641251968051472,14.793917187911237,107225000
2008-12-09,14.975655555725098,15.44818809058943,14.873878314833934,14.990195359651267,80484900
2008-12-10,14.982928276062012,15.237367959671415,14.757565432590422,15.135592086227653,61499000
2008-12-11,14.139636039733887,14.626708371547954,14.037858800300498,14.619438469688998,83564300
2008-12-12,14.074211120605469,14.430428063288725,13.59440859482049,13.921545924259915,78112600
2008-12-15,13.841584205627441,14.132373498478287,13.732537007539744,14.059675828617396,59925900
2008-12-16,14.619446754455566,14.670334709714206,13.812505216517733,13.965169082293654,97688700
2008-12-17,14.292302131652832,14.575821417068767,14.175986456272335,14.40134790399802,78922700
2008-12-18,14.030591011047363,14.554012930968586,13.805229565854729,14.437697256895472,80759200
2008-12-19,13.899740219116211,14.394081258046393,13.892470314435872,14.117831813156217,113530400
2008-12-22,13.943360328674316,14.023327905426234,13.732537221452988,13.986978376633205,58575400
2008-12-23,14.016053199768066,14.226874848199243,13.819769971282572,14.016053199768068,47511400
2008-12-24,13.936081886291504,14.139634963066662,13.885193963745689,14.001509611448094,16880400
2008-12-26,13.907004356384277,14.052399631005278,13.877926133415338,13.957893673116098,23101000
2008-12-29,13.783421516418457,13.965164952362322,13.550790140265088,13.92154691598166,58512800
2008-12-30,14.059666633605957,14.168712373785102,13.812495549684261,13.819765450575114,43224100
2008-12-31,14.132369995117188,14.306843527576365,14.00878440296789,14.03786263174823,46419000
2009-01-02,14.779377937316895,14.830265883661529,14.081483724717549,14.197799426817438,50084000
2009-01-05,14.917498588562012,15.026544351125024,14.583090011897728,14.684867258669692,61475200
2009-01-06,15.091973304748535,15.266446816257556,14.982927533379424,15.0847034017783,58083400
2009-01-07,14.183257102966309,14.75029709012153,14.161447392716852,14.677599442548967,72709900
2009-01-08,14.62671184539795,14.67759978390455,14.212335660574931,14.270493502667092,70255400
2009-01-09,14.19052791595459,14.757566552863048,14.110560359839853,14.663060575575768,49815300
2009-01-12,14.154175758361816,14.386808479463415,14.030590188579644,14.32864925924392,52163500
2009-01-13,14.408616065979004,14.532201629461442,14.190524547641552,14.190524547641552,65843500
2009-01-14,13.877927780151367,14.306842365926427,13.819769940720459,14.197796590317504,80257500
2009-01-15,13.986973762512207,14.030591796082073,13.46355319989695,13.863388178570679,96169800
2009-01-16,14.32864761352539,14.474042874190484,13.921542824891887,14.270489786577748,79634100
2009-01-20,13.434473037719727,14.263223961250286,13.3545068772066,14.146906898827842,89873000
2009-01-21,14.088750839233398,14.139640167100708,13.419934925493783,13.717995442346977,68340900
2009-01-22,12.438520431518555,13.216382067463652,12.409440817999121,13.12187471011778,222436600
2009-01-23,12.503947257995605,12.71476889417546,12.176808562863881,12.336742265710397,117020600
2009-01-26,12.816551208496094,12.947406752378605,12.525761881308783,12.569381320331546,92476500
2009-01-27,12.838356971740723,13.063718457539405,12.671153333457587,12.925594436310272,61695000
2009-01-28,13.114604949951172,13.310886776228962,12.911051834390614,12.940130058560888,64145500
2009-01-29,12.78746509552002,13.056444537578754,12.765655389437407,12.925590460859173,49192800
2009-01-30,12.43124771118164,12.932859837986788,12.43124771118164,12.8965103293244,62370900
2009-02-02,12.961942672729492,13.180034255975732,12.358554480049593,12.380364193011205,88871700
2009-02-03,13.44901180267334,13.528979343587904,12.79473583013198,12.976479232870808,86865100
2009-02-04,13.54351806640625,13.812498918605966,13.449012104958442,13.478091715614477,75618000
2009-02-05,13.841584205627441,13.914280488895612,13.267274138978392,13.45628752597962,75195200
2009-02-06,14.292302131652832,14.488585353829507,13.856117655679855,13.928815299440721,86746000
2009-02-09,14.132369995117188,14.372271275572604,14.00151449912471,14.277763912203646,52196400
2009-02-10,13.667107582092285,14.394081419152354,13.594411307660321,13.994246363406337,83953200
2009-02-11,13.965167999267578,14.168721191108979,13.754346288603877,13.768886099433836,58599000
2009-02-12,14.001517295837402,14.045135341016525,13.478096593909962,13.790694202051773,75323200
2009-02-13,13.877927780151367,14.154177170800121,13.841579650479149,14.008783265518982,47416000
2009-02-17,13.241124153137207,13.541226908060315,13.09473195244811,13.53390715841591,75853300
2009-02-18,13.26308536529541,13.504631554916864,13.175249752660472,13.336280080374875,54946900
2009-02-19,13.109369277954102,13.453389077599113,13.036173189746856,13.394832486253168,49195600
2009-02-20,13.17524528503418,13.314317709506213,12.926379429073373,13.006895263678112,69413800
2009-02-23,12.597001075744629,13.285042236037762,12.560403720919295,13.189888275832136,70803400
2009-02-24,12.567721366882324,12.699474055953441,11.974835662161661,12.46524767364895,122674500
2009-02-25,12.414008140563965,12.61895690182676,12.048029107229896,12.4506068815569,105894600
2009-02-26,12.018754005432129,12.50184631802725,12.018754005432129,12.479887068873104,83219500
2009-02-27,11.821125984191895,12.091951163024484,11.784528628503535,11.92360109309863,93428000
2009-03-02,11.557619094848633,11.894319869855767,11.506382248015923,11.682052035484945,80602100
2009-03-03,11.62349796295166,11.887002701358181,11.447828137347313,11.733292127491755,80476600
2009-03-04,11.79916763305664,12.004115050052691,11.630816872160223,11.79916763305664,69285100
2009-03-05,11.177000045776367,11.623494216451963,11.177000045776367,11.608854720011971,89708500
2009-03-06,11.18432331085205,11.433189259722232,10.88422050123208,11.235560869651712,92821400
2009-03-09,11.089167594909668,11.5210230891545,11.052570239573509,11.125765648295635,66479100
2009-03-10,12.06266975402832,12.165144842482244,11.162361581229096,11.250196473840019,95184200
2009-03-11,12.523801803588867,12.589678135154955,12.02607014113357,12.172460903203365,84522200
2009-03-12,12.450608253479004,12.472567500494437,12.062669932802574,12.450608253479004,93694100
2009-03-13,12.187103271484375,12.479886260749879,11.843083433609834,12.428649412140842,82965800
2009-03-16,11.894318580627441,12.414008137714925,11.886998832430534,12.311534455156654,67028900
2009-03-17,12.370091438293457,12.370091438293457,11.901638707577261,11.945555802057088,62481000
2009-03-18,12.414008140563965,12.604317405429585,12.150504185910902,12.465246377954076,70710700
2009-03-19,12.545764923095703,12.772673003238038,12.384734598307311,12.714116394578653,58994600
2009-03-20,12.487207412719727,12.919062893935259,12.355454703725215,12.677516726145178,81725500
2009-03-23,13.416794776916504,13.607104091012431,12.670197020716996,12.714115521269612,71600000
2009-03-24,13.124009132385254,13.328956509630315,13.058132790813827,13.204524971216841,50044100
2009-03-25,13.087411880493164,13.402154126953759,12.82390788028153,13.160607979035076,73927100
2009-03-26,13.782771110534668,13.819368457475667,13.263081524256124,13.299678871197125,63775100
2009-03-27,13.270405769348145,13.629066629906127,13.21184915058152,13.570510011139502,47670400
2009-03-30,12.794626235961914,12.99957499026741,12.640915717307172,12.984935494367196,49633000
2009-03-31,13.446075439453125,13.753498000826298,13.014219903331293,13.050817262216295,92423300
2009-04-01,14.134111404418945,14.170710149368382,13.306999313952835,13.343596662802904,96438900
2009-04-02,14.119474411010742,14.558648216087084,13.907205861937628,14.273184963567566,99082300
2009-04-03,13.724214553833008,14.016997518428251,13.489988182156813,14.002358021173665,81858400
2009-04-06,13.731534957885742,13.73153495788574,13.372875634624842,13.57050466869698,47476100
2009-04-07,13.731534957885742,14.009678438502577,13.636379617288327,13.73153495788574,65815200
2009-04-08,14.046279907226562,14.361022193761286,13.87792844031521,13.885248190711325,56408900
2009-04-09,14.397612571716309,14.419571812261918,14.068230944026977,14.236582329345392,55759600
2009-04-13,14.339059829711914,14.529369110397802,14.178029544254317,14.412255921683307,44444700
2009-04-14,14.16339111328125,14.309781912149353,13.907205470137772,14.2292674614067,63796300
2009-04-15,13.782771110534668,14.090193571576675,13.548544739473956,14.06091457714444,72725500
2009-04-16,14.463496208190918,14.478135709287894,13.899887980854357,14.024320947979316,67688700
2009-04-17,14.053596496582031,14.412255808721453,13.907204313786654,14.412255808721453,61398500
2009-04-20,13.621747016906738,13.870612998226791,13.592468009174999,13.826694486629183,62937200
2009-04-21,13.885242462158203,13.965758287197879,13.592459547603553,13.607099042356051,60928300
2009-04-22,13.746171951293945,14.046274624162262,13.687615366248886,13.731532456007903,59401000
2009-04-23,13.848649978637695,13.863289478524838,13.519268211674769,13.848649978637695,86116300
2009-04-24,15.305248260498047,15.517516842052677,14.273187147662718,14.507413585171488,168478500
2009-04-27,14.931944847106934,15.239367302610573,14.844110657591191,15.041738282051247,68219600
2009-04-28,14.587921142578125,14.836786939791816,14.48544748352504,14.822147446755977,76685200
2009-04-29,14.822149276733398,15.290601942925369,14.683076867920507,14.719675605028673,79301600
2009-04-30,14.829473495483398,15.444318503295703,14.646483943065439,15.078339398459784,87439900
2009-05-01,14.814831733703613,14.895347571222965,14.536688270790185,14.778234387248967,63224500
2009-05-04,14.778240203857422,14.931950794785443,14.624528216829574,14.909992936709914,54313400
2009-05-05,14.48544979095459,14.81483006013555,14.37565497179515,14.74163397939563,66835500
2009-05-06,14.48544979095459,14.690397141707422,14.353697124842558,14.683077394023519,59639100
2009-05-07,14.141429901123047,14.631841871222413,14.00967722317109,14.60988262619734,68727200
2009-05-08,14.214627265930176,14.375657555621682,14.009678482241503,14.243904865828918,67597600
2009-05-11,14.141429901123047,14.44153260263617,13.914523286927592,14.053595713221238,63762600
2009-05-12,14.558650016784668,14.683082982573412,14.251227477547754,14.280506479427293,71966800
2009-05-13,14.456178665161133,14.639168268517604,14.397622047931058,14.580611651287528,49281700
2009-05-14,14.68308162689209,14.807514581192004,14.492772320545193,14.514731569927362,54539500
2009-05-15,14.800188064575195,15.005136776805207,14.624518338134708,14.734311742647654,61289900
2009-05-18,15.078335762023926,15.078335762023926,14.814830423339698,14.902666001600824,46073800
2009-05-19,14.960480690002441,15.277221774760465,14.91628468432816,15.107802582204304,51368300
2009-05-20,15.012042999267578,15.24039207371875,14.894186046954706,15.034141704688377,47450700
2009-05-21,14.599546432495117,14.901555105642176,14.371198719742306,14.835260381783948,58232800
2009-05-22,14.54798412322998,14.857359031669459,14.341733715948342,14.680573570413465,37318700
2009-05-26,14.982583045959473,15.06361024691005,14.327003416351436,14.393298143498996,44991700
2009-05-27,14.827896118164062,15.174102256591484,14.783700098033425,14.916289563391487,42892900
2009-05-28,15.063608169555664,15.196196200600129,14.768964353992395,14.96784850800785,45480800
2009-05-29,15.387716293334961,15.424547477968304,14.953118149423787,15.144636094619052,46134900
2009-06-01,15.763388633728027,15.837049610584467,15.3656216066493,15.46874613126855,57317100
2009-06-02,15.763388633728027,16.19062061353584,15.616068084981427,15.733925085965218,48935700
2009-06-03,16.006473541259766,16.02857226225042,15.682367396530267,15.697098472224019,56039600
2009-06-04,16.08011817932129,16.131680404205564,15.895966573325872,16.03592218727266,42330000
2009-06-05,16.308473587036133,16.433696795277513,16.06539340691651,16.175884142431624,59579200
2009-06-08,16.242172241210938,16.4410563270132,15.932797464951427,16.190610012661914,49000600
2009-06-09,16.2642822265625,16.441067734953076,16.11696026708719,16.249549749621703,50887700
2009-06-10,16.61048126220703,16.662044913672954,16.293741547282856,16.33057132193553,61297200
2009-06-11,16.816726684570312,17.13346771087729,16.62520882203666,16.639941289531272,65124600
2009-06-12,17.185028076171875,17.221857835943954,16.750430167028036,16.868287084257016,50963500
2009-06-15,17.251333236694336,17.339726680740213,16.956690764818294,17.111377535690917,69089600
2009-06-16,17.27342987060547,17.759590241947578,17.266063634074108,17.28816093870223,105295600
2009-06-17,17.442848205566406,17.54597270180959,17.067178591438672,17.310258764701807,86483100
2009-06-18,17.310260772705078,17.450216465959997,17.162938842440315,17.398654211857146,58852200
2009-06-19,17.730127334594727,17.929011528913108,17.494413358350478,17.708030027425654,115459000
2009-06-22,17.148204803466797,17.641731357923376,17.12610609626457,17.641731357923376,71291600
2009-06-23,17.192398071289062,17.428111957327705,17.096638426982373,17.2218616045611,56752700
2009-06-24,17.288156509399414,17.494406864537368,17.207130738245535,17.273425445076818,54287700
2009-06-25,17.52387809753418,17.619636372371772,17.089279932187804,17.25869917495914,57724300
2009-06-26,17.19976806640625,17.450214476321314,17.17766935789637,17.361821047247687,65126400
2009-06-29,17.5754337310791,17.70065690789186,17.34708467603105,17.383915848602786,62854900
2009-06-30,17.50914192199707,17.85534657165147,17.4060160267014,17.6564624217589,66452400
2009-07-01,17.708026885986328,17.899543403984772,17.649096997413423,17.715391717092068,54908400
2009-07-02,17.214500427246094,17.70802700770964,17.09664205425601,17.501776611184347,65422200
2009-07-06,17.089282989501953,17.14821149339818,16.846202735309223,17.09664782314342,49207700
2009-07-07,16.595752716064453,17.045081935932487,16.544189056766495,17.00088591864315,52842500
2009-07-08,16.617849349975586,16.713609022689063,16.20534992704138,16.43369764625921,73023400
2009-07-09,16.529457092285156,16.80200082326673,16.477894840746263,16.684143846901836,46981200
2009-07-10,16.492624282836914,16.603116416629327,16.315838835721237,16.345303779390104,43229200
2009-07-13,17.111373901367188,17.155571316486,16.30847245793121,16.51472284692151,67584000
2009-07-14,17.02298355102539,17.104009343426895,16.83883185152911,17.08927827524133,45448700
2009-07-15,17.76695442199707,17.76695442199707,17.35445365378261,17.49440932174701,67238700
2009-07-16,18.002670288085938,18.002670288085938,17.575438407340084,17.627000657694005,64555100
2009-07-17,17.892173767089844,18.010030702647853,17.752218129252647,17.97319953218254,52860100
2009-07-20,18.06895637512207,18.06895637512207,17.789045142750517,18.002661683505927,47798000
2009-07-21,18.289945602416992,18.289945602416992,17.95110717076102,18.186821106689674,52028400
2009-07-22,18.267841339111328,18.341502272931425,18.054226176495046,18.194181810256687,66192500
2009-07-23,18.827667236328125,18.945524198295296,18.297310907475858,18.363605624203117,106060500
2009-07-24,17.27342987060547,17.59753584818957,16.80200056736012,17.391286845175316,215135700
2009-07-27,17.02298355102539,17.273429974737613,16.868295392866212,17.266063738161844,80950000
2009-07-28,17.288156509399414,17.3470849815866,16.868290969445013,16.9345856762763,70288400
2009-07-29,17.531230926513672,17.612258076259447,17.192392672967955,17.47966870575368,73626900
2009-07-30,17.538606643676758,17.99530345518312,17.464945686341423,17.825884236787978,67820000
2009-07-31,17.32499122619629,17.73012437972662,17.31025875389478,17.50914291506751,54258200
2009-08-03,17.5533390045166,17.57543771306645,17.310258830331854,17.545972768333318,46902900
2009-08-04,17.50914192199707,17.523874393462997,17.33235647930339,17.442847205366213,49218300
2009-08-05,17.538606643676758,17.862714012972695,17.523875576182412,17.56070535236713,53310300
2009-08-06,17.280790328979492,17.663826101880904,17.140836085199272,17.626996333510444,59686000
2009-08-07,17.354454040527344,17.545971957545085,17.31025803043581,17.49440971161066,46169700
2009-08-10,17.251333236694336,17.347091513191753,17.16293979264846,17.280796781398877,35261900
2009-08-11,17.037710189819336,17.236594310762104,16.97878171749914,17.177665838441907,33615800
2009-08-12,17.332351684570312,17.60489530646582,16.964048429602553,17.03770795662377,61972300
2009-08-13,17.398649215698242,17.56806840337643,17.236594857948976,17.406014045627167,38954500
2009-08-14,17.45020866394043,17.53123442488984,17.317619266976312,17.398646432891145,46330200
2009-08-17,17.126113891601562,17.383926639780253,17.111381413427594,17.177676160244012,42474400
2009-08-18,17.466848373413086,17.518700538792043,17.23721674979247,17.252032057862326,38878900
2009-08-19,17.51870346069336,17.570555634720616,17.222404314204926,17.222404314204926,41821300
2009-08-20,17.533517837524414,17.681668109312096,17.437221149868414,17.481665666258436,39505900
2009-08-21,18.081668853759766,18.08907650751779,17.60759031616984,17.72610995056732,69011400
2009-08-24,18.25204086303711,18.318708334766182,17.985372388986324,18.08166906322526,54180900
2009-08-25,18.25204086303711,18.385375806495254,18.118705919578964,18.222411660527246,43980300
2009-08-26,18.185375213623047,18.33352547961468,18.08907852973444,18.215005831967634,41079000
2009-08-27,18.289079666137695,18.355747139812877,18.000186809256732,18.081669591052073,45495600
2009-08-28,18.281667709350586,18.88167341834584,18.22981555599936,18.57055908537326,55808000
2009-08-31,18.259450912475586,18.407601183058365,17.992782403438554,18.200191086815614,49592800
2009-09-01,17.77796745300293,18.32612127992661,17.703892306042235,18.037229760932405,62608500
2009-09-02,17.67426109313965,17.88166978569879,17.615001264856215,17.644630472565055,40771300
2009-09-03,17.85944938659668,17.88167094059706,17.60018709128739,17.711299099886844,34120000
2009-09-04,18.237239837646484,18.37057346232836,17.837234725001352,17.84464238407254,44999700
2009-09-08,18.3853759765625,18.400191284387226,18.081669230483175,18.237227136911777,53737100
2009-09-09,18.355745315551758,18.481672596326923,18.27426254185447,18.32611470225623,49900300
2009-09-10,18.51871109008789,18.555747947121855,18.259448852253556,18.370560836220974,46256000
2009-09-11,18.415006637573242,18.644638257960093,18.37796836792019,18.466858802222,54303500
2009-09-14,18.51871109008789,18.585378563041452,18.252041198273655,18.259448852253556,42806800
2009-09-15,18.66685676574707,18.718708918023644,18.41500224366213,18.49648359172595,44716600
2009-09-16,18.66685676574707,18.777968722463324,18.481669700264916,18.703893613697428,50055800
2009-09-17,18.740934371948242,18.8001941887525,18.563154921535475,18.563154921535475,42428800
2009-09-18,18.71131134033203,18.87427553706741,18.59279166763977,18.85946022476439,68016500
2009-09-21,18.740934371948242,18.79278794790926,18.59278553637034,18.600193190079057,28878700
2009-09-22,19.08909034729004,19.12612720940064,18.733531384711647,18.815012763928117,61376700
2009-09-23,19.04464340209961,19.444648273326408,18.992791232762578,19.20020132297636,60599900
2009-09-24,19.215015411376953,19.34094270585155,19.007605334340692,19.200200103117457,56302900
2009-09-25,18.926118850708008,19.12612123450333,18.903897305529828,19.02982457537889,50158900
2009-09-28,19.13353729248047,19.377984286882146,18.963165444566005,18.963165444566005,44358000
2009-09-29,19.074275970458984,19.229832494372584,19.029831451178783,19.192795630450046,39050300
2009-09-30,19.052051544189453,19.252053984920362,18.800196932794755,19.08168216334915,63533400
2009-10-01,18.42982292175293,18.866864670257034,18.370563095491306,18.82242015377724,75958100
2009-10-02,18.48908805847168,18.58538618684674,18.09649212655122,18.11871368474076,51219700
2009-10-05,18.25204086303711,18.563155260150946,18.163151842642016,18.503895442265716,60804900
2009-10-06,18.60019874572754,18.674272479208653,18.26686129359891,18.281676605441497,48795300
2009-10-07,18.592792510986328,18.652052350020416,18.429826893993084,18.511309702489708,38472700
2009-10-08,19.0150146484375,19.18538646969809,18.681677247827054,18.84464282717691,60521300
2009-10-09,18.926118850708008,19.10389968932515,18.8594513894429,18.940934156070316,39520000
2009-10-12,19.052051544189453,19.1779788498868,18.926124238492104,19.00760702831559,29145800
2009-10-13,19.118722915649414,19.215021034652217,18.903906534482957,18.95575871570017,37749000
2009-10-14,19.229833602905273,19.407614516006113,19.12612924765135,19.363168581297966,45365500
2009-10-15,19.78539276123047,19.78539276123047,19.185386841373532,19.185386841373532,65620100
2009-10-16,19.629837036132812,19.726133728234036,19.33353789174547,19.592800172909058,56500900
2009-10-19,19.526134490966797,19.689098682204076,19.444651688915208,19.622431191955666,48143200
2009-10-20,19.53354263305664,19.637246992528294,19.21502048568978,19.570579500620536,54604700
2009-10-21,19.689090728759766,19.815018002486443,19.54834814921458,19.600200306714036,61672700
2009-10-22,19.696502685546875,19.7927993686783,19.35575764159168,19.674279721963178,61600000
2009-10-23,20.755779266357422,21.740974997611108,20.652073485843424,21.62986297329315,281761000
2009-10-26,21.244670867919922,21.49652551436038,20.82244437620088,20.83725827497641,124149700
2009-10-27,21.17800521850586,21.392821604507674,21.06689319727278,21.281709583274594,69685800
2009-10-28,20.755779266357422,21.311340800813245,20.703927082533447,20.918743474499355,73542400
2009-10-29,20.903921127319336,21.044663730959634,20.62984498708175,20.792809140388812,65225500
2009-10-30,20.540956497192383,21.03725807120819,20.489104325900023,20.763181904986958,73371800
2009-11-02,20.652067184448242,20.777994483683045,20.3039159043829,20.518733643669286,62428900
2009-11-03,20.392799377441406,20.54835582830538,20.318724271516366,20.474280722380335,50294800
2009-11-04,20.785404205322266,21.029851173693775,20.45947585607075,20.511328029230505,63898400
2009-11-05,21.089109420776367,21.289111856138803,20.948368222142637,21.12614769373181,52681700
2009-11-06,21.12615394592285,21.20763534480758,20.88911458031988,21.022448163822002,38908500
2009-11-09,21.474294662475586,21.481702315576523,21.133551097024576,21.20021856206766,57518000
2009-11-10,21.48910903930664,21.689111425786106,21.340958809425857,21.40762627158568,65881100
2009-11-11,21.570594787597656,21.703928317475686,21.49651966242175,21.540964172381095,49693400
2009-11-12,21.748380661010742,21.84467736316296,21.4817106967955,21.48911835278658,55352400
2009-11-13,21.94837760925293,22.066898670039247,21.755784241031076,21.82985796133226,53037600
2009-11-16,21.881717681884766,22.074311104133542,21.755790344035304,21.933569865787593,54129500
2009-11-17,22.320680618286133,22.320680618286133,21.92634808314991,21.948669274648033,75648900
2009-11-18,22.402523040771484,22.424842812633667,22.17931538837529,22.320680092981817,59431200
2009-11-19,22.156997680664062,22.320682172381655,22.09747591830214,22.313241774697573,51967700
2009-11-20,22.03795051574707,22.149553624352407,21.896585821321366,22.067710682456916,42647100
2009-11-23,22.27604103088379,22.32812239515364,22.097475745196856,22.201638473736548,41832700
2009-11-24,22.253721237182617,22.31324300282062,22.134677705906608,22.283482829557034,37341400
2009-11-25,22.164438247680664,22.216519612756393,22.008192733342714,22.179317624051755,32033500
2009-11-27,21.740354537963867,21.86683852211722,21.39066419076881,21.658512961708013,29357900
2009-11-30,21.881711959838867,21.911473555086758,21.57666270410284,21.68826584806049,44172000
2009-12-01,22.328125,22.357885174864336,21.881711024147695,21.963553988468707,49904200
2009-12-02,22.156997680664062,22.313241774697573,22.06027392988172,22.246279614651566,36308600
2009-12-03,22.194196701049805,22.469485719705602,22.142115340006708,22.20163709821463,43095200
2009-12-04,22.305809020996094,22.595978953670766,22.194205855711022,22.35789040352171,58810700
2009-12-07,22.164438247680664,22.38020410572451,22.082595291641226,22.15699784993974,38082700
2009-12-08,22.000755310058594,22.127239250533204,21.859390572090277,21.96355473543528,37402200
2009-12-09,22.104917526245117,22.179320092825357,21.762667706731303,21.926352217919092,44713300
2009-12-10,22.223960876464844,22.290921620520823,22.067715356038708,22.10491592708212,45940200
2009-12-11,22.209081649780273,22.320684789907627,22.164440677551518,22.298363594237788,43744200
2009-12-14,22.402523040771484,22.439723606615537,22.246277542183087,22.25371793917402,34651200
2009-12-15,22.335561752319336,22.476925043292134,22.231397609521192,22.238838006800393,49473200
2009-12-16,22.395090103149414,22.62573681024985,22.350449125445383,22.37276890474185,55737800
2009-12-17,22.0230770111084,22.290924276579922,22.000755814356193,22.28348529677351,43691200
2009-12-18,22.588539123535156,22.65550130821846,22.171885214592066,22.201646816278547,94118000
2009-12-21,22.70758628845215,22.945673463206788,22.595983102674847,22.618302888363406,40129100
2009-12-22,22.9307804107666,23.012623365536182,22.722454953696026,22.767095920338186,36321000
2009-12-23,23.005189895629883,23.02751109522808,22.83406495604389,22.84894433666485,28362700
2009-12-24,23.064706802368164,23.064706802368164,22.886141500643134,22.975423441950216,11083900
2009-12-28,23.191194534301758,23.198634933814706,22.982867605272567,23.064710580803872,25384000
2009-12-29,23.35487937927246,23.436722355900688,23.235835823692014,23.32511919993291,29716200
2009-12-30,23.034942626953125,23.280471485800753,22.915899105814663,23.176307340471567,42006200
2009-12-31,22.677818298339844,23.057270158457733,22.677818298339844,23.049829758952157,31929700
2010-01-04,23.027507781982422,23.13911092569337,22.759659101787374,22.781980298173952,38409100
2010-01-05,23.034942626953125,23.139106772282314,22.7968555846762,22.953101093114626,49749600
2010-01-06,22.893587112426758,23.124233835623897,22.707581370049116,22.97542867407731,58182400
2010-01-07,22.655494689941406,22.84150038881084,22.46204859282389,22.789417601074273,50559700
2010-01-08,22.811742782592773,22.975427315324865,22.499253097114334,22.529014695308046,51197400
2010-01-11,22.521570205688477,22.88614120268622,22.409967070952163,22.848939211700213,68754700
2010-01-12,22.372760772705078,22.618288189499744,22.253717262690127,22.432282527712555,65912100
2010-01-13,22.581096649169922,22.707580606498095,22.328128734513577,22.514134470636705,51863500
2010-01-14,23.034942626953125,23.139106772282314,22.51412757675003,22.551328144939284,63228100
2010-01-15,22.96054458618164,23.243272632226024,22.84894002834561,23.124229095037766,79913200
2010-01-19,23.139114379882812,23.243277140347573,22.826624679377353,22.878706059609733,46575700
2010-01-20,22.759658813476562,23.02006709157733,22.55133190717376,22.92334332757173,54849500
2010-01-21,22.328125,22.85638052106241,22.320684601506187,22.774538975852305,73086700
2010-01-22,21.546897888183594,22.469487335412744,21.457615954007068,22.320682219637526,102004600
2010-01-25,21.814741134643555,22.067708917441774,21.651056683054875,21.755219386873996,63373000
2010-01-26,21.948671340942383,22.20907958982657,21.64362212397001,21.725465081390674,66639900
2010-01-27,22.075157165527344,22.186760304904166,21.591542615487178,21.837070089760548,63949500
2010-01-28,21.695701599121094,22.223958448717813,21.494815131565552,22.20163725706364,117513700
2010-01-29,20.966562271118164,22.261161744425472,20.579670083018737,22.2462809481653,193888500
2010-02-01,21.13768768310547,21.18976905216756,20.773116680559955,21.12280688648462,85931100
2010-02-02,21.17490005493164,21.20466166475753,20.936812852771176,21.107939271046714,54413700
2010-02-03,21.30137062072754,21.42041556582121,20.921920268601266,21.026082999058616,61397900
2010-02-04,20.713598251342773,21.204653266081024,20.69127705281427,21.115369891078117,77850000
2010-02-05,20.847517013549805,21.040963091586505,20.512706220964994,20.83263621852143,80960100
2010-02-08,20.624313354492188,20.89216204062553,20.512710208306963,20.840080667013154,52820600
2010-02-09,20.84008026123047,21.085607745701633,20.646634149357585,20.810318665968037,59195800
2010-02-10,20.825206756591797,21.011212534788342,20.713603573496165,20.85496836227675,48591300
2010-02-11,20.92192268371582,21.13024816867849,20.60943303716088,20.780557948126198,65993700
2010-02-12,20.780555725097656,20.87727805861033,20.52014747764091,20.69127237029991,81117200
2010-02-16,21.191688537597656,21.20663892439956,20.945012858355664,21.027237134271424,51935600
2010-02-17,21.371078491210938,21.41592820402108,21.199153403983185,21.3262287784008,45882900
2010-02-18,21.655134201049805,21.699985351262477,21.31128393723487,21.37108404510473,42856500
2010-02-19,21.505632400512695,21.617757412852022,21.44583229888193,21.520582782357106,44451800
2010-02-22,21.475732803344727,21.63270896974394,21.415932698465735,21.557958482208456,36707100
2010-02-23,21.17673683166504,21.55048792394698,20.997336478459378,21.438362881411855,52266200
2010-02-24,21.400978088378906,21.52057970025842,21.21410261932802,21.318753851504262,43165900
2010-02-25,21.378562927246094,21.415937466461337,20.945011713911786,21.13188726148256,48735300
2010-02-26,21.430879592895508,21.565430163409676,21.31127940260441,21.415929212672438,40370600
2010-03-01,21.692514419555664,21.71493857331864,21.326238508704805,21.505638867545187,43805400
2010-03-02,21.273916244506836,21.901818333979403,21.109466240405958,21.737368329878525,93123900
2010-03-03,21.273916244506836,21.386042737857185,21.191691955330192,21.31129221753948,48442100
2010-03-04,21.400978088378906,21.415928468082182,21.131878382453376,21.273902712394438,42890600
2010-03-05,21.371078491210938,21.43835377329948,21.244003116793323,21.423403393780546,56001800
2010-03-08,21.400978088378906,21.62522950668798,21.303803471800986,21.318753851504262,39414500
2010-03-09,21.528064727783203,21.759791457182654,21.341189160959573,21.34866435472221,50271600
2010-03-10,21.655134201049805,21.759785459132335,21.528058793607972,21.572909943820644,44891400
2010-03-11,21.812103271484375,21.819578460751952,21.56542772864068,21.59532705996441,35349700
2010-03-12,21.879384994506836,21.961609249179137,21.70745986794558,21.916759526108155,31700200
2010-03-15,21.894344329833984,21.95414446029599,21.685043160343177,21.812118615793388,37512000
2010-03-16,21.954130172729492,22.043829597173072,21.827054799978885,21.991504695289876,36723500
2010-03-17,22.148487091064453,22.32788885373457,21.976561946398323,22.051312443219683,50385700
2010-03-18,22.1335391998291,22.21576346712596,22.051313506785032,22.14848815931667,43845200
2010-03-19,22.11859130859375,22.350316602872336,21.93919094278961,22.245666745923433,81332100
2010-03-22,22.12606430053711,22.200814801954756,21.969088104985328,22.051313799119463,37718200
2010-03-23,22.335365295410156,22.350315681714502,21.98403977174186,22.118590396986363,42026600
2010-03-24,22.163427352905273,22.312928278266632,22.12605283443818,22.215752249057804,33987700
2010-03-25,22.43253517150879,22.851135891934266,22.275559010257414,22.29798458350673,73168700
2010-03-26,22.170915603637695,22.574567484475057,22.118590676658183,22.49234178450878,55595500
2010-03-29,22.11859130859375,22.290516480937626,22.088690534752708,22.208290778622132,33336000
2010-03-30,22.253137588500977,22.320412890742436,22.0513116817766,22.14848632626588,34954800
2010-03-31,21.894344329833984,22.215769139975034,21.80464342126719,22.15596900951303,63760000
2010-04-01,21.797157287597656,22.08120883404847,21.39350696599237,21.939183060823066,74768100
2010-04-05,21.879384994506836,21.998985206527447,21.69998467647592,21.77473373967856,34331200
2010-04-06,21.916757583618164,22.111108267363033,21.662606799163093,21.78968219139063,47366800
2010-04-07,21.939186096191406,22.09616084693738,21.782209919698378,21.7971603033162,58318800
2010-04-08,22.365259170532227,22.410108889866223,21.901807318258033,21.916757699951656,63713800
2010-04-09,22.67921257019043,22.73153748616877,22.35031126522327,22.38768722359853,54752500
2010-04-12,22.664257049560547,22.791332427738357,22.582031385519993,22.611932145442633,37068800
2010-04-13,22.761438369750977,22.79881290257113,22.522236512162063,22.53718689558894,41374600
2010-04-14,23.03801155090332,23.17256213983477,22.918411344241346,23.015587403246027,68941200
2010-04-15,23.07538604736328,23.1351861469127,22.955784422517606,23.03801009405312,52745400
2010-04-16,22.925886154174805,23.157611372510992,22.87356124284859,23.01558702055324,88703100
2010-04-19,23.202463150024414,23.35943788827509,22.99316207327657,23.00063726449045,64970300
2010-04-20,23.441667556762695,23.501467670907612,23.26974098106727,23.3370162876987,52199500
2010-04-21,23.41924285888672,23.546318284435785,23.344492356961286,23.41924285888672,55343100
2010-04-22,23.464088439941406,23.568739694427542,23.097812613607392,23.202463868093528,84847600
2010-04-23,23.14266014099121,23.606111986398535,22.910934931160977,23.262261767021208,126766600
2010-04-26,23.254789352416992,23.381864758606316,23.067913838947224,23.17256367025125,63649300
2010-04-27,23.060436248779297,23.359436754082175,22.98568576601686,23.135186731541737,68730900
2010-04-28,23.10529136657715,23.172566674207204,22.88851648423924,23.112766559174624,64557900
2010-04-29,23.172557830810547,23.49398386109932,22.925882272222108,23.12023292834431,52665200
2010-04-30,22.828712463378906,23.232362814350374,22.81376208074186,23.22488762303185,63214800
2010-05-03,23.067913055419922,23.217412605669608,22.858611974174,22.925887270797798,43989500
2010-05-04,22.52224349975586,22.83619452038933,22.23819325525295,22.81377036403889,82085600
2010-05-05,22.312938690185547,22.492339028885123,22.19333846438583,22.25313857728569,66833800
2010-05-06,21.6626033782959,22.335354761484307,20.862776622947166,22.118579965297066,128613000
2010-05-07,21.087034225463867,21.6401870516658,20.42175779160221,21.62523666701231,173718100
2010-05-10,21.632715225219727,22.03636569343875,21.46078862644846,21.685040153901138,86653300
2010-05-11,21.58785629272461,22.163433152509153,21.35613108094978,21.43835675398953,63789400
2010-05-12,22.006465911865234,22.11111576716725,21.61776441253298,21.662614146841364,47146800
2010-05-13,21.856962203979492,22.22323807816288,21.81211247519608,21.87191258882302,45188800
2010-05-14,21.625232696533203,21.834532340265213,21.408456436100035,21.827058575057833,63334000
2010-05-17,21.632715225219727,21.849490133435204,21.266439298702462,21.76726585654186,46053300
2010-05-18,21.47502899169922,21.775378757084948,21.324853392916026,21.67776562040233,52690600
2010-05-19,21.204713821411133,21.54260820791558,20.86682086708736,21.414959376589533,61746700
2010-05-20,20.356218338012695,20.90435665353667,20.303657325863846,20.761690026146812,87991100
2010-05-21,20.153474807739258,20.356211297779613,19.853125247779293,19.995790393647983,117596300
2010-05-24,19.725488662719727,20.168505073761924,19.717979740070472,20.16099615111267,73711700
2010-05-25,19.575313568115234,19.77054126538115,19.05720934968571,19.259945969790383,98373600
2010-05-26,18.779390335083008,19.980791031801235,18.441495896818825,19.69545763233795,176684100
2010-05-27,19.522754669189453,19.793070192137606,19.320018026978335,19.320018026978335,136433600
2010-05-28,19.372577667236328,19.61285891045546,19.26745560795215,19.40261335970646,67496900
2010-06-01,19.440153121948242,19.755520676481627,19.162330176395255,19.169839098191336,76152400
2010-06-02,19.86815071105957,19.883168553950277,19.320012335171757,19.567801014147093,65718800
2010-06-03,20.168493270874023,20.22105426647882,19.830599110300742,19.935721101510335,67837000
2010-06-04,19.36507225036621,19.950753994455926,19.237423408057793,19.597843163217743,89832200
2010-06-07,18.98963165283203,19.395103455401735,18.952087039143724,19.387594532664075,80456200
2010-06-08,18.85447120666504,18.967102167232355,18.509067971120857,18.959593245570485,87355000
2010-06-09,18.61418914794922,19.162327472082648,18.584153465003734,18.937064146532066,87794000
2010-06-10,18.771869659423828,18.884500590944373,18.6066777220057,18.869482751493635,78930900
2010-06-11,19.267454147338867,19.312506250448145,18.59917579452585,18.801912406788404,68057700
2010-06-14,19.147314071655273,19.49271591256005,19.12478730422128,19.417629552141115,50972400
2010-06-15,19.9582576751709,20.010818696634225,19.32752255325016,19.335031475199266,81641500
2010-06-16,19.76303482055664,19.958262542301444,19.69545593871495,19.875665812899204,48698000
2010-06-17,19.800579071044922,20.025841051538784,19.552790319629377,19.943244323673355,47995500
2010-06-18,19.853137969970703,19.92071684328972,19.650401350013652,19.800576942318266,52075600
2010-06-21,19.485210418701172,20.19103201778462,19.440156879217035,20.108436726425044,54625300
2010-06-22,19.350046157836914,19.860641309515714,19.34253723711456,19.642886905107915,55985400
2010-06-23,19.00464630126953,19.357558476263733,18.93706743508683,19.357558476263733,61466200
2010-06-24,18.771869659423828,19.312498990030438,18.71930865352624,19.117271373710828,85243400
2010-06-25,18.418960571289062,18.85446792665202,18.253767187826487,18.809414404518527,156256700
2010-06-28,18.253772735595703,18.47903611818589,18.111107502020527,18.40394832398916,73784800
2010-06-29,17.502901077270508,18.171181000774673,17.35272689172031,18.11861853204223,119882100
2010-06-30,17.277633666992188,17.78071996685817,17.232581568667285,17.495386669046216,81050500
2010-07-01,17.39027214050293,17.51041207604988,17.067395526652618,17.337711097723762,92239400
2010-07-02,17.472869873046875,17.630553010316667,17.30767637817633,17.540448769642808,62485100
2010-07-06,17.88584327697754,18.08857988210531,17.705633438701902,17.795739073929965,73592000
2010-07-07,18.246261596679688,18.261279440131005,17.728158887232656,17.88584194693035,79965300
2010-07-08,18.328853607177734,18.486538058653167,17.99846829680351,18.47152021904979,50758100
2010-07-09,18.223743438720703,18.328865519907747,18.13363777471685,18.26879555463216,53806100
2010-07-12,18.644227981567383,18.689280084879478,18.336369316603754,18.34387823918586,49854200
2010-07-13,18.869489669799805,18.997138487572226,18.696788749337273,18.876998592278245,61928700
2010-07-14,19.10226058959961,19.22990939814705,18.861980816376285,19.14731268903388,72808100
2010-07-15,19.154813766479492,19.214883685184827,18.75684965994424,19.147304847618845,56934700
2010-07-16,18.68928337097168,19.25243977402319,18.681774447069298,19.154826627653815,65064800
2010-07-19,18.9445743560791,18.997135372629273,18.70429460488959,18.741837778945346,38181800
2010-07-20,19.132299423217773,19.132299423217773,18.546617693886688,18.666757609245924,45530700
2010-07-21,18.861974716186523,19.259937424814062,18.756851275264193,19.222394259457488,73297300
2010-07-22,19.402603149414062,19.515234072545653,19.124778868988244,19.15481454565261,73016400
2010-07-23,19.380081176757812,19.537765653817434,18.95959162489923,19.40260793981783,108520100
2010-07-26,19.597841262817383,19.672929062572983,19.372577863550582,19.41763140271234,67249900
2010-07-27,19.64289093017578,19.70296087608352,19.492715349316203,19.62787308565373,60672100
2010-07-28,19.485210418701172,19.665420280095713,19.395104771913566,19.575314633308107,69704800
2010-07-29,19.545278549194336,19.830610445072995,19.222402040581294,19.62036491030204,69446200
2010-07-30,19.380081176757812,19.40260793981783,19.03467940291904,19.335029082818025,83534800
2010-08-02,19.770538330078125,19.80808150651734,19.335030895353494,19.515240720186405,55044600
2010-08-03,19.64289093017578,19.785557588774335,19.50022427157723,19.67292661921989,56877700
2010-08-04,19.32000732421875,19.702953625526533,19.102254387502533,19.635374782226336,78531900
2010-08-05,19.049694061279297,19.207377079805905,18.929552777218067,19.139798234100216,64922100
2010-08-06,19.184850692749023,19.192359612659793,18.786887962738405,18.90702781695067,55982100
2010-08-09,19.229907989501953,19.320012181770103,19.049698172785337,19.184854461187562,57096500
2010-08-10,18.824438095092773,19.02717471115537,18.681771428361998,19.019665788466323,87257700
2010-08-11,18.666757583618164,18.696791846326356,18.441494168493293,18.53159982097939,76746900
2010-08-12,18.38892364501953,18.531590257757475,18.29131055136516,18.336362638268717,70240500
2010-08-13,18.32135009765625,18.524086695629755,18.201210209712045,18.283806919741348,45263500
2010-08-16,18.396438598632812,18.479035311863207,18.246263016792184,18.291316550652667,40909700
2010-08-17,18.653093338012695,18.841813431387102,18.570057476005587,18.653093338012695,52912600
2010-08-18,18.736129760742188,18.834265010991608,18.426628937315517,18.630446974153564,46818900
2010-08-19,18.449277877807617,18.675741428000567,18.27565428685154,18.585156583851443,54064600
2010-08-20,18.290756225585938,18.41908598260485,18.268110729525244,18.351146614781868,49560100
2010-08-23,18.32849884033203,18.600254838021907,18.29830292957745,18.449279603709815,51643000
2010-08-24,18.147329330444336,18.38134190059714,18.117133416968926,18.185072782468193,66522500
2010-08-25,18.192617416381836,18.283202255535304,18.01899527482097,18.117129090540573,47404800
2010-08-26,17.981252670288086,18.260559079344002,17.958607177540472,18.18507074393806,49105300
2010-08-27,18.064287185668945,18.13222653303076,17.74723737792048,18.02654230390126,60939400
2010-08-30,17.845369338989258,17.9812480196122,17.81517487652853,17.92085765487088,45453100
2010-08-31,17.717050552368164,17.91331971868662,17.603818728674646,17.815185855437772,66074600
2010-09-01,18.041643142700195,18.079388030505868,17.769887149600592,17.868020978254844,65235900
2010-09-02,18.07184410095215,18.079393080621937,17.898220448188265,18.026550222933405,48837100
2010-09-03,18.336048126220703,18.45682889162862,18.268108765701214,18.298303237143045,64189100
2010-09-07,18.086938858032227,18.343598382512926,18.05674438211594,18.192623123290492,51928700
2010-09-08,18.064287185668945,18.26810522775439,17.92085951459178,18.16996997497843,65512400
2010-09-09,18.12467384338379,18.27564902006343,18.109575893769907,18.26055251026927,46028900
2010-09-10,18.00389289855957,18.13977156372767,17.958600490110104,18.102026690170028,58284300
2010-09-13,18.955049514770508,19.090928232984243,18.185071071439506,18.268108385863517,114680400
2010-09-14,18.894662857055664,19.13622443045547,18.788978588827835,18.902211836201975,87160400
2010-09-15,18.962594985961914,19.038081868948435,18.811618340348872,18.94749703343661,56201900
2010-09-16,19.121118545532227,19.151314449599813,18.909751536518993,18.917300512535892,44548300
2010-09-17,19.038084030151367,19.27209800139884,18.93240123011713,19.173962738664052,70341600
2010-09-20,19.196613311767578,19.26455267891254,18.95505175739458,19.08338151313279,49838700
2010-09-21,18.985244750976562,19.189062836514115,18.932403345056528,19.189062836514115,52675700
2010-09-22,18.577606201171875,18.849362152876648,18.38888611035077,18.788971781406694,94299400
2010-09-23,18.441734313964844,18.562515101496146,18.388892899397472,18.502124707730495,46201800
2010-09-24,18.705934524536133,18.721031036411976,18.554957887218325,18.600250302485698,51948800
2010-09-27,18.668193817138672,18.864462913584745,18.56251101129088,18.758780107736953,43603300
2010-09-28,18.63044548034668,18.796518623072895,18.381335046347417,18.721030307353757,56041200
2010-09-29,18.49457550048828,18.615356286530318,18.419087149256875,18.592709349214733,44318900
2010-09-30,18.487024307250977,18.743683806806143,18.3888904702777,18.57761060584354,61262700
2010-10-01,18.40398406982422,18.736131858924303,18.343593693607854,18.698388413721627,62672300
2010-10-04,18.049192428588867,18.10958281028932,17.951058598258232,18.086935877219048,98143400
2010-10-05,18.38134002685547,18.456828363028517,18.0491922115862,18.162423995935647,78152900
2010-10-06,18.441734313964844,18.524771645325323,18.215269257478237,18.358696982604364,50489700
2010-10-07,18.5172176361084,18.683290813896665,18.32849752687712,18.585156990617275,50096100
2010-10-08,18.54741859436035,18.607808992851307,18.3964433180433,18.585163493305117,41327800
2010-10-11,18.562515258789062,18.675747068081577,18.49457588524944,18.675747068081577,27587800
2010-10-12,18.743684768676758,18.819173114741005,18.44173282424021,18.6078060337252,50141500
2010-10-13,19.12866973876953,19.27964639696738,18.788972977734428,18.887108237509068,75336500
2010-10-14,19.04563331604004,19.12867062588181,18.872011158934683,19.090927179492017,51949100
2010-10-15,19.279645919799805,19.28719345668479,19.045631961402925,19.143767218748735,68954800
2010-10-18,19.491008758544922,19.58914400204619,19.21170385896106,19.317386638282535,48330500
2010-10-19,18.947500228881836,19.151318302886814,18.83426844548582,19.07582996734939,66150900
2010-10-20,19.10602378845215,19.173963144145237,18.9474995850484,19.068280341876076,56283600
2010-10-21,19.18906593322754,19.27965224358085,18.90975946280701,19.173967974865228,50032400
2010-10-22,19.15886688232422,19.279649089643517,19.075831004556374,19.264551133751066,25837900
2010-10-25,19.015445709228516,19.136226509047724,19.000347749295937,19.053189169239253,50912400
2010-10-26,19.55140495300293,19.604246358418077,18.917305208380537,18.962599075725215,69304200
2010-10-27,19.66463851928711,19.709932390726078,19.34004107956382,19.46837083566668,64805500
2010-10-28,19.8382568359375,19.913743721819667,19.566499439337516,19.785414000071903,80730300
2010-10-29,20.13265609741211,20.532743143722648,19.98922844838459,20.49499826775762,114193200
2010-11-01,20.344030380249023,20.547847024284906,20.1553102521941,20.291187534944584,61912100
2010-11-02,20.676172256469727,20.698819185229038,20.39686733420491,20.427061799397322,54402100
2010-11-03,20.404422760009766,20.75166713849159,20.35157990953516,20.729020202573903,110255300
2010-11-04,20.487455368041992,20.706371394098497,20.389321541071293,20.691273439235243,93599300
2010-11-05,20.268539428710938,20.525198884971186,20.02697792630603,20.510100931115847,110953700
2010-11-08,20.23835563659668,21.793411258940225,20.064733382782524,20.14022175742985,71670800
2010-11-09,20.344030380249023,20.46481114701855,20.162857790274423,20.238346129460453,58538600
2010-11-10,20.336484909057617,20.44216773824923,20.23834961924778,20.38932632365342,52277300
2010-11-11,20.140216827392578,20.170411305967736,19.838264842537797,20.140216827392578,62073100
2010-11-12,19.830711364746094,20.019431492450597,19.70238162031422,19.98168660301751,64962200
2010-11-15,19.77787208557129,20.004335687234438,19.75522514947679,19.876005929006528,51794600
2010-11-16,19.603174209594727,19.77786458456443,19.48165135228251,19.77786458456443,65339200
2010-11-17,19.420896530151367,19.67913305195241,19.405705805653135,19.671537689703293,58299700
2010-11-18,19.625965118408203,19.808249449235472,19.451276149115454,19.5272268671265,59514000
2010-11-19,19.512041091918945,19.618373275137177,19.443684274516553,19.595587186447265,52423200
2010-11-22,19.54241180419922,19.550007163484953,19.322152179579533,19.481650378579996,53350500
2010-11-23,19.07910919189453,19.443677797484824,19.056323110795063,19.420891716385356,69742500
2010-11-24,19.26898956298828,19.337344911464292,19.109489886765807,19.13987132934796,56825900
2010-11-26,19.177845001220703,19.299367863552916,19.117083570054596,19.147463561304257,21356500
2010-11-29,19.223419189453125,19.306966715668175,18.93480270137748,19.132277750552205,56603600
2010-11-30,19.185443878173828,19.344942120973187,18.9879688285172,19.025944186707413,75282100
2010-12-01,19.77786636352539,19.93736458484405,19.41329631013,19.420891670478536,74123500
2010-12-02,20.423463821411133,20.49182064186565,19.89939679614972,19.929776800425387,91759200
2010-12-03,20.522193908691406,20.55257390084877,20.33990960974672,20.362694241698037,52622000
2010-12-06,20.385480880737305,20.491813029201094,20.3247194460913,20.45383767579742,36264200
2010-12-07,20.408267974853516,20.605741560753604,20.39307725327137,20.567766205465187,57860500
2010-12-08,20.681697845458984,20.689293207765136,20.355104509630735,20.377890596549186,41666800
2010-12-09,20.56776237487793,20.765237372666764,20.514596307909144,20.719666665074474,47148300
2010-12-10,20.765243530273438,20.81081425137901,20.590554558812816,20.65131600317595,37625800
2010-12-13,20.696887969970703,20.848792314354796,20.636126521950505,20.71207869414255,47943900
2010-12-14,20.977909088134766,21.07664589093101,20.704481867057325,20.742457226132707,64070500
2010-12-15,21.152597427368164,21.258929588544042,20.90955165972785,20.90955165972785,69634200
2010-12-16,21.258928298950195,21.258928298950195,21.00828718519195,21.084239345138954,57680200
2010-12-17,21.19057846069336,21.3348874671296,21.076650907682616,21.20576918740611,87456500
2010-12-20,21.122215270996094,21.25892887285804,21.02347847446635,21.22854887725927,52811000
2010-12-21,21.319690704345703,21.37285678412041,21.084240301629006,21.152597103815634,38153000
2010-12-22,21.410837173461914,21.57033543947961,21.251337458776952,21.27412354620831,42252300
2010-12-23,21.494373321533203,21.509564039461242,21.236136911422918,21.24373227038694,24902500
2010-12-27,21.319690704345703,21.418428951356173,21.175381738766493,21.35766751037551,21652800
2010-12-28,21.274124145507812,21.395647051230522,21.2361473320524,21.24374269474348,23042200
2010-12-29,21.24373435974121,21.35766330674,21.175377571008635,21.220949729274846,19502500
2010-12-30,21.152597427368164,21.26652494986618,21.09943134678023,21.205763507956103,20786100
2010-12-31,21.198162078857422,21.20575743800546,20.9854963687122,21.114614576895615,24752000
2011-01-03,21.2513370513916,21.40324140068746,21.20576632606974,21.30450313904498,53443800
2011-01-04,21.33487892150879,21.39564035535454,21.152594619971534,21.22095141413136,54405600
2011-01-05,21.26652717590332,21.274122538020492,21.091838193209956,21.1905750033988,58998700
2011-01-06,21.889333724975586,21.912119812724224,21.16019630102666,21.296909930183904,88026300
2011-01-07,21.72223663330078,21.828568795185344,21.456404779922316,21.752616630124777,73762000
2011-01-10,21.43361473083496,21.570328312920154,21.296902597416555,21.463996170705798,57573600
2011-01-11,21.350074768066406,21.456406940659,21.30450259524055,21.41843157863799,50298900
2011-01-12,21.684263229370117,21.714644679628957,21.319694518267717,21.357671331091268,52631100
2011-01-13,21.410837173461914,21.56274007700249,21.27412354620831,21.517169350807045,67077600
2011-01-14,21.494373321533203,21.555134744578766,21.198161565269416,21.32727977032456,62688400
2011-01-18,21.767807006835938,21.82856844818508,21.372856913732985,21.38804763623703,53322700
2011-01-19,21.623504638671875,21.783004376300717,21.471601713280215,21.615909275102172,50005900
2011-01-20,21.5323543548584,21.684257218040102,21.365259322091575,21.646281864411396,58613600
2011-01-21,21.281721115112305,21.593123765623165,21.281721115112305,21.570337675829414,58080300
2011-01-24,21.555137634277344,21.691851216624435,21.25892583830317,21.28171191824995,52047800
2011-01-25,21.608308792114258,21.608308792114258,21.35766766516907,21.372856939024057,42436600
2011-01-26,21.85895347595215,22.01845174238584,21.64628767203996,21.65388303453689,74628800
2011-01-27,21.927309036254883,22.375423808618457,21.63869107253989,21.83616614016931,146938600
2011-01-28,21.076641082763672,21.972873259691298,20.848786082957254,21.95008718024395,141249400
2011-01-31,21.061452865600586,21.19057110047686,20.826002478002767,21.09183430847356,65029000
2011-02-01,21.258928298950195,21.31209437631301,20.970311829551928,21.11461933991758,62810700
2011-02-02,21.220956802368164,21.350075063158304,21.17538462891243,21.213361440125542,45824000
2011-02-03,21.000694274902344,21.243740056160213,20.917148193011908,21.243740056160213,60340100
2011-02-04,21.091838836669922,21.145004924444894,20.894363761600562,21.038672748894946,40412200
2011-02-07,21.418426513671875,21.524758661119357,21.107023983004083,21.11461789467874,68980900
2011-02-08,21.47918701171875,21.5247577231151,21.304496628810284,21.342473428862906,34904200
2011-02-09,21.24373435974121,21.463995445361014,21.19816365014174,21.410829376050508,52905100
2011-02-10,20.886760711669922,21.220949288683318,20.727262507049918,21.21335392912998,76672400
2011-02-11,20.696887969970703,21.122218106112097,20.56017434975846,21.08424274434967,83939700
2011-02-14,20.681697845458984,20.712079294683583,20.469033495555742,20.66650712084669,56766200
2011-02-15,20.59765625,20.880339868603325,20.590017451891267,20.65877829270749,44116500
2011-02-16,20.64349365234375,20.681693464164436,20.32261027846998,20.666412956544395,70817900
2011-02-17,20.788650512695312,20.910893095314037,20.559448766897173,20.605288824610966,57207300
2011-02-18,20.674049377441406,20.788650248886185,20.620569067915785,20.727529686967024,68667800
2011-02-22,20.314971923828125,20.70461616118899,20.261491599387732,20.4601338453303,60889000
2011-02-23,20.314971923828125,20.521254424294973,20.19273076589878,20.269131853912008,60234100
2011-02-24,20.452495574951172,20.67405714873124,20.246213054472364,20.35317371372966,64494200
2011-02-25,20.28441047668457,20.590014822273478,20.246210662100715,20.55945380482278,53006300
2011-02-28,20.307329177856445,20.52125190660201,20.253848859977396,20.391370510083163,51379900
2011-03-01,19.986446380615234,20.460131915842812,19.97880612681147,20.32261026183386,60055000
2011-03-02,19.925329208374023,20.146892234812526,19.894769645172307,19.948249973697557,48658200
2011-03-03,20.017011642456055,20.169812379259934,20.001731131606753,20.062851717774247,68271500
2011-03-04,19.826004028320312,20.047565544132336,19.711401686551728,20.032285037599284,70437200
2011-03-07,19.650279998779297,20.070485161136272,19.5203986151023,19.963523078724542,64980400
2011-03-08,19.79544448852539,19.879485823482625,19.59680226049974,19.688483849292123,50549800
2011-03-09,19.780168533325195,19.848929376437663,19.604447026362116,19.71904794580631,39789100
2011-03-10,19.41343879699707,19.64264056255371,19.3675987353316,19.573881198670147,66549500
2011-03-11,19.619718551635742,19.74959992278088,19.37523631353409,19.413436116776566,49905800
2011-03-14,19.627365112304688,19.68084543692529,19.367602286522146,19.47456293576335,54473400
2011-03-15,19.398160934448242,19.459281510742006,19.100198307169826,19.16131888346359,76067300
2011-03-16,18.939756393432617,19.31412008665874,18.85571505877165,19.268278563809442,100725400
2011-03-17,18.932111740112305,19.268274086178735,18.909190984014064,19.146032968112927,62497000
2011-03-18,18.94740104675293,19.237724952288147,18.94740104675293,19.146043335479693,85486700
2011-03-21,19.35231590270996,19.543317836790095,19.214794277015606,19.237715033707705,46878100
2011-03-22,19.32939910888672,19.451640255181275,19.27591878953653,19.32939910888672,30895600
2011-03-23,19.512765884399414,19.56624621361326,19.237722525894277,19.275922344695687,43969000
2011-03-24,19.719039916992188,19.764881431888814,19.482197918942926,19.558598986541476,38696700
2011-03-25,19.573881149291992,19.82600367365999,19.550960389902436,19.810723167400287,57029800
2011-03-28,19.41343879699707,19.650280815702835,19.390518037549693,19.604440754037363,48973200
2011-03-29,19.474565505981445,19.497486272656555,19.329403564831917,19.359964587065395,40763500
2011-03-30,19.566246032714844,19.6502859247469,19.482204683453123,19.558605777579263,41999300
2011-03-31,19.398160934448242,19.619723934281563,19.359961120725696,19.5586033579878,63233700
2011-04-01,19.466922760009766,19.505124032914505,19.337041346592773,19.505124032914505,63114200
2011-04-04,19.52039909362793,19.604440419605368,19.413438465823376,19.44399947789854,35433700
2011-04-05,19.696130752563477,20.00173372299431,19.66556972690544,19.726690320991608,73651100
2011-04-06,19.978809356689453,20.10105052285302,19.75724778947911,19.84892793548696,65581400
2011-04-07,20.017011642456055,20.062851717774247,19.8412886821485,20.009371387031404,46134700
2011-04-08,19.91769027709961,20.078132730568857,19.833648922557156,19.994091376026404,39887600
2011-04-11,19.848920822143555,20.05520326257936,19.71139919518635,20.009363206003332,34286300
2011-04-12,19.58916664123535,19.749609095273506,19.520405797680397,19.734328583988013,36920400
2011-04-13,19.58152198791504,19.764885167701173,19.528041667656346,19.596802495768788,38144700
2011-04-14,19.421083450317383,19.436363960077692,19.16896086819078,19.421083450317383,55239900
2011-04-15,19.38288116455078,19.528041617097276,19.237719254774852,19.451640535255766,65080400
2011-04-18,19.161317825317383,19.314119986228334,18.88627451856943,19.176598332854358,58045100
2011-04-19,19.21480369567871,19.23008420763027,19.00088235727618,19.100202770501664,38892400
2011-04-20,19.680843353271484,19.864205071370453,19.489841381431383,19.51276214265478,61608600
2011-04-21,19.497480392456055,19.780162476713553,19.37523925484806,19.703762858630537,46892300
2011-04-25,19.566246032714844,19.573886287850424,19.359963515743164,19.52804475703694,33525100
2011-04-26,20.00936508178711,20.200367035526735,19.612080668273673,19.665560982164084,69200000
2011-04-27,20.154529571533203,20.162169826087148,19.963527579373288,20.093408992331213,52689000
2011-04-28,20.406652450561523,20.528895068038082,20.169810384736692,20.215650455521917,80200000
2011-04-29,19.803089141845703,20.353174425119565,19.375245032632698,20.284413582556617,319317900
2011-05-02,19.604446411132812,19.864209264243605,19.466924729223603,19.818369189350438,89825600
2011-05-03,19.719039916992188,19.74960092692327,19.474557666460157,19.558598986541476,71892900
2011-05-04,19.910045623779297,20.055207533954064,19.703764596638713,19.749604662977795,73292300
2011-05-05,19.703771591186523,19.92533320483438,19.61973022537357,19.90241243491359,55600000
2011-05-06,19.764892578125,20.032294279675003,19.67321095385787,19.917693342263576,55993000
2011-05-09,19.734331130981445,19.833651552696324,19.612089939380077,19.711410361094956,38696400
2011-05-10,19.61208152770996,19.749603173585612,19.291198173076545,19.390518552192667,120798700
2011-05-11,19.375246047973633,19.604447897041407,19.260643666209926,19.596807641108505,78600000
2011-05-12,19.344676971435547,19.398157283473243,19.17659578257004,19.367597729692793,77400000
2011-05-13,19.123123168945312,19.344684759042764,19.06200257954983,19.31412519295992,66812300
2011-05-16,18.77167510986328,19.153679085097714,18.71819478648718,19.06963774423269,91350900
2011-05-17,18.85626983642578,18.994692930294807,18.664015865336893,18.763987284919303,82882100
2011-05-18,18.98699951171875,19.02544971297919,18.64863216685847,18.86395710754795,53931100
2011-05-19,19.010072708129883,19.133115136005305,18.84088973649654,19.11004559751706,37783600
2011-05-20,18.83319854736328,19.125425400401653,18.794748340438883,19.01007184606571,45451500
2011-05-23,18.587112426757812,18.648633633682216,18.47945068133543,18.61787229682938,52692500
2011-05-24,18.57172966003418,18.679392860073683,18.487138926808772,18.61018132675583,47691800
2011-05-25,18.602493286132812,18.694774364076014,18.57942228325637,18.587112617548517,34904200
2011-05-26,18.97162437438965,19.248470597860226,18.702468486768982,18.725539494318728,78016600
2011-05-27,19.04083251953125,19.148494268581764,18.95624030711652,18.979311310533625,50251000
2011-05-31,19.233081817626953,19.271532013884606,18.994687373911386,19.194630154588335,60196300
2011-06-01,18.78705406188965,19.302294647135884,18.74091352990999,19.21770244952229,74033500
2011-06-02,18.625560760498047,18.956237764550156,18.594800893515664,18.833195363058366,51487800
2011-06-03,18.387170791625977,18.56404410371648,18.33333991114465,18.494832552588633,60697700
2011-06-06,18.46407127380371,18.6486349071806,18.27950764042682,18.37178872372458,54778700
2011-06-07,18.50252342224121,18.58711564645849,18.37948098707873,18.52559442887725,41112600
2011-06-08,18.410240173339844,18.47176138371668,18.348718962963005,18.379478834760747,42205000
2011-06-09,18.42561912536621,18.48714180168805,18.317957375365665,18.46407079806736,42878700
2011-06-10,18.233366012573242,18.471761994094688,18.217986809556862,18.471761994094688,49327200
2011-06-13,18.487140655517578,18.60249273290673,18.22567516448551,18.294886704275246,47572500
2011-06-14,18.625560760498047,18.802435496075983,18.60249122695654,18.687081961243944,42894500
2011-06-15,18.25643539428711,18.46407001775443,18.202604521561792,18.456379683539204,49410200
2011-06-16,18.456377029418945,18.53327889373107,18.18722123771704,18.264123102029163,57184100
2011-06-17,18.656326293945312,18.687086167851984,18.441001309472792,18.625564953257186,83320400
2011-06-20,18.81781578063965,18.963929190874527,18.57942129735837,18.587111631242436,54338400
2011-06-21,19.04083251953125,19.117734397473612,18.76398634565128,18.856268892538377,49708700
2011-06-22,18.956239700317383,19.079282114373978,18.910099161741478,18.917789495967675,44287300
2011-06-23,18.940855026245117,18.956235691444803,18.610179525137703,18.794743107191017,59470400
2011-06-24,18.687084197998047,18.87164928910841,18.602493453585538,18.848578286024292,101387200
2011-06-27,19.379194259643555,19.57913703058121,18.63324816762032,18.63324816762032,92044200
2011-06-28,19.840606689453125,19.932889229144603,19.34843705584846,19.45609879650418,81032100
2011-06-29,19.70218849182129,19.771398575098168,19.502244176850695,19.771398575098168,66051000
2011-06-30,19.994409561157227,19.994409561157227,19.732944088014985,19.794465289531917,52535400
2011-07-01,20.00979232788086,20.12514440948148,19.871369243247596,19.94058078556423,52906200
2011-07-05,20.017475128173828,20.109756172009646,19.91750228610749,20.071305981541514,37805300
2011-07-06,20.248186111450195,20.278947447742368,19.963649617872562,19.971339951945605,48744200
2011-07-07,20.58655548095703,20.671146230433333,20.27125908717287,20.371230506292637,51946500
2011-07-08,20.701904296875,20.74804483172948,20.386607952937272,20.40967895375509,58320700
2011-07-11,20.4788875579834,20.609620286371968,20.371225828762594,20.471198691708526,43999800
2011-07-12,20.409683227539062,20.601937207602024,20.255879456776107,20.417372095973892,47319300
2011-07-13,20.4788875579834,20.732662681704614,20.38660649487444,20.455818025596685,40861800
2011-07-14,20.355846405029297,20.771115614707895,20.27125566981343,20.471199941127445,46382300
2011-07-15,20.59425163269043,20.70960375403524,20.35585558622511,20.35585558622511,49132400
2011-07-18,20.448135375976562,20.686529923163253,20.1943601568987,20.478895252977296,44501900
2011-07-19,21.17869758605957,21.255597998988897,20.594245353752292,20.617314890918546,86730600
2011-07-20,20.809566497802734,21.032581777004246,20.74804529436459,20.97875090734352,49795400
2011-07-21,20.84033203125,21.00182467276528,20.49427427545799,20.79419148607156,81737400
2011-07-22,21.171003341674805,21.186382541351716,20.517339685020783,20.655762749580585,76380600
2011-07-25,21.46323013305664,21.60165320704911,20.909539303867934,20.963370173358076,108482400
2011-07-26,21.59396743774414,21.647798318612843,21.36326324351213,21.394023118245034,74636500
2011-07-27,21.0172061920166,21.524756609816922,20.917234762296587,21.44016438458969,71488700
2011-07-28,21.317123413085938,21.586279311759533,20.92492506932413,20.98644775864988,83761400
2011-07-29,21.071035385131836,21.309429903642208,20.963373628407425,21.16331793859663,104394800
2011-08-01,20.971057891845703,21.294044535288624,20.571169387243806,21.155621478558658,61838400
2011-08-02,20.609617233276367,21.10947854039479,20.578857372390477,20.748040274214958,63883100
2011-08-03,20.701904296875,20.76342549894136,20.363536952119453,20.6326927612027,64581200
2011-08-04,19.94827651977539,20.66346167278896,19.940586183349453,20.401996101433852,92949500
2011-08-05,19.74832534790039,20.07131203225507,19.402267662241385,19.971339160050828,112071700
2011-08-08,18.825502395629883,19.686800552344213,18.756290871126904,19.240771542647753,134257200
2011-08-09,19.671430587768555,19.70219193396051,18.479456291682894,19.002385975910688,126268900
2011-08-10,18.610187530517578,19.29461129172542,18.53328563821992,19.18694952257765,127819900
2011-08-11,19.37150764465332,19.517619584777755,18.76398448268553,18.840886352992754,90690100
2011-08-12,19.30229377746582,19.48685736384996,18.95623613625743,19.325363309025715,64787100
2011-08-15,19.617591857910156,19.67142272544912,19.340745719959923,19.409957254447484,56529400
2011-08-16,19.617595672607422,19.8033242091149,19.38543389494367,19.516991792808035,54251500
2011-08-17,19.540206909179688,19.88844881084803,19.292568879566236,19.540206909179688,50923700
2011-08-18,19.091360092163086,19.416385332149556,18.596084098293755,19.01397284911128,105714200
2011-08-19,18.61155891418457,19.052665722357435,18.503217667987084,18.890152377022428,77397900
2011-08-22,18.557392120361328,18.952065782142043,18.410357963335652,18.89789514786531,54721000
2011-08-23,19.13005828857422,19.153274910749275,18.59608926290163,18.59608926290163,59670600
2011-08-24,19.26935386657715,19.29257048730281,18.897896791201788,19.075886455314247,45329700
2011-08-25,19.01397132873535,19.470554402589393,18.959800705742293,19.40864490830607,48192000
2011-08-26,19.540206909179688,19.609855289513355,18.897895216355145,18.967543596688813,71957000
2011-08-29,19.996789932250977,20.01226767799739,19.633071763444747,19.756890777337894,38863200
2011-08-30,20.29859733581543,20.45337183160704,19.88844743123393,19.911662572375384,57341400
2011-08-31,20.58492660522461,20.670051236634862,20.321810887690166,20.345027501368648,59300800
2011-09-01,20.28312110900879,20.786137519957574,20.28312110900879,20.47658850520783,60510800
2011-09-02,19.96583366394043,20.12060816330453,19.85749240000897,19.950357394835233,43894400
2011-09-06,19.741405487060547,19.803314970347305,19.431858070626763,19.501506423829177,54929300
2011-09-07,20.120607376098633,20.120607376098633,19.787843248712306,19.88070823990529,41961000
2011-09-08,20.29085922241211,20.63136224026696,20.08191556412847,20.120608451504207,65811900
2011-09-09,19.919397354125977,20.259900289318526,19.73366888294059,20.12060356691982,64529200
2011-09-12,20.035480499267578,20.0664359871739,19.555682245030823,19.687240116554882,55046100
2011-09-13,20.15156364440918,20.267643780859846,19.97357252740987,20.058698649625235,48792300
2011-09-14,20.507545471191406,20.739705772902422,20.035484518201248,20.25216854889361,66739200
2011-09-15,20.886735916137695,20.91769140209948,20.360504463097886,20.685529685502544,67808300
2011-09-16,20.987340927124023,21.103421053805995,20.762918069638502,20.9331688237028,89681500
2011-09-19,21.056987762451172,21.13437500536549,20.584928385147716,20.739701394937466,52324900
2011-09-20,20.878995895385742,21.28140833450569,20.840303016102133,21.134372736358262,49211900
2011-09-21,20.11287498474121,20.940915395869883,20.097397235215205,20.93317652110688,72750700
2011-09-22,19.393173217773438,19.84975643411388,19.037193883563187,19.578901758583903,96278300
2011-09-23,19.393173217773438,19.462821605082265,19.106842270872015,19.26935419056646,64768100
2011-09-26,19.68724250793457,19.749152015228365,19.13779433916795,19.49377511313658,51057600
2011-09-27,19.865230560302734,20.05869793955148,19.694979797937865,19.857491688008107,55620700
2011-09-28,19.795581817626953,20.4069394331846,19.741411188610744,20.066436438746937,60736200
2011-09-29,19.694984436035156,20.25217008811271,19.41639087197672,20.10513443196639,63407300
2011-09-30,19.26161766052246,19.733678681711705,19.25387878587549,19.501518346460276,54060500
2011-10-03,18.98301887512207,19.60985274060965,18.975280003197668,19.130053013569015,64592500
2011-10-04,19.6098575592041,19.648550452294952,18.774078374504132,18.80503239376896,83485400
2011-10-05,20.035480499267578,20.244425614518537,19.470556129327342,19.671762372601723,94061300
2011-10-06,20.383729934692383,20.430161707771745,19.88845375240732,20.043226821351677,55111400
2011-10-07,20.314075469970703,20.51528172794081,20.27538258330065,20.38372384680801,52741600
2011-10-10,20.84804916381836,20.87126430907588,20.48432947703194,20.569455612414167,41815300
2011-10-11,20.894474029541016,20.94864465196992,20.677790063786638,20.786132784683204,38826200
2011-10-12,20.863523483276367,21.134378135573257,20.817091721066333,21.033775738111668,52489800
2011-10-13,21.03377342224121,21.04925116662012,20.600406911904376,20.70874817047885,43823500
2011-10-14,21.103418350219727,21.281407953398865,20.909951005188827,21.134372357884544,50947700
2011-10-17,20.878995895385742,21.219498842028678,20.77839352362512,20.979599743185094,39453300
2011-10-18,21.13437843322754,21.204026815543063,20.739704758785948,20.848047506854055,52487900
2011-10-19,20.99508285522461,21.258198653056798,20.902219324248076,21.180812869256094,42880000
2011-10-20,20.925434112548828,21.15759439569884,20.43015657856888,21.095684888456233,76300200
2011-10-21,21.01830291748047,21.04151954204565,20.73970932685613,21.010564042625408,76620600
2011-10-24,21.0415096282959,21.204021495565996,20.92542951224029,20.940905778619282,56897800
2011-10-25,20.7474422454834,21.07246751588957,20.677793867822146,20.95638737846716,53554600
2011-10-26,20.577192306518555,20.940910478738488,20.19799638840694,20.91769533594006,63029900
2011-10-27,21.087947845458984,21.20402799710688,20.623625762828194,20.995082838517142,74512400
2011-10-28,20.878995895385742,21.041509235662108,20.731961773277046,21.00281488033977,57712100
2011-10-31,20.608154296875,20.894486802515065,20.600416896974153,20.708758208061912,46799000
2011-11-01,20.11287498474121,20.368251947762573,20.012272564901043,20.2676495279224,61182600
2011-11-02,20.12834930419922,20.275384947561093,19.888450131585035,20.197997689158043,53533100
2011-11-03,20.530759811401367,20.5771915713785,20.105130670820728,20.306336932107005,65836100
2011-11-04,20.314075469970703,20.430155606019877,20.12060808454241,20.41467786093625,36549200
2011-11-07,20.739700317382812,20.75517806036929,20.221207735646303,20.2831172315534,42589700
2011-11-08,21.01830291748047,21.049258416900706,20.65458465552938,20.90222274673348,47822500
2011-11-09,20.2753849029541,20.701012609175685,20.16704215101252,20.57719358641889,62950900
2011-11-10,20.3372859954834,20.50753671228699,20.213467023982865,20.484320101616177,32514400
2011-11-11,20.824831008911133,20.95638890115928,20.561715224414847,20.569454097610517,37903000
2011-11-14,20.708749771118164,20.894478289903734,20.623623646493467,20.801613292491417,34199200
2011-11-15,20.84910011291504,21.00504012656036,20.584002982010503,20.708754398065086,43874200
2011-11-16,20.326696395874023,20.669763422130536,20.303306442435108,20.638574834673715,53262800
2011-11-17,19.913455963134766,20.30330434311325,19.835485989708356,20.279912904939263,70977500
2011-11-18,19.72633171081543,19.88227169149261,19.609377468884485,19.866677395994117,47626200
2011-11-21,19.492422103881836,19.687346324920654,19.414452118035552,19.679549177620647,61882500
2011-11-22,19.32868766784668,19.4612347186857,19.219529086047075,19.406656171362837,49204500
2011-11-23,19.079179763793945,19.328683983813512,19.079179763793945,19.188338324788003,49099700
2011-11-25,18.94663429260254,19.235122803261408,18.94663429260254,19.009009985832318,26164600
2011-11-28,19.391063690185547,19.469032195017462,19.250718002041857,19.44564223842945,46766700
2011-11-29,19.367673873901367,19.523613870976575,19.297501023932924,19.35207957676304,40917100
2011-11-30,19.944643020629883,19.952440166672403,19.601576030526694,19.780907415197582,81350900
2011-12-01,19.71074104309082,19.98363380818169,19.648365341476616,19.929055255163515,48545400
2011-12-02,19.66396141052246,19.97584145743697,19.617179998346998,19.9524500077721,52293800
2011-12-05,20.038206100463867,20.116174581969126,19.882266163146433,20.100581777960148,56818400
2011-12-06,20.007022857666016,20.170759984263263,19.968038606509168,20.123977098290418,46175300
2011-12-07,19.96023941040039,20.084990785884155,19.75751805345085,20.014817951280325,62667000
2011-12-08,19.80430030822754,20.05380307003926,19.780910353778793,19.866675998680467,60522200
2011-12-09,20.038206100463867,20.170754601037647,19.882266163146433,19.89786045430887,53788500
2011-12-12,19.890060424804688,19.936841804355552,19.71852770834935,19.812090467451082,38945900
2011-12-13,20.084991455078125,20.35008850860208,19.9992243238928,20.07719430795639,54581100
2011-12-14,19.952438354492188,20.162956817059275,19.936844063823496,20.053798269531853,47926400
2011-12-15,19.929054260253906,20.1785570542549,19.913461450994312,20.0538056572544,46213900
2011-12-16,20.272117614746094,20.404666135559427,19.98362913280401,20.014817719891234,101408100
2011-12-19,19.90566635131836,20.36568773278212,19.85108630825399,20.287717729844278,52258300
2011-12-20,20.295507431030273,20.350085966911898,20.123973190083948,20.16295892082337,60767600
2011-12-21,20.084991455078125,20.42026134554394,19.835488695797636,20.279915671660227,64132500
2011-12-22,20.123979568481445,20.162965311577597,19.866679612663,20.131776717100678,35794100
2011-12-23,20.295507431030273,20.303304577178157,20.06159750805444,20.201943164409226,23205800
2011-12-27,20.30330467224121,20.381273159777983,20.217537551366476,20.240927502766077,21287200
2011-12-28,20.131771087646484,20.389070971516073,20.084989696166637,20.357883872914048,29822500
2011-12-29,20.287710189819336,20.311100140999823,20.16295882634487,20.233131654193453,22616900
2011-12-30,20.240934371948242,20.365687266082425,20.20195011494974,20.272122967270306,27395700
2012-01-03,20.872486114501953,21.020627452938413,20.57620046332144,20.700951846822562,64731500
2012-01-04,21.363693237304688,21.41827177846343,20.88028202662405,20.911469127077456,80516100
2012-01-05,21.58201026916504,21.62099451901309,21.277928956319577,21.34810030861531,56081400
2012-01-06,21.917280197143555,21.979655889265384,21.465056057471845,21.465056057471845,99455500
2012-01-09,21.6287841796875,21.909475440325384,21.613189890284666,21.870489716818295,59706800
2012-01-10,21.706762313842773,21.948467941994647,21.636589472257736,21.776935155427807,60014400
2012-01-11,21.613203048706055,21.815924472902697,21.340310253781915,21.387091663318312,65582400
2012-01-12,21.831514358520508,21.847108654264957,21.558620131608222,21.730154410489376,49370800
2012-01-13,22.02643585205078,22.02643585205078,21.667776017497186,21.776933099812855,60196100
2012-01-17,22.03423500061035,22.3383163216298,21.964062159274505,22.143392092842184,72395300
2012-01-18,22.01085090637207,22.143399485686768,21.80812946229346,22.07322662092285,64860600
2012-01-19,21.925071716308594,22.17457442074767,21.854898894790924,21.956258810786768,74053500
2012-01-20,23.164793014526367,23.188184455719647,22.41628474218629,22.470863284483535,165902900
2012-01-23,23.180387496948242,23.351921759451514,22.88410334186203,23.040041822956024,76078100
2012-01-24,22.87630271911621,23.055632614347733,22.751551358333106,22.97766264206991,51703300
2012-01-25,23.047842025756836,23.11801487205643,22.665790688766787,22.665790688766787,59231700
2012-01-26,23.001054763793945,23.15699471298618,22.92308478919783,23.086821884565033,49102800
2012-01-27,22.790542602539062,23.02445259123367,22.743761199661733,22.96207689167924,44187700
2012-01-30,23.08682632446289,23.094623472137354,22.478662190239564,22.58781928337432,51114800
2012-01-31,23.024444580078125,23.15699308140644,22.790534672770438,23.125804498904028,50572400
2012-02-01,23.305137634277344,23.429889007363485,23.203777701327482,23.22716914146376,67409900
2012-02-02,23.351924896240234,23.523457694631198,23.16479631434506,23.312939155364592,52223300
2012-02-03,23.57803726196289,23.70278866383936,23.461083008597953,23.500067264001594,41838500
2012-02-06,23.546842575073242,23.562435379922785,23.36751119134487,23.42209121335566,28039700
2012-02-07,23.663799285888672,23.772956367112638,23.429889342639704,23.50785932372269,39242400
2012-02-08,23.90550994873047,23.91330709720451,23.562442851642764,23.593631445538925,49659100
2012-02-09,23.991281509399414,24.014671471971486,23.765168623507513,23.921108647374638,50481600
2012-02-10,23.780757904052734,24.01466640332937,23.671600802677503,23.88991500542797,44605300
2012-02-13,23.843128204345703,23.99127101349326,23.726173981188637,23.882112449680182,33319800
2012-02-14,23.741100311279297,23.90591384284102,23.427168705725556,23.803886632390046,59644000
2012-02-15,23.584136962890625,23.850979238086,23.568441503189387,23.80388986509393,43311300
2012-02-16,24.557329177856445,24.76138364192687,23.780346231439367,23.78819471035658,94705100
2012-02-17,24.52593231201172,24.580870160879567,24.290483960594052,24.486691419090146,70036500
2012-02-21,24.675050735473633,24.808471868944782,24.44744936198703,24.470994796226925,50829900
2012-02-22,24.5416316986084,24.863411842656188,24.470996886798467,24.682901322228258,49253200
2012-02-23,24.620115280151367,24.792777323869505,24.32972755072912,24.486694133705083,35034700
2012-02-24,24.70644187927246,24.722138834624513,24.51808290588004,24.70644187927246,35575400
2012-02-27,24.60441780090332,24.72214198716765,24.40821032481469,24.518086032402163,34568400
2012-02-28,25.012527465820312,25.059616836711413,24.627959529886624,24.651504963804232,45230600
2012-02-29,24.910507202148438,25.114563207845535,24.808479947772195,25.028231417796288,59323600
2012-03-01,25.34215545654297,25.42063724052382,24.996829918639747,25.05961624399087,77344100
2012-03-02,25.177343368530273,25.459879603518413,25.11455554260736,25.357853877226166,47314200
2012-03-05,24.95759391784668,25.15380142190819,24.816325772355736,25.12240750272501,45240000
2012-03-06,24.76923370361328,25.098862354478328,24.714295844626506,24.753538241720193,51932900
2012-03-07,24.988988876342773,25.051775220376015,24.745691980332023,24.85556770815407,34340400
2012-03-08,25.122400283813477,25.27936684073619,25.036070024755606,25.14594721337912,36747400
2012-03-09,25.106706619262695,25.24012775309521,25.051768769498274,25.193036884487874,34628400
2012-03-12,25.14595603942871,25.271528730264386,24.973292466821245,25.09101667736162,34073600
2012-03-13,25.64038848876953,25.656085444256394,25.232279621663675,25.302914424410485,48951700
2012-03-14,25.718870162963867,25.805201910780745,25.499118800439284,25.530509713737246,41986900
2012-03-15,25.781665802001953,25.85230062586589,25.569764324299168,25.734577915352013,49068300
2012-03-16,25.585451126098633,25.86014336148918,25.50696934106601,25.828749449920856,65626400
2012-03-19,25.271522521972656,25.593302650307493,25.232281627080773,25.538364798681183,44789200
2012-03-20,25.106706619262695,25.23228077193812,24.91049915756454,25.193036884487874,41566800
2012-03-21,25.04392433166504,25.232284842593796,24.973289514302852,25.083165231557643,37928600
2012-03-22,25.114561080932617,25.1851959037283,24.949747492372353,24.965442955370122,31749500
2012-03-23,25.122400283813477,25.200885059218862,24.894800422913967,25.193035084734294,35912200
2012-03-26,25.57760238647461,25.59329934117947,25.232278364631558,25.2636692801533,36758300
2012-03-27,25.522668838500977,25.663938460738446,25.428490088305495,25.62469756431437,36274900
2012-03-28,25.263675689697266,25.66394065150092,25.145952990375818,25.522671017204186,41344800
2012-03-29,25.208736419677734,25.26367427506259,24.96543956142582,25.161648540141332,37038500
2012-03-30,25.318607330322266,25.436332994620958,25.145946814942327,25.42848601414878,31749400
2012-04-02,25.34215545654297,25.475575088088043,25.075313199564672,25.287217608978747,35853600
2012-04-03,25.067468643188477,25.263674630778013,24.84771572161062,25.24013069067831,42752100
2012-04-04,24.494539260864258,24.87125873209231,24.368966602769625,24.847713297345507,49455900
2012-04-05,24.737842559814453,24.824172843988038,24.368971492815128,24.447454794109312,50368600
2012-04-09,24.4082088470459,24.643657205319588,24.30618012736825,24.502387591577712,31056400
2012-04-10,23.913759231567383,24.47883754552661,23.78033812932076,24.376808851308954,54131300
2012-04-11,23.819581985473633,23.96085157271102,23.725401761667417,23.88236830236315,43014000
2012-04-12,24.31403160095215,24.3611224759636,23.874527246122305,23.92161662418942,38304000
2012-04-13,24.18060874938965,24.455299513205205,24.10997393878153,24.243395081380843,39749200
2012-04-16,24.392513275146484,24.478845043320913,24.149216424861738,24.32187846426636,38124800
2012-04-17,24.675050735473633,24.808471868944782,24.486691752386857,24.541629602002484,34361500
2012-04-18,24.439603805541992,24.573024954962985,24.361122009248486,24.549481014852656,40552900
2012-04-19,24.337574005126953,24.863410068328832,24.282636154738483,24.43175274952314,54781200
2012-04-20,25.444189071655273,25.813060157370952,25.15380278816053,25.23228759038146,106045000
2012-04-23,25.208736419677734,25.506972630258794,25.138101606484554,25.357856021912554,61398200
2012-04-24,25.051769256591797,25.522667473212096,24.98113444925154,25.27936913817604,40871100
2012-04-25,25.271522521972656,25.36570126849085,25.012528723631345,25.051769618523227,62495500
2012-04-26,25.200889587402344,25.295068340923116,25.051771481226105,25.208736569408824,40308100
2012-04-27,25.098861694335938,25.28722220154267,25.02037839915719,25.208737409419577,41419100
2012-04-30,25.130258560180664,25.200893384435986,25.05177525579203,25.098864639647402,35697200
2012-05-01,25.122400283813477,25.381395551819168,25.0753124124583,25.15379419397563,43832300
2012-05-02,24.95759391784668,25.059622658247562,24.83202123500287,24.996836316825657,37385300
2012-05-03,24.926191329956055,25.036067008397662,24.808467174919496,25.020370055207763,31501300
2012-05-04,24.31403160095215,24.777081393287716,24.266942222885035,24.682902637153493,57927200
2012-05-07,24.055030822753906,24.21984584376343,23.992244504498828,24.094273207253273,48641400
2012-05-08,23.93731117248535,24.15706407624742,23.678317373775574,23.921614215728592,46328300
2012-05-09,24.1413631439209,24.196300986578272,23.623375631802883,23.694010428632062,50309300
2012-05-10,24.125667572021484,24.345420452185593,23.898067711265824,24.219847805504397,43839200
2012-05-11,24.455303192138672,24.75353943667018,24.08643362331755,24.08643362331755,43459300
2012-05-14,24.078580856323242,24.36112009095335,24.04718694272248,24.188456560037533,40528900
2012-05-15,23.865278244018555,24.33136623581729,23.817879899344543,24.20496964550911,61822800
2012-05-16,23.620389938354492,23.952181433430415,23.493993321827144,23.94428145655164,60083700
2012-05-17,23.478195190429688,23.865285046936133,23.47029521293772,23.691490062412825,48484000
2012-05-18,23.122705459594727,23.549293700773852,23.04370719070477,23.533495252409185,56205300
2012-05-21,23.50189208984375,23.53349199573345,22.95680576737798,22.98840567326768,38787900
2012-05-22,23.509790420532227,23.60458711803227,23.304395566927013,23.45449209586281,39504900
2012-05-23,22.99630355834961,23.225396828149353,22.62501223174481,23.185898456145836,65171000
2012-05-24,22.964710235595703,23.14640520970048,22.7198169441168,23.035808530987442,52575000
2012-05-25,22.956806182861328,23.193800961023992,22.917307806550788,23.067404348710497,29507200
2012-05-29,23.351797103881836,23.4781937223163,23.08320391301697,23.209600531451432,37758800
2012-05-30,23.17800521850586,23.288601897680483,23.00421022169335,23.18590519655644,41585500
2012-05-31,23.059499740600586,23.241194645962057,22.862004885181726,23.14639645238389,39134000
2012-06-01,22.474924087524414,22.877812426851097,22.46702410935394,22.719817383741965,56634300
2012-06-04,22.553918838500977,22.735615306637587,22.372223877131002,22.60921868074833,47926300
2012-06-05,22.522323608398438,22.711918573942807,22.42752537224283,22.522323608398438,45715400
2012-06-06,23.185903549194336,23.201703504172905,22.759313805372784,22.814612141031137,46860500
2012-06-07,23.091108322143555,23.46239977848154,23.043709957824582,23.414999907395732,37792800
2012-06-08,23.422893524169922,23.44659345327584,22.948905489416504,23.075302097781893,42551100
2012-06-11,22.830413818359375,23.549295249684423,22.76721550044399,23.486096931769037,46361900
2012-06-12,23.13850975036621,23.146408222645217,22.783018227133553,22.988413162027207,35337900
2012-06-13,23.012109756469727,23.25700456705514,22.948911435911157,23.083208055443965,32984600
2012-06-14,23.17800521850586,23.27280194157932,22.81461376201293,23.17010524045528,39458900
2012-06-15,23.71518325805664,23.762581602777225,23.29649361052056,23.37549185623234,62314400
2012-06-18,23.5729923248291,23.72308887671083,23.470294128943397,23.691488968202435,58679900
2012-06-19,24.252368927001953,24.576260370400764,23.738881095830315,23.849479239825495,75725800
2012-06-20,24.434070587158203,24.528867300482688,24.20497576755195,24.434070587158203,36257100
2012-06-21,23.80999183654785,24.59997167459408,23.746793509774832,24.457775062663043,48456600
2012-06-22,24.252368927001953,24.276067345398925,23.723082652487726,23.936375951891353,45098100
2012-06-25,23.5966854095459,23.952175236519228,23.399190558972006,23.936375286849444,42217200
2012-06-26,23.71518325805664,23.912678118952982,23.65198496284046,23.699383307561042,38421300
2012-06-27,23.833690643310547,24.094383917226253,23.72309395339688,23.8494906009459,33781700
2012-06-28,23.6282901763916,23.738886840383802,23.241200345652363,23.683588508387704,45328400
2012-06-29,24.165475845336914,24.244474105908242,23.809984426149178,24.05487918459695,55227200
2012-07-02,24.141775131225586,24.189174990089157,23.865281981587216,24.189174990089157,30589100
2012-07-03,24.299776077270508,24.299776077270508,23.83368792750581,23.881086288244013,20938100
2012-07-05,24.252368927001953,24.31556722067084,23.99957424556024,24.16547070816992,28801900
2012-07-06,23.8494873046875,24.25237712810382,23.659892359568058,24.181278835338194,38294800
2012-07-09,23.699384689331055,23.881079610325347,23.52558974404516,23.79418289106555,30680800
2012-07-10,23.493989944458008,23.87317973952978,23.312295022665243,23.762583092658755,37534100
2012-07-11,23.146404266357422,23.493995751132235,22.996309210440277,23.47029581804531,39184900
2012-07-12,22.617116928100586,23.0516066437251,22.54602014516077,23.027906711567415,63523600
2012-07-13,23.217498779296875,23.288597060216944,22.688212413984377,22.719812319622825,39085000
2012-07-16,23.257001876831055,23.32810016758109,22.941010310590137,23.288600280071826,27900600
2012-07-17,23.43079948425293,23.588796038441746,23.067409519092184,23.414999527480685,33771300
2012-07-18,24.054880142211914,24.054880142211914,23.27279898886456,23.38339716077389,41090400
2012-07-19,24.22867774963379,24.331374448887185,23.999582910640235,24.102281116660354,46663200
2012-07-20,23.794191360473633,24.528871281664376,23.738891510831166,24.489372895829447,64021700
2012-07-23,23.13060188293457,23.367595146421635,22.917307041736358,23.359695170069877,55151900
2012-07-24,23.027908325195312,23.193804848390688,22.830413397008787,23.0990066198838,47723300
2012-07-25,22.775115966796875,23.17010583892777,22.735617582290498,23.099007541402866,45579500
2012-07-26,23.035810470581055,23.304403718728086,22.980512126568467,23.091108814593643,45301400
2012-07-27,23.509790420532227,23.580888697040432,23.051602364571774,23.288595615088223,44242600
2012-07-30,23.41500473022461,23.557201359236846,23.272808101212373,23.501903005013677,28905000
2012-07-31,23.280698776245117,23.470293703559477,23.170102112003374,23.28859875322903,37620900
2012-08-01,23.23329734802246,23.42289225025896,23.075300842775537,23.375493901391422,31721800
2012-08-02,23.059499740600586,23.32809286451153,22.88570330350164,23.075298183891807,39520500
2012-08-03,23.50189208984375,23.651988629286937,23.288597245387606,23.328097127749732,35859400
2012-08-06,23.659896850585938,23.786293504657625,23.549298648197986,23.699395239945726,27471800
2012-08-07,23.904783248901367,23.975881534549366,23.596691682271057,23.75468670067042,28002900
2012-08-08,23.96009063720703,24.07068734256701,23.786295599246053,23.86529238492198,26257600
2012-08-09,24.094377517700195,24.212874154958538,23.936380996844743,24.00747928055305,24920800
2012-08-10,24.03118324279785,24.189179790162846,23.89688662956763,24.0943815603905,27810300
2012-08-13,24.007482528686523,24.062780866437667,23.825787559856565,23.975884124300165,23049100
2012-08-14,23.95976448059082,24.166520020664656,23.864339780094138,24.09495073691801,34551400
2012-08-15,24.01543426513672,24.079051247270588,23.872295676148394,23.943864970642558,24351000
2012-08-16,24.47665786743164,24.6038918322329,24.06314672345329,24.142668330641204,35787200
2012-08-17,24.572078704833984,24.587983327111292,24.325563126528778,24.587983327111292,32589900
2012-08-20,24.444847106933594,24.53232102110843,24.317613149996596,24.508464085402093,23737700
2012-08-21,24.492557525634766,24.61979147251482,24.341468161682382,24.460749797288898,28822700
2012-08-22,24.285810470581055,24.46075681857113,24.230144275687703,24.325570521613294,33437400
2012-08-23,24.063148498535156,24.17447784676164,23.920009898387615,24.166525533781375,28355600
2012-08-24,24.30170440673828,24.357369063868784,23.999524189423482,24.05518884655399,22943300
2012-08-27,24.405088424682617,24.619794791015288,24.3255668179768,24.595939370727486,34691100
2012-08-28,24.357376098632812,24.49256238359986,24.269903690770782,24.41304228858867,23947900
2012-08-29,24.373281478881836,24.452803093103444,24.206287454090234,24.373281478881836,23346800
2012-08-30,24.110862731933594,24.341475276023047,24.031341112704517,24.27785828398953,23982100
2012-08-31,24.50846290588379,24.619792233658615,24.158568782772193,24.333516602702158,36590100
2012-09-04,24.16652488708496,24.38123278156069,23.975673930911615,24.21423876368973,48556700
2012-09-05,24.16652488708496,24.277855749080842,24.02338629076781,24.03133860353527,33650000
2012-09-06,24.929929733276367,24.93788204588585,24.22218907851783,24.25399832895576,48371700
2012-09-07,24.61184310913086,24.707267820342746,24.43689527732834,24.683412400913994,42649100
2012-09-10,24.42894744873047,24.572086058567063,24.261953415086925,24.51642138068588,40524000
2012-09-11,24.484615325927734,24.580040061210514,24.34147670625475,24.405093702026207,25191800
2012-09-12,24.47665786743164,24.794742779434795,24.43689630546343,24.6038918322329,32775800
2012-09-13,24.603893280029297,24.79474423846166,24.174477485995034,24.564131715721352,45047300
2012-09-14,24.818601608276367,24.85041086221939,24.500516652589702,24.65955988880739,51422800
2012-09-17,24.818601608276367,24.858363175705144,24.683416829264655,24.802698498053566,36488500
2012-09-18,24.79474639892578,24.818601822840577,24.675464729105645,24.731129407238463,34542700
2012-09-19,24.69136619567871,24.802697061281396,24.68341539940224,24.723175447779084,48871900
2012-09-20,25.009458541870117,25.033313969817073,24.58004263783722,24.611851897431794,45543000
2012-09-21,24.80269432067871,25.136683847084957,24.72317271596323,24.993545261946785,102348900
2012-09-24,24.47665786743164,24.70726885985324,24.36532701066916,24.65160418984625,46825900
2012-09-25,24.16652488708496,24.651605348660073,24.142669465531153,24.611845301571343,54266400
2012-09-26,23.9915828704834,24.333524797227508,23.888205819414846,24.07905680990599,54672000
2012-09-27,23.98362159729004,24.1744725164895,23.76891374441004,23.991573908516887,47129900
2012-09-28,23.665538787841797,24.063145283235478,23.649634164006432,23.99952830464243,54229300
2012-10-01,23.450834274291992,23.840488513563535,23.39516959964586,23.70530222510209,54042700
2012-10-02,23.586023330688477,23.76892200220371,23.458789340351895,23.60192795866775,43338900
2012-10-03,23.745059967041016,23.848436986631494,23.593969076794888,23.65758605425404,46655900
2012-10-04,23.8802547454834,23.8802547454834,23.514455857148626,23.832540857820867,43634900
2012-10-05,23.737112045288086,24.055196991411563,23.64963811632338,24.03929236491822,41133900
2012-10-08,23.68145179748535,23.79278117025879,23.49855159210891,23.570120907962966,29752000
2012-10-09,23.28383445739746,23.64963166649045,23.20431286336691,23.60191931677142,45121100
2012-10-10,23.04527473449707,23.307694990683945,23.021419312774636,23.180461019002344,47227100
2012-10-11,23.021413803100586,23.259977063721518,22.957796832485123,23.23612013096014,41488500
2012-10-12,23.22022247314453,23.315647193079485,22.902136028698475,23.037322312563475,46464700
2012-10-15,23.46673011779785,23.63372407923745,23.25997460595735,23.35540081017145,42440200
2012-10-16,23.450834274291992,23.64963755045596,23.315647985830548,23.419026538815043,47739400
2012-10-17,23.530351638793945,23.57011168014708,23.132745158269206,23.29973915205039,44206100
2012-10-18,23.458782196044922,23.641680811858887,23.26793126866317,23.57806383606497,59238500
2012-10-19,22.7748966217041,23.124790717032845,22.663567302769223,23.100933784368994,90470800
2012-10-22,22.26597023010254,22.925997144110625,22.130783921606962,22.846475518510488,83374000
2012-10-23,22.305727005004883,22.425010184241778,22.075115993094055,22.083068306159756,64414800
2012-10-24,22.186445236206055,22.425010076788084,22.162589813871886,22.3932008246777,53320400
2012-10-25,22.1705379486084,22.42500738469692,22.154634841210974,22.417055072623985,54084300
2012-10-26,22.432966232299805,22.53634480960707,22.138738163730796,22.1546427935856,57790000
2012-10-31,22.69537353515625,22.965744485733357,22.66356429582482,22.703324328241095,69464100
2012-11-01,23.474685668945312,23.50649339690955,22.918036020462534,22.93394064281879,72047900
2012-11-02,23.458782196044922,23.673490058130017,23.323595932889305,23.53035148340662,57131600
2012-11-05,23.56216812133789,23.649642064907393,23.323604751101506,23.554217323512404,38070800
2012-11-06,23.745059967041016,24.015432500429505,23.54625672288762,23.71325071993725,43401500
2012-11-07,23.124799728393555,23.7212096266672,23.100942786433038,23.482646274057263,57871800
2012-11-08,22.910091400146484,23.355411875125018,22.902139086298785,23.15660857917885,49841800
2012-11-09,22.925994873046875,23.21227209014902,22.9100902461526,22.96575492353386,43291200
2012-11-12,22.440914154052734,23.069133259592636,22.432961840682125,23.013468582747063,61112300
2012-11-13,21.719337463378906,21.88770368548934,21.446743221589976,21.663215389342096,131689200
2012-11-14,21.518905639648438,21.87969267021521,21.486835001725975,21.839604372812133,76086100
2012-11-15,21.374582290649414,21.623123518435133,21.350529321814058,21.550966141140638,50955600
2012-11-16,21.262344360351562,21.406659157016485,21.11802956368664,21.382606181168324,64083300
2012-11-19,21.43070411682129,21.48682618093413,21.222249643536763,21.48682618093413,57179300
2012-11-20,21.414676666259766,21.486834069241638,21.21423977557948,21.454764961923093,47070400
2012-11-21,21.607099533081055,21.783483463555626,21.38260964312156,21.41467875356591,66360300
2012-11-23,22.208410263061523,22.264532353246633,21.807536442639563,21.83158789316903,57845700
2012-11-26,21.959863662719727,22.112196116780535,21.783479762215425,22.080127011785212,85198700
2012-11-27,21.71131706237793,21.95184064334704,21.679247965214145,21.935806859370967,45018600
2012-11-28,21.935806274414062,21.95985771434262,21.462775252472266,21.655194417958686,53018400
2012-11-29,21.607099533081055,21.935815943500007,21.534942123065942,21.735379033282975,69551400
2012-11-30,21.34251594543457,21.75140576385355,21.23828792959305,21.68726603457099,83690200
2012-12-03,21.190183639526367,21.502864630465865,21.16613066744957,21.47079553024191,53173800
2012-12-04,21.14208221435547,21.350535218318637,21.11802923887726,21.24630871633705,49777500
2012-12-05,21.382612228393555,21.591066823728013,21.053895778231027,21.1501046504085,68283800
2012-12-06,21.43070411682129,21.631140933916612,21.334495300974005,21.49484383712333,39182300
2012-12-07,21.214229583740234,21.502859057003,21.142073744635926,21.502859057003,46162100
2012-12-10,21.599079132080078,21.623130579557962,21.26234510448107,21.294414210855606,47031100
2012-12-11,21.90373992919922,22.0400370558713,21.687267752270877,21.687267752270877,52282800
2012-12-12,21.839597702026367,22.144262552382802,21.711318247943147,22.072105168309527,43966300
2012-12-13,21.73537254333496,22.064088855602765,21.607093081435906,21.90373876362304,45080100
2012-12-14,21.494850158691406,21.751409115352757,21.406658973096572,21.73537532747043,42077500
2012-12-17,21.72735595703125,21.823564793592986,21.390621970641398,21.47881467849956,42046100
2012-12-18,22.096160888671875,22.152282969548736,21.759426874198695,21.847619589412055,50486900
2012-12-19,21.89571762084961,22.23245153703792,21.84761321259744,22.200382441273664,53519900
2012-12-20,22.192371368408203,22.192371368408203,21.767444636693206,21.935812409339533,52607300
2012-12-21,22.00797462463379,22.040043736930357,21.647187553720176,22.00797462463379,98776500
2012-12-24,21.695281982421875,21.847614400919475,21.647177571553243,21.80752764673089,20842400
2012-12-26,21.53493309020996,21.80752729610211,21.406653643815023,21.671230193156035,31631100
2012-12-27,21.615110397338867,21.71933842161581,21.302429382931827,21.558988320826003,39394000
2012-12-28,21.286401748657227,21.5670137616982,21.286401748657227,21.41468126389668,28239900
2012-12-31,21.414676666259766,21.46278262105576,21.142083901809727,21.318467815092013,42749500
2013-01-02,22.14426612854004,22.232457311707243,21.76744383325594,21.847618887308638,52899300
2013-01-03,21.84761619567871,22.16831484316742,21.77545880884228,22.15227952849004,48294400
2013-01-04,21.438732147216797,21.919781046867534,21.43071448714785,21.863658955597202,52521100
2013-01-07,21.39864730834961,21.550978275777965,21.35855900438496,21.46278706548061,37110400
2013-01-08,21.286401748657227,21.478822550728854,21.214244330183476,21.446751907312766,44703100
2013-01-09,21.40666389465332,21.446750667393413,21.29441817839882,21.422697686221944,49047900
2013-01-10,21.214229583740234,21.631138483072814,21.07793403160102,21.366561975652406,71431300
2013-01-11,21.510881423950195,21.591056465107926,21.069920991400245,21.23828720154094,55512100
2013-01-14,21.55898666381836,21.711319094939327,21.45476017676408,21.567004321162806,48324400
2013-01-15,21.8155460357666,21.879687295856357,21.510882696399307,21.510882696399307,48244500
2013-01-16,21.67925262451172,21.83158354489897,21.6551996495607,21.767443807574875,41077400
2013-01-17,21.84761619567871,22.02400006949456,21.69528376466716,21.79951178085835,51685900
2013-01-18,21.84761619567871,21.87968682503347,21.679249979201558,21.72735439402192,52167700
2013-01-22,21.767440795898438,22.00796592449445,21.64717899620631,21.887702595590568,58650600
2013-01-23,22.136253356933594,22.16030480801054,21.807536939042034,21.807536939042034,50387700
2013-01-24,22.152292251586914,22.50506173104238,22.0240127189145,22.208415885192167,101739300
2013-01-25,22.352718353271484,22.633330268121888,21.959862284165684,22.11219472866366,81847700
2013-01-28,22.37676429748535,22.633323157589135,22.25650252296313,22.45693932357064,56056500
2013-01-29,22.456945419311523,22.55315425335977,22.128229099424964,22.304612981321313,49242600
2013-01-30,22.32866668701172,22.601260941111597,22.256509294502226,22.456946156092616,43580500
2013-01-31,22.00797462463379,22.424882259763304,21.967886322747635,22.280568960610218,50530000
2013-02-01,22.392807006835938,22.489015846555283,22.088142112896815,22.1843524818281,55565900
2013-02-04,21.999956130981445,22.46496971076139,21.98392081083434,22.344707868082704,50540000
2013-02-05,22.048059463500977,22.176338959860733,21.935815286489245,22.144269850376904,35410400
2013-02-06,21.919771194458008,22.080121265338853,21.847613815482788,21.95184029110721,41889600
2013-02-07,21.871671676635742,21.959862859054358,21.727356886408256,21.927793755232667,38028300
2013-02-08,22.088146209716797,22.216425705943315,21.895726965377023,21.92779760403976,33318500
2013-02-11,22.336685180664062,22.384789601066156,22.048055599827585,22.1683174154388,32247700
2013-02-12,22.352718353271484,22.448928720641764,22.248491857064604,22.352718353271484,35990900
2013-02-13,22.472978591918945,22.53711831823932,22.35271526700801,22.392803551715552,41715600
2013-02-14,22.48099708557129,22.497030870839364,22.34469997091625,22.384786727904068,32663200
2013-02-15,22.456945419311523,22.577207226477757,22.352717398345437,22.48099839242951,49650900
2013-02-19,22.675214767456055,22.70755093056293,22.47311837365743,22.537789157998066,38781400
2013-02-20,22.529705047607422,22.796472206665566,22.49736888681346,22.739883925276132,44110200
2013-02-21,22.222509384155273,22.424605687985576,22.012329043147066,22.424605687985576,49078500
2013-02-22,22.440771102905273,22.440771102905273,22.214422714365607,22.376100355018547,31425900
2013-02-25,22.125497817993164,22.675198315108123,22.125497817993164,22.610527577690362,48011800
2013-02-26,22.125497817993164,22.311425995335224,22.1012457132595,22.13358031103238,49923300
2013-02-27,22.481197357177734,22.63479101363751,22.093172738421988,22.165927547172785,36394700
2013-02-28,22.473112106323242,22.610537677455785,22.424609417062545,22.537782872628398,35840200
2013-03-01,22.594371795654297,22.61862237004956,22.246765838509962,22.40844198801176,34849700
2013-03-04,22.756044387817383,22.756044387817383,22.39227195190051,22.51352943053947,38157500
2013-03-05,22.917726516723633,23.071320175241183,22.764132858206082,22.86922382419754,41432200
2013-03-06,22.70754623413086,22.820719697851867,22.45694718937457,22.80455161964235,51448500
2013-03-07,22.747966766357422,22.861141781297466,22.642877333062664,22.723716188913286,29196700
2013-03-08,22.63479232788086,22.901559461498827,22.602456170170626,22.836888687951227,37667800
2013-03-11,22.529705047607422,22.610542365846307,22.368027327383633,22.586291787123844,36627500
2013-03-12,22.562040328979492,22.594376490722887,22.34377586283075,22.505453587801608,39255200
2013-03-13,22.570119857788086,22.65095870411433,22.432694281595296,22.529701205561338,29093400
2013-03-14,22.747966766357422,22.764134845902134,22.57820655675675,22.634793293290308,55914800
2013-03-15,22.667123794555664,22.764129163865057,22.618619568028425,22.659039756801125,92710300
2013-03-18,22.71562957763672,22.86113919332096,22.481197076395944,22.53778380652365,44809400
2013-03-19,22.780302047729492,22.812636663700143,22.659044539562036,22.731799352837083,51901600
2013-03-20,22.89347267150879,23.0308982415204,22.780299216866055,22.909640748421374,35447800
2013-03-21,22.723712921142578,22.925809260770322,22.675208689483572,22.723712921142578,34233200
2013-03-22,22.836883544921875,22.909638341512135,22.71562606456228,22.78838086115254,28720900
2013-03-25,22.764131546020508,22.91772519568451,22.60245385775601,22.877305002682032,44154000
2013-03-26,22.764131546020508,22.909641157084014,22.72371289489074,22.828802312951765,27824300
2013-03-27,22.933889389038086,22.998560145017372,22.699456934942905,22.747959616459255,36047400
2013-03-28,23.127901077270508,23.168319720542293,22.8449659487508,22.893468629051423,55453800
2013-04-01,23.127901077270508,23.168319720542293,22.925804777166775,23.152151646484615,29201100
2013-04-02,23.2814998626709,23.32192005946027,23.05515292814183,23.111739661774095,28456500
2013-04-03,23.087482452392578,23.40275375033387,23.071315919114763,23.241076082575642,35062800
2013-04-04,23.11981773376465,23.127901771035983,22.85305067130043,22.950056034811535,45263200
2013-04-05,23.20066261291504,23.265333386072644,22.723715082675387,22.81263643209656,50927300
2013-04-08,23.11174201965332,23.224915498463908,23.014735079334955,23.224915498463908,34759500
2013-04-09,23.936298370361328,24.106058608112992,23.184499507465247,23.224918171156638,77733800
2013-04-10,24.477914810180664,24.510249430143933,23.863541612147944,23.903960272570295,71116700
2013-04-11,23.39468002319336,23.604860467160155,23.224918243043057,23.524021597653974,130923200
2013-04-12,23.273414611816406,23.45934286943265,23.168323654469717,23.321917300352673,62886300
2013-04-15,23.192583084106445,23.427014104193358,23.047073430734425,23.16024692030237,56332900
2013-04-16,23.418928146362305,23.556353747534782,23.20066522604263,23.362341406210057,52797300
2013-04-17,23.305755615234375,23.475517384478064,23.119827306626643,23.321923696471504,52840700
2013-04-18,23.273414611816406,23.427006715826693,23.03898212379123,23.402756142494894,56906600
2013-04-19,24.065635681152344,24.44557629491311,23.93629413000515,23.944378169685965,99790700
2013-04-22,24.92252540588379,25.20546064496373,24.469829948479692,24.494080527169995,137904000
2013-04-23,24.73659324645996,24.979108246750908,24.558747473832018,24.817432093847867,59126900
2013-04-24,25.67432403564453,25.803665594161792,24.736596965457878,24.752765045740787,90946600
2013-04-25,25.81983184814453,26.54737844881122,25.49647797472299,25.633902021788366,110700200
2013-04-26,25.698572158813477,25.85216427199179,25.423721004247458,25.787493502792298,47799300
2013-04-29,26.361454010009766,26.418040753379454,25.682410005827265,25.706660586201064,59116400
2013-04-30,26.757558822631836,26.76564440453142,26.094682959179643,26.32103299617875,75165200
2013-05-01,26.45037841796875,26.741397733960508,26.353369923473892,26.620138657715138,54330900
2013-05-02,26.80606460571289,26.814147104331738,26.183607364692957,26.37762125275281,46059500
2013-05-03,27.072830200195312,27.09708077700671,26.741392287541192,26.862648255343952,46784600
2013-05-06,27.28300666809082,27.41234820598232,26.878813976711697,27.016238011582757,40978300
2013-05-07,26.92732048034668,27.31534512673955,26.87073374548183,27.202171657009853,43078300
2013-05-08,26.66863441467285,26.87073075491099,26.393783268599165,26.733303640001434,51595700
2013-05-09,26.401870727539062,26.676721925270478,26.345283988336654,26.555462864839026,46417800
2013-05-10,26.426118850708008,26.450372510788338,26.12701710218015,26.409950771903027,36394900
2013-05-13,26.700969696044922,26.733305853259047,26.31294506071248,26.361449296533667,36027600
2013-05-14,27.295230865478516,27.295230865478516,26.70097179114365,26.749816151294215,56870100
2013-05-15,27.55572509765625,27.59643027964719,27.21382392759197,27.23010537931447,46303900
2013-05-16,27.742963790893555,27.799947326531523,27.311513028444928,27.384778017889428,59382900
2013-05-17,28.386070251464844,28.386070251464844,27.759248119051367,27.78367185770727,60666700
2013-05-20,28.5570125579834,28.573290903404104,28.23138975292344,28.272091827213632,54020800
2013-05-21,28.369770050048828,28.711674216998862,28.26394530548408,28.573283473952674,48702400
2013-05-22,28.174415588378906,28.361647676614265,27.970902043944353,28.320945588801404,66047500
2013-05-23,27.799943923950195,28.12556364411716,27.596430434332316,27.865066625835826,51102700
2013-05-24,27.897640228271484,27.905779404615053,27.59644101762988,27.612719370317013,33174400
2013-05-28,28.508174896240234,28.6384234277586,28.011601399398362,28.01974057401891,48212100
2013-05-29,28.394208908081055,28.508175989358335,28.141851009988457,28.28024182680377,38412200
2013-05-30,28.51630973815918,28.695402606299705,28.337219975388123,28.3697797742932,51131000
2013-05-31,28.41048812866211,28.71982643769198,28.32094168459616,28.345362312843303,56165700
2013-06-03,28.97217559814453,29.004738496255687,28.353496060876985,28.42675792357376,51252600
2013-06-04,28.483745574951172,29.094285962388774,28.3046527342514,28.99659726453308,65529500
2013-06-05,28.312807083129883,28.402353551480083,28.027889325079844,28.166277063169677,46025100
2013-06-06,28.459320068359375,28.581429380359502,28.076716894471986,28.361634481980552,37618500
2013-06-07,29.037303924560547,29.126850359060967,28.54073360615098,28.695402744143845,40757300
2013-06-10,28.874500274658203,29.021030262883944,28.60586092778768,28.907060078976155,35994500
2013-06-11,28.361631393432617,28.638409779172445,28.23138292398849,28.532581927321445,39435900
2013-06-12,28.49189567565918,28.711690672087258,28.36978630918685,28.605862761502586,37372700
2013-06-13,28.26395606994629,28.50817165056789,28.15812817970808,28.483751024116607,45654900
2013-06-14,28.003463745117188,28.239537086369072,27.88135438158992,28.125570003274348,53192600
2013-06-17,28.49189567565918,28.62214421739024,28.190696505163004,28.239537767455786,49670100
2013-06-18,28.475616455078125,28.63028564009695,28.41049373178562,28.467477279180475,28616500
2013-06-19,28.158138275146484,28.565165423902364,28.158138275146484,28.45933749572204,30816200
2013-06-20,27.262670516967773,27.9464760185044,27.164981798627082,27.889489380120835,54493700
2013-06-21,27.083581924438477,27.45804608789101,26.904489017843726,27.40106254585998,85338500
2013-06-24,27.449901580810547,27.8406471239967,26.513738248652174,26.81493735593471,56109000
2013-06-25,27.409198760986328,27.98717950475049,27.238248153354725,27.742963907366796,44073400
2013-06-26,27.962757110595703,28.06858501316644,27.588292969646876,27.77552504012129,48665900
2013-06-27,28.18254852294922,28.312797038329826,28.08486291275615,28.10114436534992,28993100
2013-06-28,28.117429733276367,28.32094326098328,27.954618290036834,27.987181199758737,65545500
2013-07-01,27.97088623046875,28.483740942002605,27.946465612661395,28.288366683438305,31055400
2013-07-02,27.62899398803711,28.03602102259766,27.376639214046257,28.01160039424237,37630000
2013-07-03,27.68597412109375,27.97903404681156,27.352212117997233,27.401056474073354,15994400
2013-07-05,27.848793029785156,27.873216767080102,27.335941127145574,27.75110739671623,26085900
2013-07-08,27.946474075317383,28.158126739599528,27.661553324689404,27.962752421872644,32396900
2013-07-09,27.962757110595703,28.166270635724842,27.791806494776015,28.149992286440067,25318500
2013-07-10,28.24766731262207,28.337213726947077,27.938326000963524,27.95460744951069,29658800
2013-07-11,29.053585052490234,29.11871086062526,28.410484776688858,28.491888931488184,53638300
2013-07-12,29.037303924560547,29.086148281207,28.71982336978233,28.9640420476451,35501200
2013-07-15,29.444326400756836,29.485031577741196,28.96403760817907,29.02916030168983,34142600
2013-07-16,29.525737762451172,29.655986272986027,29.273379914690764,29.314081991976135,36378500
2013-07-17,29.094287872314453,29.623421046274487,28.890774396475393,29.582718972180515,37285100
2013-07-18,28.85007667541504,29.216401647702547,28.670986882028927,29.078013938932823,49547100
2013-07-19,25.561296463012695,26.595143910437432,25.25195661199184,26.375352053071744,248428500
2013-07-22,26.057870864868164,26.057870864868164,25.724110354488843,25.80551607655734,79040700
2013-07-23,25.903200149536133,26.08229303789786,25.813653705355268,25.9764651397414,65810400
2013-07-24,26.017162322998047,26.204394350407114,25.960178797498298,26.082288126637323,52803100
2013-07-25,25.553159713745117,25.76481398272923,25.439192627632554,25.740393351525164,63213000
2013-07-26,25.740394592285156,25.740394592285156,25.406630940451972,25.447334582229274,38633600
2013-07-29,25.67526626586914,25.724109075608002,25.561297639565225,25.61828117637472,28870700
2013-07-30,25.9276180267334,26.14741140818044,25.683400915692182,25.87063449996251,45799500
2013-07-31,25.91948699951172,26.090437643789777,25.81365907932367,26.02531336701453,43898400
2013-08-01,25.781091690063477,26.122994451373323,25.72410815529265,26.098573823720034,42557900
2013-08-02,25.960180282592773,25.968321008513385,25.69968326387198,25.79737042223463,29199900
2013-08-05,25.805511474609375,26.049727044578407,25.75666711846779,25.968321337027156,30984000
2013-08-06,25.707820892333984,25.781085864107318,25.545009498907792,25.6833987175147,36331500
2013-08-07,26.098573684692383,26.131133486266737,25.43918879323854,25.675265210528526,38078600
2013-08-08,26.774229049682617,26.920758982465344,26.09042373181949,26.245095941628378,59034400
2013-08-09,26.619565963745117,26.782377382021902,26.432333919606144,26.676549494336566,26800700
2013-08-12,26.75796127319336,26.839368558206587,26.424199168065133,26.424199168065133,25493700
2013-08-13,26.421842575073242,26.684175236593667,26.405446392821712,26.651382872090615,39464100
2013-08-14,26.520212173461914,27.348202040908408,25.98735041068342,26.348056979052775,48519600
2013-08-15,26.061132431030273,26.38085012366754,25.282331079047545,26.23328763056548,33338000
2013-08-16,26.0693359375,26.22509656232668,25.95456577374677,26.06113940891152,32866300
2013-08-19,25.733217239379883,26.208695554950467,25.725019148673812,26.03654034100077,27902500
2013-08-20,25.921768188476562,26.151308455945003,25.716820627593567,25.774205694460676,22979600
2013-08-21,25.913570404052734,26.241484628982267,25.856185336508776,25.913570404052734,37409100
2013-08-22,26.553010940551758,26.63499185809147,26.315270970564956,26.389052232724577,31169900
2013-08-23,28.48772430419922,28.85663071200637,27.872881333604994,28.832034866650517,225493800
2013-08-26,27.995845794677734,28.422134086993193,27.897468686679584,28.200793412128515,72786800
2013-08-27,27.266216278076172,27.95484006009393,27.176041997512133,27.479363446957176,58522300
2013-08-28,27.06947898864746,27.544955787544747,27.05308280561622,27.372800556594978,44257400
2013-08-29,27.503969192504883,27.54495808988295,26.889126350076673,26.99569998506157,45284700
2013-08-30,27.381006240844727,27.446587860158147,27.12687003877974,27.35641039725596,42790200
2013-09-03,26.134910583496094,26.290671157496465,25.65123580966725,26.028338546733124,154507000
2013-09-04,25.57745933532715,25.798801539653024,25.503678079343196,25.73321837473684,142320600
2013-09-05,25.602052688598633,25.77420947809827,25.37251238743382,25.495480629290117,71644900
2013-09-06,25.536462783813477,25.733212231593146,25.5200666055921,25.667629082333256,75434900
2013-09-09,25.954557418823242,26.06113101968133,25.577454680096366,25.59384929562201,49628500
2013-09-10,26.553010940551758,26.56121059593185,26.061137944322454,26.151313826363893,56881200
2013-09-11,26.83993911743164,26.995698167884555,26.667780756428503,26.70057312302455,39087500
2013-09-12,26.7989444732666,26.872725727262058,26.716966692050267,26.823540309433017,32860200
2013-09-13,27.077672958374023,27.11046532133844,26.65138162159217,26.864528853609023,40899000
2013-09-16,26.88912010192871,27.462973913634087,26.83173503348334,27.364599957335123,52839700
2013-09-17,26.995698928833008,27.43838650860139,26.97110621681886,27.397394485574758,84716500
2013-09-18,27.31541633605957,27.381001070240867,26.91372078458201,27.04488712569235,64099900
2013-09-19,27.57775115966797,27.610543529304913,27.315418457077385,27.446584808372677,42026600
2013-09-20,26.880924224853516,27.44657839630656,26.79894331991352,27.389193326474444,102904900
2013-09-23,26.83993911743164,27.0284905344806,26.64318804510757,26.675980411703616,39826100
2013-09-24,26.60219383239746,26.946504231067635,26.356257386597107,26.946504231067635,40685000
2013-09-25,26.651382446289062,26.889122394259896,26.56120813622436,26.634989391551446,28907500
2013-09-26,26.86452865600586,27.053080050786576,26.716966151003238,26.757955040781336,28504000
2013-09-27,27.27442169189453,27.667920632283483,26.946504344611274,26.95470399828173,55348000
2013-09-30,27.282621383666992,27.3072172202804,26.807144614917792,27.053081090288202,39839500
2013-10-01,27.5285587310791,27.553151438425857,27.299015329253145,27.340004217248303,36718700
2013-10-02,27.807300567626953,27.897478049932033,27.290834649930897,27.348219751897126,46946800
2013-10-03,27.75809669494629,27.87286682267945,27.397387005211872,27.774492874229804,38703800
2013-10-04,27.774497985839844,27.864675424869674,27.561350743178053,27.618735817605764,33008100
2013-10-07,27.299013137817383,27.63512699599879,27.217035368407846,27.544949573297433,35069300
2013-10-08,27.0612850189209,27.323620875283755,26.889129751802333,27.307224688807775,41017600
2013-10-09,27.110462188720703,27.3400024484445,27.020284764614498,27.110462188720703,35878600
2013-10-10,27.676124572753906,27.782698208258306,27.26622934247036,27.30722136730066,42875100
2013-10-11,27.979442596435547,27.98763912308788,27.610536352046967,27.610536352046967,30033300
2013-10-14,28.241777420043945,28.282766310986293,27.692516274210313,27.79089336517426,27757900
2013-10-15,28.274566650390625,28.68446176889454,28.25817047038028,28.422126015980584,47097800
2013-10-16,28.397541046142578,28.61068831709478,28.331959435485892,28.36474867718802,35111600
2013-10-17,28.627073287963867,28.684461481049983,28.17618928758444,28.241774006967685,31359200
2013-10-18,28.65986442565918,28.684460258004954,28.143398855169046,28.545094298883594,41811700
2013-10-21,28.684463500976562,28.856618710603243,28.618878776974913,28.67626384685047,27433500
2013-10-22,28.348350524902344,28.774638735684935,28.299161980311187,28.709057136815254,40438500
2013-10-23,27.676124572753906,28.27457436095002,27.60234330621277,28.159801069578588,58600500
2013-10-24,27.643333435058594,27.95485153708612,27.520363623506736,27.725311224591685,53209700
2013-10-25,29.291099548339844,29.750183124674184,29.07795550087273,29.414069312773456,113494000
2013-10-28,29.159948348999023,29.291114706221784,28.914011820112922,29.19274072011787,38383600
2013-10-29,29.118953704833984,29.282912400833734,28.905806461858706,29.209131143996448,31702200
2013-10-30,29.135347366333008,29.340294936787373,29.045169934972808,29.127147712253855,36997700
2013-10-31,29.028779983520508,29.25832031096723,28.971394901658826,29.23372759795577,41682300
2013-11-01,29.127147674560547,29.258313994391532,29.012377535614906,29.24191781350619,40264600
2013-11-04,29.463253021240234,29.496045373502252,29.143535404812674,29.17632775707469,28060700
2013-11-05,30.037128448486328,30.094513542913596,29.323911469709536,29.340307657724914,51681900
2013-11-06,31.299591064453125,31.3323834240184,30.38142688738618,30.52898937817838,88948800
2013-11-07,30.742130279541016,31.160221875352242,30.68474521986597,31.1192329937631,60437400
2013-11-08,30.971681594848633,30.971681594848633,30.610974929710544,30.88150414675103,36737800
2013-11-11,30.8159122467041,30.971671251330104,30.619161232267476,30.89789001182278,26872500
2013-11-12,30.62736701965332,30.824114946246382,30.49620069284064,30.643763201411396,31651600
2013-11-13,31.2831974029541,31.283197402954105,30.250263011509468,30.315844608667774,44957600
2013-11-14,31.168426513671875,31.25860394394336,30.92249005754619,31.04545672198318,46183700
2013-11-15,31.020872116088867,31.16843465375268,30.92249813339717,31.11104956991148,50601300
2013-11-18,30.496191024780273,30.807712124919817,30.389617440765264,30.61915765810444,53277500
2013-11-19,30.3475284576416,30.752270521756554,30.28970501179829,30.43838667032167,44275000
2013-11-20,30.628358840942383,30.900939670572473,30.446636187210004,30.496194619341765,32229900
2013-11-21,30.892688751220703,31.00006748182252,30.777045028237627,30.785306869649624,23064700
2013-11-22,31.03310775756836,31.123969104977647,30.83486768228371,31.000066694697857,27982000
2013-11-25,31.090927124023438,31.34699062725476,31.033106841192026,31.330470096307344,30646800
2013-11-26,30.851377487182617,31.09918224689365,30.851377487182617,31.033100137379133,34465300
2013-11-27,31.057891845703125,31.1900529669243,30.967033635026432,31.033112620152178,26002100
2013-11-29,31.49566078186035,31.62782183032817,31.239597371905475,31.239597371905475,22090400
2013-12-02,31.759990692138672,32.03257154311327,31.43784825418291,31.462627472189133,42950400
2013-12-03,31.644346237182617,31.79302782881921,31.45436490363993,31.50392333353991,52109800
2013-12-04,32.164737701416016,32.19777876461911,31.487411660598656,31.56175247732101,51983600
2013-12-05,31.388296127319336,32.11518386727613,30.710969989281068,32.09040149083203,116305000
2013-12-06,31.685659408569336,31.84259975471657,31.380037407769066,31.735217859473902,36457300
2013-12-09,31.974756240844727,32.106917342383646,31.693913506203366,31.850856980572168,30286000
2013-12-10,31.479148864746094,32.13169559854006,31.40480805771933,31.892152648012836,37828600
2013-12-11,31.066146850585938,31.63609096960156,30.884424167290092,31.43785090688699,39853400
2013-12-12,30.74399185180664,31.09091339560944,30.71095080450132,31.09091339560944,36012800
2013-12-13,30.306209564208984,30.933976936025672,30.24838929982693,30.90919457202759,40066100
2013-12-16,30.47142791748047,30.562289281662192,30.18232644142022,30.33926679257153,31734200
2013-12-17,30.165788650512695,30.65313311063449,30.00884838913949,30.51271022332755,45687700
2013-12-18,30.21535301208496,30.231870387674462,29.348042698128257,30.033630370917916,63192100
2013-12-19,29.942773818969727,30.190575454864,29.80235404731818,30.15753439648643,34160100
2013-12-20,30.39706802368164,30.504449855001635,29.893203066296795,29.90146490384253,62649100
2013-12-23,30.24839973449707,30.471422181606474,30.190579450168983,30.40534320707545,25128700
2013-12-24,30.628358840942383,30.70269648914002,30.264913533477625,30.330995644277934,14243000
2013-12-26,30.925718307495117,30.96702120145607,30.7026959141733,30.727478280743558,17612800
2013-12-27,30.801816940307617,31.074397745911018,30.70269378284439,31.04135984439147,14563000
2013-12-30,30.801816940307617,30.876157732920944,30.479674555972604,30.743996673938163,16290500
2013-12-31,30.90094757080078,31.04137051666815,30.744007243978924,30.892688880323536,17503500
2014-01-02,30.694448471069336,30.89269172141699,30.64488687074003,30.85138881232445,30632200
2014-01-03,30.487937927246094,30.74400139691095,30.23187445758124,30.72748086812915,31134800
2014-01-06,29.843658447265625,30.471422899460677,29.82713791550138,30.438381835932187,43603700
2014-01-07,30.074939727783203,30.141021855142867,29.909737560353307,30.0088607513928,35802800
2014-01-08,29.53802490234375,29.851908614305394,29.389346460854917,29.736268075942775,59971700
2014-01-09,29.348047256469727,29.661931007883005,29.240668543618636,29.63715178968179,36516300
2014-01-10,29.76930809020996,29.860169410312093,29.529765182844024,29.65366755588661,40548800
2014-01-13,28.89375114440918,29.75279997335275,28.76985187065761,29.728020748796347,45901900
2014-01-14,29.554548263549805,29.63715090670746,28.60464149950163,28.687240991690633,41623300
2014-01-15,30.36404037475586,30.388822747361463,29.61237352574904,29.653676429768645,44812600
2014-01-16,30.47142791748047,30.562289281662192,29.99234502129923,30.30622572360185,38018700
2014-01-17,30.050159454345703,30.421863530318355,29.86017807128616,30.421863530318355,46267500
2014-01-21,29.876689910888672,30.413596048942118,29.785831732251097,30.413596048942118,31567300
2014-01-22,29.678455352783203,30.00059783469202,29.529773722522343,29.95103624094868,21904300
2014-01-23,29.785837173461914,29.84365745723402,29.339792283532123,29.810616394801634,43954000
2014-01-24,30.40534019470215,31.016584040174838,30.17405592933485,30.933984542452215,76395500
2014-01-27,29.761043548583984,30.471410367446836,29.71974381164339,30.45488984247701,44420800
2014-01-28,29.95930290222168,30.05842295468667,29.529778473580514,29.8354004734132,36205500
2014-01-29,30.28143310546875,30.4631557534658,29.653668827520974,29.7197477852673,52745900
2014-01-30,30.446645736694336,30.46316626957602,29.926259979314377,30.38882544709317,35036300
2014-01-31,31.256134033203125,31.297433791364345,30.198845099621995,30.5209876246369,93162300
2014-02-03,30.13275718688965,31.38003044055395,30.09145743664895,31.173528538381486,64063100
2014-02-04,30.025375366210938,30.7192218847213,29.942775865590004,30.53750235316145,54697900
2014-02-05,29.587587356567383,30.124493473058028,29.571066829032606,29.975811876213495,55814400
2014-02-06,29.884950637817383,29.942770908874284,29.480205589450616,29.571066915673878,35351800
2014-02-07,30.198835372924805,30.22361458964652,29.74452872656963,30.000592186245406,33260500
2014-02-10,30.39706802368164,30.39706802368164,29.975805686915173,30.25664829508208,26767000
2014-02-11,30.702693939208984,30.77703473220092,30.446633658545377,30.46315418487339,32141400
2014-02-12,30.950502395629883,31.057881103189548,30.810079480482383,30.851379225772146,27051800
2014-02-13,31.066146850585938,31.272648753978856,30.83486572709594,30.83486572709594,37635500
2014-02-14,31.074399948120117,31.20656101646901,30.83486017802854,30.88441860930411,31407500
2014-02-18,31.140974044799805,31.440567048852216,31.132653427841156,31.315738746894592,32834000
2014-02-19,31.21586799621582,31.41559769627259,30.96620825209177,30.974532042500243,29750400
2014-02-20,31.415616989135742,31.515480313193944,31.12434763788355,31.265820415749516,27526100
2014-02-21,31.607025146484375,31.914938934931083,31.507161815695884,31.57373631135553,38021300
2014-02-24,31.36566162109375,31.607000727426115,31.240833347697954,31.36566162109375,32085100
2014-02-25,31.240829467773438,31.498809772175818,31.08270923000919,31.29908328970915,30736500
2014-02-26,31.182588577270508,31.407283344172928,30.94957001829956,31.27413124244518,41041800
2014-02-27,31.507152557373047,31.532117589084727,30.982864669247988,31.16595003405927,33903400
2014-02-28,31.881641387939453,32.0064697112357,31.473861246139244,31.60701336241336,41215000
2014-03-03,31.440574645996094,31.731847103471484,31.19923860072425,31.557082359147415,29717500
2014-03-04,31.964866638183594,32.02312050224656,31.681917937907404,31.790105045994697,26802400
2014-03-05,31.715200424194336,31.848352540364527,31.565403896678266,31.831708129018647,20520100
2014-03-06,31.748485565185547,31.823383820258037,31.532111417377692,31.74016177317944,23582200
2014-03-07,31.540430068969727,31.923241899351666,31.365665385885823,31.856664272539515,26591600
2014-03-10,31.47385025024414,31.631967341017386,31.390631397120487,31.615326110069258,19006600
2014-03-11,31.64029884338379,31.815060382298896,31.390639048562704,31.515467358674982,25216400
2014-03-12,31.848365783691406,31.981517955229513,31.448909269077078,31.457229890911503,30494100
2014-03-13,31.5321102142334,31.99814413630199,31.32405986637005,31.973175935832852,32169700
2014-03-14,31.373998641967773,31.740166176118215,31.21587831788252,31.332389199954736,27195600
2014-03-17,31.665271759033203,31.964864857292635,31.448900729511013,31.54044341782332,20479600
2014-03-18,32.91356658935547,33.20483900052293,31.806740315789547,31.840025960971516,64063900
2014-03-19,32.680545806884766,32.91356115768735,32.38095282751227,32.84698670371349,35597200
2014-03-20,33.56269454956055,33.82899882741128,32.655594611069795,32.663915230866266,59269800
2014-03-21,33.42121505737305,34.0703312686882,33.29638355153687,33.88724908128476,80721800
2014-03-24,33.70417022705078,33.820677961875326,33.17156162522561,33.57101807659449,46098400
2014-03-25,33.571014404296875,34.111946742064745,33.25477689108193,33.837318676078716,43193100
2014-03-26,33.11330032348633,33.87892422306899,32.95517999778346,33.687518248173326,41977500
2014-03-27,32.75544738769531,33.26309074615547,32.73880297885769,33.07168480641738,35369200
2014-03-28,33.537723541259766,33.8206722096804,33.021759442821136,33.11330212592739,43472700
2014-03-31,34.11193084716797,34.536352090494034,33.62093197962049,33.645897001405594,46886300
2014-04-01,34.46978759765625,34.61126351572457,34.17851831721714,34.24509596680154,32605000
2014-04-02,34.411529541015625,34.66951313976801,34.26173302233317,34.48642780035686,28666700
2014-04-03,34.12857437133789,34.361592897170866,33.878914612927474,34.361592897170866,30139600
2014-04-04,33.179874420166016,34.444821138458025,32.98846844744114,34.32831343111218,51409600
2014-04-07,33.121612548828125,33.51274819274818,33.071682500393166,33.254764635648286,37559600
2014-04-08,33.138267517089844,33.229810201188535,32.62230341305752,33.0800136589538,35918600
2014-04-09,33.679195404052734,33.745769872636146,33.18819639668766,33.22980583637689,27398700
2014-04-10,32.75544738769531,33.86227359132798,32.53075263028198,33.654223242752266,45960800
2014-04-11,32.630615234375,33.113293556902,32.45585370708611,32.45585370708611,34330200
2014-04-14,32.60566329956055,32.79706931218939,32.37264783629023,32.54740943374296,32006600
2014-04-15,33.07999038696289,33.25475183842519,32.49744904082695,32.738788097376755,33968700
2014-04-16,33.620941162109375,33.6375823981139,33.213161038870666,33.337992531081646,30615800
2014-04-17,33.2963752746582,33.45449556602445,32.8802745914355,33.2963752746582,36688400
2014-04-21,33.238128662109375,33.412893399766574,33.11330033475076,33.39624898786604,22221200
2014-04-22,33.27975082397461,33.40457918713468,33.14659866517847,33.2547826116643,27056700
2014-04-23,33.03007507324219,33.279738052950485,32.84699290927854,33.279738052950485,24602800
2014-04-24,33.17155075073242,33.26309341939813,32.705516789614556,33.071687464277396,42381600
2014-04-25,33.21316146850586,33.8539569992577,33.0800093565702,33.52939892482683,56876800
2014-04-28,34.012088775634766,34.36161520399123,33.36297234745607,33.40458180510376,50610200
2014-04-29,33.71249008178711,34.278387502021396,33.61262676486271,34.20348922067869,29636200
2014-04-30,33.620941162109375,33.70416004051888,33.429532027493416,33.620941162109375,35458700
2014-05-01,33.28804397583008,33.58763687954779,33.24643455577934,33.48777363650697,28787400
2014-05-02,33.03007507324219,33.57100729648128,33.00511004511002,33.54604226834911,43416600
2014-05-05,32.81370544433594,32.98846699767433,32.70551836029926,32.88860370642336,22460900
2014-05-06,32.50578689575195,32.7471228821458,32.4142442364387,32.697192831317714,27112400
2014-05-07,32.805381774902344,32.8802800372714,32.04807853299162,32.63894401372383,41744500
2014-05-08,32.988460540771484,33.20483466649347,32.43088716794208,32.73880077421211,32120400
2014-05-09,32.905250549316406,33.16323100199763,32.76377463287446,32.905250549316406,29647600
2014-05-12,33.26309585571289,33.3047052969004,32.99679162259659,33.071689886572855,22782600
2014-05-13,33.87488555908203,33.94193288699549,33.397184537172606,33.4558493506006,27004800
2014-05-14,33.72404098510742,33.90003545419763,33.56480515374602,33.77432329228001,18818700
2014-05-15,33.18766784667969,33.858128366404685,33.11224119806026,33.59832475516161,37793200
2014-05-16,33.38043975830078,33.38881907927191,32.911117859070245,33.246345046811584,29867100
2014-05-19,33.313385009765625,33.372049834526514,33.07034319461728,33.196055360243854,24537400
2014-05-20,33.25471496582031,33.472612395449374,33.07033800437002,33.25471496582031,21320900
2014-05-21,33.816226959228516,33.816226959228516,33.30500537642033,33.35528768460201,22398700
2014-05-22,33.6067008972168,33.816218990583465,33.39718280385013,33.7659366942506,20201800
2014-05-23,33.623470306396484,33.83298844698444,33.52290249407234,33.83298844698444,18020000
2014-05-27,33.682132720947266,33.740797540356546,33.36366747186628,33.740797540356546,26160600
2014-05-28,33.531272888183594,33.68212616501457,33.372040294636335,33.6402231874487,25711500
2014-05-29,33.807838439941406,33.816217756693675,33.447467076740615,33.648605845710094,19888200
2014-05-30,34.3106803894043,34.335824733515594,33.732411626720584,33.90002673382945,34567600
2014-06-02,34.18498229980469,34.43640344171905,34.092793801804326,34.31907378862523,18504300
2014-06-03,33.76594543457031,34.092793233308136,33.732421763675866,34.025745891519236,18068900
2014-06-04,33.791080474853516,33.83298345739275,33.40556792030432,33.69889199507161,23209000
2014-06-05,34.536956787109375,34.570480444515454,33.858120308091905,34.01735288528288,31865200
2014-06-06,34.76323699951172,34.914090262237494,34.56210144720532,34.76323699951172,24060500
2014-06-09,34.58724594116211,34.76324036572016,34.377727855642824,34.68781372705353,15019200
2014-06-10,34.45317077636719,34.495073773875326,34.24365259183272,34.38612342275914,15117700
2014-06-11,34.2436408996582,34.419635347296975,34.168214251099776,34.30230571553779,18040000
2014-06-12,34.00897979736328,34.2604008799668,33.76593803214979,34.20173606725906,29818900
2014-06-13,34.55374526977539,34.838690183543136,34.24365919205574,34.4447948976598,26310000
2014-06-16,34.779998779296875,34.87218723938722,34.39448630709359,34.39448630709359,24205300
2014-06-17,34.93086242675781,35.123618720165915,33.807845136950604,34.604014659805244,22518600
2014-06-18,34.90571594238281,34.981142584541566,34.51182090033238,34.872192279869495,27097000
2014-06-19,34.78838348388672,35.006284095487636,34.63753339499929,34.838668978177495,19828200
2014-06-20,34.93086242675781,35.05657458189014,34.67944131348606,34.7381061333497,47764900
2014-06-23,35.19066619873047,35.19904551717672,34.939241887442016,34.97276555521287,18743900
2014-06-24,34.989532470703125,35.148765120250985,34.83029982115527,35.05657981598225,26509100
2014-06-25,35.22418975830078,35.24095159365604,34.74648864015201,34.94762746742195,20049100
2014-06-26,34.96438217163086,35.14875592894847,34.72134040403884,35.14037661147644,23604400
2014-06-27,35.40855407714844,35.44207773586052,34.78837917894318,34.87218832572338,74640000
2014-06-30,34.94761657714844,35.37503205604147,34.94761657714844,35.34150839577749,30793100
2014-07-01,35.090110778808594,35.32477336042443,34.93925740383926,35.081731456641116,26917000
2014-07-02,35.115230560302734,35.115230560302734,34.80514150824987,34.97275660722588,20208100
2014-07-03,35.03143310546875,35.19066894129378,34.83029747715411,35.12362160052678,15969300
2014-07-07,35.19066619873047,35.29961332349635,34.95600372132744,34.98952738909829,21952400
2014-07-08,35.01466751098633,35.19904448130707,34.87219672264236,35.09009416275455,31218200
2014-07-09,34.9224739074707,35.1906600054459,34.80514428791475,35.18227749148198,18445900
2014-07-10,34.939231872558594,35.19903542782394,34.40286612993904,34.67104900124882,21854700
2014-07-11,35.27446365356445,35.27446365356445,34.763239032977815,34.94761596420372,24083000
2014-07-14,35.31637954711914,35.57618320914679,35.232573564268066,35.383426890994656,21881100
2014-07-15,35.576175689697266,35.59293752212333,35.22418360273517,35.47560789213351,28748700
2014-07-16,36.942237854003906,37.13499414807512,35.60131991695344,35.62646106926923,63318000
2014-07-17,37.31937026977539,38.30829615152899,37.08471097478068,38.09039869146149,82180300
2014-07-18,37.45344924926758,37.57916137075913,37.08469859494683,37.41992878759628,43407500
2014-07-21,37.57917404174805,37.847357007497024,37.05956994523355,37.34451474596598,37604400
2014-07-22,37.57078552246094,37.83896842253759,37.36964674890728,37.713256289442505,43095800
2014-07-23,37.604312896728516,38.09039649055177,37.394794767734275,38.09039649055177,52362900
2014-07-24,37.210426330566406,37.71326863354971,37.14337898510549,37.65460380476811,30725300
2014-07-25,37.294219970703125,37.42831142024619,37.12660485952622,37.12660485952622,26737700
2014-07-28,36.85003662109375,37.30259319121965,36.8165129649387,37.17688427612594,29684200
2014-07-29,36.78299331665039,36.95060841869712,36.573475238340016,36.79975514655428,27763100
2014-07-30,36.523189544677734,36.95898429363015,36.28014782919098,36.93384314961148,31921400
2014-07-31,36.17120361328125,36.615380949437736,36.10415948565027,36.35558055900314,31537500
2014-08-01,35.91978454589844,36.246632279209486,35.701883925696016,36.21310861502564,31170300
2014-08-04,36.347190856933594,36.43099999613878,35.87787246535162,36.01196389108816,34277400
2014-08-05,36.104156494140625,36.422621668737165,35.894638417541366,36.29691274097289,26266400
2014-08-06,35.819236755371094,36.179605157139044,35.37505594934175,35.819236755371094,24634000
2014-08-07,36.229881286621094,36.414258297802846,35.74380079849676,35.903033455521474,30314900
2014-08-08,36.20472717285156,36.30529496250884,35.96168541727011,36.22986832101778,28942700
2014-08-11,36.20472717285156,36.414245266216454,36.05387388986945,36.255009469184,20351600
2014-08-12,36.47291946411133,36.53158428959344,36.0371213341062,36.07064500495119,21431100
2014-08-13,36.942237854003906,37.026043826385155,36.4729160964873,36.60700757049306,22889500
2014-08-14,37.101470947265625,37.22717990741961,36.883570301143315,36.942238318940056,19313200
2014-08-15,37.53726577758789,37.629454258544854,37.21041803382606,37.36127133048424,41611300
2014-08-18,37.80543518066406,37.80543518066406,37.44506390057017,37.66296125279386,26891100
2014-08-19,38.22711181640625,38.2355434718174,37.805458272701586,37.923520750225094,28139500
2014-08-20,37.906646728515625,38.28613548621933,37.86448202587312,38.23553591287197,24770500
2014-08-21,38.134342193603516,38.15964037326331,37.805452990183035,37.813884644416035,22285500
2014-08-22,38.07530975341797,38.34516771775154,38.00784365385423,38.24396856840593,18294500
2014-08-25,38.09215545654297,38.319848611898074,37.98252792085878,38.28611879466558,16910000
2014-08-26,37.957244873046875,38.286137289857756,37.89821364317432,38.21023953474151,14873100
2014-08-27,37.839176177978516,37.948806965516646,37.746411912904726,37.864477570155145,21287900
2014-08-28,37.84761428833008,37.93194369091214,37.619921041005895,37.73798349140499,17657600
2014-08-29,38.311431884765625,38.31986353811821,37.83074721965662,38.02470741637074,21607600
2014-09-02,38.02471160888672,38.336734288702715,37.822316519543946,38.31143610889517,22976800
2014-09-03,37.915061950683594,38.041559220750486,37.55243987458166,37.55243987458166,33684500
2014-09-04,38.1680793762207,38.17651424903851,37.71269596986283,37.729562498537035,26475500
2014-09-05,38.716224670410156,38.733091196632394,38.0415797063253,38.0415797063253,36939400
2014-09-08,39.18846130371094,39.466750827158656,38.78367449517634,38.80897266540988,45736700
2014-09-09,39.43302917480469,39.61012606845337,39.146304700516964,39.18847261902793,40302400
2014-09-10,39.50048828125,39.58481766942881,39.02823534335278,39.48362176022224,27302400
2014-09-11,39.635414123535156,39.635414123535156,39.18846261071814,39.41615580129277,29216400
2014-09-12,39.382423400878906,39.65228128661411,39.298090800986806,39.55951703521268,38244700
2014-09-15,38.9945182800293,39.39087039453617,38.87645259419556,39.247509744322436,37667600
2014-09-16,39.43302917480469,39.508926924379686,39.03667711987793,39.12100652297881,27910600
2014-09-17,39.230628967285156,39.373989565423294,38.98606924662145,39.01136741877292,38311900
2014-09-18,39.365562438964844,39.4920597481834,39.180033909967015,39.28966469682575,35556600
2014-09-19,40.073936462402344,40.11610115579106,39.29809259281851,39.47518945218693,202522400
2014-09-22,39.686012268066406,39.95587013980415,39.61854619165218,39.88840406338992,38686100
2014-09-23,39.26436233520508,39.6185496161155,39.18846460115858,39.508918840946144,33430300
2014-09-24,39.70289993286133,39.72819811651063,39.07885126150089,39.3234110933152,26582700
2014-09-25,38.82585525512695,39.711326966365725,38.81742038358473,39.53423326751015,33077400
2014-09-26,39.13786315917969,39.31495679112681,38.58971252662748,38.73307633603209,27078800
2014-09-29,39.163169860839844,39.264369001389696,38.5897209322323,38.775249472946626,26091000
2014-09-30,39.09571075439453,39.196906687743066,38.80055139143363,39.10414240843995,33033100
2014-10-01,38.70777130126953,39.239052102904836,38.665603400889054,39.019793818938396,38088400
2014-10-02,38.5897216796875,38.87644614954492,38.48852575413796,38.648756121298575,25119400
2014-10-03,38.868011474609375,39.04510513479419,38.463224586918265,38.77524720966679,32453200
2014-10-06,38.868011474609375,39.04510513479419,38.72464764234532,38.89330964979,20604000
2014-10-07,38.39577102661133,38.7330951515776,38.303006731397545,38.67406391225269,25723700
2014-10-08,39.44990158081055,39.542665868229015,38.235540623509436,38.353603092238025,33031000
2014-10-09,38.66561508178711,39.46675717665443,38.57285403702067,39.21376578273846,34422800
2014-10-10,37.130794525146484,38.89330573056935,37.063331659142875,38.454785842186254,51978100
2014-10-13,36.81034851074219,37.57775768272359,36.67541953161229,36.95370914364743,37100200
2014-10-14,36.8778076171875,37.42595834833692,36.734446998955974,36.99587005972177,38115700
2014-10-15,36.44771957397461,36.59108018051804,35.50321367678484,36.26219105542661,60218700
2014-10-16,36.04293441772461,36.32965886134848,35.604414491184556,35.865837543015616,49040400
2014-10-17,36.79347610473633,37.05489915047128,36.085098273299515,36.43085392811033,40683300
2014-10-20,37.172977447509766,37.22357381320546,36.101977075147786,36.31280384410972,34527900
2014-10-21,37.84761428833008,37.93194369091214,37.265730472848105,37.409094317590224,36433800
2014-10-22,37.42596435546875,38.00784500862371,37.29946702275816,37.94881377788165,33570900
2014-10-23,37.96568298339844,38.328305264675045,37.55246112207357,37.62835888366544,45451900
2014-10-24,38.9017448425293,39.55109148555935,38.10060271323455,39.492060265007545,61076700
2014-10-27,38.716224670410156,38.87645184408001,38.54756262514871,38.54756262514871,30371300
2014-10-28,39.20533752441406,39.21376917759183,38.59815555288209,38.67405329932358,29049800
2014-10-29,39.314964294433594,39.38243038631403,39.07883940677271,39.16316880466293,30276100
2014-10-30,38.834266662597656,39.061959821110875,38.598141853899165,39.061959821110875,30073900
2014-10-31,39.59324264526367,39.61010916207699,39.19688754254857,39.58480777837744,35849700
2014-11-03,40.0064811706543,40.023347695951294,39.40773399893441,39.54266298434961,23130400
2014-11-04,40.1161003112793,40.25102925745862,39.84624241892064,39.888407111421714,21530800
2014-11-05,40.36067199707031,40.394405047855784,39.85468588617061,40.310072420892105,22449600
2014-11-06,41.06903839111328,41.203967339224114,40.301629395552936,40.360660609291436,33037800
2014-11-07,41.05217742919922,41.254569270290645,40.72328827470542,41.254569270290645,28000600
2014-11-10,41.229270935058594,41.44853251518064,40.942546480486904,41.02687909474934,36370100
2014-11-11,41.21239471435547,41.27986078988972,41.02686944055539,41.19552819547191,23445200
2014-11-12,41.136505126953125,41.25456756553784,40.91724677200439,40.95097981644579,22722100
2014-11-13,41.836463928222656,41.87019698282791,41.07748628441022,41.16181892092335,26210400
2014-11-14,41.811153411865234,42.207505427192935,41.65092305823726,41.946082373522366,29081700
2014-11-17,41.709964752197266,41.920791508789804,41.4401067611157,41.66780004427096,30318600
2014-11-18,41.36201858520508,41.86270788426589,41.32807277981956,41.69298209458846,23995500
2014-11-19,40.92073059082031,41.370501157225014,40.67462837109887,41.29412471790629,26177500
2014-11-20,41.32807159423828,41.32807159423828,40.623710720320574,40.73403296603361,21510600
2014-11-21,40.71706008911133,41.625089315563,40.36912368680041,41.59963158086345,42884800
2014-11-24,40.3860969543457,40.73403335980403,40.2163711678965,40.72554852724412,35434200
2014-11-25,40.284271240234375,40.70858417687135,40.2672983342988,40.44550899074614,28008000
2014-11-26,40.521881103515625,40.72555271565125,40.12302594992737,40.30123982451495,27163600
2014-11-28,40.57280731201172,40.90377091028611,40.40308147674891,40.69161442552037,21534400
2014-12-01,41.26019287109375,41.39597289389503,40.48794338442693,40.63221147960702,31191600
2014-12-02,41.124412536621094,41.62510197389077,40.90377121521037,41.4468913022993,25773500
2014-12-03,40.80192565917969,41.158346903224434,40.57279632918656,41.10742819525368,23534800
2014-12-04,41.446876525878906,41.633575203224055,40.9037566324202,41.064994339150154,30320400
2014-12-05,41.0904541015625,41.55720081797333,41.05651153448269,41.42990567036127,27313400
2014-12-08,40.47944259643555,41.0310473053821,40.26728619209076,40.95467087032799,26663100
2014-12-09,40.3860969543457,40.6661417503243,39.92783830210788,39.97875700921768,24330500
2014-12-10,39.80055618286133,40.44551044535473,39.63083035465225,40.37762205642164,30431800
2014-12-11,40.02967834472656,40.513398040025,39.61385350610677,39.95330512874588,29060400
2014-12-12,39.84297180175781,40.50489872111715,39.60535443699445,39.698703769160446,34248400
2014-12-15,39.60536193847656,40.453987682902465,39.50352775557554,40.0551357843525,29247800
2014-12-16,38.32394790649414,39.32532678997514,38.29849016382549,38.951932536080115,47801400
2014-12-17,38.8161506652832,38.994361329982404,38.10330476923545,38.23059671377018,34970900
2014-12-18,40.326690673828125,40.326690673828125,39.32531216281273,39.528983740159035,40105600
2014-12-19,40.44550323486328,40.81889740055504,40.029675191746044,40.42004549820826,64551200
2014-12-22,40.71706008911133,40.83586716737602,40.4879307650651,40.54733430419745,26566000
2014-12-23,41.115928649902344,41.41294644273889,40.844368600094306,41.04803701882476,23648100
2014-12-24,40.85283279418945,41.27714556228407,40.80191733385779,41.27714556228407,11437800
2014-12-26,40.6322021484375,41.08197276369249,40.58128343761132,41.08197276369249,13197800
2014-12-29,40.267295837402344,40.5473406748473,40.10605485963802,40.47945229256542,14439500
2014-12-30,39.902381896972656,40.411556036038995,39.74962900780271,40.25880314686905,16384700
2014-12-31,39.41866683959961,40.25880452146984,39.41866683959961,39.65628101431033,21552500
2015-01-02,39.68173599243164,40.24182882049301,39.49504054124459,39.59687471800572,27913900
2015-01-05,39.31683349609375,39.6562818618999,39.24894188058228,39.35077606659908,39673900
2015-01-06,38.73977279663086,39.673259971651746,38.646423431678606,39.35926930183575,36447900
2015-01-07,39.23197555541992,39.427159126869654,38.60399419288615,39.01981907724617,29114100
2015-01-08,40.3860969543457,40.521876936055044,39.64779350612929,39.67325124105913,29645200
2015-01-09,40.0466423034668,40.581277356652265,39.80054333114321,40.4030667513404,23944200
2015-01-12,39.54597091674805,40.34368144092687,39.34230248645867,40.24184398853085,23651900
2015-01-13,39.34229278564453,40.65766213420199,39.08770569193188,39.85995504396889,35270600
2015-01-14,39.002830505371094,39.24044786681937,38.71429768145148,39.002830505371094,29719600
2015-01-15,38.595489501953125,39.3592537894075,38.53608597262329,39.22347383133223,32750800
2015-01-16,39.24045944213867,39.27440201471554,38.33242683413216,38.4512371685283,35695300
2015-01-20,39.36775207519531,39.58839660575821,38.671879147575076,39.29137562034672,36161900
2015-01-21,38.96889114379883,39.15558983637153,38.59549699590361,38.98586404651,39081100
2015-01-22,39.9957275390625,40.004212371119095,39.10467125962379,39.35925830557058,35898000
2015-01-23,40.03816604614258,40.216376689620084,39.71568733133765,40.19091895119488,26211600
2015-01-26,39.89390182495117,39.99573926298135,39.240462735803995,39.88541699040743,42525500
2015-01-27,36.20237350463867,36.66063217568163,35.73563000068763,36.44847574322658,169164000
2015-01-28,34.954898834228516,36.31270218467374,34.929441093747,36.270271538120944,84507100
2015-01-29,35.65077209472656,35.74412146027306,34.615450713735726,34.73425781997641,63585300
2015-01-30,34.28447341918945,35.285851824373914,34.242039552008265,35.26039085661529,78004900
2015-02-02,35.03127670288086,35.107653164650266,34.14022014040515,34.44572598748275,50352500
2015-02-03,35.30282974243164,35.582877792521394,34.83608622953236,35.328290716144544,52082400
2015-02-04,35.50650405883789,35.82049470245216,35.099164058061135,35.59136534503075,41614800
2015-02-05,36.02416229248047,36.18540001311411,35.52347299053892,35.82897876626599,36548200
2015-02-06,35.99021530151367,36.31269396940989,35.76957404700579,36.2193446257623,34616600
2015-02-09,35.947792053222656,36.27027078740073,35.82049687894819,35.84595785615354,31381100
2015-02-10,36.151458740234375,36.29572681341626,35.79503744869785,36.27026907466382,29670700
2015-02-11,35.964759826660156,36.19388916530627,35.820491767253216,36.19388916530627,38262500
2015-02-12,36.56728744506836,36.56728744506836,36.075082905738164,36.20237807618581,33268800
2015-02-13,37.22919845581055,37.22919845581055,36.618190318849344,36.813373788444515,40264900
2015-02-17,37.24630355834961,37.60526130587638,36.91298145813258,37.57962239827828,33695700
2015-02-18,37.203582763671875,37.34887757290222,37.0839301327114,37.28905125742198,27111700
2015-02-19,37.17793273925781,37.20357164957871,36.79333278300086,36.90444016153924,27603400
2015-02-20,37.48561096191406,37.502704654763036,36.998452126728196,37.18647622748982,29721100
2015-02-23,37.73346710205078,37.767651229710765,37.306134533557746,37.34886713834929,32518800
2015-02-24,37.68218231201172,37.86166119064787,37.53688755767166,37.733463388888524,25271700
2015-02-25,37.59672546386719,37.68219068402827,37.43433698115631,37.562538071687094,29759800
2015-02-26,37.65654373168945,37.80183522700649,37.51124897608395,37.59671743828968,28957300
2015-02-27,37.477054595947266,37.77618926739984,37.314669438498974,37.7163629851669,33807700
2015-03-02,37.50270080566406,37.76764486690921,37.22065979303615,37.32321867931529,31924000
2015-03-03,36.98990249633789,37.459970884300546,36.827517309770705,37.22921092847027,31748600
2015-03-04,36.801876068115234,36.93007386192282,36.64803610731554,36.759140209891136,25748700
2015-03-05,36.8446159362793,36.95572332106698,36.59676225494094,36.81042854706941,23193500
2015-03-06,36.20362091064453,36.84461985520895,36.02414198863591,36.75060615502655,36248800
2015-03-09,36.62238693237305,36.86169530353938,36.05830827081064,36.05830827081064,32108000
2015-03-10,35.92156219482422,36.5027345470562,35.92156219482422,36.195054682899546,39159700
2015-03-11,35.87883377075195,36.21215257552738,35.75918120086211,36.160874765739166,32215300
2015-03-12,35.05836486816406,35.59680482591244,34.92161857448228,35.32331223854888,59992500
2015-03-13,35.36604309082031,35.44296308097122,34.707950566260074,34.78487055641098,58007700
2015-03-16,35.51988983154297,35.588261357863075,35.28058133869942,35.442969826752055,35273500
2015-03-17,35.639530181884766,35.75063754174093,35.16946509673844,35.357489174624085,31673400
2015-03-18,36.32327651977539,36.605317643573784,35.32331964875818,35.40878487763009,44194800
2015-03-19,36.14377975463867,36.400178575072246,36.083953471880434,36.11813759039379,33879100
2015-03-20,36.64804458618164,36.733509801826536,36.314725680761946,36.37455198377117,71904500
2015-03-23,36.630943298339844,36.861703245097246,36.562568531765066,36.64803698998354,26246100
2015-03-24,36.66514587402344,36.89590265610781,36.536944763719085,36.56258368166409,25513300
2015-03-25,35.43441390991211,36.690772637666605,35.41732021684806,36.68222416099029,43469900
2015-03-26,35.22074890136719,35.56261625434301,34.972895233474155,35.229297378350374,37495600
2015-03-27,35.01563262939453,35.40877782031078,34.895980028706006,35.1438304471513,34401400
2015-03-30,35.007083892822266,35.50279124662001,34.96435128721976,35.12673649262481,35049700
2015-03-31,34.750675201416016,35.06690030606556,34.64811632482739,34.85323407800465,34887200
2015-04-01,34.801963806152344,34.836147932225785,34.45155124666279,34.699401647066175,36865300
2015-04-02,34.43445587158203,34.81905579864843,34.2891611167843,34.75068102926398,37487500
2015-04-06,35.51134490966797,35.70791755042352,34.340454284172054,34.4772006107972,39223700
2015-04-07,35.49423599243164,35.81900960152171,35.30621191162219,35.56261075657195,28809400
2015-04-08,35.40022659301758,35.63098655940065,35.07545620503127,35.434413979212536,24753400
2015-04-09,35.45150375366211,35.57115633183001,35.25493119520224,35.25493119520224,25723900
2015-04-10,35.65663146972656,35.85320406502306,35.391684096784935,35.57971147502021,28022000
2015-04-13,35.6908073425293,35.94720943910069,35.374582219789495,35.38313069516219,30276700
2015-04-14,35.5968017578125,35.921572139634165,35.374587012051855,35.724999563177306,24244400
2015-04-15,36.11813735961914,36.28907099224532,35.62243341131988,35.690804908197634,27343600
2015-04-16,36.032691955566406,36.18653198336007,35.742105598654994,35.853213009903676,22509700
2015-04-17,35.57115173339844,35.67371386738792,35.1780066673022,35.61388432575015,42387600
2015-04-20,36.67368698120117,36.89589851915161,35.62244907956048,35.665181691440644,46057700
2015-04-21,36.44292449951172,36.878805587956315,36.34891080356135,36.75060450069871,26013800
2015-04-22,36.74205017089844,36.86170275051056,36.36599548035945,36.468554368557236,25064300
2015-04-23,37.041175842285156,37.27193574995268,36.579656026950104,36.65657599617261,46309500
2015-04-24,40.912818908691406,41.143578885299455,39.01546453483982,39.0240097516229,130933700
2015-04-27,41.049564361572266,41.13503282910267,40.35728770616367,40.36583292277238,59248200
2015-04-28,42.01533126831055,42.0580638662516,40.76752115081768,40.83589265546571,60730800
2015-04-29,41.92987060546875,42.143536878561726,41.451256980036604,41.639284343650765,47804600
2015-04-30,41.57091522216797,42.34011521397751,41.53672783135665,41.62219630838495,64725500
2015-05-01,41.58802032470703,41.77604776545411,41.36580874406134,41.51964878461987,38937300
2015-05-04,41.22904968261719,41.76748639815064,41.177768598156845,41.34015380851454,34039500
2015-05-05,40.68206024169922,41.16067390417749,40.43420982354634,40.87008761986726,50369200
2015-05-06,39.55390548706055,40.8273581041769,39.331693963552055,40.656424407476244,52433000
2015-05-07,39.912864685058594,40.24618358467297,39.45134470392072,39.54535839566609,32971700
2015-05-08,40.810264587402344,41.00683719836875,40.61369197643594,40.63933088995226,35364900
2015-05-11,40.48548126220703,40.9470011575018,40.48548126220703,40.63932122730529,24609400
2015-05-12,40.46839904785156,40.75044015061827,39.67356008951354,40.041066414779046,29928300
2015-05-13,40.70771026611328,41.297428165550585,40.65642917300546,41.18632076062838,34184600
2015-05-14,41.63929748535156,41.724762717446836,41.04957629890946,41.04957629890946,32980900
2015-05-15,41.28031539916992,41.80166152726007,41.066649167020714,41.767474147647086,28642700
2015-05-18,41.0324821472168,41.21196434909783,40.690617962322065,41.00684322992932,24136500
2015-05-19,40.929256439208984,41.12710658386676,40.5851672336872,40.91205165078511,28574800
2015-05-20,40.929256439208984,41.230332032932154,40.662587140855706,40.7658125899211,25047900
2015-05-21,40.791595458984375,40.94643518725819,40.43890569602203,40.67116528843275,22410700
2015-05-22,40.34430694580078,40.73140320196058,40.27548779178614,40.688392871440364,25720600
2015-05-26,40.07762908935547,40.32709354717932,39.733539955703456,40.28408322584211,29581900
2015-05-27,40.955055236816406,41.09269024006445,40.10343639820347,40.275480972632856,27335600
2015-05-28,40.817413330078125,41.307738151312485,40.765798982035705,40.86042364604177,19283700
2015-05-29,40.30989074707031,40.92064587197081,40.07763106264111,40.80021565370619,36519600
2015-06-01,40.628177642822266,41.09269708673443,40.103443080048656,40.481941863152436,28837300
2015-06-02,40.36149978637695,40.731394456086925,40.103434577189745,40.37010381952026,21498300
2015-06-03,40.301273345947266,41.06687128800308,40.27546781672925,40.74858778075834,28002200
2015-06-04,39.879783630371094,40.56795869634193,39.74214861717693,40.249678343607464,27745500
2015-06-05,39.69054412841797,40.017428596610166,39.43247882467818,39.836783212140155,25438100
2015-06-08,39.337833404541016,39.93998765057662,39.28621905837454,39.828158207954246,22121600
2015-06-09,39.26902770996094,39.51848891056679,39.1055838789172,39.36364911351351,24406100
2015-06-10,40.0948371887207,40.28408655602178,39.30343342848868,39.38945735975164,28417400
2015-06-11,39.94860076904297,40.36150582178116,39.68193476831408,40.13785014876876,27347800
2015-06-12,39.544288635253906,39.974398354474936,39.4840735370811,39.75934349486442,23931000
2015-06-15,39.12277603149414,39.26901502880947,38.72707591413149,39.096970500811146,33254500
2015-06-16,39.423858642578125,39.77654848290235,38.9679401064443,39.010950422293256,27070300
2015-06-17,39.544288635253906,39.63030926650742,39.019554252767975,39.33783452617804,28704100
2015-06-18,40.189453125,40.25826897355492,39.71632980972422,39.75934340673237,32658300
2015-06-19,39.6561279296875,40.28409121536767,39.56150651657029,40.2496816388826,63837000
2015-06-22,39.76795196533203,40.18946101584363,39.707736855469996,39.85397589476163,20318100
2015-06-23,39.49269104003906,39.810971448460656,39.24322650951597,39.68194044684667,25896500
2015-06-24,39.26041030883789,39.78514463336278,39.18299043667067,39.28621583906817,34890900
2015-06-25,39.26902770996094,39.62171762958731,39.13999345192404,39.59590880909343,20616000
2015-06-26,38.93354034423828,39.81096479068572,38.73569021633507,39.269028767876854,49835300
2015-06-29,38.1679573059082,38.907746969400065,38.15935655047443,38.744306364329454,34081700
2015-06-30,37.97868728637695,38.469012074936025,37.798038721005284,38.46040804343061,35945400
2015-07-01,38.236751556396484,38.907721613232425,37.935672808769645,38.24535230622515,28343900
2015-07-02,38.193748474121094,38.49482399726304,37.90127370243588,38.26256433020622,21752000
2015-07-06,38.185150146484375,38.26257004707073,37.806654677771945,37.81525543051372,23034000
2015-07-07,38.107723236083984,38.27116704141101,37.26470851892371,38.14213280367672,36435800
2015-07-08,38.05611801147461,38.623862838050776,37.87546939460414,38.22815931290937,39785900
2015-07-09,38.29698181152344,38.8991362636955,38.279777023578205,38.49483195067696,32424700
2015-07-10,38.3743896484375,38.83030490043629,38.33998008336827,38.71847545469964,25465800
2015-07-13,39.17438888549805,39.243204725196144,38.66685935200389,38.692664881706136,28178300
2015-07-14,39.24320983886719,39.53568457901734,38.97654391325866,39.09697410953048,22880300
2015-07-15,39.363651275634766,39.47548075331069,39.07978048642995,39.29483540731874,26629600
2015-07-16,40.13783645629883,40.16364198782999,39.54428626074622,39.57869254229559,26271700
2015-07-17,40.10343933105469,40.24107434436828,39.79375973072972,40.043224217822335,29467100
2015-07-20,40.36149978637695,40.542148386137455,39.94859479538198,40.12924339514248,30631900
2015-07-21,40.671173095703125,40.7141866918508,39.98299821653694,40.24106338603968,42781900
2015-07-22,39.17438888549805,40.37009322335472,38.88191418345944,39.088364984030044,59152400
2015-07-23,39.66473388671875,39.76795933969849,38.795910086495134,38.94214915290459,33934000
2015-07-24,39.51848220825195,39.84536653342252,39.398052004630415,39.49267667361218,32333200
2015-07-27,39.010955810546875,39.578700590010406,38.924935166967664,39.51848548320952,39701400
2015-07-28,39.002349853515625,39.260415031289014,38.52922981401828,39.2088039646204,34328900
2015-07-29,39.81954574584961,40.241051297066704,38.93351777871393,39.05395121768021,40945900
2015-07-30,40.32709884643555,40.774413466372486,39.509889507733014,39.79376029104289,39777900
2015-07-31,40.17225646972656,40.74860203369661,40.00021189131789,40.67978617121958,31201500
2015-08-03,40.26688003540039,40.430320575544165,39.95720045914709,40.41311579003261,24125900
2015-08-04,40.89483642578125,41.04107216784726,40.155047119742086,40.2152622231195,33403900
2015-08-05,40.929256439208984,41.64323711067158,40.894846862361234,41.27334236325291,26959700
2015-08-06,40.10343933105469,41.09269324526194,39.853978125439625,41.04107888471526,27368000
2015-08-07,40.2066650390625,40.24107132870432,39.7937567485875,39.905586213986034,19163000
2015-08-10,40.714195251464844,40.851830256233995,40.2926862035283,40.387310884584096,23079900
2015-08-11,39.92278289794922,40.378698137587534,39.48407244037907,40.275472726655146,29237400
2015-08-12,40.2066650390625,40.34430004206173,39.32063663086998,39.73354163986767,30181400
2015-08-13,40.198055267333984,40.51633555105869,39.99160443304433,40.48192926632831,22627200
2015-08-14,40.430328369140625,40.51634903180294,40.01742328170122,40.02602403537628,21473400
2015-08-17,40.70559310913086,40.81742258116338,40.060428379022305,40.26688253650715,21099700
2015-08-18,40.93072509765625,41.069267718910154,40.43716680299441,40.558391183702,23574100
2015-08-19,40.35923767089844,40.76620807904207,40.09080988846716,40.50643776560424,31485500
2015-08-20,39.53664779663086,40.23802184651293,39.53664779663086,39.89166355698951,36238200
2015-08-21,37.293968200683594,39.380767789954085,37.293968200683594,39.22490696560062,70053100
2015-08-24,36.09038162231445,36.96493115674677,34.39323396348344,35.025334776115926,88753700
2015-08-25,35.04265213012695,37.441173491970844,34.97337918100758,36.86102410400218,70616600
2015-08-26,36.982242584228516,37.09480945709914,35.55352291842722,36.37611758823002,63408000
2015-08-27,38.01266098022461,38.055954920579765,37.172744664247816,37.43251160949464,50943200
2015-08-28,38.03864288330078,38.229140215649544,37.57106032378097,37.579721095133074,28246700
2015-08-31,37.68361282348633,38.03862834152523,37.31993653740624,37.71824928942066,34441700
2015-09-01,36.21160888671875,36.878346228244446,36.07306627699369,36.51466981326845,49688900
2015-09-02,37.545074462890625,37.56239269779512,36.26355480799834,36.67918253635944,37671500
2015-09-03,37.66630172729492,38.081929487911864,37.475804431677055,37.588371315734506,28285200
2015-09-04,36.89566421508789,37.26799809551259,36.54064857364996,37.06884330183925,37138800
2015-09-08,38.00400924682617,38.09925792012516,37.40654480038259,37.493132701681645,32469800
2015-09-09,37.293968200683594,38.445606146949125,37.155425612715604,38.281084552844995,33469500
2015-09-10,37.48445129394531,37.917397130179985,37.01686899806436,37.337247992005935,31366600
2015-09-11,37.64899444580078,37.74424312132429,37.18141184038545,37.354590950144846,27132500
2015-09-14,37.26799392700195,37.61434875864774,37.11213309667076,37.605691291680884,23656000
2015-09-15,38.08192825317383,38.35035595164882,37.30262746595292,37.397872807557874,28882200
2015-09-16,38.3590202331543,38.42829318820999,37.96071065093296,38.07327755134031,23372200
2015-09-17,38.315731048583984,38.96515021889897,38.168530955475276,38.35036753041546,32768200
2015-09-18,37.64899444580078,38.09060134084308,37.51911259081882,37.6663126870884,63143700
2015-09-21,38.194496154785156,38.50621779925429,37.75288939074863,37.77020762689867,26177200
2015-09-22,38.01266098022461,38.14254280129006,37.50178455655562,37.56239673367602,28085900
2015-09-23,37.9866828918457,38.24644984337239,37.67496122876728,38.03863760339744,17145200
2015-09-24,38.02131652832031,38.21181382000872,37.467146192262135,37.62300701216797,27905600
2015-09-25,38.04730224609375,38.73135787984812,37.891441385159425,38.51488482889673,29384600
2015-09-28,37.48445129394531,38.177163971297865,37.41517837465276,37.95203358982626,27613800
2015-09-29,37.614349365234375,37.72691625631465,37.276651995109575,37.553737186141,32763600
2015-09-30,38.32439041137695,38.35902689492008,37.80485637069761,37.99535372706791,34958900
2015-10-01,38.627445220947266,38.748669580521835,37.88277752285654,38.748669580521835,28657900
2015-10-02,39.45870590209961,39.45870590209961,38.02998250109713,38.33304674230918,41839000
2015-10-05,40.376548767089844,40.601679255365234,39.57126886541267,39.61456280895223,34369300
2015-10-06,40.480464935302734,40.85279888772707,40.02154307431706,40.11679175560472,27017200
2015-10-07,40.523746490478516,40.99998644808408,39.78773958355318,40.783513439798284,27711500
2015-10-08,41.08658218383789,41.147194368621776,40.263984000621285,40.315938717485906,33772700
2015-10-09,40.79217529296875,41.16450914135563,40.627653688309024,41.086578724178935,28600600
2015-10-12,40.69694137573242,40.75755357736179,40.2639951908842,40.67962313196442,19769100
2015-10-13,40.601688385009766,40.80950398509142,40.315945650904006,40.315945650904006,19987800
2015-10-14,40.41984176635742,40.783514847333116,40.289956635656914,40.393866061463754,24697800
2015-10-15,40.705589294433594,40.72290753413784,40.28996145088104,40.705589294433594,27189400
2015-10-16,41.13852310180664,41.16450210516903,40.61033181246537,40.71423791656843,26450300
2015-10-19,41.2337760925293,41.45890986215079,40.71424221406037,41.06059703200104,29387600
2015-10-20,41.36367416381836,41.39831064739115,40.71425496085451,41.07792812901817,30802200
2015-10-21,40.870113372802734,41.554169018148656,40.792182941015014,41.49355352398782,25144300
2015-10-22,41.58879470825195,42.385417123436945,40.77485735855771,41.155848676966826,56637100
2015-10-23,45.77971267700195,46.81878381846969,45.2428605201048,45.2861544628501,135227100
2015-10-26,46.97465515136719,47.03526734537767,45.45934369487147,45.48531940569973,64633300
2015-10-27,46.489742279052734,47.07854912848284,46.39449692959679,46.74951253265471,50999900
2015-10-28,46.740848541259766,46.740848541259766,45.771050451494354,46.35985726034515,47000800
2015-10-29,46.20401382446289,46.61098426393978,46.082789430520926,46.35987470327885,30202100
2015-10-30,45.58055877685547,46.74951507221734,45.563240538800166,46.16936565827119,46619800
2015-11-02,46.10010528564453,46.20401143176868,45.56324970724997,45.7624045302866,30285000
2015-11-03,46.8880615234375,47.095873790931925,45.80569632948111,45.8316720371388,36596900
2015-11-04,47.10452651977539,47.52015428691792,46.81012310515995,46.914029221166615,37087800
2015-11-05,47.08722686767578,47.364312155131024,46.75818685015374,47.18247555457299,31468500
2015-11-06,47.554786682128906,47.60674139084378,46.723531161385814,46.8360980453768,32851200
2015-11-09,46.89672088623047,47.51150354848678,46.377186893388966,47.2344183118891,32513100
2015-11-10,46.33389663696289,46.87075225415331,46.12608432969704,46.818797525778315,55283700
2015-11-11,46.45510482788086,46.93134474374698,46.290583242008715,46.498398765120385,36516300
2015-11-12,46.16936492919922,46.74085356353512,46.05679803517539,46.307907528337736,35361100
2015-11-13,45.75374221801758,46.143394353634285,45.485314457233514,45.95289701997356,36848200
2015-11-16,46.559024810791016,46.662930951749296,45.76240225513309,45.96156037138507,32165200
2015-11-17,46.17546844482422,46.66363436893444,46.07085861075978,46.349811517503035,31551300
2015-11-18,46.94258117675781,47.05590681958021,46.184178267919854,46.20161323799872,29710000
2015-11-19,47.02103042602539,47.64867596120146,46.88155400991739,47.06461950793045,28149200
2015-11-20,47.23897171020508,47.33486238841487,46.43698299314267,47.29127662342334,37147600
2015-11-23,47.23897171020508,47.474338831616194,46.85541232274663,47.29127662342334,28235900
2015-11-24,47.29127883911133,47.45690608399138,46.70722224502309,47.00360679100397,24600000
2015-11-25,46.8031005859375,47.27383476012971,46.8031005859375,47.151793305794,21005100
2015-11-27,47.01231384277344,47.14307443560876,46.890272396329806,46.89898821734149,9009100
2015-11-30,47.37844467163086,47.91019961143944,47.07334101373108,47.54407522195971,56241400
2015-12-01,48.13685607910156,48.14557190224602,47.3348640091976,47.43075469069077,39952800
2015-12-02,48.12812042236328,48.78191667150911,47.99736316776193,48.22401107096542,47274900
2015-12-03,47.24769592285156,48.61630970764594,47.01232877621175,48.372226737225866,38627800
2015-12-04,48.738346099853516,49.017298987007074,47.1605161300194,47.17795110113909,43963700
2015-12-07,48.65116882324219,48.79064525034482,48.19786960381355,48.63373385418181,30709800
2015-12-08,48.63373565673828,48.90396937373911,47.93635349537742,48.35478279219394,32878000
2015-12-09,47.927635192871094,48.70347306890053,47.51792171099377,48.267608794692485,36373200
2015-12-10,48.18043899536133,48.520412609357294,47.9537877024436,48.28504549381071,31775800
2015-12-11,47.125640869140625,48.03223592340712,47.082051786646375,47.692262362384675,39549500
2015-12-14,48.067108154296875,48.12812888224623,46.794385363667026,47.36101020934566,46768900
2015-12-15,48.11942672729492,48.729637505479005,48.02353603460269,48.520421146388585,39843000
2015-12-16,48.93012237548828,49.0347288659625,47.73585191816786,48.415802419701194,37503300
2015-12-17,48.55527877807617,49.50546298906571,48.40708320185486,49.13061946291697,41280900
2015-12-18,47.18666076660156,48.81679199681744,47.09948592852207,48.616294857304695,84684200
2015-12-21,47.7968635559082,48.2501593386579,47.27382458866088,47.84044930516727,37246300
2015-12-22,48.250160217285156,48.36348582772598,47.50919249024961,47.93634082167758,28322200
2015-12-23,48.65987777709961,48.712182676898266,48.32862006246782,48.55527130288215,27279800
2015-12-24,48.52912139892578,48.78192344847348,48.319908432347106,48.69475193329572,9558500
2015-12-28,48.77322006225586,48.77322006225586,47.92764218284772,48.250180861695576,22458300
2015-12-29,49.296241760253906,49.55775962263323,48.86909669428969,49.06959383295984,27731400
2015-12-30,49.0870361328125,49.496746292434,49.06960116266554,49.226512568607575,21704500
2015-12-31,48.363494873046875,48.98242128553937,48.31118996797335,48.851664010925845,27334100
2016-01-04,47.77071762084961,47.77071762084961,46.541580659281685,47.35228837067543,53778000
2016-01-05,47.98866271972656,48.28505060116747,47.544082560255696,47.884056210212414,34079700
2016-01-06,47.11692810058594,47.422035092446684,46.75951952326034,47.352295211319465,39518900
2016-01-07,45.478065490722656,46.628749948475544,45.39089398766214,45.94008376800652,56564900
2016-01-08,45.617557525634766,46.44569700431328,45.46064611748123,45.652424141039546,48754000
2016-01-11,45.591400146484375,46.070850159158944,44.859148069268194,45.774462334443335,36943800
2016-01-12,46.00984191894531,46.28879485023542,45.3821994862332,45.992406945067025,36095500
2016-01-13,45.01605224609375,47.13435243952374,44.71966446891565,46.898985381878205,66883600
2016-01-14,46.297508239746094,46.56774198778521,44.95504534657213,45.329888924865905,52381900
2016-01-15,44.44942855834961,45.303721914026134,43.882803819453514,44.72838135508563,71820700
2016-01-19,44.07460021972656,45.05093534291781,43.63873590977216,44.876588953859894,43564500
2016-01-20,44.27509307861328,44.789413047137614,42.80186972662334,43.568991768319734,63273000
2016-01-21,44.004852294921875,44.96375559687273,43.847940905973196,44.45815149350916,40191200
2016-01-22,45.582698822021484,45.61756877140308,44.6848159150431,44.81557656253339,37555800
2016-01-25,45.14682388305664,45.896510992701444,45.02478241411551,45.27758117461616,34707700
2016-01-26,45.478065490722656,45.713432539441676,44.93759485591214,45.14681111878894,28900800
2016-01-27,44.649932861328125,45.50422635453675,44.475586503955306,45.33859581861149,36775200
2016-01-28,45.38218307495117,45.5129403436815,44.67608185243922,45.20783672459735,62513800
2016-01-29,48.023536682128906,48.023536682128906,47.073352217319616,47.70971380195244,83611700
2016-02-01,47.692264556884766,48.02352231187884,47.50920237335393,47.840460128348006,44208500
2016-02-02,46.20161437988281,47.299990918954066,45.896510709413185,47.22153521435036,56313800
2016-02-03,45.469356536865234,46.54158214824815,44.68479958932642,46.41954069538216,57559800
2016-02-04,45.32988739013672,46.03598875623552,44.780697438726534,45.41705892035007,46987100
2016-02-05,43.72589874267578,45.329879217223514,43.20286300493679,45.27757431329756,62009000
2016-02-08,43.07210159301758,43.21157800880151,42.00859184430256,43.19414304115601,59290500
2016-02-09,42.958778381347656,43.795640248483444,42.42702347709249,42.73213043997312,46740500
2016-02-10,43.333614349365234,43.926389877923675,43.167987164324956,43.4905257143001,38237000
2016-02-11,43.31619644165039,43.68232421247238,42.28755634439091,42.43575194757963,48878600
2016-02-12,44.02227783203125,44.179189187363896,43.368481626605046,43.804345763555844,34243300
2016-02-16,44.856380462646484,44.856380462646484,44.01351328612884,44.689564047270004,37291200
2016-02-17,46.024112701416016,46.33141039979466,45.17246692702638,45.20758723814232,40789000
2016-02-18,45.82215881347656,46.48943107830302,45.74313981762227,45.945079856448984,27176000
2016-02-19,45.49730682373047,45.901180224119116,45.242689673776525,45.62900627350144,33559100
2016-02-22,46.22603988647461,46.533334149647125,45.901182123399344,45.901182123399344,25008300
2016-02-23,44.935394287109375,45.980198061502456,44.75979614160686,45.9538595119167,28895300
2016-02-24,45.09343719482422,45.216354905287666,44.07497185908314,44.5051838457052,33014500
2016-02-25,45.743141174316406,45.743141174316406,44.43494185324168,45.41828678139434,26939500
2016-02-26,45.040771484375,46.252395532748636,44.86517326226531,46.18215490420175,35975900
2016-02-29,44.6719970703125,45.34804772815955,44.47883878256879,45.08464884514325,31654000
2016-03-01,46.16458511352539,46.17336351499626,44.707122624375174,44.751024679499224,33024500
2016-03-02,46.48942565917969,46.49820405802647,45.7958149263391,46.01531173931988,29289900
2016-03-03,45.96263122558594,46.50698573237905,45.462178760723816,46.50698573237905,24427800
2016-03-04,45.68168640136719,46.050442875610024,45.400730682542346,46.0065441725292,33034200
2016-03-07,44.80369567871094,45.47974637452455,44.40860403051025,45.269031275385004,38407800
2016-03-08,45.34804916381836,45.76948270102817,44.42615974258736,44.601757887072125,33835100
2016-03-09,46.39285659790039,46.401634998653044,45.53242930611979,45.55876785763404,28251600
2016-03-10,45.69923400878906,46.48064209661597,44.91782592096216,46.471863698111875,38387800
2016-03-11,46.594783782958984,46.594783782958984,45.98897377717563,46.533324942484825,32275700
2016-03-14,46.68259811401367,47.05135463996229,46.20848736530376,46.27872463023023,24083600
2016-03-15,47.05133819580078,47.05133819580078,46.305050351839,46.313828750915505,21104800
2016-03-16,47.71861267089844,47.93810951547342,46.88452734091835,46.928426039982135,31691700
2016-03-17,47.99079132080078,48.28930717183327,47.41131976870903,47.59569631954364,28223900
2016-03-18,46.96355056762695,48.26297160260256,46.9284302655112,48.2190695503297,67625500
2016-03-21,47.28840255737305,47.34986140828707,46.471873996079644,46.752829700045524,23925700
2016-03-22,47.47277069091797,47.6308086650281,46.93719792857316,47.068897356750135,23124100
2016-03-23,47.384979248046875,47.62203623894401,47.183042555635836,47.507896943492206,20129000
2016-03-24,47.595706939697266,47.701067863046056,47.17427329407278,47.2708524658474,19950000
2016-03-28,47.00743865966797,47.665929104043855,46.823062139064064,47.59568851566774,17025100
2016-03-29,48.034690856933594,48.16639030939633,46.92842818342022,47.11280473746309,23924300
2016-03-30,48.33321762084961,48.85123044858035,48.201521487922314,48.22786004465638,23008300
2016-03-31,48.491249084472656,48.80732511945017,48.166394648193105,48.24541365693749,26360500
2016-04-01,48.78976058959961,48.824880890169375,47.91177317089275,48.3332067299613,24399200
2016-04-04,48.666839599609375,48.86877629036118,48.28930476712591,48.666839599609375,18928800
2016-04-05,47.90299606323242,48.55270489502701,47.81519530943836,48.45612574048169,19272300
2016-04-06,48.39466857910156,48.464909184592095,47.595700112557076,47.72739957322361,21188700
2016-04-07,47.815208435058594,48.210303562447606,47.613271669783586,48.175183251289205,19225100
2016-04-08,47.780067443847656,48.535137060659885,47.692270053209114,47.99956426969978,22167200
2016-04-11,47.68351364135742,48.42102345026649,47.67473188869072,47.84155169678488,21414200
2016-04-12,47.98202133178711,48.096157302737105,47.20060959264833,47.73618253832211,24944300
2016-04-13,48.59660339355469,48.67562239700991,48.19272997556412,48.394666684559404,20818000
2016-04-14,48.60539627075195,48.7985546232525,48.350779051411614,48.48247853707235,20877100
2016-04-15,48.86001205444336,49.09706576285609,48.38589793910399,48.5527143800166,28793800
2016-04-18,49.571163177490234,49.68530246663805,48.47367902983456,48.719517756403384,23786000
2016-04-19,49.50970458984375,49.843340710252434,48.88633439456488,49.72042302095866,29596800
2016-04-20,48.80732727050781,49.606295794466114,48.71952985659195,49.42191921568881,36195700
2016-04-21,48.97414016723633,49.369235199897744,48.6580641411072,48.991700318605325,38909100
2016-04-22,45.46219253540039,46.03288576086308,44.57542661735382,45.576331850344246,126834100
2016-04-25,45.751930236816406,45.769490389140145,45.33049662881645,45.4621927473596,33226900
2016-04-26,45.16366958618164,45.96263796738717,44.85637534312415,45.883618969278665,33532600
2016-04-27,44.72468185424805,45.21635605789144,44.38226726658389,45.19879590605527,43369300
2016-04-28,43.81157684326172,44.575425017455814,43.51306096437743,44.44372555499704,43134800
2016-04-29,43.785221099853516,44.118857176492135,43.328667350046835,43.328667350046835,48411700
2016-05-02,44.4349479675293,44.557865681804955,43.70621673395714,43.89937505596547,33114500
2016-05-03,43.70622253417969,44.259355671082595,43.54818449506457,44.1978968057886,26460200
2016-05-04,43.785221099853516,43.952040812800526,43.42524647875186,43.75888255539048,24257600
2016-05-05,43.84669876098633,44.16277482726428,43.66232217207647,43.78523989801638,25390700
2016-05-06,44.24177551269531,44.24177551269531,43.60084524353114,43.82912044722786,24787300
2016-05-09,43.96083450317383,44.41738841179481,43.89937564521106,44.32959100020702,17951600
2016-05-10,44.794918060302734,44.86515531148983,44.06618690235665,44.189107953132364,22891000
2016-05-11,44.82124710083008,45.46217737223181,44.77734840949539,44.89148768636995,24039100
2016-05-12,45.22511672973633,45.488515554763126,44.70710417604158,44.952942856116245,24102800
2016-05-13,44.847599029541016,45.56754844613373,44.81247872891302,45.16367168742428,22592300
2016-05-16,45.50609588623047,45.62023185516729,44.55786773371221,44.60176644093842,20032000
2016-05-17,44.65733337402344,45.735971327698216,44.524716109795115,45.72713152582282,27803500
2016-05-18,44.92255783081055,45.21431840103682,44.47165053225862,44.63079388790264,24907500
2016-05-19,44.489349365234375,44.75458726165398,44.04728508030742,44.6219699997856,23842400
2016-05-20,44.75458908081055,45.285068267895184,44.56008308096086,44.63081161562902,23905800
2016-05-23,44.232948303222656,44.80763318414884,44.188742552232014,44.736901284417726,26118700
2016-05-24,45.612178802490234,45.7182732533731,44.56006734725417,44.82530516080223,34757900
2016-05-25,46.08076477050781,46.40789466074382,45.7890041934139,45.90393844088759,24040200
2016-05-26,45.8774299621582,45.95700166663886,45.40884290948477,45.91279591363466,24335200
2016-05-27,46.25761032104492,46.25761032104492,45.771340242046136,45.903957514855016,17721400
2016-05-31,46.858802795410156,46.858802795410156,46.04540632803757,46.204546329003584,37653100
2016-06-01,46.72618103027344,46.814595887145316,46.36368854880357,46.36368854880357,25324800
2016-06-02,46.39905548095703,46.628930741043796,45.83321387563885,46.54051588228658,22840800
2016-06-03,45.78902053833008,46.34601912234049,45.62103394751935,46.31065654193874,23368300
2016-06-06,46.08961486816406,46.2841208245625,45.87742256619587,45.96583743063354,18243300
2016-06-07,46.06310272216797,46.62010473302373,46.06310272216797,46.18688357000066,20866800
2016-06-08,46.010040283203125,46.36368960066817,45.85973670945192,45.99235731142757,21149400
2016-06-09,45.63871383666992,45.97468362288059,45.52377955594426,45.97468362288059,20305700
2016-06-10,45.514923095703125,46.018875941569284,45.12590786969397,45.13474766844526,25833200
2016-06-13,44.330204010009766,44.84300017693875,43.37534695021063,43.8350941911075,83217800
2016-06-14,44.056121826171875,44.29483353723944,43.82624654285017,44.11801054721641,42577100
2016-06-15,43.93234634399414,44.31252188951834,43.93234634399414,44.01191804823601,33757600
2016-06-16,44.551212310791016,44.621944174330224,43.77317867526415,43.782021844546996,31188600
2016-06-17,44.32135009765625,44.58658789800506,44.04726912610956,44.56890492829092,45710500
2016-06-20,44.268310546875,44.94025004733433,44.23294459997034,44.772263485878334,35607900
2016-06-21,45.25852966308594,45.47072195407015,44.34787852895156,44.38324447289593,34097800
2016-06-22,45.08169937133789,45.49723734084952,45.0463334331339,45.16127104595612,28816800
2016-06-23,45.89509582519531,46.02771640744101,45.22315986109816,45.33809410151749,29028800
2016-06-24,44.056121826171875,45.037501562456164,43.782040795344415,44.0384388526331,133503000
2016-06-27,42.81834030151367,43.45491385285178,42.473530752099634,43.410704733033725,50216300
2016-06-28,43.71131134033203,43.73783748846155,43.03053199817155,43.251564120716544,38140700
2016-06-29,44.6838493347168,44.84299271364393,44.029592846607216,44.12684750847181,31304000
2016-06-30,45.2408561706543,45.35579382621595,44.64849166253414,44.84300102230267,28527800
2016-07-01,45.23201370239258,45.72712687412061,45.152442002877045,45.205490926781586,21400400
2016-07-05,45.2408561706543,45.33811085053856,44.86068399798006,44.94025570218694,24806400
2016-07-06,45.42652130126953,45.56798172021796,44.55123264030699,44.896042200701125,28167500
2016-07-07,45.42652130126953,45.629870442715244,45.1524402640084,45.461883876494824,19585200
2016-07-08,46.239906311035156,46.29295521963904,45.57681013055373,45.7359534836838,28391000
2016-07-11,46.4963264465332,46.70851880928905,46.39023195149687,46.41675473208516,22269200
2016-07-12,47.04447937011719,47.21246595325578,46.67314699773606,46.80576425672242,27317600
2016-07-13,47.309715270996094,47.61916227431492,47.01795461535091,47.353924394814946,25356800
2016-07-14,47.5130615234375,47.734093622616214,47.3716011148704,47.60147301403612,24545500
2016-07-15,47.47769546508789,47.742933308934425,47.04447106774889,47.69872756374036,32024400
2016-07-18,47.70756530761719,48.04353502744041,47.345072816357025,47.47769341890573,31433900
2016-07-19,46.938377380371094,47.6545226060045,46.796916969803256,47.486536049736166,53336500
2016-07-20,49.43163299560547,50.25387291506021,49.09566316215393,49.64382535691254,89893300
2016-07-21,49.334373474121094,49.71454902859384,49.29900752191832,49.49351688635074,32776700
2016-07-22,50.01513671875,50.06818562991585,49.316674565467494,49.581915748614996,32157200
2016-07-25,50.15660095214844,50.16544412436118,49.741059547881754,49.92672906484725,25610600
2016-07-26,50.183128356933594,50.65171871969662,49.9620962487548,49.970939421784045,28079000
2016-07-27,49.679168701171875,50.218487511816384,49.60844018991524,50.05050434648525,32327500
2016-07-28,49.69685745239258,49.83831786404095,49.26363641726792,49.51119129448201,37550400
2016-07-29,50.112396240234375,50.183124755981574,49.55539442324112,49.741060571344846,30558700
2016-08-01,50.02398681640625,50.174287026496835,49.6349681593582,50.041666416560965,26003400
2016-08-02,50.02398681640625,50.30690763643271,49.785271742131,50.262698517999276,35122000
2016-08-03,50.3687858581543,50.49256326953536,49.94440471655573,50.11238786447553,22075600
2016-08-04,50.740142822265625,50.8550804914304,50.10356911327075,50.218506782435526,26587700
2016-08-05,51.244083404541016,51.46511551381458,50.79317938560315,50.970005747558474,29335200
2016-08-08,51.332496643066406,51.35901941607931,51.08493839511111,51.332496643066406,19473500
2016-08-09,51.456268310546875,51.72150612897963,51.29712494495085,51.429742167826305,16920700
2016-08-10,51.2971305847168,51.56236843231063,51.120304228760176,51.420908022081775,15756900
2016-08-11,51.5446891784668,51.67730979817358,51.30597408660406,51.30597408660406,18162300
2016-08-12,51.22639465332031,51.44742673766397,50.943473855174986,51.305966338591304,21655200
2016-08-15,51.38554382324219,51.72151357371309,51.24408340820428,51.28828915552569,19283900
2016-08-16,51.10084915161133,51.260984399904224,50.94961219139168,51.25208950553353,20523500
2016-08-17,51.20761489868164,51.314370613511414,50.914032440771045,51.18982171392618,18856400
2016-08-18,51.243194580078125,51.33216049813583,50.94961553474463,51.083059321277034,14214300
2016-08-19,51.260986328125,51.35884713839649,50.88733966385494,51.091956179103214,17271000
2016-08-22,51.30547332763672,51.37664606805045,50.94072151727401,51.24319887662624,15221900
2016-08-23,51.501197814941406,51.759193922638005,51.46561144276879,51.51009610483618,18732400
2016-08-24,51.55457305908203,51.63464069291869,51.34995652676679,51.421125871453285,18151500
2016-08-25,51.75028991699219,51.85704902171863,51.40333131088841,51.49229723149378,18552600
2016-08-26,51.62574005126953,52.22179983015939,51.32326271430366,51.84814975804729,20971200
2016-08-29,51.68801498413086,52.132834401872785,51.68801498413086,51.75918771994692,16417200
2016-08-30,51.501197814941406,51.76808881882954,51.25209999713958,51.581265455478174,16930200
2016-08-31,51.11865234375,51.42112971712084,50.97631025002861,51.2876859132151,20860300
2016-09-01,51.23431396484375,51.438930542851814,50.71832167740312,50.71832167740312,26075400
2016-09-02,51.30547332763672,51.76808595921678,51.083063604398404,51.30547332763672,18900500
2016-09-06,51.2520866394043,51.42111677261535,50.89622979783093,51.40332359116645,16278400
2016-09-07,51.29658889770508,51.456724202604455,51.07417912908969,51.12755869529073,17493400
2016-09-08,51.09195327758789,51.41222376803272,50.86954359185704,51.26988170491307,20146100
2016-09-09,50.0066032409668,51.172031456342474,50.0066032409668,50.522595447282235,35113900
2016-09-12,50.753902435302734,50.896244534405554,49.472823543377345,49.819782197834016,29303000
2016-09-13,50.29127883911133,50.398037935522744,49.86425263457347,50.26459076185977,30130200
2016-09-14,50.051090240478516,50.380259124426274,49.846473671207605,50.1667442643981,24062500
2016-09-15,50.878440856933594,51.020782926686216,49.801978742322966,49.953219100392865,26847000
2016-09-16,50.931819915771484,51.26988360082032,50.487000527860815,51.26988360082032,44607000
2016-09-19,50.647125244140625,51.376628617077436,50.57595252790196,50.94960250075115,20937100
2016-09-20,50.54038619995117,51.02078861788945,50.48700664520113,51.02078861788945,17384000
2016-09-21,51.38554000854492,51.465607643170465,50.78058869478896,51.163130289440986,33707300
2016-09-22,51.43891906738281,51.5990543350914,51.269888904225056,51.52788159668627,19822200
2016-09-23,51.09195327758789,51.51897946694683,51.047472019182216,51.4833931027413,19955300
2016-09-26,50.62046432495117,50.833975800789794,50.5581898616896,50.780599628682,21688700
2016-09-27,51.55457305908203,51.652433877516046,50.42473128992165,50.647141006834254,28065100
2016-09-28,51.62574005126953,51.652431523800765,51.3054695305171,51.49229626342455,20536400
2016-09-29,51.065269470214844,51.750288373073566,50.89623592295902,51.43002124955768,25463500
2016-09-30,51.243194580078125,51.394434943924836,51.01188998053364,51.2165065015122,29910800
2016-10-03,51.08306121826172,51.198715219180194,50.762794082469085,51.074166322977014,19189500
2016-10-04,50.92293930053711,51.243206498928686,50.68273635646576,50.94962738531052,20085900
2016-10-05,51.27878189086914,51.563466046486646,50.94071818343478,50.96740965619462,16726400
2016-10-06,51.36776351928711,51.474519261864835,50.95852695094875,51.36776351928711,16212600
2016-10-07,51.4211311340332,51.5812664180952,51.08306737949084,51.46561240322747,20089000
2016-10-10,51.634639739990234,51.946011980440254,51.4833993705553,51.518985739093274,18196500
2016-10-11,50.878440856933594,51.616842676945886,50.61154990036025,51.50118868473981,26497400
2016-10-12,50.80726623535156,50.94960829030173,50.175623578616595,50.80726623535156,22177500
2016-10-13,50.63823699951172,50.97630068128086,50.104455096678386,50.442518778447536,25313700
2016-10-14,51.08306121826172,51.36774877291555,50.81617024158307,50.81617024158307,27402500
2016-10-17,50.905147552490234,51.11865902412316,50.593771848612036,51.029696476560055,23830000
2016-10-18,51.29658889770508,51.55458504378783,51.07417912908969,51.180934867788025,19149500
2016-10-19,51.18091583251953,51.456705064764094,51.06526523931913,51.127539679873955,22878400
2016-10-20,50.931819915771484,51.17202279248756,50.406932902288794,51.15422960972682,49455600
2016-10-21,53.07585144042969,53.77866691709033,52.9246144712181,53.62742655417599,80032200
2016-10-24,54.267967224121094,54.267967224121094,53.31605397217781,53.32494886701814,54067000
2016-10-25,54.259071350097656,54.59713164717298,54.090037807857335,54.1345190686617,35137200
2016-10-26,53.938819885253906,54.445913903596946,53.79647776420505,54.09895519564685,29911600
2016-10-27,53.4672966003418,54.11673598462431,53.45840170455987,53.92101434039106,28479900
2016-10-28,53.26267623901367,53.84094284074089,53.004683555410345,53.38722513324345,33574700
2016-10-31,53.30715560913086,53.75197501198557,53.30715560913086,53.520670415730315,26434700
2016-11-01,53.20039749145508,53.396119105825235,52.71109684923225,53.35163784629635,24533000
2016-11-02,52.87123489379883,53.31605430001036,52.755580897947056,53.218193487651384,22147000
2016-11-03,52.67552947998047,53.05807455854689,52.58656692884102,52.96021371607123,21600400
2016-11-04,52.2307014465332,52.73779537174589,52.06167126936338,52.177325282007594,28697000
2016-11-07,53.75197219848633,53.840938110622226,53.18260393562676,53.18260393562676,31664800
2016-11-08,53.796470642089844,54.072256556152276,53.51178643768147,53.86763999634023,22935400
2016-11-09,53.52956771850586,53.90321779843732,52.66662034586718,53.3783307437094,49632500
2016-11-10,52.2218017578125,53.81425613161191,51.26988844916211,53.805357842538776,57822400
2016-11-11,52.50649642944336,52.59545897576096,51.60795910059894,51.803680774942,38767800
2016-11-14,51.705810546875,52.55986644744556,50.95851375494013,52.506486893127715,41328400
2016-11-15,52.72686004638672,53.28216493241586,52.234253738857056,52.243212142912725,35904100
2016-11-16,53.42545700073242,53.43441198620581,52.67311180568288,52.78954369998353,27332500
2016-11-17,54.312156677246094,54.58980910676141,53.71207346663449,54.106157810172114,32132700
2016-11-18,54.05239486694336,54.75995812313204,54.007613117598304,54.43752406124209,27686300
2016-11-21,54.50918960571289,54.60771152596042,54.11510192472279,54.18675547276798,19652600
2016-11-22,54.74205780029297,54.86744809502582,54.46440883813574,54.61666750556012,23206700
2016-11-23,54.097198486328125,54.72415002427894,53.96284977583601,54.643541481309605,21848900
2016-11-25,54.213619232177734,54.213619232177734,53.85536177232196,54.00762042401916,8409600
2016-11-28,54.2852783203125,54.652494218743804,53.92701740722521,54.04345271647297,20732600
2016-11-29,54.71519470214844,55.001802093917995,54.20467507201956,54.3211103926227,22366700
2016-11-30,53.97179412841797,54.79579278493884,53.93597077375712,54.50918544787827,34655400
2016-12-01,53.02240753173828,53.87327454117879,52.789536939699964,53.8374477706146,34542100
2016-12-02,53.067195892333984,53.26423973833576,52.664153214889126,52.91493722342666,25515700
2016-12-05,53.93598175048828,54.267370910789,53.344853570419325,53.470243878823396,23552700
2016-12-06,53.69415283203125,54.150932272765,53.55980412889397,54.12406389878932,19907000
2016-12-07,54.965965270996094,54.97492367220594,53.559796944401135,53.74788237026006,30809000
2016-12-08,54.643531799316406,55.154054758751826,54.491273143257565,54.903270771376924,21220800
2016-12-09,55.50334930419922,55.52126268763691,54.751004282958675,54.79578603323865,27349400
2016-12-12,55.682498931884766,55.79893426322898,55.27945959896159,55.36902313591564,20198100
2016-12-13,56.40797805786133,56.80206241894877,55.7451996589129,55.97806691395774,35718900
2016-12-14,56.139278411865234,56.82892853734695,56.00492969804072,56.425885812503125,30352700
2016-12-15,56.04970932006836,56.560228915348574,55.798925306916594,56.15718623048804,27669900
2016-12-16,55.79893112182617,56.38110432914178,55.63771403108123,56.38110432914178,42453100
2016-12-19,56.98118591308594,57.11553462381924,55.906406477108476,56.03180020155338,34338200
2016-12-20,56.90953826904297,57.14240550568106,56.452755365818156,57.043883569039245,26028400
2016-12-21,56.90953826904297,57.05284197235021,56.53336391246784,56.81101633240115,17096300
2016-12-22,56.918495178222656,57.41110146144037,56.793104860672315,57.17823421693687,22176600
2016-12-23,56.640838623046875,56.90953261296448,56.24675091564689,56.82892407432626,12403800
2016-12-27,56.676658630371094,57.38422204805043,56.6139634836531,56.6139634836531,11763200
2016-12-28,56.41691970825195,56.784135581493494,56.27361603617303,56.784135581493494,14653300
2016-12-29,56.33632278442383,56.60501679784401,56.184060679620224,56.30049600486654,10250600
2016-12-30,55.655616760253906,56.416920302199124,55.55709484404448,56.39004851446896,25579900
2017-01-03,56.04970932006836,56.28257652874923,55.64666663520782,56.237794767460144,20694100
2017-01-04,55.79893112182617,56.20197384868853,55.63771403108123,55.96014821257112,21340000
2017-01-05,55.79893112182617,56.12136530331606,55.55710548570876,55.700409186745404,24876000
2017-01-06,56.28257369995117,56.560226072595526,55.56605530545033,55.798922502427146,19922900
2017-01-09,56.10344696044922,56.497534665979806,56.01388343644469,56.210923872580544,20382700
2017-01-10,56.085533142089844,56.48857583027736,55.78101237952921,56.18405506771673,18593000
2017-01-11,56.59605026245117,56.63187703686057,55.915358631818805,56.07657570003186,21517300
2017-01-12,56.076576232910156,56.78413965938796,55.48544811605473,56.47961890727279,20968200
2017-01-13,56.15718460083008,56.30944326812036,55.84370544764475,56.08553105154339,19422300
2017-01-17,56.004940032958984,56.1572021644999,55.55711545974388,56.13928877157566,20664000
2017-01-18,55.97805404663086,56.157184502905935,55.63770652137114,56.13031271365564,19670100
2017-01-19,55.79893112182617,56.407972705389355,55.70936758991442,55.74519436933102,18451700
2017-01-20,56.192996978759766,56.264647093060326,55.86160452315591,56.13029843088272,30213500
2017-01-23,56.39005661010742,56.53336030426841,56.04075406912936,56.15718938833191,23097600
2017-01-24,56.89160919189453,57.08865301084576,56.37213127525177,56.60500186430847,24672900
2017-01-25,57.034912109375,57.41108294067362,56.82891330890736,57.27673767947932,23672700
2017-01-26,57.5633544921875,57.805183533137836,56.91848957729502,57.42901261750302,43554600
2017-01-27,58.915771484375,59.032210190817246,58.118644673264996,58.56646903156308,44818000
2017-01-30,58.333614349365234,58.924745943381026,58.038055385616616,58.835182413964496,31651400
2017-01-31,57.90370178222656,58.35152622472907,57.5543992637353,58.091787228086574,25270500
2017-02-01,56.94536209106445,57.87683782249194,56.84684015954025,57.643967181320264,39671500
2017-02-02,56.57814025878906,56.79309750147131,56.20196935488195,56.64979381189297,45827000
2017-02-03,57.034912109375,57.052825494193335,56.48856583061661,56.873695062638795,30301800
2017-02-06,56.99909973144531,57.00805813443079,56.55127524780211,56.87370942268596,19796400
2017-02-07,56.81100845336914,57.124484193181445,56.63187799492097,57.08866083479526,20277200
2017-02-08,56.73039627075195,57.151352308547864,56.62291936924438,56.93639508890361,18096400
2017-02-09,57.3752555847168,57.71560647615829,56.712477436355385,56.89160786607939,22644400
2017-02-10,57.321529388427734,57.59022679073951,57.30361600049832,57.54544161260128,18170700
2017-02-13,57.96638488769531,58.09177515888412,57.43794860203625,57.53647050557849,22920100
2017-02-14,58.182655334472656,58.31781852358689,57.68705926594893,58.03848630752008,23108400
2017-02-15,58.14661407470703,58.18265805179989,57.81321931729802,58.11958281055881,17005200
2017-02-16,58.13759231567383,58.78637005302549,58.06551124738946,58.33583072149624,20546300
2017-02-17,58.227718353271484,58.290793598424656,57.93937339333038,58.0925551494615,21248800
2017-02-21,58.11057662963867,58.52507210077017,58.07453264849422,58.21870857307203,20655900
2017-02-22,57.993404388427734,58.020435639553035,57.71407229388979,57.96637313730244,19292700
2017-02-23,58.227718353271484,58.32683757775306,57.840254168848794,58.04749845662946,20273100
2017-02-24,58.227718353271484,58.38991282290624,57.79519747601676,58.146617681111046,21796800
2017-02-27,57.876285552978516,58.155617738626944,57.714091118640965,58.155617738626944,15871500
2017-02-28,57.651023864746094,57.849258872476184,57.45278541967302,57.74113381129886,23239800
2017-03-01,58.516056060791016,58.561105873353505,57.68705838835512,57.786177600551966,26937500
2017-03-02,57.67805862426758,58.34485504270065,57.56091741230496,58.29079251205867,24539600
2017-03-03,57.89430618286133,57.92133744377534,57.326625642269995,57.66002723447419,18135900
2017-03-06,57.91233825683594,58.17365196450708,57.49784622243109,57.64201870988013,18750300
2017-03-07,58.02947235107422,58.37187979809642,57.84024664024469,57.84024664024469,18521000
2017-03-08,58.56111145019531,58.64221212002753,57.89431503847744,57.90332775172234,21510900
2017-03-09,58.32682418823242,58.75032538007835,58.10155452515745,58.74131954332822,19846800
2017-03-10,58.50704574584961,58.80440339462497,58.34485128967082,58.66924020202839,19538200
2017-03-13,58.30879592895508,58.74131668588042,58.182645473744394,58.579122261368944,20100000
2017-03-14,58.038490295410156,58.16464078066861,57.80420787649337,58.14661535438263,14280200
2017-03-15,58.3448486328125,58.49803036925991,57.89430926113055,58.16463563401381,24833800
2017-03-16,58.24573516845703,58.35386710321729,57.93937166533185,58.34485438998246,20674300
2017-03-17,58.452980041503906,58.786374773810344,58.28177288187508,58.489024015882876,49219700
2017-03-20,58.50704574584961,58.73231544194872,58.31782002608862,58.48902719502332,14598100
2017-03-21,57.858272552490234,59.02066510236946,57.7861845940436,58.741332856746354,26640500
2017-03-22,58.59715270996094,58.69627192699853,57.777174584551126,57.777174584551126,20680000
2017-03-23,58.452980041503906,58.786374773810344,58.36286666821388,58.51605527799581,19269200
2017-03-24,58.55210494995117,58.975606222072436,58.35386650891926,58.89451242784257,22617100
2017-03-27,58.66023254394531,58.76836448227727,57.98442339741441,58.236724378836165,18614700
2017-03-28,58.8314323425293,58.99362679232391,58.25474249318963,58.5340747054583,20080400
2017-03-29,58.99362564086914,59.02065690285976,58.52506085074795,58.67824945983669,13618400
2017-03-30,59.20988082885742,59.45317592881843,58.89450465731995,58.94856717967353,15122800
2017-03-31,59.34505844116211,59.64241613578917,58.97561278274304,59.15583269222306,21040300
2017-04-03,59.06571578979492,59.417135958135404,58.7413268844521,59.299991318898314,20400900
2017-04-04,59.227909088134766,59.299990163161915,58.8224195270164,58.92153873919965,12997400
2017-04-05,59.07472610473633,59.78657920792716,58.96660104455123,59.741529391078686,21448600
2017-04-06,59.227909088134766,59.52525984999925,59.00263940129743,59.11076445118078,18103500
2017-04-07,59.182838439941406,59.435139329733,58.966581516503425,59.336020140931495,14108500
2017-04-10,59.04768753051758,59.30900118476158,58.89450579775957,59.11977547817491,17952700
2017-04-11,59.00263595581055,59.11977371123895,58.43495197833205,59.110760999379885,18791500
2017-04-12,58.77736282348633,59.02966374321511,58.66923091159494,58.94856309062545,17108500
2017-04-13,58.52507400512695,59.345059134800294,58.52507400512695,58.83144441748059,17896500
2017-04-17,59.00263595581055,59.01164179298475,58.57912786933766,58.60615913023,16689300
2017-04-18,58.921539306640625,59.209884233581896,58.714295042578165,58.867476781178304,15155600
2017-04-19,58.606163024902344,59.24592811571436,58.47099983677354,59.15582161519026,26992800
2017-04-20,59.02063751220703,59.24590712103225,58.696248725524086,58.98459354983305,22299500
2017-04-21,59.831642150878906,60.101961704271474,58.97561304508583,59.17385150905236,32522600
2017-04-24,60.849849700927734,60.96699434364247,60.46238554552602,60.80479988615604,29770000
2017-04-25,61.201271057128906,61.30940298909537,60.912926113237404,61.1832525058107,30242700
2017-04-26,61.120182037353516,61.55269604962511,60.930956297648905,61.345451757195136,26190800
2017-04-27,61.51665496826172,61.61577419963761,60.89491518698804,61.408529897441916,34971000
2017-04-28,61.68785095214844,62.300584782619865,60.994023333300156,62.09334051808877,39548800
2017-05-01,62.54385757446289,62.67000800559251,61.72387289743746,61.886067290987384,31954400
2017-05-02,62.44477081298828,62.81420958888547,62.29158217450753,62.81420958888547,23906100
2017-05-03,62.24650955200195,62.516828999435695,61.91310800468133,62.516828999435695,28928000
2017-05-04,62.003238677978516,62.24653383774383,61.85005691053316,62.20147714158385,21749400
2017-05-05,62.174434661865234,62.20146592481204,61.71488256771345,62.08432816048077,19128800
2017-05-08,62.12036895751953,62.21948816637653,61.65180417479828,62.14740021908325,18566100
2017-05-09,62.21046829223633,62.42672523453427,61.88607944144729,62.04827386684181,22858400
2017-05-10,62.45376968383789,62.67903938476033,62.10234950037374,62.16542474164459,17977800
2017-05-11,61.68785095214844,61.93114606664971,61.3814874742554,61.597744451279034,28789400
2017-05-12,61.61577606201172,61.82302724515831,61.309412519180114,61.82302724515831,18714100
2017-05-15,61.66082000732422,61.705876695333934,60.885891721417636,61.39950634117568,31530300
2017-05-16,62.902366638183594,62.929552837786986,61.7695622274463,61.83299899788401,34956000
2017-05-17,61.15332794189453,62.6214383114453,61.108012991240685,62.431127964062455,30548800
2017-05-18,61.361732482910156,61.7423530062391,60.8451740829387,61.08079927484655,25201300
2017-05-19,61.34364318847656,61.71519953996763,61.10801787162168,61.171454659149006,26961100
2017-05-22,62.03238296508789,62.077697918986416,61.17145415374574,61.52488866906231,16237600
2017-05-23,62.24081039428711,62.30424716938689,61.96893455009381,62.277060967785545,15425800
2017-05-24,62.3223876953125,62.42207507381614,62.03238993441793,62.41301761329181,14593900
2017-05-25,63.09269714355469,63.32831555825797,62.44926486200348,62.50363727861322,21854100
2017-05-26,63.400821685791016,63.636447033029356,63.00207216186339,63.25582625878508,19827900
2017-05-30,63.80863571166992,63.80863571166992,63.22863326021427,63.24676200993374,17072800
2017-05-31,63.29204177856445,64.10766229923443,63.26485558022364,63.91735199675962,30436400
2017-06-01,63.52765655517578,63.989842593094394,62.93859700317565,63.654530069257284,21603600
2017-06-02,65.03205108642578,65.12267407533346,63.65455676430176,63.835809656208,34770300
2017-06-05,65.50330352783203,66.05611282233725,65.07736781756489,65.22237015046085,33316800
2017-06-06,65.7208023071289,65.81143222526039,65.49424133998423,65.52143446387888,31511100
2017-06-07,65.60298156738281,65.9473516878666,65.20423212275573,65.8295424947226,22301800
2017-06-08,65.20423889160156,65.72079758299657,64.79643194569186,65.7117401231081,24588300
2017-06-09,63.72705078125,65.32204148087202,62.159246283845334,65.2857909065522,49187400
2017-06-12,63.23768997192383,63.38269229573939,61.742386349509765,62.757381873944645,47761700
2017-06-13,64.026123046875,64.18018282674137,63.40081263976994,63.45518505287779,25258600
2017-06-14,63.68174362182617,64.4339275742369,62.920502210295496,64.26174596777598,25510700
2017-06-15,63.34644317626953,63.62737654252948,62.34957637635827,62.77550515568767,26068700
2017-06-16,63.43705368041992,63.46423988288568,62.730184759949665,63.19237094413797,48345100
2017-06-19,64.2254638671875,64.28890062034698,63.754213488784856,63.890151363865904,23798300
2017-06-20,63.35551071166992,64.22550397577362,63.31926012807078,64.18018901775174,21512200
2017-06-21,63.68174362182617,63.998934457388216,63.3826884467768,63.627371210742815,19891100
2017-06-22,63.67268753051758,63.97174271199123,63.17425070457636,63.926434673145444,22965700
2017-06-23,64.53362274169922,64.56987332483575,63.36456736339012,63.51862715615157,27617300
2017-06-26,63.91737365722656,64.98674161025284,63.83581503456534,64.70580824674225,19607000
2017-06-27,62.721126556396484,63.60018406439217,62.69394035125696,63.536747281036334,25215100
2017-06-28,63.25579071044922,63.29203436126345,62.34048296040332,62.72110352074737,25806200
2017-06-29,62.06861877441406,62.97486232398858,61.706119971766334,62.87517498040822,28918700
2017-06-30,62.467376708984375,62.8751835965411,62.29518819846061,62.33143877510195,24161100
2017-07-03,61.778648376464844,63.07457750078066,61.64271040122477,62.82989467662263,16165500
2017-07-05,62.60332489013672,62.9295732192205,61.82395465000231,61.86020523257735,21176300
2017-07-06,62.14114761352539,62.331458014064964,61.73334060009668,61.86927166184448,21117600
2017-07-07,62.947669982910156,63.29204000908128,62.25892301647899,62.25892301647899,16878300
2017-07-10,63.41893768310547,63.66362044189216,62.712061783530054,62.94768708338853,15014500
2017-07-11,63.427978515625,64.0532887222981,63.210482018817,63.43704288626795,17460000
2017-07-12,64.47924041748047,64.59704960900523,63.93549558215669,64.06236914659588,17750900
2017-07-13,65.04110717773438,65.28579684813963,64.6242359062525,64.79642442141984,20269800
2017-07-14,65.9564208984375,66.40047841264717,65.21330127882297,65.46704842979993,25868100
2017-07-17,66.47296905517578,66.56359203559973,65.90203805582378,65.97453920579902,21803900
2017-07-18,66.42766571044922,66.50922432436008,65.84767029789188,66.23734844980915,26435300
2017-07-19,66.93517303466797,67.09829720842468,66.56360972785299,66.60892468715454,22416200
2017-07-20,67.26140594482422,67.33390709742993,66.40953468693321,67.22515536852136,42361000
2017-07-21,66.87173461914062,67.32485654480433,66.30986094224455,66.56360811436153,46717100
2017-07-24,66.69953155517578,66.83546948610118,66.27359593151837,66.63609477595598,21394800
2017-07-25,67.23420715332031,67.34295194777889,66.60889692882688,66.88077274315162,22018700
2017-07-26,67.10733795166016,67.40639306982698,66.88983452051569,67.37014249796957,16252200
2017-07-27,66.3008041381836,67.44266642401317,65.53955570020526,66.84454907154415,36844200
2017-07-28,66.19202423095703,66.4367069269608,65.7389024935442,65.8567116561995,18306700
2017-07-31,65.8839111328125,66.55453641748926,65.62110655654423,66.42766285856996,23600100
2017-08-01,65.7751693725586,66.53641076141517,65.69360384427212,66.24641305412351,22132300
2017-08-02,65.4851303100586,65.75699909977774,64.74201122228806,65.74794164664756,26499200
2017-08-03,65.38546752929688,65.6482789644273,65.1135917235512,65.42171809766889,18214400
2017-08-04,65.86579132080078,66.19203960061935,65.46704188678017,65.61204419518425,22579000
2017-08-07,65.61206817626953,66.0651901845116,65.4851945670892,65.9745671656818,18705700
2017-08-08,65.9654541015625,66.27357352098456,65.02296019036696,65.33107960978901,22044600
2017-08-09,65.67548370361328,65.71173428221952,65.29486299938408,65.47610897832439,22213400
2017-08-10,64.71485900878906,65.42172791287244,64.66047969102804,65.15891643831247,24734500
2017-08-11,65.70266723632812,65.88391320789555,64.59704883313128,64.89611090889908,21443700
2017-08-14,66.69047546386719,66.80829157854099,66.11048000638321,66.21016737383432,20096600
2017-08-15,66.70869445800781,67.04578665702347,66.54470121626878,67.04578665702347,19181400
2017-08-16,67.10045623779297,67.51043586993262,66.66313860603977,66.81801918254338,18150400
2017-08-17,65.96162414550781,67.30090129978795,65.96162414550781,67.03668954580021,22977500
2017-08-18,66.04360961914062,66.36248343998952,65.5334115057824,65.84317266005618,18761500
2017-08-21,65.73384094238281,66.03449634660291,65.32385440455708,66.02538368107065,17734800
2017-08-22,66.654052734375,66.72693323559157,65.91607944551839,65.91607944551839,14343700
2017-08-23,66.25312805175781,66.64488911890416,66.08002222297173,66.47178329011807,13766500
2017-08-24,66.22581481933594,66.38069536518917,65.66094777155011,66.27136424115517,17098300
2017-08-25,66.34425354003906,66.82712052077159,66.03449243954151,66.38069724908468,12794300
2017-08-28,66.3533706665039,66.59024436483716,66.09827163695903,66.56291331894697,14569700
2017-08-29,66.55382537841797,66.65404387406498,65.6427532004844,65.82496485569949,11478400
2017-08-30,67.4284439086914,67.61065553708232,66.35337861895763,66.51737186488069,16897800
2017-08-31,68.12086486816406,68.29397080927362,67.23713067900859,67.44667339105037,27652800
2017-09-01,67.36466217041016,68.09351555945464,67.09133780518889,68.06618451311799,21736200
2017-09-05,67.06401824951172,67.31911732693199,66.4900453253161,66.81802488847892,21556000
2017-09-06,66.8727035522461,67.45578922755755,66.82714716004726,67.18246477622363,16535800
2017-09-07,67.72909545898438,67.96597614733219,67.05490406237887,67.12779149739795,17471200
2017-09-08,67.401123046875,67.82021541626033,67.27356654660814,67.71999692021936,14703800
2017-09-11,68.11173248291016,68.27572569161332,67.70174598568903,67.70174598568903,17910400
2017-09-12,68.03889465332031,68.54909302958674,67.75646440230591,68.11178212162453,14394900
2017-09-13,68.52174377441406,68.53996911211713,67.92043969787734,68.2666446540088,13380800
2017-09-14,68.12086486816406,68.77683795981163,67.89309681972695,68.33041453113506,15733900
2017-09-15,68.61283874511719,68.68572618252811,67.48311126896219,68.17552802250881,38578400
2017-09-18,68.47615814208984,69.21412405766276,68.36682702644251,68.53993288848595,23307000
2017-09-19,68.73129272460938,68.97727917355829,68.3395313792984,68.52174304882134,16093300
2017-09-20,68.27574920654297,68.83150377461581,67.7017693029336,68.64928517389502,21587900
2017-09-21,67.61065673828125,68.54905984792985,67.51955092246716,68.43062298246437,19186100
2017-09-22,67.79289245605469,67.88399829489653,67.28268724686647,67.41023681143105,14111400
2017-09-25,66.74516296386719,67.64712265297972,66.43539474733602,67.50134773909906,24149200
2017-09-26,66.74516296386719,67.24624859073838,66.4991695344262,67.11869901655804,18019600
2017-09-27,67.28266143798828,67.5742041810076,66.66313224020632,67.00934402630428,19565100
2017-09-28,67.30088806152344,67.39199386716737,66.79068303824806,67.00023264706378,10883800
2017-09-29,67.86576080322266,67.91131718995035,67.3100062496026,67.36467530386156,17079100
2017-10-02,67.97505950927734,68.33948957633257,67.6926295089991,68.0661652883098,15304800
2017-10-03,67.65623474121094,68.22109515031637,67.59245995466901,68.02977079069062,12190400
2017-10-04,68.04795837402344,68.07528941724394,67.1551049069033,67.50130970590722,13317700
2017-10-05,69.21414184570312,69.35080403765298,68.29395716756378,68.53083783688167,21195300
2017-10-06,69.24147033691406,69.26880138410917,68.82237806109143,68.94081491591274,13959800
2017-10-09,69.50567626953125,69.74255691041932,69.1139150734547,69.21413353879478,11386500
2017-10-10,69.50567626953125,69.8154373799082,69.36901409398325,69.54211997973918,13944500
2017-10-11,69.62410736083984,69.6605510680361,69.19590248994183,69.56944527550867,15388900
2017-10-12,70.26188659667969,70.41676719370622,69.578582485285,69.68790669451367,16876500
2017-10-13,70.59898376464844,70.94519565381808,70.41677210261237,70.69008959566648,15335700
2017-10-16,70.74474334716797,70.89051125506948,70.47141896232684,70.53519372533272,12380100
2017-10-17,70.69010162353516,70.71743963332852,70.38034035518231,70.58077738808382,16824000
2017-10-18,70.70830535888672,70.92696071391107,70.48965000386237,70.7629674599107,13300700
2017-10-19,70.98161315917969,70.99983153828255,70.47140818225128,70.67184510701672,15092800
2017-10-20,71.80159759521484,71.94737248312798,71.26406833562595,71.35517416510704,22866400
2017-10-23,71.81981658935547,72.28445836395589,71.75604181925765,71.96558451346678,20627200
2017-10-24,71.84712982177734,72.15689092801998,71.48269967548899,71.88357353149887,17517200
2017-10-25,71.63758087158203,72.06578577599463,71.07272074314581,71.59203144721647,20410800
2017-10-26,71.75601959228516,72.35732338824495,71.74690692768571,72.1568864726162,32120700
2017-10-27,76.35696411132812,78.53442626307077,76.17475243916303,76.86716930506392,71066700
2017-10-30,76.42984771728516,76.83072171700607,75.71921250027401,76.25674177178215,31756700
2017-10-31,75.7829818725586,76.85804728983037,75.71920709996319,76.85804728983037,27086600
2017-11-01,75.7829818725586,76.31140538887989,75.5096574466189,76.23851794850546,22307400
2017-11-02,76.57561492919922,76.949150886174,75.72831757444095,75.9378602707874,23992900
2017-11-03,76.6576156616211,77.02204593803323,75.98342416836272,76.60295355298456,17633500
2017-11-06,76.95825958251953,77.16780226805324,76.60294202798121,76.71226622880634,19860900
2017-11-07,76.77605438232422,77.35003434044401,76.46629315807442,77.23159050099476,17939700
2017-11-08,77.04024505615234,77.08580143590872,76.37516639764618,76.6575964895383,18034200
2017-11-09,76.61205291748047,76.77604618072046,75.52788179749328,76.6302782528009,21178400
2017-11-10,76.4115982055664,76.62114083757052,75.82851278035915,76.33871078968386,19397800
2017-11-13,76.46627807617188,76.47539074300822,76.03807309693028,76.22029167901616,14196900
2017-11-14,76.57561492919922,76.62116436491733,75.60076803294433,76.07452247979913,18801300
2017-11-15,75.98042297363281,76.63053177776335,75.71488439405806,76.42908823561457,19383100
2017-11-16,76.1818618774414,76.38330542579754,75.94379858014356,76.09029853341644,20962800
2017-11-17,75.44934844970703,76.10861570673472,75.30284150999626,76.10861570673472,22079000
2017-11-20,75.56840515136719,75.62334177905369,75.31202490771325,75.4493734627672,16315000
2017-11-21,76.65802001953125,76.76789326321833,75.76068227634396,75.76068227634396,21237500
2017-11-22,76.09947967529297,76.82284218489627,76.03538461676293,76.75874712636623,20553100
2017-11-24,76.2368392944336,76.39249774691629,75.79732526795712,76.00792733989842,7425600
2017-11-27,76.79535675048828,76.89607853227055,76.27343796572373,76.28258941073238,18265200
2017-11-28,77.72016906738281,77.88498592180228,76.93271153913831,76.97849671541371,21926000
2017-11-29,76.31006622314453,77.75679108105835,76.16356624248208,77.56450592690575,27381100
2017-11-30,77.07005310058594,77.39052834797151,76.31006395261694,76.46572934634976,33054600
2017-12-01,77.15245056152344,77.65605243141589,76.20017644349726,76.54811993465032,29532100
2017-12-04,74.24070739746094,77.30812539058569,73.89275684643266,77.29896695875952,39094900
2017-12-05,74.70767211914062,75.70573147263376,74.14913360140875,74.47876025655839,26152300
2017-12-06,75.79730224609375,76.12693591937209,74.56117946421817,74.67105968392306,26162100
2017-12-07,75.53177642822266,75.81563196413127,75.08311101356634,75.57756160732204,23184500
2017-12-08,77.0608901977539,77.44546043744039,76.30090116277675,76.57559119719478,24489100
2017-12-11,78.04063415527344,78.1688242376293,77.02426494099804,77.17992332873935,22857900
2017-12-12,78.36111450195312,78.79146994345314,77.90329075326562,78.11388576559371,23924100
2017-12-13,78.15050506591797,78.7456772797342,77.98568825264326,78.50760699704064,22062700
2017-12-14,77.54620361328125,78.62666814617819,77.39969663249106,78.22378093484252,19306000
2017-12-15,79.52397155761719,79.74372496726156,77.7201451466087,78.06809561320014,53936700
2017-12-18,79.09362030029297,80.11914790842147,78.95627877826105,79.77120440954846,22283800
2017-12-19,78.59002685546875,79.06616048323895,78.07725950344386,79.06616048323895,23524800
2017-12-20,78.30615997314453,79.02037078952229,77.56448783924786,78.92880046389575,23674900
2017-12-21,78.28785705566406,78.837244129063,78.19629370773686,78.79146594801722,17990700
2017-12-22,78.2970199584961,78.40689318795039,77.75678429894691,78.19629817427229,14145800
2017-12-26,78.19628143310547,78.31531306814264,77.85748941453645,78.11386954282239,9891200
2017-12-27,78.48016357421875,78.72739236543117,78.03149815699304,78.4252269476549,14678000
2017-12-28,78.48930358886719,78.68158872255636,78.3336451929049,78.65412041572017,10594300
2017-12-29,78.3244857788086,78.79146794666937,78.2878590415415,78.40689069828271,18717400
2018-01-02,78.69989776611328,79.0295314163328,78.28785919625679,78.86471459122305,22483800
2018-01-03,79.066162109375,79.21266906606273,78.71821856599594,78.80062348975564,26061400
2018-01-04,79.76203918457031,80.26564800856941,79.26758878987158,79.28589866263759,21912000
2018-01-05,80.75096130371094,80.95240488652034,80.0550671955975,80.2656692101264,23407100
2018-01-08,80.8333740234375,81.10807111480854,80.21073333738873,80.76012053429359,22113000
2018-01-09,80.77845764160156,81.24544001961758,80.44882384368897,81.17218651211722,19484300
2018-01-10,80.41217041015625,80.75096253055902,80.03675853399227,80.44879715175412,18652200
2018-01-11,80.65023803710938,80.69601622319637,79.88109046098184,80.69601622319637,17808900
2018-01-12,82.04202270507812,82.20683955078843,80.9890265789199,81.19047016654768,24271500
2018-01-16,80.89746856689453,83.13165107075305,80.58615171876326,82.49985195610911,36599700
2018-01-17,82.53646087646484,82.66465096105202,81.2637114753238,81.56587681149459,25621200
2018-01-18,82.49983215332031,83.02175090966689,82.09695203396355,82.22514211546373,24159700
2018-01-19,82.40827178955078,82.96681730165793,82.0969550048803,82.53646187568988,36875000
2018-01-22,83.8824691772461,83.89162760840502,82.17020581400573,82.40827612328488,23601600
2018-01-23,84.14799499511719,84.51425534156799,83.81836138189497,84.14799499511719,23412800
2018-01-24,84.07475280761719,85.54894583512001,83.85499936459995,84.74317855349946,33277500
2018-01-25,84.54173278808594,85.37496835518543,84.17547240202465,84.669922875332,26383200
2018-01-26,86.12580871582031,86.12580871582031,84.77065421615262,85.26510474522162,29172200
2018-01-29,85.99763488769531,87.39857482557638,85.81450813227687,87.11472625892641,31569900
2018-01-30,84.91714477539062,85.75954576063309,84.33113095094811,85.42991211115469,38635100
2018-01-31,86.99568939208984,87.35279143400236,85.62221785063018,85.84197134122921,48756300
2018-02-01,86.3089370727539,87.96625684621124,85.68629648057518,86.79422913995393,47227900
2018-02-02,84.03813171386719,86.04340210036129,83.78175151548805,85.74123672977026,47867800
2018-02-05,80.57697296142578,85.37496348627676,80.57697296142578,82.92102812119992,51031500
2018-02-06,83.62608337402344,83.76343188883662,78.05894519550313,79.56060645623306,67998600
2018-02-07,82.05117797851562,84.02897306506873,81.67575912769047,82.8569453121726,41107600
2018-02-08,77.83918762207031,82.298386000137,77.61027577150557,82.14272761835343,55628700
2018-02-09,80.74180603027344,81.42854173352961,76.75874034855495,79.02039104901253,63499100
2018-02-12,81.6116714477539,82.20684380953173,80.51289707665414,81.25456942785463,35720300
2018-02-13,82.25260925292969,82.4082676374221,80.39384611173038,81.42852517938839,26407700
2018-02-14,83.54053497314453,83.70612601151022,81.33266381980353,81.42465728141752,34960900
2018-02-15,85.24244689941406,85.29764157349558,83.36575077547785,83.90851712034964,27823900
2018-02-16,84.63529968261719,86.01522304700768,84.45131270815972,85.04927388447307,30596900
2018-02-20,85.29766845703125,85.61044773360791,83.7245565820434,84.15693371502583,30911700
2018-02-21,84.16609191894531,85.88639825551188,84.16609191894531,85.53682032888707,26922500
2018-02-22,84.38689422607422,85.30684289213622,84.0465106929168,84.68127751846801,24392800
2018-02-23,86.5303726196289,86.53957407186662,84.96646263449422,86.10719705916483,26329200
2018-02-26,87.78152465820312,87.80912200294318,86.70518610142089,86.84317984377451,30199800
2018-02-27,86.65916442871094,88.16787972992923,86.65916442871094,88.07588626398207,25869100
2018-02-28,86.26358795166016,88.04829070543867,86.13479569300105,87.24793279635567,31167300
2018-03-01,85.41722869873047,86.99954146173867,84.48807861930801,86.46596957306828,37135600
2018-03-02,85.60122680664062,85.69322027018512,83.58653696735456,84.24890113471719,32830400
2018-03-05,86.14398956298828,86.72355467594095,84.87446297424151,84.94805353081806,23901600
2018-03-06,85.84962463378906,86.92596308165285,85.50004660470113,86.7879693532633,22175800
2018-03-07,86.34638977050781,86.4199873545871,85.03086278436122,85.70242845644385,26716100
2018-03-08,86.87075805664062,87.4871220156022,86.26358853146529,86.72356289223991,25887800
2018-03-09,88.81184387207031,88.81184387207031,87.3951221031081,87.66190805492415,36937300
2018-03-12,89.02345275878906,89.42823252436827,88.3518939862452,88.77506964178112,26073700
2018-03-13,86.85237884521484,89.45582889286054,86.4475990840509,89.23504312252253,35387800
2018-03-14,86.33720397949219,87.77232905476376,86.01522326405258,87.50554302807004,32132000
2018-03-15,86.64077758789062,87.00875850874635,85.39884812132331,86.0428094688316,27611000
2018-03-16,87.02716827392578,87.74472732375912,86.40160271431277,87.1007658735634,49081300
2018-03-19,85.45406341552734,86.38321388561417,84.73650430703307,86.23601867430561,33344100
2018-03-20,85.6748275756836,86.26359423491014,85.55523676068991,85.60123700726943,23075200
2018-03-21,85.07685852050781,86.5211776929269,84.82846844206638,85.49083262637478,24457100
2018-03-22,82.60218811035156,84.40528657812015,82.48259731548386,83.96370814868757,38604700
2018-03-23,80.20113372802734,83.21856455855394,80.10914025512633,82.33541458513045,44068900
2018-03-26,86.2728042602539,86.47519413547032,83.16337959358715,83.35656801484294,56396800
2018-03-27,82.30781555175781,87.52392326496935,81.4246655965039,87.3399363229526,56569000
2018-03-28,82.23422241210938,83.92693184848972,81.75585212581954,82.62980067561247,52501100
2018-03-29,83.96370697021484,84.90205848759472,81.32345893812744,82.96096634920696,45867500
2018-04-02,81.43387603759766,83.60495606968301,80.50473267352847,83.2277806588136,48515400
2018-04-03,82.52859497070312,82.8413811705791,80.85428865932397,82.40900416940869,37213800
2018-04-04,84.93888092041016,85.33445921557684,80.70711751871136,80.81750689126298,35560000
2018-04-05,84.98485565185547,85.61962248045232,84.08330988523379,85.04005734476695,29771900
2018-04-06,83.00696563720703,85.05844709393169,82.31700418412323,84.16609582495919,38026000
2018-04-09,83.50373077392578,85.71160880285278,83.3657440997716,83.75212082470486,31533900
2018-04-10,85.44483184814453,85.81281272808008,84.30409743713068,84.99405895501552,26812000
2018-04-11,84.50650024414062,85.82202735425955,84.15692221479844,84.64449397263053,24872100
2018-04-12,86.08878326416016,86.62235508452224,85.0308410737595,85.0308410737595,26758900
2018-04-13,85.62882995605469,86.64077216103442,85.0400633270246,86.52118135217425,23346100
2018-04-16,86.63157653808594,87.08235650209282,85.94161494026369,86.53958306210677,20288100
2018-04-17,88.37948608398438,88.81186316815777,87.2847447022392,87.39514109138541,26771000
2018-04-18,88.7198715209961,88.97745608234393,87.87351322401375,88.51748164603625,21043300
2018-04-19,88.41627502441406,89.2994249831789,87.70791055566441,88.71985979673535,23552500
2018-04-20,87.39514923095703,88.41629311504259,86.52120054610883,88.2323061346493,31154400
2018-04-23,87.71711730957031,88.58187143378241,87.05475304580379,88.07589678266844,22331800
2018-04-24,85.66561889648438,88.74744540124568,85.01245621184819,88.53585412827712,34524800
2018-04-25,84.92046356201172,85.83121784250085,83.05296879516607,85.83121784250085,33729300
2018-04-26,86.71438598632812,87.53313995251234,85.6472418846727,86.06122310424034,42529000
2018-04-27,88.14949798583984,90.06299326658552,86.39239934281142,89.7870058058164,48272800
2018-04-30,86.0335922241211,88.68304875304986,85.69321572519416,88.618652630119,41523600
2018-05-01,87.39514923095703,87.66193526558469,85.3620629174016,85.74843978741954,31408900
2018-05-02,86.02440643310547,87.55151765258299,85.73002312461271,87.38592660289008,27471000
2018-05-03,86.53958892822266,87.33074550884652,85.04926924918992,85.51844513273495,31142500
2018-05-04,87.54232788085938,87.73551627934727,85.48163759301762,85.84961850289308,22531300
2018-05-07,88.5174789428711,88.96825191146401,87.48713371029172,87.55152984866214,24242000
2018-05-08,88.14028930664062,88.46227699069303,87.45032772993197,88.17708809963668,23484600
2018-05-09,89.17984771728516,89.20744506102379,87.44114487522069,88.32429496812225,27327400
2018-05-10,90.07217407226562,90.10896584119159,89.28101768598701,89.65819297601226,22388100
2018-05-11,89.87901306152344,90.0354097232103,89.27185038089043,89.97101357498174,16778300
2018-05-14,90.18256378173828,90.78973325124286,89.52019963997006,90.0813688701542,19454100
2018-05-15,89.52941131591797,90.01698302633103,88.62785846029713,89.45581373206078,24594000
2018-05-16,89.7603988647461,89.99138290348755,89.27071383046595,89.9544246114001,17384700
2018-05-17,88.86419677734375,90.12075075397215,88.54082047065442,89.40008154218597,17246700
2018-05-18,89.03050231933594,89.55714572770695,88.7071260245598,88.7071260245598,17865800
2018-05-21,90.17616271972656,90.55497990751435,89.43701806286269,89.62180246481039,19422500
2018-05-22,90.08379364013672,90.70282929952685,89.80660991699864,90.25010246420457,15441200
2018-05-23,91.15554809570312,91.22022334718686,88.99353374068117,89.35386829167254,21251200
2018-05-24,90.83214569091797,91.41422988095681,89.44624169417368,91.22020416730128,26649300
2018-05-25,90.87836456298828,91.45120754066518,90.41639646620573,90.82293064707797,18363900
2018-05-29,90.55498504638672,91.35880499445527,89.83431596919141,90.39791054183702,28671000
2018-05-30,91.42346954345703,91.70065317873973,90.46258225237509,90.83215103398845,22158500
2018-05-31,91.32186889648438,92.38439714889398,91.10936747544758,91.73764449911867,34140900
2018-06-01,93.12352752685547,93.18820277686662,91.62674839207453,91.72838193481684,28655600
2018-06-04,93.93656921386719,94.1121193054321,93.17894199368953,93.55775912831442,27281600
2018-06-05,94.41705322265625,94.54640374137412,93.80725187806524,94.24150306907862,23514400
2018-06-06,94.69422149658203,94.79585504501118,94.14910250871115,94.68498720968772,21122900
2018-06-07,93.20670318603516,94.87903289375917,92.74473497765044,94.84207459119934,28232200
2018-06-08,93.89962768554688,94.19528696937581,92.89254067312352,93.4007013223843,22165100
2018-06-11,93.36373901367188,93.86265826862545,93.01263880950212,93.32678072643967,23490900
2018-06-12,93.60395050048828,93.73330097185881,93.08654861500618,93.4099247934325,18325200
2018-06-13,93.17896270751953,94.25073206406556,92.91102036838303,93.98278972492905,29492900
2018-06-14,93.70561981201172,94.269221530713,93.31756824968205,93.91812826704445,25691800
2018-06-15,92.51372528076172,93.80723731622108,92.45829136679475,93.78876169458992,65738600
2018-06-18,93.1882095336914,93.41919359320401,91.85773909519509,92.40286514116336,23586000
2018-06-19,93.1882095336914,93.31756004309254,91.9316556860169,92.07024753153928,28653100
2018-06-20,94.12136840820312,94.72192120436118,93.42841636733827,93.65940038095988,26180800
2018-06-21,93.4468994140625,94.66649482095606,93.20667404706239,94.31540163001222,23198200
2018-06-22,92.7724380493164,93.10504859912189,92.05176188569527,92.7724380493164,38923100
2018-06-25,90.90608978271484,92.49526130792646,89.89900262375771,92.39362775347169,35433300
2018-06-26,91.54361724853516,92.46755361870832,91.23871655459999,91.3033918185491,26897200
2018-06-27,90.12074279785156,92.41210075359811,89.99139228659527,92.00557359639582,31298400
2018-06-28,91.1278305053711,91.57132301039738,89.86204234447847,89.97291018392937,26650700
2018-06-29,91.10936737060547,92.31048748917767,90.85066631099305,91.40502673145899,28053200
2018-07-02,92.40284729003906,92.44903986357328,90.54573383658906,90.63812603273023,19564500
2018-07-03,91.5158920288086,92.97570600468215,91.41425847333281,92.83712120091923,14670300
2018-07-05,92.17188262939453,92.31970876444636,91.49740606269937,91.93165722972684,18977400
2018-07-06,93.46538543701172,93.71484509890726,92.08871548169017,92.2919825649765,19234600
2018-07-09,94.10291290283203,94.47248884112079,93.54855251993624,93.91812845822501,18212000
2018-07-10,94.3523941040039,94.71272876051333,94.11216864997236,94.24151919081801,19293100
2018-07-11,94.22303009033203,94.55564068417857,93.40996160804663,93.45616124420368,19644600
2018-07-12,96.26490783691406,96.46817491378073,94.91596193024918,94.95291317234015,24335900
2018-07-13,97.41057586669922,97.56764329992804,96.17249792172078,96.4312059311872,24635200
2018-07-16,96.9301528930664,97.7709311935536,96.56981127963019,97.38287967025181,21786900
2018-07-17,97.89103698730469,98.39920471390741,96.38502352794147,96.6529658702344,25901700
2018-07-18,97.12417602539062,97.9834369746251,96.75460013502897,97.8818034285488,29493900
2018-07-19,96.45893096923828,97.29970916099111,95.98772158098339,96.94861597803883,40171600
2018-07-20,98.18667602539062,99.96987279474483,98.01113297803214,99.85900498569154,56004000
2018-07-23,99.75737762451172,99.91444506308929,98.05733160691597,98.21440609456626,29707000
2018-07-24,99.47097778320312,100.54274014316849,99.10140188184216,100.31175608595214,26316600
2018-07-25,102.39983367919922,102.695492931983,99.41551714875793,99.74813468927375,30702100
2018-07-26,101.2818832397461,102.55691258831274,101.17100836414636,102.31668721571668,31372100
2018-07-27,99.48947143554688,101.79931242629686,98.06660853935584,101.79931242629686,37005300
2018-07-30,97.35516357421875,99.35086217536963,96.79156190720565,99.03672723917165,34668300
2018-07-31,98.01114654541016,98.60246510578976,97.36438702375708,98.38995669390025,27655200
2018-08-01,98.1959457397461,98.35301321401542,97.40135998287572,97.96496167202969,23628700
2018-08-02,99.38780212402344,99.8682457757187,96.8654535676732,97.38286255689052,26104300
2018-08-03,99.82206726074219,99.83130859642424,98.69486397603995,99.60032454788931,18659600
2018-08-06,99.90521240234375,100.17315472915924,99.37856908386456,99.89597811626528,20265900
2018-08-07,100.5981674194336,100.80143450421558,99.94217358613854,100.30250812767986,16080200
2018-08-08,101.16178131103516,101.40200671754648,100.48731177419965,101.013955171772,15487500
2018-08-09,101.32807922363281,101.78081302741072,101.26340397296077,101.36503751674164,13677200
2018-08-10,100.70904541015625,101.34656364139204,100.13620243070716,101.0970969208764,18183700
2018-08-13,99.97913360595703,101.2449287154656,99.87750006181025,100.93078674744636,18472500
2018-08-14,101.2264404296875,101.40199055058102,99.82206060975916,100.30250429710817,16788300
2018-08-15,99.85376739501953,101.0873260717042,99.07467062828121,100.6235801865173,29982800
2018-08-16,99.83521270751953,100.9667537894869,99.51986890497811,100.447360667089,21384300
2018-08-17,99.7795639038086,100.07636097998875,98.95409681455128,99.57551458714715,18061500
2018-08-20,99.12105560302734,100.07637106714154,98.75933435110451,99.7146498152187,17914200
2018-08-21,98.29556274414062,99.56622170559704,98.17498430754158,99.16740003510651,22881900
2018-08-22,99.29724884033203,99.55694535720907,98.11006071963736,98.17498484885662,18000600
2018-08-23,99.76102447509766,100.33607198886041,99.121059888902,99.38075648343954,18167700
2018-08-24,100.54011535644531,100.68851036898491,99.76101854295902,99.86304320991796,17234000
2018-08-27,101.65309143066406,101.69019194872996,100.64212884911944,101.34701746377063,19662300
2018-08-28,102.26524353027344,102.48783957153609,101.829321270492,101.96844644985637,19151500
2018-08-29,103.89762878417969,103.90690568355716,102.27451812696678,102.44146693475672,20818000
2018-08-30,103.83269500732422,104.44484293782575,103.35967932597329,103.572998458457,22798700
2018-08-31,104.18516540527344,104.60253392410416,103.43389216469598,103.59157116346009,23222700
2018-09-04,103.61007690429688,103.84194978441826,102.22811652010905,102.8124336305834,22634600
2018-09-05,100.62359619140625,103.34114779389516,100.26187490952222,102.96087978718194,32872400
2018-09-06,100.8554458618164,101.08731878770189,99.71463502913187,100.40097690841688,23477600
2018-09-07,100.36387634277344,100.83689909268796,99.45493843641235,100.3824301395074,22498600
2018-09-10,101.44904327392578,101.69019310599833,100.50300481918016,100.9481968886368,20727900
2018-09-11,103.17418670654297,103.49880742399567,100.99458237370227,101.00385927311548,24301800
2018-09-12,103.61007690429688,103.73992515106896,102.49708991019371,103.35038041075272,18891100
2018-09-13,104.7231216430664,105.48366477479222,103.99040213822533,103.99040213822533,26055600
2018-09-14,105.14973449707031,105.48363206856341,104.2871669500798,105.14045759891773,19122300
2018-09-17,104.00891876220703,105.45580355107921,103.74922221817357,105.44653372893525,20736500
2018-09-18,105.00135040283203,105.45581942329297,103.61938954196852,104.05531183914992,22170900
2018-09-19,103.600830078125,105.10336932485845,102.98868917655264,104.85294965516994,21728400
2018-09-20,105.33523559570312,105.54856180733915,103.81414972311683,104.13877041369311,23714500
2018-09-21,105.97522735595703,106.93054288870314,105.27960842517666,105.7340774786167,71229700
2018-09-24,106.3554916381836,106.56881788302285,104.08313937426847,104.83440552884748,27334500
2018-09-25,106.15141296386719,106.75428393145593,105.50217166104822,106.47604069147616,22668000
2018-09-26,105.71549987792969,106.71718546778034,105.49289679022989,106.16996879863413,19352000
2018-09-27,106.11433410644531,106.57807997966387,105.91955461263711,106.45750152385875,19091300
2018-09-28,106.07723999023438,106.26273552023807,105.43726838218014,105.9102911827507,21647800
2018-10-01,107.22732543945312,107.29224958111865,106.41113521905774,106.42968194116186,18883100
2018-10-02,106.80067443847656,107.4406389222403,106.14215615738615,106.93979961362533,20787200
2018-10-03,106.81922149658203,107.75599013092516,106.59662546136201,107.05109443049466,16648000
2018-10-04,104.61180877685547,106.43896889138293,103.53591481200017,106.2998436957618,34821700
2018-10-05,103.99964141845703,104.96423363230741,102.61768077151183,104.46338726687355,29068900
2018-10-08,102.81246185302734,103.9069024306767,101.4119472913115,103.56373500266335,29640600
2018-10-09,104.1202392578125,104.88078230780124,102.76610197740335,103.08144581647609,26198600
2018-10-10,98.4625244140625,103.41532680340741,98.11934993015274,103.17417697481676,61376300
2018-10-11,98.23065948486328,101.03168159451144,96.64464228706751,97.71125926742457,63904300
2018-10-12,101.62528991699219,103.17419973311524,99.35293753171953,101.10589670349029,47742100
2018-10-15,99.79810333251953,101.54179221933386,99.19523232540182,101.01312224488908,32068100
2018-10-16,102.95159912109375,103.33187419009974,101.05023792846681,101.59746181963615,31610200
2018-10-17,102.6825942993164,103.70283364519393,101.60670772176174,103.58226228449364,26548200
2018-10-18,100.63285064697266,102.5156576881756,100.01143289886926,102.11683596938383,32506200
2018-10-19,100.78124237060547,102.82172109491002,100.36386689777082,101.03166199334669,32785500
2018-10-22,101.68089294433594,102.52491362539102,100.39168029567715,101.39337283708359,26545600
2018-10-23,100.26185607910156,101.0687764435557,97.4886577467644,99.95578210539132,43770400
2018-10-24,94.90095520019531,100.62357757668839,94.22388311185507,100.54938361489532,63897800
2018-10-25,100.44734954833984,101.34701051399337,98.45324106529381,98.82423914431165,61646800
2018-10-26,99.20453643798828,100.86474784943587,97.16405701312414,98.02662479502256,55523100
2018-10-29,96.32003784179688,100.81837239571036,94.2610045752702,100.27115554036965,55162000
2018-10-30,96.20872497558594,96.81158896863424,92.85120220121213,96.14380083435609,65350900
2018-10-31,99.06539916992188,100.29896499055472,97.74836248194747,97.79473990349346,51062400
2018-11-01,98.23992919921875,99.53841912707702,97.8782079653712,99.28799945602904,33384200
2018-11-02,98.4625244140625,99.5384111298819,97.36808390116677,98.75932148148168,37680200
2018-11-05,99.71464538574219,99.92796453704062,98.22138302184969,98.65730529998241,27922100
2018-11-06,99.90943145751953,100.94821788645892,98.57384081893822,99.5940805228759,24340200
2018-11-07,103.84197235107422,104.10166890105492,101.46759580702172,101.50469632504758,37901700
2018-11-08,103.64720153808594,104.0738468876669,102.8681118761208,103.69357895538403,25644100
2018-11-09,101.62528991699219,103.36897218817846,100.87402372229096,102.81247844854045,32039200
2018-11-12,99.12105560302734,101.98700199536991,98.40688292272758,101.48615555204573,33621800
2018-11-13,99.18596649169922,100.85544733676987,98.90771614608732,99.75173700522988,35374600
2018-11-14,97.77938079833984,100.8440111556346,97.31363163352486,100.69496801164505,39495100
2018-11-15,99.9311752319336,100.41555851552734,96.79202929216486,97.79804244506956,38505200
2018-11-16,100.87199401855469,101.42157483454432,99.48406295999776,99.74488145618069,33502100
2018-11-19,97.45337677001953,101.12347607040829,96.45667364761479,100.85334064943153,44773900
2018-11-20,94.74272155761719,95.91641178109012,92.54438429761342,94.8265601269647,64052500
2018-11-21,96.04681396484375,97.27639173976333,95.23640768557661,96.50324625449615,28130600
2018-11-23,96.00955963134766,96.69886659980608,95.01285642178213,95.17120947686023,13823100
2018-11-26,99.17665100097656,99.32568707232222,97.41611932341354,97.61173316461277,32336200
2018-11-27,99.80074310302734,99.97773008222985,98.14267700345377,98.99033689521332,29124500
2018-11-28,103.50814056396484,103.70375444280421,100.47145273985346,100.49939656443462,46788500
2018-11-29,102.64181518554688,103.50810901739531,101.56127358592126,102.77222439836113,28123200
2018-11-30,103.29386138916016,103.36838296994586,101.86866991378687,103.11687441148639,33665600
2018-12-03,104.41168212890625,105.65057706112067,103.14485048054775,105.25934932677006,34732800
2018-12-04,101.08621215820312,104.92398846318406,100.79744990289637,104.27194236837224,45197000
2018-12-06,101.71034240722656,101.75691307682693,97.80736069210813,98.571189319909,49107400
2018-12-07,97.6396713256836,101.95250677100626,97.15529523841703,100.95580367211875,45044900
2018-12-10,100.21990966796875,100.5832005830052,96.77336842299985,97.62103538013687,40801500
2018-12-11,101.15141296386719,103.34974986766312,100.08019543506957,102.2785323388655,42381900
2018-12-12,101.60785675048828,103.6478336060795,101.57059595816554,103.2938667391677,36183000
2018-12-13,101.9525146484375,103.27524800606902,101.1886861127655,102.07361400968807,31333400
2018-12-14,98.76679992675781,101.77554366899868,98.2731067833183,100.83472805018204,47043100
2018-12-17,95.84191131591797,98.55257624513696,94.7427424436049,98.18929228034273,56957300
2018-12-18,96.84793090820312,97.35094111060125,95.49725339062341,96.64300003610333,49319200
2018-12-19,96.58708190917969,99.5585572968068,94.40737171982276,96.54982111630174,68198200
2018-12-20,94.55641174316406,97.16460319685591,92.01341779137594,95.99092024074078,70334200
2018-12-21,91.50108337402344,95.9443272467238,90.78382568568978,94.66817198607355,111242100
2018-12-24,87.68196868896484,91.25892733604238,87.54224957158644,90.98879186449251,43935200
2018-12-26,93.6714859008789,93.79258525293807,87.52359728687782,88.62276578959084,51634800
2018-12-27,94.2490463256836,94.25836330332837,89.79648331888534,92.49783118736457,49498500
2018-12-28,93.51313781738281,95.394768847075,92.70273152953283,95.09668249191833,38196300
2018-12-31,94.61231231689453,95.38545785887824,93.55972145956619,94.35149384653143,33173800
2019-01-02,94.19314575195312,94.77998734118098,92.16247841703095,92.73069316029616,35329300
2019-01-03,90.72795867919922,93.32684044319628,90.54165470824236,93.24300187957324,42579100
2019-01-04,94.9476547241211,95.48792562993353,92.15315886108223,92.88904362449493,44060600
2019-01-07,95.06873321533203,96.19584553067855,94.06272025150858,94.67750555680239,35656100
2019-01-08,95.75804138183594,96.84789283857305,94.74270439830389,95.98159901498917,31514400
2019-01-09,97.12735748291016,97.69557220674126,96.16791504630794,96.74544674618706,32280800
2019-01-10,96.50328063964844,96.64300689024181,95.36685089142179,96.14931363068125,30067600
2019-01-11,95.75804138183594,96.35419980809056,94.67749979251883,96.12132520074832,28314200
2019-01-14,95.05941772460938,95.82324615374536,94.32353311131985,94.91969153860799,28437100
2019-01-15,97.81664276123047,97.85390354767617,94.90104840607766,95.48789690913696,31587600
2019-01-16,98.16131591796875,98.98103920096884,97.77008822750236,98.04954063884693,29853900
2019-01-17,98.85063171386719,99.32569087205175,97.58379307850137,97.80735074745706,28393000
2019-01-18,100.33171844482422,100.50870546197247,98.65502514379754,100.09884378300629,37427600
2019-01-22,98.44078826904297,99.76351478955688,97.67695957765606,99.43749164813042,32371300
2019-01-23,99.40019989013672,99.70759608779746,98.12404444051957,98.85061920956383,25874300
2019-01-24,98.92516326904297,99.67036510317715,98.12407378471872,99.53995584821938,23164800
2019-01-25,99.82868957519531,100.49005263774534,98.92513491994113,99.89389418398842,31225600
2019-01-28,97.88186645507812,99.18596580800073,97.49063878123226,98.98103499595679,29476700
2019-01-29,95.88844299316406,97.7793835178216,95.17118527961009,97.69554497030366,31490500
2019-01-30,99.09281158447266,99.09281158447266,97.18324385198478,97.45337927991883,49471900
2019-01-31,97.27640533447266,98.0122901285823,96.11203200963543,96.68956373719217,55636400
2019-02-01,95.73944091796875,96.96901899050533,95.33889616898031,96.6709396731259,35535700
2019-02-04,98.49665832519531,98.5525530728634,95.73010639242624,95.823261936283,31315100
2019-02-05,99.87528991699219,99.92186058707432,98.7015995866497,98.79474803358492,27325400
2019-02-06,98.76679992675781,99.67035474706215,98.30105060550986,99.67035474706215,20609800
2019-02-07,98.058837890625,98.35691710788015,97.14597339699259,97.98432341638805,29760700
2019-02-08,98.43144226074219,98.53390766165148,97.1180331050029,97.23912534845508,21461100
2019-02-11,98.04022979736328,99.27912466812353,97.77941132073386,98.92515064403747,18914100
2019-02-12,99.56790161132812,99.80077630068136,98.25449205889706,98.86927754326841,25056600
2019-02-13,99.49334716796875,100.39690180153033,99.4001987443248,100.13608337261961,18394900
2019-02-14,99.57719421386719,99.94047807179034,98.42213802731075,99.02760638600282,21784700
2019-02-15,100.8067855834961,100.88130718152279,100.00569617163606,100.51802327460611,26606900
2019-02-19,100.76021575927734,101.21665525313153,100.39693182369302,100.40624880087428,18038500
2019-02-20,100.23634338378906,100.97537093315574,99.43183274205428,100.90053107412884,21607700
2019-02-21,102.35052490234375,102.41600799592256,99.97441286272145,100.00247602609495,29063200
2019-02-22,103.80986022949219,104.02501589378497,102.73406049666386,102.94922329807812,27763200
2019-02-25,104.38983154296875,104.94176645448258,104.08112968570592,104.54886799096977,23750600
2019-02-26,105.11019897460938,105.93341618626317,103.9969790323076,104.0811756757613,21536700
2019-02-27,104.93244934082031,105.11019224786276,103.72568320078429,104.48342439488118,21487100
2019-02-28,104.80146026611328,105.59661408457713,104.52082152042553,104.81081703210592,29083900
2019-03-01,105.26919555664062,105.72757715712973,104.46468499579466,105.60596775127947,23501200
2019-03-04,105.01661682128906,105.94273676013616,103.65082168948928,105.72757397781771,26608000
2019-03-05,104.49276733398438,105.13824868169787,104.05309918423654,105.00728248609258,19538300
2019-03-06,104.53953552246094,105.39082286170616,104.24018322300454,104.65179531117776,17687000
2019-03-07,103.26725769042969,104.35241393428527,102.78081301577981,104.21209102177018,25339000
2019-03-08,103.3795166015625,103.56660905863781,101.77985254107342,102.11662467350479,22818400
2019-03-11,105.54985046386719,105.66210311360568,103.81921978822255,103.82856941761963,26491600
2019-03-12,106.28889465332031,106.63501656039946,105.38148086113038,105.54051023125447,26132700
2019-03-13,107.1120834350586,107.57982179067021,106.43853906103854,106.76595448254248,35513800
2019-03-14,107.19628143310547,107.76692284327532,106.95306260758369,107.14951187609965,30763400
2019-03-15,108.43112182617188,109.68465734139798,107.19628556992394,107.89789318618023,54681100
2019-03-18,109.98399353027344,110.02141345411441,108.5620721099197,108.67432474432194,31207600
2019-03-19,110.058837890625,110.79786535826463,109.4414198276143,110.47044279551113,37588700
2019-03-20,109.93721771240234,111.08785718398858,109.17948387569967,109.81560831179597,28113300
2019-03-21,112.4630126953125,113.02429730126065,109.53496598679597,109.58174267775873,29854400
2019-03-22,109.49755859375,111.87366330476891,109.48820182767221,111.78947382143294,33624500
2019-03-25,110.06818389892578,110.3955992925589,108.81464150129001,109.0391538944784,27067100
2019-03-26,110.30205535888672,111.05043239750712,109.31044525546203,110.96624292472451,26097700
2019-03-27,109.2356185913086,110.58270741533956,108.06627263631543,110.27399837031224,22733400
2019-03-28,109.38530731201172,109.99336868613277,108.63692298430551,109.86240249935247,18334800
2019-03-29,110.33013916015625,110.68561778472989,109.41336873019445,110.45174857819207,25399800
2019-04-01,111.34042358398438,111.42462019064217,110.47978681103898,111.27494050641506,22789100
2019-04-02,111.49947357177734,111.77076267954062,110.87269873936926,111.37785702929526,18142300
2019-04-03,112.2291259765625,112.65944434511377,111.46203546964594,112.126222982222,22860700
2019-04-04,111.65849304199219,112.47236029340806,110.74172278854256,112.35074376166614,20112800
2019-04-05,112.15428924560547,112.47235500159583,111.66784455288617,111.6865509445938,15826200
2019-04-08,112.19174194335938,112.27593143632009,110.98497591773388,112.07948214895625,15116200
2019-04-09,111.58367156982422,111.8268975362352,110.92884066462729,110.9756102223576,17612000
2019-04-10,112.43497467041016,112.5846472681325,111.82691323756718,112.03271930441765,16477200
2019-04-11,112.56591796875,113.05236273378559,112.18236907908332,112.76236722792521,14209100
2019-04-12,113.14592742919922,113.17399773119072,112.60335625510916,112.85593187605434,19745100
2019-04-15,113.23946380615234,113.73526534330581,112.79043182437641,113.13656079235206,15792600
2019-04-16,112.97752380371094,113.80074791035034,112.35075609497136,113.7913911444691,14071800
2019-04-17,113.91301727294922,113.98785713674188,112.76238469990653,113.41721566528675,19300900
2019-04-18,115.40975952148438,115.55007531249971,113.47332309714598,114.30589676373317,27991000
2019-04-22,115.77460479736328,115.99911721939397,114.66138517887902,114.70816187131597,15648700
2019-04-23,117.34620666503906,117.47717284003048,115.84008851551653,116.09266409953676,24025500
2019-04-24,116.94395446777344,117.72975153850965,116.48556570605587,117.67362521549177,31257000
2019-04-25,120.81682586669922,122.89358555373819,120.51748070622843,121.66811320064403,38033900
2019-04-26,121.50907897949219,122.09843392154195,120.69521874465617,121.33133610654112,23654900
2019-04-29,121.39681243896484,121.78034702832593,121.00391394731408,121.51841470055876,16324200
2019-04-30,122.17328643798828,122.266825561595,121.04135313066507,121.43425170799986,24166500
2019-05-01,119.62876892089844,122.22003647987704,119.46038281379764,122.10778383322416,26821700
2019-05-02,118.06648254394531,119.74098625506019,117.42100150603606,119.72227986629018,27350200
2019-05-03,120.58293151855469,121.07873298895814,119.03940079359911,119.14230379354552,24911100
2019-05-06,119.88133239746094,120.26488126708642,117.9729662260117,118.23489855789215,24239800
2019-05-07,117.42102813720703,118.97392283071704,116.20491275200963,118.30037848833297,36017700
2019-05-08,117.41169738769531,118.2162080218855,116.7007330078506,117.34621429594131,28419000
2019-05-09,117.4023208618164,117.67360994974439,115.5968506220423,116.27039495936411,27235800
2019-05-10,118.92716217041016,119.67554645994625,115.8307362682696,116.8504096843345,30915100
2019-05-13,115.39105224609375,117.44910531703063,115.10105674611523,116.10201655329892,33944900
2019-05-14,116.68202209472656,117.75781468373503,115.71847501461691,115.87751149168133,25266300
2019-05-15,118.32516479492188,118.97303540881771,116.14682521765808,116.67263626288769,24722700
2019-05-16,121.05744171142578,121.47997587428041,118.73826756891764,119.01056083597764,30112200
2019-05-17,120.25,122.49406504387602,120.10915046544845,120.4753363319527,25770500
2019-05-20,118.512939453125,119.7992819250318,118.08102816236786,118.79461699220683,23706900
2019-05-21,119.15142822265625,119.74295754983119,118.85096785850611,119.64906502919804,15293300
2019-05-22,119.87440490722656,120.40960730217815,118.79462304356026,118.88852272491032,15396500
2019-05-23,118.47538757324219,118.5786714923512,117.12331238748058,118.49416321147112,23603800
2019-05-24,118.5317153930664,119.63966424211314,118.27820489089127,119.16081027538907,14123400
2019-05-28,118.45661163330078,120.1842568875603,118.35332771445485,119.22654174244512,23128400
2019-05-29,117.31110382080078,117.73362373181999,116.46605683522245,117.72423233099691,22763100
2019-05-30,118.05289459228516,118.08106163782462,117.1608975567999,117.61159177605603,16829600
2019-05-31,116.12804412841797,117.0106496000148,115.7900253164677,116.64446374765873,26646800
2019-06-03,112.52254486083984,116.77594827304193,111.7432302526583,116.28769555388432,37983600
2019-06-04,115.63981628417969,115.75248446292244,113.2830756437449,113.8746050727685,29382600
2019-06-05,118.14675903320312,118.18431747283711,116.625674463956,117.3204876883351,24926100
2019-06-06,120.01526641845703,120.15610879941865,117.9308192381401,118.71953227340052,21459000
2019-06-07,123.37664031982422,124.17474459816778,120.42837096445183,121.3015921194578,33885600
2019-06-10,124.50341033935547,125.89303708810871,123.9400407867643,124.31561093710317,26477100
2019-06-11,124.03392791748047,126.04325810502874,123.26399056210855,125.70523927314767,23913700
2019-06-12,123.46116638183594,123.91185335350355,122.72879468022089,123.37665093389535,17092500
2019-06-13,124.24048614501953,124.87895815180465,123.52688292910639,123.92123581454668,17200800
2019-06-14,124.36253356933594,125.62070905739449,123.60199486874949,124.18413277249127,17821700
2019-06-17,124.73814392089844,125.56440110815669,124.43767634219891,124.53157604231319,14517800
2019-06-18,126.90705108642578,126.98216795669494,125.41414089840629,125.99627873414464,25934500
2019-06-19,127.40470123291016,127.63003754036998,125.63949041338371,126.75683069480398,23744400
2019-06-20,128.58779907226562,129.2544526151439,127.43290716283161,129.05726895885812,33042600
2019-06-21,128.6065216064453,129.32011034188443,128.12766770429138,128.24033583960355,36727900
2019-06-24,129.3671112060547,129.94924923757614,128.63473938346874,128.63473938346874,20628800
2019-06-25,125.28270721435547,129.18869949059797,124.6254523426516,128.86946345678206,33327400
2019-06-26,125.75213623046875,127.45162843414134,125.44229886274614,126.14650335263339,23657700
2019-06-27,125.95870208740234,126.48452013316594,125.35778150503504,125.94931785209609,16557500
2019-06-28,125.7803726196289,126.38129347415125,125.02921796970516,126.3531264283989,30043000
2019-07-01,127.39530944824219,128.35303178715182,126.72867040042456,128.28731346967191,22613500
2019-07-02,128.2404022216797,128.24978646212094,127.07611168815667,127.8084836009436,15237800
2019-07-03,129.06663513183594,129.32953705617595,127.96806326510324,128.44693159857144,13629300
2019-07-05,128.69105529785156,128.9445729935824,127.43287971131925,127.63944756308794,18141100
2019-07-08,128.59715270996094,128.72860365919703,127.10422810361216,128.07133458593756,16779700
2019-07-09,128.12770080566406,128.60655483152837,127.5079972471943,127.69578229692064,19953100
2019-07-10,129.432861328125,130.1182833926096,128.6535395497834,128.75682350419217,24204400
2019-07-11,129.94923400878906,130.71917135245343,129.45159717040355,129.7614489555064,22327900
2019-07-12,130.41873168945312,130.63469815762957,129.58307584566066,130.3717961614084,18936800
2019-07-15,130.41873168945312,131.019652584685,130.0056102147372,130.9257672015113,16651500
2019-07-16,128.70982360839844,130.55953550100205,128.18401980022102,130.47503438763337,22726100
2019-07-17,127.94927215576172,129.50790062374924,127.90232232177488,129.29194857990313,20211000
2019-07-18,128.09010314941406,128.2778881521538,126.44695930305605,127.27323050760369,30381800
2019-07-19,128.27792358398438,132.08063182989423,128.1183055712134,131.65811187525563,48992400
2019-07-22,129.97740173339844,130.69100499753577,128.94457677137632,129.01969365850033,25074900
2019-07-23,130.7848663330078,131.44213539281736,129.60180781409218,131.22616900935827,18034600
2019-07-24,132.1276092529297,132.14639206043523,130.37179641889537,130.41873194703277,20738300
2019-07-25,131.62994384765625,132.0242967575044,130.8130709863337,131.85528018066594,18356900
2019-07-26,132.70970153808594,133.02893752007677,131.73321079109064,131.7989291040514,19037600
2019-07-29,132.41860961914062,132.8692964759371,130.85996692750166,132.85991224059356,16605900
2019-07-30,131.78016662597656,132.59703941914336,131.26374702744815,131.5829830239639,16846500
2019-07-31,127.94927215576172,131.91159744934438,126.83193201143268,131.7613637114176,38598800
2019-08-01,129.6299591064453,132.33410890933737,128.5689530993512,128.63468572818002,40557500
2019-08-02,128.54080200195312,129.87410859795295,127.00094191264206,129.6581422139498,30791600
2019-08-05,124.13720703125,125.75216991304656,122.79451599414664,125.16064772551509,42749600
2019-08-06,126.4657974243164,127.3953386089859,125.07617060365293,125.63014161854858,32696700
2019-08-07,127.01973724365234,127.36714028172646,123.78039876190046,125.62071219973534,33414500
2019-08-08,130.40936279296875,130.50326251427475,127.63009437109058,128.25919671508615,27496500
2019-08-09,129.30137634277344,130.86940372790897,128.12770186344318,130.14641623705882,23466700
2019-08-12,127.49864196777344,129.44225442635206,126.98223648747704,128.70049821362915,20484300
2019-08-13,130.1370086669922,130.32479368460125,126.75682104171507,127.74271029301076,25154600
2019-08-14,126.2180404663086,128.98771772376344,125.92600220953322,128.46016288897036,32527300
2019-08-15,125.93539428710938,126.7832624352343,124.58824661117434,126.60426756924831,28074400
2019-08-16,128.24346923828125,128.5543527918804,126.91515252057269,127.06588655409749,24449100
2019-08-19,130.39134216308594,130.5232308115599,128.9593979976653,129.86378756919007,24355700
2019-08-20,129.30801391601562,130.67402153767446,129.28918294004671,130.20298839221715,21170800
2019-08-21,130.7493438720703,131.40880162262357,130.00511799973197,130.52325721454346,14970300
2019-08-22,129.79791259765625,131.1356452138166,128.39422843097591,130.62693566251906,18697000
2019-08-23,125.6622085571289,130.3348631862218,125.10639295476594,129.24206295545477,38508600
2019-08-26,127.6029052734375,127.70653316401673,126.14269931520062,127.16956273086547,20312600
2019-08-27,127.87610626220703,128.79932736667064,126.85867276196835,128.48844371036492,23102100
2019-08-28,127.70649719238281,127.89490756542179,125.81294922493764,127.06589904909232,17393300
2019-08-29,130.11817932128906,130.41964740606196,128.97828726586653,129.29858632484562,20168700
2019-08-30,129.87322998046875,131.11674972750893,128.3753483676388,131.08848889517535,23940100
2019-09-03,128.15866088867188,129.2514609717269,127.8383618771932,128.6956454444926,18869300
2019-09-04,129.6565704345703,129.71309210430604,128.5731857237431,129.34568687623496,17995900
2019-09-05,131.93637084960938,132.24725441272497,130.72109743244937,131.05082634402962,26101800
2019-09-06,131.0414581298828,132.05887731737778,130.193589640578,131.91757308989077,20824500
2019-09-09,129.55291748046875,131.6537205890789,128.55432984251377,131.50298658246294,25773900
2019-09-10,128.19638061523438,128.95945199913848,126.71732966141289,128.8746694842137,28903400
2019-09-11,128.2340545654297,128.37537312914318,127.26372746871645,128.03622870093727,24726100
2019-09-12,129.55291748046875,130.40077111180779,128.9405659691363,129.86380097856934,27010000
2019-09-13,129.3645477294922,130.06166757283842,128.65799802353388,129.79789016593057,23363100
2019-09-16,128.431884765625,128.78044465424992,127.80070214645508,127.96085167297976,16731400
2019-09-17,129.43048095703125,129.5529541689385,128.52609103600494,129.02539937116904,17814200
2019-09-18,130.49501037597656,130.6363145520836,128.6202935158189,129.4022101647855,23982100
2019-09-19,132.89730834960938,134.12198311818602,131.95524198929385,132.1719132272247,35772100
2019-09-20,131.3617401123047,133.44369879051382,130.2406788049033,132.8407768741121,39167300
2019-09-23,131.07908630371094,131.5407039018818,130.4196428597447,131.16386880905182,17139300
2019-09-24,129.42108154296875,132.53931890438977,128.95004836149025,132.22843527963894,29773200
2019-09-25,131.286376953125,131.8516225554164,128.1492940474726,129.53413283577302,21382000
2019-09-26,131.45591735839844,132.05883917954642,130.41965311490762,131.3617193588757,17456600
2019-09-27,129.75074768066406,132.2283858897277,128.73331466372676,132.0305457024955,22477700
2019-09-30,130.9755096435547,131.15450458576288,129.79792647091625,130.05228846114863,17280900
2019-10-01,129.12901306152344,132.1247764949872,129.06306153164525,131.56896092082206,21466600
2019-10-02,126.84918975830078,128.4695445382439,125.84118654478478,128.3565012105042,30521700
2019-10-03,128.38478088378906,128.82755314879915,125.50206060506926,127.13183110990826,24132900
2019-10-04,130.11817932128906,130.24065252757674,128.51666965160405,128.82755322348007,22897700
2019-10-07,129.17605590820312,130.17464334087072,129.08185795452272,129.19490124885243,15303700
2019-10-08,127.81008911132812,129.77900354925353,127.76298293761796,129.13840558611045,25550500
2019-10-09,130.23123168945312,130.6645740750219,129.03480363620312,129.49642123149835,19749900
2019-10-10,131.0414581298828,131.57842856912768,130.24069584133844,130.4667969801119,17654600
2019-10-11,131.58778381347656,132.8595787777606,131.41821881812544,132.0022951907184,25446000
2019-10-14,131.46536254882812,132.16248245077912,131.43710170819725,131.59725126336954,13304300
2019-10-15,133.3683319091797,133.57557326869113,131.7102860347615,131.94580260785128,19695700
2019-10-16,132.27549743652344,132.82189747010992,131.4464747131802,132.63347276041398,20751600
2019-10-17,131.59722900390625,133.22699949537883,130.96604637859363,132.7842272340001,21460600
2019-10-18,129.44927978515625,131.88922703536207,128.64851801395614,131.66312604266457,32273500
2019-10-21,130.41018676757812,130.4761382861038,129.07245480037724,130.42903211212632,20078200
2019-10-22,128.4695587158203,131.8986789919642,128.3659308623604,130.9189365022612,27431000
2019-10-23,129.28916931152344,129.48699516187958,127.75359681926605,128.95002490755215,29844600
2019-10-24,131.83273315429688,132.28492086017002,130.63630517491148,131.31459392111518,37029300
2019-10-25,132.57696533203125,132.9632159036771,131.13560527178078,131.26749395785637,25959700
2019-10-28,135.83656311035156,137.23081742509578,135.19595045236,136.03438901407154,35280100
2019-10-29,134.5553436279297,136.12859276746443,134.3857642035696,135.73292661034722,20589500
2019-10-30,136.2322235107422,136.59962883399365,134.5176557523737,135.2053745784231,18496600
2019-10-31,135.06399536132812,136.53361599460894,134.70602006269954,136.50535516510632,24605100
2019-11-01,135.39376831054688,136.0532118384025,134.68721859324643,135.90247778209527,33128400
2019-11-04,136.17568969726562,136.59961666713642,135.80828440673878,136.43946711739818,16912000
2019-11-05,136.0908660888672,136.61842076984976,135.57272689333539,136.57131459302198,18250200
2019-11-06,135.71401977539062,136.14737644150603,134.90384247552896,136.00605792276184,16575800
2019-11-07,135.90245056152344,136.4865413190258,135.44084737187669,135.50678452405998,17786700
2019-11-08,137.5039825439453,137.53224337866055,135.43142549956863,135.6386812040063,16732700
2019-11-11,137.64529418945312,137.93733241388952,136.34523822282443,136.919899184544,14362600
2019-11-12,138.5496826171875,139.02071571611077,137.5981865574973,137.80544227100668,18641600
2019-11-13,138.77578735351562,138.91710592644566,137.8054601935194,138.23881702579706,16919200
2019-11-14,139.48231506347656,139.81204397344354,138.48372722157296,138.5025725699454,19729800
2019-11-15,141.28167724609375,141.30052259611287,139.68016748943623,140.30192029216403,23485700
2019-11-18,141.6302490234375,141.82808927823407,140.3490382358357,141.37590146343092,21534000
2019-11-19,141.67730712890625,142.56285148114728,141.49831228645922,142.13892465022818,23935700
2019-11-20,141.43153381347656,142.58476633272116,140.33502970679658,142.08377353281819,25696800
2019-11-21,141.2992401123047,141.60173404483663,140.37287768540864,141.2236166291717,18576100
2019-11-22,141.4031982421875,142.07434753406577,140.6753493765547,141.856939069247,15901800
2019-11-25,142.95346069335938,143.06690312574474,141.7151568529082,141.79078033326374,22420900
2019-11-26,143.70968627929688,144.07834174457025,143.03855130534757,143.07635583504282,24620100
2019-11-27,143.98377990722656,144.15392187524418,143.22755972740327,143.99322743088302,15184400
2019-11-29,143.09521484375,143.96486295707248,143.0006819172956,143.77581152786317,11977300
2019-12-02,141.36541748046875,143.52063628831266,140.20273706606196,143.50172681141444,27418400
2019-12-03,141.13851928710938,141.25194727879412,138.6240930309501,139.41813224384907,24066000
2019-12-04,141.6490020751953,141.9609291139393,141.03456667690364,141.92312458381133,17574700
2019-12-05,141.72459411621094,142.09326396513643,141.2992246907547,141.8380365403815,17869100
2019-12-06,143.4449920654297,143.55842006301026,142.04599387502634,142.72659070791502,16403500
2019-12-09,143.07632446289062,143.87981117385542,142.6509550844922,142.80220201751874,16687400
2019-12-10,142.85890197753906,143.57730320328992,142.50914167631169,143.01013447200765,16476100
2019-12-11,143.3977508544922,143.55844535394203,142.1027329082931,143.24650388193757,18856600
2019-12-12,144.85348510742188,145.04253662089903,142.75498013330187,143.35049167956961,24612100
2019-12-13,146.07284545898438,146.4131438731203,144.4658863347823,144.62658080483226,23845400
2019-12-16,147.01812744140625,147.36787340500365,146.346992515384,146.62111500128668,24144200
2019-12-17,146.22410583496094,147.18828716752594,145.99723539679744,146.94250725358953,25425600
2019-12-18,145.92156982421875,146.97082185953417,145.74196591544498,145.85540831365458,24129200
2019-12-19,147.1883087158203,147.24502272773813,145.33556925883798,145.57188725763285,24958900
2019-12-20,148.79525756835938,149.8161529808964,147.73654320144786,148.7385435605026,53477500
2019-12-23,148.79525756835938,149.46639255960463,148.66292007545854,149.46639255960463,17718200
2019-12-24,148.76686096191406,149.0788023457909,148.5210810950226,148.86137947527905,8989200
2019-12-26,149.98626708984375,150.04298108714522,148.7857679267206,148.93701486865942,14520600
2019-12-27,150.26043701171875,150.81814400607198,149.56093056923316,150.72361104065038,18412800
2019-12-30,148.96539306640625,150.3171393638337,148.15245866742518,150.28878236114747,16348400
2019-12-31,149.06936645507812,149.13554240733214,147.8877766537162,148.1902705662426,18369400
2020-01-02,151.8295135498047,151.9334939984884,149.66484802100678,150.09021733882216,22622100
2020-01-03,149.9390106201172,151.19622386441185,149.4096607117201,149.65544061469248,21116200
2020-01-06,150.32655334472656,150.39272928536337,147.9444646847199,148.4832764629302,20813700
2020-01-07,148.9559326171875,150.93154722601824,148.71016714066076,150.60071074881336,21634100
2020-01-08,151.32855224609375,151.9997015405678,149.3056712613287,150.23203354534573,27746500
2020-01-09,153.2190704345703,153.34196035835663,152.21708484471264,152.98275253418123,21385000
2020-01-10,152.51016235351562,154.28727811161113,152.35891539033636,153.9091751273673,20725900
2020-01-13,154.34397888183594,154.3723358820374,152.43452580062083,152.9071617022491,21626500
2020-01-14,153.25689697265625,154.64644744971824,152.86933213511907,154.44793405712338,23477400
2020-01-15,154.24948120117188,154.9678971670826,153.67287911610023,153.7201311781048,21417900
2020-01-16,157.0758056640625,157.1419816102334,155.05292468702913,155.35541857174925,23865400
2020-01-17,157.95494079589844,158.30468678450072,156.37632402467744,158.2574203045993,34371700
2020-01-21,157.3877410888672,158.98525260050442,157.32156514521276,157.55788307477562,29517200
2020-01-22,156.63153076171875,158.3235753219564,156.61262128751815,158.2384898999051,24138800
2020-01-23,157.595703125,157.6713265938342,156.22506200867213,157.09471026471257,19680800
2020-01-24,156.00762939453125,158.36136103516702,155.44992257333556,158.34245156321265,24918100
2020-01-27,153.39869689941406,154.4385015834786,151.4325299482661,152.3305352170298,32078100
2020-01-28,156.40469360351562,156.68826363216436,154.14549435848608,154.81662932456064,24899900
2020-01-29,158.84347534179688,159.51462470178666,156.6220951483202,158.6544238565207,34754500
2020-01-30,163.32408142089844,164.52458079967926,161.4429851048328,164.52458079967926,51597500
2020-01-31,160.9136199951172,162.9648581406356,160.29919907352217,162.78526860838573,36142700
2020-02-03,164.8364715576172,164.9498995377037,161.07428008281042,161.10263707783204,30107000
2020-02-04,170.2623291015625,170.75387441009062,166.66084633572413,167.44542355504944,36433300
2020-02-05,170.0543670654297,174.11903811687424,168.64592151325192,173.95834366438353,39186300
2020-02-06,173.5802764892578,173.75988045068001,170.20564902136644,171.0658498767549,27751400
2020-02-07,173.82608032226562,175.47085891609788,172.49324324228297,172.843003716197,33529100
2020-02-10,178.37277221679688,178.50510968178952,173.22104418313037,173.53298558426346,35844300
2020-02-11,174.34591674804688,180.2633124685266,173.45735903159144,180.2160459982191,53159900
2020-02-12,174.60116577148438,175.6787750789202,171.89768776529226,175.42354764661337,47062900
2020-02-13,173.65589904785156,176.03797374039397,172.86185972663358,173.06037316286404,35295800
2020-02-14,175.20616149902344,175.2628755081649,172.65391569801574,173.22108463684083,23149500
2020-02-18,176.98321533203125,177.42749418236605,175.34789933909548,175.45187980244407,27792200
2020-02-19,177.5139923095703,178.36705462621129,176.74623333197428,178.25331684081806,29997500
2020-02-20,174.80313110351562,177.48555809629684,171.65626517770485,177.20119916934448,36862400
2020-02-21,169.27719116210938,173.9311563648692,168.00707065761887,173.6183629039544,48572600
2020-02-24,161.97872924804688,165.44787749750017,154.7181659403322,159.0214301307952,68311100
2020-02-25,159.30575561523438,165.72271383699095,158.90764439039998,165.1160881339019,68073300
2020-02-26,161.29620361328125,164.22506700779033,159.43841913763762,160.86019916950738,56206100
2020-02-27,149.9314727783203,158.3199827709648,149.74190495438836,154.8034540782687,93174900
2020-02-28,153.561767578125,155.17313038454182,144.0737575661736,144.4623810412788,97012700
2020-03-02,163.77963256835938,163.9028581761286,153.84612995671205,156.68969102388243,71030800
2020-03-03,155.93141174316406,165.87440256658573,153.79874085302225,164.73698098446346,71677000
2020-03-04,161.65643310546875,161.79860535911507,156.98350737328664,159.7038570188698,49814400
2020-03-05,157.599609375,161.95972690449452,157.0498525958926,157.39108044281798,47817300
2020-03-06,153.14471435546875,154.60440254772644,147.86516281770332,154.13047574382352,72821100
2020-03-09,142.76571655273438,149.5239179145605,142.17805189974058,143.12590557907217,70419300
2020-03-10,152.52862548828125,152.63288998051783,144.6235285924919,149.91255431457344,65354400
2020-03-11,145.6187744140625,149.4765316073589,143.268086730117,148.9362624974482,56371600
2020-03-12,131.80853271484375,145.4671079518946,131.35356699021355,137.72314498743467,93226400
2020-03-13,150.547607421875,153.46699860222324,133.39144937999532,139.80842308587606,92727400
2020-03-16,128.35833740234375,141.5619460470006,127.96024061156848,132.6995087823673,87905900
2020-03-17,138.92694091796875,139.8084380256042,127.96026531156994,132.69953439718364,81059800
2020-03-18,133.07861328125,138.38659817455317,127.97917175876371,130.80377087731736,81593200
2020-03-19,135.26820373535156,142.3202228977112,131.7516602526152,135.32507264150863,85922700
2020-03-20,130.18771362304688,139.4292873501573,128.77540638008531,138.38664247775617,84866200
2020-03-23,128.88912963867188,133.23978869379377,125.60956425248216,129.86541769841315,78975200
2020-03-24,140.6046600341797,141.79896534029487,133.90333972040688,136.2540136098856,82516700
2020-03-25,139.25863647460938,146.2822344811286,136.90796381068236,141.14487017328082,75638200
2020-03-26,147.96942138671875,148.49074374282242,140.63302954842695,140.66146399847827,64568100
2020-03-27,141.89366149902344,146.8130233200836,141.4197347642484,143.83676400422027,57042300
2020-03-30,151.87460327148438,152.22531899610644,142.1875367282903,144.4908288761412,63420300
2020-03-31,149.48597717285156,156.1872936874246,148.39593700408997,151.08783738874433,77927200
2020-04-01,144.1780548095703,149.523950134426,142.9553296635198,145.0216441874306,57969900
2020-04-02,147.16378784179688,147.37231685193453,142.51930962640844,143.94109044292765,49630700
2020-04-03,145.80831909179688,149.1732022198361,144.25383978691568,147.01209719751583,41243300
2020-04-06,156.6517791748047,157.8176351324215,149.3627821810192,151.95990642835253,67111700
2020-04-07,154.96456909179688,161.13508997776,154.74655238016243,160.7464665837294,62769000
2020-04-08,156.5190887451172,157.9787771039358,154.97408255990595,157.0309233879731,48318200
2020-04-09,156.52854919433594,158.64225875732106,154.81293642372253,157.6849317896961,51385100
2020-04-13,156.87925720214844,156.936140571891,153.83665499194112,155.77975792648093,41905300
2020-04-14,164.64215087890625,164.68954644676208,159.23938879456708,160.18724229929663,52874300
2020-04-15,162.91712951660156,164.51900488783903,160.41479585201768,162.272581357412,40940800
2020-04-16,167.8079833984375,168.03547345345189,163.8838703437965,165.21087397006804,50479600
2020-04-17,169.28671264648438,170.61370232376143,166.69906108114003,170.1397753728621,52765600
2020-04-20,165.93124389648438,169.42882588907332,165.86490166729666,167.4193809458809,36669600
2020-04-21,159.0688018798828,164.61373689398496,157.4479658215462,164.452603513722,56203700
2020-04-22,164.47152709960938,164.92649268493565,161.9123257953932,162.4525947161378,34620200
2020-04-23,162.48106384277344,165.93125039938644,161.99766370912621,165.0307923638797,32790800
2020-04-24,165.44781494140625,165.45728826875379,161.8080613328164,163.08765475330281,34277600
2020-04-27,164.97389221191406,167.67526580673695,164.26300214015612,167.38143355783893,33194400
2020-04-28,160.9550018310547,166.50942396479073,160.55690509338584,166.4335939486019,34392700
2020-04-29,168.1776580810547,168.41462148214717,162.9170821472806,164.18720250599264,51286600
2020-04-30,169.86485290527344,170.9927865594313,167.04023871586077,170.61365089823016,53875900
2020-05-01,165.46682739257812,169.32458443172894,164.93601717144193,166.63268339420114,39370500
2020-05-04,169.51416015625,169.6658202264792,164.73698364883285,165.39100504648349,30372900
2020-05-05,171.33401489257812,174.0733112718267,170.51886020205268,171.20131596449716,36839200
2020-05-06,173.02120971679688,174.59465034524186,172.15867383336482,172.5852051098927,32139300
2020-05-07,174.0259246826172,174.926382699325,173.05910997240878,174.56619370740268,28316000
2020-05-08,175.0496368408203,175.35295700603842,173.79847731704947,175.3339958799369,30877800
2020-05-11,177.00221252441406,177.73204949041116,173.31506205621085,173.5994066075862,30892700
2020-05-12,172.9927520751953,177.28652764537918,172.79371092227436,177.05905204204092,32038200
2020-05-13,170.37669372558594,174.45246731650903,167.33407714285644,173.0306868403567,44711500
2020-05-14,171.11599731445312,171.26765735101736,166.5189018898924,168.28191004143457,41873900
2020-05-15,173.60888671875,177.30551035404773,167.77010447055184,169.72268077345782,46610400
2020-05-18,175.26760864257812,176.49033339487778,174.36715063577168,176.0638021772429,35264500
2020-05-19,174.05435180664062,176.86947800382345,173.92165288832314,175.3813409898155,26799100
2020-05-20,176.46861267089844,176.64920874209136,174.83376282051205,175.66068745873378,31261300
2020-05-21,174.34901428222656,177.42861841763434,174.21594577347696,176.22148762180447,29119500
2020-05-22,174.42506408691406,175.32804455149363,173.50308419399207,174.12091369625077,20826900
2020-05-26,172.5811309814453,177.2670574968158,172.1343978264107,177.11497503906327,36073600
2020-05-27,172.8092041015625,172.98030045667377,167.85714157024967,171.27890913531226,39517100
2020-05-28,172.41952514648438,175.03338242380826,171.45003216242014,171.79221042249597,33810200
2020-05-29,174.1779022216797,175.14740947643764,171.47850465305189,173.68364163055523,42130400
2020-06-01,173.77874755859375,173.94032973105288,172.47657596070565,173.50309629122472,22622400
2020-06-02,175.75575256347656,175.84129349571745,172.37199810107265,175.12842338695103,30794600
2020-06-03,176.1834716796875,176.7347596373877,174.49159444895008,175.67021158300358,27311000
2020-06-04,173.86424255371094,176.6396814066733,173.27494131537807,175.17592802316418,28761800
2020-06-05,177.93240356445312,178.43616402505074,172.99933933390125,173.57914102484705,39893600
2020-06-08,179.034912109375,179.2155081504002,175.30898024819479,176.73472014676062,33211600
2020-06-09,180.4036407470703,181.25907896079704,177.98937951595948,178.6927498162393,29783900
2020-06-10,187.09515380859375,188.6919905733056,181.55377446710472,181.66784355961488,43872300
2020-06-11,177.04844665527344,186.0686216229626,176.85835083624784,183.56883332118247,52854700
2020-06-12,178.44566345214844,182.22862370226562,176.0123877928457,181.10703377682555,43373600
2020-06-15,179.5862274169922,181.3731596709733,174.90028735842841,175.44207556438678,32770200
2020-06-16,183.98699951171875,185.8974858699094,181.98145801986848,183.34065651026296,42556700
2020-06-17,184.62384033203125,186.60086831332674,184.1010660695818,185.37472372472914,25687800
2020-06-18,186.6008758544922,186.76245799607426,184.39572415045265,184.39572415045265,23061600
2020-06-19,185.48880004882812,189.423842544377,184.74741628179572,188.7584999974735,44441100
2020-06-22,190.6405029296875,190.8210845257473,185.56485622646053,186.0971303068874,32818900
2020-06-23,191.9141387939453,193.85313907898706,191.45789148879962,192.0852206558405,30917400
2020-06-24,188.04563903808594,193.1878125857555,186.82900846349898,191.61950404139304,36740600
2020-06-25,190.421875,190.67851232035468,185.79297603620233,188.00762775594458,27803900
2020-06-26,186.6103973388672,189.99415200060372,185.23218461473925,189.84206955429684,54675800
2020-06-29,188.6159210205078,188.70146194950837,183.96800866755066,186.08760498304542,26701600
2020-06-30,193.4349365234375,194.28087520010905,187.9505991998322,188.0836677162733,34310300
2020-07-01,194.56600952148438,196.1343324418635,191.78107062870032,193.0832420355836,32061200
2020-07-02,196.048828125,197.7217063429227,194.8512112672097,195.49754003076487,29315800
2020-07-06,200.26898193359375,200.6777016892989,197.78819326414938,198.49156369076422,31897600
2020-07-07,197.94024658203125,204.04241234730003,197.69312352420133,200.03132911943715,33600700
2020-07-08,202.29356384277344,202.7022691477667,198.3585207396695,199.67020660849815,33600000
2020-07-09,203.7097930908203,205.6678075649142,201.00088055902637,205.62027998475654,33121700
2020-07-10,203.0919189453125,203.48162471227076,200.6301445697278,203.0443913755945,26177600
2020-07-13,196.81869506835938,205.1164992228562,196.27690681431983,203.861840847215,38135600
2020-07-14,198.0353546142578,198.5106014316634,192.02822788062798,195.9252575847065,37591800
2020-07-15,197.74069213867188,200.86782436233148,194.87971147955062,199.18544654450756,32179400
2020-07-16,193.82464599609375,195.51652338118896,192.2943507766109,195.23137241106915,29940700
2020-07-17,192.83612060546875,194.88917548630673,191.4198801082913,194.34740174799845,31635300
2020-07-20,201.1244354248047,201.78977799074687,192.95968503330636,194.85117236676646,36884800
2020-07-21,198.41554260253906,203.34860679664743,197.731186037843,203.0824697440858,37990400
2020-07-22,201.26699829101562,201.7897726158241,198.07333955618,198.84323696936167,49605700
2020-07-23,192.51292419433594,200.47806341735327,192.14223235359336,196.93272714528928,67457000
2020-07-24,191.33433532714844,192.81710279590382,187.73195701203042,190.4978964459514,39827000
2020-07-27,193.758056640625,193.87211119062,190.91607657511508,191.49587804321658,30160900
2020-07-28,192.0186767578125,194.56599205550995,191.75253977158675,193.52995775174696,23251400
2020-07-29,193.95767211914062,194.51845971898967,192.00915783651203,192.4749048026826,19632600
2020-07-30,193.80560302734375,194.33789152672946,189.6899792712966,191.0491779037162,25079600
2020-07-31,194.86070251464844,194.9462579677163,189.15774048150277,194.28090079447668,51044000
2020-08-03,205.81983947753906,206.86538804440696,200.02183829806603,201.04837293552396,78983000
2020-08-04,202.73074340820312,204.1374841693981,199.8982769624529,203.56718229287267,49280100
2020-08-05,202.3980712890625,204.35608541482208,201.095899944012,204.26103027141724,28806400
2020-08-06,205.63925170898438,205.65825113444276,201.07688051454105,201.82776391473723,32656800
2020-08-07,201.96087646484375,205.02146702314252,200.48760848126565,204.21355616358002,27820400
2020-08-10,197.94024658203125,201.39054219594667,196.1343149595848,201.19093220446166,36716500
2020-08-11,193.31134033203125,197.3699364556353,193.08321670897732,196.90420400071076,36446500
2020-08-12,198.8337860107422,199.8698206972533,194.61359152238933,195.12685175590477,28013100
2020-08-13,198.3679962158203,200.88681276479966,197.845221875211,199.07136664712925,22588900
2020-08-14,198.55809020996094,199.21393305825572,197.23690479940333,198.42502169750838,17958900
2020-08-17,199.86976623535156,200.73471877613036,198.57709453262723,199.2234376356791,20184800
2020-08-18,201.01988220214844,201.84680693348818,198.85275811055578,200.10740203040297,21336200
2020-08-19,199.80030822753906,202.08701579049102,199.37155510274798,201.5058125871485,27627600
2020-08-20,204.4499053955078,204.85007589217304,199.04758188287093,199.6478303586499,26981500
2020-08-21,202.9635772705078,206.0410886510413,202.8016045176839,203.76391835685175,36249300
2020-08-24,203.6019744873047,205.345584304616,202.40144814904102,204.65003619045197,25460100
2020-08-25,206.2506866455078,206.38407681542566,203.03978535206127,203.03978535206127,23043700
2020-08-26,210.70974731445312,211.6053732804045,207.09867541897606,207.59413086494803,39600800
2020-08-27,215.8833770751953,220.23762419461866,209.04233043464714,212.3675761129353,57602200
2020-08-28,218.10345458984375,219.75177942740257,215.8834491710163,217.4079064903307,26292900
2020-08-31,214.8830108642578,217.90335740203147,213.72060436852902,216.28361517405492,28774200
2020-09-01,216.5408172607422,216.71231266436743,213.83487973879033,214.86389577585308,25725500
2020-09-02,220.71408081054688,221.86696458633978,216.61709018577795,217.2078160912499,34080800
2020-09-03,207.04151916503906,218.4845356074586,204.81199137013098,218.4464303584892,58400300
2020-09-04,204.13548278808594,208.0514545913692,195.5031981874679,204.9453609972527,59664100
2020-09-08,193.0926513671875,200.11471725105895,192.6543610562122,196.75136576926477,52924300
2020-09-09,201.3152313232422,204.697642740119,196.9419235287555,197.79944426823292,45679000
2020-09-10,195.67469787597656,204.60236011002283,194.47418635865475,203.32560902386254,35461500
2020-09-11,194.3979949951172,198.78084050234108,191.73971383980165,197.4183414729298,33620100
2020-09-14,195.7128143310547,199.32388603691476,194.39795802128066,194.59805053998278,30375800
2020-09-15,198.92373657226562,199.87652772915487,197.16106711664477,198.58073117424792,21823900
2020-09-16,195.36981201171875,200.70543328613255,194.97916418339267,200.67685071707825,26328100
2020-09-17,193.33084106445312,194.6838026501684,190.5201102929385,190.60585800070598,34011300
2020-09-18,190.92984008789062,194.0359343629213,186.98528485141622,193.22607051465485,55225300
2020-09-21,192.978271484375,193.14025873874883,187.10909031600602,187.88084865483032,39839700
2020-09-22,197.62791442871094,198.27581989149397,192.54001379892355,195.37932700805936,33517100
2020-09-23,191.12034606933594,198.27581589133334,190.58678542747754,198.0852460577235,30803800
2020-09-24,193.59759521484375,195.865242325311,189.79595409525504,190.41527693504318,31202500
2020-09-25,198.00909423828125,199.1714862447696,192.97834281685655,193.9406713310271,29437300
2020-09-28,199.55262756347656,202.53486921440705,198.2377708159328,200.92464946727134,32004900
2020-09-29,197.47549438476562,200.1528498081341,197.04674126220954,199.4668389966685,24221900
2020-09-30,200.4005889892578,201.97268876487493,196.78950194478213,197.92332587898255,33829100
2020-10-01,202.4300079345703,203.88777718640915,201.34382663832886,203.41138162597977,27158400
2020-10-02,196.4560089111328,201.02940932407267,195.83668594256645,198.18055856092133,33154800
2020-10-05,200.4481658935547,200.4767484591481,197.20866792141857,197.43734298460205,21331600
2020-10-06,196.18927001953125,200.25767860913228,195.15073093910058,198.96189633233655,28554300
2020-10-07,199.92416381835938,200.1909441707046,196.96098283340308,197.28492832718817,25681100
2020-10-08,200.6387481689453,201.21995131159426,198.48544555341942,200.57204581462975,19925800
2020-10-09,205.62185668945312,205.6694991548574,201.25807145801653,201.25807145801653,26458000
2020-10-12,210.94793701171875,213.2918094400436,206.57462949111385,208.4611517383171,40461400
2020-10-13,212.3390655517578,214.57813087839702,210.02377517799457,212.20567535390106,28950800
2020-10-14,210.43345642089844,213.634835303714,208.78513178296774,212.47242892410338,23421700
2020-10-15,209.29014587402344,209.9570968936289,205.81244881578348,206.8510024089282,22733100
2020-10-16,209.29014587402344,211.7959771718583,208.96620031284962,209.75700431852633,26057900
2020-10-19,204.10691833496094,211.80547245913127,203.630522766919,210.0142204709931,27625800
2020-10-20,204.51661682128906,207.10820994137202,203.03026493680252,205.612335379117,22753500
2020-10-21,204.6595458984375,206.67945852332676,203.05884917539285,203.05884917539285,22724900
2020-10-22,204.74526977539062,205.86003356811165,201.70586397565597,203.83058396322997,22351500
2020-10-23,206.02207946777344,206.06972194525773,203.09701744230702,204.87873270036494,18879600
2020-10-26,200.16238403320312,206.12685191973097,198.2758614620614,203.7544110534523,37111600
2020-10-27,203.18272399902344,204.53568576239945,200.4005754314339,201.60108711313487,36700300
2020-10-28,193.11170959472656,198.9809067591582,192.5591035035503,197.8661428219542,51195600
2020-10-29,195.05538940429688,197.57075725259926,193.76911564184445,194.43608102293118,31432600
2020-10-30,192.91159057617188,194.6456625970207,190.1961304721257,193.89296412093262,36953700
2020-11-02,192.77828979492188,195.58902157684133,190.67261435935126,194.64575283699767,30842200
2020-11-03,196.68466186523438,198.29488116733683,193.5309256171822,194.26457884266878,27512000
2020-11-04,206.1744842529297,208.01337880275392,202.39190207967457,203.91637379335975,42311800
2020-11-05,212.74874877929688,213.5395672501234,210.70977611493413,211.55775973379434,36080100
2020-11-06,213.15843200683594,213.76821774632472,207.73704817031117,211.76735056508159,25231900
2020-11-09,208.08004760742188,217.35070093341986,207.59412938058674,213.84443666623005,44395000
2020-11-10,201.04843139648438,206.27925942118705,199.81933735619901,204.37367734801214,44045100
2020-11-11,206.32693481445312,207.74658438097188,202.18228732835718,202.36331998035507,29440800
2020-11-12,205.2693328857422,208.76607475027214,204.33560160583502,206.95577733475665,21593900
2020-11-13,206.28880310058594,207.15584652138176,204.04975265970353,206.1458902459224,18621100
2020-11-16,206.9747772216797,207.46070991834793,204.39272184848454,204.72618996311712,24953300
2020-11-17,204.3355712890625,207.40354503928398,203.97350604430233,205.89814800130065,24154100
2020-11-18,201.64169311523438,205.54880785492185,201.498391524417,204.09676961168395,28372800
2020-11-19,202.92178344726562,203.5045082981434,200.54311684420654,201.92829274858192,24792700
2020-11-20,200.98255920410156,203.75288192230383,200.60999836163293,202.71162400059706,22843100
2020-11-23,200.71507263183594,202.79758839493735,198.8522684913318,201.5175090959758,25683500
2020-11-24,204.29737854003906,204.66993934014192,199.52095055077086,200.21830495578362,33979700
2020-11-25,204.30691528320312,205.6634190108347,202.95997374000245,205.49147460908594,21012900
2020-11-27,205.6061553955078,206.59966077461192,204.4693629792754,205.24315670928127,14512200
2020-11-30,204.4979705810547,205.15710532083375,201.4123879722859,204.52662797945814,33064800
2020-12-01,206.5422821044922,207.6026495809282,203.81016502138235,204.9182851110949,30904500
2020-12-02,205.73983764648438,205.83537202902343,203.2847614414329,205.27175707094355,23724500
2020-12-03,204.66038513183594,206.70469566225796,204.0967555691371,205.01383612716327,25120900
2020-12-04,204.77503967285156,205.74943515132207,203.64779498667923,204.64130026023815,24666000
2020-12-07,204.7081298828125,205.902236795737,203.46627035457135,204.78455447441974,24620000
2020-12-08,206.3512420654297,207.24921288280584,203.3707555877573,204.40246580922124,23284100
2020-12-09,202.32948303222656,205.60610548215897,201.76586805434036,205.53924307323217,32440600
2020-12-10,201.1067352294922,203.55226411394892,200.95388603008814,202.30084226889505,26733300
2020-12-11,203.72418212890625,203.78151150362953,199.75975310246673,200.6577238119639,30979400
2020-12-14,204.6221466064453,206.54227974744384,203.36117735443844,203.5713413258562,28798400
2020-12-15,204.55532836914062,205.78764048898248,202.749839007766,205.54881906776095,27000600
2020-12-16,209.47503662109375,210.26792546149707,205.1189363798678,205.1475937833099,35023300
2020-12-17,209.6087646484375,211.01303564686324,208.17583624812565,210.03864025323077,32515800
2020-12-18,208.8158721923828,209.86669216480047,206.36079582264512,208.8158721923828,63354900
2020-12-21,212.6370086669922,213.98396480092967,207.56444469078173,207.82237587263162,37181900
2020-12-22,213.92666625976562,215.5411013062933,211.93012279193636,212.7325592225708,22612200
2020-12-23,211.13720703125,213.5636258075844,210.9270430533982,213.13375024434208,18699600
2020-12-24,212.78985595703125,213.6114021119119,211.3091604413567,211.51932442817505,10550600
2020-12-28,214.9010772705078,215.9232253887029,213.04782068212276,214.41387223503366,17933500
2020-12-29,214.12722778320312,217.0217415305332,213.58272265649208,216.19064785352728,17403200
2020-12-30,211.76771545410156,215.54110542494223,211.56711363086075,215.15898241983697,20272300
2020-12-31,212.474609375,213.02867674081537,209.8571217316309,211.78680261581542,20942100
2021-01-04,207.95611572265625,213.02867970996735,205.20488864757192,212.57969433100567,37130100
2021-01-05,208.15675354003906,208.74904060125732,206.05512786141864,207.54537125941306,23823000
2021-01-06,202.75938415527344,206.8098006575534,202.46324792879471,202.68295955223013,35930700
2021-01-07,208.52928161621094,209.53233438460273,204.15408651290377,204.4693179251259,27694500
2021-01-08,209.79983520507812,210.71691586641606,207.32564880606074,208.90186433865418,22956200
2021-01-11,207.7650604248047,209.1215641625514,207.0390340746721,208.7012361864748,23031300
2021-01-12,205.3195343017578,207.3925169546865,203.78153842458812,206.81933974373354,23249300
2021-01-13,206.66648864746094,207.0677068608454,204.3642467924793,204.45023357688456,20087100
2021-01-14,203.49493408203125,207.73640430086755,203.22745529133894,206.25570876749887,29480800
2021-01-15,203.14149475097656,204.9183267052181,202.5492222917303,203.9726032075833,31746500
2021-01-19,206.76202392578125,207.2778717519121,203.12238801060246,204.19230325087497,30480900
2021-01-20,214.3087921142578,215.69395347478093,207.57402496133145,207.9656955997527,37777300
2021-01-21,214.9105987548828,216.18113032934212,212.47461760314508,214.65266756607497,30709400
2021-01-22,215.8467559814453,219.7825421565969,215.70346898693128,216.9262332617842,30172700
2021-01-25,219.26670837402344,219.50552978031035,214.19414403672963,218.87503776935245,33152100
2021-01-26,221.9414825439453,223.70875197766188,219.79209016333058,221.49249719165246,49169600
2021-01-27,222.48599243164062,229.68885343646144,219.84940963622762,227.35795442856718,69870600
2021-01-28,228.24642944335938,231.79054617884242,224.5781354657655,225.07488816372236,49111200
2021-01-29,221.5880584716797,227.377086987308,221.00533366135892,225.437858347954,42503100
2021-02-01,228.93417358398438,231.65674320065412,222.03701082648814,224.54941645846407,33314200
2021-02-02,228.80044555664062,231.47524811392537,228.0171189555544,230.51041491917857,25916300
2021-02-03,232.13441467285156,234.13095819780892,228.5616410677944,228.85779186575422,27158100
2021-02-04,231.1886749267578,232.36368677142988,229.6220070436973,231.80961934520695,25296100
2021-02-05,231.37014770507812,232.40185780549683,229.66974066267514,231.3988051042703,18054800
2021-02-08,231.62811279296875,232.78400026698355,230.04233511511973,232.27770003844776,22211900
2021-02-09,232.86997985839844,233.81570329400722,230.58684780779984,231.05492843301977,23565000
2021-02-10,231.96246337890625,234.92384008224641,230.11875453556536,234.04497905294213,22186700
2021-02-11,233.55776977539062,234.1882471613524,231.32239050634175,233.83479617171466,15751100
2021-02-12,234.03541564941406,234.331551842112,231.87646094509842,233.0228007069779,16561100
2021-02-16,232.80313110351562,235.12448302332916,232.05800939505784,234.07366288242534,26728500
2021-02-17,233.81802368164062,233.92334770145064,230.69662531011264,231.0604745803787,21653500
2021-02-18,233.42547607421875,233.5595235129109,230.62004946084875,231.5200885249569,16925600
2021-02-19,230.725341796875,233.49247502338264,229.96891987453535,233.38715100673053,25262600
2021-02-22,224.53997802734375,227.81457753992933,222.5196825099507,227.3262650669372,36446900
2021-02-23,223.3527374267578,224.84641307604537,219.00574330888236,220.53772657537354,30228700
2021-02-24,224.5782928466797,225.20065276027566,219.26424384032524,220.2312992194705,26339700
2021-02-25,219.25465393066406,224.61656504128703,218.19184422785054,222.21328121333582,39542200
2021-02-26,222.5005645751953,225.36343789150433,219.78129368104075,221.6866957656996,37819200
2021-03-01,226.86666870117188,227.374134963668,223.23778964286245,225.87087537131603,25324000
2021-03-02,223.92721557617188,227.2113997050835,223.5250732642781,226.9337206213468,22812500
2021-03-03,217.8854522705078,223.64952050590935,217.59820362700248,222.28989251072855,34029500
2021-03-04,217.0907745361328,222.60590268379033,214.72578318866238,217.100358745604,44727800
2021-03-05,221.7537078857422,223.3527073519188,216.83223166317447,219.76213575150246,41872800
2021-03-08,217.72264099121094,223.44840055148487,217.4737000051365,221.5334294307178,35267400
2021-03-09,223.84100341796875,225.37298636585098,221.82070802785924,222.9792721410801,33080500
2021-03-10,222.53887939453125,226.92416673270142,222.17503006378618,226.92416673270142,29746800
2021-03-11,227.04856872558594,229.0018329531777,224.34845227648472,224.97082669273075,29907600
2021-03-12,225.72726440429688,225.794295419288,223.3143962358568,224.06123394821893,22653700
2021-03-15,224.82723999023438,225.19108927209567,221.95478256941098,224.97087162731992,26034900
2021-03-16,227.6039581298828,229.854041015424,225.909204156804,226.2347458255093,28092200
2021-03-17,226.96243286132812,228.40824580326876,223.31441421643075,226.11027106399007,29562100
2021-03-18,220.9111328125,224.23360982563509,220.53771392160374,222.67290324082728,34833000
2021-03-19,220.5568389892578,222.586704017824,219.59935327992318,221.1983526613033,46430700
2021-03-22,225.95706176757812,226.8283626746955,220.35576442572489,220.48024224534427,30127000
2021-03-23,227.47946166992188,230.8019383245051,226.99114920685457,227.3932914605699,31638400
2021-03-24,225.44960021972656,227.8816075865458,225.31555279966682,227.73799056865073,25620100
2021-03-25,222.46226501464844,226.8667058900846,221.72501140908014,225.2964296372037,34061900
2021-03-26,226.42623901367188,226.6464712680149,221.70584100914797,221.70584100914797,25479900
2021-03-29,225.2389678955078,226.73264342608155,222.02181497962823,226.53156497693166,25227500
2021-03-30,221.9930877685547,223.90805936160643,221.27497342116027,223.60165689388273,24792000
2021-03-31,225.74642944335938,228.9348588863674,222.51012278869996,223.00801949174152,43623500
2021-04-01,232.04669189453125,232.51585059097783,227.92949998956965,228.33164227655556,30338000
2021-04-05,238.48098754882812,239.333149299018,232.38179326413973,232.4392400726803,36910600
2021-04-06,237.32241821289062,238.79693983718127,236.38408627016022,237.0830467757603,22931900
2021-04-07,239.2756805419922,240.26188968522158,236.68090236866658,237.27453885214405,22719800
2021-04-08,242.4832763671875,243.33543813605917,241.28641912944224,242.02368727871396,23625200
2021-04-09,244.9727325439453,245.10677996320857,241.70770266251623,242.11941451808443,24326800
2021-04-12,245.03021240234375,246.715396883333,243.7950474488846,243.88123228080784,27148700
2021-04-13,247.50051879882812,248.17077061108847,245.91108871216403,246.32282985291565,23837500
2021-04-14,244.72377014160156,247.8260145046008,244.312058297405,246.53343216678118,23070900
2021-04-15,248.46759033203125,248.87930225500537,246.7728508131826,246.96433046053886,25627500
2021-04-16,249.6548309326172,249.9037865838757,246.6483408019082,248.438834520983,24878600
2021-04-19,247.7398681640625,250.3633991429451,246.85899758557616,249.12823427121432,23209300
2021-04-20,247.28033447265625,249.13785958087593,245.92069154658154,246.85903831078255,19722900
2021-04-21,249.50164794921875,249.59740237748605,246.31323295097548,247.93138636220118,24030400
2021-04-22,246.23663330078125,250.65062876395623,244.77166660182715,249.14736906186104,25606200
2021-04-23,250.04742431640625,250.3921344174807,246.33237453675008,246.91645610073897,21462600
2021-04-26,250.430419921875,251.28259637971237,249.1091139540054,250.53575856302515,19763300
2021-04-27,250.83248901367188,252.00062254561348,249.06113491406884,250.45905562601865,31014200
2021-04-28,243.7375946044922,245.6334270987041,242.19604180812823,245.19296257106504,46903100
2021-04-29,241.7747039794922,245.21208867693898,238.4139344997838,244.59929842567976,40589000
2021-04-30,241.45875549316406,242.32050145587482,238.9884550529176,239.12250247688505,30945100
2021-05-03,241.15234375,243.53648835085653,240.44379908775937,242.6268652675503,19626600
2021-05-04,237.25535583496094,240.52996951889807,235.31166119120482,240.30016771000408,32756100
2021-05-05,235.99151611328125,238.89269679330795,235.36915621416165,238.47140072187236,21901300
2021-05-06,239.11289978027344,239.23737759650186,234.28717828050156,235.97234785294665,26491100
2021-05-07,241.72689819335938,243.488668753516,240.49173319330328,241.43006529011436,27032900
2021-05-10,236.67132568359375,241.027888860357,236.61387887498904,240.20445051351808,29299900
2021-05-11,235.76173400878906,236.11601370401354,232.25734694226097,234.1531648123597,33641600
2021-05-12,228.8390655517578,233.99034291596996,227.948610928763,231.8742932454073,36684400
2021-05-13,232.69775390625,235.15849922523182,231.15620130904685,231.52005055871984,29624300
2021-05-14,237.60011291503906,238.58632219282524,235.05321160322504,235.13938182515005,23901100
2021-05-17,234.75636291503906,236.10642140799038,233.16694758064864,236.06812840418084,24970200
2021-05-18,232.7456512451172,235.9340807291474,232.5732962029695,235.80003330084318,20168000
2021-05-19,233.3214569091797,233.42702413188286,228.98363837074533,229.66501482689426,25739800
2021-05-20,236.54603576660156,237.95679107071055,234.0316351278429,234.12761065425127,21800700
2021-05-21,235.28884887695312,238.3214941013183,234.87618630622384,237.59212984793598,21863100
2021-05-24,240.6727294921875,241.0374189124444,237.53451728413617,237.80323117996468,21411500
2021-05-25,241.57484436035156,242.56333074837534,240.71112322411236,241.62283212210016,17704300
2021-05-26,241.35415649414062,242.74571394261974,240.64397558156952,241.29656238462576,17771600
2021-05-27,239.26202392578125,241.3445643730213,239.20444445668525,241.04706068681733,24426200
2021-05-28,239.61708068847656,241.920361705306,239.50192176296875,240.88388744430432,18270200
2021-06-01,237.42893981933594,241.16215911508314,237.00668560397568,241.10457966043438,23213300
2021-06-02,237.33297729492188,239.22358080973967,235.93181378502837,238.12952724758492,19406700
2021-06-03,235.80706787109375,236.4116667965383,233.20628353326998,235.3368112456959,25307700
2021-06-04,240.68234252929688,241.50768232361588,237.53453834719892,237.77446253573572,25281100
2021-06-07,243.58062744140625,243.84934135732763,239.74184047817525,239.90498716685534,23079200
2021-06-08,242.390625,245.6919842968053,242.33303089186523,244.876236168721,22455000
2021-06-09,243.3694610595703,245.2312748354978,243.0047863036955,243.58059548635435,17937600
2021-06-10,246.87237548828125,247.08350993870562,243.4462658042312,244.04127308607627,24563600
2021-06-11,247.49620056152344,248.0719951619915,246.26776064687272,247.5921468031884,18999700
2021-06-14,249.4155731201172,249.47315257534447,246.45008473782653,247.50575689635525,19150500
2021-06-15,247.94723510742188,249.51154547597605,247.29464835477967,249.30041102216592,18038900
2021-06-16,247.00672912597656,250.07774084164856,244.16602059107635,248.94530582063734,27220000
2021-06-17,250.38485717773438,251.20060521072745,245.69195565665422,245.74953511426614,27565500
2021-06-18,248.9740753173828,251.7283998004435,248.32148867568787,249.16602634734727,37202200
2021-06-21,252.045166015625,252.8992809067008,247.52500245412696,249.34842044965174,26696100
2021-06-22,254.80906677246094,255.07778066280747,251.82439496305233,252.1315049199105,24694100
2021-06-23,254.57876586914062,256.07589057104275,253.7726240517797,255.26974875368182,19518700
2021-06-24,255.9415283203125,257.05478006360823,254.77069711508946,255.43289021487416,21446900
2021-06-25,254.33877563476562,256.4789095394784,254.08927444096972,255.50002957701327,25611100
2021-06-28,257.8897705078125,258.06250893308584,255.19302436974561,255.46173834937989,19590000
2021-06-29,260.461669921875,260.70159408895256,257.1795237173201,258.03363852255484,19937800
2021-06-30,259.9818115234375,260.42326377323786,258.7342176179776,259.7802834314268,21656500
2021-07-01,260.6536560058594,260.8839738651738,258.7342624112472,258.7438394636373,16725300
2021-07-02,266.4598388671875,266.7957386402668,261.5174056815565,261.8245157190933,26458000
2021-07-06,266.4693908691406,268.11046403566195,263.244794707822,266.8244739642971,31565600
2021-07-07,268.64788818359375,269.3772670421519,265.97993254914314,268.13925010791996,23260000
2021-07-08,266.2391662597656,267.49636704168825,263.7919212302574,265.7401050538773,24618600
2021-07-09,266.7381896972656,266.8437423104602,264.22378821336406,264.6076611604066,23916700
2021-07-12,266.14312744140625,268.4943670627255,265.432931883586,267.9089660643457,18931700
2021-07-13,269.65557861328125,271.4502066850758,266.21027111145844,266.33500707591065,26120100
2021-07-14,271.1239013671875,272.2275466221714,269.2428749057434,270.97034639354206,23113700
2021-07-15,269.7035217285156,271.1238831737116,268.5518741472632,270.63442855853714,22604200
2021-07-16,269.4348449707031,272.6498347308158,268.19682804350134,270.7016516270204,26186800
2021-07-19,265.8456115722656,269.0701786607104,263.3887901846065,267.68821296919947,32935600
2021-07-20,268.0625,269.6459937608424,265.12583032349374,266.82448300692533,26259700
2021-07-21,270.05865478515625,270.173813707087,266.11431527092736,267.6594129528652,24364300
2021-07-22,274.6076965332031,274.87641050496023,271.99731968429404,272.40037599811654,23384100
2021-07-23,277.9953918457031,278.30247257073574,274.9531400276046,275.78807157831795,22768100
2021-07-26,277.4004211425781,278.01464131386956,275.08757702056386,277.35244800503403,23176100
2021-07-27,274.99151611328125,277.9089731585834,271.54620828066527,277.76502450299625,33604100
2021-07-28,274.68438720703125,278.4559881617901,272.3906980646863,277.3427364892114,33566900
2021-07-29,274.9530944824219,276.9876467259065,274.5500089966287,274.7035639775205,18168300
2021-07-30,273.4271545410156,275.10662354630284,272.4674579665658,273.67668502240946,20944800
2021-08-02,273.3407897949219,275.2121805728668,272.30430107664915,274.8187014564499,16267400
2021-08-03,275.548095703125,275.6536775635122,272.55384686025644,273.91662898110934,17879000
2021-08-04,274.96270751953125,275.99916705627766,273.1776564498441,274.68438727940855,16191300
2021-08-05,277.8513488769531,277.9569307324331,274.5692029085165,275.31776508444204,13900200
2021-08-06,277.79376220703125,277.832158270537,276.0279240247651,276.88206803398026,16589300
2021-08-09,276.7093811035156,279.79960614575214,276.2103492828426,278.0721635231256,16117600
2021-08-10,274.89556884765625,277.5923146609027,273.7055541222731,277.16043936211105,18616600
2021-08-11,275.385009765625,277.0260831007816,274.3389144756151,275.6345110192113,13955900
2021-08-12,278.1297607421875,278.2833157631849,274.79961127384786,275.0779315798822,14561300
2021-08-13,281.0471496582031,281.0951227722163,277.64020922241923,277.8129768656206,18249000
2021-08-16,282.72662353515625,282.9377579581513,278.33119671669976,281.37344781790824,22507600
2021-08-17,281.267822265625,281.60372188015305,279.348429368449,280.6056586607017,20075300
2021-08-18,279.5467834472656,283.4794538884407,279.1044566907851,280.8063906085156,21813000
2021-08-19,285.3544006347656,286.02748609208663,277.5371547943832,277.5852197511838,29850500
2021-08-20,292.6524963378906,294.07557732948726,286.5948434162002,288.19099349843,40817600
2021-08-23,292.9313049316406,293.6524553767425,290.23902167406834,291.5851633028545,22830200
2021-08-24,290.97943115234375,293.89287816648005,290.3832847329818,293.287107016583,18175800
2021-08-25,290.3929443359375,292.87368958556954,288.8641085254896,292.59483645978145,20006100
2021-08-26,287.5851745605469,290.79669430920046,287.4505750714238,289.4120831267804,17666100
2021-08-27,288.1909484863281,289.2967066286994,285.4121013647465,287.48901815902764,22605700
2021-08-30,291.912109375,292.51788050210155,289.47942948011064,289.53711917376893,16348100
2021-08-31,290.2678527832031,292.78706685723137,289.9024652133177,292.71015705794855,26285300
2021-09-01,290.2197265625,293.4504953070567,289.89280860005545,291.21972990530116,18983800
2021-09-02,289.5658874511719,291.6908688555187,288.63319852540627,290.57551551059663,16285600
2021-09-03,289.556396484375,290.96022807123313,288.71024177108217,289.41214289266503,14747900
2021-09-07,288.63330078125,289.50830033860336,286.7294820320938,289.43139052137866,17180400
2021-09-08,288.6620788574219,289.04668654196234,286.0274854074498,288.248626330133,15046800
2021-09-09,285.8159484863281,290.51786328819594,285.5755650140941,289.2486315123154,19927000
2021-09-10,284.33514404296875,288.38322235824313,284.017850808825,286.9409216974985,19633400
2021-09-13,285.5659484863281,287.0563436631931,282.76788126792405,286.1044051321014,23652900
2021-09-14,288.2582702636719,289.7967304480166,286.6332755453167,288.0371068920759,21853400
2021-09-15,293.0947570800781,293.5755240081629,290.21015551156955,291.59476661194844,28356300
2021-09-16,293.4793701171875,293.565904644582,289.19093725653136,292.07553887775646,19550800
2021-09-17,288.3351745605469,292.7870813462865,288.0082565459675,292.4697880609758,41372500
2021-09-20,282.9795227050781,287.22951707140544,278.38339008801586,284.9314360910258,38278700
2021-09-21,283.4602355957031,286.09485893371766,282.7583344959058,284.316015013533,22364100
2021-09-22,287.0948181152344,288.6717480113228,283.18139690958066,285.3160036325235,26626300
2021-09-23,288.037109375,289.32556135418525,286.085196618995,287.35442848279695,18604600
2021-09-24,287.8351745605469,288.26784720291187,285.50824964587054,286.7582613035244,14999000
2021-09-27,282.85443115234375,285.0659473135494,281.67173392975803,284.7486540480037,23571700
2021-09-28,272.6141052246094,279.59485135493725,271.87373461890644,278.6525374846611,43186200
2021-09-29,273.0757141113281,275.7391532943879,272.1238046387394,274.13340760514626,26353700
2021-09-30,271.0756530761719,276.7582926672313,270.78717529668586,274.71984547108286,32343600
2021-10-01,277.9794921875,278.8256468235506,270.4699138080857,271.26797413672585,30086300
2021-10-04,272.2198791503906,276.6814110362589,269.4699059701531,276.3448682644361,31350700
2021-10-05,277.652587890625,279.22948850924683,273.1237412861691,273.1237412861691,24993000
2021-10-06,281.8351745605469,282.3351909458261,274.52754072695535,274.78714430445336,28002600
2021-10-07,283.5082702636719,285.2294241243567,282.61405079814455,283.82556353271264,20430500
2021-10-08,283.5082702636719,285.2294241243567,282.4602018561691,284.8255669837104,17685700
2021-10-11,282.912109375,286.5082365093531,281.4890287428217,281.65250240514854,19298600
2021-10-12,281.614013671875,284.07553776176377,281.1044019503828,283.9793785165672,17974100
2021-10-13,284.912109375,285.8447984376841,282.20057671725624,283.5659677751689,23416300
2021-10-14,291.1044616699219,291.6044488603404,286.37370077714104,287.70062258890977,27262900
2021-10-15,292.5083312988281,292.73911947674134,288.96026750427086,290.7102669136015,25384800
2021-10-18,295.46978759765625,296.3543824347761,291.04672538099135,291.89287998601975,22729300
2021-10-19,296.3736267089844,297.40244575766764,295.4024680074294,296.489006090617,17682100
2021-10-20,295.5852355957031,297.7871571571462,294.33522351404,297.31598543961144,16537100
2021-10-21,298.8063049316406,299.0562838093166,294.57553200250277,295.3544015118529,16918100
2021-10-22,297.2678527832031,299.1236063471209,295.96015129406624,298.4601455444869,17449300
2021-10-25,296.2774963378906,297.49863403751334,294.6717215370627,297.4601644586546,17554500
2021-10-26,298.1812438964844,300.3831645978906,296.729347757345,299.03702309577824,28107300
2021-10-27,310.7389831542969,313.55627098080305,303.8447708537641,303.8447708537641,52588700
2021-10-28,311.87359619140625,312.37358336767323,308.9985892327168,311.8543467291355,26297900
2021-10-29,318.8639221191406,319.2293097590361,311.4408779594298,311.6620413582326,34766000
2021-11-01,316.7004089355469,318.7388560634213,313.81580729941845,318.6138519641994,27073200
2021-11-02,320.3157653808594,320.62346324500305,317.3061598365116,317.6042329724997,26487100
2021-11-03,321.15234375,322.01771844825345,317.9311991041292,321.0561844849301,21500100
2021-11-04,323.4985046386719,323.59466390839987,316.83508099254163,320.08507064099814,23992200
2021-11-05,323.13311767578125,325.75811609186775,321.556217155061,325.4888877422965,22570100
2021-11-08,324.0273742675781,324.6619903091156,321.57547399482706,324.3254474977967,20897000
2021-11-09,323.0273742675781,325.69081300942594,321.6619830119795,324.1427279377186,21307400
2021-11-10,318.075439453125,321.75813115179415,317.22931417120816,321.7004414585655,25500900
2021-11-11,319.6427307128906,320.9311827118845,317.7966019223306,318.50812767039145,16849800
2021-11-12,323.7677307128906,324.2581224444753,320.95044312615977,321.07544724155895,23831000
2021-11-15,323.1427307128906,324.88310486387337,321.1811931834564,324.5561868329157,16723000
2021-11-16,326.4504699707031,327.56585311043665,322.60433335521935,322.767777728909,20886800
2021-11-17,326.6719970703125,329.6293143564149,325.59311335095464,326.49861134342495,19053400
2021-11-18,328.7430419921875,329.87975024868393,324.74538130798175,325.76646969293915,22463500
2021-11-19,330.5155029296875,332.43247631359634,329.6389320213559,330.06278336471644,21963400
2021-11-22,327.3558654785156,336.8346949958714,327.0861445993955,331.9700474366429,31031100
2021-11-23,325.2848205566406,326.9898682292672,321.31605752223925,324.6779411746802,30427600
2021-11-24,325.5063171386719,325.7471403709016,321.65314542299626,323.9361449609553,21661300
2021-11-26,317.57843017578125,325.52559745058403,316.07569544288083,322.07702143466366,24217200
2021-11-29,324.27337646484375,326.585274135935,322.4527383080336,322.64540869619697,28563500
2021-11-30,318.4550476074219,325.38112702645924,316.9137728395476,323.01143434180807,42885600
2021-12-01,317.9637756347656,326.8260839728482,317.2991304369134,322.82842346064837,33337600
2021-12-02,317.3953857421875,321.2485575549812,315.76741829949276,318.17565068248877,30766000
2021-12-03,311.1532287597656,320.4875387042819,306.3560198473253,319.80357962374853,41779300
2021-12-06,314.216552734375,315.43031134746263,307.51204154241043,312.058785775437,30032600
2021-12-07,322.62615966796875,323.47383295914125,317.98307955857507,319.46655926353213,31021900
2021-12-08,322.67425537109375,323.1847994820111,318.6573106513333,323.0017714613644,24761000
2021-12-09,320.8730163574219,324.1385654824333,319.928978304331,322.13492827679966,22214200
2021-12-10,329.9664001464844,330.40950670555475,322.50087922237924,322.68390724843727,38095700
2021-12-13,326.94171142578125,331.17058275210826,326.6334505414845,328.17472556559255,28899400
2021-12-14,316.2876281738281,322.3563918673137,312.2128880966609,320.98850283752,44438700
2021-12-15,322.3659973144531,322.886183766917,312.58857922136355,316.54769934976275,35381100
2021-12-16,312.9739074707031,324.39857838163,311.1629118249928,323.3871030361662,35034800
2021-12-17,311.9142761230469,312.99318902693045,305.6047184390456,309.10147689497717,47750300
2021-12-20,308.1671142578125,310.9510161666708,305.9130118209808,308.3019600117902,28326500
2021-12-21,315.2762145996094,315.7000659257097,308.06112911488344,311.42304210587787,24740600
2021-12-22,320.96923828125,321.3641625402389,313.7926936963985,316.24907907920306,24831500
2021-12-23,322.4045104980469,324.04212022481056,320.516464601709,320.53571987710177,19617800
2021-12-27,329.8796691894531,329.9085668008936,323.1173341387181,323.14623175015856,19947000
2021-12-28,328.7237548828125,331.18978275080303,327.827899397402,330.5540058070814,15661500
2021-12-29,329.3980712890625,331.6617864461058,327.2113772440582,328.77190728660776,15042000
2021-12-30,326.8646545410156,330.53479926844375,326.38300794269304,329.3595803926416,15994500
2021-12-31,323.9747314453125,326.90312120375734,323.5219825277928,326.08434561446063,18000800
2022-01-03,322.4623718261719,325.59307446526094,317.67480384527,323.0403535774783,28865100
2022-01-04,316.93310546875,322.895892734741,314.14917400711465,322.5394495565749,32674300
2022-01-05,304.76678466796875,314.1011004967646,304.3814731696536,313.8987877073082,40054300
2022-01-06,302.3584289550781,307.0015085378214,300.05614444176234,301.6552144415301,39646100
2022-01-07,302.51263427734375,304.88232754930465,298.70761400711353,302.6185824289415,32720000
2022-01-10,302.7341003417969,303.16759397911807,293.50576573261736,298.1295606763108,44289500
2022-01-11,303.4180603027344,304.98820330544083,298.5149021278563,301.87678551872176,29386800
2022-01-12,306.58721923828125,311.53855883141136,305.44089834095706,307.93585280974463,34372200
2022-01-13,293.6116638183594,309.1014300948054,292.84104125820534,308.7064764785824,45366000
2022-01-14,298.8135681152344,299.4108052070794,292.6003150974251,293.08196170663894,39846400
2022-01-18,291.54058837890625,298.4281266889173,290.66398831801524,292.90847722270786,42333200
2022-01-19,292.1957092285156,302.3873676008085,291.58885921501854,295.0470782257124,45933900
2022-01-20,290.5291748046875,300.2102576999121,290.08606825576,297.7249746936836,35380700
2022-01-21,285.1636962890625,292.9470927232566,284.7591001939449,291.5792327867731,57984400
2022-01-24,285.4912109375,286.2040385232011,265.9170853754429,281.47429461593225,85731500
2022-01-25,277.9004821777344,284.16188879599434,274.7023706778007,280.81925977927426,72848600
2022-01-26,285.8186340332031,297.17586579012413,282.2737231433276,296.6845769938161,90428900
2022-01-27,288.8338317871094,296.0199908832467,286.9939382332395,291.55032568742257,53481300
2022-01-28,296.9447326660156,297.1566583183815,283.64165765387617,289.2094904507192,49743700
2022-01-31,299.56488037109375,300.9134847485598,295.1240841669652,297.60939667442534,46444500
2022-02-01,297.4263610839844,299.2277143206684,293.929602731659,299.0157886812132,40950400
2022-02-02,301.9538269042969,303.55289687211734,297.5419577332225,298.26442751039235,36636000
2022-02-03,290.1921081542969,299.8057859220167,288.94945155948216,298.12963558096607,43730000
2022-02-04,294.7099304199219,297.4649349215722,288.95906871396625,289.1902496798736,35096500
2022-02-07,289.903076171875,296.5401504808717,288.89160075762936,294.931467433284,28533300
2022-02-08,293.3804931640625,294.3437860965417,288.9397268560699,290.1919959093459,32421200
2022-02-09,299.78643798828125,300.4800101974915,296.10668068130565,298.4956287595179,31284700
2022-02-10,291.28057861328125,297.77316484125447,289.66225322547234,292.8796487217257,45386200
2022-02-11,284.2099914550781,293.12045222250043,283.4200840938403,292.06082398149493,39175600
2022-02-14,284.1715393066406,285.86694501610634,280.655524445543,282.9866778986781,36359500
2022-02-15,289.4407043457031,289.75857816176847,286.11733109996294,288.99759771206277,27058300
2022-02-16,289.10284423828125,290.42527991431285,283.48487872602993,288.0120675250117,29982100
2022-02-17,280.6372985839844,286.49655572673316,279.93262997944396,286.0718280004565,32461600
2022-02-18,277.93450927734375,283.65864238707985,276.3707522552186,282.87676387601726,34264000
2022-02-22,277.73175048828125,281.4191455825817,274.6235321794877,275.106174591051,41736100
2022-02-23,270.5404052734375,281.5736347601143,270.37632332672223,280.10638276693766,37811200
2022-02-24,284.36322021484375,284.91343957149485,262.09409480445356,263.0497467023612,56989700
2022-02-25,286.9888916015625,287.29778988293907,281.5253747646306,284.8942395707059,32546700
2022-02-28,288.41754150390625,288.7553971784616,282.82853256098537,284.0930536775572,34627500
2022-03-01,284.7108459472656,289.5565664408294,282.00803005009567,286.1104916374732,31217800
2022-03-02,289.768798828125,291.00436199066144,283.5041109327039,285.10645751408833,31873000
2022-03-03,285.6470947265625,292.6067899776218,283.8419873820218,292.37513104919077,27314500
2022-03-04,279.7974853515625,285.3961558141852,277.20089590151974,284.07372012763096,32356500
2022-03-07,269.22760009765625,279.6333695655803,268.8607871426468,278.5136356085561,43157200
2022-03-08,266.27392578125,274.10237453893683,260.62700152327903,268.15621422846283,48159500
2022-03-09,278.4846496582031,279.54646877210064,271.0326502290579,273.6003111924272,35204500
2022-03-10,275.6757507324219,276.6506980483507,270.83966326078166,273.1949611124185,30628000
2022-03-11,270.34735107421875,279.4596429563479,269.7295545935928,277.9634336750457,27209300
2022-03-14,266.8434143066406,275.4923605188957,266.2449422604004,270.6080202895737,30660700
2022-03-15,277.1816101074219,277.8283640849266,269.05392607565614,270.6176832217213,34245100
2022-03-16,284.1702575683594,284.34400179367987,273.3687163552092,279.0735246270153,37826300
2022-03-17,284.9714050292969,285.3478508163391,279.32448255840876,283.1084122705425,30816600
2022-03-18,290.0005798339844,290.55079938117666,282.56790264099095,285.1162398488807,43390600
2022-03-21,288.7746276855469,289.7206174710808,284.662504677972,288.5140113733799,28351200
2022-03-22,293.5044860839844,294.41185612837654,288.3981213802289,289.3923635193199,27599700
2022-03-23,289.0932312011719,292.7034175820103,287.38468714348056,290.07784087692966,25715400
2022-03-24,293.5431823730469,293.6397167673037,287.9638360996713,288.75537689115174,24484500
2022-03-25,293.1377258300781,294.8945515047454,288.9001402281707,294.6339351738191,22566500
2022-03-28,299.9139709472656,300.0104758516694,293.7650826044952,293.7650826044952,29578200
2022-03-29,304.4605712890625,304.85634170771465,298.3213428484819,303.01264366587003,30393400
2022-03-30,302.96429443359375,304.9817657302456,300.76344611358445,302.86778951334975,28163600
2022-03-31,297.6070251464844,304.1999383958244,297.2016219305857,303.00296492746145,33422100
2022-04-01,298.6784973144531,299.36384141537167,294.93318680550044,298.630215389613,27110500
2022-04-04,304.03582763671875,304.17095222292346,298.95841894296694,299.3252319683475,24289600
2022-04-05,300.0877990722656,303.9392767129868,299.1128518165804,302.3948148545048,23156700
2022-04-06,289.10284423828125,296.3424814061848,286.4096909635366,294.59531799298344,40110400
2022-04-07,290.90789794921875,293.1087462850132,286.06217848359114,286.36141443806906,31411200
2022-04-08,286.6606750488281,290.6666017314044,285.99462607140345,290.01021503016705,24361900
2022-04-11,275.3572082519531,282.452029428348,275.10622472559214,281.6605181173394,34569300
2022-04-12,272.2682189941406,280.6468837008444,270.7527148401565,279.1989565504998,30966700
2022-04-13,277.63525390625,278.5619192143064,271.53464592371415,272.91502579688114,21907200
2022-04-14,270.11566162109375,278.3012882088098,269.6233863517897,278.088924351685,28221600
2022-04-18,270.7817077636719,272.65436281401867,268.67739376545774,269.2276132247998,20778000
2022-04-19,275.395751953125,276.23557450537356,268.74495475070785,269.68128222004106,22297700
2022-04-20,276.4189453125,279.64302251578187,275.46332277285063,279.35341939656814,22906700
2022-04-21,271.0616455078125,283.1180442640561,270.33768184591173,278.5618984401678,29454600
2022-04-22,264.5169982910156,273.3686730601937,263.8895690490661,271.901421279217,29405800
2022-04-25,270.9747619628906,271.35120773294403,261.37016600391445,263.80270265842034,35678900
2022-04-26,260.8393249511719,268.6967298664818,260.62696106383044,267.86659887115906,46518400
2022-04-27,273.3880310058594,280.8689900877158,269.4689760886624,272.30691647120665,63477700
2022-04-28,279.57537841796875,280.87851849632375,271.68899041523775,275.2895125138643,33646600
2022-04-29,267.88580322265625,279.8167376058599,266.9012234193171,278.59080716587056,37073900
2022-05-02,274.5946350097656,275.04832015441815,266.63103347319105,268.0692987483365,35151100
2022-05-03,271.9979553222656,274.2663805402377,270.4245363528179,274.10226915929724,25978600
2022-05-04,279.9132995605469,280.7820499971457,267.1232758393873,272.77983068105766,33599300
2022-05-05,267.72174072265625,276.40930377828715,264.8162240963305,275.6274254599327,43260400
2022-05-06,265.1927490234375,269.55582646003774,261.8528418348636,265.26995885904273,37780300
2022-05-09,255.3950653076172,262.90498063444784,254.17882636789196,260.6848371526901,47726000
2022-05-10,260.144287109375,264.24674803781596,255.86808196451094,262.25826345033016,39336400
2022-05-11,251.5049591064453,261.9396861119795,250.29835302848662,256.4568751636927,48975900
2022-05-12,246.48553466796875,250.85827461107095,241.3405637664361,248.74429806988636,51033800
2022-05-13,252.05523681640625,253.90859714218703,246.4855524779226,248.41612264895286,34925100
2022-05-16,252.42202758789062,256.59206585930104,246.90059620764168,250.9354804390881,32550900
2022-05-17,257.557373046875,259.01493349139474,253.348714764612,256.87199942771946,28828800
2022-05-18,245.83084106445312,255.04176140596195,244.56337491481253,254.4612355715473,31356000
2022-05-19,244.92137145996094,249.30431075685598,243.70228485416828,245.65669143059023,32692300
2022-05-20,244.36019897460938,250.14605852725083,238.43890011882908,248.88824756705642,39199300
2022-05-23,252.1875,253.0099090514097,245.20190974301659,247.19504035705393,33175400
2022-05-24,251.19094848632812,252.8454218843062,245.26965040786493,249.51713505523247,29043900
2022-05-25,253.996826171875,255.9899423675997,248.78183714380614,249.75905520569623,28547900
2022-05-26,257.26702880859375,258.43773551666885,252.94215494918038,253.75487915760345,25002100
2022-05-27,264.3686828613281,264.4654420576736,258.87310301933553,259.7632462882481,26910800
2022-05-31,263.04327392578125,265.84911459447005,260.1987236575402,263.68184944791426,37827700
2022-06-01,263.57537841796875,268.674267192914,261.27264493032675,266.26511923779674,25292200
2022-06-02,265.66522216796875,265.7329565705162,253.10666158963318,255.86413679429918,44008200
2022-06-03,261.2533264160156,264.5719880166716,259.69561200341536,261.53391933554974,28059000
2022-06-06,260.0245361328125,265.2782340927179,258.5442115825969,263.2270685226695,22400300
2022-06-07,263.65283203125,264.26238275252354,257.3058157580708,257.98310089876895,22860700
2022-06-08,261.6306457519531,264.13655309709793,260.85660150666956,262.88842705123176,17372300
2022-06-09,256.1931457519531,263.8559928027338,256.03833688377534,259.08606081367157,26439700
2022-06-10,244.77621459960938,252.11977283149906,244.33114285896366,252.11977283149906,31422800
2022-06-13,234.3945770263672,240.9351106086177,233.68828195632932,237.1520524259518,46135800
2022-06-14,236.55218505859375,237.76160149558388,233.6689256431726,235.94263445006774,28651500
2022-06-15,243.58616638183594,247.01124236384646,238.41954235569622,240.24817961274056,33111700
2022-06-16,237.01658630371094,239.3870394621926,235.1298996985269,237.99378942655406,33169200
2022-06-17,239.6095733642578,242.3670486857971,236.10710816342058,236.75535358790026,43084800
2022-06-21,245.50184631347656,246.47904939862968,241.40917080079387,242.13482060275254,29928300
2022-06-22,244.91165161132812,248.8204934956348,242.24125087999028,243.71190528540944,25939900
2022-06-23,250.4556427001953,250.9490941058249,245.39546270431345,247.27247956979176,25861400
2022-06-24,259.0086669921875,259.2795751254641,253.22280743470034,253.3098818853851,33923200
2022-06-27,256.28985595703125,259.58911783064,254.73211231864522,259.50204339521724,24615100
2022-06-28,248.15289306640625,258.2442559262375,247.99808423159308,255.40939111021387,27295500
2022-06-29,251.8101806640625,253.46465404099425,247.45626683639776,249.22685422747804,20069800
2022-06-30,248.49154663085938,251.1038981642681,244.6891481209095,248.70440512266876,31730900
2022-07-01,251.15220642089844,251.33604005543503,246.34358093055036,248.06580327530344,22837700
2022-07-05,254.3161163330078,254.44190037764724,246.46942121872016,247.84331663869565,22941000
2022-07-06,257.5669860839844,259.2891938730712,253.88068722348527,255.18686285339652,23824400
2022-07-07,259.6858215332031,260.3243967832305,256.4155556437116,256.5123148379752,20859900
2022-07-08,258.96990966796875,259.395626588486,254.74179480110894,256.1930944319359,19658800
2022-07-11,255.9221649169922,257.8765709598694,253.6677964775718,257.02513719013626,19455200
2022-07-12,245.43414306640625,257.3057794671245,243.8570592390129,257.2477298377406,35868500
2022-07-13,244.5149688720703,245.31802312540924,240.05464064203076,242.06711128352157,29497400
2022-07-14,245.83084106445312,246.85642391031848,237.95512128406688,242.4348047942675,25102800
2022-07-15,248.38510131835938,251.91659126646923,246.4984147054872,247.41756820782146,29774100
2022-07-18,245.99530029296875,252.37134012804827,245.07614676470823,251.3167325510271,20975000
2022-07-19,251.10389709472656,251.2877307699049,245.44382181429663,249.2171954923263,25012600
2022-07-20,253.7549285888672,256.2705208821731,250.50403112190256,251.46187956720985,22788300
2022-07-21,256.2414855957031,256.2898799710948,248.68505377050542,251.35545481408533,22404700
2022-07-22,251.90692138671875,256.71556241158675,250.65882485957425,256.62848796970013,21881300
2022-07-25,250.42657470703125,253.0099010286227,248.47216851036575,252.526134487459,21056000
2022-07-26,243.72161865234375,251.4425445815862,241.46727918195788,251.4231750195412,39348000
2022-07-27,260.0148620605469,261.28232818719346,250.4459740907152,252.68097341491003,45994000
2022-07-28,267.4358215332031,268.81938674780196,259.17308078267786,260.9920476929204,33459300
2022-07-29,271.6252746582031,272.8443759995339,267.64872718084746,268.6839948428737,32152800
2022-08-01,268.9838562011719,272.1476784512212,266.88429661951363,268.80002257079224,21539600
2022-08-02,265.8974914550781,268.8678255810628,263.53670799309106,267.0391735890701,22754200
2022-08-03,273.2990417480469,274.29559953530566,267.62928313742134,267.77443670567607,23518900
2022-08-04,274.4407653808594,274.58588944445677,271.0737689983291,272.65082319177765,18098700
2022-08-05,273.7248229980469,274.44078812230066,269.632146904856,270.0868886929883,16774600
2022-08-08,271.2188720703125,276.6370630638141,270.25133901885744,274.82775145511005,18739200
2022-08-09,273.13458251953125,273.88925715701384,268.5968499150632,270.5609704551994,23405200
2022-08-10,279.7718811035156,280.40077172746834,277.62395639158353,278.81403276129174,24687800
2022-08-11,277.70135498046875,281.7553212542064,277.20793315057733,281.40702349193015,20065900
2022-08-12,282.4326171875,282.4326171875,277.62397604955174,279.1139854304459,22619700
2022-08-15,283.94195556640625,284.62889583747915,280.6910288186994,281.55214749764076,18085700
2022-08-16,283.20660400390625,284.49343955539996,280.99097447536275,282.5099789943521,18102900
2022-08-17,282.4599914550781,284.42825118128314,280.6662502253201,280.9280279699906,18253400
2022-08-18,281.34503173828125,283.0321034033775,280.2881560238518,281.36441282325103,17186200
2022-08-19,277.447265625,280.4529907173876,276.8752129457477,280.11362940883,20570000
2022-08-22,269.3027038574219,273.86944889431794,268.7888240939447,273.50100121683664,25061100
2022-08-23,268.03265380859375,270.3790379637527,267.0242749639361,268.03265380859375,17527400
2022-08-24,267.4023742675781,268.79858174374715,266.74303270034477,267.0339265183886,18137000
2022-08-25,270.36932373046875,270.53413693993167,266.1709957164904,268.89553264663925,16583400
2022-08-26,259.9365539550781,271.813993730699,259.82991359676106,270.59230474229855,27549300
2022-08-29,257.1635437011719,259.2675307004995,255.82550904713992,257.7646828438369,20338500
2022-08-30,254.9722442626953,258.928145422764,252.7325011017951,258.5597272905954,22767100
2022-08-31,253.5178680419922,258.986322342565,253.38211168370708,257.3186614112336,24791800
2022-09-01,252.48043823242188,252.95555596320528,247.64220877512267,250.9969713685728,23263400
2022-09-02,248.2723846435547,256.68839066109626,246.73074523815598,253.7408682003107,22855400
2022-09-06,245.54788208007812,249.98857705648493,244.27772561001785,248.40817526683784,21328200
2022-09-07,250.2406768798828,250.95816170983366,245.51879346007277,246.95377791469627,24126700
2022-09-08,250.6575927734375,252.5095072886724,247.04103780727314,249.6783301329259,20319900
2022-09-09,256.41693115234375,257.1635319672501,252.37377054080144,252.57737549512018,22084700
2022-09-12,258.5403137207031,259.31600091262334,257.09563886057305,257.69677794091064,18747700
2022-09-13,244.32620239257812,252.48041678186516,243.9383587650543,250.96786362132625,33353300
2022-09-14,244.5491943359375,246.49805856116708,242.26096879830945,245.8193507310912,23913000
2022-09-15,237.91722106933594,243.75412313348235,236.5985823888046,242.1737066610615,31530900
2022-09-16,237.29672241210938,237.83968875284026,234.6982216168246,236.83131001029162,39791800
2022-09-19,237.08338928222656,237.68452841666505,233.52500718935042,235.09573320886867,26826900
2022-09-20,235.07635498046875,236.10411478867206,232.3518179959653,234.7079219968837,26660300
2022-09-21,231.68280029296875,240.12790919362467,231.63431798619996,236.84101000293197,28625600
2022-09-22,233.65103149414062,236.44344631490495,230.3447516288207,230.63561584371612,31061200
2022-09-23,230.68409729003906,233.79647753038185,228.04681992346752,232.25482322354088,34176000
2022-09-26,230.2283935546875,234.106740937524,229.69511783060327,229.84056473429231,27694200
2022-09-27,229.2200469970703,234.44611989699393,227.3681324316485,232.68146460352042,27018700
2022-09-28,233.73831176757812,234.95998588678188,227.5911198226186,229.60786226959718,29029700
2022-09-29,230.27688598632812,232.6523709038743,227.28086605201818,231.6246111693645,27484200
2022-09-30,225.81678771972656,233.22443119574095,225.65195971871543,231.0428606260345,35694800
2022-10-03,233.4183349609375,234.26187075492425,227.52324535563076,228.25043546623195,28880400
2022-10-04,241.31076049804688,242.74574477777827,237.5293632112238,237.63601834790978,34888400
2022-10-05,241.6210479736328,242.95908260476142,236.67616375353109,238.50868236825332,20347100
2022-10-06,239.28433227539062,242.72636855289312,238.59593389672287,240.38966069294162,20239900
2022-10-07,227.11602783203125,233.98070446797666,226.07856280672056,233.57346497384196,37769600
2022-10-10,222.27780151367188,227.42630569411762,219.83443833161004,225.9622347703348,29743600
2022-10-11,218.55459594726562,222.09358236444308,217.29412996487275,220.69737480208315,30474000
2022-10-12,218.8842315673828,220.93006041435294,217.14867761413385,218.54487025171542,21903900
2022-10-13,227.11602783203125,228.91945995498912,212.46557001660585,213.163673728378,42551800
2022-10-14,221.60877990722656,230.02480190806705,221.3954696052538,228.37649233923707,30198600
2022-10-17,230.30593872070312,231.6924554615013,227.98862698827506,228.64795366917255,28142300
2022-10-18,231.24644470214844,236.51129376308393,228.21163337698803,235.8422913191834,26329600
2022-10-19,229.2879180908203,232.32272998256715,227.16452030041103,229.8308844163688,19985700
2022-10-20,228.9679412841797,233.97101325567382,227.72687123159972,228.59950832135635,21811000
2022-10-21,234.75634765625,235.6095887613836,227.3681010886603,227.6008072431659,26299700
2022-10-24,239.73037719726562,240.30242995612315,233.9613377120293,236.3465133618895,24911200
2022-10-25,243.03665161132812,243.40508456640856,238.3535451916917,239.74004733273168,34775500
2022-10-26,224.28485107421875,231.05256356203466,223.06316209926047,224.13940416091688,82543200
2022-10-27,219.85382080078125,226.58275598538947,218.91332036173824,224.01334192609988,40424600
2022-10-28,228.69644165039062,229.40425069094275,219.17510664004706,219.3593305055409,40647700
2022-10-31,225.0701904296875,227.77533111378162,224.11998470584146,226.65060686599685,28357300
2022-11-01,221.2306365966797,228.57041637850017,220.41618716835114,227.46508792727667,30592300
2022-11-02,213.40606689453125,224.2654364159978,213.34787925724922,222.48140020209192,38407000
2022-11-03,207.7340087890625,213.7066680884104,207.47221616405207,213.39639315584648,36633900
2022-11-04,214.65679931640625,214.85071369781946,206.9388826605208,210.93358993228415,36789100
2022-11-07,220.9397735595703,221.46335879760886,214.55019910987951,215.23861235404937,33498000
2022-11-08,221.90936279296875,224.60481335809473,218.97151548785143,221.74453478514138,28192500
2022-11-09,217.68194580078125,221.67665381960256,217.507427263288,220.45496487826287,27852900
2022-11-10,235.5902099609375,235.92957127818485,227.85291099807793,228.2698262443954,46268000
2022-11-11,239.5946044921875,240.44784564522814,234.5721369704996,235.59991144789905,34620200
2022-11-14,234.20370483398438,236.491930374749,231.9348751725974,234.63032541196574,31123300
2022-11-15,234.61094665527344,239.4879676468522,232.72994567583086,238.18872473342853,31390100
2022-11-16,235.03875732421875,237.05146554303985,233.7650213224332,236.06941348333024,24093300
2022-11-17,234.9901123046875,236.51666066871482,231.0522311596021,231.19807311445172,23123500
2022-11-18,234.5428466796875,236.9930953021771,232.41346518460608,236.7694511962655,27613500
2022-11-21,235.34991455078125,237.8973866399334,234.51371927043422,234.74706643193417,26394700
2022-11-22,238.24740600585938,238.5196542333606,234.04699418411522,236.84726378647278,19665700
2022-11-23,240.72679138183594,241.40741186039304,237.50841717604806,238.32516175031657,19508500
2022-11-25,240.63929748535156,241.81579547416155,239.900325357093,240.46427230471662,9200800
2022-11-28,235.06790161132812,239.82254225297007,234.1344834195783,239.26832798344634,24778200
2022-11-29,233.67752075195312,236.06941814268234,231.6162083930456,234.71789478419583,17956300
2022-11-30,248.0775146484375,248.26225766620797,233.22047878551072,233.91083193037719,47594200
2022-12-01,247.6400146484375,249.03042418074372,243.97436658880594,246.84270566954237,26041500
2022-12-02,247.9608612060547,248.9720667058495,242.778397783122,242.90480403425175,21528500
2022-12-05,243.27430725097656,246.7941135147601,241.19354435975268,245.03420296466012,23435300
2022-12-06,238.3349151611328,244.88835294425144,237.03201078829815,243.8771473447241,22463700
2022-12-07,237.60565185546875,239.34611163220632,235.50545353805643,238.05292524127822,20481500
2022-12-08,240.55178833007812,241.85470746474556,236.33192613856002,238.06265330165112,22611800
2022-12-09,238.62661743164062,241.4366198107319,237.40150036949424,237.9265463000095,20609700
2022-12-12,245.5203857421875,245.54955413957768,240.32820329688917,240.6004515634759,30665100
2022-12-13,249.80828857421875,256.61452370043395,246.0648533202343,254.44624097086364,42196900
2022-12-14,250.0999755859375,255.32132556389985,247.27052281634482,250.01247040825905,35410900
2022-12-15,242.1172332763672,247.16357301987648,240.49346176051932,246.69686389132764,35560400
2022-12-16,237.9167938232422,242.92423190340745,236.76944942143655,241.66994662968148,86102000
2022-12-19,233.794189453125,238.42243914772908,232.1023632453267,238.08212143380248,29696400
2022-12-20,235.10682678222656,236.18610187706696,231.8203825618914,232.7732513908985,25150800
2022-12-21,237.6639862060547,238.82104848275608,233.4635747777796,234.9998409670087,23690600
2022-12-22,231.59674072265625,235.29155709825014,227.39631414751827,234.58175331390822,28651700
2022-12-23,232.12181091308594,232.2579350383886,227.46440742070018,229.5743387811001,21207000
2022-12-27,230.40081787109375,232.31627349212454,229.3020921713063,232.09264417818784,16688600
2022-12-28,228.03805541992188,233.0843952081068,227.68801986130742,230.33272967385747,17457100
2022-12-29,234.3386688232422,235.2234829457409,229.12703678909463,229.12703678909463,19770700
2022-12-30,233.181640625,233.31776474462188,230.10910782620186,231.61620583114026,21938500
2023-01-03,232.94825744628906,238.9474656895386,230.82859367762717,236.35137496373926,25740000
2023-01-04,222.7583465576172,226.42397945527185,219.70526469993285,225.85031465735742,50623400
2023-01-05,216.1563262939453,221.25128535832076,215.62154764960167,220.9109676292611,39585600
2023-01-06,218.7037811279297,219.51080795719037,213.2782522890228,216.82721193090404,43613600
2023-01-09,220.83316040039062,224.8391261091335,220.14282198786435,220.18170823285104,27369800
2023-01-10,222.51527404785156,224.90717117777552,221.03734458217542,221.4554347527597,27033900
2023-01-11,229.24371337890625,229.41872372216184,224.7127021200409,224.88771246329648,28669300
2023-01-12,231.9078826904297,233.25940599267489,227.09490487805533,228.74784480479596,27269500
2023-01-13,232.6079559326172,232.74408004932297,228.41726187215806,230.4396879177981,21333300
2023-01-17,233.69696044921875,234.24145690846152,230.52718988997353,231.3828356610212,29831300
2023-01-18,229.28260803222656,235.67075285086767,229.0006419678325,234.883176604496,30028700
2023-01-19,225.510009765625,229.00064735365646,224.29461063179636,227.3088064182575,28623000
2023-01-20,233.570556640625,234.07616685941196,228.0186065956563,228.35892430446629,35389800
2023-01-23,235.865234375,238.3835379806386,233.01633090813738,234.42620586269453,31934000
2023-01-24,235.3401336669922,237.1972669078359,233.78443184205133,235.78740702896604,40234400
2023-01-25,233.94976806640625,236.56530958865662,224.5085403000208,227.9894454823822,66526600
2023-01-26,241.13519287109375,241.43660948835614,235.30127691453504,236.90559786802248,33454500
2023-01-27,241.290771484375,242.91454300523202,239.9975849790759,242.0977983186481,26498900
2023-01-30,235.99160766601562,238.80160965707887,235.49571536167772,237.7417704170005,25867400
2023-01-31,240.950439453125,241.08656355946167,236.22496713827303,236.7111267803919,26541100
2023-02-01,245.75369262695312,248.11642130402413,238.6752096108031,241.13517614830616,31259900
2023-02-02,257.2756652832031,257.36317045013345,250.12911325561998,251.6556615153349,39940400
2023-02-03,251.19871520996094,256.8867894598402,249.98331599728726,252.35577763425286,29077300
2023-02-06,249.6624298095703,251.15007723406973,247.72752379068612,250.31389683270552,22518000
2023-02-07,260.15374755859375,261.33024559426707,252.88078856760495,253.31834411841427,50841400
2023-02-08,259.34674072265625,269.0991022332483,258.84111568990085,265.63764785701306,54686000
2023-02-09,256.32281494140625,266.3960585481187,255.525505975814,266.2210185187912,42375100
2023-02-10,255.81716918945312,256.7797556334207,253.44470813701852,254.29062103296877,25818500
2023-02-13,263.8096923828125,266.9988986544617,259.7551076492649,260.23156430688056,44630900
2023-02-14,264.6361083984375,267.3585900699576,261.82609189388216,265.12226795926784,37047900
2023-02-15,262.5209655761719,263.8953733913227,259.46022127566107,261.54621079213484,28922400
2023-02-16,255.53192138671875,260.0060415876993,255.28823272818724,257.3547077929904,29603600
2023-02-17,251.545166015625,253.523916634786,249.53717394877788,252.84160627305934,30000100
2023-02-21,246.29127502441406,249.04009049318063,245.2385381346892,248.05557870006874,28397400
2023-02-22,245.16053771972656,247.9190951759008,244.0200765591585,247.6754065123544,22491100
2023-02-23,248.33827209472656,250.35600669518152,244.1565658834327,249.108321803698,29219100
2023-02-24,242.92835998535156,244.66342210762315,241.8366395147742,243.649683795455,24990900
2023-02-27,243.8446502685547,246.43750145661366,243.09408495125825,246.08658915391715,21190000
2023-02-28,243.12330627441406,245.14105556625483,242.4507231771338,242.7821510664902,22491000
2023-03-01,240.05284118652344,244.59518672884,239.58494822729267,244.4294802167035,27565300
2023-03-02,244.77066040039062,245.0533327272031,239.4095093951341,240.32578121944115,24808200
2023-03-03,248.84512329101562,249.16679413004076,245.04358587267618,245.82339261513917,30760100
2023-03-06,250.38523864746094,253.55319146823706,249.51770754686837,249.9563441934913,24109800
2023-03-07,247.73390197753906,251.18454195758378,246.99309375726955,249.82961864090797,21473200
2023-03-08,247.29527282714844,248.11406323334165,244.47823224326854,247.62668586676327,17340200
2023-03-09,245.95010375976562,253.00731800229747,245.22877995450497,249.36174508099094,26653400
2023-03-10,242.31427001953125,246.40823683070676,241.3492723748031,244.74141460422547,28333900
2023-03-13,247.5096893310547,251.39896558800064,239.52644667781433,241.15428509526765,33339700
2023-03-14,254.206298828125,254.47922896742975,249.40075019061067,250.26828132059583,33620300
2023-03-15,258.7389221191406,259.7526754623926,252.66618887408737,253.41676912459158,46028000
2023-03-16,269.2272644042969,269.57816182335324,256.6334203873444,258.514689849532,54768800
2023-03-17,272.3757629394531,276.1773012168658,269.34428938591367,271.23531632980917,69527400
2023-03-20,265.35748291015625,270.47494508940247,263.0375619626868,269.98756773899805,43466600
2023-03-21,266.8682861328125,268.0574878140918,262.71582243886,267.9405220334982,34558700
2023-03-22,265.41595458984375,273.9450578612845,265.3087161087697,266.4979179833595,34873300
2023-03-23,270.6503601074219,273.9645197282161,268.2524721711086,270.9232901997897,36610900
2023-03-24,273.48699951171875,273.5454824281014,268.3305375714722,270.24104891667986,28172000
2023-03-27,269.4027099609375,274.35445077052975,268.56440544663616,273.41869458351096,26840200
2023-03-28,268.28173828125,269.1687685997756,265.18199582572424,268.8275985161655,21878600
2023-03-29,273.428466796875,274.0425670542095,271.3814758548116,271.9175790730678,25087000
2023-03-30,276.87908935546875,277.2787423935812,274.3739921244632,277.05456782750633,25053400
2023-03-31,281.02178955078125,281.96730287180225,275.8556011455048,276.5671828397676,32766000
2023-04-03,279.97882080078125,280.992544334595,276.78162637356223,279.286723502298,24883300
2023-04-04,279.9300842285156,283.11755155269356,278.45822466702356,279.9788398181857,25824300
2023-04-05,277.1617431640625,279.90080144519544,275.77760817176124,278.6336322553814,22064800
2023-04-06,284.23846435546875,284.7063275533511,274.91005513471964,276.0602584923825,29770300
2023-04-10,282.0842590332031,282.28894917802717,277.52238471849756,281.90878059048885,23103000
2023-04-11,275.6898498535156,278.7603508575734,274.5299191651681,278.5361465748028,27276600
2023-04-12,276.333251953125,279.7644081756239,274.84187817369144,277.6004511479009,27403400
2023-04-13,282.5229187011719,282.5814016075444,276.02132104979927,276.43070139440715,24222700
2023-04-14,278.91632080078125,281.197243201843,276.5281599154827,279.75459555412215,20987900
2023-04-17,281.50909423828125,284.2384247499491,278.93575776704006,282.61057160840295,23836200
2023-04-18,281.09002685546875,284.3944597878288,279.7643746535523,284.2092540026853,20161800
2023-04-19,281.1679992675781,281.7528282776957,277.3567049001675,278.7700813374877,17150300
2023-04-20,278.8870544433594,281.7333512714664,277.88305828682746,278.048779675469,23244400
2023-04-21,278.5458984375,279.04300308117706,275.91404898236954,277.8148324496472,21676400
2023-04-24,274.6566467285156,277.75638957147896,271.6836565150722,274.9685754009273,26611000
2023-04-25,268.4669494628906,274.49092630001803,268.41819388016194,272.45369257019934,45772200
2023-04-26,287.9132995605469,292.0072813214267,285.3399625443694,289.20974000859206,64599200
2023-04-27,297.13446044921875,297.4951446738083,287.79632356423065,288.4981481341887,46462600
2023-04-28,299.5030822753906,301.130905659633,295.6527900361445,296.33513009659094,36469600
2023-05-01,297.8460693359375,300.8093322076719,297.4464163049507,299.2204771506516,21294100
2023-05-02,297.6998291015625,301.3746435203023,296.237697087883,299.9905085390908,26404400
2023-05-03,296.71527099609375,300.81897921071857,296.41309947358855,298.8792272280922,22360800
2023-05-04,297.6998291015625,299.9905085390908,295.74056268414336,298.5088623937183,22519900
2023-05-05,302.8074645996094,304.09414761571395,296.5885264355825,298.001932290005,28197100
2023-05-08,300.8580017089844,302.36888918912433,298.36263230970064,302.3006492277248,21318600
2023-05-09,299.24969482421875,302.2129574604757,298.5771116971217,300.22444953048654,21340800
2023-05-10,304.4255676269531,305.0981505942969,299.90272233266535,300.8287212353829,30078000
2023-05-11,302.28118896484375,303.26570080657984,298.5284068792122,302.2714616451602,31680200
2023-05-12,301.16998291015625,302.80756378679547,298.8598188614768,302.71008236022425,19774700
2023-05-15,301.6475524902344,302.07644689728147,299.82476613385916,301.2966551101867,16336500
2023-05-16,303.8700256347656,305.790293615096,302.0082405576207,302.0082405576207,26730300
2023-05-17,306.74212646484375,307.1621801837401,303.55746936992665,305.0716601745018,24315000
2023-05-18,311.1575927734375,311.665592368816,306.4685537852504,307.2598287418547,27276000
2023-05-19,310.98175048828125,311.38227715164794,309.05728471229986,309.4187276052405,27546700
2023-05-22,313.7561340332031,315.13354641281757,310.6594231373723,311.23578210832846,24115700
2023-05-23,307.9729919433594,315.26055083800105,307.9632135465672,312.6327259488541,30797200
2023-05-24,306.5954895019531,309.1842298558464,305.38413133071174,307.45515342600294,23384900
2023-05-25,318.3865966796875,319.34392557451787,312.60342028701615,315.76852037752286,43301700
2023-05-26,325.19537353515625,325.69356478381513,316.39362712536325,316.5303755699565,36630600
2023-05-30,323.5543212890625,327.97961254925826,322.880267735798,327.48142108846207,29503100
2023-05-31,320.7994079589844,328.1748807384319,319.76388201700377,324.6092550226207,45950600
2023-06-01,324.8926086425781,325.82066191290807,317.2143019258067,318.3963251868189,26773900
2023-06-02,327.64739990234375,329.6988654721622,324.8632701870316,326.5239875083562,25873800
2023-06-05,328.1749267578125,330.73436207197636,326.92451447409195,327.4715679849584,21307100
2023-06-06,325.9671936035156,327.61813272213266,324.49211655757586,327.5790489490728,20396200
2023-06-07,315.9052734375,326.75845825838536,315.045609330463,323.9841067025186,40717100
2023-06-08,317.7418518066406,319.0899588404042,315.8759965452041,316.45235552980716,23277700
2023-06-09,319.2364196777344,322.3624353785323,316.9114274266321,317.47800789711727,22529000
2023-06-12,324.17950439453125,324.4237258036258,317.6441371021866,320.9850692837771,24260300
2023-06-13,326.5631103515625,329.1909351194717,322.7532623015664,326.7389426125968,22951300
2023-06-14,329.54254150390625,331.20325873096044,325.11725150881233,326.6118850882896,26003800
2023-06-15,340.0538635253906,341.75363483053593,329.40581706772855,329.6793438273172,38899100
2023-06-16,334.41729736328125,343.34604774006436,334.0461058075506,343.1995208348828,46552000
2023-06-20,330.2361755371094,334.1730234363889,328.0967936208768,331.4670609717045,26375400
2023-06-21,325.8498840332031,329.9235091734763,324.3943343610743,328.59492955815557,25117800
2023-06-22,331.8577880859375,332.2583147464339,325.6350317853251,326.3970013361719,23556800
2023-06-23,327.27618408203125,330.1482299651682,325.74249643584824,326.6314360457984,23146900
2023-06-26,321.0046081542969,328.340998601614,320.8971352379601,326.00625756335666,21520600
2023-06-27,326.836669921875,328.3801362771845,321.6884629806956,324.1892880957457,24354100
2023-06-28,328.0870361328125,330.1678072397065,326.0941811528345,326.92453987884056,20259500
2023-06-29,327.3055114746094,328.3410078355039,324.93168659890875,326.97337394490575,16997000
2023-06-30,332.6686096191406,334.80799133337183,329.40581549810116,329.94309061938924,26832800
2023-07-03,330.177490234375,333.0202303553527,328.79032964679084,331.3497646514175,12508700
2023-07-05,330.3338928222656,333.75299276532775,326.99296042986884,327.34462497130613,18172400
2023-07-06,333.3817138671875,335.0619581701481,327.7450950952517,329.5034771232006,28161200
2023-07-07,329.42535400390625,333.8897282258727,329.2104379854344,331.4768196689225,21214800
2023-07-10,324.1598815917969,327.48131592887023,320.01789687690416,326.86587333332807,32791400
2023-07-11,324.7851867675781,325.1661566846007,319.4416208471581,323.4077743662795,26698200
2023-07-12,329.40582275390625,333.75294560855826,327.91118903960694,328.8196854554752,29995300
2023-07-13,334.7395935058594,335.79461674267833,331.1837159282275,331.711242452727,20567200
2023-07-14,337.260009765625,343.30693463785855,336.3515132189097,339.55569712467894,28352700
2023-07-17,337.7386169433594,338.9694723365567,334.2902125016096,337.68975478361295,20363900
2023-07-18,351.18060302734375,358.30210756551196,334.2609666964125,337.8363418414127,64738600
2023-07-19,346.8725280761719,354.0819486228708,344.293565577068,353.388368189592,39732900
2023-07-20,338.8522644042969,349.6956992819866,337.3869361725058,345.3974090978353,33778400
2023-07-21,335.823974609375,342.20303681474576,331.9750427010371,341.07962426148026,69405400
2023-07-24,337.13299560546875,338.90118607619127,334.3977276840243,337.85591126570966,26678100
2023-07-25,342.8673400878906,343.75630961701245,337.09394225294653,339.0867675369492,41637700
2023-07-26,329.9626159667969,336.70314999869004,325.41032580255074,333.5477989926325,58383700
2023-07-27,323.07562255859375,333.4403649695194,321.444210409782,332.61003601882766,39635300
2023-07-28,330.5487365722656,332.1508430764587,325.4689499409115,325.9573926830905,28484900
2023-07-31,328.1554260253906,329.8942812123279,325.6545714457516,329.13231163180893,25446000
2023-08-01,328.565673828125,330.7148339075202,325.9867115450311,327.4422614370604,18311900
2023-08-02,319.9300231933594,325.9183364890345,318.8163593371292,325.9183364890345,27761300
2023-08-03,319.1094055175781,322.25497786737617,318.41582519365545,318.46465754141326,18253700
2023-08-04,320.2035217285156,327.3934143700841,319.67599522143337,324.20875816253636,23741500
2023-08-07,322.4797058105469,323.4565914550908,319.94957556864017,320.7799343289393,17741500
2023-08-08,318.51348876953125,321.15109140709956,315.53400007450387,319.40245810571645,22327600
2023-08-09,314.7818908691406,319.54906805843905,313.62914308212316,318.92387671073834,22373300
2023-08-10,315.4656982421875,320.67251582192995,313.7561482330681,318.48427153797036,20113700
2023-08-11,313.590087890625,314.95772190728826,311.83167574447026,312.8574236161069,24355500
2023-08-14,316.54998779296875,316.5695147707091,312.68149972344554,313.9612471638397,18836100
2023-08-15,314.42034912109375,317.5756999823602,313.48254739923874,315.53401288819225,16966300
2023-08-16,313.6567687988281,317.59218190962685,313.0693905863645,314.0483443153716,20698900
2023-08-17,310.2109069824219,315.09587723168505,309.5549947446499,313.7938817302348,21257200
2023-08-18,309.8193359375,311.679342341884,304.99307058455463,307.8711973932979,24755000
2023-08-21,315.105712890625,315.97696640050947,310.36757919700125,311.2388327068857,24040000
2023-08-22,315.6734619140625,319.2172702035748,314.69450802744353,318.6494900944686,16084600
2023-08-23,320.117919921875,322.2716304158125,316.65241480901244,317.00485374224843,21166400
2023-08-24,313.23583984375,325.97203798658785,313.2260407459276,325.84476921608996,23281400
2023-08-25,316.1825256347656,318.5124107055097,312.0904758312742,314.70429575926823,21684100
2023-08-28,316.8873596191406,319.285778523708,314.94902032407407,318.8061007178544,14808500
2023-08-29,321.4982604980469,322.056271402599,315.1056925945481,315.1056925945481,19284600
2023-08-30,321.87030029296875,322.8688226373034,319.57955147339686,321.75283059073,15222100
2023-08-31,320.8619079589844,323.9456064626788,319.9025224771531,322.27160382501023,26411000
2023-09-01,321.7429504394531,325.00285335659055,319.9025125671937,324.33717196139406,14942000
2023-09-05,326.530029296875,327.8026871669536,321.74296073160247,322.07580143984785,18553900
2023-09-06,325.87420654296875,327.420940690509,323.23101883954274,326.36368353432135,17535800
2023-09-07,322.96673583984375,326.0700034637313,322.1052514914753,324.3176972156663,18381000
2023-09-08,327.23486328125,329.08510023164433,322.52609807587226,323.1428437260037,19530100
2023-09-11,330.82763671875,331.29754527961506,328.3704532160462,330.1423571352341,16583300
2023-09-12,324.7874450683594,329.70181156243297,324.50357001713206,328.7522253170888,17565500
2023-09-13,328.9872131347656,329.76059500536803,324.2001445661415,324.3371825636095,16544400
2023-09-14,331.5716857910156,333.68619984765456,329.48650927999284,332.01219710477335,20267000
2023-09-15,323.2701416015625,330.29902307578516,322.71213073688756,329.829144347891,37679800
2023-09-18,322.13446044921875,323.4462546524429,319.4912738511169,320.90096938673224,16834200
2023-09-19,321.7331848144531,322.45763099664185,317.6803313099975,319.3053983263758,16505900
2023-09-20,314.0190124511719,322.65339248865484,313.76450476801705,322.5750893265996,21436500
2023-09-21,312.8050537109375,318.5025710351489,308.3703949406128,312.54074698466565,35560400
2023-09-22,310.3381652832031,314.68472270748657,309.49624944861836,314.5574539286877,21447900
2023-09-25,310.8570251464844,310.98429393163934,308.3704739123921,309.92700700519936,17836000
2023-09-26,305.5706481933594,309.2319257820145,303.49524107796117,308.4977104446982,26297600
2023-09-27,306.20697021484375,307.6851701509051,303.1722074325514,305.7272625333357,19410100
2023-09-28,307.0390930175781,308.84036447643473,302.9372740873856,304.4448414726015,19683600
2023-09-29,309.1046447753906,312.74635389934775,308.3508611473558,311.06255226407086,24147300
2023-10-02,315.0273132324219,315.1154453625428,308.5466440139972,309.6234991428816,20570000
2023-10-03,306.7942810058594,314.62590975382756,304.6601394668155,314.07766825620047,21033500
2023-10-04,312.2470703125,313.3043570607618,307.3914682241067,307.4208356407086,20720100
2023-10-05,312.6386413574219,313.24561775068076,308.2725161916583,312.3743346117822,16965600
2023-10-06,320.3724365234375,322.2618102249638,309.6430811517103,309.8878196065806,25673600
2023-10-09,322.8785705566406,323.3484492911128,316.37830256029935,317.9152672966711,19891200
2023-10-10,321.4786682128906,324.13162477364205,320.7738202479149,323.9945568948938,20557100
2023-10-11,325.423828125,325.81540366125716,322.21286092721374,324.23927254305164,20063200
2023-10-12,324.1903381347656,326.6083551720829,321.8016885159057,323.6127589882386,19313100
2023-10-13,320.83251953125,326.80411343693316,319.4913278140148,325.3846484410319,21072400
2023-10-16,325.63922119140625,329.06555964733286,323.6421469834392,324.0826582883067,22158000
2023-10-17,325.0714111328125,326.4419405397074,320.51928173209353,322.65339394249423,18338500
2023-10-18,323.1625061035156,328.527185035995,321.39060166853324,325.49242151534173,23153600
2023-10-19,324.3470153808594,329.7899967094516,323.9456406942705,325.15953397789394,25052100
2023-10-20,319.79486083984375,324.934368448125,318.6005359720502,324.73856573197526,25027700
2023-10-23,322.3891296386719,325.7273662724693,317.56289372065373,318.62015086662296,24374700
2023-10-24,323.5735778808594,324.8560048878325,320.7052505981055,324.3273615041399,31153600
2023-10-25,333.500244140625,338.91385810810175,330.5144167677778,337.7586697804962,55053800
2023-10-26,320.9891662597656,334.4399815109655,320.05914822735156,333.3729254857893,37828500
2023-10-27,322.8687744140625,329.63334926048014,321.4884458683103,323.4757210351802,29856500
2023-10-30,330.21087646484375,332.3058517630052,324.8461993312582,326.3929629369711,22828100
2023-10-31,330.9940490722656,331.8653322788638,327.64604386616816,331.7184951865434,20265300
2023-11-01,338.7865295410156,340.10812307119625,332.50163335597534,332.63870122035286,28158800
2023-11-02,340.9892578125,341.4885040275744,337.51395325496594,339.9319707829099,24348100
2023-11-03,345.37493896484375,346.9315020236901,340.02005970434163,342.27167169728,23637700
2023-11-06,349.0263977050781,350.01515060483416,345.9133317859224,346.0112331411466,23828300
2023-11-07,352.94219970703125,354.83157330344505,350.10323976353783,351.8359771725129,25833900
2023-11-08,355.5560607910156,356.2119431597548,352.9618091115113,354.0680317747925,26767800
2023-11-09,353.0988464355469,357.11256296700316,352.77577495327927,354.6749477041347,24847300
2023-11-10,361.8899230957031,362.3108661279153,353.4709130749397,353.8820570074666,28042100
2023-11-13,358.9627990722656,360.71513487046275,358.1992162461448,360.4703964021509,19986500
2023-11-14,362.4771728515625,364.1218377596641,359.6186448005375,363.2016188989832,27683900
2023-11-15,362.6243896484375,366.0184363495822,360.1131537221127,364.20368992773217,26860100
2023-11-16,369.00048828125,369.17705042836303,363.12463294088235,363.88976551430744,27182300
2023-11-17,362.80096435546875,367.23480603716206,360.0052770614011,366.4892814424939,40157000
2023-11-20,370.246337890625,371.64907620133334,363.9290760622169,364.1448842589367,52465100
2023-11-21,365.9595642089844,369.0495215118682,364.04671781694736,368.51001608638865,28423100
2023-11-22,370.6484680175781,372.5514954656195,367.8233538705503,370.7956031427492,23345300
2023-11-24,370.2364501953125,370.7661665682208,367.9901174917075,370.1383501357465,10176600
2023-11-27,371.39398193359375,373.38532049617334,369.02994094912424,369.5988734413345,22179200
2023-11-28,375.4060974121094,375.70036771009086,370.952617308365,371.1389984757335,20453100
2023-11-29,371.62945556640625,376.9755653604363,370.2463253437472,376.4458788431164,28963400
2023-11-30,371.6882629394531,372.8457658390955,368.313824366715,371.2762546529022,30554400
2023-12-01,367.37213134765625,370.95255911244834,364.23310896058763,369.57924804408185,33040500
2023-12-04,362.10455322265625,362.4772856339346,355.98346139619025,362.06530720296416,32063300
2023-12-05,365.4200439453125,365.9693683802573,358.65155863650625,359.46575623768496,23065000
2023-12-06,361.7709045410156,367.0483700977194,361.0155910074396,366.420583640083,21182100
2023-12-07,363.8799743652344,364.3704447283438,359.3382140130918,361.21181439248187,23118900
2023-12-08,367.0974426269531,367.3230398250767,361.2117985281366,362.16331218821597,20154400
2023-12-11,364.2232666015625,364.51756677042914,359.1223929698161,361.45703660419446,27708800
2023-12-12,367.2445983886719,367.28384440026525,363.3992975227853,363.7818787799653,24838300
2023-12-13,367.2347717285156,370.44246703468053,363.7033791572921,368.8533179256787,30955500
2023-12-14,358.95562744140625,366.63640997800485,357.1899461347514,366.19497468337374,43277500
2023-12-15,363.6641845703125,365.30233890168853,359.29898614385536,359.858129570657,78502300
2023-12-18,365.5475769042969,365.89091216563435,361.65324079721444,362.4085843593443,21802900
2023-12-19,366.1459655761719,366.1459655761719,362.79113493260104,364.40968123442,20603700
2023-12-20,363.5562744140625,368.8631677330293,363.46799333439736,367.852799906723,26316700
2023-12-21,366.420654296875,367.27406804850153,362.9873613143247,365.45932148482285,17708000
2023-12-22,367.4407653808594,368.02933580590116,365.606411005962,366.55792471126443,17107500
2023-12-26,367.5193176269531,369.75586165985493,366.3814226016606,367.8528339374102,12673100
2023-12-27,366.9405212402344,367.9116430236214,365.70452628978785,366.5677589576593,14905400
2023-12-28,368.1274719238281,369.2849749136942,367.02882298863733,368.2157530058411,14327000
2023-12-29,368.87298583984375,369.9716347431921,366.361779793351,368.8337398258849,18730800
2024-01-02,363.8014831542969,368.7356138207432,359.779620180644,366.73448635273246,25258600
2024-01-03,363.53662109375,366.14592688839195,361.4864586699457,361.97692900872954,23083500
2024-01-04,360.9273681640625,365.98902639400353,360.17205450864094,363.6053473830013,20901500
2024-01-05,360.7409973144531,364.9688499798779,359.51482125288123,361.93774634798484,21004600
2024-01-08,367.5487060546875,368.04899543580075,361.9769695664422,362.26142084093584,23134000
2024-01-09,368.62774658203125,368.8239167777909,364.1154129764403,364.91979160608497,20830000
2024-01-10,375.47467041015625,376.8480113734613,369.14762069750896,369.1966557593691,25514200
2024-01-11,377.29925537109375,383.2339350900792,373.1302570741052,378.64313944413783,27850800
2024-01-12,381.06610107421875,381.272090274914,377.31889976513236,378.1428865038529,21661200
2024-01-16,382.8317565917969,386.52010359232963,380.2322694497991,386.15716028479716,27202300
2024-01-17,382.04693603515625,382.67472245141323,377.4757492545533,380.5853441231191,22234100
2024-01-18,386.3631896972656,386.4808978161866,382.6846613012814,384.25417273742283,23392100
2024-01-19,391.07171630859375,391.07171630859375,386.00023875466667,388.21717473718036,29331100
2024-01-22,388.9528503417969,392.9845027036078,386.0884900033909,392.39593223013395,27016900
2024-01-23,391.29730224609375,391.7681646348443,386.42202498468174,388.2073445307626,20525900
2024-01-24,394.88751220703125,397.89900754206303,392.8177415608544,393.88696340305137,24867000
2024-01-25,397.1534729003906,399.25270045475327,394.858075159448,396.6139674673759,21021200
2024-01-26,396.23138427734375,398.4287118822507,394.75997317345707,396.66300059602537,17803300
2024-01-29,401.9110412597656,402.16609543170915,396.62375630100183,398.3207945584323,24510200
2024-01-30,400.8026123046875,405.17760004808207,398.70341448382425,404.4026783420674,33477600
2024-01-31,390.00244140625,407.404352059521,389.6394980894709,399.20367116692984,47871100
2024-02-01,396.0842590332031,400.2238302394902,394.1419855506921,394.17141257606636,30657700
2024-02-02,403.3824768066406,404.7852149654356,395.86846668943514,396.11370188933375,28256700
2024-02-05,397.91864013671875,403.3236336682533,396.29027477301287,402.087638647816,25352300
2024-02-06,397.76165771484375,400.1944015675409,395.23084373526007,398.14423897907153,18382600
2024-02-07,406.1584777832031,406.4037129539298,399.6352282290594,399.6744742384372,22340500
2024-02-08,406.2173767089844,407.6397528307197,404.66750343056947,406.15852265638233,21225300
2024-02-09,412.5345764160156,412.7994495492497,407.1786488746158,407.33560297017937,22032800
2024-02-12,407.345458984375,412.72099505038886,406.84516963028506,412.54443290280494,21202900
2024-02-13,398.57586669921875,402.2543946406928,395.70171738557195,397.2221636270064,27824900
2024-02-14,402.4281921386719,402.772162264522,397.5930560545051,401.03269733042293,20401200
2024-02-15,399.5487976074219,402.07448469518283,397.3179549607251,401.1015670196542,21825500
2024-02-16,397.09197998046875,401.24904439676646,396.482676683558,400.9247184540222,22296500
2024-02-20,395.8438415527344,397.5145068330212,391.1462744848481,396.28606324841394,24307900
2024-02-21,395.2442932128906,395.3524118295115,390.3698381114288,393.2689765841808,18518900
2024-02-22,404.551025390625,405.7106689082216,401.5241536683513,403.1162117164581,27009900
2024-02-23,403.2635498046875,408.688344814685,401.9171806983302,408.5016490183945,16295900
2024-02-26,400.5118713378906,405.05219339501383,400.33495269298504,404.36425308702184,16193500
2024-02-27,400.4529113769531,401.2784217577938,396.8855068799419,400.9540958991776,14835800
2024-02-28,400.6887512207031,402.2414904650158,398.33014591696406,401.14080998935714,13183100
2024-02-29,406.5067138671875,407.05705416129825,398.9198455368932,401.59293981884394,31947300
2024-03-01,408.3346252441406,408.6982397267373,403.7943028017663,404.17756158377745,17823400
2024-03-04,407.7646179199219,410.1527047870807,405.2094495475142,406.3101300793095,17596000
2024-03-05,395.7062072753906,407.1061687535314,393.7308905561475,406.8211614689715,26919200
2024-03-06,395.1558532714844,398.1729175476419,391.51967869638725,396.0206822488724,22344100
2024-03-07,402.0843505859375,402.713298120837,395.3033178435415,399.11641162004844,18718500
2024-03-08,399.214599609375,403.3421811822811,397.3571789041796,400.9245831223799,18002200
2024-03-11,397.5439758300781,398.68397503984977,394.34021545583295,396.7971025481086,16120800
2024-03-12,408.1184387207031,408.40344602882556,399.7748595225906,400.59053286353617,22457000
2024-03-13,407.9415283203125,410.96839994406946,404.3544792559954,410.88979275530687,17115900
2024-03-14,417.88702392578125,420.44219256711494,410.7816954714427,412.9928939125644,34157300
2024-03-15,409.23876953125,415.31218703472393,405.67136478668334,412.05927102600424,45079900
2024-03-18,410.12322998046875,413.4744273628243,406.6442696787311,407.10616562272253,20106000
2024-03-19,414.1427001953125,414.39822603826195,408.38374152289526,410.62442124737834,19837900
2024-03-20,417.89678955078125,418.6141812833587,413.40559339888034,414.72248109059194,17860100
2024-03-21,421.9654235839844,423.3904300401875,419.7935438740281,422.41748239432127,21296200
2024-03-22,421.34625244140625,422.446932938044,418.7223141130456,422.2897185739193,17648500
2024-03-25,415.567626953125,420.03917871353855,414.33918361091673,417.9065878752963,18060500
2024-03-26,414.3785095214844,418.6436612820826,414.0836951106592,418.270209700842,16725600
2024-03-27,414.1623229980469,417.13026150811925,411.78407332169564,417.1204243635022,16705000
2024-03-28,413.4646301269531,414.5947922292506,411.8922163366139,413.70048169854954,21871200
2024-04-01,417.24822998046875,420.51098325002465,414.9387501061958,416.6389267777452,16316000
2024-04-02,414.1721496582031,415.0959414899842,410.6342266844982,412.8650690915943,17912000
2024-04-03,413.19927978515625,415.960818454912,411.86271762245,412.49169510873463,16502300
2024-04-04,410.673583984375,421.27751676074166,410.3689323931849,417.66095627375125,19370900
2024-04-05,418.1817932128906,419.1547408159618,411.10597696046364,412.76683489834704,16554800
2024-04-08,417.26788330078125,419.91149627913853,416.00012113110665,417.8378979159273,14272400
2024-04-09,418.9287414550781,420.3635551563133,414.3491001983128,419.08598583198443,12496900
2024-04-10,415.9607849121094,416.7174952724338,412.4621804028437,414.90923013212864,16216600
2024-04-11,420.5502624511719,421.96543178968227,415.076310912024,418.4766641791292,17966400
2024-04-12,414.6242370605469,417.84767154999884,412.5309645735886,416.7371538463039,19253800
2024-04-15,406.5067138671875,419.4594150607099,406.30031376342345,419.2432078029309,20273500
2024-04-16,407.4305114746094,411.18464237420096,406.5951938062803,407.42070431973565,16765600
2024-04-17,404.73773193359375,411.65633410094387,403.25376259314334,410.0544389834795,15855500
2024-04-18,397.2982177734375,404.78683351626455,396.98375907390033,403.54855304068116,21029900
2024-04-19,392.237060546875,398.4873961854359,390.9103356715456,397.0623898394721,30565800
2024-04-22,394.0453186035156,395.9027393940693,388.9251749817352,393.1804896634458,20286900
2024-04-23,400.5413513183594,401.1604915950337,396.10911790196513,397.26876128202184,15734500
2024-04-24,402.005615234375,405.3568121940371,399.7649358292137,402.4969925599919,15065300
2024-04-25,392.158447265625,392.9937947660836,381.338308328151,387.23483657897395,40586500
2024-04-26,399.3128967285156,405.8776909237546,398.7625564960581,405.06201771927783,29694700
2024-04-29,395.3131408691406,399.3129603314087,392.3059134087563,398.2614054374624,19582100
2024-04-30,382.61590576171875,395.2246663994194,382.4586913890698,394.5662074998568,28781400
2024-05-01,388.129150390625,394.79222617325195,383.5789912516123,385.83931510454033,23562500
2024-05-02,390.9791564941406,393.0331103770738,387.84416635932274,390.80226783236736,17709400
2024-05-03,399.6470947265625,400.12863501045786,394.9298534066163,395.34262364373967,17446700
2024-05-06,406.408447265625,406.7917060599517,399.36208182617884,401.71088030309346,16996600
2024-05-07,402.2808532714844,407.5189532422579,402.03516456718575,407.50911609687097,20018200
2024-05-08,403.46014404296875,405.1210019721616,399.6961765499289,401.1310200807253,11792300
2024-05-09,405.2094421386719,405.60253803694064,402.04497067197207,403.48962134136315,14689700
2024-05-10,407.5876770019531,408.2166544093559,404.69837576819543,405.81873052839654,13402300
2024-05-13,406.5852966308594,411.13545592488975,403.7353138522874,410.8013229086305,15440200
2024-05-14,409.3763122558594,410.29026696650755,404.4527014093116,404.9145973369448,15109300
2024-05-15,416.5338439941406,417.2525598208021,410.81374213755174,411.433999213995,22239500
2024-05-16,414.47613525390625,418.83761399416454,413.84605341031005,415.273599957198,17530100
2024-05-17,413.7082214355469,416.3763121358098,411.5619590644,416.0021869426872,15352200
2024-05-20,418.7588806152344,420.1667475860199,413.49165301735496,413.7082502471213,16272100
2024-05-21,422.4016418457031,426.27082729608003,418.2764696581723,420.22581467067795,21453300
2024-05-22,423.8587341308594,425.71950537683756,420.5212017999642,423.43539455106486,18073700
2024-05-23,420.3931884765625,426.89107515061806,418.83764844643395,426.2708180980622,17211700
2024-05-24,423.5043029785156,424.39037161476875,417.84327052223153,420.58025544710625,11855300
2024-05-28,423.6618347167969,424.1540984130066,419.99939161518114,422.98250841239616,15718000
2024-05-29,422.5296630859375,424.27226587320916,419.1034967099491,419.1034967099491,15517100
2024-05-30,408.2539978027344,417.7349716036768,407.8306281783295,417.7349716036768,28394500
2024-05-31,408.7069091796875,410.30183893529215,398.25123185259486,410.30183893529215,47995300
2024-06-03,407.12176513671875,409.9867435149057,402.5929630717942,409.1006748520027,17484700
2024-06-04,409.6322937011719,409.9965640062738,403.34114963612075,406.04859979558495,14348900
2024-06-05,417.4494934082031,417.5183874951578,409.8587651411263,411.3454112041521,16988000
2024-06-06,417.9515686035156,418.7293536763162,414.0725281736093,417.44948005128595,14861300
2024-06-07,417.2919006347656,419.6842947543912,416.45504642365455,419.60554579064143,13621700
2024-06-10,421.249755859375,421.45649821147657,417.3313558315188,418.1288206635897,13982900
2024-06-11,425.9853210449219,426.1231693068597,418.670289453605,418.89674157876317,14551100
2024-06-12,434.23565673828125,436.53944727057524,426.54650007534946,428.5844790234761,22366200
2024-06-13,434.74761962890625,436.52964196122593,432.57182236972,434.0289338170149,15960600
2024-06-14,435.7223205566406,436.2835084137765,429.9628289677156,431.4986893853765,13582000
2024-06-17,441.4325256347656,443.9627681496181,433.9008973733048,435.741958721063,20790000
2024-06-18,439.4339904785156,443.1752129183503,438.00644366410285,442.7518432687409,17112500
2024-06-20,438.8038635253906,439.6210080275433,434.4423844149745,439.3945559147101,19877400
2024-06-21,442.8207702636719,443.6083802322018,439.60137620942794,440.45791031268766,34187100
2024-06-24,440.7433776855469,445.74476346815527,439.50286359400394,442.84039572999666,15913700
2024-06-25,443.97271728515625,444.4354464423452,439.83768949557856,441.3144808425139,16413400
2024-06-26,445.1639404296875,446.58166237734525,441.2553652071883,442.05283004707155,16507000
2024-06-27,445.84326171875,449.11190006347704,444.7799552473841,445.1836151073107,14806300
2024-06-28,440.0345458984375,448.3341049043701,439.50289267468526,446.059848949654,28362300
2024-07-01,449.6631774902344,450.293259356771,438.76445275458883,441.7180347396165,17662800
2024-07-02,452.1737365722656,452.4789376582484,446.09918938158694,446.18782328625804,13979800
2024-07-03,453.64068603515625,453.88681788882053,450.7954174304016,451.10061852531385,9932800
2024-07-05,460.32562255859375,461.10340760685847,451.8685359116121,452.4986178155469,16000300
2024-07-08,459.0260009765625,460.4634324742541,457.27354357582976,459.33120203742016,12962300
2024-07-09,452.42974853515625,460.09919566591896,450.9135678636905,459.77431483044427,17207200
2024-07-10,459.0359191894531,459.24266153927346,451.76024698147666,454.0837473649462,18196100
2024-07-11,447.66461181640625,457.5886345893225,444.5633265323156,455.81649732303464,23111200
2024-07-12,446.53240966796875,449.2989293786312,443.6772860929006,447.3003398715442,16324300
2024-07-15,446.93603515625,450.1849934949163,444.44518211930125,446.28624348851673,14429400
2024-07-16,442.5647277832031,447.27076735934133,439.7489939570935,447.19201839056086,17175700
2024-07-17,436.6576232910156,437.96706168336215,432.38477757281146,435.74201993255645,21778000
2024-07-18,433.5562744140625,437.7700499796636,427.67864533807,437.4648489258416,20794800
2024-07-19,430.34674072265625,434.31441483454387,425.3158203253179,426.39880643244663,20940400
2024-07-22,436.0865478515625,437.72086686190295,432.1189038234256,434.95434740544323,15808800
2024-07-23,437.9670715332031,441.45230735280467,436.2441483800791,437.0317583747776,13107100
2024-07-24,422.26385498046875,434.64922823221025,420.9741263094996,433.6351660700269,26805800
2024-07-25,411.9262390136719,423.1498448431678,411.0500252919827,422.1653174889069,29943800
2024-07-26,418.6899719238281,422.28352110182095,410.8137524352177,411.72938578526725,23583800
2024-07-29,420.1274108886719,425.46353285919287,418.12882136064246,424.9023450000168,15125800
2024-07-30,416.3763732910156,422.4115014796213,410.90237288373,421.10209315676275,32687600
2024-07-31,411.8770446777344,415.2539664560443,405.8320320070505,413.9937725831716,42891400
2024-08-01,410.6562194824219,420.8460843318748,406.69843005351635,414.27930323794226,30296400
2024-08-02,402.1695861816406,408.5788691410044,398.08380349930894,406.10769576372263,29437900
2024-08-05,389.0359802246094,394.8348607957488,379.61404618021845,383.1485258419234,40709200
2024-08-06,393.4269714355469,399.39323499306323,392.3341604668248,393.81095153508136,24946500
2024-08-07,392.2652587890625,403.7349973998657,391.32012086399686,402.3173055349637,20650900
2024-08-08,396.4593505859375,399.58028569311574,393.7519001712231,396.2132187300544,20203000
2024-08-09,399.73779296875,401.73638233312255,396.03599047899144,397.77859311198716,19276700
2024-08-12,400.5155944824219,402.43543495594565,397.98535182009545,400.76172633567404,16762900
2024-08-13,407.6042175292969,408.52967573215994,403.23291326546496,403.2525929980432,19414300
2024-08-14,410.41009521484375,411.2568044389076,406.0683556338293,408.38197108714223,18267000
2024-08-15,415.2626953125,415.34158622213624,411.9388626649199,414.0495331175792,20752100
2024-08-16,412.7377624511719,415.5684441235936,411.5837759699612,414.83859034033384,22775600
2024-08-19,415.7558288574219,415.97281647426513,410.7552711189502,413.22102581055816,15234000
2024-08-20,418.9810485839844,420.0265262237166,415.86436096713305,415.92353667507666,16387600
2024-08-21,418.33013916015625,420.55916118279697,415.9432751081222,418.2709333493598,16067300
2024-08-22,409.85772705078125,420.94378045645306,408.9306008917766,418.5470440541718,19361900
2024-08-23,411.0807800292969,413.51694694228206,406.4451490290269,411.2681797994915,18493800
2024-08-26,407.82598876953125,411.56408163461276,405.7054455704439,410.6665432369522,13152800
2024-08-27,408.17120361328125,408.68406980179446,404.6303831532702,407.2046168469379,13492900
2024-08-28,404.9755859375,409.3153084895278,401.7306441001557,409.1969570716752,14882700
2024-08-29,407.4610595703125,416.26872882049446,404.975589475056,409.2561363555491,17045200
2024-08-30,411.4259948730469,411.7711764633265,406.4846126518204,409.90708149754283,24308300
2024-09-03,403.8314514160156,414.1284456363182,401.45446023053216,412.18542969380115,20313600
2024-09-04,403.2988586425781,405.6068015782242,398.830912042889,400.3498254636215,15135800
2024-09-05,402.79583740234375,407.44131080829675,400.56678553175374,402.0363656944642,14195500
2024-09-06,396.1975402832031,405.02492545418863,395.3098443703073,403.4567088273818,19609500
2024-09-09,400.1623840332031,403.0522412027111,396.641279237834,401.66155199530795,15295100
2024-09-10,408.5262451171875,410.62704280907684,402.1152829853601,402.6084339185776,19594300
2024-09-11,417.24517822265625,418.1821469994098,403.9695325309428,409.8084532189213,19266900
2024-09-12,421.15093994140625,421.51586685329676,414.00025068010603,417.51148327493246,17395700
2024-09-13,424.6917419433594,425.914746697553,419.6320082561189,419.9969351521576,15874600
2024-09-16,425.43145751953125,427.5914610863902,422.3542004104568,424.70160374609685,13834700
2024-09-17,429.1893005371094,435.79753584231287,426.34874601904636,434.1997314507894,18874200
2024-09-18,424.90869140625,430.05718819229855,424.5141766919007,429.041298505566,18898000
2024-09-19,432.6807556152344,435.45226137137865,430.91526689777044,435.18597071101885,21706600
2024-09-20,429.3076477050781,433.22326773049826,428.2720426762547,431.2309485866615,55167100
2024-09-23,427.5717468261719,430.48131937501944,424.4944897103184,428.3311884542686,15128900
2024-09-24,423.2912292480469,427.4139642542688,420.2632749795507,427.06875254523504,17015800
2024-09-25,426.1908874511719,427.18706197372046,422.6994004960537,423.94212038705155,13396400
2024-09-26,425.40185546875,429.33719028271923,423.2517246244965,429.1300753187062,14492000
2024-09-27,422.15692138671875,425.93447445668835,421.6144673905514,425.6089779793521,14896100
2024-09-30,424.40570068359375,424.52408219664926,419.54323948144145,422.3443332995087,16807300
2024-10-01,414.9273681640625,422.61066875300435,413.07311568923785,422.58108089859957,19092900
2024-10-02,411.4161376953125,417.0281982052677,411.00187763203274,416.7914652693021,16582300
2024-10-03,410.8341979980469,413.8029462214933,408.61501874387466,411.90926344701154,13686400
2024-10-04,410.36077880859375,414.00023534021534,409.28571331626097,412.5109097932594,19169700
2024-10-07,403.93011474609375,411.39639773757887,403.3975032576847,410.3016170053712,20919800
2024-10-08,409.029296875,409.9662958214234,402.57890342121186,405.2714886364785,19229300
2024-10-09,411.7415771484375,414.6215919010832,408.62485957486433,410.16348810998284,14974300
2024-10-10,410.1437683105469,411.63309377445904,407.49061385739407,409.5421386142519,13848400
2024-10-11,410.6171875,411.4160895790265,407.58923364023417,410.4396603934482,14144900
2024-10-14,413.3985900878906,418.2314633461143,411.80075573680847,412.0473312101826,16653100
2024-10-15,413.0040283203125,416.692817718463,409.5717171353566,416.3969091028174,18900200
2024-10-16,410.4199523925781,410.65665522282575,404.85722518493617,409.4829836231505,15508900
2024-10-17,411.01171875,416.71254238623703,409.8971928147913,416.5744456758898,14820000
2024-10-18,412.4320068359375,413.9015870376485,410.55803924257515,411.42598973201757,17145300
2024-10-21,413.04351806640625,413.22104518863654,408.08242059822123,410.4199513395574,14206100
2024-10-22,421.6539306640625,424.68185459098345,412.31365056093216,412.75746835174544,25482200
2024-10-23,418.7838134765625,425.17503084101816,416.74216121867397,424.9580432083023,19654400
2024-10-24,418.9120178222656,420.144895200207,416.6139175340375,419.5037748840412,13581600
2024-10-25,422.2851257324219,426.5952599466425,420.7267820728724,420.91418182997273,16899100
2024-10-28,420.74652099609375,426.02324214447043,420.46048501920137,425.7470788183642,14882400
2024-10-29,426.03314208984375,427.2364316805858,419.9673609785876,422.1372373224,17644100
2024-10-30,426.60516357421875,432.4933871760131,426.1810609771617,431.4479095602445,29749100
2024-10-31,400.7838134765625,410.4594334413064,400.73448031809437,409.6703738017444,53971000
2024-11-01,404.74871826171875,409.80845197934053,401.9180365381017,403.40736208449033,24230400
2024-11-04,402.8648986816406,404.7980722358363,400.01450160866744,404.18653972407174,19672300
2024-11-05,405.82373046875,409.2166110709592,402.4900255666166,402.77606151667777,17626000
2024-11-06,414.4243469238281,414.69066771455005,404.8966664565658,406.77066424480597,26681800
2024-11-07,419.6023864746094,421.0029483375747,414.12842327754487,415.5092398399127,19901800
2024-11-08,416.7520446777344,420.65779206836214,416.00244554535874,419.4939629624982,16891400
2024-11-11,412.28411865234375,418.9909603752076,410.3016419524007,416.7323203125478,24503300
2024-11-12,417.23529052734375,418.6259798148705,411.485163708279,412.5207686609151,19401200
2024-11-13,419.3755798339844,423.4489813965326,412.4813090867046,415.8643474786666,21502200
2024-11-14,421.04241943359375,422.304884622317,414.24678510633004,419.17829445283394,30246900
2024-11-15,409.3152770996094,417.00841966551917,407.97392100075103,414.0692593490907,28247600
2024-11-18,410.0649719238281,412.66879382365556,406.45510261535367,409.1871486044833,24727000
2024-11-19,412.06707763671875,412.2150169012381,405.912533336808,407.4511618868994,18133500
2024-11-20,409.798583984375,411.57394553855335,404.9558378403451,411.1596854793811,19191700
2024-11-21,408.029541015625,414.85853235917494,405.47980199521203,414.5818162626976,20780200
2024-11-22,412.1111755371094,412.50647998528166,406.2408124943726,406.54717570369087,24814600
2024-11-25,413.8801574707031,416.14328803070504,409.9863472135053,413.4749606494442,27691100
2024-11-26,422.9722900390625,424.0099980685231,413.93946191933657,414.6707766023476,23458900
2024-11-27,418.03094482421875,422.22125646736464,417.07231569319254,420.12608556589345,18332400
2024-11-29,418.49542236328125,419.8987878079345,412.90177557031507,415.16493646523105,16271900
2024-12-02,425.92730712890625,427.9236142872225,416.3706625649292,416.6276240398858,20207200
2024-12-03,426.1446838378906,427.3997836787713,422.72522667678595,424.80061260374794,18302000
2024-12-04,432.291748046875,434.5153692878957,427.5578970490266,427.95320145991604,26009400
2024-12-05,437.4308166503906,439.4469085884485,431.0564531129943,432.7859365018672,21697800
2024-12-06,438.36968994140625,440.87002757046025,436.5907746503493,437.1145598403157,18821000
2024-12-09,440.79095458984375,443.0738702753144,435.3356806411524,437.411066762434,19144400
2024-12-10,438.1324462890625,444.34871163189086,436.42274787532307,439.1800467406791,18469500
2024-12-11,443.7261047363281,445.0701760009867,438.84401807874156,438.84401807874156,19200200
2024-12-12,444.2893981933594,450.81202644259827,443.8446618873549,443.8446618873549,20834800
2024-12-13,442.0262451171875,446.13747735633456,440.3560560775405,443.1825414368637,20177800
2024-12-16,446.295654296875,446.87873364714176,440.0596337652838,442.02629379074256,23598800
2024-12-17,449.1319580078125,449.95224407864544,444.2993034538041,445.72242348242105,22733500
2024-12-18,432.2621154785156,447.34318887069384,431.89642797238076,446.0287948744165,24444500
2024-12-19,431.9062805175781,437.9841721873849,431.2046129674818,436.44246396362297,22963700
2024-12-20,431.48138427734375,438.5376604876813,423.6048219518138,428.03227991601136,64263700
2024-12-23,430.147216796875,432.5190736490341,427.755575118412,431.619738686297,19152500
2024-12-24,434.1793518066406,434.44620567192754,429.0996280307953,429.55422661934296,7164500
2024-12-26,432.97369384765625,435.77053252746487,431.511064298451,433.9323230175154,8194200
2024-12-27,425.4825134277344,430.1175308072659,421.35152651661633,429.5048044431988,18117700
2024-12-30,419.849365234375,422.5374777077036,416.9537232035626,421.0649558192297,13158700
2024-12-31,416.55841064453125,421.72710593306806,415.72826227096317,421.1044871129431,13246500
2025-01-02,413.672607421875,421.0748161119684,409.98635677531166,420.54113855935236,16896500
2025-01-03,418.38671875,419.0587393010629,414.62138898974536,416.1433125624827,16662900
2025-01-06,422.83392333984375,429.22807073060386,420.4917138753096,422.9821587186512,20573600
2025-01-07,417.4181823730469,425.6011074871905,415.8665816173968,423.9704579117962,18139100
2025-01-08,419.5825500488281,421.96429936103294,416.5979667184096,418.49544017357744,15054600
2025-01-10,414.0382995605469,419.73074959963856,410.15435142162687,419.651700779007,20201100
2025-01-13,412.2989196777344,413.5935589908242,407.456372689251,410.3717691669062,17604800
2025-01-14,410.7967224121094,414.81898304783346,405.9047438597477,412.91161749371906,16935900
2025-01-15,421.3120422363281,423.13046690209615,413.3662928073742,414.21622605843163,19637800
2025-01-16,419.6022644042969,424.45470380326,419.4145196873236,423.67398737859014,15300000
2025-01-17,424.0001220703125,429.386239236107,423.1502190446997,429.0007970548674,26197500
2025-01-21,423.4763488769531,425.84820570918225,420.61035394801814,425.1564304696716,26085700
2025-01-22,440.9688415527344,442.0262741390286,430.888412499157,432.430120920086,27803800
2025-01-23,441.4728088378906,441.51234832669104,436.3238987940327,436.81803684476205,18389300
2025-01-24,438.85394287109375,441.4135747027248,436.225124464603,439.94105276246916,15549500
2025-01-27,429.4653015136719,430.09781275609777,418.53496919379126,419.03899970511213,35647800
2025-01-28,441.95709228515625,443.1232508667098,426.32255685114393,429.5048071593075,23491700
2025-01-29,437.1441955566406,441.6408703345489,435.23682974085557,441.4530954449331,23581400
2025-01-30,410.1247253417969,417.90245411076046,408.3161931892364,413.86040812362955,54586300
2025-01-31,410.19390869140625,415.7579084081136,410.0456732964256,414.06796458574274,34161900
2025-02-03,406.10247802734375,410.5398286087579,403.8689641166184,406.77449861931177,25679100
2025-02-04,407.5354309082031,409.0672770356713,404.9362598096777,407.8516865143663,20532100
2025-02-05,408.4446716308594,408.97831905399164,405.5885389886856,407.515689607161,16316700
2025-02-06,410.94500732421875,413.2971094519946,409.14633744300244,409.14633744300244,16309800
2025-02-07,404.9461364746094,413.74178783038474,403.3154869234488,411.5972455590395,22886800
2025-02-10,407.38720703125,410.5892121947109,406.10246006462063,408.85972888435845,20817900
2025-02-11,406.6163635253906,407.65404147500567,404.50143797348676,404.83747842325164,18140600
2025-02-12,404.24444580078125,405.93438940933225,399.6291833556912,402.4358837314584,19121700
2025-02-13,405.72686767578125,406.18146622486773,401.59585076694265,402.22836193070845,23891700
2025-02-14,403.6416320800781,404.1160155029715,401.1215398904841,403.0091510093491,22758500
2025-02-18,404.8374328613281,405.78616946504144,401.7342314553049,403.2166455935164,21423100
2025-02-19,409.9072570800781,410.6188170610077,402.8707362463259,403.098050601273,24114200
2025-02-20,412.0759582519531,415.2249706128277,408.520936591177,411.24414537664296,23508700
2025-02-21,404.2331237792969,413.97725680128366,403.91626425407014,413.27418223243296,27524800
2025-02-24,400.0641174316406,405.38179653354615,395.4297185716828,404.5301894031576,26443700
2025-02-25,394.0235595703125,398.00441513588805,392.8352683816966,397.1923965138258,29387400
2025-02-26,395.83575439453125,399.66804717869115,390.40913086553707,394.13250979931917,19619000
2025-02-27,388.70587158203125,401.78716793671936,388.3493932994261,397.3607146060961,21127400
2025-02-28,393.1224060058594,393.7561854578909,382.80393739721217,388.83460333794534,32845700
2025-03-03,384.7052307128906,394.93461038215554,382.39794340981075,394.93461038215554,23007700
2025-03-04,384.8240051269531,388.7553291476876,377.2881590284634,379.6647713089992,29342900
2025-03-05,397.1131286621094,397.7568203379533,385.02209070764377,385.5469260754551,23433100
2025-03-06,393.0234375,398.23217304119834,388.8544303529959,390.438848896208,23304600
2025-03-07,389.4783020019531,390.95377648794664,381.7840095954452,388.49795642753014,22034100
2025-03-10,376.4563903808594,382.6355890788174,373.5450301742595,382.08104715568106,32840100
2025-03-11,376.7435607910156,382.23947903620126,373.2380400086461,375.3076750122287,30380200
2025-03-12,379.53607177734375,381.4670864515663,375.2581813231993,379.21921226907705,24253600
2025-03-13,375.0799255371094,381.5661320778761,373.7728082450696,379.4271716632625,20473000
2025-03-14,384.7745361328125,386.42827981726157,375.8127158813028,376.08007458561946,19952800
2025-03-17,384.9132080078125,388.88412112316473,381.813696346666,382.9326924641042,22474300
2025-03-18,379.78363037109375,383.5961286419255,377.38722360904,383.2990634136601,19486900
2025-03-19,384.0417785644531,385.8836435250732,380.2589866011294,381.7740797920575,19185500
2025-03-20,383.0713195800781,387.97310772514027,379.5460042678497,381.98202996781214,18470500
2025-03-21,387.4482727050781,387.92357710345186,379.07067004050685,379.4865916093534,39675900
2025-03-24,389.2505187988281,391.54792412450786,386.012386704804,391.54792412450786,21004500
2025-03-25,391.3102722167969,392.4985634335279,388.81483346341923,390.08236222676067,15775000
2025-03-26,386.17083740234375,391.45881045430576,384.7844825194778,391.15183295239507,16108400
2025-03-27,386.77484130859375,388.4186727261189,383.62582905803845,386.3292434732889,13766800
2025-03-28,375.1096496582031,385.339029849346,373.2578723723651,384.2992410074857,21632000
2025-03-31,371.7328796386719,373.3965054432232,363.6622546184452,368.91063894364476,35184700
2025-04-01,378.46661376953125,379.120187514209,369.59391274714585,371.00006183577835,19689500
2025-04-02,378.4171142578125,381.32844426453147,372.95087209109226,374.2877261088344,16092600
2025-04-03,369.4750671386719,373.80251903809335,365.7517184220645,371.13872318254886,30198000
2025-04-04,356.3343505859375,370.94065262193254,355.97787229621173,360.5825648601157,49209900
2025-04-07,354.3736572265625,367.38565979064595,341.43101018463227,347.4616768226877,50425000
2025-04-08,351.10577392578125,370.0097901278565,346.83776558065426,364.6723167446661,35868900
2025-04-09,386.68572998046875,389.39905670107095,349.66000929830324,350.0957251156184,50199700
2025-04-10,377.63482666015625,380.15997201946135,364.21681503291546,378.3379012524662,38024400
2025-04-11,384.6656494140625,386.25003769690613,375.1987873888056,376.93173851590154,23839200
2025-04-14,384.0318603515625,390.8052198187617,380.46692636349223,389.38915847164185,19251200
2025-04-15,381.9721374511719,388.07212889209285,380.41742551182244,384.7250528209778,17199900
2025-04-16,367.9896545410156,377.8922316795949,364.41483869971677,376.9614172312142,21967800
2025-04-17,364.197021484375,370.6733161182554,363.31570773511413,370.1088619054277,21120200
2025-04-21,355.621337890625,360.92913483987803,352.20496698178397,359.28530344299344,20807300
2025-04-22,363.246337890625,364.1870645763753,356.3541225187108,359.83984897446516,19485000
2025-04-23,370.74261474609375,376.68416126561135,369.38593623911186,372.3963282706759,20545500
2025-04-24,383.5268249511719,384.6656455709585,371.53481777720657,372.0398589139721,22232300
2025-04-25,388.0325012207031,388.33947870228997,380.8531326101871,383.2297451406492,18973200
2025-04-28,387.3492431640625,388.91383718504306,382.8732888048125,388.1414373128656,16579400
2025-04-29,390.201171875,391.2508426713115,386.5768248872523,387.48784509297593,14974000
2025-04-30,391.4093017578125,392.7956566127169,380.6947052715702,386.4976013857663,36461100
2025-05-01,421.2556457519531,432.7327295827746,420.76051687113977,426.9100091091665,58938100
2025-05-02,431.0393981933594,435.1588741169636,425.80092616148227,427.533877248033,30757400
2025-05-05,431.9207458496094,435.2182909345157,427.9002714913439,428.652877068793,20136100
2025-05-06,429.0885925292969,433.46554517602334,426.9694566129341,427.9894209087166,15104200
2025-05-07,429.1282043457031,433.8517229596541,426.9100064238295,429.61342097536215,23295300
2025-05-08,433.9012756347656,439.34769356127396,431.4157188741818,433.66359321182534,23491300
2025-05-09,434.4557800292969,436.4461774951318,431.6335394854884,435.7133964534002,15324200
2025-05-12,444.88323974609375,444.99215360101994,435.495584693897,441.59557651706575,22821900
2025-05-13,444.764404296875,446.2794975271711,441.021200788799,443.41763796979524,23618800
2025-05-14,448.52734375,449.4779827199474,443.7741186799948,443.7741186799948,19902800
2025-05-15,449.5392761230469,452.57502540604634,446.860659567107,447.1979616790238,21992300
2025-05-16,450.67022705078125,450.7595102326154,445.17414935289,448.4678177382938,23849800
2025-05-19,455.2337951660156,455.948090917999,447.22773658664954,447.30711960117503,21336500
2025-05-20,454.53936767578125,454.7080036018212,450.719869916101,451.9797952414424,15441800
2025-05-21,448.98370361328125,454.1524094962116,448.229716398419,450.9678549991314,19216900
2025-05-22,451.25555419921875,456.6028569421555,450.30316997101943,451.3448676580097,18025600
2025-05-23,446.6126403808594,450.0948358464348,445.3527151156796,446.4142434023006,16883500
2025-05-27,457.03936767578125,457.29731705224054,452.5055743512772,452.86273735527834,20974300
2025-05-28,453.7357482910156,458.8548627693229,453.3091629867606,457.56517641086623,17086300
2025-05-29,455.0453186035156,458.0612374989779,451.702028016876,457.89257129241645,13974800
2025-05-30,456.7119445800781,458.02149174118404,451.93016282180776,456.07703188956276,34770500
2025-06-02,458.3092346191406,458.44810948050275,453.2695031394806,453.51752207653715,16626500
2025-06-03,459.3013000488281,460.4620419695056,457.20800452370844,457.8131864599202,15743800
2025-06-04,460.1941833496094,461.99976852018625,459.3509128885598,460.3231580440434,14162700
2025-06-05,463.9739685058594,465.92835889810493,460.35289815926444,461.2755213187348,20131700
2025-06-06,466.6525573730469,469.5890928719542,465.06523024972654,466.3648469522318,15285600
2025-06-09,469.0038146972656,469.67841894667356,464.90653697170796,465.9779957450024,16469900
2025-06-10,467.18829345703125,469.0533703074369,463.2596519580402,467.45614299188406,15375900
2025-06-11,468.8748474121094,471.7022694228479,465.9383115986028,466.29544434484353,16399200
2025-06-12,475.0753173828125,476.61305298608835,469.76770597774697,471.255819627256,18950600
2025-06-13,471.1962890625,475.3828499324856,469.0137405811006,472.6348110082228,16814500
2025-06-16,475.3431701660156,476.8808754060361,471.23596219473825,471.44428961660435,15626100
2025-06-17,474.2518615722656,474.9462963755368,470.3232201221163,471.63276727216606,15414100
2025-06-18,476.4344482421875,477.1884355000323,470.70025162122124,474.21220825159133,17526500
2025-06-20,473.616943359375,479.62891980922967,473.09114443804276,478.4086860483398,37576200
2025-06-23,482.1488037109375,483.884936234588,468.76571183115124,474.42052531416374,24864000
2025-06-24,486.2261962890625,487.9524285572733,482.9424282150726,485.07541514458467,22305600
2025-06-25,488.3691101074219,490.64097201284227,485.5119574284625,488.1409520653471,17495100
2025-06-26,493.5080871582031,494.09340820956044,488.9048412091741,489.0735074056833,21578900
2025-06-27,492.0100402832031,495.3434002058453,489.12309627390664,493.60726767719865,34539200
2025-06-30,493.4683837890625,496.79184348109624,491.404849352638,493.1013206195562,28369000
2025-07-01,488.1508483886719,494.10330273882704,487.08935037246306,492.53583641461546,19945400
2025-07-02,487.1984558105469,489.589361899926,484.82741061180644,486.10716647659297,16319600
2025-07-03,494.8870544433594,496.1668406146565,489.5298515465148,489.8969147231798,13984800
2025-07-07,493.77593994140625,494.7977767455099,491.3056810299541,493.4386378219278,13981600
2025-07-08,492.6846618652344,494.2521585292929,490.19454200535324,493.29974399578276,11846600
2025-07-09,499.52008056640625,502.76415743455226,495.77993553758444,496.33549554664154,18659500
2025-07-10,497.5061340332031,500.4426696344743,493.8056807647675,499.06366987607214,16492100
2025-07-11,499.3315734863281,501.0280145407016,493.85529597280816,494.5200000462786,16459500
2025-07-14,499.0339050292969,499.9763890495242,497.0596840851599,497.5457914873048,12058800
2025-07-15,501.811767578125,504.2720960834484,498.80577924001653,499.03393728805895,14927200
2025-07-16,501.6133117675781,502.70460109528983,497.9128887743687,501.17679603649344,15154400
2025-07-17,507.6451416015625,509.30189104591364,501.6133044647972,501.6728265840105,17503100
2025-07-18,506.0082092285156,510.5618634291492,503.40897568442307,510.4030974050004,21209700
2025-07-21,506.0181579589844,508.03210080948105,501.54388660874696,502.69469811942383,14066800
2025-07-22,501.2660827636719,507.1491147296819,501.2660827636719,506.92092641726225,13868600
2025-07-23,501.861328125,502.77405108780124,496.7323137246232,502.7343595827018,16396600
2025-07-24,506.8316650390625,509.59953458867506,503.28001689239056,504.73836945889843,16107000
2025-07-25,509.6392517089844,514.1829150146133,506.3157616392057,508.409026924469,19125700
2025-07-28,508.4388427734375,510.91903225038106,506.0776975472671,510.0063394772861,14308000
2025-07-29,508.5082702636719,513.5182406496896,507.50626407616875,511.4448362580723,16469200
2025-07-30,509.1729736328125,511.8615208479224,505.40309770511885,511.0876726596135,26380400
2025-07-31,529.2723999023438,551.0484742016899,527.6851029610986,550.8301860551579,51617300
2025-08-01,519.9568481445312,531.5542170062565,516.7326017006552,530.7605684534492,28977600
2025-08-04,531.3954467773438,533.9847498429226,523.9449485218581,524.0838536533402,25349000
2025-08-05,523.5679321289062,533.0422426180032,523.0619638515897,532.9231983823397,19171600
2025-08-06,520.7802124023438,527.4866537198485,519.8774501718309,526.6930052823053,21355700
2025-08-07,516.7127685546875,523.9053178574718,513.4488005319126,522.6255013664995,16079100
2025-08-08,517.9031982421875,520.502431840537,515.2940341981842,518.4587582353118,15531000
2025-08-11,517.6353149414062,523.4092023083725,515.6015114818953,518.161083532538,20194400
2025-08-12,525.046142578125,526.7723446368122,518.5579891899393,519.5996565820958,18667000
2025-08-13,516.454833984375,528.4787877679453,515.2544004746543,527.8934364066101,19619200
2025-08-14,518.3397216796875,521.7822560401938,516.0182983192124,518.4191046945965,20269100
2025-08-15,516.0479736328125,521.9309749680182,514.9666450837208,518.627406652342,25213300
2025-08-18,513.0023803710938,518.6770855269226,509.94683045407294,517.4568516493948,23760600
2025-08-19,505.73040771484375,511.0776798784135,504.5200741760794,510.9189744125155,21481000
2025-08-20,501.7125549316406,506.9507137373093,500.4426991689255,505.829663283555,27723000
2025-08-21,501.06658935546875,504.435269171935,499.5561662916726,500.5200628741361,18443300
2025-08-22,504.037841796875,507.5158151187978,499.2481684011306,501.0765850227361,24324200
2025-08-25,501.0865173339844,504.9917771303553,500.9473838488724,503.44159720621536,21638600
2025-08-26,498.8804931640625,501.801993130018,495.3727099158942,501.1858695359189,30835700
2025-08-27,503.5509033203125,504.09746017877256,496.75395340313815,498.8407434548062,17277900
2025-08-28,506.43267822265625,507.8735346885091,502.3187180821136,503.8987080370186,18015600
2025-08-29,503.501220703125,506.39291066950057,501.3150539612025,505.4588240002719,20961600
2025-09-02,501.9410705566406,502.81553721257154,493.68337117589067,497.32034095368414,18128000
2025-09-03,502.1696472167969,504.5942937991858,499.1587173668126,500.6194673133705,16345100
2025-09-04,504.7731628417969,504.95202275876863,499.983489561643,501.1262461318779,15509500
2025-09-05,491.8847961425781,508.7479993566889,489.27134277765646,505.86625611105876,31994800
2025-09-08,495.06463623046875,498.04575600626316,491.91457299081776,494.97517595073856,16771000
2025-09-09,495.2733154296875,499.0891451753406,494.5677922273047,498.27429847652155,14410500
2025-09-10,497.2209777832031,500.06299449245154,493.5939546766565,499.81456783685906,21611800
2025-09-11,497.8569641113281,500.00337405269875,494.7466575341409,499.08915061774627,18881600
2025-09-12,506.6910095214844,509.32432605160386,500.67909648146514,503.4614629424367,23624900
2025-09-15,512.1166381835938,512.2259313574772,503.80926524972944,505.58800862213144,17143800
2025-09-16,505.83642578125,513.9748550906477,505.3991924428879,513.6270820344445,19711900
2025-09-17,506.81024169921875,508.07226852063866,502.74598524416496,507.4064717390096,15816600
2025-09-18,505.2501525878906,509.84107240669834,504.4651158521554,508.270998935228,18913700
2025-09-19,514.6704711914062,516.0318444319288,507.09843147001845,507.34685812925306,52474100
2025-09-22,511.21240234375,514.48167541423,509.3143886623668,512.3452424901319,20009300
2025-09-23,506.0252685546875,511.35155218118825,504.1173383670773,510.5664850795932,19799600
2025-09-24,506.9394226074219,509.2547456727144,503.72976965544393,507.16798604562155,13533700
2025-09-25,503.8390808105469,506.8003375404676,501.8616142840625,505.10107733704126,15786500
2025-09-26,508.24114990234375,510.7055530942258,503.4316137794998,506.8499667801191,16213100
2025-09-29,511.36138916015625,513.5972289973041,505.67741655332713,508.28092297827857,17617800
2025-09-30,514.6903686523438,514.8990082310244,506.45253207823936,510.0099885223437,19728200
2025-10-01,516.4392700195312,517.2342231556227,508.4697238165545,511.56013673304216,22632300
2025-10-02,512.4942016601562,518.3173074331339,507.46604898963056,514.3822683481345,21222900
2025-10-03,514.0940551757812,517.2143082734997,511.75886906280147,513.8456285403139,15112300
2025-10-06,525.2435302734375,527.6880704621805,514.9387971845453,515.3461902238155,21388600
2025-10-07,520.682373046875,526.4657528279373,518.1583800775612,524.9652461341774,14615200
2025-10-08,521.546875,523.6336952116123,519.7980023635643,519.9868090400763,13363400
2025-10-09,519.1123657226562,521.0302122328587,514.1438325922749,519.0527457511332,18343600
2025-10-10,507.74432373046875,520.2849266906686,506.42270727517143,516.3697201998212,24133800
2025-10-13,510.8149108886719,513.1600441163425,508.45983088995337,513.1600441163425,14284200
2025-10-14,510.3378601074219,512.0371200755203,502.8154945413961,507.0188839999062,14684300
2025-10-15,510.19879150390625,513.93513816427,506.7903850161382,511.71919177145384,14694700
2025-10-16,508.3902282714844,513.597241245564,504.93214864922606,509.3541552294708,15559600
2025-10-17,510.3478698730469,512.235876086287,504.1173098719632,505.8364332653001,19867800
2025-10-20,513.53759765625,515.4356111738924,510.19875812962454,511.37132460679527,14665600
2025-10-21,514.4021606445312,515.4257076122852,509.81124074780416,514.2431942660954,15586200
2025-10-22,517.2639770507812,521.9244631183706,514.4518312300626,517.870184130928,18962700
2025-10-23,517.283935546875,520.6526156742948,515.3461954332505,519.1720024577996,14023500
2025-10-24,520.314697265625,522.0437370421222,517.4329845218087,519.499850577073,15532400
2025-10-27,528.1749877929688,531.2157277722118,525.6807743511338,528.4333612309177,18734700
2025-10-28,538.6585083007812,550.2351530342114,537.3667019364588,546.5385938392855,29986700
2025-10-29,538.1417846679688,542.8321112501552,533.3521116884923,541.5104645203966,36023000
2025-10-30,522.451171875,531.6031704966998,518.8340654321457,527.1414377363435,41023100
2025-10-31,514.5512084960938,525.9887810857076,511.85824179468614,525.5515477587454,34006400
2025-11-03,513.776123046875,521.6562086548496,511.3514766558802,516.5385956979154,22374700
2025-11-04,511.0931701660156,512.3054631947169,504.64399323613884,508.53933673798264,20958700
2025-11-05,503.9682312011719,511.58997398954807,503.39186440425516,510.0695738143288,23024300
2025-11-06,493.9715576171875,502.51744045426454,492.6896676102462,502.47768369906356,27406500
2025-11-07,493.6933288574219,496.2372153715257,490.1457889557352,493.8225155697467,24019800
2025-11-10,502.8155517578125,503.66020845333964,495.66085193460816,496.8930687697553,26101500
2025-11-11,505.4786682128906,506.39289163210333,499.18851875070465,501.6230817360039,17980000
2025-11-12,507.9232177734375,508.4498810705414,495.9788447581273,506.1543908722183,26574900
2025-11-13,500.1225891113281,510.26832472026865,498.1351759673349,507.098398329558,25273100
2025-11-14,506.9692687988281,508.3803456334317,494.30945534799014,495.0944921195485,28505700
2025-11-17,504.2961730957031,508.8970396915909,501.73242330739504,505.2501533046029,19092800
2025-11-18,490.6824035644531,499.8145698875434,483.71651040889276,492.2524466910109,33815100
2025-11-19,484.05438232421875,492.0736023312663,479.79137227085766,487.0156390818261,23245300
2025-11-20,476.3088684082031,491.3817596467919,473.39186588492817,490.5255566668064,26802500
2025-11-21,470.0268249511719,476.796695003642,466.19388806310616,476.3785437287191,31769200
2025-11-24,471.8985290527344,474.7856658755464,465.9450303435204,472.8940955697233,34421000
2025-11-25,474.8752136230469,477.0256407210385,462.82888433135173,471.9681767111092,28019800
2025-11-26,483.3475036621094,486.14504291080743,479.06658014921754,484.1539100429923,25709100
2025-11-28,489.82867431640625,490.44592067381114,484.49242217644115,485.4382224868377,14386700
2025-12-01,484.5820007324219,487.68816317334665,482.5012705124726,486.27447583839387,23964000
2025-12-02,487.82757568359375,491.312058367048,484.16389832530854,484.56211884124775,19562700
2025-12-03,475.6119689941406,482.09308589504883,473.0931871020635,474.2082166599713,34615100
2025-12-04,478.7081604003906,479.186043226252,474.3774403367437,477.6329620200481,22318200
2025-12-05,481.01788330078125,481.2568095233099,476.7568601661199,480.3807061976695,22608700
2025-12-08,488.8430480957031,490.11737199051475,482.2325023858298,482.74025101921535,21965900
2025-12-09,489.8385925292969,489.93815525049575,486.33420957194573,486.93155551686203,14696100
2025-12-10,476.4382629394531,482.10303829287767,472.973680864489,481.88401246545567,35756200
2025-12-11,481.3265075683594,483.8751552220924,473.750231167373,474.51683677020293,24669200
2025-12-12,476.4084167480469,480.31105063829824,474.22812377070755,477.69270598810584,21248100
2025-12-15,472.7148742675781,478.588710310573,470.42505317808707,477.97146396596463,23727700
2025-12-16,474.2779235839844,475.7712732838117,468.79234263095657,469.8177748762136,20705600
2025-12-17,474.00909423828125,477.8718969329872,472.8940646732686,474.79560024235434,24527200
2025-12-18,481.8342590332031,487.4293375934554,475.7712630284666,476.06992080908344,28573500
2025-12-19,483.7656555175781,485.68709144559693,480.35083955461556,485.1992432324443,70836100
2025-12-22,482.7701110839844,486.5632169440421,480.5499868948874,483.9647726311972,16963000
2025-12-23,484.6915588378906,485.66719456773416,482.5908977144131,482.829854335465,14683600
2025-12-24,485.8563232421875,486.99128356758627,482.680463867149,483.5267014178325,5855900
2025-12-26,485.5477294921875,485.95591540329985,483.8054881161676,484.5521629916047,8842200
2025-12-29,484.9404296875,486.1848877649252,482.0333622504328,482.71034015280554,10893400
2025-12-30,485.3187561035156,487.5089841188462,483.3475235456682,483.77560983811236,13944500
